{"type":"FeatureCollection","features":[{"type":"Feature","geometry":{"type":"Polygon","coordinates":[[[-119.58826579843014,33.95623912866943],[-119.58059612095099,33.9681556578381],[-119.58896789149439,33.97935301041242],[-119.60500971256606,33.978632588235705],[-119.61267649851521,33.966715802202785],[-119.60430435582342,33.95551969512856],[-119.58826579843014,33.95623912866943]]]},"properties":{"h3_index":"87291201bffffff","station_count":2,"program_id":"bight","program":"Southern California Bight","resolution":7,"stations":[{"station_id":"4243_B03","station_name":"B03_4243","lat":33.96568,"lon":-119.60482,"county":"SANTA BARBARA","organization":"CSD","batch_year":"2003"},{"station_id":"4913_B03","station_name":"B03_4913","lat":33.96249,"lon":-119.58506,"county":"SANTA BARBARA","organization":"CSD","batch_year":"2003"}]}},{"type":"Feature","geometry":{"type":"Polygon","coordinates":[[[-119.75622328542016,33.93703152042588],[-119.74857982494936,33.94895393465692],[-119.75695945779003,33.96013647702417],[-119.77298289875186,33.9593953559804],[-119.78062345099126,33.94747269669846],[-119.7722434713955,33.93629140342725],[-119.75622328542016,33.93703152042588]]]},"properties":{"h3_index":"872912046ffffff","station_count":1,"program_id":"bight","program":"Southern California Bight","resolution":7,"stations":[{"station_id":"7456_B08","station_name":"B08-7456","lat":33.93764,"lon":-119.76309,"county":"SANTA BARBARA","organization":"CSD","batch_year":"2008"}]}},{"type":"Feature","geometry":{"type":"Polygon","coordinates":[[[-119.68447333912808,33.951892227703595],[-119.67681821070559,33.96381184108684],[-119.68519500285585,33.97500015583484],[-119.70122728196638,33.97426760978224],[-119.70887950892265,33.96234774641514],[-119.70050235913241,33.95116067900127],[-119.68447333912808,33.951892227703595]]]},"properties":{"h3_index":"872912056ffffff","station_count":1,"program_id":"bight","program":"Southern California Bight","resolution":7,"stations":[{"station_id":"4339_B03","station_name":"B03_4339","lat":33.95318,"lon":-119.68685,"county":"SANTA BARBARA","organization":"CSD","batch_year":"2003"}]}},{"type":"Feature","geometry":{"type":"Polygon","coordinates":[[[-119.85307593672907,33.955659547151136],[-119.84544559890143,33.96758395464354],[-119.85383193792335,33.978755402210766],[-119.86984894797571,33.97800119214762],[-119.8774763664681,33.966076546975664],[-119.86908969513617,33.95490634946152],[-119.85307593672907,33.955659547151136]]]},"properties":{"h3_index":"87291206bffffff","station_count":3,"program_id":"bight","program":"Southern California Bight","resolution":7,"stations":[{"station_id":"7475_B08","station_name":"B08-7475","lat":33.96516,"lon":-119.8526,"county":"SANTA BARBARA","organization":"CSD","batch_year":"2008"},{"station_id":"B18-10395","station_name":"B18-10395","lat":33.965617,"lon":-119.852517,"county":"SANTA BARBARA","organization":"SCCWRP","batch_year":"2018"},{"station_id":"B13-9304","station_name":"B13-9304 OpenwaterStation","lat":33.96516,"lon":-119.8526,"county":"SANTA BARBARA","organization":"SCCWRP","batch_year":"2013"}]}},{"type":"Feature","geometry":{"type":"Polygon","coordinates":[[[-119.42143585653857,34.02147568256965],[-119.41373703591975,34.03338409730362],[-119.42210432313183,34.04459217324869],[-119.43817082961452,34.04389059418767],[-119.4458667730918,34.03198191174233],[-119.43749908813518,34.020775075988915],[-119.42143585653857,34.02147568256965]]]},"properties":{"h3_index":"872912098ffffff","station_count":3,"program_id":"bight","program":"Southern California Bight","resolution":7,"stations":[{"station_id":"7518_B08","station_name":"B08-7518","lat":34.03101,"lon":-119.4229,"county":"VENTURA","organization":"CSD","batch_year":"2008"},{"station_id":"B18-10392","station_name":"B18-10392","lat":34.031163,"lon":-119.423912,"county":"VENTURA","organization":"SCCWRP","batch_year":"2018"},{"station_id":"B13-9343","station_name":"B13-9343 OpenwaterStation","lat":34.03101,"lon":-119.4229,"county":"VENTURA","organization":"SCCWRP","batch_year":"2013"}]}},{"type":"Feature","geometry":{"type":"Polygon","coordinates":[[[-119.42210432313183,34.04459217324869],[-119.41440400210786,34.056499531635914],[-119.42277306506728,34.06770557829099],[-119.43884284776706,34.06700302709229],[-119.44654029038252,34.055095401456605],[-119.43817082961452,34.04389059418767],[-119.42210432313183,34.04459217324869]]]},"properties":{"h3_index":"87291209bffffff","station_count":1,"program_id":"bight","program":"Southern California Bight","resolution":7,"stations":[{"station_id":"4529_B03","station_name":"B03_4529","lat":34.04678,"lon":-119.43864,"county":"VENTURA","organization":"CRGML","batch_year":"2003"}]}},{"type":"Feature","geometry":{"type":"Polygon","coordinates":[[[-119.3950178010333,33.941585765057],[-119.3873206079571,33.953497055977586],[-119.39568039852344,33.96471445871162],[-119.41173778422838,33.964019327906286],[-119.4194321071141,33.95210776592898],[-119.41107191539146,33.94089160573339],[-119.3950178010333,33.941585765057]]]},"properties":{"h3_index":"8729120b3ffffff","station_count":1,"program_id":"bight","program":"Southern California Bight","resolution":7,"stations":[{"station_id":"7460_B08","station_name":"B08-7460","lat":33.94219,"lon":-119.41164,"county":"FEDERAL WATERS","organization":"LACSD","batch_year":"2008"}]}},{"type":"Feature","geometry":{"type":"Polygon","coordinates":[[[-119.5910759044801,34.048676239555654],[-119.58340027134851,34.060588595675505],[-119.59177915400038,34.07177782086213],[-119.60783404302883,34.0710534475896],[-119.61550677952523,34.05914083646787],[-119.60712752453125,34.047952853538426],[-119.5910759044801,34.048676239555654]]]},"properties":{"h3_index":"8729120c2ffffff","station_count":3,"program_id":"bight","program":"Southern California Bight","resolution":7,"stations":[{"station_id":"7543_B08","station_name":"B08-7543","lat":34.06661,"lon":-119.5889,"county":"SANTA BARBARA","organization":"CSD","batch_year":"2008"},{"station_id":"B18-10388","station_name":"B18-10388","lat":34.06655,"lon":-119.5891,"county":"SANTA BARBARA","organization":"SCCWRP","batch_year":"2018"},{"station_id":"B13-9360","station_name":"B13-9360 OpenwaterStation","lat":34.06661,"lon":-119.5889,"county":"SANTA BARBARA","organization":"SCCWRP","batch_year":"2013"}]}},{"type":"Feature","geometry":{"type":"Polygon","coordinates":[[[-119.68808462739527,34.06740117256941],[-119.68042208426188,34.07931558754556],[-119.68880777685273,34.09049371827374],[-119.7048563713149,34.08975619067267],[-119.71251600656997,34.077841528039876],[-119.70412995614166,34.06666464058176],[-119.68808462739527,34.06740117256941]]]},"properties":{"h3_index":"8729120cdffffff","station_count":4,"program_id":"bight","program":"Southern California Bight","resolution":7,"stations":[{"station_id":"7556_B08","station_name":"B08-7556","lat":34.07896,"lon":-119.70119,"county":"SANTA BARBARA","organization":"CSD","batch_year":"2008"},{"station_id":"B18-10386","station_name":"B18-10386","lat":34.07885,"lon":-119.701817,"county":"SANTA BARBARA","organization":"SCCWRP","batch_year":"2018"},{"station_id":"4115_B03","station_name":"B03_4115","lat":34.07896,"lon":-119.70119,"county":"SANTA BARBARA","organization":"CSD","batch_year":"2003"},{"station_id":"B13-9366","station_name":"B13-9366 OpenwaterStation","lat":34.07896,"lon":-119.70119,"county":"SANTA BARBARA","organization":"SCCWRP","batch_year":"2013"}]}},{"type":"Feature","geometry":{"type":"Polygon","coordinates":[[[-119.63993905577996,34.069598617281066],[-119.6322692190547,34.081511481454],[-119.64065240348694,34.09269414112718],[-119.65670579065791,34.091962694181305],[-119.66437272447868,34.08004957890837],[-119.65598917493492,34.068868161598765],[-119.63993905577996,34.069598617281066]]]},"properties":{"h3_index":"8729120ceffffff","station_count":1,"program_id":"bight","program":"Southern California Bight","resolution":7,"stations":[{"station_id":"4633_B03","station_name":"B03_4633","lat":34.08035,"lon":-119.65596,"county":"FEDERAL WATERS","organization":"CSD","batch_year":"2003"}]}},{"type":"Feature","geometry":{"type":"Polygon","coordinates":[[[-119.51847987891021,34.04035221717517],[-119.51079408054372,34.05226274564802],[-119.5191682669287,34.06345976751676],[-119.53522863582047,34.06274501956058],[-119.54291154570271,34.050834230700445],[-119.53453697608232,34.039638450102366],[-119.51847987891021,34.04035221717517]]]},"properties":{"h3_index":"8729120d6ffffff","station_count":1,"program_id":"bight","program":"Southern California Bight","resolution":7,"stations":[{"station_id":"4371_B03","station_name":"B03_4371","lat":34.05343,"lon":-119.52926,"county":"SANTA BARBARA","organization":"CSD","batch_year":"2003"}]}},{"type":"Feature","geometry":{"type":"Polygon","coordinates":[[[-119.6169236680719,34.10533485078478],[-119.60924795286346,34.1172453527004],[-119.61763254998482,34.128427208091026],[-119.6336932320376,34.12769732078885],[-119.64136604491355,34.115786566742266],[-119.63298107897273,34.10460595204655],[-119.6169236680719,34.10533485078478]]]},"properties":{"h3_index":"8729120d9ffffff","station_count":3,"program_id":"bight","program":"Southern California Bight","resolution":7,"stations":[{"station_id":"B18-10338","station_name":"B18-10338","lat":34.11835,"lon":-119.62891,"county":"OOS","organization":"SCCWRP","batch_year":"2018"},{"station_id":"4083_B03","station_name":"B03_4083","lat":34.11821,"lon":-119.62891,"county":"FEDERAL WATERS","organization":"CSD","batch_year":"2003"},{"station_id":"7590_B08","station_name":"B08-7590","lat":34.11821,"lon":-119.62891,"county":"FEDERAL WATERS","organization":"CSD","batch_year":"2008"}]}},{"type":"Feature","geometry":{"type":"Polygon","coordinates":[[[-119.59177915400038,34.07177782086213],[-119.58410203052122,34.08368912465092],[-119.59248269308061,34.09487630978957],[-119.60854085241307,34.09415094960876],[-119.61621507797868,34.08223939127966],[-119.60783404302883,34.0710534475896],[-119.59177915400038,34.07177782086213]]]},"properties":{"h3_index":"8729120dcffffff","station_count":1,"program_id":"bight","program":"Southern California Bight","resolution":7,"stations":[{"station_id":"7549_B08","station_name":"B08-7549","lat":34.07253,"lon":-119.60179,"county":"SANTA BARBARA","organization":"CLAEMD","batch_year":"2008"}]}},{"type":"Feature","geometry":{"type":"Polygon","coordinates":[[[-119.54083294328944,33.98150213621304],[-119.53315451037653,33.99341606840394],[-119.54152552565327,34.00461590936842],[-119.55757535420845,34.00390057430062],[-119.56525089931284,33.991986382277496],[-119.55687950457335,33.980787785072664],[-119.54083294328944,33.98150213621304]]]},"properties":{"h3_index":"8729120f6ffffff","station_count":1,"program_id":"bight","program":"Southern California Bight","resolution":7,"stations":[{"station_id":"7494_B08","station_name":"B08-7494","lat":33.99574,"lon":-119.54551,"county":"SANTA BARBARA","organization":"CSD","batch_year":"2008"}]}},{"type":"Feature","geometry":{"type":"Polygon","coordinates":[[[-119.93323247151507,34.19455921857738],[-119.92559767568189,34.20647496702559],[-119.9340064332566,34.21761802379996],[-119.95005030920507,34.21684408925139],[-119.9576821647423,34.20492811315698],[-119.94927308552305,34.19378629917218],[-119.93323247151507,34.19455921857738]]]},"properties":{"h3_index":"872912202ffffff","station_count":1,"program_id":"bight","program":"Southern California Bight","resolution":7,"stations":[{"station_id":"4219_B03","station_name":"B03_4219","lat":34.21259,"lon":-119.94542,"county":"FEDERAL WATERS","organization":"CSD","batch_year":"2003"}]}},{"type":"Feature","geometry":{"type":"Polygon","coordinates":[[[-119.90955297438555,34.20724535809311],[-119.90191376777277,34.21915981865657],[-119.91032220005638,34.23030411738761],[-119.92637016514098,34.22953271351358],[-119.9340064332566,34.21761802379996],[-119.92559767568189,34.20647496702559],[-119.90955297438555,34.20724535809311]]]},"properties":{"h3_index":"872912211ffffff","station_count":1,"program_id":"bight","program":"Southern California Bight","resolution":7,"stations":[{"station_id":"B18-10352","station_name":"B18-10352","lat":34.2172,"lon":-119.9141,"county":"OOS","organization":"SCCWRP","batch_year":"2018"}]}},{"type":"Feature","geometry":{"type":"Polygon","coordinates":[[[-119.91032220005638,34.23030411738761],[-119.90268151929546,34.24221751606827],[-119.91109174252179,34.25335973965838],[-119.92714297271674,34.25258732333666],[-119.93478071367733,34.24067369595742],[-119.92637016514098,34.22953271351358],[-119.91032220005638,34.23030411738761]]]},"properties":{"h3_index":"87291221effffff","station_count":1,"program_id":"bight","program":"Southern California Bight","resolution":7,"stations":[{"station_id":"4359_B03","station_name":"B03_4359","lat":34.24913,"lon":-119.92159,"county":"FEDERAL WATERS","organization":"CSD","batch_year":"2003"}]}},{"type":"Feature","geometry":{"type":"Polygon","coordinates":[[[-119.95456930974063,34.11267402435987],[-119.94694333250604,34.12459420116949],[-119.95534704333976,34.135742216237155],[-119.9713770502591,34.13496880834575],[-119.97900008931447,34.12304840402364],[-119.97059606052322,34.11190163501989],[-119.95456930974063,34.11267402435987]]]},"properties":{"h3_index":"872912226ffffff","station_count":1,"program_id":"bight","program":"Southern California Bight","resolution":7,"stations":[{"station_id":"4545_B03","station_name":"B03_4545","lat":34.13421,"lon":-119.9578,"county":"FEDERAL WATERS","organization":"CSD","batch_year":"2003"}]}},{"type":"Feature","geometry":{"type":"Polygon","coordinates":[[[-120.08075391084897,34.27970985991878],[-120.07313533878127,34.29162588342909],[-120.08155852480449,34.302746916880444],[-120.09760058365251,34.301950684681636],[-120.1052161955605,34.29003444572703],[-120.09679270967378,34.278914654329085],[-120.08075391084897,34.27970985991878]]]},"properties":{"h3_index":"872912251ffffff","station_count":1,"program_id":"bight","program":"Southern California Bight","resolution":7,"stations":[{"station_id":"4283_B03","station_name":"B03_4283","lat":34.28539,"lon":-120.08299,"county":"FEDERAL WATERS","organization":"CSD","batch_year":"2003"}]}},{"type":"Feature","geometry":{"type":"Polygon","coordinates":[[[-119.79028295975303,34.24755698840429],[-119.78262318133805,34.259466013793386],[-119.79102814228916,34.270618585710594],[-119.80709322610353,34.269860893575476],[-119.81475007639558,34.257951631070284],[-119.80634477189795,34.24680029773261],[-119.79028295975303,34.24755698840429]]]},"properties":{"h3_index":"872912284ffffff","station_count":2,"program_id":"bight","program":"Southern California Bight","resolution":7,"stations":[{"station_id":"B18-10325","station_name":"B18-10325","lat":34.26192,"lon":-119.80543,"county":"OOS","organization":"SCCWRP","batch_year":"2018"},{"station_id":"B13-9426","station_name":"B13-9426 OpenwaterStation","lat":34.25858,"lon":-119.8104,"county":"SANTA BARBARA","organization":"SCCWRP","batch_year":"2013"}]}},{"type":"Feature","geometry":{"type":"Polygon","coordinates":[[[-119.76655730537063,34.260220155582985],[-119.75889311775322,34.27212786832635],[-119.76729773149236,34.283281677981684],[-119.78336688096368,34.28252653707211],[-119.79102814228916,34.270618585710594],[-119.78262318133805,34.259466013793386],[-119.76655730537063,34.260220155582985]]]},"properties":{"h3_index":"872912286ffffff","station_count":4,"program_id":"bight","program":"Southern California Bight","resolution":7,"stations":[{"station_id":"4167_B03","station_name":"B03_4167","lat":34.26112,"lon":-119.76734,"county":"FEDERAL WATERS","organization":"CRGML","batch_year":"2003"},{"station_id":"B18-10285","station_name":"B18-10285","lat":34.26087,"lon":-119.7673,"county":"OOS","organization":"SCCWRP","batch_year":"2018"},{"station_id":"B13-9428","station_name":"B13-9428 OpenwaterStation","lat":34.26112,"lon":-119.76734,"county":"SANTA BARBARA","organization":"SCCWRP","batch_year":"2013"},{"station_id":"7671_B08","station_name":"B08-7671","lat":34.26112,"lon":-119.76734,"county":"FEDERAL WATERS","organization":"CSD","batch_year":"2008"}]}},{"type":"Feature","geometry":{"type":"Polygon","coordinates":[[[-119.84148537853847,34.33749625619775],[-119.83382701684864,34.3494025183193],[-119.84224161939333,34.36054220824646],[-119.85831492088404,34.35977439974091],[-119.86597034430015,34.34786790574301],[-119.85755540540167,34.33672945204298],[-119.84148537853847,34.33749625619775]]]},"properties":{"h3_index":"87291228bffffff","station_count":2,"program_id":"bight","program":"Southern California Bight","resolution":7,"stations":[{"station_id":"B13-9454","station_name":"B13-9454 OpenwaterStation","lat":34.3593,"lon":-119.8495,"county":"SANTA BARBARA","organization":"SCCWRP","batch_year":"2013"},{"station_id":"4343_B03","station_name":"B03_4343","lat":34.35025,"lon":-119.86295,"county":"FEDERAL WATERS","organization":"CRGML","batch_year":"2003"}]}},{"type":"Feature","geometry":{"type":"Polygon","coordinates":[[[-119.8644486666405,34.30177267982329],[-119.8567962029504,34.313681335335026],[-119.86520934867124,34.3248218754936],[-119.88127529164763,34.32405252219102],[-119.88892481654851,34.31214363586561],[-119.88051133816305,34.30100433357212],[-119.8644486666405,34.30177267982329]]]},"properties":{"h3_index":"87291228dffffff","station_count":1,"program_id":"bight","program":"Southern California Bight","resolution":7,"stations":[{"station_id":"4295_B03","station_name":"B03_4295","lat":34.3138,"lon":-119.88421,"county":"FEDERAL WATERS","organization":"CRGML","batch_year":"2003"}]}},{"type":"Feature","geometry":{"type":"Polygon","coordinates":[[[-119.69532954034837,34.29818643126857],[-119.6876521249697,34.31009017816852],[-119.69605567504541,34.32124769597713],[-119.71213699963488,34.32050023159677],[-119.71981149424774,34.308596241573575],[-119.71140758594278,34.29743995897129],[-119.69532954034837,34.29818643126857]]]},"properties":{"h3_index":"872912292ffffff","station_count":4,"program_id":"bight","program":"Southern California Bight","resolution":7,"stations":[{"station_id":"B18-10282","station_name":"B18-10282","lat":34.30788,"lon":-119.71282,"county":"OOS","organization":"SCCWRP","batch_year":"2018"},{"station_id":"7696_B08","station_name":"B08-7696","lat":34.30784,"lon":-119.71267,"county":"FEDERAL WATERS","organization":"CSD","batch_year":"2008"},{"station_id":"4023_B03","station_name":"B03_4023","lat":34.30784,"lon":-119.71267,"county":"FEDERAL WATERS","organization":"CRGML","batch_year":"2003"},{"station_id":"B13-9440","station_name":"B13-9440 OpenwaterStation","lat":34.30784,"lon":-119.71267,"county":"SANTA BARBARA","organization":"SCCWRP","batch_year":"2013"}]}},{"type":"Feature","geometry":{"type":"Polygon","coordinates":[[[-119.71981149424774,34.308596241573575],[-119.71213699963488,34.32050023159677],[-119.72054269789223,34.331654435848456],[-119.73662324625785,34.330903414745215],[-119.74429481696284,34.31899918354567],[-119.73588876411547,34.30784621454282],[-119.71981149424774,34.308596241573575]]]},"properties":{"h3_index":"872912293ffffff","station_count":1,"program_id":"bight","program":"Southern California Bight","resolution":7,"stations":[{"station_id":"7701_B08","station_name":"B08-7701","lat":34.31661,"lon":-119.72398,"county":"FEDERAL WATERS","organization":"CSD","batch_year":"2008"}]}},{"type":"Feature","geometry":{"type":"Polygon","coordinates":[[[-119.71834999110509,34.26247037438026],[-119.71067847293618,34.274376527757966],[-119.71908059204742,34.28553488547267],[-119.73515458474841,34.28478585287171],[-119.74282318159749,34.27287945742524],[-119.73442070796972,34.26172233656557],[-119.71834999110509,34.26247037438026]]]},"properties":{"h3_index":"872912294ffffff","station_count":4,"program_id":"bight","program":"Southern California Bight","resolution":7,"stations":[{"station_id":"4279_B03","station_name":"B03_4279","lat":34.27781,"lon":-119.71827,"county":"FEDERAL WATERS","organization":"CRGML","batch_year":"2003"},{"station_id":"B18-10283","station_name":"B18-10283","lat":34.2778,"lon":-119.71835,"county":"OOS","organization":"SCCWRP","batch_year":"2018"},{"station_id":"7678_B08","station_name":"B08-7678","lat":34.27781,"lon":-119.71827,"county":"FEDERAL WATERS","organization":"CSD","batch_year":"2008"},{"station_id":"B13-9432","station_name":"B13-9432 OpenwaterStation","lat":34.27781,"lon":-119.71827,"county":"SANTA BARBARA","organization":"SCCWRP","batch_year":"2013"}]}},{"type":"Feature","geometry":{"type":"Polygon","coordinates":[[[-119.76877949966655,34.32939525418376],[-119.7611108560087,34.34129972461222],[-119.76952084209624,34.35244729432869],[-119.78559982005466,34.35168915820706],[-119.79326553352873,34.33978445049759],[-119.78485520013258,34.328638116107435],[-119.76877949966655,34.32939525418376]]]},"properties":{"h3_index":"872912298ffffff","station_count":4,"program_id":"bight","program":"Southern California Bight","resolution":7,"stations":[{"station_id":"SCBPP_0334","station_name":"0334_SCBPP","lat":34.35115,"lon":-119.7759,"county":"FEDERAL WATERS","organization":"SCCWRP","batch_year":"1994"},{"station_id":"SCBPP_0365","station_name":"0365_SCBPP","lat":34.33767,"lon":-119.76462,"county":"FEDERAL WATERS","organization":"SCCWRP","batch_year":"1994"},{"station_id":"SCBPP_0381","station_name":"0381_SCBPP","lat":34.33125,"lon":-119.78365,"county":"FEDERAL WATERS","organization":"SCCWRP","batch_year":"1994"},{"station_id":"B13-9448","station_name":"B13-9448 OpenwaterStation","lat":34.34384,"lon":-119.77376,"county":"SANTA BARBARA","organization":"SCCWRP","batch_year":"2013"}]}},{"type":"Feature","geometry":{"type":"Polygon","coordinates":[[[-119.74429481696284,34.31899918354567],[-119.73662324625785,34.330903414745215],[-119.7450310898534,34.34205430296447],[-119.7611108560087,34.34129972461222],[-119.76877949966655,34.32939525418376],[-119.76037130512117,34.318245601253345],[-119.74429481696284,34.31899918354567]]]},"properties":{"h3_index":"87291229effffff","station_count":3,"program_id":"bight","program":"Southern California Bight","resolution":7,"stations":[{"station_id":"4151_B03","station_name":"B03_4151","lat":34.3321,"lon":-119.76202,"county":"FEDERAL WATERS","organization":"USC","batch_year":"2003"},{"station_id":"B13-9444","station_name":"B13-9444 OpenwaterStation","lat":34.31988,"lon":-119.75112,"county":"SANTA BARBARA","organization":"SCCWRP","batch_year":"2013"},{"station_id":"4015_B03","station_name":"B03_4015","lat":34.33381,"lon":-119.74172,"county":"FEDERAL WATERS","organization":"CRGML","batch_year":"2003"}]}},{"type":"Feature","geometry":{"type":"Polygon","coordinates":[[[-119.81325051474492,34.21182515845805],[-119.80559662597491,34.22373655911963],[-119.81400014114507,34.23488996434914],[-119.83005788584218,34.23413072860547],[-119.83770884596136,34.22221909187905],[-119.82930499093447,34.21106692687712],[-119.81325051474492,34.21182515845805]]]},"properties":{"h3_index":"8729122a0ffffff","station_count":1,"program_id":"bight","program":"Southern California Bight","resolution":7,"stations":[{"station_id":"B18-11000","station_name":"B18-11000","lat":34.22873,"lon":-119.81914,"county":"OOS","organization":"SCCWRP","batch_year":"2018"}]}},{"type":"Feature","geometry":{"type":"Polygon","coordinates":[[[-119.8384635302244,34.24528082252341],[-119.83081109092565,34.257191391520784],[-119.83921852542161,34.26833941111222],[-119.85527873636839,34.267575622171485],[-119.86292824259948,34.25566481951289],[-119.85452047185169,34.24451803937207],[-119.8384635302244,34.24528082252341]]]},"properties":{"h3_index":"8729122aeffffff","station_count":1,"program_id":"bight","program":"Southern California Bight","resolution":7,"stations":[{"station_id":"B18-10328","station_name":"B18-10328","lat":34.25214,"lon":-119.83732,"county":"OOS","organization":"SCCWRP","batch_year":"2018"}]}},{"type":"Feature","geometry":{"type":"Polygon","coordinates":[[[-119.71761969123484,34.23940271513671],[-119.70994966042942,34.25130994479461],[-119.71834999110509,34.26247037438026],[-119.73442070796972,34.26172233656557],[-119.74208781874802,34.24981486439026],[-119.73368713359257,34.23865567246406],[-119.71761969123484,34.23940271513671]]]},"properties":{"h3_index":"8729122b2ffffff","station_count":1,"program_id":"bight","program":"Southern California Bight","resolution":7,"stations":[{"station_id":"7668_B08","station_name":"B08-7668","lat":34.25396,"lon":-119.72961,"county":"FEDERAL WATERS","organization":"CSD","batch_year":"2008"}]}},{"type":"Feature","geometry":{"type":"Polygon","coordinates":[[[-119.71688969225077,34.21633191458839],[-119.70922114823699,34.228240216924995],[-119.71761969123484,34.23940271513671],[-119.73368713359257,34.23865567246406],[-119.74135275887112,34.22674712715979],[-119.73295386143039,34.21558586741281],[-119.71688969225077,34.21633191458839]]]},"properties":{"h3_index":"8729122b6ffffff","station_count":1,"program_id":"bight","program":"Southern California Bight","resolution":7,"stations":[{"station_id":"B13-9414","station_name":"B13-9414 OpenwaterStation","lat":34.22508,"lon":-119.73198,"county":"SANTA BARBARA","organization":"SCCWRP","batch_year":"2013"}]}},{"type":"Feature","geometry":{"type":"Polygon","coordinates":[[[-119.98684238970094,34.353558671472776],[-119.97920465110468,34.36546846152438],[-119.9876283975487,34.37659235967446],[-120.00369019794645,34.375805229720704],[-120.01132498219339,34.36389521862208],[-120.00290092129022,34.35277255843883],[-119.98684238970094,34.353558671472776]]]},"properties":{"h3_index":"8729122c1ffffff","station_count":3,"program_id":"bight","program":"Southern California Bight","resolution":7,"stations":[{"station_id":"4007_B03","station_name":"B03_4007","lat":34.36268,"lon":-120.01034,"county":"FEDERAL WATERS","organization":"CRGML","batch_year":"2003"},{"station_id":"7716_B08","station_name":"B08-7716","lat":34.36268,"lon":-120.01034,"county":"FEDERAL WATERS","organization":"CSD","batch_year":"2008"},{"station_id":"B13-9457","station_name":"B13-9457 OpenwaterStation","lat":34.36268,"lon":-120.01034,"county":"SANTA BARBARA","organization":"SCCWRP","batch_year":"2013"}]}},{"type":"Feature","geometry":{"type":"Polygon","coordinates":[[[-120.01211605594004,34.38692579216963],[-120.00447979996379,34.398834721647084],[-120.01290745581065,34.409953183146584],[-120.02897167935686,34.409161477910374],[-120.03660497656524,34.397252329781544],[-120.0281770098936,34.38613510545474],[-120.01211605594004,34.38692579216963]]]},"properties":{"h3_index":"8729122c8ffffff","station_count":1,"program_id":"bight","program":"Southern California Bight","resolution":7,"stations":[{"station_id":"4251_B03","station_name":"B03_4251","lat":34.39695,"lon":-120.03105,"county":"FEDERAL WATERS","organization":"CRGML","batch_year":"2003"}]}},{"type":"Feature","geometry":{"type":"Polygon","coordinates":[[[-119.9876283975487,34.37659235967446],[-119.97998918591021,34.388501068546425],[-119.98841472943288,34.39962286815548],[-120.00447979996379,34.398834721647084],[-120.01211605594004,34.38692579216963],[-120.00369019794645,34.375805229720704],[-119.9876283975487,34.37659235967446]]]},"properties":{"h3_index":"8729122ceffffff","station_count":1,"program_id":"bight","program":"Southern California Bight","resolution":7,"stations":[{"station_id":"4059_B03","station_name":"B03_4059","lat":34.38695,"lon":-119.98782,"county":"FEDERAL WATERS","organization":"CSD","batch_year":"2003"}]}},{"type":"Feature","geometry":{"type":"Polygon","coordinates":[[[-119.89045662560513,34.35823267351007],[-119.8828041435867,34.37013939743375],[-119.89122300385718,34.38127243308934],[-119.90729467611469,34.38049750845711],[-119.9149442136143,34.36859055655871],[-119.90652502427663,34.3574587571828],[-119.89045662560513,34.35823267351007]]]},"properties":{"h3_index":"8729122d0ffffff","station_count":1,"program_id":"bight","program":"Southern California Bight","resolution":7,"stations":[{"station_id":"B13-9455","station_name":"B13-9455 OpenwaterStation","lat":34.3605,"lon":-119.89146,"county":"SANTA BARBARA","organization":"SCCWRP","batch_year":"2013"}]}},{"type":"Feature","geometry":{"type":"Polygon","coordinates":[[[-119.94020961617441,34.40197510149835],[-119.93256154952014,34.41388119195936],[-119.94098645311955,34.425005463425485],[-119.95705974606719,34.42422240882815],[-119.96470486065745,34.41231609473557],[-119.95627963526502,34.40119305878703],[-119.94020961617441,34.40197510149835]]]},"properties":{"h3_index":"8729122d8ffffff","station_count":2,"program_id":"bight","program":"Southern California Bight","resolution":7,"stations":[{"station_id":"SCBPP_0136","station_name":"0136_SCBPP","lat":34.40985,"lon":-119.94912,"county":"SANTA BARBARA","organization":"SCCWRP","batch_year":"1994"},{"station_id":"2357_B98","station_name":"B98_2357","lat":34.40632,"lon":-119.94079,"county":"SANTA BARBARA","organization":"EPARD","batch_year":"1998"}]}},{"type":"Feature","geometry":{"type":"Polygon","coordinates":[[[-119.9639232743744,34.38928565679432],[-119.95627963526502,34.40119305878703],[-119.96470486065745,34.41231609473557],[-119.98077404418937,34.4115304922668],[-119.98841472943288,34.39962286815548],[-119.97998918591021,34.388501068546425],[-119.9639232743744,34.38928565679432]]]},"properties":{"h3_index":"8729122ddffffff","station_count":1,"program_id":"bight","program":"Southern California Bight","resolution":7,"stations":[{"station_id":"2358_B98","station_name":"B98_2358","lat":34.39681,"lon":-119.9725,"county":"SANTA BARBARA","organization":"CSD","batch_year":"1998"}]}},{"type":"Feature","geometry":{"type":"Polygon","coordinates":[[[-120.01053423436944,34.34086146930101],[-120.00290092129022,34.35277255843883],[-120.01132498219339,34.36389521862208],[-120.02738266787861,34.36310555079453],[-120.03501302481862,34.351194242121956],[-120.02658865310987,34.340072820726036],[-120.01053423436944,34.34086146930101]]]},"properties":{"h3_index":"8729122eaffffff","station_count":1,"program_id":"bight","program":"Southern California Bight","resolution":7,"stations":[{"station_id":"B18-10321","station_name":"B18-10321","lat":34.3625,"lon":-120.01058,"county":"OOS","organization":"SCCWRP","batch_year":"2018"}]}},{"type":"Feature","geometry":{"type":"Polygon","coordinates":[[[-119.92782364586392,34.03306043192155],[-119.9201991402827,34.04498349050132],[-119.92859538234158,34.05614097660921],[-119.94461645239969,34.055374155558056],[-119.95223802678967,34.04345086611869],[-119.94384146320519,34.032294628504594],[-119.92782364586392,34.03306043192155]]]},"properties":{"h3_index":"872912302ffffff","station_count":1,"program_id":"bight","program":"Southern California Bight","resolution":7,"stations":[{"station_id":"7527_B08","station_name":"B08-7527","lat":34.0421,"lon":-119.94706,"county":"SANTA BARBARA","organization":"CSD","batch_year":"2008"}]}},{"type":"Feature","geometry":{"type":"Polygon","coordinates":[[[-119.93013980741534,34.10229280402524],[-119.92251089509264,34.11421275136214],[-119.93091249640251,34.12536407299891],[-119.94694333250604,34.12459420116949],[-119.95456930974063,34.11267402435987],[-119.9461673868538,34.101523948767074],[-119.93013980741534,34.10229280402524]]]},"properties":{"h3_index":"87291231bffffff","station_count":4,"program_id":"bight","program":"Southern California Bight","resolution":7,"stations":[{"station_id":"4027_B03","station_name":"B03_4027","lat":34.1156,"lon":-119.93616,"county":"SANTA BARBARA","organization":"CSD","batch_year":"2003"},{"station_id":"7588_B08","station_name":"B08-7588","lat":34.1156,"lon":-119.93616,"county":"SANTA BARBARA","organization":"CSD","batch_year":"2008"},{"station_id":"B18-10382","station_name":"B18-10382","lat":34.115817,"lon":-119.936883,"county":"SANTA BARBARA","organization":"SCCWRP","batch_year":"2018"},{"station_id":"B13-9378","station_name":"B13-9378 OpenwaterStation","lat":34.1156,"lon":-119.93616,"county":"SANTA BARBARA","organization":"SCCWRP","batch_year":"2013"}]}},{"type":"Feature","geometry":{"type":"Polygon","coordinates":[[[-119.92551033832484,33.96380035659095],[-119.9178902344449,33.97572649383145],[-119.92628112405062,33.98689011501758],[-119.94229243990081,33.98612634792652],[-119.94990961647873,33.97419997842504],[-119.94151840539926,33.96303760819005],[-119.92551033832484,33.96380035659095]]]},"properties":{"h3_index":"872912335ffffff","station_count":1,"program_id":"bight","program":"Southern California Bight","resolution":7,"stations":[{"station_id":"4363_B03","station_name":"B03_4363","lat":33.97749,"lon":-119.92153,"county":"SANTA BARBARA","organization":"CSD","batch_year":"2003"}]}},{"type":"Feature","geometry":{"type":"Polygon","coordinates":[[[-119.8774763664681,33.966076546975664],[-119.86984894797571,33.97800119214762],[-119.87823740115537,33.98916935282175],[-119.89425360242446,33.988411618157194],[-119.9018780984915,33.976486737267656],[-119.89348931660714,33.965319826675156],[-119.8774763664681,33.966076546975664]]]},"properties":{"h3_index":"872912336ffffff","station_count":1,"program_id":"bight","program":"Southern California Bight","resolution":7,"stations":[{"station_id":"4697_B03","station_name":"B03_4697","lat":33.97551,"lon":-119.88065,"county":"SANTA BARBARA","organization":"CSD","batch_year":"2003"}]}},{"type":"Feature","geometry":{"type":"Polygon","coordinates":[[[-120.12236222808815,34.09293359772378],[-120.11476271564678,34.10485948176448],[-120.12317394457261,34.11599257300651],[-120.13918497942763,34.11519853071283],[-120.14678153738095,34.103272431062294],[-120.13837001585512,34.09214058922809],[-120.12236222808815,34.09293359772378]]]},"properties":{"h3_index":"872912340ffffff","station_count":5,"program_id":"bight","program":"Southern California Bight","resolution":7,"stations":[{"station_id":"B18-10384","station_name":"B18-10384","lat":34.10157,"lon":-120.142333,"county":"OOS","organization":"SCCWRP","batch_year":"2018"},{"station_id":"4155_B03","station_name":"B03_4155","lat":34.10163,"lon":-120.14239,"county":"FEDERAL WATERS","organization":"CSD","batch_year":"2003"},{"station_id":"7573_B08","station_name":"B08-7573","lat":34.10163,"lon":-120.14239,"county":"FEDERAL WATERS","organization":"CLAEMD","batch_year":"2008"},{"station_id":"4481_B03","station_name":"B03_4481","lat":34.09643,"lon":-120.12385,"county":"FEDERAL WATERS","organization":"CSD","batch_year":"2003"},{"station_id":"B13-9373","station_name":"B13-9373 OpenwaterStation","lat":34.10163,"lon":-120.14239,"county":"SANTA BARBARA","organization":"SCCWRP","batch_year":"2013"}]}},{"type":"Feature","geometry":{"type":"Polygon","coordinates":[[[-120.17202384570007,34.13665718727869],[-120.16442879055687,34.14858246610197],[-120.17284597643564,34.15970684946337],[-120.1888585037037,34.15890470532778],[-120.19645059692273,34.14697921528731],[-120.18803312568512,34.13585608051204],[-120.17202384570007,34.13665718727869]]]},"properties":{"h3_index":"872912348ffffff","station_count":4,"program_id":"bight","program":"Southern California Bight","resolution":7,"stations":[{"station_id":"4091_B03","station_name":"B03_4091","lat":34.14379,"lon":-120.17822,"county":"FEDERAL WATERS","organization":"CRGML","batch_year":"2003"},{"station_id":"7609_B08","station_name":"B08-7609","lat":34.14379,"lon":-120.17822,"county":"FEDERAL WATERS","organization":"CSD","batch_year":"2008"},{"station_id":"B13-9387","station_name":"B13-9387 OpenwaterStation","lat":34.14379,"lon":-120.17822,"county":"SANTA BARBARA","organization":"SCCWRP","batch_year":"2013"},{"station_id":"B18-10336","station_name":"B18-10336","lat":34.14478,"lon":-120.17886,"county":"OOS","organization":"SCCWRP","batch_year":"2018"}]}},{"type":"Feature","geometry":{"type":"Polygon","coordinates":[[[-120.02628068509655,34.09764943709827],[-120.01866645963318,34.109572372025816],[-120.0270729021861,34.12071458507214],[-120.04309387817102,34.11993261536202],[-120.05070515881161,34.10800945788762],[-120.04229840918097,34.09686849258394],[-120.02628068509655,34.09764943709827]]]},"properties":{"h3_index":"872912356ffffff","station_count":4,"program_id":"bight","program":"Southern California Bight","resolution":7,"stations":[{"station_id":"7586_B08","station_name":"B08-7586","lat":34.113,"lon":-120.02598,"county":"FEDERAL WATERS","organization":"CSD","batch_year":"2008"},{"station_id":"B18-10383","station_name":"B18-10383","lat":34.113476,"lon":-120.024021,"county":"OOS","organization":"SCCWRP","batch_year":"2018"},{"station_id":"4347_B03","station_name":"B03_4347","lat":34.113,"lon":-120.02598,"county":"FEDERAL WATERS","organization":"CSD","batch_year":"2003"},{"station_id":"B13-9376","station_name":"B13-9376 OpenwaterStation","lat":34.113,"lon":-120.02598,"county":"SANTA BARBARA","organization":"SCCWRP","batch_year":"2013"}]}},{"type":"Feature","geometry":{"type":"Polygon","coordinates":[[[-120.10117283836533,34.17481758929305],[-120.09356453647631,34.1867391017576],[-120.10198084455912,34.19786722596868],[-120.1180057516435,34.19707259149782],[-120.12561109686446,34.18515086329207],[-120.11719449255953,34.17402398521154],[-120.10117283836533,34.17481758929305]]]},"properties":{"h3_index":"87291235bffffff","station_count":1,"program_id":"bight","program":"Southern California Bight","resolution":7,"stations":[{"station_id":"7633_B08","station_name":"B08-7633","lat":34.18408,"lon":-120.11138,"county":"FEDERAL WATERS","organization":"CSD","batch_year":"2008"}]}},{"type":"Feature","geometry":{"type":"Polygon","coordinates":[[[-120.12398599472651,34.13904844693012],[-120.11638356700225,34.15097226026288],[-120.12479837875526,34.162101212641176],[-120.14081591171971,34.161305103830955],[-120.14841538233175,34.14938107580766],[-120.14000027798039,34.13825337119801],[-120.12398599472651,34.13904844693012]]]},"properties":{"h3_index":"87291235dffffff","station_count":1,"program_id":"bight","program":"Southern California Bight","resolution":7,"stations":[{"station_id":"B18-10334","station_name":"B18-10334","lat":34.14988,"lon":-120.12125,"county":"OOS","organization":"SCCWRP","batch_year":"2018"}]}},{"type":"Feature","geometry":{"type":"Polygon","coordinates":[[[-120.19479727370481,34.10087679263175],[-120.1872080867847,34.112804348926886],[-120.19562376547957,34.12392955554174],[-120.21162891373262,34.12312595554987],[-120.2192151383036,34.111198189085506],[-120.21079917785642,34.10007423269439],[-120.19479727370481,34.10087679263175]]]},"properties":{"h3_index":"87291236bffffff","station_count":1,"program_id":"bight","program":"Southern California Bight","resolution":7,"stations":[{"station_id":"4613_B03","station_name":"B03_4613","lat":34.10742,"lon":-120.20488,"county":"FEDERAL WATERS","organization":"CSD","batch_year":"2003"}]}},{"type":"Feature","geometry":{"type":"Polygon","coordinates":[[[-120.04911162460276,34.06187604810002],[-120.04150326709599,34.07380127351683],[-120.04990822797677,34.08494429933226],[-120.06592185070092,34.08416085025352],[-120.07352726292179,34.07223540333015],[-120.06512199859375,34.061093626905524],[-120.04911162460276,34.06187604810002]]]},"properties":{"h3_index":"872912372ffffff","station_count":1,"program_id":"bight","program":"Southern California Bight","resolution":7,"stations":[{"station_id":"7553_B08","station_name":"B08-7553","lat":34.07693,"lon":-120.06498,"county":"SANTA BARBARA","organization":"CSD","batch_year":"2008"}]}},{"type":"Feature","geometry":{"type":"Polygon","coordinates":[[[-119.7865616476253,34.13220199197619],[-119.77890927523428,34.14411633346312],[-119.78730529727427,34.15527923639866],[-119.80335403599989,34.154526555141366],[-119.81100348674224,34.14261197427238],[-119.80260712130672,34.131450313958865],[-119.7865616476253,34.13220199197619]]]},"properties":{"h3_index":"872912383ffffff","station_count":1,"program_id":"bight","program":"Southern California Bight","resolution":7,"stations":[{"station_id":"7615_B08","station_name":"B08-7615","lat":34.1511,"lon":-119.80065,"county":"FEDERAL WATERS","organization":"NOAACOAST","batch_year":"2008"}]}},{"type":"Feature","geometry":{"type":"Polygon","coordinates":[[[-119.85989114919018,34.16341141439634],[-119.85224755108646,34.17532646816471],[-119.86064995369077,34.186479459127426],[-119.8766962878206,34.185716153520076],[-119.88433695493976,34.17380086623538],[-119.87593421981119,34.16264911798983],[-119.85989114919018,34.16341141439634]]]},"properties":{"h3_index":"872912389ffffff","station_count":1,"program_id":"bight","program":"Southern California Bight","resolution":7,"stations":[{"station_id":"B13-9396","station_name":"B13-9396 OpenwaterStation","lat":34.17124,"lon":-119.87676,"county":"SANTA BARBARA","organization":"SCCWRP","batch_year":"2013"}]}},{"type":"Feature","geometry":{"type":"Polygon","coordinates":[[[-119.81100348674224,34.14261197427238],[-119.80335403599989,34.154526555141366],[-119.81175218773375,34.165686156563034],[-119.82780013088129,34.16492993437534],[-119.8354466568603,34.15301511607904],[-119.82704816535369,34.14185675731364],[-119.81100348674224,34.14261197427238]]]},"properties":{"h3_index":"87291238effffff","station_count":4,"program_id":"bight","program":"Southern California Bight","resolution":7,"stations":[{"station_id":"7617_B08","station_name":"B08-7617","lat":34.15836,"lon":-119.82763,"county":"FEDERAL WATERS","organization":"CSD","batch_year":"2008"},{"station_id":"4211_B03","station_name":"B03_4211","lat":34.15836,"lon":-119.82763,"county":"FEDERAL WATERS","organization":"CSD","batch_year":"2003"},{"station_id":"B13-9391","station_name":"B13-9391 OpenwaterStation","lat":34.15836,"lon":-119.82763,"county":"SANTA BARBARA","organization":"SCCWRP","batch_year":"2013"},{"station_id":"B18-10333","station_name":"B18-10333","lat":34.15836,"lon":-119.82789,"county":"OOS","organization":"SCCWRP","batch_year":"2018"}]}},{"type":"Feature","geometry":{"type":"Polygon","coordinates":[[[-119.76285974688425,34.14486547431724],[-119.75520297460181,34.15677851891928],[-119.76359864959191,34.16794266363009],[-119.77965144481449,34.167192521879954],[-119.78730529727427,34.15527923639866],[-119.77890927523428,34.14411633346312],[-119.76285974688425,34.14486547431724]]]},"properties":{"h3_index":"87291239cffffff","station_count":4,"program_id":"bight","program":"Southern California Bight","resolution":7,"stations":[{"station_id":"4179_B03","station_name":"B03_4179","lat":34.14562,"lon":-119.77009,"county":"FEDERAL WATERS","organization":"CRGML","batch_year":"2003"},{"station_id":"B13-9388","station_name":"B13-9388 OpenwaterStation","lat":34.14562,"lon":-119.77009,"county":"SANTA BARBARA","organization":"SCCWRP","batch_year":"2013"},{"station_id":"B18-10335","station_name":"B18-10335","lat":34.14569,"lon":-119.76998,"county":"OOS","organization":"SCCWRP","batch_year":"2018"},{"station_id":"7611_B08","station_name":"B08-7611","lat":34.14562,"lon":-119.77009,"county":"FEDERAL WATERS","organization":"CSD","batch_year":"2008"}]}},{"type":"Feature","geometry":{"type":"Polygon","coordinates":[[[-119.78730529727427,34.15527923639866],[-119.77965144481449,34.167192521879954],[-119.78804925312254,34.178353365113416],[-119.80410125821581,34.17759968096996],[-119.81175218773375,34.165686156563034],[-119.80335403599989,34.154526555141366],[-119.78730529727427,34.15527923639866]]]},"properties":{"h3_index":"87291239dffffff","station_count":1,"program_id":"bight","program":"Southern California Bight","resolution":7,"stations":[{"station_id":"B18-10332","station_name":"B18-10332","lat":34.17078,"lon":-119.79365,"county":"OOS","organization":"SCCWRP","batch_year":"2018"}]}},{"type":"Feature","geometry":{"type":"Polygon","coordinates":[[[-119.85761660839921,34.09418860239759],[-119.84997743545935,34.106106806631146],[-119.85837447673673,34.117265979165296],[-119.87441102430337,34.116505702226405],[-119.88204727014944,34.104587263103284],[-119.87364989641867,34.09342933572397],[-119.85761660839921,34.09418860239759]]]},"properties":{"h3_index":"8729123a8ffffff","station_count":1,"program_id":"bight","program":"Southern California Bight","resolution":7,"stations":[{"station_id":"7585_B08","station_name":"B08-7585","lat":34.11224,"lon":-119.87178,"county":"SANTA BARBARA","organization":"CSD","batch_year":"2008"}]}},{"type":"Feature","geometry":{"type":"Polygon","coordinates":[[[-119.7362158072804,34.0651855050662],[-119.72856056453885,34.07710146125991],[-119.73694875157538,34.08827505958462],[-119.75299253282077,34.08753145746395],[-119.7606448627274,34.07561525705994],[-119.7522563251225,34.06444290290339],[-119.7362158072804,34.0651855050662]]]},"properties":{"h3_index":"8729123b0ffffff","station_count":4,"program_id":"bight","program":"Southern California Bight","resolution":7,"stations":[{"station_id":"4051_B03","station_name":"B03_4051","lat":34.0754,"lon":-119.74853,"county":"SANTA BARBARA","organization":"CSD","batch_year":"2003"},{"station_id":"7551_B08","station_name":"B08-7551","lat":34.0754,"lon":-119.74853,"county":"SANTA BARBARA","organization":"CSD","batch_year":"2008"},{"station_id":"B18-10387","station_name":"B18-10387","lat":34.075467,"lon":-119.74955,"county":"SANTA BARBARA","organization":"SCCWRP","batch_year":"2018"},{"station_id":"B13-9363","station_name":"B13-9363 OpenwaterStation","lat":34.0754,"lon":-119.74853,"county":"SANTA BARBARA","organization":"SCCWRP","batch_year":"2013"}]}},{"type":"Feature","geometry":{"type":"Polygon","coordinates":[[[-119.10638393112005,33.97687912502007],[-119.09864192583363,33.98877965973285],[-119.10698776784487,34.00002198681291],[-119.12307606102848,33.99936254328143],[-119.13081522548501,33.987461717489424],[-119.12246893850309,33.976220626230784],[-119.10638393112005,33.97687912502007]]]},"properties":{"h3_index":"872912400ffffff","station_count":1,"program_id":"bight","program":"Southern California Bight","resolution":7,"stations":[{"station_id":"4249_B03","station_name":"B03_4249","lat":33.99595,"lon":-119.12378,"county":"FEDERAL WATERS","organization":"CSD","batch_year":"2003"}]}},{"type":"Feature","geometry":{"type":"Polygon","coordinates":[[[-119.18030154040062,34.03174054708379],[-119.17256655186655,34.0436408829812],[-119.18092079516532,34.05487144943634],[-119.19701046214787,34.05420044459069],[-119.20474259901229,34.04229982388627],[-119.19638792147832,34.03107049275652],[-119.18030154040062,34.03174054708379]]]},"properties":{"h3_index":"872912409ffffff","station_count":4,"program_id":"bight","program":"Southern California Bight","resolution":7,"stations":[{"station_id":"4125_B03","station_name":"B03_4125","lat":34.04114,"lon":-119.19721,"county":"FEDERAL WATERS","organization":"CRGML","batch_year":"2003"},{"station_id":"7526_B08","station_name":"B08-7526","lat":34.04114,"lon":-119.19721,"county":"FEDERAL WATERS","organization":"ABCL","batch_year":"2008"},{"station_id":"B18-10339","station_name":"B18-10339","lat":34.0416,"lon":-119.19758,"county":"OOS","organization":"SCCWRP","batch_year":"2018"},{"station_id":"B13-9348","station_name":"B13-9348 OpenwaterStation","lat":34.04114,"lon":-119.19721,"county":"VENTURA","organization":"SCCWRP","batch_year":"2013"}]}},{"type":"Feature","geometry":{"type":"Polygon","coordinates":[[[-119.03427720410427,33.991391031081285],[-119.02652364935089,34.003288550397095],[-119.03486636730148,34.01453658864907],[-119.05096309690514,34.01388587361156],[-119.05871381795866,34.00198805834484],[-119.05037064402603,33.99074125398999],[-119.03427720410427,33.991391031081285]]]},"properties":{"h3_index":"872912410ffffff","station_count":1,"program_id":"bight","program":"Southern California Bight","resolution":7,"stations":[{"station_id":"SCBPP_0937","station_name":"0937_SCBPP","lat":34.00667,"lon":-119.02963,"county":"FEDERAL WATERS","organization":"SCCWRP","batch_year":"1994"}]}},{"type":"Feature","geometry":{"type":"Polygon","coordinates":[[[-119.05871381795866,34.00198805834484],[-119.05096309690514,34.01388587361156],[-119.05930803787027,34.02513066961541],[-119.0754041531811,34.024476416267476],[-119.08315203732485,34.012578306982626],[-119.07480664398476,34.001334744987055],[-119.05871381795866,34.00198805834484]]]},"properties":{"h3_index":"872912411ffffff","station_count":1,"program_id":"bight","program":"Southern California Bight","resolution":7,"stations":[{"station_id":"4261_B03","station_name":"B03_4261","lat":34.01656,"lon":-119.05833,"county":"FEDERAL WATERS","organization":"CLAEMD","batch_year":"2003"}]}},{"type":"Feature","geometry":{"type":"Polygon","coordinates":[[[-119.00984220449268,33.98078722850297],[-119.00208581925186,33.992684449935695],[-119.01042631142799,34.00393572781264],[-119.02652364935089,34.003288550397095],[-119.03427720410427,33.991391031081285],[-119.02593625234026,33.980140986987784],[-119.00984220449268,33.98078722850297]]]},"properties":{"h3_index":"872912416ffffff","station_count":1,"program_id":"bight","program":"Southern California Bight","resolution":7,"stations":[{"station_id":"7499_B08","station_name":"B08-7499","lat":33.99945,"lon":-119.01377,"county":"FEDERAL WATERS","organization":"ABCL","batch_year":"2008"}]}},{"type":"Feature","geometry":{"type":"Polygon","coordinates":[[[-119.08375131439783,34.03571796740519],[-119.07600190874871,34.04761500502482],[-119.0843508385888,34.05885454200271],[-119.10044962385767,34.058195807964815],[-119.10819618814415,34.04629847872285],[-119.09984680944177,34.03506017506413],[-119.08375131439783,34.03571796740519]]]},"properties":{"h3_index":"872912418ffffff","station_count":1,"program_id":"bight","program":"Southern California Bight","resolution":7,"stations":[{"station_id":"B13-9349","station_name":"B13-9349 OpenwaterStation","lat":34.04243,"lon":-119.08599,"county":"VENTURA","organization":"SCCWRP","batch_year":"2013"}]}},{"type":"Feature","geometry":{"type":"Polygon","coordinates":[[[-119.10819618814415,34.04629847872285],[-119.10044962385767,34.058195807964815],[-119.10880077202627,34.0694320949619],[-119.12489893064883,34.06876981921471],[-119.13264265036581,34.05687220028368],[-119.12429105694667,34.04563714671168],[-119.10819618814415,34.04629847872285]]]},"properties":{"h3_index":"872912419ffffff","station_count":1,"program_id":"bight","program":"Southern California Bight","resolution":7,"stations":[{"station_id":"SCBPP_0846","station_name":"0846_SCBPP","lat":34.06507,"lon":-119.11555,"county":"VENTURA","organization":"SCCWRP","batch_year":"1994"}]}},{"type":"Feature","geometry":{"type":"Polygon","coordinates":[[[-119.0599025028118,34.04827019802846],[-119.0521487356652,34.06016586725377],[-119.06049721293476,34.0714066366457],[-119.07659991083983,34.07075050432155],[-119.0843508385888,34.05885454200271],[-119.07600190874871,34.04761500502482],[-119.0599025028118,34.04827019802846]]]},"properties":{"h3_index":"87291241affffff","station_count":1,"program_id":"bight","program":"Southern California Bight","resolution":7,"stations":[{"station_id":"7537_B08","station_name":"B08-7537","lat":34.0533,"lon":-119.06285,"county":"VENTURA","organization":"ABCL","batch_year":"2008"}]}},{"type":"Feature","geometry":{"type":"Polygon","coordinates":[[[-119.0843508385888,34.05885454200271],[-119.07659991083983,34.07075050432155],[-119.08495061005064,34.08198802384093],[-119.10105268688616,34.08132834844223],[-119.10880077202627,34.0694320949619],[-119.10044962385767,34.058195807964815],[-119.0843508385888,34.05885454200271]]]},"properties":{"h3_index":"87291241bffffff","station_count":1,"program_id":"bight","program":"Southern California Bight","resolution":7,"stations":[{"station_id":"SCBPP_0834","station_name":"0834_SCBPP","lat":34.07738,"lon":-119.08557,"county":"VENTURA","organization":"SCCWRP","batch_year":"1994"}]}},{"type":"Feature","geometry":{"type":"Polygon","coordinates":[[[-119.10759185346832,34.02316177369448],[-119.09984680944177,34.03506017506413],[-119.10819618814415,34.04629847872285],[-119.12429105694667,34.04563714671168],[-119.13203325765107,34.03373845519119],[-119.12368343379148,34.02250138575546],[-119.10759185346832,34.02316177369448]]]},"properties":{"h3_index":"87291241dffffff","station_count":1,"program_id":"bight","program":"Southern California Bight","resolution":7,"stations":[{"station_id":"B18-10340","station_name":"B18-10340","lat":34.03851,"lon":-119.12563,"county":"OOS","organization":"SCCWRP","batch_year":"2018"}]}},{"type":"Feature","geometry":{"type":"Polygon","coordinates":[[[-119.05752611262002,33.95569361501358],[-119.04977843527966,33.96759356176275],[-119.05811984292563,33.978842371160894],[-119.0742093810075,33.978189998126965],[-119.0819542239227,33.96628975642866],[-119.07361236409729,33.95504218263652],[-119.05752611262002,33.95569361501358]]]},"properties":{"h3_index":"872912433ffffff","station_count":1,"program_id":"bight","program":"Southern California Bight","resolution":7,"stations":[{"station_id":"B13-9307","station_name":"B13-9307 OpenwaterStation","lat":33.96859,"lon":-119.07012,"county":"VENTURA","organization":"SCCWRP","batch_year":"2013"}]}},{"type":"Feature","geometry":{"type":"Polygon","coordinates":[[[-119.25362936540314,34.06339799304111],[-119.2459029414545,34.075299177548324],[-119.25426379308453,34.08651997008385],[-119.27035149297228,34.08583834242727],[-119.27807505567986,34.0739368789254],[-119.26971378065393,34.062717321996075],[-119.25362936540314,34.06339799304111]]]},"properties":{"h3_index":"872912442ffffff","station_count":1,"program_id":"bight","program":"Southern California Bight","resolution":7,"stations":[{"station_id":"SCBPP_0823","station_name":"0823_SCBPP","lat":34.07043,"lon":-119.25042,"county":"FEDERAL WATERS","organization":"SCCWRP","batch_year":"1994"}]}},{"type":"Feature","geometry":{"type":"Polygon","coordinates":[[[-119.27807505567986,34.0739368789254],[-119.27035149297228,34.08583834242727],[-119.27871454181359,34.09705587182388],[-119.29480157405578,34.09637070194498],[-119.30252227233693,34.08446896138704],[-119.29415880371506,34.07325266768515],[-119.27807505567986,34.0739368789254]]]},"properties":{"h3_index":"872912443ffffff","station_count":2,"program_id":"bight","program":"Southern California Bight","resolution":7,"stations":[{"station_id":"SCBPP_0815","station_name":"0815_SCBPP","lat":34.0953,"lon":-119.29272,"county":"FEDERAL WATERS","organization":"SCCWRP","batch_year":"1994"},{"station_id":"B18-10300","station_name":"B18-10300","lat":34.08896,"lon":-119.27475,"county":"OOS","organization":"SCCWRP","batch_year":"2018"}]}},{"type":"Feature","geometry":{"type":"Polygon","coordinates":[[[-119.30316681732057,34.10758496562844],[-119.29544460939849,34.11948563400658],[-119.30381162805679,34.13069786438827],[-119.3199012717893,34.130008191332244],[-119.32762061084043,34.11810724829531],[-119.31925317594285,34.10689625289408],[-119.30316681732057,34.10758496562844]]]},"properties":{"h3_index":"87291244affffff","station_count":1,"program_id":"bight","program":"Southern California Bight","resolution":7,"stations":[{"station_id":"4285_B03","station_name":"B03_4285","lat":34.10717,"lon":-119.31902,"county":"FEDERAL WATERS","organization":"CSD","batch_year":"2003"}]}},{"type":"Feature","geometry":{"type":"Polygon","coordinates":[[[-119.32762061084043,34.11810724829531],[-119.3199012717893,34.130008191332244],[-119.32827048290669,34.14121715095105],[-119.34435944660684,34.14052393238985],[-119.35207591360475,34.12862271663314],[-119.34370628986805,34.117414992078075],[-119.32762061084043,34.11810724829531]]]},"properties":{"h3_index":"87291244bffffff","station_count":1,"program_id":"bight","program":"Southern California Bight","resolution":7,"stations":[{"station_id":"4419_B03","station_name":"B03_4419","lat":34.12281,"lon":-119.33129,"county":"FEDERAL WATERS","organization":"CRGML","batch_year":"2003"}]}},{"type":"Feature","geometry":{"type":"Polygon","coordinates":[[[-119.2053669110037,34.065427755660636],[-119.19763325947028,34.07732730602433],[-119.20599148039662,34.088552593741355],[-119.22208378447853,34.08787709639449],[-119.22981457989508,34.07597726362144],[-119.22145592826121,34.064753210526405],[-119.2053669110037,34.065427755660636]]]},"properties":{"h3_index":"872912450ffffff","station_count":2,"program_id":"bight","program":"Southern California Bight","resolution":7,"stations":[{"station_id":"SCBPP_0827","station_name":"0827_SCBPP","lat":34.08243,"lon":-119.21852,"county":"FEDERAL WATERS","organization":"SCCWRP","batch_year":"1994"},{"station_id":"7544_B08","station_name":"B08-7544","lat":34.06674,"lon":-119.20596,"county":"FEDERAL WATERS","organization":"ABCL","batch_year":"2008"}]}},{"type":"Feature","geometry":{"type":"Polygon","coordinates":[[[-119.20599148039662,34.088552593741355],[-119.19825631360413,34.10045107013417],[-119.20661630735015,34.11167433120849],[-119.22271189959567,34.110997881988474],[-119.23044420901634,34.09909912364544],[-119.22208378447853,34.08787709639449],[-119.20599148039662,34.088552593741355]]]},"properties":{"h3_index":"872912453ffffff","station_count":3,"program_id":"bight","program":"Southern California Bight","resolution":7,"stations":[{"station_id":"4157_B03","station_name":"B03_4157","lat":34.11039,"lon":-119.2216,"county":"VENTURA","organization":"CRGML","batch_year":"2003"},{"station_id":"7583_B08","station_name":"B08-7583","lat":34.11039,"lon":-119.2216,"county":"VENTURA","organization":"ABCL","batch_year":"2008"},{"station_id":"B18-10298","station_name":"B18-10298","lat":34.11006,"lon":-119.22164,"county":"VENTURA","organization":"SCCWRP","batch_year":"2018"}]}},{"type":"Feature","geometry":{"type":"Polygon","coordinates":[[[-119.20474259901229,34.04229982388627],[-119.19701046214787,34.05420044459069],[-119.2053669110037,34.065427755660636],[-119.22145592826121,34.064753210526405],[-119.22918521026298,34.052852306951856],[-119.2208283307839,34.04162623130343],[-119.20474259901229,34.04229982388627]]]},"properties":{"h3_index":"872912454ffffff","station_count":1,"program_id":"bight","program":"Southern California Bight","resolution":7,"stations":[{"station_id":"SCBPP_0859","station_name":"0859_SCBPP","lat":34.05868,"lon":-119.20637,"county":"FEDERAL WATERS","organization":"SCCWRP","batch_year":"1994"}]}},{"type":"Feature","geometry":{"type":"Polygon","coordinates":[[[-119.34880529028784,34.01304167415815],[-119.34109635302329,34.02494821913516],[-119.34945887609302,34.036164063914335],[-119.36553074598105,34.03547212448049],[-119.37323681433217,34.02356530642316],[-119.36487388261793,34.012350700800255],[-119.34880529028784,34.01304167415815]]]},"properties":{"h3_index":"87291246cffffff","station_count":4,"program_id":"bight","program":"Southern California Bight","resolution":7,"stations":[{"station_id":"7520_B08","station_name":"B08-7520","lat":34.03417,"lon":-119.3516,"county":"VENTURA","organization":"CSD","batch_year":"2008"},{"station_id":"B18-10391","station_name":"B18-10391","lat":34.035,"lon":-119.350983,"county":"VENTURA","organization":"SCCWRP","batch_year":"2018"},{"station_id":"4029_B03","station_name":"B03_4029","lat":34.03417,"lon":-119.3516,"county":"VENTURA","organization":"CSD","batch_year":"2003"},{"station_id":"B13-9345","station_name":"B13-9345 OpenwaterStation","lat":34.03417,"lon":-119.3516,"county":"VENTURA","organization":"SCCWRP","batch_year":"2013"}]}},{"type":"Feature","geometry":{"type":"Polygon","coordinates":[[[-119.22792724882534,34.00659313136911],[-119.22020099188681,34.01849616565068],[-119.22855609995975,34.029724260558545],[-119.24463789272984,34.02904808398919],[-119.25236129412488,34.01714476784994],[-119.24400575920583,34.00591791005918],[-119.22792724882534,34.00659313136911]]]},"properties":{"h3_index":"872912470ffffff","station_count":1,"program_id":"bight","program":"Southern California Bight","resolution":7,"stations":[{"station_id":"B13-9338","station_name":"B13-9338 OpenwaterStation","lat":34.02139,"lon":-119.22639,"county":"VENTURA","organization":"SCCWRP","batch_year":"2013"}]}},{"type":"Feature","geometry":{"type":"Polygon","coordinates":[[[-119.22855609995975,34.029724260558545],[-119.2208283307839,34.04162623130343],[-119.22918521026298,34.052852306951856],[-119.2452702867591,34.0521751754612],[-119.25299519913705,34.040272923321936],[-119.24463789272984,34.02904808398919],[-119.22855609995975,34.029724260558545]]]},"properties":{"h3_index":"872912473ffffff","station_count":1,"program_id":"bight","program":"Southern California Bight","resolution":7,"stations":[{"station_id":"B13-9347","station_name":"B13-9347 OpenwaterStation","lat":34.03983,"lon":-119.23459,"county":"VENTURA","organization":"SCCWRP","batch_year":"2013"}]}},{"type":"Feature","geometry":{"type":"Polygon","coordinates":[[[-118.93825450504842,34.018397882754996],[-118.93048505903266,34.03029098138848],[-118.93882415017697,34.041545955130914],[-118.95493315898331,34.04090659912467],[-118.96269978045939,34.029013198209576],[-118.95436021858985,34.01775945550684],[-118.93825450504842,34.018397882754996]]]},"properties":{"h3_index":"8729124a2ffffff","station_count":2,"program_id":"bight","program":"Southern California Bight","resolution":7,"stations":[{"station_id":"SCBPP_0890","station_name":"0890_SCBPP","lat":34.02735,"lon":-118.93965,"county":"LOS ANGELES","organization":"SCCWRP","batch_year":"1994"},{"station_id":"2377_B98","station_name":"B98_2377","lat":34.03842,"lon":-118.93932,"county":"LOS ANGELES","organization":"CRGML","batch_year":"1998"}]}},{"type":"Feature","geometry":{"type":"Polygon","coordinates":[[[-118.98598787898274,33.993328090423425],[-118.97822714000134,34.00522394223267],[-118.98656716888043,34.01647645297978],[-119.00266840095695,34.01583187897145],[-119.01042631142799,34.00393572781264],[-119.00208581925186,33.992684449935695],[-118.98598787898274,33.993328090423425]]]},"properties":{"h3_index":"8729124a5ffffff","station_count":1,"program_id":"bight","program":"Southern California Bight","resolution":7,"stations":[{"station_id":"SCBPP_0976","station_name":"0976_SCBPP","lat":33.9944,"lon":-119.00008,"county":"FEDERAL WATERS","organization":"SCCWRP","batch_year":"1994"}]}},{"type":"Feature","geometry":{"type":"Polygon","coordinates":[[[-118.93768509480158,33.99524672849727],[-118.9299171789226,34.00714090329511],[-118.93825450504842,34.018397882754996],[-118.95436021858985,34.01775945550684],[-118.9621253111647,34.00586497796416],[-118.9537875144227,33.99460923033894],[-118.93768509480158,33.99524672849727]]]},"properties":{"h3_index":"8729124a6ffffff","station_count":1,"program_id":"bight","program":"Southern California Bight","resolution":7,"stations":[{"station_id":"SCBPP_0921","station_name":"0921_SCBPP","lat":34.01312,"lon":-118.93952,"county":"LOS ANGELES","organization":"SCCWRP","batch_year":"1994"}]}},{"type":"Feature","geometry":{"type":"Polygon","coordinates":[[[-119.01101065921739,34.02708115020966],[-119.00325122291923,34.03897622745419],[-119.01159524800981,34.05022348874769],[-119.02769917011017,34.0495744405305],[-119.03545577344066,34.03767906633014],[-119.02711128855763,34.026433037226546],[-119.01101065921739,34.02708115020966]]]},"properties":{"h3_index":"8729124acffffff","station_count":1,"program_id":"bight","program":"Southern California Bight","resolution":7,"stations":[{"station_id":"B18-10304","station_name":"B18-10304","lat":34.0336,"lon":-119.029917,"county":"VENTURA","organization":"SCCWRP","batch_year":"2018"}]}},{"type":"Feature","geometry":{"type":"Polygon","coordinates":[[[-119.03545577344066,34.03767906633014],[-119.02769917011017,34.0495744405305],[-119.03604542267196,34.06081845718217],[-119.0521487356652,34.06016586725377],[-119.0599025028118,34.04827019802846],[-119.05155579406785,34.03702741368001],[-119.03545577344066,34.03767906633014]]]},"properties":{"h3_index":"8729124adffffff","station_count":4,"program_id":"bight","program":"Southern California Bight","resolution":7,"stations":[{"station_id":"4133_B03","station_name":"B03_4133","lat":34.04406,"lon":-119.05558,"county":"VENTURA","organization":"CRGML","batch_year":"2003"},{"station_id":"B18-10250","station_name":"B18-10250","lat":34.0528,"lon":-119.049067,"county":"VENTURA","organization":"SCCWRP","batch_year":"2018"},{"station_id":"B18-10303","station_name":"B18-10303","lat":34.044633,"lon":-119.05545,"county":"VENTURA","organization":"SCCWRP","batch_year":"2018"},{"station_id":"7528_B08","station_name":"B08-7528","lat":34.04406,"lon":-119.05558,"county":"VENTURA","organization":"ABCL","batch_year":"2008"}]}},{"type":"Feature","geometry":{"type":"Polygon","coordinates":[[[-118.91437546465801,34.030926796427906],[-118.90660166535935,34.04281851150991],[-118.91494028205938,34.054074715374846],[-118.93105317342437,34.05343797396006],[-118.93882415017697,34.041545955130914],[-118.93048505903266,34.03029098138848],[-118.91437546465801,34.030926796427906]]]},"properties":{"h3_index":"8729124b1ffffff","station_count":4,"program_id":"bight","program":"Southern California Bight","resolution":7,"stations":[{"station_id":"4069_B03","station_name":"B03_4069","lat":34.03663,"lon":-118.91685,"county":"LOS ANGELES","organization":"CLAEMD","batch_year":"2003"},{"station_id":"B18-10216","station_name":"B18-10216","lat":34.03668,"lon":-118.91671,"county":"LOS ANGELES","organization":"SCCWRP","batch_year":"2018"},{"station_id":"7522_B08","station_name":"B08-7522","lat":34.03663,"lon":-118.91685,"county":"LOS ANGELES","organization":"ABCL","batch_year":"2008"},{"station_id":"2378_B98","station_name":"B98_2378","lat":34.03201,"lon":-118.92229,"county":"LOS ANGELES","organization":"CAS","batch_year":"1998"}]}},{"type":"Feature","geometry":{"type":"Polygon","coordinates":[[[-118.91381088019251,34.00777579162757],[-118.90603861286509,34.01966858605163],[-118.91437546465801,34.030926796427906],[-118.93048505903266,34.03029098138848],[-118.93825450504842,34.018397882754996],[-118.9299171789226,34.00714090329511],[-118.91381088019251,34.00777579162757]]]},"properties":{"h3_index":"8729124b5ffffff","station_count":1,"program_id":"bight","program":"Southern California Bight","resolution":7,"stations":[{"station_id":"B18-10251","station_name":"B18-10251","lat":34.01572,"lon":-118.91216,"county":"LOS ANGELES","organization":"SCCWRP","batch_year":"2018"}]}},{"type":"Feature","geometry":{"type":"Polygon","coordinates":[[[-119.13325229437525,34.080002853625885],[-119.12550705505276,34.09189939633507],[-119.13386218983466,34.1031304082916],[-119.14996300658477,34.10246364473028],[-119.1577053968833,34.09056681472539],[-119.14934982037275,34.0793370355001],[-119.13325229437525,34.080002853625885]]]},"properties":{"h3_index":"8729124e0ffffff","station_count":3,"program_id":"bight","program":"Southern California Bight","resolution":7,"stations":[{"station_id":"4061_B03","station_name":"B03_4061","lat":34.10112,"lon":-119.15082,"county":"VENTURA","organization":"CRGML","batch_year":"2003"},{"station_id":"2341_B98","station_name":"B98_2341","lat":34.08835,"lon":-119.15133,"county":"VENTURA","organization":"CRGML","batch_year":"1998"},{"station_id":"7572_B08","station_name":"B08-7572","lat":34.10112,"lon":-119.15082,"county":"VENTURA","organization":"ABCL","batch_year":"2008"}]}},{"type":"Feature","geometry":{"type":"Polygon","coordinates":[[[-119.1577053968833,34.09056681472539],[-119.14996300658477,34.10246364473028],[-119.15832035499055,34.11369139900679],[-119.17442053272379,34.11302109036889],[-119.18216007079468,34.101123975002096],[-119.17380228427659,34.08989745355747],[-119.1577053968833,34.09056681472539]]]},"properties":{"h3_index":"8729124e1ffffff","station_count":2,"program_id":"bight","program":"Southern California Bight","resolution":7,"stations":[{"station_id":"SCBPP_0814","station_name":"0814_SCBPP","lat":34.09568,"lon":-119.16613,"county":"VENTURA","organization":"SCCWRP","batch_year":"1994"},{"station_id":"B18-10215","station_name":"B18-10215","lat":34.10128,"lon":-119.151108,"county":"VENTURA","organization":"SCCWRP","batch_year":"2018"}]}},{"type":"Feature","geometry":{"type":"Polygon","coordinates":[[[-119.10940560526875,34.09256261548143],[-119.10165599868097,34.10445778956871],[-119.11001068802574,34.115690033357076],[-119.1261154303135,34.11502587114917],[-119.13386218983466,34.1031304082916],[-119.12550705505276,34.09189939633507],[-119.10940560526875,34.09256261548143]]]},"properties":{"h3_index":"8729124e2ffffff","station_count":1,"program_id":"bight","program":"Southern California Bight","resolution":7,"stations":[{"station_id":"6539_B08","station_name":"B08-6539","lat":34.10464,"lon":-119.11205,"county":"VENTURA","organization":"CSD","batch_year":"2008"}]}},{"type":"Feature","geometry":{"type":"Polygon","coordinates":[[[-119.13264265036581,34.05687220028368],[-119.12489893064883,34.06876981921471],[-119.13325229437525,34.080002853625885],[-119.14934982037275,34.0793370355001],[-119.15709069231588,34.06743912881386],[-119.14873688695188,34.05620732793115],[-119.13264265036581,34.05687220028368]]]},"properties":{"h3_index":"8729124e4ffffff","station_count":4,"program_id":"bight","program":"Southern California Bight","resolution":7,"stations":[{"station_id":"7550_B08","station_name":"B08-7550","lat":34.07332,"lon":-119.13908,"county":"VENTURA","organization":"NOAACOAST","batch_year":"2008"},{"station_id":"7542_B08","station_name":"B08-7542","lat":34.0666,"lon":-119.1344,"county":"VENTURA","organization":"NOAACOAST","batch_year":"2008"},{"station_id":"4093_B03","station_name":"B03_4093","lat":34.0666,"lon":-119.1344,"county":"VENTURA","organization":"CRGML","batch_year":"2003"},{"station_id":"B18-10301","station_name":"B18-10301","lat":34.066452,"lon":-119.13413,"county":"VENTURA","organization":"SCCWRP","batch_year":"2018"}]}},{"type":"Feature","geometry":{"type":"Polygon","coordinates":[[[-119.15709069231588,34.06743912881386],[-119.14934982037275,34.0793370355001],[-119.1577053968833,34.09056681472539],[-119.17380228427659,34.08989745355747],[-119.18154030524407,34.07799926105044],[-119.17318429071001,34.06677071545443],[-119.15709069231588,34.06743912881386]]]},"properties":{"h3_index":"8729124e5ffffff","station_count":3,"program_id":"bight","program":"Southern California Bight","resolution":7,"stations":[{"station_id":"SCBPP_0830","station_name":"0830_SCBPP","lat":34.08078,"lon":-119.16953,"county":"VENTURA","organization":"SCCWRP","batch_year":"1994"},{"station_id":"SCBPP_0831","station_name":"0831_SCBPP","lat":34.07957,"lon":-119.1572,"county":"VENTURA","organization":"TEX-AM","batch_year":"1994"},{"station_id":"2342_B98","station_name":"B98_2342","lat":34.07007,"lon":-119.15965,"county":"VENTURA","organization":"CRGML","batch_year":"1998"}]}},{"type":"Feature","geometry":{"type":"Polygon","coordinates":[[[-119.18278009197506,34.12424558437321],[-119.17503903620916,34.136141618973184],[-119.18340036894325,34.1473640822516],[-119.19950319294124,34.14668927871892],[-119.20724139202352,34.13479296114798],[-119.19887962470816,34.12357173000286],[-119.18278009197506,34.12424558437321]]]},"properties":{"h3_index":"8729124e8ffffff","station_count":8,"program_id":"bight","program":"Southern California Bight","resolution":7,"stations":[{"station_id":"2275_B98","station_name":"B98_2275","lat":34.13,"lon":-119.194,"county":"VENTURA","organization":"CRGML","batch_year":"1998"},{"station_id":"2273_B98","station_name":"B98_2273","lat":34.1302,"lon":-119.1985,"county":"VENTURA","organization":"SCCWRP","batch_year":"1998"},{"station_id":"4003_B03","station_name":"B03_4003","lat":34.12507,"lon":-119.19268,"county":"VENTURA","organization":"CRGML","batch_year":"2003"},{"station_id":"4381_B03","station_name":"B03_4381","lat":34.12991,"lon":-119.18755,"county":"VENTURA","organization":"CRGML","batch_year":"2003"},{"station_id":"7596_B08","station_name":"B08-7596","lat":34.12507,"lon":-119.19268,"county":"VENTURA","organization":"ABCL","batch_year":"2008"},{"station_id":"B18-10214","station_name":"B18-10214","lat":34.12493,"lon":-119.19272,"county":"VENTURA","organization":"SCCWRP","batch_year":"2018"},{"station_id":"2274_B98","station_name":"B98_2274","lat":34.1239,"lon":-119.1977,"county":"VENTURA","organization":"CRGML","batch_year":"1998"},{"station_id":"4259_B03","station_name":"B03_4259","lat":34.13507,"lon":-119.19381,"county":"VENTURA","organization":"CRGML","batch_year":"2003"}]}},{"type":"Feature","geometry":{"type":"Polygon","coordinates":[[[-119.20724139202352,34.13479296114798],[-119.19950319294124,34.14668927871892],[-119.20786673457604,34.15790847665167],[-119.22396890716975,34.157230124706736],[-119.23170424636781,34.145333526099094],[-119.22334027377268,34.134115560395024],[-119.20724139202352,34.13479296114798]]]},"properties":{"h3_index":"8729124e9ffffff","station_count":1,"program_id":"bight","program":"Southern California Bight","resolution":7,"stations":[{"station_id":"6546_B08","station_name":"B08-6546","lat":34.15284,"lon":-119.20991,"county":"VENTURA","organization":"ABCL","batch_year":"2008"}]}},{"type":"Feature","geometry":{"type":"Polygon","coordinates":[[[-119.18216007079468,34.101123975002096],[-119.17442053272379,34.11302109036889],[-119.18278009197506,34.12424558437321],[-119.19887962470816,34.12357173000286],[-119.20661630735015,34.11167433120849],[-119.19825631360413,34.10045107013417],[-119.18216007079468,34.101123975002096]]]},"properties":{"h3_index":"8729124ecffffff","station_count":3,"program_id":"bight","program":"Southern California Bight","resolution":7,"stations":[{"station_id":"2276_B98","station_name":"B98_2276","lat":34.124,"lon":-119.1828,"county":"VENTURA","organization":"CRGML","batch_year":"1998"},{"station_id":"4253_B03","station_name":"B03_4253","lat":34.12034,"lon":-119.18962,"county":"VENTURA","organization":"CRGML","batch_year":"2003"},{"station_id":"4349_B03","station_name":"B03_4349","lat":34.10503,"lon":-119.19551,"county":"VENTURA","organization":"CRGML","batch_year":"2003"}]}},{"type":"Feature","geometry":{"type":"Polygon","coordinates":[[[-119.08555062893612,34.10511840599147],[-119.07779665520242,34.11701220681234],[-119.08615089539829,34.12824568153188],[-119.10225955939585,34.12758412442252],[-119.11001068802574,34.115690033357076],[-119.10165599868097,34.10445778956871],[-119.08555062893612,34.10511840599147]]]},"properties":{"h3_index":"8729124f1ffffff","station_count":2,"program_id":"bight","program":"Southern California Bight","resolution":7,"stations":[{"station_id":"6543_B08","station_name":"B08-6543","lat":34.11472,"lon":-119.0944,"county":"VENTURA","organization":"CSD","batch_year":"2008"},{"station_id":"B13-8421","station_name":"B13-8421 OpenwaterStation","lat":34.1127,"lon":-119.08406,"county":"VENTURA","organization":"SCCWRP","batch_year":"2013"}]}},{"type":"Feature","geometry":{"type":"Polygon","coordinates":[[[-119.06049721293476,34.0714066366457],[-119.0527419218482,34.08330122739716],[-119.06109216839064,34.09453997853474],[-119.07719815960688,34.09388290722599],[-119.08495061005064,34.08198802384093],[-119.07659991083983,34.07075050432155],[-119.06049721293476,34.0714066366457]]]},"properties":{"h3_index":"8729124f4ffffff","station_count":4,"program_id":"bight","program":"Southern California Bight","resolution":7,"stations":[{"station_id":"SCBPP_0833","station_name":"0833_SCBPP","lat":34.0775,"lon":-119.0787,"county":"VENTURA","organization":"TEX-AM","batch_year":"1994"},{"station_id":"7557_B08","station_name":"B08-7557","lat":34.08006,"lon":-119.05977,"county":"VENTURA","organization":"NOAACOAST","batch_year":"2008"},{"station_id":"2310_B98","station_name":"B98_2310","lat":34.0907,"lon":-119.0721,"county":"VENTURA","organization":"SCCWRP","batch_year":"1998"},{"station_id":"SCBPP_0820","station_name":"0820_SCBPP","lat":34.08888,"lon":-119.07395,"county":"VENTURA","organization":"SCCWRP","batch_year":"1994"}]}},{"type":"Feature","geometry":{"type":"Polygon","coordinates":[[[-119.08495061005064,34.08198802384093],[-119.07719815960688,34.09388290722599],[-119.08555062893612,34.10511840599147],[-119.10165599868097,34.10445778956871],[-119.10940560526875,34.09256261548143],[-119.10105268688616,34.08132834844223],[-119.08495061005064,34.08198802384093]]]},"properties":{"h3_index":"8729124f5ffffff","station_count":2,"program_id":"bight","program":"Southern California Bight","resolution":7,"stations":[{"station_id":"B13-8419","station_name":"B13-8419 OpenwaterStation","lat":34.10078,"lon":-119.08739,"county":"VENTURA","organization":"SCCWRP","batch_year":"2013"},{"station_id":"2308_B98","station_name":"B98_2308","lat":34.0841,"lon":-119.0908,"county":"VENTURA","organization":"CRGML","batch_year":"1998"}]}},{"type":"Feature","geometry":{"type":"Polygon","coordinates":[[[-119.17535667469834,33.84658289449202],[-119.16763379230261,33.858491658373694],[-119.17597389261513,33.8697382727857],[-119.19203730977634,33.869074881486846],[-119.19975735049101,33.857165829049436],[-119.19141681663565,33.845920456388335],[-119.17535667469834,33.84658289449202]]]},"properties":{"h3_index":"87291250dffffff","station_count":4,"program_id":"bight","program":"Southern California Bight","resolution":7,"stations":[{"station_id":"4121_B03","station_name":"B03_4121","lat":33.85259,"lon":-119.19421,"county":"FEDERAL WATERS","organization":"CSD","batch_year":"2003"},{"station_id":"B13-9265","station_name":"B13-9265 OpenwaterStation","lat":33.85259,"lon":-119.19421,"county":"VENTURA","organization":"SCCWRP","batch_year":"2013"},{"station_id":"B18-10357","station_name":"B18-10357","lat":33.85209,"lon":-119.1943,"county":"OOS","organization":"SCCWRP","batch_year":"2018"},{"station_id":"7412_B08","station_name":"B08-7412","lat":33.85259,"lon":-119.19421,"county":"FEDERAL WATERS","organization":"NOAACOAST","batch_year":"2008"}]}},{"type":"Feature","geometry":{"type":"Polygon","coordinates":[[[-119.00634261249566,33.84183200721057],[-118.99859536611932,33.85373557369618],[-119.00692527742588,33.86499882179584],[-119.02300289499782,33.86435726474862],[-119.03074731830786,33.85245339756],[-119.02241694802703,33.84119138804507],[-119.00634261249566,33.84183200721057]]]},"properties":{"h3_index":"872912512ffffff","station_count":1,"program_id":"bight","program":"Southern California Bight","resolution":7,"stations":[{"station_id":"7413_B08","station_name":"B08-7413","lat":33.85342,"lon":-119.00988,"county":"FEDERAL WATERS","organization":"LACSD","batch_year":"2008"}]}},{"type":"Feature","geometry":{"type":"Polygon","coordinates":[[[-119.25046114500006,33.947741856241244],[-119.24274227303059,33.95964834256225],[-119.25109426721744,33.970879227371334],[-119.26716555728122,33.97020238616204],[-119.27488157428708,33.95829561852517],[-119.26652915710325,33.9470659733346],[-119.25046114500006,33.947741856241244]]]},"properties":{"h3_index":"872912558ffffff","station_count":1,"program_id":"bight","program":"Southern California Bight","resolution":7,"stations":[{"station_id":"4377_B03","station_name":"B03_4377","lat":33.95657,"lon":-119.25765,"county":"FEDERAL WATERS","organization":"CSD","batch_year":"2003"}]}},{"type":"Feature","geometry":{"type":"Polygon","coordinates":[[[-119.24982828339238,33.92460142711137],[-119.24211092005817,33.936508962878406],[-119.25046114500006,33.947741856241244],[-119.26652915710325,33.9470659733346],[-119.2742436667269,33.935158155782666],[-119.26589301886781,33.92392650284337],[-119.24982828339238,33.92460142711137]]]},"properties":{"h3_index":"87291255cffffff","station_count":1,"program_id":"bight","program":"Southern California Bight","resolution":7,"stations":[{"station_id":"7457_B08","station_name":"B08-7457","lat":33.93804,"lon":-119.26619,"county":"FEDERAL WATERS","organization":"NOAACOAST","batch_year":"2008"}]}},{"type":"Feature","geometry":{"type":"Polygon","coordinates":[[[-118.88769172541728,33.927666702535284],[-118.8799212360111,33.93956240559067],[-118.88825055802049,33.95082984206543],[-118.90435084795487,33.950200342232705],[-118.9121185229724,33.938304331642264],[-118.90378872336439,33.92703812834447],[-118.88769172541728,33.927666702535284]]]},"properties":{"h3_index":"872912591ffffff","station_count":3,"program_id":"bight","program":"Southern California Bight","resolution":7,"stations":[{"station_id":"4005_B03","station_name":"B03_4005","lat":33.93408,"lon":-118.89655,"county":"FEDERAL WATERS","organization":"CSD","batch_year":"2003"},{"station_id":"7452_B08","station_name":"B08-7452","lat":33.93408,"lon":-118.89655,"county":"FEDERAL WATERS","organization":"LACSD","batch_year":"2008"},{"station_id":"B18-10354","station_name":"B18-10354","lat":33.93569,"lon":-118.89724,"county":"OOS","organization":"SCCWRP","batch_year":"2018"}]}},{"type":"Feature","geometry":{"type":"Polygon","coordinates":[[[-118.91324652851897,33.98462170792452],[-118.90547579256192,33.99651557804903],[-118.91381088019251,34.00777579162757],[-118.9299171789226,34.00714090329511],[-118.93768509480158,33.99524672849727],[-118.92934953294939,33.983987746629914],[-118.91324652851897,33.98462170792452]]]},"properties":{"h3_index":"87291259bffffff","station_count":1,"program_id":"bight","program":"Southern California Bight","resolution":7,"stations":[{"station_id":"SCBPP_0947","station_name":"0947_SCBPP","lat":34.00532,"lon":-118.91848,"county":"LOS ANGELES","organization":"TEX-AM","batch_year":"1994"}]}},{"type":"Feature","geometry":{"type":"Polygon","coordinates":[[[-118.95753807024109,33.82056899617592],[-118.94978518734456,33.8324719554495],[-118.95811064902367,33.843741644644886],[-118.9741894606703,33.84310713614296],[-118.98193952690966,33.83120387229591],[-118.97361359907518,33.81993542144815],[-118.95753807024109,33.82056899617592]]]},"properties":{"h3_index":"8729125a4ffffff","station_count":1,"program_id":"bight","program":"Southern California Bight","resolution":7,"stations":[{"station_id":"B18-10358","station_name":"B18-10358","lat":33.83383,"lon":-118.95249,"county":"OOS","organization":"SCCWRP","batch_year":"2018"}]}},{"type":"Feature","geometry":{"type":"Polygon","coordinates":[[[-119.45329074992188,34.28605928871779],[-119.44557828396216,34.29795614719882],[-119.45396732832066,34.30913842504484],[-119.47006923436288,34.30842261288121],[-119.47777880601939,34.296525493630675],[-119.46938936684973,34.28534444723299],[-119.45329074992188,34.28605928871779]]]},"properties":{"h3_index":"872912600ffffff","station_count":1,"program_id":"bight","program":"Southern California Bight","resolution":7,"stations":[{"station_id":"2368_B98","station_name":"B98_2368","lat":34.30119,"lon":-119.4631,"county":"FEDERAL WATERS","organization":"SCCWRP","batch_year":"1998"}]}},{"type":"Feature","geometry":{"type":"Polygon","coordinates":[[[-119.42947566570378,34.298668400766786],[-119.42175880180527,34.310563900420654],[-119.43014744765203,34.32174740884942],[-119.44625335682287,34.32103418696153],[-119.45396732832066,34.30913842504484],[-119.44557828396216,34.29795614719882],[-119.42947566570378,34.298668400766786]]]},"properties":{"h3_index":"872912602ffffff","station_count":1,"program_id":"bight","program":"Southern California Bight","resolution":7,"stations":[{"station_id":"4267_B03","station_name":"B03_4267","lat":34.31299,"lon":-119.43347,"county":"VENTURA","organization":"CRGML","batch_year":"2003"}]}},{"type":"Feature","geometry":{"type":"Polygon","coordinates":[[[-119.4288041609751,34.275586231329974],[-119.42108880389085,34.287482827102984],[-119.42947566570378,34.298668400766786],[-119.44557828396216,34.29795614719882],[-119.45329074992188,34.28605928871779],[-119.44490348966102,34.27487494643268],[-119.4288041609751,34.275586231329974]]]},"properties":{"h3_index":"872912606ffffff","station_count":1,"program_id":"bight","program":"Southern California Bight","resolution":7,"stations":[{"station_id":"7688_B08","station_name":"B08-7688","lat":34.29097,"lon":-119.44378,"county":"FEDERAL WATERS","organization":"CSD","batch_year":"2008"}]}},{"type":"Feature","geometry":{"type":"Polygon","coordinates":[[[-119.47914239228831,34.34267452399745],[-119.47142981152884,34.35456944563352],[-119.47982460771486,34.36574428162153],[-119.4959323768656,34.3650229659693],[-119.50364205758505,34.35312778638883],[-119.49524687010725,34.34195418032457],[-119.47914239228831,34.34267452399745]]]},"properties":{"h3_index":"87291260affffff","station_count":1,"program_id":"bight","program":"Southern California Bight","resolution":7,"stations":[{"station_id":"4143_B03","station_name":"B03_4143","lat":34.35899,"lon":-119.48885,"county":"SANTA BARBARA","organization":"CRGML","batch_year":"2003"}]}},{"type":"Feature","geometry":{"type":"Polygon","coordinates":[[[-119.5267592844022,34.31743733363179],[-119.51905551087756,34.32933496860371],[-119.52745108594667,34.34050734388445],[-119.54355081934611,34.339780852470206],[-119.5512516890473,34.32788296254749],[-119.5428557300839,34.31671181890883],[-119.5267592844022,34.31743733363179]]]},"properties":{"h3_index":"87291260dffffff","station_count":2,"program_id":"bight","program":"Southern California Bight","resolution":7,"stations":[{"station_id":"SCBPP_0398","station_name":"0398_SCBPP","lat":34.32423,"lon":-119.53312,"county":"FEDERAL WATERS","organization":"SCCWRP","batch_year":"1994"},{"station_id":"2367_B98","station_name":"B98_2367","lat":34.31741,"lon":-119.53315,"county":"FEDERAL WATERS","organization":"CSD","batch_year":"1998"}]}},{"type":"Feature","geometry":{"type":"Polygon","coordinates":[[[-119.38049677826832,34.27770779385071],[-119.3727741391205,34.289602763167565],[-119.38115840978506,34.300792860558026],[-119.3972657262988,34.300086758115846],[-119.40498547941485,34.2881915226621],[-119.39660080296372,34.277002655707854],[-119.38049677826832,34.27770779385071]]]},"properties":{"h3_index":"872912614ffffff","station_count":1,"program_id":"bight","program":"Southern California Bight","resolution":7,"stations":[{"station_id":"A2_B03","station_name":"B03_A2","lat":34.28726,"lon":-119.39814,"county":"VENTURA","organization":"CRGML","batch_year":"2003"}]}},{"type":"Feature","geometry":{"type":"Polygon","coordinates":[[[-119.40498547941485,34.2881915226621],[-119.3972657262988,34.300086758115846],[-119.40565218596201,34.31127356229039],[-119.42175880180527,34.310563900420654],[-119.42947566570378,34.298668400766786],[-119.42108880389085,34.287482827102984],[-119.40498547941485,34.2881915226621]]]},"properties":{"h3_index":"872912615ffffff","station_count":2,"program_id":"bight","program":"Southern California Bight","resolution":7,"stations":[{"station_id":"4291_B03","station_name":"B03_4291","lat":34.30455,"lon":-119.41371,"county":"VENTURA","organization":"CRGML","batch_year":"2003"},{"station_id":"2369_B98","station_name":"B98_2369","lat":34.30414,"lon":-119.42533,"county":"VENTURA","organization":"CSD","batch_year":"1998"}]}},{"type":"Feature","geometry":{"type":"Polygon","coordinates":[[[-119.35666612793794,34.290305306778535],[-119.34893909472807,34.30219890963774],[-119.3573229558997,34.313390236592845],[-119.37343426068993,34.31268673104478],[-119.38115840978506,34.300792860558026],[-119.3727741391205,34.289602763167565],[-119.35666612793794,34.290305306778535]]]},"properties":{"h3_index":"872912616ffffff","station_count":1,"program_id":"bight","program":"Southern California Bight","resolution":7,"stations":[{"station_id":"2370_B98","station_name":"B98_2370","lat":34.29865,"lon":-119.3623,"county":"VENTURA","organization":"SCCWRP","batch_year":"1998"}]}},{"type":"Feature","geometry":{"type":"Polygon","coordinates":[[[-119.45532132323827,34.355287198099234],[-119.44760433891254,34.3671807560946],[-119.45599874010288,34.37835682114527],[-119.4721105215291,34.377638099057734],[-119.47982460771486,34.36574428162153],[-119.47142981152884,34.35456944563352],[-119.45532132323827,34.355287198099234]]]},"properties":{"h3_index":"872912619ffffff","station_count":1,"program_id":"bight","program":"Southern California Bight","resolution":7,"stations":[{"station_id":"7717_B08","station_name":"B08-7717","lat":34.36628,"lon":-119.45927,"county":"VENTURA","organization":"NOAACOAST","batch_year":"2008"}]}},{"type":"Feature","geometry":{"type":"Polygon","coordinates":[[[-119.43014744765203,34.32174740884942],[-119.4224290763546,34.33364180878406],[-119.43081950699137,34.344823248730115],[-119.44692870841551,34.34410905887381],[-119.4546441860352,34.33221439711987],[-119.44625335682287,34.32103418696153],[-119.43014744765203,34.32174740884942]]]},"properties":{"h3_index":"87291261cffffff","station_count":2,"program_id":"bight","program":"Southern California Bight","resolution":7,"stations":[{"station_id":"SCBPP_0366","station_name":"0366_SCBPP","lat":34.33748,"lon":-119.44682,"county":"VENTURA","organization":"SCCWRP","batch_year":"1994"},{"station_id":"B18-10208","station_name":"B18-10208","lat":34.33409,"lon":-119.43464,"county":"VENTURA","organization":"SCCWRP","batch_year":"2018"}]}},{"type":"Feature","geometry":{"type":"Polygon","coordinates":[[[-119.47641634470268,34.25036382206606],[-119.46870977981851,34.26226312453329],[-119.47709743482895,34.27344623457307],[-119.49319204668953,34.27272880895434],[-119.50089571665187,34.26082924676409],[-119.49250767058673,34.24964736983501],[-119.47641634470268,34.25036382206606]]]},"properties":{"h3_index":"872912623ffffff","station_count":1,"program_id":"bight","program":"Southern California Bight","resolution":7,"stations":[{"station_id":"SCBPP_0542","station_name":"0542_SCBPP","lat":34.25402,"lon":-119.49203,"county":"FEDERAL WATERS","organization":"SCCWRP","batch_year":"1994"}]}},{"type":"Feature","geometry":{"type":"Polygon","coordinates":[[[-119.49952424478327,34.21466105258676],[-119.49182357671131,34.22656278447402],[-119.5002098393135,34.23774672099343],[-119.5162971582035,34.23702769076987],[-119.52399493074178,34.22512570020275],[-119.51560828083349,34.21394299845817],[-119.49952424478327,34.21466105258676]]]},"properties":{"h3_index":"872912625ffffff","station_count":2,"program_id":"bight","program":"Southern California Bight","resolution":7,"stations":[{"station_id":"4019_B03","station_name":"B03_4019","lat":34.23101,"lon":-119.5122,"county":"FEDERAL WATERS","organization":"CRGML","batch_year":"2003"},{"station_id":"B18-10248","station_name":"B18-10248","lat":34.22984,"lon":-119.5182,"county":"OOS","organization":"SCCWRP","batch_year":"2018"}]}},{"type":"Feature","geometry":{"type":"Polygon","coordinates":[[[-119.50158187697316,34.28390862303939],[-119.49387670519407,34.295807094975245],[-119.50226832045234,34.30698484296591],[-119.51836549587837,34.30626288656253],[-119.5260677682858,34.29436415729096],[-119.51767576555021,34.283187641677685],[-119.50158187697316,34.28390862303939]]]},"properties":{"h3_index":"87291262affffff","station_count":1,"program_id":"bight","program":"Southern California Bight","resolution":7,"stations":[{"station_id":"SCBPP_0474","station_name":"0474_SCBPP","lat":34.28665,"lon":-119.5107,"county":"FEDERAL WATERS","organization":"SCCWRP","batch_year":"1994"}]}},{"type":"Feature","geometry":{"type":"Polygon","coordinates":[[[-119.5246855916318,34.24820833372413],[-119.51698631971718,34.26010924079591],[-119.52537653742108,34.271287821705286],[-119.54146641167937,34.27056426142437],[-119.54916278361668,34.258663098064474],[-119.5407721821828,34.247485751192535],[-119.5246855916318,34.24820833372413]]]},"properties":{"h3_index":"87291262cffffff","station_count":1,"program_id":"bight","program":"Southern California Bight","resolution":7,"stations":[{"station_id":"SCBPP_0535","station_name":"0535_SCBPP","lat":34.25615,"lon":-119.53995,"county":"FEDERAL WATERS","organization":"SCCWRP","batch_year":"1994"}]}},{"type":"Feature","geometry":{"type":"Polygon","coordinates":[[[-119.50089571665187,34.26082924676409],[-119.49319204668953,34.27272880895434],[-119.50158187697316,34.28390862303939],[-119.51767576555021,34.283187641677685],[-119.52537653742108,34.271287821705286],[-119.51698631971718,34.26010924079591],[-119.50089571665187,34.26082924676409]]]},"properties":{"h3_index":"87291262effffff","station_count":2,"program_id":"bight","program":"Southern California Bight","resolution":7,"stations":[{"station_id":"2371_B98","station_name":"B98_2371","lat":34.26484,"lon":-119.50966,"county":"FEDERAL WATERS","organization":"CSD","batch_year":"1998"},{"station_id":"4035_B03","station_name":"B03_4035","lat":34.28359,"lon":-119.50714,"county":"FEDERAL WATERS","organization":"CRGML","batch_year":"2003"}]}},{"type":"Feature","geometry":{"type":"Polygon","coordinates":[[[-119.42813293329463,34.25250090739274],[-119.42041908244032,34.264398595682195],[-119.4288041609751,34.275586231329974],[-119.44490348966102,34.27487494643268],[-119.45261445066616,34.262976994988406],[-119.4442289737473,34.25179059151613],[-119.42813293329463,34.25250090739274]]]},"properties":{"h3_index":"872912631ffffff","station_count":1,"program_id":"bight","program":"Southern California Bight","resolution":7,"stations":[{"station_id":"SCBPP_0537","station_name":"0537_SCBPP","lat":34.25433,"lon":-119.43502,"county":"FEDERAL WATERS","organization":"SCCWRP","batch_year":"1994"}]}},{"type":"Feature","geometry":{"type":"Polygon","coordinates":[[[-119.4043190479912,34.2651063245808],[-119.39660080296372,34.277002655707854],[-119.40498547941485,34.2881915226621],[-119.42108880389085,34.287482827102984],[-119.4288041609751,34.275586231329974],[-119.42041908244032,34.264398595682195],[-119.4043190479912,34.2651063245808]]]},"properties":{"h3_index":"872912633ffffff","station_count":1,"program_id":"bight","program":"Southern California Bight","resolution":7,"stations":[{"station_id":"SCBPP_0502","station_name":"0502_SCBPP","lat":34.27315,"lon":-119.40943,"county":"VENTURA","organization":"SCCWRP","batch_year":"1994"}]}},{"type":"Feature","geometry":{"type":"Polygon","coordinates":[[[-119.37917433414843,34.231528200652235],[-119.3714547131366,34.243425356816836],[-119.37983541977904,34.25461957159481],[-119.39593615399684,34.253915398100354],[-119.40365289152092,34.24201797490428],[-119.39527177922862,34.230824992154496],[-119.37917433414843,34.231528200652235]]]},"properties":{"h3_index":"872912636ffffff","station_count":1,"program_id":"bight","program":"Southern California Bight","resolution":7,"stations":[{"station_id":"B18-10210","station_name":"B18-10210","lat":34.24356,"lon":-119.38531,"county":"OOS","organization":"SCCWRP","batch_year":"2018"}]}},{"type":"Feature","geometry":{"type":"Polygon","coordinates":[[[-119.62473745889035,34.35917864814958],[-119.61704531965786,34.37107729127875],[-119.6254495627385,34.38223642807211],[-119.6415463152848,34.381495689789574],[-119.64923553803715,34.369596799475325],[-119.64083092563284,34.35843889454682],[-119.62473745889035,34.35917864814958]]]},"properties":{"h3_index":"872912640ffffff","station_count":2,"program_id":"bight","program":"Southern California Bight","resolution":7,"stations":[{"station_id":"SCBPP_0252","station_name":"0252_SCBPP","lat":34.38093,"lon":-119.62662,"county":"SANTA BARBARA","organization":"SCCWRP","batch_year":"1994"},{"station_id":"SCBPP_0289","station_name":"0289_SCBPP","lat":34.3694,"lon":-119.64722,"county":"SANTA BARBARA","organization":"SCCWRP","batch_year":"1994"}]}},{"type":"Feature","geometry":{"type":"Polygon","coordinates":[[[-119.60094781289797,34.37181446701849],[-119.59325126250422,34.3837117617989],[-119.6016551325691,34.39487212960795],[-119.61775592695408,34.39413397153927],[-119.6254495627385,34.38223642807211],[-119.61704531965786,34.37107729127875],[-119.60094781289797,34.37181446701849]]]},"properties":{"h3_index":"872912642ffffff","station_count":1,"program_id":"bight","program":"Southern California Bight","resolution":7,"stations":[{"station_id":"4079_B03","station_name":"B03_4079","lat":34.38357,"lon":-119.59577,"county":"SANTA BARBARA","organization":"CRGML","batch_year":"2003"}]}},{"type":"Feature","geometry":{"type":"Polygon","coordinates":[[[-119.62402564885105,34.3361176906043],[-119.61633500559289,34.34801742980577],[-119.62473745889035,34.35917864814958],[-119.64083092563284,34.35843889454682],[-119.64851865370125,34.34653890771875],[-119.64011583112581,34.33537892203812],[-119.62402564885105,34.3361176906043]]]},"properties":{"h3_index":"872912644ffffff","station_count":1,"program_id":"bight","program":"Southern California Bight","resolution":7,"stations":[{"station_id":"2363_B98","station_name":"B98_2363","lat":34.35528,"lon":-119.62877,"county":"FEDERAL WATERS","organization":"SCCWRP","batch_year":"1998"}]}},{"type":"Feature","geometry":{"type":"Polygon","coordinates":[[[-119.67445727067137,34.403059711982216],[-119.66676947358908,34.41495774699766],[-119.67517982580246,34.42610815997065],[-119.69127833808032,34.42535930668277],[-119.69896321107515,34.41346102880684],[-119.69055249678868,34.402311846997],[-119.67445727067137,34.403059711982216]]]},"properties":{"h3_index":"872912648ffffff","station_count":1,"program_id":"bight","program":"Southern California Bight","resolution":7,"stations":[{"station_id":"B13-8431","station_name":"B13-8431 OpenwaterStation","lat":34.40438,"lon":-119.68903,"county":"SANTA BARBARA","organization":"SCCWRP","batch_year":"2013"}]}},{"type":"Feature","geometry":{"type":"Polygon","coordinates":[[[-119.65067019460447,34.415703034677385],[-119.64297798075366,34.427599721202355],[-119.65138796720206,34.43875136449515],[-119.66749053417635,34.438005090861125],[-119.67517982580246,34.42610815997065],[-119.66676947358908,34.41495774699766],[-119.65067019460447,34.415703034677385]]]},"properties":{"h3_index":"87291264affffff","station_count":2,"program_id":"bight","program":"Southern California Bight","resolution":7,"stations":[{"station_id":"B18-10741","station_name":"B18-10741","lat":34.42166,"lon":-119.66171,"county":"SANTA BARBARA","organization":"SCCWRP","batch_year":"2018"},{"station_id":"B18-10740","station_name":"B18-10740","lat":34.42128,"lon":-119.65961,"county":"SANTA BARBARA","organization":"SCCWRP","batch_year":"2018"}]}},{"type":"Feature","geometry":{"type":"Polygon","coordinates":[[[-119.67373501372407,34.38000807381097],[-119.66604871060939,34.39190720936754],[-119.67445727067137,34.403059711982216],[-119.69055249678868,34.402311846997],[-119.69823587711087,34.39041246814135],[-119.68982695501681,34.37926119748768],[-119.67373501372407,34.38000807381097]]]},"properties":{"h3_index":"87291264cffffff","station_count":1,"program_id":"bight","program":"Southern California Bight","resolution":7,"stations":[{"station_id":"SCBPP_0234","station_name":"0234_SCBPP","lat":34.38578,"lon":-119.68078,"county":"SANTA BARBARA","organization":"SCCWRP","batch_year":"1994"}]}},{"type":"Feature","geometry":{"type":"Polygon","coordinates":[[[-119.6499527182772,34.39265151073382],[-119.64226200026417,34.404549300946165],[-119.65067019460447,34.415703034677385],[-119.66676947358908,34.41495774699766],[-119.67445727067137,34.403059711982216],[-119.66604871060939,34.39190720936754],[-119.6499527182772,34.39265151073382]]]},"properties":{"h3_index":"87291264effffff","station_count":7,"program_id":"bight","program":"Southern California Bight","resolution":7,"stations":[{"station_id":"2269_B98","station_name":"B98_2269","lat":34.3973,"lon":-119.6669,"county":"SANTA BARBARA","organization":"CRGML","batch_year":"1998"},{"station_id":"2272_B98","station_name":"B98_2272","lat":34.3983,"lon":-119.6593,"county":"SANTA BARBARA","organization":"SCCWRP","batch_year":"1998"},{"station_id":"4207_B03","station_name":"B03_4207","lat":34.3991,"lon":-119.66007,"county":"SANTA BARBARA","organization":"CRGML","batch_year":"2003"},{"station_id":"4047_B03","station_name":"B03_4047","lat":34.39548,"lon":-119.66218,"county":"SANTA BARBARA","organization":"CRGML","batch_year":"2003"},{"station_id":"7728_B08","station_name":"B08-7728","lat":34.39548,"lon":-119.66218,"county":"SANTA BARBARA","organization":"CSD","batch_year":"2008"},{"station_id":"B13-9466","station_name":"B13-9466 OpenwaterStation","lat":34.39548,"lon":-119.66218,"county":"SANTA BARBARA","organization":"SCCWRP","batch_year":"2013"},{"station_id":"B18-10207","station_name":"B18-10207","lat":34.396093,"lon":-119.662307,"county":"SANTA BARBARA","organization":"SCCWRP","batch_year":"2018"}]}},{"type":"Feature","geometry":{"type":"Polygon","coordinates":[[[-119.55334318218765,34.39707430627511],[-119.54563780950157,34.408968890409426],[-119.55404092244468,34.42013171769737],[-119.57014978939695,34.419398731456305],[-119.57785225123206,34.40750389563254],[-119.56944875787852,34.39634229765821],[-119.55334318218765,34.39707430627511]]]},"properties":{"h3_index":"872912653ffffff","station_count":1,"program_id":"bight","program":"Southern California Bight","resolution":7,"stations":[{"station_id":"2361_B98","station_name":"B98_2361","lat":34.39968,"lon":-119.57106,"county":"SANTA BARBARA","organization":"CAS","batch_year":"1998"}]}},{"type":"Feature","geometry":{"type":"Polygon","coordinates":[[[-119.57644747759528,34.361385630605305],[-119.56874801575692,34.37328267475793],[-119.57714971942528,34.38444635587616],[-119.59325126250422,34.3837117617989],[-119.60094781289797,34.37181446701849],[-119.59254573256841,34.36065201686173],[-119.57644747759528,34.361385630605305]]]},"properties":{"h3_index":"872912655ffffff","station_count":1,"program_id":"bight","program":"Southern California Bight","resolution":7,"stations":[{"station_id":"7714_B08","station_name":"B08-7714","lat":34.36211,"lon":-119.58528,"county":"SANTA BARBARA","organization":"CSD","batch_year":"2008"}]}},{"type":"Feature","geometry":{"type":"Polygon","coordinates":[[[-119.52814317309578,34.36357418121157],[-119.52043639559356,34.375469616798185],[-119.52883554602624,34.38663783878174],[-119.54494185887735,34.385909395048174],[-119.55264572998783,34.37401370539417],[-119.54424619555144,34.362846713460215],[-119.52814317309578,34.36357418121157]]]},"properties":{"h3_index":"872912656ffffff","station_count":3,"program_id":"bight","program":"Southern California Bight","resolution":7,"stations":[{"station_id":"SCBPP_0297","station_name":"0297_SCBPP","lat":34.36495,"lon":-119.54235,"county":"SANTA BARBARA","organization":"SCCWRP","batch_year":"1994"},{"station_id":"B13-9458","station_name":"B13-9458 OpenwaterStation","lat":34.36812,"lon":-119.54012,"county":"SANTA BARBARA","organization":"SCCWRP","batch_year":"2013"},{"station_id":"4271_B03","station_name":"B03_4271","lat":34.36487,"lon":-119.5308,"county":"SANTA BARBARA","organization":"USC","batch_year":"2003"}]}},{"type":"Feature","geometry":{"type":"Polygon","coordinates":[[[-119.6016551325691,34.39487212960795],[-119.59395708375531,34.40676832157818],[-119.6023627443149,34.41792660380915],[-119.61846682766297,34.417187463768975],[-119.62616196057726,34.40529102355091],[-119.61775592695408,34.39413397153927],[-119.6016551325691,34.39487212960795]]]},"properties":{"h3_index":"87291265cffffff","station_count":1,"program_id":"bight","program":"Southern California Bight","resolution":7,"stations":[{"station_id":"SCBPP_0189","station_name":"0189_SCBPP","lat":34.39905,"lon":-119.62103,"county":"SANTA BARBARA","organization":"SCCWRP","batch_year":"1994"}]}},{"type":"Feature","geometry":{"type":"Polygon","coordinates":[[[-119.6478020650866,34.32347784228694],[-119.64011583112581,34.33537892203812],[-119.64851865370125,34.34653890771875],[-119.66460807673698,34.34579658005387],[-119.67229139364377,34.333895254177],[-119.66388820547678,34.32273650200854],[-119.6478020650866,34.32347784228694]]]},"properties":{"h3_index":"872912663ffffff","station_count":2,"program_id":"bight","program":"Southern California Bight","resolution":7,"stations":[{"station_id":"SCBPP_0371","station_name":"0371_SCBPP","lat":34.33517,"lon":-119.64275,"county":"FEDERAL WATERS","organization":"SCCWRP","batch_year":"1994"},{"station_id":"2364_B98","station_name":"B98_2364","lat":34.34274,"lon":-119.65683,"county":"FEDERAL WATERS","organization":"OCSD","batch_year":"1998"}]}},{"type":"Feature","geometry":{"type":"Polygon","coordinates":[[[-119.64636977429048,34.27734621771906],[-119.63868652681698,34.289249472533825],[-119.64708577201053,34.300413610008775],[-119.66316863108914,34.29967325747304],[-119.6708489640889,34.28776975564272],[-119.66244935339067,34.276606853281436],[-119.64636977429048,34.27734621771906]]]},"properties":{"h3_index":"872912664ffffff","station_count":2,"program_id":"bight","program":"Southern California Bight","resolution":7,"stations":[{"station_id":"SCBPP_0480","station_name":"0480_SCBPP","lat":34.28488,"lon":-119.64237,"county":"FEDERAL WATERS","organization":"SCCWRP","batch_year":"1994"},{"station_id":"4231_B03","station_name":"B03_4231","lat":34.29313,"lon":-119.66079,"county":"FEDERAL WATERS","organization":"USC","batch_year":"2003"}]}},{"type":"Feature","geometry":{"type":"Polygon","coordinates":[[[-119.6708489640889,34.28776975564272],[-119.66316863108914,34.29967325747304],[-119.6715700301426,34.310834086357794],[-119.6876521249697,34.31009017816852],[-119.69532954034837,34.29818643126857],[-119.6869277794274,34.28702683754506],[-119.6708489640889,34.28776975564272]]]},"properties":{"h3_index":"872912665ffffff","station_count":1,"program_id":"bight","program":"Southern California Bight","resolution":7,"stations":[{"station_id":"SCBPP_0446","station_name":"0446_SCBPP","lat":34.30162,"lon":-119.68037,"county":"FEDERAL WATERS","organization":"SCCWRP","batch_year":"1994"}]}},{"type":"Feature","geometry":{"type":"Polygon","coordinates":[[[-119.67301305477626,34.35695325226963],[-119.6653282450533,34.3688534847809],[-119.67373501372407,34.38000807381097],[-119.68982695501681,34.37926119748768],[-119.69750884324144,34.36736072123715],[-119.68910171257966,34.35620736496681],[-119.67301305477626,34.35695325226963]]]},"properties":{"h3_index":"87291266affffff","station_count":2,"program_id":"bight","program":"Southern California Bight","resolution":7,"stations":[{"station_id":"2362_B98","station_name":"B98_2362","lat":34.36883,"lon":-119.66829,"county":"SANTA BARBARA","organization":"SCCWRP","batch_year":"1998"},{"station_id":"B18-10245","station_name":"B18-10245","lat":34.3576,"lon":-119.67377,"county":"SANTA BARBARA","organization":"SCCWRP","batch_year":"2018"}]}},{"type":"Feature","geometry":{"type":"Polygon","coordinates":[[[-119.67229139364377,34.333895254177],[-119.66460807673698,34.34579658005387],[-119.67301305477626,34.35695325226963],[-119.68910171257966,34.35620736496681],[-119.69678210928137,34.34430579490884],[-119.68837676929223,34.33315035625243],[-119.67229139364377,34.333895254177]]]},"properties":{"h3_index":"87291266effffff","station_count":1,"program_id":"bight","program":"Southern California Bight","resolution":7,"stations":[{"station_id":"SCBPP_0360","station_name":"0360_SCBPP","lat":34.34122,"lon":-119.69108,"county":"FEDERAL WATERS","organization":"SCCWRP","batch_year":"1994"}]}},{"type":"Feature","geometry":{"type":"Polygon","coordinates":[[[-119.59953404905734,34.325689603957095],[-119.59184049376778,34.337589093589116],[-119.60024078512083,34.34875362285984],[-119.61633500559289,34.34801742980577],[-119.62402564885105,34.3361176906043],[-119.61562498457799,34.32495439394467],[-119.59953404905734,34.325689603957095]]]},"properties":{"h3_index":"872912671ffffff","station_count":1,"program_id":"bight","program":"Southern California Bight","resolution":7,"stations":[{"station_id":"2366_B98","station_name":"B98_2366","lat":34.33147,"lon":-119.61059,"county":"FEDERAL WATERS","organization":"SCCWRP","batch_year":"1998"}]}},{"type":"Feature","geometry":{"type":"Polygon","coordinates":[[[-119.5512516890473,34.32788296254749],[-119.54355081934611,34.339780852470206],[-119.55194856566703,34.35094992187587],[-119.56804756285328,34.350219869576044],[-119.57574552556284,34.33832172664315],[-119.56734739898872,34.32715388893905],[-119.5512516890473,34.32788296254749]]]},"properties":{"h3_index":"872912672ffffff","station_count":4,"program_id":"bight","program":"Southern California Bight","resolution":7,"stations":[{"station_id":"2365_B98","station_name":"B98_2365","lat":34.34408,"lon":-119.56258,"county":"FEDERAL WATERS","organization":"SCCWRP","batch_year":"1998"},{"station_id":"7708_B08","station_name":"B08-7708","lat":34.34408,"lon":-119.56258,"county":"FEDERAL WATERS","organization":"CSD","batch_year":"2008"},{"station_id":"B13-9449","station_name":"B13-9449 OpenwaterStation","lat":34.34408,"lon":-119.56258,"county":"SANTA BARBARA","organization":"SCCWRP","batch_year":"2013"},{"station_id":"B18-10246","station_name":"B18-10246","lat":34.3441,"lon":-119.56253,"county":"OOS","organization":"SCCWRP","batch_year":"2018"}]}},{"type":"Feature","geometry":{"type":"Polygon","coordinates":[[[-119.57574552556284,34.33832172664315],[-119.56804756285328,34.350219869576044],[-119.57644747759528,34.361385630605305],[-119.59254573256841,34.36065201686173],[-119.60024078512083,34.34875362285984],[-119.59184049376778,34.337589093589116],[-119.57574552556284,34.33832172664315]]]},"properties":{"h3_index":"872912673ffffff","station_count":1,"program_id":"bight","program":"Southern California Bight","resolution":7,"stations":[{"station_id":"4335_B03","station_name":"B03_4335","lat":34.34981,"lon":-119.56926,"county":"SANTA BARBARA","organization":"USC","batch_year":"2003"}]}},{"type":"Feature","geometry":{"type":"Polygon","coordinates":[[[-119.55055509995076,34.30481283424229],[-119.5428557300839,34.31671181890883],[-119.5512516890473,34.32788296254749],[-119.56734739898872,34.32715388893905],[-119.57504386314876,34.315254650818865],[-119.5666475239846,34.30408473967954],[-119.55055509995076,34.30481283424229]]]},"properties":{"h3_index":"872912676ffffff","station_count":3,"program_id":"bight","program":"Southern California Bight","resolution":7,"stations":[{"station_id":"SCBPP_0407","station_name":"0407_SCBPP","lat":34.32157,"lon":-119.56273,"county":"FEDERAL WATERS","organization":"SCCWRP","batch_year":"1994"},{"station_id":"4099_B03","station_name":"B03_4099","lat":34.30636,"lon":-119.55858,"county":"FEDERAL WATERS","organization":"CRGML","batch_year":"2003"},{"station_id":"B18-10247","station_name":"B18-10247","lat":34.31191,"lon":-119.54771,"county":"OOS","organization":"SCCWRP","batch_year":"2018"}]}},{"type":"Feature","geometry":{"type":"Polygon","coordinates":[[[-119.42478094462693,34.1370272104977],[-119.41707461616923,34.148930307237855],[-119.42545078963214,34.16012820392267],[-119.44153369052736,34.15942176761434],[-119.44923713550017,34.147518405461234],[-119.44086056397263,34.13632174494912],[-119.42478094462693,34.1370272104977]]]},"properties":{"h3_index":"872912702ffffff","station_count":1,"program_id":"bight","program":"Southern California Bight","resolution":7,"stations":[{"station_id":"SCBPP_0753","station_name":"0753_SCBPP","lat":34.1557,"lon":-119.42623,"county":"FEDERAL WATERS","organization":"SCCWRP","batch_year":"1994"}]}},{"type":"Feature","geometry":{"type":"Polygon","coordinates":[[[-119.44923713550017,34.147518405461234],[-119.44153369052736,34.15942176761434],[-119.44991204162561,34.170616383249076],[-119.4659942330476,34.16990640040669],[-119.4736947913681,34.15800277478305],[-119.46531604582846,34.14680939539182],[-119.44923713550017,34.147518405461234]]]},"properties":{"h3_index":"872912703ffffff","station_count":4,"program_id":"bight","program":"Southern California Bight","resolution":7,"stations":[{"station_id":"SCBPP_0739","station_name":"0739_SCBPP","lat":34.16478,"lon":-119.4461,"county":"FEDERAL WATERS","organization":"SCCWRP","batch_year":"1994"},{"station_id":"4147_B03","station_name":"B03_4147","lat":34.16886,"lon":-119.46023,"county":"FEDERAL WATERS","organization":"CSD","batch_year":"2003"},{"station_id":"B18-10293","station_name":"B18-10293","lat":34.16894,"lon":-119.46091,"county":"OOS","organization":"SCCWRP","batch_year":"2018"},{"station_id":"7624_B08","station_name":"B08-7624","lat":34.16886,"lon":-119.46023,"county":"FEDERAL WATERS","organization":"CSD","batch_year":"2008"}]}},{"type":"Feature","geometry":{"type":"Polygon","coordinates":[[[-119.47437475897296,34.1810977324533],[-119.46667269988335,34.193000282703935],[-119.47505500694815,34.20418956413976],[-119.4911397648888,34.20347505973406],[-119.49883893288647,34.19157224840939],[-119.49045623494507,34.18038420248377],[-119.47437475897296,34.1810977324533]]]},"properties":{"h3_index":"87291270affffff","station_count":1,"program_id":"bight","program":"Southern California Bight","resolution":7,"stations":[{"station_id":"2374_B98","station_name":"B98_2374","lat":34.18842,"lon":-119.49138,"county":"FEDERAL WATERS","organization":"CAS","batch_year":"1998"}]}},{"type":"Feature","geometry":{"type":"Polygon","coordinates":[[[-119.49883893288647,34.19157224840939],[-119.4911397648888,34.20347505973406],[-119.49952424478327,34.21466105258676],[-119.51560828083349,34.21394299845817],[-119.52330455457513,34.20203992800238],[-119.51491968743171,34.19085517072539],[-119.49883893288647,34.19157224840939]]]},"properties":{"h3_index":"87291270bffffff","station_count":1,"program_id":"bight","program":"Southern California Bight","resolution":7,"stations":[{"station_id":"SCBPP_0661","station_name":"0661_SCBPP","lat":34.20527,"lon":-119.50637,"county":"FEDERAL WATERS","organization":"SCCWRP","batch_year":"1994"}]}},{"type":"Feature","geometry":{"type":"Polygon","coordinates":[[[-119.52192465570862,34.15585899503925],[-119.51423137782278,34.167764214442045],[-119.52261446295597,34.17895102399019],[-119.53869121039304,34.17823137681077],[-119.54638159341795,34.16632589931412],[-119.53799812477432,34.155140327009505],[-119.52192465570862,34.15585899503925]]]},"properties":{"h3_index":"87291270dffffff","station_count":1,"program_id":"bight","program":"Southern California Bight","resolution":7,"stations":[{"station_id":"7625_B08","station_name":"B08-7625","lat":34.17009,"lon":-119.53296,"county":"FEDERAL WATERS","organization":"CSD","batch_year":"2008"}]}},{"type":"Feature","geometry":{"type":"Polygon","coordinates":[[[-119.37653271684195,34.13913136746152],[-119.36881912507681,34.151032853998395],[-119.37719271272293,34.162235264412786],[-119.3932802984218,34.1615349529878],[-119.40099101177711,34.14963319761092],[-119.39261701875486,34.138432022419224],[-119.37653271684195,34.13913136746152]]]},"properties":{"h3_index":"872912710ffffff","station_count":1,"program_id":"bight","program":"Southern California Bight","resolution":7,"stations":[{"station_id":"SCBPP_0757","station_name":"0757_SCBPP","lat":34.152,"lon":-119.37165,"county":"FEDERAL WATERS","organization":"SCCWRP","batch_year":"1994"}]}},{"type":"Feature","geometry":{"type":"Polygon","coordinates":[[[-119.40099101177711,34.14963319761092],[-119.3932802984218,34.1615349529878],[-119.40165607013182,34.172734084971],[-119.41774295786104,34.172030226198906],[-119.42545078963214,34.16012820392267],[-119.41707461616923,34.148930307237855],[-119.40099101177711,34.14963319761092]]]},"properties":{"h3_index":"872912711ffffff","station_count":1,"program_id":"bight","program":"Southern California Bight","resolution":7,"stations":[{"station_id":"B03W166_B03","station_name":"B03_B03W166","lat":34.16407,"lon":-119.39658,"county":"FEDERAL WATERS","organization":"USC","batch_year":"2003"}]}},{"type":"Feature","geometry":{"type":"Polygon","coordinates":[[[-119.35273084738776,34.15172961868449],[-119.34501287268913,34.163629757725246],[-119.35338605126623,34.174833402484374],[-119.36947761452342,34.174135673778494],[-119.37719271272293,34.162235264412786],[-119.36881912507681,34.151032853998395],[-119.35273084738776,34.15172961868449]]]},"properties":{"h3_index":"872912712ffffff","station_count":1,"program_id":"bight","program":"Southern California Bight","resolution":7,"stations":[{"station_id":"B03W167_B03","station_name":"B03_B03W167","lat":34.1638,"lon":-119.3527,"county":"FEDERAL WATERS","organization":"USC","batch_year":"2003"}]}},{"type":"Feature","geometry":{"type":"Polygon","coordinates":[[[-119.37587299297779,34.11602435622224],[-119.3681609070627,34.12792691631137],[-119.37653271684195,34.13913136746152],[-119.39261701875486,34.138432022419224],[-119.40032622752751,34.126529193033925],[-119.39195401244059,34.115325977907254],[-119.37587299297779,34.11602435622224]]]},"properties":{"h3_index":"872912714ffffff","station_count":1,"program_id":"bight","program":"Southern California Bight","resolution":7,"stations":[{"station_id":"7604_B08","station_name":"B08-7604","lat":34.13287,"lon":-119.3797,"county":"FEDERAL WATERS","organization":"CSD","batch_year":"2008"}]}},{"type":"Feature","geometry":{"type":"Polygon","coordinates":[[[-119.40032622752751,34.126529193033925],[-119.39261701875486,34.138432022419224],[-119.40099101177711,34.14963319761092],[-119.41707461616923,34.148930307237855],[-119.42478094462693,34.1370272104977],[-119.41640654991794,34.125827271405385],[-119.40032622752751,34.126529193033925]]]},"properties":{"h3_index":"872912715ffffff","station_count":1,"program_id":"bight","program":"Southern California Bight","resolution":7,"stations":[{"station_id":"4237_B03","station_name":"B03_4237","lat":34.12721,"lon":-119.4018,"county":"FEDERAL WATERS","organization":"CRGML","batch_year":"2003"}]}},{"type":"Feature","geometry":{"type":"Polygon","coordinates":[[[-119.35207591360475,34.12862271663314],[-119.34435944660684,34.14052393238985],[-119.35273084738776,34.15172961868449],[-119.36881912507681,34.151032853998395],[-119.37653271684195,34.13913136746152],[-119.3681609070627,34.12792691631137],[-119.35207591360475,34.12862271663314]]]},"properties":{"h3_index":"872912716ffffff","station_count":2,"program_id":"bight","program":"Southern California Bight","resolution":7,"stations":[{"station_id":"7607_B08","station_name":"B08-7607","lat":34.13869,"lon":-119.3456,"county":"FEDERAL WATERS","organization":"CSD","batch_year":"2008"},{"station_id":"B18-10295","station_name":"B18-10295","lat":34.13292,"lon":-119.36349,"county":"OOS","organization":"SCCWRP","batch_year":"2018"}]}},{"type":"Feature","geometry":{"type":"Polygon","coordinates":[[[-119.4505872260329,34.193711237972146],[-119.44288077639392,34.2056124466736],[-119.451262688894,34.21680296275103],[-119.46735144650842,34.21609103540496],[-119.47505500694815,34.20418956413976],[-119.46667269988335,34.193000282703935],[-119.4505872260329,34.193711237972146]]]},"properties":{"h3_index":"872912719ffffff","station_count":1,"program_id":"bight","program":"Southern California Bight","resolution":7,"stations":[{"station_id":"4275_B03","station_name":"B03_4275","lat":34.1959,"lon":-119.45404,"county":"FEDERAL WATERS","organization":"USC","batch_year":"2003"}]}},{"type":"Feature","geometry":{"type":"Polygon","coordinates":[[[-119.44991204162561,34.170616383249076],[-119.44220709461061,34.18251867048342],[-119.4505872260329,34.193711237972146],[-119.46667269988335,34.193000282703935],[-119.47437475897296,34.1810977324533],[-119.4659942330476,34.16990640040669],[-119.44991204162561,34.170616383249076]]]},"properties":{"h3_index":"87291271dffffff","station_count":1,"program_id":"bight","program":"Southern California Bight","resolution":7,"stations":[{"station_id":"SCBPP_0714","station_name":"0714_SCBPP","lat":34.17782,"lon":-119.45438,"county":"FEDERAL WATERS","organization":"SCCWRP","batch_year":"1994"}]}},{"type":"Feature","geometry":{"type":"Polygon","coordinates":[[[-119.49541660679988,34.076081431662736],[-119.4877249304785,34.08798958595968],[-119.4961005081448,34.09918581150663],[-119.51216815000174,34.09847264308228],[-119.51985693844274,34.086564227373586],[-119.51148097381358,34.075369241419885],[-119.49541660679988,34.076081431662736]]]},"properties":{"h3_index":"872912721ffffff","station_count":4,"program_id":"bight","program":"Southern California Bight","resolution":7,"stations":[{"station_id":"B18-10385","station_name":"B18-10385","lat":34.079717,"lon":-119.511233,"county":"SANTA BARBARA","organization":"SCCWRP","batch_year":"2018"},{"station_id":"7555_B08","station_name":"B08-7555","lat":34.07876,"lon":-119.51005,"county":"SANTA BARBARA","organization":"CSD","batch_year":"2008"},{"station_id":"4163_B03","station_name":"B03_4163","lat":34.07876,"lon":-119.51005,"county":"SANTA BARBARA","organization":"CSD","batch_year":"2003"},{"station_id":"B13-9365","station_name":"B13-9365 OpenwaterStation","lat":34.07876,"lon":-119.51005,"county":"SANTA BARBARA","organization":"SCCWRP","batch_year":"2013"}]}},{"type":"Feature","geometry":{"type":"Polygon","coordinates":[[[-119.470299152845,34.0424813377251],[-119.46260608966722,34.054390285936115],[-119.47097772119196,34.065591821977655],[-119.48704280732045,34.064883169394655],[-119.49473298704329,34.0529739573642],[-119.48636096499892,34.0417736616553],[-119.470299152845,34.0424813377251]]]},"properties":{"h3_index":"872912724ffffff","station_count":1,"program_id":"bight","program":"Southern California Bight","resolution":7,"stations":[{"station_id":"4657_B03","station_name":"B03_4657","lat":34.05698,"lon":-119.47359,"county":"VENTURA","organization":"CSD","batch_year":"2003"}]}},{"type":"Feature","geometry":{"type":"Polygon","coordinates":[[[-119.49473298704329,34.0529739573642],[-119.48704280732045,34.064883169394655],[-119.49541660679988,34.076081431662736],[-119.51148097381358,34.075369241419885],[-119.5191682669287,34.06345976751676],[-119.51079408054372,34.05226274564802],[-119.49473298704329,34.0529739573642]]]},"properties":{"h3_index":"872912725ffffff","station_count":3,"program_id":"bight","program":"Southern California Bight","resolution":7,"stations":[{"station_id":"B18-10389","station_name":"B18-10389","lat":34.058697,"lon":-119.497074,"county":"SANTA BARBARA","organization":"SCCWRP","batch_year":"2018"},{"station_id":"7540_B08","station_name":"B08-7540","lat":34.0587,"lon":-119.4967,"county":"SANTA BARBARA","organization":"CLAEMD","batch_year":"2008"},{"station_id":"B13-9357","station_name":"B13-9357 OpenwaterStation","lat":34.0587,"lon":-119.4967,"county":"SANTA BARBARA","organization":"SCCWRP","batch_year":"2013"}]}},{"type":"Feature","geometry":{"type":"Polygon","coordinates":[[[-119.61976094844331,34.19768559798286],[-119.6120792689208,34.209591838087604],[-119.62047099943739,34.22076547768943],[-119.63654477938552,34.22003163963268],[-119.6442235514428,34.208125149218155],[-119.63583145192287,34.19695274708807],[-119.61976094844331,34.19768559798286]]]},"properties":{"h3_index":"872912740ffffff","station_count":3,"program_id":"bight","program":"Southern California Bight","resolution":7,"stations":[{"station_id":"SCBPP_0682","station_name":"0682_SCBPP","lat":34.19715,"lon":-119.63373,"county":"FEDERAL WATERS","organization":"SCCWRP","batch_year":"1994"},{"station_id":"4323_B03","station_name":"B03_4323","lat":34.19776,"lon":-119.62915,"county":"FEDERAL WATERS","organization":"CRGML","batch_year":"2003"},{"station_id":"B13-9403","station_name":"B13-9403 OpenwaterStation","lat":34.20641,"lon":-119.63271,"county":"SANTA BARBARA","organization":"SCCWRP","batch_year":"2013"}]}},{"type":"Feature","geometry":{"type":"Polygon","coordinates":[[[-119.6442235514428,34.208125149218155],[-119.63654477938552,34.22003163963268],[-119.6449386641888,34.231201980474026],[-119.66101168732854,34.23046459329605],[-119.66868754877612,34.21855785451906],[-119.6602932985989,34.20738875120018],[-119.6442235514428,34.208125149218155]]]},"properties":{"h3_index":"872912741ffffff","station_count":1,"program_id":"bight","program":"Southern California Bight","resolution":7,"stations":[{"station_id":"4425_B03","station_name":"B03_4425","lat":34.22125,"lon":-119.64195,"county":"FEDERAL WATERS","organization":"CSD","batch_year":"2003"}]}},{"type":"Feature","geometry":{"type":"Polygon","coordinates":[[[-119.59600473813893,34.21032212757818],[-119.588318660499,34.222227041399115],[-119.59671001833578,34.233401917616035],[-119.61278782739903,34.23267064331507],[-119.62047099943739,34.22076547768943],[-119.6120792689208,34.209591838087604],[-119.59600473813893,34.21032212757818]]]},"properties":{"h3_index":"872912742ffffff","station_count":5,"program_id":"bight","program":"Southern California Bight","resolution":7,"stations":[{"station_id":"B18-10289","station_name":"B18-10289","lat":34.22411,"lon":-119.6061,"county":"OOS","organization":"SCCWRP","batch_year":"2018"},{"station_id":"B13-9413","station_name":"B13-9413 OpenwaterStation","lat":34.22414,"lon":-119.60633,"county":"SANTA BARBARA","organization":"SCCWRP","batch_year":"2013"},{"station_id":"7651_B08","station_name":"B08-7651","lat":34.22414,"lon":-119.60633,"county":"FEDERAL WATERS","organization":"CSD","batch_year":"2008"},{"station_id":"B13-9407","station_name":"B13-9407 OpenwaterStation","lat":34.21626,"lon":-119.60595,"county":"SANTA BARBARA","organization":"SCCWRP","batch_year":"2013"},{"station_id":"4195_B03","station_name":"B03_4195","lat":34.22414,"lon":-119.60633,"county":"FEDERAL WATERS","organization":"CRGML","batch_year":"2003"}]}},{"type":"Feature","geometry":{"type":"Polygon","coordinates":[[[-119.62047099943739,34.22076547768943],[-119.61278782739903,34.23267064331507],[-119.62118134315307,34.24384222082456],[-119.63725840090096,34.2431073959582],[-119.6449386641888,34.231201980474026],[-119.63654477938552,34.22003163963268],[-119.62047099943739,34.22076547768943]]]},"properties":{"h3_index":"872912743ffffff","station_count":1,"program_id":"bight","program":"Southern California Bight","resolution":7,"stations":[{"station_id":"SCBPP_0604","station_name":"0604_SCBPP","lat":34.22755,"lon":-119.61892,"county":"FEDERAL WATERS","organization":"SCCWRP","batch_year":"1994"}]}},{"type":"Feature","geometry":{"type":"Polygon","coordinates":[[[-119.64350873332403,34.18504518534955],[-119.63583145192287,34.19695274708807],[-119.6442235514428,34.208125149218155],[-119.6602932985989,34.20738875120018],[-119.66796767067663,34.19548094064697],[-119.6595752058264,34.18430977684405],[-119.64350873332403,34.18504518534955]]]},"properties":{"h3_index":"872912745ffffff","station_count":1,"program_id":"bight","program":"Southern California Bight","resolution":7,"stations":[{"station_id":"B18-10292","station_name":"B18-10292","lat":34.19564,"lon":-119.63729,"county":"OOS","organization":"SCCWRP","batch_year":"2018"}]}},{"type":"Feature","geometry":{"type":"Polygon","coordinates":[[[-119.64565407174398,34.25427567225855],[-119.63797231665087,34.26618000920861],[-119.64636977429048,34.27734621771906],[-119.66244935339067,34.276606853281436],[-119.67012819529894,34.2647022688685],[-119.66173037219816,34.25353729627378],[-119.64565407174398,34.25427567225855]]]},"properties":{"h3_index":"87291274affffff","station_count":1,"program_id":"bight","program":"Southern California Bight","resolution":7,"stations":[{"station_id":"B18-10284","station_name":"B18-10284","lat":34.27241,"lon":-119.65734,"county":"OOS","organization":"SCCWRP","batch_year":"2018"}]}},{"type":"Feature","geometry":{"type":"Polygon","coordinates":[[[-119.66868754877612,34.21855785451906],[-119.66101168732854,34.23046459329605],[-119.66940772358912,34.24163163287774],[-119.6854799839456,34.24089069602922],[-119.69315293164168,34.22898371083759],[-119.6847565336375,34.21781790882657],[-119.66868754877612,34.21855785451906]]]},"properties":{"h3_index":"87291274cffffff","station_count":4,"program_id":"bight","program":"Southern California Bight","resolution":7,"stations":[{"station_id":"4067_B03","station_name":"B03_4067","lat":34.23016,"lon":-119.68744,"county":"FEDERAL WATERS","organization":"CSD","batch_year":"2003"},{"station_id":"B18-10288","station_name":"B18-10288","lat":34.2303,"lon":-119.68725,"county":"OOS","organization":"SCCWRP","batch_year":"2018"},{"station_id":"7652_B08","station_name":"B08-7652","lat":34.23016,"lon":-119.68744,"county":"FEDERAL WATERS","organization":"CSD","batch_year":"2008"},{"station_id":"B13-9416","station_name":"B13-9416 OpenwaterStation","lat":34.23016,"lon":-119.68744,"county":"SANTA BARBARA","organization":"SCCWRP","batch_year":"2013"}]}},{"type":"Feature","geometry":{"type":"Polygon","coordinates":[[[-119.69315293164168,34.22898371083759],[-119.6854799839456,34.24089069602922],[-119.69387816883128,34.252054431857275],[-119.70994966042942,34.25130994479461],[-119.71761969123484,34.23940271513671],[-119.70922114823699,34.228240216924995],[-119.69315293164168,34.22898371083759]]]},"properties":{"h3_index":"87291274dffffff","station_count":5,"program_id":"bight","program":"Southern California Bight","resolution":7,"stations":[{"station_id":"B18-10286","station_name":"B18-10286","lat":34.24398,"lon":-119.70575,"county":"OOS","organization":"SCCWRP","batch_year":"2018"},{"station_id":"B18-10287","station_name":"B18-10287","lat":34.23294,"lon":-119.70663,"county":"OOS","organization":"SCCWRP","batch_year":"2018"},{"station_id":"7654_B08","station_name":"B08-7654","lat":34.23279,"lon":-119.70681,"county":"FEDERAL WATERS","organization":"CSD","batch_year":"2008"},{"station_id":"B13-9417","station_name":"B13-9417 OpenwaterStation","lat":34.23279,"lon":-119.70681,"county":"SANTA BARBARA","organization":"SCCWRP","batch_year":"2013"},{"station_id":"4103_B03","station_name":"B03_4103","lat":34.23279,"lon":-119.70681,"county":"FEDERAL WATERS","organization":"CRGML","batch_year":"2003"}]}},{"type":"Feature","geometry":{"type":"Polygon","coordinates":[[[-119.57153988909444,34.19987193320539],[-119.56385090900456,34.21177659327601],[-119.57224010609856,34.222954765693444],[-119.588318660499,34.222227041399115],[-119.59600473813893,34.21032212757818],[-119.58761516473555,34.19914519172023],[-119.57153988909444,34.19987193320539]]]},"properties":{"h3_index":"872912755ffffff","station_count":2,"program_id":"bight","program":"Southern California Bight","resolution":7,"stations":[{"station_id":"4227_B03","station_name":"B03_4227","lat":34.20677,"lon":-119.56748,"county":"FEDERAL WATERS","organization":"CRGML","batch_year":"2003"},{"station_id":"7645_B08","station_name":"B08-7645","lat":34.21335,"lon":-119.59106,"county":"FEDERAL WATERS","organization":"CSD","batch_year":"2008"}]}},{"type":"Feature","geometry":{"type":"Polygon","coordinates":[[[-119.59741558934627,34.256478567124795],[-119.5897265223781,34.268381322072955],[-119.59812145135008,34.279552069249554],[-119.61420582097404,34.278818826385354],[-119.62189197977123,34.26691582053145],[-119.61349667802324,34.25574630836572],[-119.59741558934627,34.256478567124795]]]},"properties":{"h3_index":"872912758ffffff","station_count":1,"program_id":"bight","program":"Southern California Bight","resolution":7,"stations":[{"station_id":"4355_B03","station_name":"B03_4355","lat":34.25865,"lon":-119.61226,"county":"FEDERAL WATERS","organization":"USC","batch_year":"2003"}]}},{"type":"Feature","geometry":{"type":"Polygon","coordinates":[[[-119.62189197977123,34.26691582053145],[-119.61420582097404,34.278818826385354],[-119.62260290947285,34.28998626995931],[-119.63868652681698,34.289249472533825],[-119.64636977429048,34.27734621771906],[-119.63797231665087,34.26618000920861],[-119.62189197977123,34.26691582053145]]]},"properties":{"h3_index":"872912759ffffff","station_count":1,"program_id":"bight","program":"Southern California Bight","resolution":7,"stations":[{"station_id":"SCBPP_0499","station_name":"0499_SCBPP","lat":34.27447,"lon":-119.64338,"county":"FEDERAL WATERS","organization":"SCCWRP","batch_year":"1994"}]}},{"type":"Feature","geometry":{"type":"Polygon","coordinates":[[[-119.57364140645988,34.2691110109306],[-119.56594793766243,34.281012428636004],[-119.57434249017405,34.29218440996765],[-119.59043088885235,34.291453739357316],[-119.59812145135008,34.279552069249554],[-119.5897265223781,34.268381322072955],[-119.57364140645988,34.2691110109306]]]},"properties":{"h3_index":"87291275affffff","station_count":2,"program_id":"bight","program":"Southern California Bight","resolution":7,"stations":[{"station_id":"SCBPP_0503","station_name":"0503_SCBPP","lat":34.2729,"lon":-119.57535,"county":"FEDERAL WATERS","organization":"SCCWRP","batch_year":"1994"},{"station_id":"B13-9433","station_name":"B13-9433 OpenwaterStation","lat":34.27832,"lon":-119.58314,"county":"SANTA BARBARA","organization":"SCCWRP","batch_year":"2013"}]}},{"type":"Feature","geometry":{"type":"Polygon","coordinates":[[[-119.59812145135008,34.279552069249554],[-119.59043088885235,34.291453739357316],[-119.59882760452712,34.30262241714132],[-119.61491525643203,34.30188819052576],[-119.62260290947285,34.28998626995931],[-119.61420582097404,34.278818826385354],[-119.59812145135008,34.279552069249554]]]},"properties":{"h3_index":"87291275bffffff","station_count":1,"program_id":"bight","program":"Southern California Bight","resolution":7,"stations":[{"station_id":"SCBPP_0460","station_name":"0460_SCBPP","lat":34.29385,"lon":-119.60048,"county":"FEDERAL WATERS","organization":"SCCWRP","batch_year":"1994"}]}},{"type":"Feature","geometry":{"type":"Polygon","coordinates":[[[-119.59671001833578,34.233401917616035],[-119.5890224463201,34.24530575380278],[-119.59741558934627,34.256478567124795],[-119.61349667802324,34.25574630836572],[-119.62118134315307,34.24384222082456],[-119.61278782739903,34.23267064331507],[-119.59671001833578,34.233401917616035]]]},"properties":{"h3_index":"87291275cffffff","station_count":2,"program_id":"bight","program":"Southern California Bight","resolution":7,"stations":[{"station_id":"SCBPP_0577","station_name":"0577_SCBPP","lat":34.24008,"lon":-119.59933,"county":"FEDERAL WATERS","organization":"SCCWRP","batch_year":"1994"},{"station_id":"2372_B98","station_name":"B98_2372","lat":34.23981,"lon":-119.60213,"county":"FEDERAL WATERS","organization":"CSD","batch_year":"1998"}]}},{"type":"Feature","geometry":{"type":"Polygon","coordinates":[[[-119.66652880388595,34.149317733810356],[-119.65885740882844,34.16122767709146],[-119.66724808910756,34.17240089812196],[-119.68331052696664,34.17166293580077],[-119.69097901213459,34.15975274474549],[-119.68258797023616,34.14858076370292],[-119.66652880388595,34.149317733810356]]]},"properties":{"h3_index":"872912761ffffff","station_count":1,"program_id":"bight","program":"Southern California Bight","resolution":7,"stations":[{"station_id":"7620_B08","station_name":"B08-7620","lat":34.16217,"lon":-119.66426,"county":"FEDERAL WATERS","organization":"CSD","batch_year":"2008"}]}},{"type":"Feature","geometry":{"type":"Polygon","coordinates":[[[-119.66796767067663,34.19548094064697],[-119.6602932985989,34.20738875120018],[-119.66868754877612,34.21855785451906],[-119.6847565336375,34.21781790882657],[-119.69242799325193,34.20590985140718],[-119.68403338137247,34.19474198646386],[-119.66796767067663,34.19548094064697]]]},"properties":{"h3_index":"87291276affffff","station_count":1,"program_id":"bight","program":"Southern California Bight","resolution":7,"stations":[{"station_id":"SCBPP_0670","station_name":"0670_SCBPP","lat":34.20282,"lon":-119.66537,"county":"FEDERAL WATERS","organization":"SCCWRP","batch_year":"1994"}]}},{"type":"Feature","geometry":{"type":"Polygon","coordinates":[[[-119.69242799325193,34.20590985140718],[-119.6847565336375,34.21781790882657],[-119.69315293164168,34.22898371083759],[-119.70922114823699,34.228240216924995],[-119.71688969225077,34.21633191458839],[-119.70849293617357,34.205167350998785],[-119.69242799325193,34.20590985140718]]]},"properties":{"h3_index":"87291276bffffff","station_count":1,"program_id":"bight","program":"Southern California Bight","resolution":7,"stations":[{"station_id":"B13-9415","station_name":"B13-9415 OpenwaterStation","lat":34.22748,"lon":-119.69712,"county":"SANTA BARBARA","organization":"SCCWRP","batch_year":"2013"}]}},{"type":"Feature","geometry":{"type":"Polygon","coordinates":[[[-119.57083996063693,34.1767859699556],[-119.56315247562794,34.18869170360088],[-119.57153988909444,34.19987193320539],[-119.58761516473555,34.19914519172023],[-119.5952997485762,34.18723920387209],[-119.58691195885072,34.17606021163029],[-119.57083996063693,34.1767859699556]]]},"properties":{"h3_index":"872912773ffffff","station_count":2,"program_id":"bight","program":"Southern California Bight","resolution":7,"stations":[{"station_id":"SCBPP_0708","station_name":"0708_SCBPP","lat":34.18492,"lon":-119.56937,"county":"FEDERAL WATERS","organization":"SCCWRP","batch_year":"1994"},{"station_id":"B18-10291","station_name":"B18-10291","lat":34.1969,"lon":-119.57137,"county":"OOS","organization":"SCCWRP","batch_year":"2018"}]}},{"type":"Feature","geometry":{"type":"Polygon","coordinates":[[[-119.28191593071259,34.21260416015585],[-119.27418329377896,34.224499139003115],[-119.28255700128092,34.23570443431822],[-119.29866376687795,34.235013519799935],[-119.30639353181365,34.22311826662521],[-119.29801940406628,34.211914202217535],[-119.28191593071259,34.21260416015585]]]},"properties":{"h3_index":"872912780ffffff","station_count":5,"program_id":"bight","program":"Southern California Bight","resolution":7,"stations":[{"station_id":"SCBPP_0617","station_name":"0617_SCBPP","lat":34.223,"lon":-119.2823,"county":"VENTURA","organization":"SCCWRP","batch_year":"1994"},{"station_id":"B03_B03W128","station_name":"B03W128_B03","lat":34.23412,"lon":-119.28981,"county":"VENTURA","organization":"USC","batch_year":"2003"},{"station_id":"B03_B03W136","station_name":"B03W136_B03","lat":34.21801,"lon":-119.28971,"county":"VENTURA","organization":"USC","batch_year":"2003"},{"station_id":"SCBPP_0595","station_name":"0595_SCBPP","lat":34.23253,"lon":-119.29198,"county":"VENTURA","organization":"CLAEMD","batch_year":"1994"},{"station_id":"2328_B98","station_name":"B98_2328","lat":34.2202,"lon":-119.2889,"county":"VENTURA","organization":"OCSD","batch_year":"1998"}]}},{"type":"Feature","geometry":{"type":"Polygon","coordinates":[[[-119.30639353181365,34.22311826662521],[-119.29866376687795,34.235013519799935],[-119.30703967377869,34.24621553453902],[-119.32314576314599,34.24552106503214],[-119.3308726528895,34.233625539465166],[-119.3224963293735,34.22242475571839],[-119.30639353181365,34.22311826662521]]]},"properties":{"h3_index":"872912781ffffff","station_count":1,"program_id":"bight","program":"Southern California Bight","resolution":7,"stations":[{"station_id":"B03_B03W127","station_name":"B03W127_B03","lat":34.2338,"lon":-119.31121,"county":"VENTURA","organization":"USC","batch_year":"2003"}]}},{"type":"Feature","geometry":{"type":"Polygon","coordinates":[[[-119.25807585794873,34.22518649915409],[-119.25033883651936,34.23708010875487],[-119.25871212006724,34.248286634095344],[-119.27482284991561,34.24759831973127],[-119.28255700128092,34.23570443431822],[-119.27418329377896,34.224499139003115],[-119.25807585794873,34.22518649915409]]]},"properties":{"h3_index":"872912782ffffff","station_count":5,"program_id":"bight","program":"Southern California Bight","resolution":7,"stations":[{"station_id":"B18-10658","station_name":"B18-10658","lat":34.23463,"lon":-119.25753,"county":"VENTURA","organization":"SCCWRP","batch_year":"2018"},{"station_id":"B13-8430","station_name":"B13-8430 OpenwaterStation","lat":34.24421,"lon":-119.26488,"county":"VENTURA","organization":"SCCWRP","batch_year":"2013"},{"station_id":"2128_B98","station_name":"B98_2128","lat":34.24604,"lon":-119.25924,"county":"VENTURA","organization":"CRGML","batch_year":"1998"},{"station_id":"B03_B03W129","station_name":"B03W129_B03","lat":34.23407,"lon":-119.26808,"county":"VENTURA","organization":"USC","batch_year":"2003"},{"station_id":"B03W302_B03","station_name":"B03_B03W302","lat":34.2315,"lon":-119.265,"county":"VENTURA","organization":"USC","batch_year":"2003"}]}},{"type":"Feature","geometry":{"type":"Polygon","coordinates":[[[-119.28255700128092,34.23570443431822],[-119.27482284991561,34.24759831973127],[-119.28319833649354,34.25880156458296],[-119.29930839567614,34.25810969383037],[-119.30703967377869,34.24621553453902],[-119.29866376687795,34.235013519799935],[-119.28255700128092,34.23570443431822]]]},"properties":{"h3_index":"872912783ffffff","station_count":5,"program_id":"bight","program":"Southern California Bight","resolution":7,"stations":[{"station_id":"2330_B98","station_name":"B98_2330","lat":34.2394,"lon":-119.2807,"county":"VENTURA","organization":"SCCWRP","batch_year":"1998"},{"station_id":"SCBPP_0552","station_name":"0552_SCBPP","lat":34.25013,"lon":-119.28585,"county":"VENTURA","organization":"SCCWRP","batch_year":"1994"},{"station_id":"SCBPP_0560","station_name":"0560_SCBPP","lat":34.24607,"lon":-119.28293,"county":"VENTURA","organization":"OCSD","batch_year":"1994"},{"station_id":"2331_B98","station_name":"B98_2331","lat":34.2458,"lon":-119.2894,"county":"VENTURA","organization":"SCCWRP","batch_year":"1998"},{"station_id":"B03_B03W121","station_name":"B03W121_B03","lat":34.25202,"lon":-119.28992,"county":"VENTURA","organization":"USC","batch_year":"2003"}]}},{"type":"Feature","geometry":{"type":"Polygon","coordinates":[[[-119.28127512462495,34.189500748974005],[-119.27354400153364,34.201396817643165],[-119.28191593071259,34.21260416015585],[-119.29801940406628,34.211914202217535],[-119.30574765642362,34.200017858770195],[-119.29737530707673,34.18881174796063],[-119.28127512462495,34.189500748974005]]]},"properties":{"h3_index":"872912784ffffff","station_count":2,"program_id":"bight","program":"Southern California Bight","resolution":7,"stations":[{"station_id":"4189_B03","station_name":"B03_4189","lat":34.20065,"lon":-119.30295,"county":"VENTURA","organization":"CRGML","batch_year":"2003"},{"station_id":"B18-10212","station_name":"B18-10212","lat":34.19924,"lon":-119.29642,"county":"VENTURA","organization":"SCCWRP","batch_year":"2018"}]}},{"type":"Feature","geometry":{"type":"Polygon","coordinates":[[[-119.30574765642362,34.200017858770195],[-119.29801940406628,34.211914202217535],[-119.30639353181365,34.22311826662521],[-119.3224963293735,34.22242475571839],[-119.33022170780455,34.21052813942871],[-119.32184716351708,34.19932530680923],[-119.30574765642362,34.200017858770195]]]},"properties":{"h3_index":"872912785ffffff","station_count":2,"program_id":"bight","program":"Southern California Bight","resolution":7,"stations":[{"station_id":"B03W143_B03","station_name":"B03_B03W143","lat":34.20041,"lon":-119.31078,"county":"VENTURA","organization":"USC","batch_year":"2003"},{"station_id":"B03_B03W135","station_name":"B03W135_B03","lat":34.21792,"lon":-119.3111,"county":"VENTURA","organization":"USC","batch_year":"2003"}]}},{"type":"Feature","geometry":{"type":"Polygon","coordinates":[[[-119.25743985837894,34.20208322323619],[-119.24970435264412,34.21397792582141],[-119.25807585794873,34.22518649915409],[-119.27418329377896,34.224499139003115],[-119.28191593071259,34.21260416015585],[-119.27354400153364,34.201396817643165],[-119.25743985837894,34.20208322323619]]]},"properties":{"h3_index":"872912786ffffff","station_count":1,"program_id":"bight","program":"Southern California Bight","resolution":7,"stations":[{"station_id":"B03_B03W137","station_name":"B03W137_B03","lat":34.21819,"lon":-119.26841,"county":"VENTURA","organization":"USC","batch_year":"2003"}]}},{"type":"Feature","geometry":{"type":"Polygon","coordinates":[[[-119.33152386664395,34.256719796641946],[-119.3237954650003,34.26861422787707],[-119.33217534923409,34.27981090408899],[-119.34828404908417,34.279111918707216],[-119.35600957107539,34.26721721746341],[-119.34762927378463,34.25602177153095],[-119.33152386664395,34.256719796641946]]]},"properties":{"h3_index":"872912788ffffff","station_count":3,"program_id":"bight","program":"Southern California Bight","resolution":7,"stations":[{"station_id":"2340_B98","station_name":"B98_2340","lat":34.265,"lon":-119.3408,"county":"VENTURA","organization":"CRGML","batch_year":"1998"},{"station_id":"2338_B98","station_name":"B98_2338","lat":34.2697,"lon":-119.3411,"county":"VENTURA","organization":"CRGML","batch_year":"1998"},{"station_id":"B03_B03W112","station_name":"B03W112_B03","lat":34.26988,"lon":-119.33196,"county":"VENTURA","organization":"USC","batch_year":"2003"}]}},{"type":"Feature","geometry":{"type":"Polygon","coordinates":[[[-119.35600957107539,34.26721721746341],[-119.34828404908417,34.279111918707216],[-119.35666612793794,34.290305306778535],[-119.3727741391205,34.289602763167565],[-119.38049677826832,34.27770779385071],[-119.37211428999221,34.26651563613851],[-119.35600957107539,34.26721721746341]]]},"properties":{"h3_index":"872912789ffffff","station_count":5,"program_id":"bight","program":"Southern California Bight","resolution":7,"stations":[{"station_id":"7681_B08","station_name":"B08-7681","lat":34.28399,"lon":-119.35491,"county":"VENTURA","organization":"CSD","batch_year":"2008"},{"station_id":"4043_B03","station_name":"B03_4043","lat":34.28399,"lon":-119.35491,"county":"VENTURA","organization":"CRGML","batch_year":"2003"},{"station_id":"B03_B03W111","station_name":"B03W111_B03","lat":34.27036,"lon":-119.35466,"county":"VENTURA","organization":"USC","batch_year":"2003"},{"station_id":"B18-10209","station_name":"B18-10209","lat":34.28353,"lon":-119.35437,"county":"VENTURA","organization":"SCCWRP","batch_year":"2018"},{"station_id":"B13-9434","station_name":"B13-9434 OpenwaterStation","lat":34.28399,"lon":-119.35491,"county":"VENTURA","organization":"SCCWRP","batch_year":"2013"}]}},{"type":"Feature","geometry":{"type":"Polygon","coordinates":[[[-119.30768608248366,34.26930965563749],[-119.29995329062545,34.28120271743729],[-119.30833275809363,34.29240062305244],[-119.32444543510232,34.29170423738572],[-119.33217534923409,34.27981090408899],[-119.3237954650003,34.26861422787707],[-119.30768608248366,34.26930965563749]]]},"properties":{"h3_index":"87291278affffff","station_count":3,"program_id":"bight","program":"Southern California Bight","resolution":7,"stations":[{"station_id":"B18-10184","station_name":"B18-10184","lat":34.27683,"lon":-119.30746,"county":"VENTURA","organization":"SCCWRP","batch_year":"2018"},{"station_id":"B03_B03W301","station_name":"B03W301_B03","lat":34.2781,"lon":-119.315,"county":"VENTURA","organization":"USC","batch_year":"2003"},{"station_id":"B03_B03W113","station_name":"B03W113_B03","lat":34.27024,"lon":-119.31132,"county":"VENTURA","organization":"USC","batch_year":"2003"}]}},{"type":"Feature","geometry":{"type":"Polygon","coordinates":[[[-119.3308726528895,34.233625539465166],[-119.32314576314599,34.24552106503214],[-119.33152386664395,34.256719796641946],[-119.34762927378463,34.25602177153095],[-119.35535328514433,34.24412597550747],[-119.3469747686623,34.232928474972326],[-119.3308726528895,34.233625539465166]]]},"properties":{"h3_index":"87291278cffffff","station_count":2,"program_id":"bight","program":"Southern California Bight","resolution":7,"stations":[{"station_id":"B03_B03W119","station_name":"B03W119_B03","lat":34.25148,"lon":-119.33218,"county":"VENTURA","organization":"USC","batch_year":"2003"},{"station_id":"B03_B03W126","station_name":"B03W126_B03","lat":34.23398,"lon":-119.33228,"county":"VENTURA","organization":"USC","batch_year":"2003"}]}},{"type":"Feature","geometry":{"type":"Polygon","coordinates":[[[-119.35535328514433,34.24412597550747],[-119.34762927378463,34.25602177153095],[-119.35600957107539,34.26721721746341],[-119.37211428999221,34.26651563613851],[-119.37983541977904,34.25461957159481],[-119.3714547131366,34.243425356816836],[-119.35535328514433,34.24412597550747]]]},"properties":{"h3_index":"87291278dffffff","station_count":1,"program_id":"bight","program":"Southern California Bight","resolution":7,"stations":[{"station_id":"4203_B03","station_name":"B03_4203","lat":34.26386,"lon":-119.37103,"county":"VENTURA","organization":"CRGML","batch_year":"2003"}]}},{"type":"Feature","geometry":{"type":"Polygon","coordinates":[[[-119.30703967377869,34.24621553453902],[-119.29930839567614,34.25810969383037],[-119.30768608248366,34.26930965563749],[-119.3237954650003,34.26861422787707],[-119.33152386664395,34.256719796641946],[-119.32314576314599,34.24552106503214],[-119.30703967377869,34.24621553453902]]]},"properties":{"h3_index":"87291278effffff","station_count":6,"program_id":"bight","program":"Southern California Bight","resolution":7,"stations":[{"station_id":"SCBPP_0530","station_name":"0530_SCBPP","lat":34.25817,"lon":-119.32553,"county":"VENTURA","organization":"SCCWRP","batch_year":"1994"},{"station_id":"SCBPP_0540","station_name":"0540_SCBPP","lat":34.2541,"lon":-119.30723,"county":"VENTURA","organization":"SCCWRP","batch_year":"1994"},{"station_id":"SCBPP_0533","station_name":"0533_SCBPP","lat":34.25745,"lon":-119.32988,"county":"VENTURA","organization":"TEX-AM","batch_year":"1994"},{"station_id":"4331_B03","station_name":"B03_4331","lat":34.25494,"lon":-119.32504,"county":"VENTURA","organization":"CRGML","batch_year":"2003"},{"station_id":"2339_B98","station_name":"B98_2339","lat":34.26696,"lon":-119.31223,"county":"VENTURA","organization":"CRGML","batch_year":"1998"},{"station_id":"B03_B03W120","station_name":"B03W120_B03","lat":34.25157,"lon":-119.31132,"county":"VENTURA","organization":"USC","batch_year":"2003"}]}},{"type":"Feature","geometry":{"type":"Polygon","coordinates":[[[-119.25871212006724,34.248286634095344],[-119.25097358235278,34.26017914710029],[-119.25934864489696,34.271383621183624],[-119.2754626701069,34.270694352951985],[-119.28319833649354,34.25880156458296],[-119.27482284991561,34.24759831973127],[-119.25871212006724,34.248286634095344]]]},"properties":{"h3_index":"87291279cffffff","station_count":3,"program_id":"bight","program":"Southern California Bight","resolution":7,"stations":[{"station_id":"B18-10045","station_name":"B18-10045","lat":34.25844,"lon":-119.2669,"county":"VENTURA","organization":"SCCWRP","batch_year":"2018"},{"station_id":"6560_B08","station_name":"B08-6560","lat":34.24867,"lon":-119.26405,"county":"VENTURA","organization":"ABCL","batch_year":"2008"},{"station_id":"2329_B98","station_name":"B98_2329","lat":34.25,"lon":-119.2766,"county":"VENTURA","organization":"OCSD","batch_year":"1998"}]}},{"type":"Feature","geometry":{"type":"Polygon","coordinates":[[[-119.28319833649354,34.25880156458296],[-119.2754626701069,34.270694352951985],[-119.28383993651417,34.281895544077805],[-119.29995329062545,34.28120271743729],[-119.30768608248366,34.26930965563749],[-119.29930839567614,34.25810969383037],[-119.28319833649354,34.25880156458296]]]},"properties":{"h3_index":"87291279dffffff","station_count":1,"program_id":"bight","program":"Southern California Bight","resolution":7,"stations":[{"station_id":"B03_B03W114","station_name":"B03W114_B03","lat":34.26988,"lon":-119.28949,"county":"VENTURA","organization":"USC","batch_year":"2003"}]}},{"type":"Feature","geometry":{"type":"Polygon","coordinates":[[[-119.30445670470976,34.15380765076275],[-119.296731475745,34.16570616391261],[-119.30510204744388,34.176914317854035],[-119.3211982654112,34.176222725183976],[-119.328920622979,34.16432393828674],[-119.32054963489038,34.153117017727915],[-119.30445670470976,34.15380765076275]]]},"properties":{"h3_index":"8729127a0ffffff","station_count":1,"program_id":"bight","program":"Southern California Bight","resolution":7,"stations":[{"station_id":"B03W168_B03","station_name":"B03_B03W168","lat":34.1638,"lon":-119.31122,"county":"FEDERAL WATERS","organization":"USC","batch_year":"2003"}]}},{"type":"Feature","geometry":{"type":"Polygon","coordinates":[[[-119.328920622979,34.16432393828674],[-119.3211982654112,34.176222725183976],[-119.32957103122301,34.18742760340859],[-119.34566656828137,34.18673246119124],[-119.35338605126623,34.174833402484374],[-119.34501287268913,34.163629757725246],[-119.328920622979,34.16432393828674]]]},"properties":{"h3_index":"8729127a1ffffff","station_count":4,"program_id":"bight","program":"Southern California Bight","resolution":7,"stations":[{"station_id":"2376_B98","station_name":"B98_2376","lat":34.17867,"lon":-119.34686,"county":"FEDERAL WATERS","organization":"CRGML","batch_year":"1998"},{"station_id":"B18-10213","station_name":"B18-10213","lat":34.17873,"lon":-119.34684,"county":"OOS","organization":"SCCWRP","batch_year":"2018"},{"station_id":"7629_B08","station_name":"B08-7629","lat":34.17867,"lon":-119.34686,"county":"FEDERAL WATERS","organization":"CSD","batch_year":"2008"},{"station_id":"B03_B03W150","station_name":"B03W150_B03","lat":34.18281,"lon":-119.33272,"county":"FEDERAL WATERS","organization":"USC","batch_year":"2003"}]}},{"type":"Feature","geometry":{"type":"Polygon","coordinates":[[[-119.27999430523792,34.14328454309448],[-119.27226620806468,34.15518278055983],[-119.2806345828545,34.166394207656865],[-119.296731475745,34.16570616391261],[-119.30445670470976,34.15380765076275],[-119.29608790990693,34.14259745696284],[-119.27999430523792,34.14328454309448]]]},"properties":{"h3_index":"8729127a6ffffff","station_count":2,"program_id":"bight","program":"Southern California Bight","resolution":7,"stations":[{"station_id":"SCBPP_0759","station_name":"0759_SCBPP","lat":34.15073,"lon":-119.29808,"county":"FEDERAL WATERS","organization":"PACE","batch_year":"1994"},{"station_id":"SCBPP_0758","station_name":"0758_SCBPP","lat":34.1509,"lon":-119.27972,"county":"VENTURA","organization":"SCCWRP","batch_year":"1994"}]}},{"type":"Feature","geometry":{"type":"Polygon","coordinates":[[[-119.35404152540706,34.19793406114306],[-119.3463205335502,34.20983203590066],[-119.35469726997734,34.2210315877767],[-119.37079540838535,34.22033193206782],[-119.37851352120788,34.208433687890846],[-119.37013637557031,34.19723536876266],[-119.35404152540706,34.19793406114306]]]},"properties":{"h3_index":"8729127a8ffffff","station_count":2,"program_id":"bight","program":"Southern California Bight","resolution":7,"stations":[{"station_id":"B03W141_B03","station_name":"B03_B03W141","lat":34.20059,"lon":-119.354,"county":"FEDERAL WATERS","organization":"USC","batch_year":"2003"},{"station_id":"7647_B08","station_name":"B08-7647","lat":34.21884,"lon":-119.35474,"county":"FEDERAL WATERS","organization":"CSD","batch_year":"2008"}]}},{"type":"Feature","geometry":{"type":"Polygon","coordinates":[[[-119.37851352120788,34.208433687890846],[-119.37079540838535,34.22033193206782],[-119.37917433414843,34.231528200652235],[-119.39527177922862,34.230824992154496],[-119.40298700983413,34.21892648049632],[-119.39460767848956,34.20773144473741],[-119.37851352120788,34.208433687890846]]]},"properties":{"h3_index":"8729127a9ffffff","station_count":2,"program_id":"bight","program":"Southern California Bight","resolution":7,"stations":[{"station_id":"2373_B98","station_name":"B98_2373","lat":34.22055,"lon":-119.38588,"county":"FEDERAL WATERS","organization":"CRGML","batch_year":"1998"},{"station_id":"SCBPP_0621","station_name":"0621_SCBPP","lat":34.22007,"lon":-119.3739,"county":"FEDERAL WATERS","organization":"SCCWRP","batch_year":"1994"}]}},{"type":"Feature","geometry":{"type":"Polygon","coordinates":[[[-119.35469726997734,34.2210315877767],[-119.3469747686623,34.232928474972326],[-119.35535328514433,34.24412597550747],[-119.3714547131366,34.243425356816836],[-119.37917433414843,34.231528200652235],[-119.37079540838535,34.22033193206782],[-119.35469726997734,34.2210315877767]]]},"properties":{"h3_index":"8729127abffffff","station_count":2,"program_id":"bight","program":"Southern California Bight","resolution":7,"stations":[{"station_id":"B18-10211","station_name":"B18-10211","lat":34.22837,"lon":-119.352,"county":"OOS","organization":"SCCWRP","batch_year":"2018"},{"station_id":"B03_B03W125","station_name":"B03W125_B03","lat":34.23425,"lon":-119.35444,"county":"FEDERAL WATERS","organization":"USC","batch_year":"2003"}]}},{"type":"Feature","geometry":{"type":"Polygon","coordinates":[[[-119.35338605126623,34.174833402484374],[-119.34566656828137,34.18673246119124],[-119.35404152540706,34.19793406114306],[-119.37013637557031,34.19723536876266],[-119.37785298078883,34.185336040184445],[-119.36947761452342,34.174135673778494],[-119.35338605126623,34.174833402484374]]]},"properties":{"h3_index":"8729127acffffff","station_count":2,"program_id":"bight","program":"Southern California Bight","resolution":7,"stations":[{"station_id":"2375_B98","station_name":"B98_2375","lat":34.18758,"lon":-119.3554,"county":"FEDERAL WATERS","organization":"CRGML","batch_year":"1998"},{"station_id":"4317_B03","station_name":"B03_4317","lat":34.18276,"lon":-119.35365,"county":"FEDERAL WATERS","organization":"SCCWRP","batch_year":"2003"}]}},{"type":"Feature","geometry":{"type":"Polygon","coordinates":[[[-119.37785298078883,34.185336040184445],[-119.37013637557031,34.19723536876266],[-119.37851352120788,34.208433687890846],[-119.39460767848956,34.20773144473741],[-119.40232140276096,34.195831848226675],[-119.39394385161036,34.184634762722176],[-119.37785298078883,34.185336040184445]]]},"properties":{"h3_index":"8729127adffffff","station_count":1,"program_id":"bight","program":"Southern California Bight","resolution":7,"stations":[{"station_id":"B18-10249","station_name":"B18-10249","lat":34.19588,"lon":-119.39064,"county":"OOS","organization":"SCCWRP","batch_year":"2018"}]}},{"type":"Feature","geometry":{"type":"Polygon","coordinates":[[[-119.32957103122301,34.18742760340859],[-119.32184716351708,34.19932530680923],[-119.33022170780455,34.21052813942871],[-119.3463205335502,34.20983203590066],[-119.35404152540706,34.19793406114306],[-119.34566656828137,34.18673246119124],[-119.32957103122301,34.18742760340859]]]},"properties":{"h3_index":"8729127aeffffff","station_count":2,"program_id":"bight","program":"Southern California Bight","resolution":7,"stations":[{"station_id":"SCBPP_0652","station_name":"0652_SCBPP","lat":34.2082,"lon":-119.34722,"county":"FEDERAL WATERS","organization":"SCCWRP","batch_year":"1994"},{"station_id":"SCBPP_0665","station_name":"0665_SCBPP","lat":34.20447,"lon":-119.3463,"county":"FEDERAL WATERS","organization":"PACE","batch_year":"1994"}]}},{"type":"Feature","geometry":{"type":"Polygon","coordinates":[[[-119.23233465491914,34.1684460547146],[-119.2245977999471,34.180341568022065],[-119.23296532360186,34.19155545905635],[-119.24907013056517,34.190872605179585],[-119.25680412119557,34.17897681322392],[-119.24843617012066,34.16776415371498],[-119.23233465491914,34.1684460547146]]]},"properties":{"h3_index":"8729127b0ffffff","station_count":1,"program_id":"bight","program":"Southern California Bight","resolution":7,"stations":[{"station_id":"6553_B08","station_name":"B08-6553","lat":34.18464,"lon":-119.2309,"county":"VENTURA","organization":"ABCL","batch_year":"2008"}]}},{"type":"Feature","geometry":{"type":"Polygon","coordinates":[[[-119.23170424636781,34.145333526099094],[-119.22396890716975,34.157230124706736],[-119.23233465491914,34.1684460547146],[-119.24843617012066,34.16776415371498],[-119.25616864623642,34.155867276005445],[-119.24780247114882,34.14465257831914],[-119.23170424636781,34.145333526099094]]]},"properties":{"h3_index":"8729127b4ffffff","station_count":1,"program_id":"bight","program":"Southern California Bight","resolution":7,"stations":[{"station_id":"2132_B98","station_name":"B98_2132","lat":34.1563,"lon":-119.22732,"county":"VENTURA","organization":"CSD","batch_year":"1998"}]}},{"type":"Feature","geometry":{"type":"Polygon","coordinates":[[[-119.25616864623642,34.155867276005445],[-119.24843617012066,34.16776415371498],[-119.25680412119557,34.17897681322392],[-119.27290497301658,34.17829136253289],[-119.2806345828545,34.166394207656865],[-119.27226620806468,34.15518278055983],[-119.25616864623642,34.155867276005445]]]},"properties":{"h3_index":"8729127b5ffffff","station_count":1,"program_id":"bight","program":"Southern California Bight","resolution":7,"stations":[{"station_id":"B03W169_B03","station_name":"B03_B03W169","lat":34.1638,"lon":-119.2669,"county":"VENTURA","organization":"USC","batch_year":"2003"}]}},{"type":"Feature","geometry":{"type":"Polygon","coordinates":[[[-119.20786673457604,34.15790847665167],[-119.20012701846234,34.16980370937675],[-119.20849233516716,34.181020870817306],[-119.2245977999471,34.180341568022065],[-119.23233465491914,34.1684460547146],[-119.22396890716975,34.157230124706736],[-119.20786673457604,34.15790847665167]]]},"properties":{"h3_index":"8729127b6ffffff","station_count":8,"program_id":"bight","program":"Southern California Bight","resolution":7,"stations":[{"station_id":"B18-10046","station_name":"B18-10046","lat":34.1712,"lon":-119.2235,"county":"VENTURA","organization":"SCCWRP","batch_year":"2018"},{"station_id":"4131_B03","station_name":"B03_4131","lat":34.16239,"lon":-119.22486,"county":"VENTURA","organization":"CRGML","batch_year":"2003"},{"station_id":"2129_B98","station_name":"B98_2129","lat":34.17298,"lon":-119.22742,"county":"VENTURA","organization":"CRGML","batch_year":"1998"},{"station_id":"6549_B08","station_name":"B08-6549","lat":34.1712,"lon":-119.2235,"county":"VENTURA","organization":"ABCL","batch_year":"2008"},{"station_id":"2131_B98","station_name":"B98_2131","lat":34.16291,"lon":-119.22436,"county":"VENTURA","organization":"CRGML","batch_year":"1998"},{"station_id":"2130_B98","station_name":"B98_2130","lat":34.1712,"lon":-119.2235,"county":"VENTURA","organization":"CSD","batch_year":"1998"},{"station_id":"B13-8426","station_name":"B13-8426 OpenwaterStation","lat":34.17297,"lon":-119.22346,"county":"VENTURA","organization":"SCCWRP","batch_year":"2013"},{"station_id":"B13-8425","station_name":"B13-8425 OpenwaterStation","lat":34.1712,"lon":-119.2235,"county":"VENTURA","organization":"SCCWRP","batch_year":"2013"}]}},{"type":"Feature","geometry":{"type":"Polygon","coordinates":[[[-120.064730904566,33.818316263476994],[-120.05714151562293,33.8302528302853],[-120.06552893393987,33.84141502391667],[-120.08150604186932,33.84063939218317],[-120.08909249678833,33.82870260064792],[-120.08070477868495,33.8175416654859],[-120.064730904566,33.818316263476994]]]},"properties":{"h3_index":"872912a1effffff","station_count":2,"program_id":"bight","program":"Southern California Bight","resolution":7,"stations":[{"station_id":"4561_B03","station_name":"B03_4561","lat":33.82683,"lon":-120.07563,"county":"FEDERAL WATERS","organization":"CSD","batch_year":"2003"},{"station_id":"7408_B08","station_name":"B08-7408","lat":33.84025,"lon":-120.07927,"county":"FEDERAL WATERS","organization":"CSD","batch_year":"2008"}]}},{"type":"Feature","geometry":{"type":"Polygon","coordinates":[[[-119.94603530188621,33.85872071701299],[-119.93842544383489,33.870652147393976],[-119.94680952879236,33.8818226485693],[-119.96280379048014,33.88106046419198],[-119.97041072462319,33.8691288011494],[-119.96202632187436,33.85795955505974],[-119.94603530188621,33.85872071701299]]]},"properties":{"h3_index":"872912a80ffffff","station_count":1,"program_id":"bight","program":"Southern California Bight","resolution":7,"stations":[{"station_id":"4299_B03","station_name":"B03_4299","lat":33.87472,"lon":-119.94776,"county":"FEDERAL WATERS","organization":"CSD","batch_year":"2003"}]}},{"type":"Feature","geometry":{"type":"Polygon","coordinates":[[[-119.99478741320351,33.87953009043169],[-119.98718340603726,33.891461984168274],[-119.99557168458097,33.90262591872096],[-120.01156428177663,33.90185670432794],[-120.01916535890022,33.889924581865465],[-120.01077676975741,33.8787619024355],[-119.99478741320351,33.87953009043169]]]},"properties":{"h3_index":"872912a8cffffff","station_count":1,"program_id":"bight","program":"Southern California Bight","resolution":7,"stations":[{"station_id":"4235_B03","station_name":"B03_4235","lat":33.88651,"lon":-120.01008,"county":"SANTA BARBARA","organization":"CSD","batch_year":"2003"}]}},{"type":"Feature","geometry":{"type":"Polygon","coordinates":[[[-119.9247398691265,33.9407075407174],[-119.91712123136175,33.95263469692586],[-119.92551033832484,33.96380035659095],[-119.94151840539926,33.96303760819005],[-119.94913411715667,33.95111021925026],[-119.94074468873724,33.939945811357084],[-119.9247398691265,33.9407075407174]]]},"properties":{"h3_index":"872912a9bffffff","station_count":1,"program_id":"bight","program":"Southern California Bight","resolution":7,"stations":[{"station_id":"7462_B08","station_name":"B08-7462","lat":33.94782,"lon":-119.92735,"county":"SANTA BARBARA","organization":"CSD","batch_year":"2008"}]}},{"type":"Feature","geometry":{"type":"Polygon","coordinates":[[[-119.94758407350916,33.90492154740841],[-119.93997128971935,33.91685096433621],[-119.94835893623208,33.92801740660768],[-119.96435968524543,33.92725317842758],[-119.9719695425399,33.915323529788836],[-119.96358157820508,33.90415834095523],[-119.94758407350916,33.90492154740841]]]},"properties":{"h3_index":"872912a9dffffff","station_count":4,"program_id":"bight","program":"Southern California Bight","resolution":7,"stations":[{"station_id":"7438_B08","station_name":"B08-7438","lat":33.91281,"lon":-119.9476,"county":"SANTA BARBARA","organization":"CSD","batch_year":"2008"},{"station_id":"7442_B08","station_name":"B08-7442","lat":33.92059,"lon":-119.95171,"county":"SANTA BARBARA","organization":"CSD","batch_year":"2008"},{"station_id":"B18-10396","station_name":"B18-10396","lat":33.912621,"lon":-119.947905,"county":"SANTA BARBARA","organization":"SCCWRP","batch_year":"2018"},{"station_id":"B13-9274","station_name":"B13-9274 OpenwaterStation","lat":33.91281,"lon":-119.9476,"county":"SANTA BARBARA","organization":"SCCWRP","batch_year":"2013"}]}},{"type":"Feature","geometry":{"type":"Polygon","coordinates":[[[-119.99321983545451,33.833329345763865],[-119.98561874662936,33.84526324031179],[-119.99400346356057,33.85643123047064],[-120.00998958077959,33.85566406922038],[-120.01758774215295,33.84372994499197],[-120.0092027146447,33.8325632116078],[-119.99321983545451,33.833329345763865]]]},"properties":{"h3_index":"872912aaeffffff","station_count":2,"program_id":"bight","program":"Southern California Bight","resolution":7,"stations":[{"station_id":"4171_B03","station_name":"B03_4171","lat":33.85571,"lon":-120.00273,"county":"FEDERAL WATERS","organization":"CSD","batch_year":"2003"},{"station_id":"7405_B08","station_name":"B08-7405","lat":33.83735,"lon":-120.0097,"county":"FEDERAL WATERS","organization":"CSD","batch_year":"2008"}]}},{"type":"Feature","geometry":{"type":"Polygon","coordinates":[[[-120.211746726112,33.90361268245453],[-120.20417354089359,33.91554957241596],[-120.21257518833414,33.92668997981082],[-120.22855030009141,33.92589223950545],[-120.23612053173115,33.91395513713427],[-120.22771860607274,33.90281598738978],[-120.211746726112,33.90361268245453]]]},"properties":{"h3_index":"872912aedffffff","station_count":1,"program_id":"bight","program":"Southern California Bight","resolution":7,"stations":[{"station_id":"7439_B08","station_name":"B08-7439","lat":33.91313,"lon":-120.22178,"county":"SANTA BARBARA","organization":"CSD","batch_year":"2008"}]}},{"type":"Feature","geometry":{"type":"Polygon","coordinates":[[[-120.06712597481636,33.88760347873273],[-120.05953222251956,33.89953705639306],[-120.0679249867214,33.91069315926409],[-120.08391180390446,33.90991442840198],[-120.09150261827875,33.897980627448256],[-120.08310955427712,33.88682578056294],[-120.06712597481636,33.88760347873273]]]},"properties":{"h3_index":"872912af0ffffff","station_count":1,"program_id":"bight","program":"Southern California Bight","resolution":7,"stations":[{"station_id":"4417_B03","station_name":"B03_4417","lat":33.8896,"lon":-120.08207,"county":"SANTA BARBARA","organization":"CSD","batch_year":"2003"}]}},{"type":"Feature","geometry":{"type":"Polygon","coordinates":[[[-119.05160223639136,33.724038793722386],[-119.04386974201448,33.735949178786626],[-119.05219352771262,33.74721785597229],[-119.06825025990007,33.74657490437072],[-119.07597993222625,33.73466421960715],[-119.06765569532627,33.723396786067205],[-119.05160223639136,33.724038793722386]]]},"properties":{"h3_index":"872912c9affffff","station_count":1,"program_id":"bight","program":"Southern California Bight","resolution":7,"stations":[{"station_id":"4025_B03","station_name":"B03_4025","lat":33.73889,"lon":-119.0648,"county":"FEDERAL WATERS","organization":"CSD","batch_year":"2003"}]}},{"type":"Feature","geometry":{"type":"Polygon","coordinates":[[[-119.04629153480776,33.515293431160174],[-119.03857265457086,33.52721289699034],[-119.04688064385905,33.53849916940027],[-119.06290796461238,33.53786472494962],[-119.07062403386685,33.525944955010196],[-119.0623155942561,33.51465993355303],[-119.04629153480776,33.515293431160174]]]},"properties":{"h3_index":"872912d91ffffff","station_count":1,"program_id":"bight","program":"Southern California Bight","resolution":7,"stations":[{"station_id":"7235_B08","station_name":"B08-7235","lat":33.53276,"lon":-119.04797,"county":"SANTA BARBARA","organization":"CSD","batch_year":"2008"}]}},{"type":"Feature","geometry":{"type":"Polygon","coordinates":[[[-119.09256403062824,33.443760681578006],[-119.08485680115153,33.455684697681676],[-119.09316218484196,33.46697233702387],[-119.10917524173739,33.466334705738674],[-119.11687965881248,33.4544103874246],[-119.10857383229643,33.44312400252783],[-119.09256403062824,33.443760681578006]]]},"properties":{"h3_index":"872912da2ffffff","station_count":1,"program_id":"bight","program":"Southern California Bight","resolution":7,"stations":[{"station_id":"4574_B03","station_name":"B03_4574","lat":33.45741,"lon":-119.10557,"county":"SANTA BARBARA","organization":"CSD","batch_year":"2003"}]}},{"type":"Feature","geometry":{"type":"Polygon","coordinates":[[[-119.06824997962568,33.433104305112664],[-119.06053994090496,33.445028017055904],[-119.06884312802667,33.456318840546786],[-119.08485680115153,33.455684697681676],[-119.09256403062824,33.443760681578006],[-119.08426039712718,33.43247111242183],[-119.06824997962568,33.433104305112664]]]},"properties":{"h3_index":"872912db5ffffff","station_count":1,"program_id":"bight","program":"Southern California Bight","resolution":7,"stations":[{"station_id":"4446_B03","station_name":"B03_4446","lat":33.45058,"lon":-119.06927,"county":"SANTA BARBARA","organization":"CSD","batch_year":"2003"}]}},{"type":"Feature","geometry":{"type":"Polygon","coordinates":[[[-120.30350928717677,34.44140016974535],[-120.29591310642856,34.453314843851025],[-120.30436046654937,34.46439944026843],[-120.32040427536468,34.46356812293488],[-120.32799746430344,34.45165325235918],[-120.31954983712681,34.44056989549884],[-120.30350928717677,34.44140016974535]]]},"properties":{"h3_index":"872913422ffffff","station_count":2,"program_id":"bight","program":"Southern California Bight","resolution":7,"stations":[{"station_id":"2354_B98","station_name":"B98_2354","lat":34.45887,"lon":-120.31283,"county":"SANTA BARBARA","organization":"CSD","batch_year":"1998"},{"station_id":"B13-9484","station_name":"B13-9484 OpenwaterStation","lat":34.45911,"lon":-120.31709,"county":"SANTA BARBARA","organization":"SCCWRP","batch_year":"2013"}]}},{"type":"Feature","geometry":{"type":"Polygon","coordinates":[[[-120.32799746430344,34.45165325235918],[-120.32040427536468,34.46356812293488],[-120.32885370799225,34.4746493573411],[-120.34489659385382,34.47381448154574],[-120.35248678791957,34.46189941646198],[-120.34403709188666,34.4508194215932],[-120.32799746430344,34.45165325235918]]]},"properties":{"h3_index":"872913423ffffff","station_count":1,"program_id":"bight","program":"Southern California Bight","resolution":7,"stations":[{"station_id":"2355_B98","station_name":"B98_2355","lat":34.4516,"lon":-120.33624,"county":"SANTA BARBARA","organization":"CSD","batch_year":"1998"}]}},{"type":"Feature","geometry":{"type":"Polygon","coordinates":[[[-120.32628603452112,34.40565145195702],[-120.31869575072652,34.41756847218901],[-120.32714157321887,34.42865394831074],[-120.3431779438395,34.42782116294903],[-120.35076523543131,34.41590394733248],[-120.34231914949416,34.40481971237369],[-120.32628603452112,34.40565145195702]]]},"properties":{"h3_index":"872913424ffffff","station_count":1,"program_id":"bight","program":"Southern California Bight","resolution":7,"stations":[{"station_id":"SCBPP_0115","station_name":"0115_SCBPP","lat":34.41638,"lon":-120.33678,"county":"SANTA BARBARA","organization":"SCCWRP","batch_year":"1994"}]}},{"type":"Feature","geometry":{"type":"Polygon","coordinates":[[[-120.35076523543131,34.41590394733248],[-120.3431779438395,34.42782116294903],[-120.35162583444125,34.438903279459616],[-120.36766127732128,34.43806693912371],[-120.37524557365319,34.4261495300863],[-120.36679742325333,34.41506865471693],[-120.35076523543131,34.41590394733248]]]},"properties":{"h3_index":"872913425ffffff","station_count":1,"program_id":"bight","program":"Southern California Bight","resolution":7,"stations":[{"station_id":"4303_B03","station_name":"B03_4303","lat":34.43291,"lon":-120.35373,"county":"SANTA BARBARA","organization":"USC","batch_year":"2003"}]}},{"type":"Feature","geometry":{"type":"Polygon","coordinates":[[[-120.27986838062725,34.454142603122186],[-120.27226775507219,34.466055999491466],[-120.28071484450287,34.47714183467209],[-120.29676283107028,34.47631303463224],[-120.30436046654937,34.46439944026843],[-120.29591310642856,34.453314843851025],[-120.27986838062725,34.454142603122186]]]},"properties":{"h3_index":"872913431ffffff","station_count":1,"program_id":"bight","program":"Southern California Bight","resolution":7,"stations":[{"station_id":"4367_B03","station_name":"B03_4367","lat":34.462,"lon":-120.29112,"county":"SANTA BARBARA","organization":"CRGML","batch_year":"2003"}]}},{"type":"Feature","geometry":{"type":"Polygon","coordinates":[[[-120.27902226540495,34.431140171382964],[-120.27142309591368,34.44305464705704],[-120.27986838062725,34.454142603122186],[-120.29591310642856,34.453314843851025],[-120.30350928717677,34.44140016974535],[-120.29506373175774,34.430313453254435],[-120.27902226540495,34.431140171382964]]]},"properties":{"h3_index":"872913435ffffff","station_count":3,"program_id":"bight","program":"Southern California Bight","resolution":7,"stations":[{"station_id":"SCBPP_0046","station_name":"0046_SCBPP","lat":34.44067,"lon":-120.30175,"county":"SANTA BARBARA","organization":"SCCWRP","batch_year":"1994"},{"station_id":"7752_B08","station_name":"B08-7752","lat":34.43856,"lon":-120.28506,"county":"SANTA BARBARA","organization":"CSD","batch_year":"2008"},{"station_id":"B13-9482","station_name":"B13-9482 OpenwaterStation","lat":34.44309,"lon":-120.28516,"county":"SANTA BARBARA","organization":"SCCWRP","batch_year":"2013"}]}},{"type":"Feature","geometry":{"type":"Polygon","coordinates":[[[-120.2308877108162,34.43360817969429],[-120.22328111432526,34.44552117419358],[-120.23172404274226,34.45661372632799],[-120.2477738465343,34.45579204508524],[-120.25537745909423,34.443878848670956],[-120.24693425268569,34.43278753532685],[-120.2308877108162,34.43360817969429]]]},"properties":{"h3_index":"872913436ffffff","station_count":2,"program_id":"bight","program":"Southern California Bight","resolution":7,"stations":[{"station_id":"SCBPP_0059","station_name":"0059_SCBPP","lat":34.43667,"lon":-120.23307,"county":"SANTA BARBARA","organization":"SCCWRP","batch_year":"1994"},{"station_id":"B18-10241","station_name":"B18-10241","lat":34.43598,"lon":-120.23708,"county":"SANTA BARBARA","organization":"SCCWRP","batch_year":"2018"}]}},{"type":"Feature","geometry":{"type":"Polygon","coordinates":[[[-120.32543084799305,34.38264577006523],[-120.31784201594694,34.39456385977],[-120.32628603452112,34.40565145195702],[-120.34231914949416,34.40481971237369],[-120.34990499067128,34.39290142684363],[-120.3414607086327,34.38181507663366],[-120.32543084799305,34.38264577006523]]]},"properties":{"h3_index":"87291350affffff","station_count":4,"program_id":"bight","program":"Southern California Bight","resolution":7,"stations":[{"station_id":"7727_B08","station_name":"B08-7727","lat":34.39469,"lon":-120.33147,"county":"FEDERAL WATERS","organization":"CSD","batch_year":"2008"},{"station_id":"B18-10281","station_name":"B18-10281","lat":34.39491,"lon":-120.33138,"county":"OOS","organization":"SCCWRP","batch_year":"2018"},{"station_id":"B13-9464","station_name":"B13-9464 OpenwaterStation","lat":34.39469,"lon":-120.33147,"county":"SANTA BARBARA","organization":"SCCWRP","batch_year":"2013"},{"station_id":"4111_B03","station_name":"B03_4111","lat":34.39469,"lon":-120.33147,"county":"FEDERAL WATERS","organization":"CRGML","batch_year":"2003"}]}},{"type":"Feature","geometry":{"type":"Polygon","coordinates":[[[-120.30180797977943,34.39539204672112],[-120.29421470684201,34.40730886960527],[-120.30265845832548,34.418397702974445],[-120.31869575072652,34.41756847218901],[-120.32628603452112,34.40565145195702],[-120.31784201594694,34.39456385977],[-120.30180797977943,34.39539204672112]]]},"properties":{"h3_index":"872913519ffffff","station_count":1,"program_id":"bight","program":"Southern California Bight","resolution":7,"stations":[{"station_id":"7744_B08","station_name":"B08-7744","lat":34.4052,"lon":-120.31916,"county":"FEDERAL WATERS","organization":"CSD","batch_year":"2008"}]}},{"type":"Feature","geometry":{"type":"Polygon","coordinates":[[[-120.25369570296262,34.39786448081973],[-120.24609500464015,34.409779831397344],[-120.25453640785082,34.4208732600455],[-120.27057878464215,34.4200500976277],[-120.27817649862097,34.40813454621803],[-120.26973482104312,34.397042357970356],[-120.25369570296262,34.39786448081973]]]},"properties":{"h3_index":"87291351affffff","station_count":1,"program_id":"bight","program":"Southern California Bight","resolution":7,"stations":[{"station_id":"B13-9476","station_name":"B13-9476 OpenwaterStation","lat":34.42003,"lon":-120.26919,"county":"SANTA BARBARA","organization":"SCCWRP","batch_year":"2013"}]}},{"type":"Feature","geometry":{"type":"Polygon","coordinates":[[[-120.29671245283333,34.25729150968391],[-120.28912789014232,34.26921469307457],[-120.2975608340763,34.28031616042452],[-120.31357860878073,34.279493198217054],[-120.32116019030775,34.26756981480586],[-120.31272697918054,34.25646959353415],[-120.29671245283333,34.25729150968391]]]},"properties":{"h3_index":"872913526ffffff","station_count":1,"program_id":"bight","program":"Southern California Bight","resolution":7,"stations":[{"station_id":"4327_B03","station_name":"B03_4327","lat":34.26882,"lon":-120.30652,"county":"FEDERAL WATERS","organization":"CRGML","batch_year":"2003"}]}},{"type":"Feature","geometry":{"type":"Polygon","coordinates":[[[-120.3717864968504,34.33413303163205],[-120.36420799355504,34.34605470065084],[-120.37265073232403,34.35714191932496],[-120.38867223152054,34.35630622451098],[-120.3962477418458,34.34438436226786],[-120.3878047468303,34.33329838797398],[-120.3717864968504,34.33413303163205]]]},"properties":{"h3_index":"87291352bffffff","station_count":4,"program_id":"bight","program":"Southern California Bight","resolution":7,"stations":[{"station_id":"7709_B08","station_name":"B08-7709","lat":34.34424,"lon":-120.36861,"county":"FEDERAL WATERS","organization":"NOAACOAST","batch_year":"2008"},{"station_id":"B13-9450","station_name":"B13-9450 OpenwaterStation","lat":34.34424,"lon":-120.36861,"county":"SANTA BARBARA","organization":"SCCWRP","batch_year":"2013"},{"station_id":"B18-10322","station_name":"B18-10322","lat":34.3431,"lon":-120.3685,"county":"OOS","organization":"SCCWRP","batch_year":"2018"},{"station_id":"4071_B03","station_name":"B03_4071","lat":34.34424,"lon":-120.36861,"county":"FEDERAL WATERS","organization":"CRGML","batch_year":"2003"}]}},{"type":"Feature","geometry":{"type":"Polygon","coordinates":[[[-120.27395288376339,34.29305875614957],[-120.26636243908773,34.304979632608486],[-120.27479691157454,34.316080246780935],[-120.29082210042029,34.31525873994765],[-120.29840956433156,34.30333766240026],[-120.28997482104927,34.2922382926864],[-120.27395288376339,34.29305875614957]]]},"properties":{"h3_index":"872913531ffffff","station_count":4,"program_id":"bight","program":"Southern California Bight","resolution":7,"stations":[{"station_id":"7700_B08","station_name":"B08-7700","lat":34.31445,"lon":-120.28235,"county":"FEDERAL WATERS","organization":"CSD","batch_year":"2008"},{"station_id":"B13-9443","station_name":"B13-9443 OpenwaterStation","lat":34.31445,"lon":-120.28235,"county":"SANTA BARBARA","organization":"SCCWRP","batch_year":"2013"},{"station_id":"B18-10323","station_name":"B18-10323","lat":34.31458,"lon":-120.28148,"county":"OOS","organization":"SCCWRP","batch_year":"2018"},{"station_id":"4135_B03","station_name":"B03_4135","lat":34.31445,"lon":-120.28235,"county":"FEDERAL WATERS","organization":"CRGML","batch_year":"2003"}]}},{"type":"Feature","geometry":{"type":"Polygon","coordinates":[[[-120.22587694600551,34.295508051704836],[-120.2182790935693,34.30742746313749],[-120.22671121420758,34.31853266390177],[-120.24274146622633,34.31771720947879],[-120.25033634269408,34.30579759347644],[-120.24190394400097,34.29469363637897],[-120.22587694600551,34.295508051704836]]]},"properties":{"h3_index":"872913532ffffff","station_count":1,"program_id":"bight","program":"Southern California Bight","resolution":7,"stations":[{"station_id":"7697_B08","station_name":"B08-7697","lat":34.30788,"lon":-120.23025,"county":"FEDERAL WATERS","organization":"CSD","batch_year":"2008"}]}},{"type":"Feature","geometry":{"type":"Polygon","coordinates":[[[-120.27310920310424,34.27003411279909],[-120.26552021063958,34.28195604352396],[-120.27395288376339,34.29305875614957],[-120.28997482104927,34.2922382926864],[-120.2975608340763,34.28031616042452],[-120.28912789014232,34.26921469307457],[-120.27310920310424,34.27003411279909]]]},"properties":{"h3_index":"872913535ffffff","station_count":1,"program_id":"bight","program":"Southern California Bight","resolution":7,"stations":[{"station_id":"7684_B08","station_name":"B08-7684","lat":34.28551,"lon":-120.28014,"county":"FEDERAL WATERS","organization":"CSD","batch_year":"2008"}]}},{"type":"Feature","geometry":{"type":"Polygon","coordinates":[[[-120.39885667864378,34.413392012757065],[-120.39127682836781,34.42531068404423],[-120.39972704032745,34.43638819746823],[-120.41575735597847,34.43554579761096],[-120.42333420622802,34.42362693639284],[-120.41488374173969,34.41255066487378],[-120.39885667864378,34.413392012757065]]]},"properties":{"h3_index":"872913550ffffff","station_count":2,"program_id":"bight","program":"Southern California Bight","resolution":7,"stations":[{"station_id":"SCBPP_0122","station_name":"0122_SCBPP","lat":34.41472,"lon":-120.41442,"county":"SANTA BARBARA","organization":"SCCWRP","batch_year":"1994"},{"station_id":"SCBPP_0085","station_name":"0085_SCBPP","lat":34.42653,"lon":-120.41188,"county":"SANTA BARBARA","organization":"SCCWRP","batch_year":"1994"}]}},{"type":"Feature","geometry":{"type":"Polygon","coordinates":[[[-120.42333420622802,34.42362693639284],[-120.41575735597847,34.43554579761096],[-120.42420962659234,34.44661994673894],[-120.44023899722383,34.44577399268353],[-120.44781284440023,34.43385494350007],[-120.43936032490446,34.42278203624798],[-120.42333420622802,34.42362693639284]]]},"properties":{"h3_index":"872913551ffffff","station_count":3,"program_id":"bight","program":"Southern California Bight","resolution":7,"stations":[{"station_id":"7753_B08","station_name":"B08-7753","lat":34.4454,"lon":-120.4264,"county":"SANTA BARBARA","organization":"CSD","batch_year":"2008"},{"station_id":"B18-10203","station_name":"B18-10203","lat":34.44325,"lon":-120.42973,"county":"SANTA BARBARA","organization":"SCCWRP","batch_year":"2018"},{"station_id":"B13-9481","station_name":"B13-9481 OpenwaterStation","lat":34.44262,"lon":-120.42759,"county":"SANTA BARBARA","organization":"SCCWRP","batch_year":"2013"}]}},{"type":"Feature","geometry":{"type":"Polygon","coordinates":[[[-120.39798667514934,34.39039264080778],[-120.39040827206921,34.40231237931919],[-120.39885667864378,34.413392012757065],[-120.41488374173969,34.41255066487378],[-120.42245914613164,34.40063073599096],[-120.41401048700207,34.38955234527365],[-120.39798667514934,34.39039264080778]]]},"properties":{"h3_index":"872913554ffffff","station_count":2,"program_id":"bight","program":"Southern California Bight","resolution":7,"stations":[{"station_id":"SCBPP_0150","station_name":"0150_SCBPP","lat":34.40588,"lon":-120.40885,"county":"SANTA BARBARA","organization":"SCCWRP","batch_year":"1994"},{"station_id":"B13-9474","station_name":"B13-9474 OpenwaterStation","lat":34.40637,"lon":-120.41731,"county":"SANTA BARBARA","organization":"SCCWRP","batch_year":"2013"}]}},{"type":"Feature","geometry":{"type":"Polygon","coordinates":[[[-120.3971170296235,34.36739008838714],[-120.3895400731935,34.37931089055141],[-120.39798667514934,34.39039264080778],[-120.41401048700207,34.38955234527365],[-120.42158444608124,34.377631352295886],[-120.4131375915442,34.366550845576526],[-120.3971170296235,34.36739008838714]]]},"properties":{"h3_index":"872913572ffffff","station_count":2,"program_id":"bight","program":"Southern California Bight","resolution":7,"stations":[{"station_id":"SCBPP_0245","station_name":"0245_SCBPP","lat":34.38245,"lon":-120.41465,"county":"FEDERAL WATERS","organization":"SCCWRP","batch_year":"1994"},{"station_id":"SCBPP_0255","station_name":"0255_SCBPP","lat":34.38,"lon":-120.3991,"county":"FEDERAL WATERS","organization":"SCCWRP","batch_year":"1994"}]}},{"type":"Feature","geometry":{"type":"Polygon","coordinates":[[[-120.41983612523153,34.33162306210632],[-120.41226505514477,34.34354617255438],[-120.42071010585506,34.354628792076156],[-120.43672647653176,34.353787055915944],[-120.44429454890007,34.34186375573343],[-120.4358492491942,34.33078238135608],[-120.41983612523153,34.33162306210632]]]},"properties":{"h3_index":"872913574ffffff","station_count":1,"program_id":"bight","program":"Southern California Bight","resolution":7,"stations":[{"station_id":"4239_B03","station_name":"B03_4239","lat":34.33966,"lon":-120.44223,"county":"FEDERAL WATERS","organization":"CSD","batch_year":"2003"}]}},{"type":"Feature","geometry":{"type":"Polygon","coordinates":[[[-120.13457310435545,34.438489473973405],[-120.12695167321856,34.45039947715699],[-120.13538984753072,34.46150121193965],[-120.15144974645625,34.46069170625455],[-120.1590682033392,34.44878149419726],[-120.15062973644636,34.437680996612116],[-120.13457310435545,34.438489473973405]]]},"properties":{"h3_index":"872913583ffffff","station_count":1,"program_id":"bight","program":"Southern California Bight","resolution":7,"stations":[{"station_id":"SCBPP_0009","station_name":"0009_SCBPP","lat":34.45845,"lon":-120.14752,"county":"SANTA BARBARA","organization":"OCSD","batch_year":"1994"}]}},{"type":"Feature","geometry":{"type":"Polygon","coordinates":[[[-120.1827379701819,34.436057953710744],[-120.17512395312956,34.44796945737849],[-120.18356451141362,34.45906660242575],[-120.19961937292754,34.45825100572002],[-120.2072304108786,34.44633929665656],[-120.19878956731124,34.4352433896074],[-120.1827379701819,34.436057953710744]]]},"properties":{"h3_index":"87291358cffffff","station_count":1,"program_id":"bight","program":"Southern California Bight","resolution":7,"stations":[{"station_id":"4123_B03","station_name":"B03_4123","lat":34.45367,"lon":-120.19748,"county":"SANTA BARBARA","organization":"CRGML","batch_year":"2003"}]}},{"type":"Feature","geometry":{"type":"Polygon","coordinates":[[[-120.2072304108786,34.44633929665656],[-120.19961937292754,34.45825100572002],[-120.20806201971212,34.46934479584508],[-120.22411598697381,34.468525638828694],[-120.23172404274226,34.45661372632799],[-120.22328111432526,34.44552117419358],[-120.2072304108786,34.44633929665656]]]},"properties":{"h3_index":"87291358dffffff","station_count":1,"program_id":"bight","program":"Southern California Bight","resolution":7,"stations":[{"station_id":"SCBPP_0032","station_name":"0032_SCBPP","lat":34.44773,"lon":-120.22302,"county":"SANTA BARBARA","organization":"SCCWRP","batch_year":"1994"}]}},{"type":"Feature","geometry":{"type":"Polygon","coordinates":[[[-120.1590682033392,34.44878149419726],[-120.15144974645625,34.46069170625455],[-120.1598900158111,34.471790088496654],[-120.17594903187337,34.47097702139977],[-120.18356451141362,34.45906660242575],[-120.17512395312956,34.44796945737849],[-120.1590682033392,34.44878149419726]]]},"properties":{"h3_index":"87291358effffff","station_count":1,"program_id":"bight","program":"Southern California Bight","resolution":7,"stations":[{"station_id":"B13-9487","station_name":"B13-9487 OpenwaterStation","lat":34.4647,"lon":-120.17971,"county":"SANTA BARBARA","organization":"SCCWRP","batch_year":"2013"}]}},{"type":"Feature","geometry":{"type":"Polygon","coordinates":[[[-120.06189668710854,34.43059311248732],[-120.05426488211269,34.44250139123456],[-120.06269855414615,34.4536110603006],[-120.07876433560804,34.45281121414965],[-120.08639317431398,34.44090272109867],[-120.0779591987458,34.4297942884164],[-120.06189668710854,34.43059311248732]]]},"properties":{"h3_index":"872913590ffffff","station_count":2,"program_id":"bight","program":"Southern California Bight","resolution":7,"stations":[{"station_id":"SCBPP_0038","station_name":"0038_SCBPP","lat":34.4442,"lon":-120.06448,"county":"SANTA BARBARA","organization":"SCCWRP","batch_year":"1994"},{"station_id":"2356_B98","station_name":"B98_2356","lat":34.44788,"lon":-120.07345,"county":"SANTA BARBARA","organization":"CRGML","batch_year":"1998"}]}},{"type":"Feature","geometry":{"type":"Polygon","coordinates":[[[-120.06109515057392,34.40757196963086],[-120.05346481523618,34.41948133445644],[-120.06189668710854,34.43059311248732],[-120.0779591987458,34.4297942884164],[-120.08558656911288,34.417884708849115],[-120.07715439371069,34.40677416800844],[-120.06109515057392,34.40757196963086]]]},"properties":{"h3_index":"872913594ffffff","station_count":2,"program_id":"bight","program":"Southern California Bight","resolution":7,"stations":[{"station_id":"SCBPP_0112","station_name":"0112_SCBPP","lat":34.41777,"lon":-120.07648,"county":"SANTA BARBARA","organization":"SCCWRP","batch_year":"1994"},{"station_id":"B18-10242","station_name":"B18-10242","lat":34.42388,"lon":-120.05751,"county":"SANTA BARBARA","organization":"SCCWRP","batch_year":"2018"}]}},{"type":"Feature","geometry":{"type":"Polygon","coordinates":[[[-120.11089089740942,34.451205421863364],[-120.10326502809244,34.46311412726322],[-120.11170290617298,34.474217098436604],[-120.12776695069894,34.473410127733004],[-120.13538984753072,34.46150121193965],[-120.12695167321856,34.45039947715699],[-120.11089089740942,34.451205421863364]]]},"properties":{"h3_index":"87291359cffffff","station_count":1,"program_id":"bight","program":"Southern California Bight","resolution":7,"stations":[{"station_id":"4315_B03","station_name":"B03_4315","lat":34.46529,"lon":-120.12961,"county":"SANTA BARBARA","organization":"CRGML","batch_year":"2003"}]}},{"type":"Feature","geometry":{"type":"Polygon","coordinates":[[[-120.20556822083427,34.40031870959356],[-120.19796010354067,34.41223257820796],[-120.20639914465643,34.42333059898273],[-120.22244658560786,34.42251351144526],[-120.23005172337467,34.41059943851726],[-120.22161240060943,34.39950265735295],[-120.20556822083427,34.40031870959356]]]},"properties":{"h3_index":"8729135a8ffffff","station_count":3,"program_id":"bight","program":"Southern California Bight","resolution":7,"stations":[{"station_id":"4187_B03","station_name":"B03_4187","lat":34.40998,"lon":-120.21872,"county":"FEDERAL WATERS","organization":"CRGML","batch_year":"2003"},{"station_id":"7750_B08","station_name":"B08-7750","lat":34.41352,"lon":-120.22272,"county":"FEDERAL WATERS","organization":"CSD","batch_year":"2008"},{"station_id":"B18-10279","station_name":"B18-10279","lat":34.41865,"lon":-120.21411,"county":"OOS","organization":"SCCWRP","batch_year":"2018"}]}},{"type":"Feature","geometry":{"type":"Polygon","coordinates":[[[-120.18191176947568,34.41304610933767],[-120.17429921435573,34.424958694128634],[-120.1827379701819,34.436057953710744],[-120.19878956731124,34.4352433896074],[-120.20639914465643,34.42333059898273],[-120.19796010354067,34.41223257820796],[-120.18191176947568,34.41304610933767]]]},"properties":{"h3_index":"8729135aaffffff","station_count":1,"program_id":"bight","program":"Southern California Bight","resolution":7,"stations":[{"station_id":"SCBPP_0103","station_name":"0103_SCBPP","lat":34.42055,"lon":-120.18388,"county":"SANTA BARBARA","organization":"SCCWRP","batch_year":"1994"}]}},{"type":"Feature","geometry":{"type":"Polygon","coordinates":[[[-120.06029394433826,34.384547638514015],[-120.05266507809849,34.396458085841864],[-120.06109515057392,34.40757196963086],[-120.07715439371069,34.40677416800844],[-120.08478029629819,34.3948635054993],[-120.07634992029797,34.38375085970783],[-120.06029394433826,34.384547638514015]]]},"properties":{"h3_index":"8729135b2ffffff","station_count":1,"program_id":"bight","program":"Southern California Bight","resolution":7,"stations":[{"station_id":"7732_B08","station_name":"B08-7732","lat":34.39766,"lon":-120.07158,"county":"FEDERAL WATERS","organization":"CSD","batch_year":"2008"}]}},{"type":"Feature","geometry":{"type":"Polygon","coordinates":[[[-120.08478029629819,34.3948635054993],[-120.07715439371069,34.40677416800844],[-120.08558656911288,34.417884708849115],[-120.10164494787708,34.41708334909172],[-120.10926788371692,34.40517247335748],[-120.10083540843648,34.394063170519495],[-120.08478029629819,34.3948635054993]]]},"properties":{"h3_index":"8729135b3ffffff","station_count":2,"program_id":"bight","program":"Southern California Bight","resolution":7,"stations":[{"station_id":"4379_B03","station_name":"B03_4379","lat":34.40608,"lon":-120.106,"county":"FEDERAL WATERS","organization":"CRGML","batch_year":"2003"},{"station_id":"B18-10280","station_name":"B18-10280","lat":34.39784,"lon":-120.08755,"county":"OOS","organization":"SCCWRP","batch_year":"2018"}]}},{"type":"Feature","geometry":{"type":"Polygon","coordinates":[[[-120.1076462070944,34.35912677623261],[-120.10002620249936,34.37103980799951],[-120.10845687837502,34.382151214979906],[-120.12450785597008,34.38134835048344],[-120.13212489336624,34.3694351065666],[-120.1236939212609,34.35832493920963],[-120.1076462070944,34.35912677623261]]]},"properties":{"h3_index":"8729135b5ffffff","station_count":1,"program_id":"bight","program":"Southern California Bight","resolution":7,"stations":[{"station_id":"B13-9459","station_name":"B13-9459 OpenwaterStation","lat":34.36839,"lon":-120.11302,"county":"SANTA BARBARA","organization":"SCCWRP","batch_year":"2013"}]}},{"type":"Feature","geometry":{"type":"Polygon","coordinates":[[[-120.48080512119742,34.04004751435806],[-120.47326315957602,34.051985627734425],[-120.48168915574524,34.06308751094003],[-120.49765735296899,34.06225002407667],[-120.505196326474,34.0503117205012],[-120.49677009174685,34.03921109389755],[-120.48080512119742,34.04004751435806]]]},"properties":{"h3_index":"872913c23ffffff","station_count":3,"program_id":"bight","program":"Southern California Bight","resolution":7,"stations":[{"station_id":"7529_B08","station_name":"B08-7529","lat":34.04548,"lon":-120.4901,"county":"SANTA BARBARA","organization":"CSD","batch_year":"2008"},{"station_id":"B18-10390","station_name":"B18-10390","lat":34.045446,"lon":-120.489955,"county":"SANTA BARBARA","organization":"SCCWRP","batch_year":"2018"},{"station_id":"B13-9351","station_name":"B13-9351 OpenwaterStation","lat":34.04548,"lon":-120.4901,"county":"SANTA BARBARA","organization":"SCCWRP","batch_year":"2013"}]}},{"type":"Feature","geometry":{"type":"Polygon","coordinates":[[[-120.45553634543126,34.00673025556994],[-120.44799283214752,34.01866918072375],[-120.45641499770325,34.02977646146456],[-120.47238091961566,34.028943559495104],[-120.47992144911726,34.01700444169608],[-120.47149904136378,34.005898418421225],[-120.45553634543126,34.00673025556994]]]},"properties":{"h3_index":"872913c26ffffff","station_count":3,"program_id":"bight","program":"Southern California Bight","resolution":7,"stations":[{"station_id":"7506_B08","station_name":"B08-7506","lat":34.01145,"lon":-120.4746,"county":"SANTA BARBARA","organization":"CSD","batch_year":"2008"},{"station_id":"B18-10393","station_name":"B18-10393","lat":34.012037,"lon":-120.474665,"county":"SANTA BARBARA","organization":"SCCWRP","batch_year":"2018"},{"station_id":"B13-9329","station_name":"B13-9329 OpenwaterStation","lat":34.01145,"lon":-120.4746,"county":"SANTA BARBARA","organization":"SCCWRP","batch_year":"2013"}]}},{"type":"Feature","geometry":{"type":"Polygon","coordinates":[[[-120.55308321506693,34.04778593461973],[-120.54555165492926,34.05972561848013],[-120.55398194729516,34.070819581441754],[-120.56994402844013,34.069972603129635],[-120.57747259279363,34.058032734541555],[-120.5690420726594,34.04694002890199],[-120.55308321506693,34.04778593461973]]]},"properties":{"h3_index":"872913c2dffffff","station_count":1,"program_id":"bight","program":"Southern California Bight","resolution":7,"stations":[{"station_id":"4255_B03","station_name":"B03_4255","lat":34.05191,"lon":-120.55802,"county":"FEDERAL WATERS","organization":"CSD","batch_year":"2003"}]}},{"type":"Feature","geometry":{"type":"Polygon","coordinates":[[[-120.60550034598796,34.160363475831836],[-120.59796907539257,34.172299478564],[-120.60641061121176,34.18337841431098],[-120.62238363887012,34.182520093326104],[-120.62991190234014,34.170583911674704],[-120.62147014615118,34.15950622983588],[-120.60550034598796,34.160363475831836]]]},"properties":{"h3_index":"872913c42ffffff","station_count":1,"program_id":"bight","program":"Southern California Bight","resolution":7,"stations":[{"station_id":"4581_B03","station_name":"B03_4581","lat":34.16654,"lon":-120.60963,"county":"FEDERAL WATERS","organization":"CRGML","batch_year":"2003"}]}},{"type":"Feature","geometry":{"type":"Polygon","coordinates":[[[-120.57837634529422,34.08106323071897],[-120.57084635414883,34.093002093018725],[-120.57928046848347,34.104090639322294],[-120.59524479895317,34.10323906678755],[-120.60277178998477,34.09130002220537],[-120.59433745153345,34.080212732348905],[-120.57837634529422,34.08106323071897]]]},"properties":{"h3_index":"872913c74ffffff","station_count":1,"program_id":"bight","program":"Southern California Bight","resolution":7,"stations":[{"station_id":"7566_B08","station_name":"B08-7566","lat":34.09362,"lon":-120.58859,"county":"FEDERAL WATERS","organization":"CSD","batch_year":"2008"}]}},{"type":"Feature","geometry":{"type":"Polygon","coordinates":[[[-120.29416940103071,34.18819873297276],[-120.28658918606102,34.20012504820994],[-120.29501673652516,34.21123278914211],[-120.31102477008697,34.21041296621059],[-120.31860200787025,34.19848644959446],[-120.31017419016281,34.18737995720016],[-120.29416940103071,34.18819873297276]]]},"properties":{"h3_index":"872913c83ffffff","station_count":1,"program_id":"bight","program":"Southern California Bight","resolution":7,"stations":[{"station_id":"4263_B03","station_name":"B03_4263","lat":34.20829,"lon":-120.29988,"county":"FEDERAL WATERS","organization":"CSD","batch_year":"2003"}]}},{"type":"Feature","geometry":{"type":"Polygon","coordinates":[[[-120.31689830438575,34.152415239601844],[-120.30932395970015,34.16434382705397],[-120.31774998112431,34.17545240336761],[-120.33375061177236,34.17463114197504],[-120.3413219788784,34.162702354200434],[-120.33289569379905,34.15159502805195],[-120.31689830438575,34.152415239601844]]]},"properties":{"h3_index":"872913c85ffffff","station_count":1,"program_id":"bight","program":"Southern California Bight","resolution":7,"stations":[{"station_id":"7619_B08","station_name":"B08-7619","lat":34.1611,"lon":-120.31952,"county":"FEDERAL WATERS","organization":"CSD","batch_year":"2008"}]}},{"type":"Feature","geometry":{"type":"Polygon","coordinates":[[[-120.34217869311635,34.185736385026814],[-120.33460588105939,34.197664138724804],[-120.34303575942924,34.208767295449384],[-120.35903871075162,34.20794144906391],[-120.36660854086469,34.19601349747057],[-120.35817840248234,34.184911590068985],[-120.34217869311635,34.185736385026814]]]},"properties":{"h3_index":"872913c8cffffff","station_count":1,"program_id":"bight","program":"Southern California Bight","resolution":7,"stations":[{"station_id":"B18-10330","station_name":"B18-10330","lat":34.19786,"lon":-120.36249,"county":"OOS","organization":"SCCWRP","batch_year":"2018"}]}},{"type":"Feature","geometry":{"type":"Polygon","coordinates":[[[-120.24782044877655,34.23671425917018],[-120.24022993291686,34.248637036620266],[-120.24865873514744,34.25974518260158],[-120.26467832858053,34.25892930493822],[-120.27226586938338,34.247006323534734],[-120.2638367926973,34.23589942365988],[-120.24782044877655,34.23671425917018]]]},"properties":{"h3_index":"872913c9affffff","station_count":1,"program_id":"bight","program":"Southern California Bight","resolution":7,"stations":[{"station_id":"B18-10327","station_name":"B18-10327","lat":34.25798,"lon":-120.2615,"county":"OOS","organization":"SCCWRP","batch_year":"2018"}]}},{"type":"Feature","geometry":{"type":"Polygon","coordinates":[[[-120.27226586938338,34.247006323534734],[-120.26467832858053,34.25892930493822],[-120.27310920310424,34.27003411279909],[-120.28912789014232,34.26921469307457],[-120.29671245283333,34.25729150968391],[-120.28828130748485,34.246187947916646],[-120.27226586938338,34.247006323534734]]]},"properties":{"h3_index":"872913c9bffffff","station_count":1,"program_id":"bight","program":"Southern California Bight","resolution":7,"stations":[{"station_id":"B13-9427","station_name":"B13-9427 OpenwaterStation","lat":34.26002,"lon":-120.28113,"county":"SANTA BARBARA","organization":"SCCWRP","batch_year":"2013"}]}},{"type":"Feature","geometry":{"type":"Polygon","coordinates":[[[-120.3413219788784,34.162702354200434],[-120.33375061177236,34.17463114197504],[-120.34217869311635,34.185736385026814],[-120.35817840248234,34.184911590068985],[-120.36574678897126,34.172982603942565],[-120.35731844759387,34.1618786110367],[-120.3413219788784,34.162702354200434]]]},"properties":{"h3_index":"872913caaffffff","station_count":4,"program_id":"bight","program":"Southern California Bight","resolution":7,"stations":[{"station_id":"4199_B03","station_name":"B03_4199","lat":34.18317,"lon":-120.35129,"county":"FEDERAL WATERS","organization":"CRGML","batch_year":"2003"},{"station_id":"7632_B08","station_name":"B08-7632","lat":34.18317,"lon":-120.35129,"county":"FEDERAL WATERS","organization":"CSD","batch_year":"2008"},{"station_id":"B18-10331","station_name":"B18-10331","lat":34.18321,"lon":-120.35063,"county":"OOS","organization":"SCCWRP","batch_year":"2018"},{"station_id":"B13-9400","station_name":"B13-9400 OpenwaterStation","lat":34.18317,"lon":-120.35129,"county":"SANTA BARBARA","organization":"SCCWRP","batch_year":"2013"}]}},{"type":"Feature","geometry":{"type":"Polygon","coordinates":[[[-120.41721633876381,34.26258692153042],[-120.40964959808728,34.27451318134613],[-120.41808924190703,34.28560212004408],[-120.43409587636566,34.28476355123178],[-120.44165962333047,34.27283710033755],[-120.43321973043086,34.26174940924451],[-120.41721633876381,34.26258692153042]]]},"properties":{"h3_index":"872913cd1ffffff","station_count":1,"program_id":"bight","program":"Southern California Bight","resolution":7,"stations":[{"station_id":"B13-9435","station_name":"B13-9435 OpenwaterStation","lat":34.28456,"lon":-120.42371,"county":"SANTA BARBARA","organization":"SCCWRP","batch_year":"2013"}]}},{"type":"Feature","geometry":{"type":"Polygon","coordinates":[[[-120.44165962333047,34.27283710033755],[-120.43409587636566,34.28476355123178],[-120.44253757076962,34.29584913996233],[-120.45854325846847,34.2950070301339],[-120.46610400869004,34.283080390131644],[-120.45766206883795,34.27199604897601],[-120.44165962333047,34.27283710033755]]]},"properties":{"h3_index":"872913cdcffffff","station_count":4,"program_id":"bight","program":"Southern California Bight","resolution":7,"stations":[{"station_id":"4039_B03","station_name":"B03_4039","lat":34.28711,"lon":-120.45557,"county":"FEDERAL WATERS","organization":"CRGML","batch_year":"2003"},{"station_id":"7686_B08","station_name":"B08-7686","lat":34.28711,"lon":-120.45557,"county":"FEDERAL WATERS","organization":"CSD","batch_year":"2008"},{"station_id":"B13-9436","station_name":"B13-9436 OpenwaterStation","lat":34.28711,"lon":-120.45557,"county":"SANTA BARBARA","organization":"SCCWRP","batch_year":"2013"},{"station_id":"B18-10324","station_name":"B18-10324","lat":34.2849,"lon":-120.4568,"county":"OOS","organization":"SCCWRP","batch_year":"2018"}]}},{"type":"Feature","geometry":{"type":"Polygon","coordinates":[[[-120.41459978076051,34.19352249765585],[-120.40703736460739,34.205451874572205],[-120.41547160841112,34.21654710352921],[-120.43146851841206,34.215711705407045],[-120.43902794485223,34.20378213605339],[-120.43059345188534,34.19268815716947],[-120.41459978076051,34.19352249765585]]]},"properties":{"h3_index":"872913cf0ffffff","station_count":1,"program_id":"bight","program":"Southern California Bight","resolution":7,"stations":[{"station_id":"7637_B08","station_name":"B08-7637","lat":34.19602,"lon":-120.41721,"county":"FEDERAL WATERS","organization":"CSD","batch_year":"2008"}]}},{"type":"Feature","geometry":{"type":"Polygon","coordinates":[[[-120.41372831116657,34.170494769619935],[-120.40616733543672,34.18242517838747],[-120.41459978076051,34.19352249765585],[-120.43059345188534,34.19268815716947],[-120.43815143923341,34.18075755550847],[-120.42971874471885,34.16966148713757],[-120.41372831116657,34.170494769619935]]]},"properties":{"h3_index":"872913cf4ffffff","station_count":1,"program_id":"bight","program":"Southern California Bight","resolution":7,"stations":[{"station_id":"B13-9399","station_name":"B13-9399 OpenwaterStation","lat":34.18235,"lon":-120.40732,"county":"SANTA BARBARA","organization":"SCCWRP","batch_year":"2013"}]}},{"type":"Feature","geometry":{"type":"Polygon","coordinates":[[[-120.31349509320326,34.06023554588509],[-120.30592652816853,34.072168231796056],[-120.31434537206292,34.083285111424146],[-120.33033304560207,34.08246805158803],[-120.3378986383485,34.070535163510066],[-120.32947953072508,34.059419537346166],[-120.31349509320326,34.06023554588509]]]},"properties":{"h3_index":"872913d8affffff","station_count":1,"program_id":"bight","program":"Southern California Bight","resolution":7,"stations":[{"station_id":"4351_B03","station_name":"B03_4351","lat":34.07112,"lon":-120.32896,"county":"SANTA BARBARA","organization":"CSD","batch_year":"2003"}]}},{"type":"Feature","geometry":{"type":"Polygon","coordinates":[[[-120.3126451632765,34.037182897027506],[-120.30507804179283,34.0491165985357],[-120.31349509320326,34.06023554588509],[-120.32947953072508,34.059419537346166],[-120.33704368124111,34.04748563320582],[-120.32862636608343,34.03636794014745],[-120.3126451632765,34.037182897027506]]]},"properties":{"h3_index":"872913d8effffff","station_count":1,"program_id":"bight","program":"Southern California Bight","resolution":7,"stations":[{"station_id":"7534_B08","station_name":"B08-7534","lat":34.04837,"lon":-120.32606,"county":"SANTA BARBARA","organization":"CSD","batch_year":"2008"}]}},{"type":"Feature","geometry":{"type":"Polygon","coordinates":[[[-120.33362735844298,33.9552567871864],[-120.32606897141972,33.967194719447114],[-120.33448091372836,33.97831859367341],[-120.35045150415573,33.97750327796004],[-120.35800692246337,33.96556514316649],[-120.34959471993712,33.9544425265297],[-120.33362735844298,33.9552567871864]]]},"properties":{"h3_index":"872913da1ffffff","station_count":1,"program_id":"bight","program":"Southern California Bight","resolution":7,"stations":[{"station_id":"7476_B08","station_name":"B08-7476","lat":33.96626,"lon":-120.34609,"county":"SANTA BARBARA","organization":"CSD","batch_year":"2008"}]}},{"type":"Feature","geometry":{"type":"Polygon","coordinates":[[[-120.38238761192551,33.97586667082482],[-120.37483516535244,33.987805006174504],[-120.38325120557286,33.99892225020822],[-120.39921994625516,33.998099901254776],[-120.40676941807749,33.98616136732605],[-120.39835312484512,33.97504538083994],[-120.38238761192551,33.97586667082482]]]},"properties":{"h3_index":"872913dadffffff","station_count":1,"program_id":"bight","program":"Southern California Bight","resolution":7,"stations":[{"station_id":"4421_B03","station_name":"B03_4421","lat":33.98797,"lon":-120.38008,"county":"SANTA BARBARA","organization":"CSD","batch_year":"2003"}]}},{"type":"Feature","geometry":{"type":"Polygon","coordinates":[[[-120.33448091372836,33.97831859367341],[-120.32692108664564,33.99025552432841],[-120.33533481914641,34.00137734142127],[-120.35130863980578,34.00056097101058],[-120.358865496854,33.988623838293776],[-120.35045150415573,33.97750327796004],[-120.33448091372836,33.97831859367341]]]},"properties":{"h3_index":"872913daeffffff","station_count":4,"program_id":"bight","program":"Southern California Bight","resolution":7,"stations":[{"station_id":"4159_B03","station_name":"B03_4159","lat":33.99461,"lon":-120.33736,"county":"SANTA BARBARA","organization":"CSD","batch_year":"2003"},{"station_id":"7493_B08","station_name":"B08-7493","lat":33.99461,"lon":-120.33736,"county":"SANTA BARBARA","organization":"CSD","batch_year":"2008"},{"station_id":"B18-10394","station_name":"B18-10394","lat":33.994869,"lon":-120.33695,"county":"SANTA BARBARA","organization":"SCCWRP","batch_year":"2018"},{"station_id":"B13-9315","station_name":"B13-9315 OpenwaterStation","lat":33.99461,"lon":-120.33736,"county":"SANTA BARBARA","organization":"SCCWRP","batch_year":"2013"}]}},{"type":"Feature","geometry":{"type":"Polygon","coordinates":[[[-120.23695401221939,33.937029345123165],[-120.22938233526209,33.948965447778974],[-120.23778783461496,33.9601005059998],[-120.25376528641387,33.95929820466246],[-120.26133400544767,33.9473618920449],[-120.2529282314865,33.93622809063784],[-120.23695401221939,33.937029345123165]]]},"properties":{"h3_index":"872913db4ffffff","station_count":1,"program_id":"bight","program":"Southern California Bight","resolution":7,"stations":[{"station_id":"4453_B03","station_name":"B03_4453","lat":33.94977,"lon":-120.23714,"county":"SANTA BARBARA","organization":"CSD","batch_year":"2003"}]}},{"type":"Feature","geometry":{"type":"Polygon","coordinates":[[[-117.62059137150806,33.411897908211856],[-117.61267584933222,33.423772887683484],[-117.6208884402843,33.435200600261936],[-117.63701721768095,33.43475211175864],[-117.64493009406121,33.42287672633108],[-117.63671683978038,33.411450235300585],[-117.62059137150806,33.411897908211856]]]},"properties":{"h3_index":"8729a0961ffffff","station_count":1,"program_id":"bight","program":"Southern California Bight","resolution":7,"stations":[{"station_id":"B98_115001","station_name":"115001_B98","lat":33.4217,"lon":-117.638,"county":"ORANGE","organization":"MEC","batch_year":"1998"}]}},{"type":"Feature","geometry":{"type":"Polygon","coordinates":[[[-117.5959628409239,33.37760424128449],[-117.58804627071545,33.389479858838726],[-117.59625476455133,33.40091251567599],[-117.61238049615987,33.40046833282124],[-117.62029442504496,33.38859230691731],[-117.61208526458458,33.37716087215587],[-117.5959628409239,33.37760424128449]]]},"properties":{"h3_index":"8729a0964ffffff","station_count":1,"program_id":"bight","program":"Southern California Bight","resolution":7,"stations":[{"station_id":"B18-10192","station_name":"B18-10192","lat":33.38717,"lon":-117.59338,"county":"SAN DIEGO","organization":"SCCWRP","batch_year":"2018"}]}},{"type":"Feature","geometry":{"type":"Polygon","coordinates":[[[-117.64493009406121,33.42287672633108],[-117.63701721768095,33.43475211175864],[-117.64523218851136,33.44617673732573],[-117.66136069646177,33.44572475559759],[-117.66927092370175,33.433848966107014],[-117.6610552930713,33.42242556234518],[-117.64493009406121,33.42287672633108]]]},"properties":{"h3_index":"8729a096cffffff","station_count":4,"program_id":"bight","program":"Southern California Bight","resolution":7,"stations":[{"station_id":"B98_115901","station_name":"115901_B98","lat":33.4395,"lon":-117.665,"county":"ORANGE","organization":"MEC","batch_year":"1998"},{"station_id":"B18-10230","station_name":"B18-10230","lat":33.430691,"lon":-117.658234,"county":"ORANGE","organization":"SCCWRP","batch_year":"2018"},{"station_id":"POCHEz","station_name":"Poche Beach Point Zero","lat":33.440636,"lon":-117.645584,"county":"ORANGE","organization":"OCPW","batch_year":"2023"},{"station_id":"4158_B03","station_name":"B03_4158","lat":33.42784,"lon":-117.64485,"county":"ORANGE","organization":"OCSD","batch_year":"2003"}]}},{"type":"Feature","geometry":{"type":"Polygon","coordinates":[[[-117.66927092370175,33.433848966107014],[-117.66136069646177,33.44572475559759],[-117.66957804458592,33.45714629124721],[-117.68570627715918,33.45669081528357],[-117.69361385191624,33.44481462362368],[-117.68539584752237,33.43339431003409],[-117.66927092370175,33.433848966107014]]]},"properties":{"h3_index":"8729a096dffffff","station_count":5,"program_id":"bight","program":"Southern California Bight","resolution":7,"stations":[{"station_id":"B98_116101","station_name":"116101_B98","lat":33.4484,"lon":-117.687,"county":"ORANGE","organization":"MEC","batch_year":"1998"},{"station_id":"B98_115902","station_name":"115902_B98","lat":33.4343,"lon":-117.674,"county":"ORANGE","organization":"MEC","batch_year":"1998"},{"station_id":"B98_116001","station_name":"116001_B98","lat":33.4442,"lon":-117.677,"county":"ORANGE","organization":"MEC","batch_year":"1998"},{"station_id":"B98_116002","station_name":"116002_B98","lat":33.4389,"lon":-117.685,"county":"ORANGE","organization":"MEC","batch_year":"1998"},{"station_id":"2282_B98","station_name":"B98_2282","lat":33.436,"lon":-117.6789,"county":"ORANGE","organization":"CRGML","batch_year":"1998"}]}},{"type":"Feature","geometry":{"type":"Polygon","coordinates":[[[-117.6208884402843,33.435200600261936],[-117.6129713241768,33.447074529574635],[-117.62118563144925,33.45850037590271],[-117.63731771932773,33.458051072094975],[-117.64523218851136,33.44617673732573],[-117.63701721768095,33.43475211175864],[-117.6208884402843,33.435200600261936]]]},"properties":{"h3_index":"8729a096effffff","station_count":2,"program_id":"bight","program":"Southern California Bight","resolution":7,"stations":[{"station_id":"SC1-2","station_name":"Daylight of Cascadita Channel","lat":33.442455,"lon":-117.641938,"county":"ORANGE","organization":"OCPW","batch_year":"2023"},{"station_id":"PDCM01","station_name":"Prima Deshecha channel at Calle Grande Vista","lat":33.445371,"lon":-117.644336,"county":"ORANGE","organization":"OCPW","batch_year":"2023"}]}},{"type":"Feature","geometry":{"type":"Polygon","coordinates":[[[-118.62364579279148,34.01885255593037],[-118.6158306334274,34.03073505241886],[-118.62415093739503,34.0420199880407],[-118.64028692001176,34.041421202601335],[-118.64809928971073,34.02953838161532],[-118.63977846738777,34.018254670494045],[-118.62364579279148,34.01885255593037]]]},"properties":{"h3_index":"8729a1820ffffff","station_count":1,"program_id":"bight","program":"Southern California Bight","resolution":7,"stations":[{"station_id":"SCBPP_0884","station_name":"0884_SCBPP","lat":34.0295,"lon":-118.63367,"county":"LOS ANGELES","organization":"CLAEMD","batch_year":"1994"}]}},{"type":"Feature","geometry":{"type":"Polygon","coordinates":[[[-118.64809928971073,34.02953838161532],[-118.64028692001176,34.041421202601335],[-118.6486095014064,34.05270291839335],[-118.66474496817904,34.05210058847365],[-118.6725545449443,34.04021744490651],[-118.66423144879991,34.02893695376781],[-118.64809928971073,34.02953838161532]]]},"properties":{"h3_index":"8729a1821ffffff","station_count":2,"program_id":"bight","program":"Southern California Bight","resolution":7,"stations":[{"station_id":"B98_138301","station_name":"138301_B98","lat":34.0359,"lon":-118.654,"county":"LOS ANGELES","organization":"CLAEMD","batch_year":"1998"},{"station_id":"B98_138401","station_name":"138401_B98","lat":34.0363,"lon":-118.665,"county":"LOS ANGELES","organization":"CLAEMD","batch_year":"1998"}]}},{"type":"Feature","geometry":{"type":"Polygon","coordinates":[[[-118.6231408566894,33.995682039015584],[-118.61532724701526,34.00756562751099],[-118.62364579279148,34.01885255593037],[-118.63977846738777,34.018254670494045],[-118.64758928861175,34.00637075703872],[-118.63927022461873,33.995085053907445],[-118.6231408566894,33.995682039015584]]]},"properties":{"h3_index":"8729a1824ffffff","station_count":3,"program_id":"bight","program":"Southern California Bight","resolution":7,"stations":[{"station_id":"SCBPP_0916","station_name":"0916_SCBPP","lat":34.01583,"lon":-118.63383,"county":"LOS ANGELES","organization":"CLAEMD","batch_year":"1994"},{"station_id":"SCBPP_0949","station_name":"0949_SCBPP","lat":34.00383,"lon":-118.6385,"county":"LOS ANGELES","organization":"CLAEMD","batch_year":"1994"},{"station_id":"4357_B03","station_name":"B03_4357","lat":34.00908,"lon":-118.64084,"county":"LOS ANGELES","organization":"USC","batch_year":"2003"}]}},{"type":"Feature","geometry":{"type":"Polygon","coordinates":[[[-118.64758928861175,34.00637075703872],[-118.63977846738777,34.018254670494045],[-118.64809928971073,34.02953838161532],[-118.66423144879991,34.02893695376781],[-118.67203947830716,34.01705271726964],[-118.66371814137067,34.005770231589395],[-118.64758928861175,34.00637075703872]]]},"properties":{"h3_index":"8729a1825ffffff","station_count":8,"program_id":"bight","program":"Southern California Bight","resolution":7,"stations":[{"station_id":"SCBPP_0920","station_name":"0920_SCBPP","lat":34.01333,"lon":-118.66217,"county":"LOS ANGELES","organization":"CLAEMD","batch_year":"1994"},{"station_id":"B98_138402","station_name":"138402_B98","lat":34.0272,"lon":-118.664,"county":"LOS ANGELES","organization":"CLAEMD","batch_year":"1998"},{"station_id":"B98_138403","station_name":"138403_B98","lat":34.0182,"lon":-118.664,"county":"LOS ANGELES","organization":"CLAEMD","batch_year":"1998"},{"station_id":"B98_138303","station_name":"138303_B98","lat":34.0179,"lon":-118.653,"county":"LOS ANGELES","organization":"CLAEMD","batch_year":"1998"},{"station_id":"B98_138302","station_name":"138302_B98","lat":34.0271,"lon":-118.654,"county":"LOS ANGELES","organization":"CLAEMD","batch_year":"1998"},{"station_id":"SCBPP_0894","station_name":"0894_SCBPP","lat":34.02483,"lon":-118.66533,"county":"LOS ANGELES","organization":"CLAEMD","batch_year":"1994"},{"station_id":"SCBPP_0908","station_name":"0908_SCBPP","lat":34.02033,"lon":-118.664,"county":"LOS ANGELES","organization":"CLAEMD","batch_year":"1994"},{"station_id":"2312_B98","station_name":"B98_2312","lat":34.0206,"lon":-118.665,"county":"LOS ANGELES","organization":"SCCWRP","batch_year":"1998"}]}},{"type":"Feature","geometry":{"type":"Polygon","coordinates":[[[-118.5991940629045,34.00815997130675],[-118.59137611714627,34.02004214138195],[-118.59969414096291,34.03133029414658],[-118.6158306334274,34.03073505241886],[-118.62364579279148,34.01885255593037],[-118.61532724701526,34.00756562751099],[-118.5991940629045,34.00815997130675]]]},"properties":{"h3_index":"8729a1826ffffff","station_count":2,"program_id":"bight","program":"Southern California Bight","resolution":7,"stations":[{"station_id":"SCBPP_0897","station_name":"0897_SCBPP","lat":34.02433,"lon":-118.59733,"county":"LOS ANGELES","organization":"CLAEMD","batch_year":"1994"},{"station_id":"SCBPP_0899","station_name":"0899_SCBPP","lat":34.02317,"lon":-118.61033,"county":"LOS ANGELES","organization":"CLAEMD","batch_year":"1994"}]}},{"type":"Feature","geometry":{"type":"Polygon","coordinates":[[[-118.57523912082958,34.02063384017248],[-118.56741683922239,34.03251458719082],[-118.5757343373335,34.043803963356524],[-118.59187464368834,34.0432113690312],[-118.59969414096291,34.03133029414658],[-118.59137611714627,34.02004214138195],[-118.57523912082958,34.02063384017248]]]},"properties":{"h3_index":"8729a1835ffffff","station_count":6,"program_id":"bight","program":"Southern California Bight","resolution":7,"stations":[{"station_id":"2382_B98","station_name":"B98_2382","lat":34.02321,"lon":-118.59282,"county":"LOS ANGELES","organization":"SCCWRP","batch_year":"1998"},{"station_id":"B98_138001","station_name":"138001_B98","lat":34.0333,"lon":-118.583,"county":"LOS ANGELES","organization":"CLAEMD","batch_year":"1998"},{"station_id":"B98_138002","station_name":"138002_B98","lat":34.0258,"lon":-118.588,"county":"LOS ANGELES","organization":"CLAEMD","batch_year":"1998"},{"station_id":"B18-10218","station_name":"B18-10218","lat":34.023133,"lon":-118.593617,"county":"LOS ANGELES","organization":"SCCWRP","batch_year":"2018"},{"station_id":"7517_B08","station_name":"B08-7517","lat":34.02321,"lon":-118.59282,"county":"LOS ANGELES","organization":"CLAEMD","batch_year":"2008"},{"station_id":"B13-9341","station_name":"B13-9341 OpenwaterStation","lat":34.02321,"lon":-118.59282,"county":"LOS ANGELES","organization":"SCCWRP","batch_year":"2013"}]}},{"type":"Feature","geometry":{"type":"Polygon","coordinates":[[[-118.57326029793197,33.92792255940004],[-118.56544422355381,33.93980766343198],[-118.57375469744146,33.95110498384381],[-118.58988177176957,33.950515973600126],[-118.59769506665765,33.938630539843814],[-118.58938406763644,33.92733444598376],[-118.57326029793197,33.92792255940004]]]},"properties":{"h3_index":"8729a1902ffffff","station_count":3,"program_id":"bight","program":"Southern California Bight","resolution":7,"stations":[{"station_id":"SCBPP_1059","station_name":"1059_SCBPP","lat":33.93117,"lon":-118.58983,"county":"FEDERAL WATERS","organization":"CLAEMD","batch_year":"1994"},{"station_id":"B98_137006","station_name":"137006_B98","lat":33.9425,"lon":-118.575,"county":"FEDERAL WATERS","organization":"CLAEMD","batch_year":"1998"},{"station_id":"B13-9287","station_name":"B13-9287 OpenwaterStation","lat":33.93551,"lon":-118.59212,"county":"LOS ANGELES","organization":"SCCWRP","batch_year":"2013"}]}},{"type":"Feature","geometry":{"type":"Polygon","coordinates":[[[-118.59769506665765,33.938630539843814],[-118.58988177176957,33.950515973600126],[-118.5981945258795,33.961810087179025],[-118.61432109734328,33.96121754021953],[-118.62213160947384,33.94933177865601],[-118.61381833382653,33.93803889178718],[-118.59769506665765,33.938630539843814]]]},"properties":{"h3_index":"8729a1903ffffff","station_count":1,"program_id":"bight","program":"Southern California Bight","resolution":7,"stations":[{"station_id":"SCBPP_1052","station_name":"1052_SCBPP","lat":33.9395,"lon":-118.60717,"county":"FEDERAL WATERS","organization":"CLAEMD","batch_year":"1994"}]}},{"type":"Feature","geometry":{"type":"Polygon","coordinates":[[[-118.5966967661578,33.892262269556326],[-118.58888656878776,33.904149860832014],[-118.59719581345954,33.91544793163926],[-118.61331577768479,33.91485718280771],[-118.62112319471782,33.902969262787614],[-118.61281342878985,33.89167242027136],[-118.5966967661578,33.892262269556326]]]},"properties":{"h3_index":"8729a1904ffffff","station_count":1,"program_id":"bight","program":"Southern California Bight","resolution":7,"stations":[{"station_id":"SCBPP_1078","station_name":"1078_SCBPP","lat":33.90933,"lon":-118.603,"county":"FEDERAL WATERS","organization":"CLAEMD","batch_year":"1994"}]}},{"type":"Feature","geometry":{"type":"Polygon","coordinates":[[[-118.57276610235536,33.904737077099476],[-118.56495157825086,33.91662326125116],[-118.57326029793197,33.92792255940004],[-118.58938406763644,33.92733444598376],[-118.59719581345954,33.91544793163926],[-118.58888656878776,33.904149860832014],[-118.57276610235536,33.904737077099476]]]},"properties":{"h3_index":"8729a1906ffffff","station_count":2,"program_id":"bight","program":"Southern California Bight","resolution":7,"stations":[{"station_id":"SCBPP_1074","station_name":"1074_SCBPP","lat":33.9115,"lon":-118.5815,"county":"FEDERAL WATERS","organization":"CLAEMD","batch_year":"1994"},{"station_id":"B18-10308","station_name":"B18-10308","lat":33.912417,"lon":-118.5884,"county":"OOS","organization":"SCCWRP","batch_year":"2018"}]}},{"type":"Feature","geometry":{"type":"Polygon","coordinates":[[[-118.64656991768284,33.96002627235727],[-118.63876219157483,33.971912359810226],[-118.64707949797919,33.98320005162894],[-118.66320504576022,33.982600428903105],[-118.67100998258294,33.970714017479146],[-118.66269216183751,33.95942755267952],[-118.64656991768284,33.96002627235727]]]},"properties":{"h3_index":"8729a1908ffffff","station_count":1,"program_id":"bight","program":"Southern California Bight","resolution":7,"stations":[{"station_id":"7477_B08","station_name":"B08-7477","lat":33.96712,"lon":-118.64768,"county":"FEDERAL WATERS","organization":"CLAEMD","batch_year":"2008"}]}},{"type":"Feature","geometry":{"type":"Polygon","coordinates":[[[-118.67100998258294,33.970714017479146],[-118.66320504576022,33.982600428903105],[-118.67152462423051,33.99388490580475],[-118.68764965119163,33.9932817440399],[-118.69545179546876,33.981395010563965],[-118.68713170625756,33.97011176083211],[-118.67100998258294,33.970714017479146]]]},"properties":{"h3_index":"8729a1909ffffff","station_count":2,"program_id":"bight","program":"Southern California Bight","resolution":7,"stations":[{"station_id":"SCBPP_0997","station_name":"0997_SCBPP","lat":33.98767,"lon":-118.6685,"county":"LOS ANGELES","organization":"CLAEMD","batch_year":"1994"},{"station_id":"4217_B03","station_name":"B03_4217","lat":33.98485,"lon":-118.67034,"county":"LOS ANGELES","organization":"USC","batch_year":"2003"}]}},{"type":"Feature","geometry":{"type":"Polygon","coordinates":[[[-118.62263612895983,33.9725084442657],[-118.61482406836342,33.98439312112033],[-118.6231408566894,33.995682039015584],[-118.63927022461873,33.995085053907445],[-118.64707949797919,33.98320005162894],[-118.63876219157483,33.971912359810226],[-118.62263612895983,33.9725084442657]]]},"properties":{"h3_index":"8729a190affffff","station_count":4,"program_id":"bight","program":"Southern California Bight","resolution":7,"stations":[{"station_id":"SCBPP_0977","station_name":"0977_SCBPP","lat":33.9935,"lon":-118.62283,"county":"LOS ANGELES","organization":"CLAEMD","batch_year":"1994"},{"station_id":"B18-10252","station_name":"B18-10252","lat":33.9864,"lon":-118.622017,"county":"LOS ANGELES","organization":"SCCWRP","batch_year":"2018"},{"station_id":"4057_B03","station_name":"B03_4057","lat":33.97774,"lon":-118.62712,"county":"FEDERAL WATERS","organization":"CLAEMD","batch_year":"2003"},{"station_id":"B13-9316","station_name":"B13-9316 OpenwaterStation","lat":33.99528,"lon":-118.6328,"county":"LOS ANGELES","organization":"SCCWRP","batch_year":"2013"}]}},{"type":"Feature","geometry":{"type":"Polygon","coordinates":[[[-118.64606054759265,33.936849426200865],[-118.6382543681264,33.94873659517696],[-118.64656991768284,33.96002627235727],[-118.66269216183751,33.95942755267952],[-118.67049555323305,33.94754005926595],[-118.66217948947168,33.93625160989506],[-118.64606054759265,33.936849426200865]]]},"properties":{"h3_index":"8729a190cffffff","station_count":1,"program_id":"bight","program":"Southern California Bight","resolution":7,"stations":[{"station_id":"B18-10341","station_name":"B18-10341","lat":33.95835,"lon":-118.648833,"county":"OOS","organization":"SCCWRP","batch_year":"2018"}]}},{"type":"Feature","geometry":{"type":"Polygon","coordinates":[[[-118.67049555323305,33.94754005926595],[-118.66269216183751,33.95942755267952],[-118.67100998258294,33.970714017479146],[-118.68713170625756,33.97011176083211],[-118.69493230632403,33.95822394490077],[-118.68661397497159,33.946938708061445],[-118.67049555323305,33.94754005926595]]]},"properties":{"h3_index":"8729a190dffffff","station_count":2,"program_id":"bight","program":"Southern California Bight","resolution":7,"stations":[{"station_id":"B98_138506","station_name":"138506_B98","lat":33.9494,"lon":-118.673,"county":"FEDERAL WATERS","organization":"CLAEMD","batch_year":"1998"},{"station_id":"B98_138505","station_name":"138505_B98","lat":33.9662,"lon":-118.674,"county":"FEDERAL WATERS","organization":"CLAEMD","batch_year":"1998"}]}},{"type":"Feature","geometry":{"type":"Polygon","coordinates":[[[-118.62213160947384,33.94933177865601],[-118.61432109734328,33.96121754021953],[-118.62263612895983,33.9725084442657],[-118.63876219157483,33.971912359810226],[-118.64656991768284,33.96002627235727],[-118.6382543681264,33.94873659517696],[-118.62213160947384,33.94933177865601]]]},"properties":{"h3_index":"8729a190effffff","station_count":2,"program_id":"bight","program":"Southern California Bight","resolution":7,"stations":[{"station_id":"SCBPP_1034","station_name":"1034_SCBPP","lat":33.95967,"lon":-118.64167,"county":"FEDERAL WATERS","organization":"CLAEMD","batch_year":"1994"},{"station_id":"B98_138006","station_name":"138006_B98","lat":33.9561,"lon":-118.624,"county":"FEDERAL WATERS","organization":"CLAEMD","batch_year":"1998"}]}},{"type":"Feature","geometry":{"type":"Polygon","coordinates":[[[-118.52488039928588,33.92967455238138],[-118.51705722243942,33.94155790837577],[-118.52536488092304,33.952859658354456],[-118.54149624965237,33.95227682682861],[-118.54931665234507,33.94039313774575],[-118.5410084613923,33.92909261320594],[-118.52488039928588,33.92967455238138]]]},"properties":{"h3_index":"8729a1910ffffff","station_count":8,"program_id":"bight","program":"Southern California Bight","resolution":7,"stations":[{"station_id":"2192_B98","station_name":"B98_2192","lat":33.94372,"lon":-118.51978,"county":"LOS ANGELES","organization":"CLAEMD","batch_year":"1998"},{"station_id":"4045_B03","station_name":"B03_4045","lat":33.93486,"lon":-118.53976,"county":"FEDERAL WATERS","organization":"CLAEMD","batch_year":"2003"},{"station_id":"SCBPP_1045","station_name":"1045_SCBPP","lat":33.948,"lon":-118.53833,"county":"FEDERAL WATERS","organization":"CLAEMD","batch_year":"1994"},{"station_id":"SCBPP_1049","station_name":"1049_SCBPP","lat":33.94383,"lon":-118.53683,"county":"FEDERAL WATERS","organization":"CLAEMD","batch_year":"1994"},{"station_id":"B18-10253","station_name":"B18-10253","lat":33.943833,"lon":-118.519833,"county":"LOS ANGELES","organization":"SCCWRP","batch_year":"2018"},{"station_id":"7461_B08","station_name":"B08-7461","lat":33.94372,"lon":-118.51978,"county":"LOS ANGELES","organization":"CLAEMD","batch_year":"2008"},{"station_id":"2190_B98","station_name":"B98_2190","lat":33.94792,"lon":-118.52871,"county":"FEDERAL WATERS","organization":"CLAEMD","batch_year":"1998"},{"station_id":"B13-9292","station_name":"B13-9292 OpenwaterStation","lat":33.94372,"lon":-118.51978,"county":"LOS ANGELES","organization":"SCCWRP","batch_year":"2013"}]}},{"type":"Feature","geometry":{"type":"Polygon","coordinates":[[[-118.54931665234507,33.94039313774575],[-118.54149624965237,33.95227682682861],[-118.54980619466652,33.963575372842534],[-118.56593707217658,33.962989004099974],[-118.57375469744146,33.95110498384381],[-118.56544422355381,33.93980766343198],[-118.54931665234507,33.94039313774575]]]},"properties":{"h3_index":"8729a1911ffffff","station_count":4,"program_id":"bight","program":"Southern California Bight","resolution":7,"stations":[{"station_id":"2189_B98","station_name":"B98_2189","lat":33.95292,"lon":-118.56029,"county":"FEDERAL WATERS","organization":"CLAEMD","batch_year":"1998"},{"station_id":"SCBPP_1040","station_name":"1040_SCBPP","lat":33.95167,"lon":-118.5505,"county":"FEDERAL WATERS","organization":"CLAEMD","batch_year":"1994"},{"station_id":"B98_137005","station_name":"137005_B98","lat":33.9536,"lon":-118.554,"county":"FEDERAL WATERS","organization":"CLAEMD","batch_year":"1998"},{"station_id":"4333_B03","station_name":"B03_4333","lat":33.95477,"lon":-118.5708,"county":"FEDERAL WATERS","organization":"USC","batch_year":"2003"}]}},{"type":"Feature","geometry":{"type":"Polygon","coordinates":[[[-118.50092536847667,33.942137203480385],[-118.4930978656338,33.954019138442476],[-118.50140498790424,33.96532211290664],[-118.51754015016182,33.964741927852245],[-118.52536488092304,33.952859658354456],[-118.51705722243942,33.94155790837577],[-118.50092536847667,33.942137203480385]]]},"properties":{"h3_index":"8729a1912ffffff","station_count":2,"program_id":"bight","program":"Southern California Bight","resolution":7,"stations":[{"station_id":"4109_B03","station_name":"B03_4109","lat":33.95864,"lon":-118.51976,"county":"LOS ANGELES","organization":"CLAEMD","batch_year":"2003"},{"station_id":"SCBPP_1027","station_name":"1027_SCBPP","lat":33.94867,"lon":-118.51383,"county":"LOS ANGELES","organization":"TEX-AM","batch_year":"1994"}]}},{"type":"Feature","geometry":{"type":"Polygon","coordinates":[[[-118.52536488092304,33.952859658354456],[-118.51754015016182,33.964741927852245],[-118.52584956255934,33.97604169851723],[-118.54198423926536,33.97545797496215],[-118.54980619466652,33.963575372842534],[-118.54149624965237,33.95227682682861],[-118.52536488092304,33.952859658354456]]]},"properties":{"h3_index":"8729a1913ffffff","station_count":3,"program_id":"bight","program":"Southern California Bight","resolution":7,"stations":[{"station_id":"4365_B03","station_name":"B03_4365","lat":33.9604,"lon":-118.52937,"county":"LOS ANGELES","organization":"CLAEMD","batch_year":"2003"},{"station_id":"B98_137004","station_name":"137004_B98","lat":33.9667,"lon":-118.526,"county":"LOS ANGELES","organization":"CLAEMD","batch_year":"1998"},{"station_id":"B03_B03W099","station_name":"B03W099_B03","lat":33.96666,"lon":-118.52555,"county":"LOS ANGELES","organization":"USC","batch_year":"2003"}]}},{"type":"Feature","geometry":{"type":"Polygon","coordinates":[[[-118.52439611752418,33.906486387589254],[-118.51657449397744,33.91837082642363],[-118.52488039928588,33.92967455238138],[-118.5410084613923,33.92909261320594],[-118.54882731199078,33.917207840814854],[-118.54052087436061,33.90590534108464],[-118.52439611752418,33.906486387589254]]]},"properties":{"h3_index":"8729a1914ffffff","station_count":7,"program_id":"bight","program":"Southern California Bight","resolution":7,"stations":[{"station_id":"SCBPP_1072","station_name":"1072_SCBPP","lat":33.9165,"lon":-118.5465,"county":"FEDERAL WATERS","organization":"CLAEMD","batch_year":"1994"},{"station_id":"B98_135005","station_name":"135005_B98","lat":33.9092,"lon":-118.525,"county":"FEDERAL WATERS","organization":"CLAEMD","batch_year":"1998"},{"station_id":"B98_136005","station_name":"136005_B98","lat":33.9278,"lon":-118.536,"county":"FEDERAL WATERS","organization":"CLAEMD","batch_year":"1998"},{"station_id":"4077_B03","station_name":"B03_4077","lat":33.92197,"lon":-118.52053,"county":"FEDERAL WATERS","organization":"CLAEMD","batch_year":"2003"},{"station_id":"2195_B98","station_name":"B98_2195","lat":33.91026,"lon":-118.52452,"county":"FEDERAL WATERS","organization":"CLAEMD","batch_year":"1998"},{"station_id":"4141_B03","station_name":"B03_4141","lat":33.92458,"lon":-118.52622,"county":"FEDERAL WATERS","organization":"CLAEMD","batch_year":"2003"},{"station_id":"2194_B98","station_name":"B98_2194","lat":33.92056,"lon":-118.5215,"county":"FEDERAL WATERS","organization":"CLAEMD","batch_year":"1998"}]}},{"type":"Feature","geometry":{"type":"Polygon","coordinates":[[[-118.54882731199078,33.917207840814854],[-118.5410084613923,33.92909261320594],[-118.54931665234507,33.94039313774575],[-118.56544422355381,33.93980766343198],[-118.57326029793197,33.92792255940004],[-118.56495157825086,33.91662326125116],[-118.54882731199078,33.917207840814854]]]},"properties":{"h3_index":"8729a1915ffffff","station_count":8,"program_id":"bight","program":"Southern California Bight","resolution":7,"stations":[{"station_id":"SCBPP_1056","station_name":"1056_SCBPP","lat":33.93217,"lon":-118.56733,"county":"FEDERAL WATERS","organization":"CLAEMD","batch_year":"1994"},{"station_id":"SCBPP_1067","station_name":"1067_SCBPP","lat":33.92283,"lon":-118.55417,"county":"FEDERAL WATERS","organization":"CLAEMD","batch_year":"1994"},{"station_id":"7458_B08","station_name":"B08-7458","lat":33.93888,"lon":-118.55849,"county":"FEDERAL WATERS","organization":"NOAACOAST","batch_year":"2008"},{"station_id":"4205_B03","station_name":"B03_4205","lat":33.92785,"lon":-118.54376,"county":"FEDERAL WATERS","organization":"CLAEMD","batch_year":"2003"},{"station_id":"2191_B98","station_name":"B98_2191","lat":33.93661,"lon":-118.56096,"county":"FEDERAL WATERS","organization":"CLAEMD","batch_year":"1998"},{"station_id":"B18-10968","station_name":"B18-10968","lat":33.923533,"lon":-118.568067,"county":"OOS","organization":"SCCWRP","batch_year":"2018"},{"station_id":"B13-9277","station_name":"B13-9277 OpenwaterStation","lat":33.91856,"lon":-118.56344,"county":"LOS ANGELES","organization":"SCCWRP","batch_year":"2013"},{"station_id":"B13-9285","station_name":"B13-9285 OpenwaterStation","lat":33.93477,"lon":-118.55325,"county":"LOS ANGELES","organization":"SCCWRP","batch_year":"2013"}]}},{"type":"Feature","geometry":{"type":"Polygon","coordinates":[[[-118.50044594695551,33.91894923125814],[-118.49261999923169,33.9308322522495],[-118.50092536847667,33.942137203480385],[-118.51705722243942,33.94155790837577],[-118.52488039928588,33.92967455238138],[-118.51657449397744,33.91837082642363],[-118.50044594695551,33.91894923125814]]]},"properties":{"h3_index":"8729a1916ffffff","station_count":4,"program_id":"bight","program":"Southern California Bight","resolution":7,"stations":[{"station_id":"B03W094_B03","station_name":"B03_B03W094","lat":33.94026,"lon":-118.50976,"county":"LOS ANGELES","organization":"USC","batch_year":"2003"},{"station_id":"B98_136004","station_name":"136004_B98","lat":33.9403,"lon":-118.51,"county":"LOS ANGELES","organization":"CLAEMD","batch_year":"1998"},{"station_id":"SCBPP_1065","station_name":"1065_SCBPP","lat":33.92317,"lon":-118.50267,"county":"LOS ANGELES","organization":"CLAEMD","batch_year":"1994"},{"station_id":"2384_B98","station_name":"B98_2384","lat":33.93014,"lon":-118.50469,"county":"LOS ANGELES","organization":"CLAEMD","batch_year":"1998"}]}},{"type":"Feature","geometry":{"type":"Polygon","coordinates":[[[-118.57424930101003,33.97428434344167],[-118.56643012424497,33.98616727626859],[-118.57474410876394,33.99746063121035],[-118.59087779639731,33.99686982827883],[-118.59869419125258,33.984986566659764],[-118.59037968131415,33.97369443669266],[-118.57424930101003,33.97428434344167]]]},"properties":{"h3_index":"8729a1918ffffff","station_count":2,"program_id":"bight","program":"Southern California Bight","resolution":7,"stations":[{"station_id":"SCBPP_0993","station_name":"0993_SCBPP","lat":33.98867,"lon":-118.5925,"county":"LOS ANGELES","organization":"CLAEMD","batch_year":"1994"},{"station_id":"SCBPP_1003","station_name":"1003_SCBPP","lat":33.984,"lon":-118.569,"county":"FEDERAL WATERS","organization":"CLAEMD","batch_year":"1994"}]}},{"type":"Feature","geometry":{"type":"Polygon","coordinates":[[[-118.59869419125258,33.984986566659764],[-118.59087779639731,33.99686982827883],[-118.5991940629045,34.00815997130675],[-118.61532724701526,34.00756562751099],[-118.6231408566894,33.995682039015584],[-118.61482406836342,33.98439312112033],[-118.59869419125258,33.984986566659764]]]},"properties":{"h3_index":"8729a1919ffffff","station_count":3,"program_id":"bight","program":"Southern California Bight","resolution":7,"stations":[{"station_id":"SCBPP_0960","station_name":"0960_SCBPP","lat":33.99883,"lon":-118.59433,"county":"LOS ANGELES","organization":"CLAEMD","batch_year":"1994"},{"station_id":"SCBPP_1001","station_name":"1001_SCBPP","lat":33.98533,"lon":-118.60767,"county":"FEDERAL WATERS","organization":"CLAEMD","batch_year":"1994"},{"station_id":"B98_138004","station_name":"138004_B98","lat":33.9933,"lon":-118.604,"county":"LOS ANGELES","organization":"CLAEMD","batch_year":"1998"}]}},{"type":"Feature","geometry":{"type":"Polygon","coordinates":[[[-118.55029593908007,33.986754539117975],[-118.54247243035587,33.99863605062184],[-118.5507858857109,34.00993062959066],[-118.5669233798849,34.00934247295714],[-118.57474410876394,33.99746063121035],[-118.56643012424497,33.98616727626859],[-118.55029593908007,33.986754539117975]]]},"properties":{"h3_index":"8729a191affffff","station_count":1,"program_id":"bight","program":"Southern California Bight","resolution":7,"stations":[{"station_id":"4101_B03","station_name":"B03_4101","lat":33.99826,"lon":-118.55925,"county":"LOS ANGELES","organization":"CLAEMD","batch_year":"2003"}]}},{"type":"Feature","geometry":{"type":"Polygon","coordinates":[[[-118.57474410876394,33.99746063121035],[-118.5669233798849,34.00934247295714],[-118.57523912082958,34.02063384017248],[-118.59137611714627,34.02004214138195],[-118.5991940629045,34.00815997130675],[-118.59087779639731,33.99686982827883],[-118.57474410876394,33.99746063121035]]]},"properties":{"h3_index":"8729a191bffffff","station_count":3,"program_id":"bight","program":"Southern California Bight","resolution":7,"stations":[{"station_id":"SCBPP_0943","station_name":"0943_SCBPP","lat":34.0065,"lon":-118.59533,"county":"LOS ANGELES","organization":"CLAEMD","batch_year":"1994"},{"station_id":"4165_B03","station_name":"B03_4165","lat":34.01387,"lon":-118.59154,"county":"LOS ANGELES","organization":"CLAEMD","batch_year":"2003"},{"station_id":"B98_138003","station_name":"138003_B98","lat":34.0058,"lon":-118.597,"county":"LOS ANGELES","organization":"CLAEMD","batch_year":"1998"}]}},{"type":"Feature","geometry":{"type":"Polygon","coordinates":[[[-118.57375469744146,33.95110498384381],[-118.56593707217658,33.962989004099974],[-118.57424930101003,33.97428434344167],[-118.59037968131415,33.97369443669266],[-118.5981945258795,33.961810087179025],[-118.58988177176957,33.950515973600126],[-118.57375469744146,33.95110498384381]]]},"properties":{"h3_index":"8729a191cffffff","station_count":2,"program_id":"bight","program":"Southern California Bight","resolution":7,"stations":[{"station_id":"4269_B03","station_name":"B03_4269","lat":33.95711,"lon":-118.59303,"county":"FEDERAL WATERS","organization":"CLAEMD","batch_year":"2003"},{"station_id":"SCBPP_1028","station_name":"1028_SCBPP","lat":33.96583,"lon":-118.58817,"county":"FEDERAL WATERS","organization":"CLAEMD","batch_year":"1994"}]}},{"type":"Feature","geometry":{"type":"Polygon","coordinates":[[[-118.5981945258795,33.961810087179025],[-118.59037968131415,33.97369443669266],[-118.59869419125258,33.984986566659764],[-118.61482406836342,33.98439312112033],[-118.62263612895983,33.9725084442657],[-118.61432109734328,33.96121754021953],[-118.5981945258795,33.961810087179025]]]},"properties":{"h3_index":"8729a191dffffff","station_count":2,"program_id":"bight","program":"Southern California Bight","resolution":7,"stations":[{"station_id":"B98_138005","station_name":"138005_B98","lat":33.9722,"lon":-118.614,"county":"FEDERAL WATERS","organization":"CLAEMD","batch_year":"1998"},{"station_id":"4229_B03","station_name":"B03_4229","lat":33.98465,"lon":-118.60559,"county":"FEDERAL WATERS","organization":"USC","batch_year":"2003"}]}},{"type":"Feature","geometry":{"type":"Polygon","coordinates":[[[-118.54980619466652,33.963575372842534],[-118.54198423926536,33.97545797496215],[-118.55029593908007,33.986754539117975],[-118.56643012424497,33.98616727626859],[-118.57424930101003,33.97428434344167],[-118.56593707217658,33.962989004099974],[-118.54980619466652,33.963575372842534]]]},"properties":{"h3_index":"8729a191effffff","station_count":2,"program_id":"bight","program":"Southern California Bight","resolution":7,"stations":[{"station_id":"SCBPP_1014","station_name":"1014_SCBPP","lat":33.97417,"lon":-118.55883,"county":"FEDERAL WATERS","organization":"CLAEMD","batch_year":"1994"},{"station_id":"SCBPP_0964","station_name":"0964_SCBPP","lat":33.974,"lon":-118.55883,"county":"FEDERAL WATERS","organization":"CLAEMD","batch_year":"1994"}]}},{"type":"Feature","geometry":{"type":"Polygon","coordinates":[[[-118.6201156113923,33.856594547329685],[-118.61231128701367,33.86848461117426],[-118.62061929919048,33.87978342650872],[-118.63673215405824,33.879190947894394],[-118.64453369725999,33.867300556282366],[-118.63622516769661,33.856002970979695],[-118.6201156113923,33.856594547329685]]]},"properties":{"h3_index":"8729a1920ffffff","station_count":1,"program_id":"bight","program":"Southern California Bight","resolution":7,"stations":[{"station_id":"SCBPP_1120","station_name":"1120_SCBPP","lat":33.87133,"lon":-118.62533,"county":"FEDERAL WATERS","organization":"TEX-AM","batch_year":"1994"}]}},{"type":"Feature","geometry":{"type":"Polygon","coordinates":[[[-118.59619792462519,33.869073560591836],[-118.5883892750966,33.88096222513911],[-118.5966967661578,33.892262269556326],[-118.61281342878985,33.89167242027136],[-118.62061929919048,33.87978342650872],[-118.61231128701367,33.86848461117426],[-118.59619792462519,33.869073560591836]]]},"properties":{"h3_index":"8729a1922ffffff","station_count":2,"program_id":"bight","program":"Southern California Bight","resolution":7,"stations":[{"station_id":"SCBPP_1106","station_name":"1106_SCBPP","lat":33.883,"lon":-118.61433,"county":"FEDERAL WATERS","organization":"CLAEMD","batch_year":"1994"},{"station_id":"SCBPP_1118","station_name":"1118_SCBPP","lat":33.87467,"lon":-118.61433,"county":"FEDERAL WATERS","organization":"CLAEMD","batch_year":"1994"}]}},{"type":"Feature","geometry":{"type":"Polygon","coordinates":[[[-118.5956992887345,33.84588181174846],[-118.58789218643619,33.85777154590516],[-118.59619792462519,33.869073560591836],[-118.61231128701367,33.86848461117426],[-118.6201156113923,33.856594547329685],[-118.61180935222825,33.845293762518374],[-118.5956992887345,33.84588181174846]]]},"properties":{"h3_index":"8729a1926ffffff","station_count":1,"program_id":"bight","program":"Southern California Bight","resolution":7,"stations":[{"station_id":"SCBPP_1131","station_name":"1131_SCBPP","lat":33.862,"lon":-118.61133,"county":"FEDERAL WATERS","organization":"CLAEMD","batch_year":"1994"}]}},{"type":"Feature","geometry":{"type":"Polygon","coordinates":[[[-118.6694673309015,33.90118296109867],[-118.66166702853197,33.91307260753201],[-118.66998133604964,33.92436303814417],[-118.68609645720169,33.92376259270621],[-118.69389397067285,33.91187262281876],[-118.68557915281585,33.90058342175051],[-118.6694673309015,33.90118296109867]]]},"properties":{"h3_index":"8729a1928ffffff","station_count":1,"program_id":"bight","program":"Southern California Bight","resolution":7,"stations":[{"station_id":"B18-10342","station_name":"B18-10342","lat":33.90604,"lon":-118.66641,"county":"OOS","organization":"SCCWRP","batch_year":"2018"}]}},{"type":"Feature","geometry":{"type":"Polygon","coordinates":[[[-118.64555138757866,33.913669520142705],[-118.63774675414378,33.92555776698807],[-118.64606054759265,33.936849426200865],[-118.66217948947168,33.93625160989506],[-118.66998133604964,33.92436303814417],[-118.66166702853197,33.91307260753201],[-118.64555138757866,33.913669520142705]]]},"properties":{"h3_index":"8729a192affffff","station_count":1,"program_id":"bight","program":"Southern California Bight","resolution":7,"stations":[{"station_id":"B13-9281","station_name":"B13-9281 OpenwaterStation","lat":33.92103,"lon":-118.65011,"county":"LOS ANGELES","organization":"SCCWRP","batch_year":"2013"}]}},{"type":"Feature","geometry":{"type":"Polygon","coordinates":[[[-118.64504243751104,33.89048656117164],[-118.63723934949752,33.90237588222985],[-118.64555138757866,33.913669520142705],[-118.66166702853197,33.91307260753201],[-118.6694673309015,33.90118296109867],[-118.66115477888762,33.88989055257852],[-118.64504243751104,33.89048656117164]]]},"properties":{"h3_index":"8729a192effffff","station_count":1,"program_id":"bight","program":"Southern California Bight","resolution":7,"stations":[{"station_id":"7428_B08","station_name":"B08-7428","lat":33.89774,"lon":-118.65692,"county":"FEDERAL WATERS","organization":"CLAEMD","batch_year":"2008"}]}},{"type":"Feature","geometry":{"type":"Polygon","coordinates":[[[-118.54784923668419,33.870828089429004],[-118.54003348843291,33.8827150174611],[-118.54833817347875,33.89401948904296],[-118.56445913614199,33.893435804549895],[-118.57227211058557,33.881548543937086],[-118.56396689710162,33.87024530032643],[-118.54784923668419,33.870828089429004]]]},"properties":{"h3_index":"8729a1930ffffff","station_count":3,"program_id":"bight","program":"Southern California Bight","resolution":7,"stations":[{"station_id":"SCBPP_1103","station_name":"1103_SCBPP","lat":33.88583,"lon":-118.55267,"county":"FEDERAL WATERS","organization":"TEX-AM","batch_year":"1994"},{"station_id":"4278_B03","station_name":"B03_4278","lat":33.87807,"lon":-118.54424,"county":"FEDERAL WATERS","organization":"CLAEMD","batch_year":"2003"},{"station_id":"SCBPP_1110","station_name":"1110_SCBPP","lat":33.87983,"lon":-118.56933,"county":"FEDERAL WATERS","organization":"CLAEMD","batch_year":"1994"}]}},{"type":"Feature","geometry":{"type":"Polygon","coordinates":[[[-118.57227211058557,33.881548543937086],[-118.56445913614199,33.893435804549895],[-118.57276610235536,33.904737077099476],[-118.58888656878776,33.904149860832014],[-118.5966967661578,33.892262269556326],[-118.5883892750966,33.88096222513911],[-118.57227211058557,33.881548543937086]]]},"properties":{"h3_index":"8729a1931ffffff","station_count":1,"program_id":"bight","program":"Southern California Bight","resolution":7,"stations":[{"station_id":"7426_B08","station_name":"B08-7426","lat":33.8935,"lon":-118.58414,"county":"FEDERAL WATERS","organization":"CLAEMD","batch_year":"2008"}]}},{"type":"Feature","geometry":{"type":"Polygon","coordinates":[[[-118.52391203551433,33.88329517097515],[-118.51609196465272,33.89518068899029],[-118.52439611752418,33.906486387589254],[-118.54052087436061,33.90590534108464],[-118.54833817347875,33.89401948904296],[-118.54003348843291,33.8827150174611],[-118.52391203551433,33.88329517097515]]]},"properties":{"h3_index":"8729a1932ffffff","station_count":5,"program_id":"bight","program":"Southern California Bight","resolution":7,"stations":[{"station_id":"4301_B03","station_name":"B03_4301","lat":33.89681,"lon":-118.54023,"county":"FEDERAL WATERS","organization":"CLAEMD","batch_year":"2003"},{"station_id":"SCBPP_1091","station_name":"1091_SCBPP","lat":33.89617,"lon":-118.5415,"county":"FEDERAL WATERS","organization":"CLAEMD","batch_year":"1994"},{"station_id":"SCBPP_1105","station_name":"1105_SCBPP","lat":33.883,"lon":-118.53817,"county":"FEDERAL WATERS","organization":"CLAEMD","batch_year":"1994"},{"station_id":"SCBPP_1096","station_name":"1096_SCBPP","lat":33.89383,"lon":-118.51917,"county":"FEDERAL WATERS","organization":"CLAEMD","batch_year":"1994"},{"station_id":"2198_B98","station_name":"B98_2198","lat":33.88776,"lon":-118.52437,"county":"FEDERAL WATERS","organization":"CLAEMD","batch_year":"1998"}]}},{"type":"Feature","geometry":{"type":"Polygon","coordinates":[[[-118.54833817347875,33.89401948904296],[-118.54052087436061,33.90590534108464],[-118.54882731199078,33.917207840814854],[-118.56495157825086,33.91662326125116],[-118.57276610235536,33.904737077099476],[-118.56445913614199,33.893435804549895],[-118.54833817347875,33.89401948904296]]]},"properties":{"h3_index":"8729a1933ffffff","station_count":4,"program_id":"bight","program":"Southern California Bight","resolution":7,"stations":[{"station_id":"4173_B03","station_name":"B03_4173","lat":33.90783,"lon":-118.56696,"county":"FEDERAL WATERS","organization":"CLAEMD","batch_year":"2003"},{"station_id":"2196_B98","station_name":"B98_2196","lat":33.90285,"lon":-118.5532,"county":"FEDERAL WATERS","organization":"CLAEMD","batch_year":"1998"},{"station_id":"B98_135006","station_name":"135006_B98","lat":33.9,"lon":-118.55,"county":"FEDERAL WATERS","organization":"CLAEMD","batch_year":"1998"},{"station_id":"B98_136006","station_name":"136006_B98","lat":33.9167,"lon":-118.558,"county":"FEDERAL WATERS","organization":"CLAEMD","batch_year":"1998"}]}},{"type":"Feature","geometry":{"type":"Polygon","coordinates":[[[-118.5473605014824,33.847633648977784],[-118.53954630348485,33.85952164933752],[-118.54784923668419,33.870828089429004],[-118.56396689710162,33.87024530032643],[-118.5717783224966,33.85835696691368],[-118.56347486100417,33.84705175558484],[-118.5473605014824,33.847633648977784]]]},"properties":{"h3_index":"8729a1934ffffff","station_count":4,"program_id":"bight","program":"Southern California Bight","resolution":7,"stations":[{"station_id":"SCBPP_1128","station_name":"1128_SCBPP","lat":33.86467,"lon":-118.55833,"county":"FEDERAL WATERS","organization":"CLAEMD","batch_year":"1994"},{"station_id":"SCBPP_1146","station_name":"1146_SCBPP","lat":33.85117,"lon":-118.55283,"county":"FEDERAL WATERS","organization":"CLAEMD","batch_year":"1994"},{"station_id":"SCBPP_1150","station_name":"1150_SCBPP","lat":33.84767,"lon":-118.5515,"county":"FEDERAL WATERS","organization":"CLAEMD","batch_year":"1994"},{"station_id":"B13-9267","station_name":"B13-9267 OpenwaterStation","lat":33.86084,"lon":-118.55917,"county":"LOS ANGELES","organization":"SCCWRP","batch_year":"2013"}]}},{"type":"Feature","geometry":{"type":"Polygon","coordinates":[[[-118.5717783224966,33.85835696691368],[-118.56396689710162,33.87024530032643],[-118.57227211058557,33.881548543937086],[-118.5883892750966,33.88096222513911],[-118.59619792462519,33.869073560591836],[-118.58789218643619,33.85777154590516],[-118.5717783224966,33.85835696691368]]]},"properties":{"h3_index":"8729a1935ffffff","station_count":1,"program_id":"bight","program":"Southern California Bight","resolution":7,"stations":[{"station_id":"4281_B03","station_name":"B03_4281","lat":33.87804,"lon":-118.57077,"county":"FEDERAL WATERS","organization":"USC","batch_year":"2003"}]}},{"type":"Feature","geometry":{"type":"Polygon","coordinates":[[[-118.52342815313287,33.860100909542],[-118.51560963434204,33.87198750307615],[-118.52391203551433,33.88329517097515],[-118.54003348843291,33.8827150174611],[-118.54784923668419,33.870828089429004],[-118.53954630348485,33.85952164933752],[-118.52342815313287,33.860100909542]]]},"properties":{"h3_index":"8729a1936ffffff","station_count":5,"program_id":"bight","program":"Southern California Bight","resolution":7,"stations":[{"station_id":"4358_B03","station_name":"B03_4358","lat":33.88162,"lon":-118.53487,"county":"FEDERAL WATERS","organization":"CLAEMD","batch_year":"2003"},{"station_id":"B98_134006","station_name":"134006_B98","lat":33.8792,"lon":-118.536,"county":"FEDERAL WATERS","organization":"CLAEMD","batch_year":"1998"},{"station_id":"B18-10255","station_name":"B18-10255","lat":33.865833,"lon":-118.5281,"county":"OOS","organization":"SCCWRP","batch_year":"2018"},{"station_id":"SCBPP_1129","station_name":"1129_SCBPP","lat":33.86517,"lon":-118.52033,"county":"FEDERAL WATERS","organization":"CLAEMD","batch_year":"1994"},{"station_id":"2199_B98","station_name":"B98_2199","lat":33.88228,"lon":-118.53538,"county":"FEDERAL WATERS","organization":"CLAEMD","batch_year":"1998"}]}},{"type":"Feature","geometry":{"type":"Polygon","coordinates":[[[-118.76825296324358,33.9902350827653],[-118.76046075669093,34.002123854725326],[-118.76878763492942,34.01339744318253],[-118.78490721684757,34.01278103106757],[-118.7926966190614,34.00089194427491],[-118.7843692446209,33.989619584356106],[-118.76825296324358,33.9902350827653]]]},"properties":{"h3_index":"8729a1940ffffff","station_count":2,"program_id":"bight","program":"Southern California Bight","resolution":7,"stations":[{"station_id":"2381_B98","station_name":"B98_2381","lat":34.00295,"lon":-118.76933,"county":"LOS ANGELES","organization":"SCCWRP","batch_year":"1998"},{"station_id":"B13-9326","station_name":"B13-9326 OpenwaterStation","lat":34.00509,"lon":-118.76663,"county":"LOS ANGELES","organization":"SCCWRP","batch_year":"2013"}]}},{"type":"Feature","geometry":{"type":"Polygon","coordinates":[[[-118.74434063035686,34.00273672684618],[-118.7365440809425,34.014624098666374],[-118.7448704592486,34.025898914730256],[-118.76099388782744,34.02528513129379],[-118.76878763492942,34.01339744318253],[-118.76046075669093,34.002123854725326],[-118.74434063035686,34.00273672684618]]]},"properties":{"h3_index":"8729a1942ffffff","station_count":5,"program_id":"bight","program":"Southern California Bight","resolution":7,"stations":[{"station_id":"2380_B98","station_name":"B98_2380","lat":34.0181,"lon":-118.75943,"county":"LOS ANGELES","organization":"CLAEMD","batch_year":"1998"},{"station_id":"SCBPP_0929","station_name":"0929_SCBPP","lat":34.01,"lon":-118.7505,"county":"LOS ANGELES","organization":"CLAEMD","batch_year":"1994"},{"station_id":"SCBPP_0900","station_name":"0900_SCBPP","lat":34.023,"lon":-118.74683,"county":"LOS ANGELES","organization":"TEX-AM","batch_year":"1994"},{"station_id":"4325_B03","station_name":"B03_4325","lat":34.00971,"lon":-118.76078,"county":"LOS ANGELES","organization":"USC","batch_year":"2003"},{"station_id":"B13-9336","station_name":"B13-9336 OpenwaterStation","lat":34.01948,"lon":-118.74305,"county":"LOS ANGELES","organization":"SCCWRP","batch_year":"2013"}]}},{"type":"Feature","geometry":{"type":"Polygon","coordinates":[[[-118.79215710811532,33.97772941689593],[-118.7843692446209,33.989619584356106],[-118.7926966190614,34.00089194427491],[-118.80881235039521,34.00027290719076],[-118.81659740752983,33.988382426356765],[-118.80826954061449,33.977111295906724],[-118.79215710811532,33.97772941689593]]]},"properties":{"h3_index":"8729a1945ffffff","station_count":6,"program_id":"bight","program":"Southern California Bight","resolution":7,"stations":[{"station_id":"B98_140001","station_name":"140001_B98","lat":33.9953,"lon":-118.805,"county":"LOS ANGELES","organization":"CLAEMD","batch_year":"1998"},{"station_id":"B98_140002","station_name":"140002_B98","lat":33.9883,"lon":-118.805,"county":"LOS ANGELES","organization":"CLAEMD","batch_year":"1998"},{"station_id":"B98_140003","station_name":"140003_B98","lat":33.9806,"lon":-118.805,"county":"LOS ANGELES","organization":"CLAEMD","batch_year":"1998"},{"station_id":"4185_B03","station_name":"B03_4185","lat":33.99208,"lon":-118.79829,"county":"LOS ANGELES","organization":"CLAEMD","batch_year":"2003"},{"station_id":"SCBPP_0988","station_name":"0988_SCBPP","lat":33.99017,"lon":-118.79767,"county":"LOS ANGELES","organization":"CLAEMD","batch_year":"1994"},{"station_id":"B13-9311","station_name":"B13-9311 OpenwaterStation","lat":33.98246,"lon":-118.8024,"county":"LOS ANGELES","organization":"SCCWRP","batch_year":"2013"}]}},{"type":"Feature","geometry":{"type":"Polygon","coordinates":[[[-118.74381102003869,33.979571460085445],[-118.73601601239606,33.99145991529063],[-118.74434063035686,34.00273672684618],[-118.76046075669093,34.002123854725326],[-118.76825296324358,33.9902350827653],[-118.75992784547758,33.97895949960744],[-118.74381102003869,33.979571460085445]]]},"properties":{"h3_index":"8729a1946ffffff","station_count":1,"program_id":"bight","program":"Southern California Bight","resolution":7,"stations":[{"station_id":"4313_B03","station_name":"B03_4313","lat":33.99568,"lon":-118.74935,"county":"LOS ANGELES","organization":"USC","batch_year":"2003"}]}},{"type":"Feature","geometry":{"type":"Polygon","coordinates":[[[-118.81714197877336,34.011542041206454],[-118.80935538414487,34.023431440908894],[-118.8176867747292,34.03469857517474],[-118.8338052498579,34.034075080851686],[-118.8415890336571,34.02218537016291],[-118.8332571540811,34.01091946470929],[-118.81714197877336,34.011542041206454]]]},"properties":{"h3_index":"8729a194cffffff","station_count":1,"program_id":"bight","program":"Southern California Bight","resolution":7,"stations":[{"station_id":"2379_B98","station_name":"B98_2379","lat":34.019,"lon":-118.83729,"county":"LOS ANGELES","organization":"CRGML","batch_year":"1998"}]}},{"type":"Feature","geometry":{"type":"Polygon","coordinates":[[[-118.8415890336571,34.02218537016291],[-118.8338052498579,34.034075080851686],[-118.84213889250432,34.04533898403474],[-118.85825680525824,34.04471194750919],[-118.86603777498648,34.03282192775815],[-118.85770364695551,34.02155925352044],[-118.8415890336571,34.02218537016291]]]},"properties":{"h3_index":"8729a194dffffff","station_count":2,"program_id":"bight","program":"Southern California Bight","resolution":7,"stations":[{"station_id":"2343_B98","station_name":"B98_2343","lat":34.02442,"lon":-118.8518,"county":"LOS ANGELES","organization":"CRGML","batch_year":"1998"},{"station_id":"B18-10217","station_name":"B18-10217","lat":34.03331,"lon":-118.86411,"county":"LOS ANGELES","organization":"SCCWRP","batch_year":"2018"}]}},{"type":"Feature","geometry":{"type":"Polygon","coordinates":[[[-118.69597149900294,34.00456300333997],[-118.688167809906,34.01644865071236],[-118.6964914170592,34.027727916259664],[-118.71261922150774,34.02712030783343],[-118.72042011358175,34.01523434079229],[-118.71209599915753,34.00395630177317],[-118.69597149900294,34.00456300333997]]]},"properties":{"h3_index":"8729a1950ffffff","station_count":6,"program_id":"bight","program":"Southern California Bight","resolution":7,"stations":[{"station_id":"SCBPP_0918","station_name":"0918_SCBPP","lat":34.01417,"lon":-118.69633,"county":"LOS ANGELES","organization":"CLAEMD","batch_year":"1994"},{"station_id":"SCBPP_0902","station_name":"0902_SCBPP","lat":34.02233,"lon":-118.70383,"county":"LOS ANGELES","organization":"TEX-AM","batch_year":"1994"},{"station_id":"B98_138702","station_name":"138702_B98","lat":34.0195,"lon":-118.697,"county":"LOS ANGELES","organization":"CLAEMD","batch_year":"1998"},{"station_id":"B98_138703","station_name":"138703_B98","lat":34.0104,"lon":-118.697,"county":"LOS ANGELES","organization":"CLAEMD","batch_year":"1998"},{"station_id":"B98_139002","station_name":"139002_B98","lat":34.0194,"lon":-118.717,"county":"LOS ANGELES","organization":"CLAEMD","batch_year":"1998"},{"station_id":"B98_139003","station_name":"139003_B98","lat":34.0111,"lon":-118.717,"county":"LOS ANGELES","organization":"CLAEMD","batch_year":"1998"}]}},{"type":"Feature","geometry":{"type":"Polygon","coordinates":[[[-118.72042011358175,34.01523434079229],[-118.71261922150774,34.02712030783343],[-118.72094509614786,34.038396350570956],[-118.73707236745497,34.03778519952051],[-118.7448704592486,34.025898914730256],[-118.7365440809425,34.014624098666374],[-118.72042011358175,34.01523434079229]]]},"properties":{"h3_index":"8729a1951ffffff","station_count":1,"program_id":"bight","program":"Southern California Bight","resolution":7,"stations":[{"station_id":"B98_139001","station_name":"139001_B98","lat":34.0275,"lon":-118.717,"county":"LOS ANGELES","organization":"CLAEMD","batch_year":"1998"}]}},{"type":"Feature","geometry":{"type":"Polygon","coordinates":[[[-118.67203947830716,34.01705271726964],[-118.66423144879991,34.02893695376781],[-118.6725545449443,34.04021744490651],[-118.68868618253305,34.039612473882954],[-118.6964914170592,34.027727916259664],[-118.688167809906,34.01644865071236],[-118.67203947830716,34.01705271726964]]]},"properties":{"h3_index":"8729a1952ffffff","station_count":26,"program_id":"bight","program":"Southern California Bight","resolution":7,"stations":[{"station_id":"SCBPP_0903","station_name":"0903_SCBPP","lat":34.02183,"lon":-118.68167,"county":"LOS ANGELES","organization":"CLAEMD","batch_year":"1994"},{"station_id":"SCBPP_0886","station_name":"0886_SCBPP","lat":34.0285,"lon":-118.66917,"county":"LOS ANGELES","organization":"TEX-AM","batch_year":"1994"},{"station_id":"4683_B03","station_name":"B03_4683","lat":34.03278,"lon":-118.68477,"county":"LOS ANGELES","organization":"CSD","batch_year":"2003"},{"station_id":"5771_B03","station_name":"B03_5771","lat":34.03279,"lon":-118.68459,"county":"LOS ANGELES","organization":"CSD","batch_year":"2003"},{"station_id":"B98_138501","station_name":"138501_B98","lat":34.0319,"lon":-118.676,"county":"LOS ANGELES","organization":"CLAEMD","batch_year":"1998"},{"station_id":"B98_138601","station_name":"138601_B98","lat":34.0278,"lon":-118.686,"county":"LOS ANGELES","organization":"CLAEMD","batch_year":"1998"},{"station_id":"B98_138602","station_name":"138602_B98","lat":34.0188,"lon":-118.686,"county":"LOS ANGELES","organization":"CLAEMD","batch_year":"1998"},{"station_id":"B98_138502","station_name":"138502_B98","lat":34.0228,"lon":-118.675,"county":"LOS ANGELES","organization":"CLAEMD","batch_year":"1998"},{"station_id":"2314_B98","station_name":"B98_2314","lat":34.0271,"lon":-118.6826,"county":"LOS ANGELES","organization":"CLAEMD","batch_year":"1998"},{"station_id":"5739_B03","station_name":"B03_5739","lat":34.03451,"lon":-118.68188,"county":"LOS ANGELES","organization":"CSD","batch_year":"2003"},{"station_id":"B03_MCSN225L","station_name":"MCSN225L_B03","lat":34.03053,"lon":-118.681,"county":"LOS ANGELES","organization":"LMU","batch_year":"2003"},{"station_id":"B03_MC0","station_name":"MC0_B03","lat":34.03218,"lon":-118.6797,"county":"LOS ANGELES","organization":"LMU","batch_year":"2003"},{"station_id":"B03_MCS225","station_name":"MCS225_B03","lat":34.03379,"lon":-118.6786,"county":"LOS ANGELES","organization":"LMU","batch_year":"2003"},{"station_id":"4197_B03","station_name":"B03_4197","lat":34.03279,"lon":-118.6822,"county":"LOS ANGELES","organization":"CRGML","batch_year":"2003"},{"station_id":"4939_B03","station_name":"B03_4939","lat":34.03254,"lon":-118.68137,"county":"LOS ANGELES","organization":"CRGML","batch_year":"2003"},{"station_id":"B03_MCSS75","station_name":"MCSS75_B03","lat":34.03228,"lon":-118.6783,"county":"LOS ANGELES","organization":"LMU","batch_year":"2003"},{"station_id":"B03_MCSN25L","station_name":"MCSN25L_B03","lat":34.03147,"lon":-118.6791,"county":"LOS ANGELES","organization":"LMU","batch_year":"2003"},{"station_id":"B03_MCSS25L","station_name":"MCSS25L_B03","lat":34.03187,"lon":-118.6786,"county":"LOS ANGELES","organization":"LMU","batch_year":"2003"},{"station_id":"B03_MCS25L","station_name":"MCS25L_B03","lat":34.03233,"lon":-118.6795,"county":"LOS ANGELES","organization":"LMU","batch_year":"2003"},{"station_id":"B03_MCN25L","station_name":"MCN25L_B03","lat":34.03202,"lon":-118.6799,"county":"LOS ANGELES","organization":"LMU","batch_year":"2003"},{"station_id":"B03_MCS75L","station_name":"MCS75L_B03","lat":34.03272,"lon":-118.6793,"county":"LOS ANGELES","organization":"LMU","batch_year":"2003"},{"station_id":"B03_MCSN75L","station_name":"MCSN75L_B03","lat":34.03112,"lon":-118.6795,"county":"LOS ANGELES","organization":"LMU","batch_year":"2003"},{"station_id":"B03_MCN75L","station_name":"MCN75L_B03","lat":34.03174,"lon":-118.6802,"county":"LOS ANGELES","organization":"LMU","batch_year":"2003"},{"station_id":"B03_MCN225L","station_name":"MCN225L_B03","lat":34.03121,"lon":-118.6816,"county":"LOS ANGELES","organization":"LMU","batch_year":"2003"},{"station_id":"B03_MCSS225L","station_name":"MCSS225L_B03","lat":34.03352,"lon":-118.6777,"county":"LOS ANGELES","organization":"LMU","batch_year":"2003"},{"station_id":"B03_MCS0L","station_name":"MCS0L_B03","lat":34.03171,"lon":-118.6788,"county":"LOS ANGELES","organization":"LMU","batch_year":"2003"}]}},{"type":"Feature","geometry":{"type":"Polygon","coordinates":[[[-118.6964914170592,34.027727916259664],[-118.68868618253305,34.039612473882954],[-118.69701154977037,34.05088974235975],[-118.71314265986462,34.05028122740105],[-118.72094509614786,34.038396350570956],[-118.71261922150774,34.02712030783343],[-118.6964914170592,34.027727916259664]]]},"properties":{"h3_index":"8729a1953ffffff","station_count":1,"program_id":"bight","program":"Southern California Bight","resolution":7,"stations":[{"station_id":"B98_138701","station_name":"138701_B98","lat":34.0285,"lon":-118.697,"county":"LOS ANGELES","organization":"CLAEMD","batch_year":"1998"}]}},{"type":"Feature","geometry":{"type":"Polygon","coordinates":[[[-118.69545179546876,33.981395010563965],[-118.68764965119163,33.9932817440399],[-118.69597149900294,34.00456300333997],[-118.71209599915753,34.00395630177317],[-118.71989534763105,33.99206924816496],[-118.71157299268037,33.980789216182835],[-118.69545179546876,33.981395010563965]]]},"properties":{"h3_index":"8729a1954ffffff","station_count":1,"program_id":"bight","program":"Southern California Bight","resolution":7,"stations":[{"station_id":"4037_B03","station_name":"B03_4037","lat":33.99816,"lon":-118.70954,"county":"LOS ANGELES","organization":"CLAEMD","batch_year":"2003"}]}},{"type":"Feature","geometry":{"type":"Polygon","coordinates":[[[-118.71989534763105,33.99206924816496],[-118.71209599915753,34.00395630177317],[-118.72042011358175,34.01523434079229],[-118.7365440809425,34.014624098666374],[-118.74434063035686,34.00273672684618],[-118.73601601239606,33.99145991529063],[-118.71989534763105,33.99206924816496]]]},"properties":{"h3_index":"8729a1955ffffff","station_count":2,"program_id":"bight","program":"Southern California Bight","resolution":7,"stations":[{"station_id":"SCBPP_0942","station_name":"0942_SCBPP","lat":34.00667,"lon":-118.7205,"county":"LOS ANGELES","organization":"CLAEMD","batch_year":"1994"},{"station_id":"B98_139004","station_name":"139004_B98","lat":33.9975,"lon":-118.717,"county":"LOS ANGELES","organization":"CLAEMD","batch_year":"1998"}]}},{"type":"Feature","geometry":{"type":"Polygon","coordinates":[[[-118.67152462423051,33.99388490580475],[-118.66371814137067,34.005770231589395],[-118.67203947830716,34.01705271726964],[-118.688167809906,34.01644865071236],[-118.69597149900294,34.00456300333997],[-118.68764965119163,33.9932817440399],[-118.67152462423051,33.99388490580475]]]},"properties":{"h3_index":"8729a1956ffffff","station_count":6,"program_id":"bight","program":"Southern California Bight","resolution":7,"stations":[{"station_id":"SCBPP_0936","station_name":"0936_SCBPP","lat":34.00783,"lon":-118.68317,"county":"LOS ANGELES","organization":"CLAEMD","batch_year":"1994"},{"station_id":"SCBPP_0972","station_name":"0972_SCBPP","lat":33.99567,"lon":-118.67217,"county":"LOS ANGELES","organization":"CLAEMD","batch_year":"1994"},{"station_id":"B98_138503","station_name":"138503_B98","lat":34.0136,"lon":-118.675,"county":"LOS ANGELES","organization":"CLAEMD","batch_year":"1998"},{"station_id":"B98_138603","station_name":"138603_B98","lat":34.0097,"lon":-118.686,"county":"LOS ANGELES","organization":"CLAEMD","batch_year":"1998"},{"station_id":"B98_138504","station_name":"138504_B98","lat":33.9957,"lon":-118.675,"county":"LOS ANGELES","organization":"CLAEMD","batch_year":"1998"},{"station_id":"B13-9331","station_name":"B13-9331 OpenwaterStation","lat":34.0132,"lon":-118.67019,"county":"LOS ANGELES","organization":"SCCWRP","batch_year":"2013"}]}},{"type":"Feature","geometry":{"type":"Polygon","coordinates":[[[-118.76718428132416,33.943901144189304],[-118.75939515405135,33.95579207290644],[-118.76771851208727,33.96706964744461],[-118.78383149427216,33.966455063068494],[-118.79161781965243,33.95456381858776],[-118.78329396566421,33.943287474172905],[-118.76718428132416,33.943901144189304]]]},"properties":{"h3_index":"8729a1962ffffff","station_count":1,"program_id":"bight","program":"Southern California Bight","resolution":7,"stations":[{"station_id":"B18-10353","station_name":"B18-10353","lat":33.944267,"lon":-118.771433,"county":"OOS","organization":"SCCWRP","batch_year":"2018"}]}},{"type":"Feature","geometry":{"type":"Polygon","coordinates":[[[-118.79161781965243,33.95456381858776],[-118.78383149427216,33.966455063068494],[-118.79215710811532,33.97772941689593],[-118.80826954061449,33.977111295906724],[-118.81605306085964,33.96521973758652],[-118.80772695466423,33.95394661402092],[-118.79161781965243,33.95456381858776]]]},"properties":{"h3_index":"8729a1963ffffff","station_count":2,"program_id":"bight","program":"Southern California Bight","resolution":7,"stations":[{"station_id":"B98_140004","station_name":"140004_B98","lat":33.9583,"lon":-118.805,"county":"LOS ANGELES","organization":"CLAEMD","batch_year":"1998"},{"station_id":"B13-9305","station_name":"B13-9305 OpenwaterStation","lat":33.96621,"lon":-118.81172,"county":"LOS ANGELES","organization":"SCCWRP","batch_year":"2013"}]}},{"type":"Feature","geometry":{"type":"Polygon","coordinates":[[[-118.79053990962636,33.90822343707255],[-118.78275665866008,33.92011682464333],[-118.79107875353523,33.931395156321095],[-118.80718459240614,33.93077886850338],[-118.81496504068431,33.918885166157146],[-118.80664245370203,33.90760806632993],[-118.79053990962636,33.90822343707255]]]},"properties":{"h3_index":"8729a1964ffffff","station_count":2,"program_id":"bight","program":"Southern California Bight","resolution":7,"stations":[{"station_id":"B98_140005","station_name":"140005_B98","lat":33.928,"lon":-118.805,"county":"FEDERAL WATERS","organization":"CLAEMD","batch_year":"1998"},{"station_id":"B98_140006","station_name":"140006_B98","lat":33.9125,"lon":-118.805,"county":"FEDERAL WATERS","organization":"CLAEMD","batch_year":"1998"}]}},{"type":"Feature","geometry":{"type":"Polygon","coordinates":[[[-118.86492861706115,33.98651129577188],[-118.85715071680421,33.99840347599601],[-118.86548308164669,34.00966815171176],[-118.88159382921279,34.00903941646641],[-118.8893689146214,33.997146928179006],[-118.88103606823447,33.98588348312545],[-118.86492861706115,33.98651129577188]]]},"properties":{"h3_index":"8729a1969ffffff","station_count":1,"program_id":"bight","program":"Southern California Bight","resolution":7,"stations":[{"station_id":"B13-9320","station_name":"B13-9320 OpenwaterStation","lat":33.99917,"lon":-118.86887,"county":"LOS ANGELES","organization":"SCCWRP","batch_year":"2013"}]}},{"type":"Feature","geometry":{"type":"Polygon","coordinates":[[[-118.81659740752983,33.988382426356765],[-118.80881235039521,34.00027290719076],[-118.81714197877336,34.011542041206454],[-118.8332571540811,34.01091946470929],[-118.84103940161383,33.99902867242559],[-118.83270928436437,33.98776076801449],[-118.81659740752983,33.988382426356765]]]},"properties":{"h3_index":"8729a196affffff","station_count":2,"program_id":"bight","program":"Southern California Bight","resolution":7,"stations":[{"station_id":"B13-9321","station_name":"B13-9321 OpenwaterStation","lat":34.00042,"lon":-118.81508,"county":"LOS ANGELES","organization":"SCCWRP","batch_year":"2013"},{"station_id":"B13-9323","station_name":"B13-9323 OpenwaterStation","lat":34.00126,"lon":-118.82444,"county":"LOS ANGELES","organization":"SCCWRP","batch_year":"2013"}]}},{"type":"Feature","geometry":{"type":"Polygon","coordinates":[[[-118.84103940161383,33.99902867242559],[-118.8332571540811,34.01091946470929],[-118.8415890336571,34.02218537016291],[-118.85770364695551,34.02155925352044],[-118.86548308164669,34.00966815171176],[-118.85715071680421,33.99840347599601],[-118.84103940161383,33.99902867242559]]]},"properties":{"h3_index":"8729a196bffffff","station_count":1,"program_id":"bight","program":"Southern California Bight","resolution":7,"stations":[{"station_id":"2344_B98","station_name":"B98_2344","lat":34.01883,"lon":-118.8563,"county":"LOS ANGELES","organization":"CRGML","batch_year":"1998"}]}},{"type":"Feature","geometry":{"type":"Polygon","coordinates":[[[-118.86437438108852,33.963351366897214],[-118.85659801466332,33.97524462189206],[-118.86492861706115,33.98651129577188],[-118.88103606823447,33.98588348312545],[-118.88880962104105,33.97398991960213],[-118.88047853721461,33.96272447717892],[-118.86437438108852,33.963351366897214]]]},"properties":{"h3_index":"8729a196dffffff","station_count":1,"program_id":"bight","program":"Southern California Bight","resolution":7,"stations":[{"station_id":"B13-9309","station_name":"B13-9309 OpenwaterStation","lat":33.97742,"lon":-118.87639,"county":"LOS ANGELES","organization":"SCCWRP","batch_year":"2013"}]}},{"type":"Feature","geometry":{"type":"Polygon","coordinates":[[[-118.81605306085964,33.96521973758652],[-118.80826954061449,33.977111295906724],[-118.81659740752983,33.988382426356765],[-118.83270928436437,33.98776076801449],[-118.84048999623427,33.97586889777963],[-118.83216164056799,33.96459899772739],[-118.81605306085964,33.96521973758652]]]},"properties":{"h3_index":"8729a196effffff","station_count":1,"program_id":"bight","program":"Southern California Bight","resolution":7,"stations":[{"station_id":"B13-9310","station_name":"B13-9310 OpenwaterStation","lat":33.98202,"lon":-118.81463,"county":"LOS ANGELES","organization":"SCCWRP","batch_year":"2013"}]}},{"type":"Feature","geometry":{"type":"Polygon","coordinates":[[[-118.71884646504,33.94572984223071],[-118.71105020194283,33.95761905803086],[-118.71937079816175,33.96890107965409],[-118.73548816168089,33.968292656357754],[-118.74328162815898,33.95640312141512],[-118.7349605286623,33.945122328838],[-118.71884646504,33.94572984223071]]]},"properties":{"h3_index":"8729a1970ffffff","station_count":1,"program_id":"bight","program":"Southern California Bight","resolution":7,"stations":[{"station_id":"B98_139005","station_name":"139005_B98","lat":33.9603,"lon":-118.717,"county":"FEDERAL WATERS","organization":"CLAEMD","batch_year":"1998"}]}},{"type":"Feature","geometry":{"type":"Polygon","coordinates":[[[-118.71937079816175,33.96890107965409],[-118.71157299268037,33.980789216182835],[-118.71989534763105,33.99206924816496],[-118.73601601239606,33.99145991529063],[-118.74381102003869,33.979571460085445],[-118.73548816168089,33.968292656357754],[-118.71937079816175,33.96890107965409]]]},"properties":{"h3_index":"8729a1973ffffff","station_count":1,"program_id":"bight","program":"Southern California Bight","resolution":7,"stations":[{"station_id":"7479_B08","station_name":"B08-7479","lat":33.97086,"lon":-118.7277,"county":"FEDERAL WATERS","organization":"CLAEMD","batch_year":"2008"}]}},{"type":"Feature","geometry":{"type":"Polygon","coordinates":[[[-118.71832234813209,33.92255554287169],[-118.71052762681147,33.93444583429154],[-118.71884646504,33.94572984223071],[-118.7349605286623,33.945122328838],[-118.7427524545827,33.933231717808056],[-118.73443311320572,33.92194893970756],[-118.71832234813209,33.92255554287169]]]},"properties":{"h3_index":"8729a1974ffffff","station_count":1,"program_id":"bight","program":"Southern California Bight","resolution":7,"stations":[{"station_id":"B98_139006","station_name":"139006_B98","lat":33.9428,"lon":-118.717,"county":"FEDERAL WATERS","organization":"CLAEMD","batch_year":"1998"}]}},{"type":"Feature","geometry":{"type":"Polygon","coordinates":[[[-118.42901160999708,33.9795007108206],[-118.42117113072953,33.991378354877384],[-118.42947662186523,34.002684997063994],[-118.44562314066633,34.002112773506546],[-118.45346085410135,33.99023479057498],[-118.44515481550168,33.97892937000551],[-118.42901160999708,33.9795007108206]]]},"properties":{"h3_index":"8729a1984ffffff","station_count":2,"program_id":"bight","program":"Southern California Bight","resolution":7,"stations":[{"station_id":"4117_B03","station_name":"B03_4117","lat":33.98225,"lon":-118.44393,"county":"LOS ANGELES","organization":"CRGML","batch_year":"2003"},{"station_id":"6527_B08","station_name":"B08-6527","lat":33.98101,"lon":-118.44205,"county":"LOS ANGELES","organization":"ABCL","batch_year":"2008"}]}},{"type":"Feature","geometry":{"type":"Polygon","coordinates":[[[-118.45252127898156,33.94386272070401],[-118.44468668368019,33.95574289210434],[-118.45299096956064,33.96705029101276],[-118.4691303952312,33.9664762950902],[-118.47696222381343,33.9545957857955],[-118.4686573943767,33.94328961024728],[-118.45252127898156,33.94386272070401]]]},"properties":{"h3_index":"8729a19a0ffffff","station_count":39,"program_id":"bight","program":"Southern California Bight","resolution":7,"stations":[{"station_id":"B18-10051","station_name":"B18-10051","lat":33.96463,"lon":-118.45383,"county":"LOS ANGELES","organization":"SCCWRP","batch_year":"2018"},{"station_id":"2449_B98","station_name":"B98_2449","lat":33.96377,"lon":-118.45721,"county":"LOS ANGELES","organization":"SCCWRP","batch_year":"1998"},{"station_id":"B03_BC MAR","station_name":"BC MAR_B03","lat":33.96159,"lon":-118.46114,"county":"LOS ANGELES","organization":"CLAEMD","batch_year":"2003"},{"station_id":"B03_B03W091","station_name":"B03W091_B03","lat":33.9517,"lon":-118.461,"county":"LOS ANGELES","organization":"CLAEMD","batch_year":"2003"},{"station_id":"B03_BCS25LO","station_name":"BCS25LO_B03","lat":33.96085,"lon":-118.4566,"county":"LOS ANGELES","organization":"CLAEMD","batch_year":"2003"},{"station_id":"B98_135902","station_name":"135902_B98","lat":33.9475,"lon":-118.471,"county":"LOS ANGELES","organization":"CLAEMD","batch_year":"1998"},{"station_id":"B98_136001","station_name":"136001_B98","lat":33.9597,"lon":-118.466,"county":"LOS ANGELES","organization":"CLAEMD","batch_year":"1998"},{"station_id":"B18-10146","station_name":"B18-10146","lat":33.96393,"lon":-118.45195,"county":"LOS ANGELES","organization":"SCCWRP","batch_year":"2018"},{"station_id":"6508_B08","station_name":"B08-6508","lat":33.96283,"lon":-118.45337,"county":"LOS ANGELES","organization":"ABCL","batch_year":"2008"},{"station_id":"6513_B08","station_name":"B08-6513","lat":33.9643,"lon":-118.45345,"county":"LOS ANGELES","organization":"ABCL","batch_year":"2008"},{"station_id":"4085_B03","station_name":"B03_4085","lat":33.9643,"lon":-118.45345,"county":"LOS ANGELES","organization":"CRGML","batch_year":"2003"},{"station_id":"B13-8407","station_name":"B13-8407 OpenwaterStation","lat":33.9643,"lon":-118.45345,"county":"LOS ANGELES","organization":"SCCWRP","batch_year":"2013"},{"station_id":"4149_B03","station_name":"B03_4149","lat":33.96344,"lon":-118.45527,"county":"LOS ANGELES","organization":"CRGML","batch_year":"2003"},{"station_id":"B03_BCS225RO","station_name":"BCS225RO_B03","lat":33.96564,"lon":-118.4603,"county":"LOS ANGELES","organization":"CLAEMD","batch_year":"2003"},{"station_id":"B03_BC25R","station_name":"BC25R_B03","lat":33.96404,"lon":-118.4597,"county":"LOS ANGELES","organization":"CLAEMD","batch_year":"2003"},{"station_id":"5787_B03","station_name":"B03_5787","lat":33.96347,"lon":-118.4554,"county":"LOS ANGELES","organization":"CSD","batch_year":"2003"},{"station_id":"B98_135901","station_name":"135901_B98","lat":33.9517,"lon":-118.461,"county":"LOS ANGELES","organization":"CLAEMD","batch_year":"1998"},{"station_id":"SCBPP_1046","station_name":"1046_SCBPP","lat":33.94767,"lon":-118.46017,"county":"LOS ANGELES","organization":"CLAEMD","batch_year":"1994"},{"station_id":"B03_B03W102","station_name":"B03W102_B03","lat":33.95944,"lon":-118.45972,"county":"LOS ANGELES","organization":"CLAEMD","batch_year":"2003"},{"station_id":"B03_BCS 700L","station_name":"BCS 700L_B03","lat":33.95654,"lon":-118.45148,"county":"LOS ANGELES","organization":"CLAEMD","batch_year":"2003"},{"station_id":"B03_BCCENT","station_name":"BCCENT_B03","lat":33.96159,"lon":-118.4568,"county":"LOS ANGELES","organization":"CLAEMD","batch_year":"2003"},{"station_id":"B03_BCS 225R","station_name":"BCS 225R_B03","lat":33.96611,"lon":-118.45969,"county":"LOS ANGELES","organization":"CLAEMD","batch_year":"2003"},{"station_id":"B03_BCS 75L","station_name":"BCS 75L_B03","lat":33.96084,"lon":-118.45512,"county":"LOS ANGELES","organization":"CLAEMD","batch_year":"2003"},{"station_id":"B03_BCS 75R","station_name":"BCS 75R_B03","lat":33.96452,"lon":-118.45972,"county":"LOS ANGELES","organization":"CLAEMD","batch_year":"2003"},{"station_id":"B03_BCS25RO","station_name":"BCS25RO_B03","lat":33.96397,"lon":-118.46,"county":"LOS ANGELES","organization":"CLAEMD","batch_year":"2003"},{"station_id":"B03_BC25L","station_name":"BC25L_B03","lat":33.96103,"lon":-118.4562,"county":"LOS ANGELES","organization":"CLAEMD","batch_year":"2003"},{"station_id":"B03_BC 0M","station_name":"BC 0M_B03","lat":33.96305,"lon":-118.45337,"county":"LOS ANGELES","organization":"CLAEMD","batch_year":"2003"},{"station_id":"B03_BC75R","station_name":"BC75R_B03","lat":33.96451,"lon":-118.4598,"county":"LOS ANGELES","organization":"CLAEMD","batch_year":"2003"},{"station_id":"B03_BC225L","station_name":"BC225L_B03","lat":33.95987,"lon":-118.4548,"county":"LOS ANGELES","organization":"CLAEMD","batch_year":"2003"},{"station_id":"B03_BCPAC","station_name":"BCPAC_B03","lat":33.96107,"lon":-118.4579,"county":"LOS ANGELES","organization":"CLAEMD","batch_year":"2003"},{"station_id":"B03_BCS225LO","station_name":"BCS225LO_B03","lat":33.95959,"lon":-118.4551,"county":"LOS ANGELES","organization":"CLAEMD","batch_year":"2003"},{"station_id":"B03_BCS 530L","station_name":"BCS 530L_B03","lat":33.95803,"lon":-118.45237,"county":"LOS ANGELES","organization":"CLAEMD","batch_year":"2003"},{"station_id":"B03_BCS75LO","station_name":"BCS75LO_B03","lat":33.96053,"lon":-118.4562,"county":"LOS ANGELES","organization":"CLAEMD","batch_year":"2003"},{"station_id":"B03_BC75L","station_name":"BC75L_B03","lat":33.96072,"lon":-118.4559,"county":"LOS ANGELES","organization":"CLAEMD","batch_year":"2003"},{"station_id":"B03_BCS 225L","station_name":"BCS 225L_B03","lat":33.96005,"lon":-118.45402,"county":"LOS ANGELES","organization":"CLAEMD","batch_year":"2003"},{"station_id":"B03_BCSH 500R","station_name":"BCSH 500R_B03","lat":33.96613,"lon":-118.46057,"county":"LOS ANGELES","organization":"CLAEMD","batch_year":"2003"},{"station_id":"B03_BCS75RO","station_name":"BCS75RO_B03","lat":33.96444,"lon":-118.4602,"county":"LOS ANGELES","organization":"CLAEMD","batch_year":"2003"},{"station_id":"B03_BC225R","station_name":"BC225R_B03","lat":33.96569,"lon":-118.4599,"county":"LOS ANGELES","organization":"CLAEMD","batch_year":"2003"},{"station_id":"B03_BCSH 500L","station_name":"BCSH 500L_B03","lat":33.95817,"lon":-118.45297,"county":"LOS ANGELES","organization":"CLAEMD","batch_year":"2003"}]}},{"type":"Feature","geometry":{"type":"Polygon","coordinates":[[[-118.47696222381343,33.9545957857955],[-118.4691303952312,33.9664762950902],[-118.47743697754139,33.97778049308508],[-118.49357592932614,33.977202958183824],[-118.50140498790424,33.96532211290664],[-118.4930978656338,33.954019138442476],[-118.47696222381343,33.9545957857955]]]},"properties":{"h3_index":"8729a19a1ffffff","station_count":17,"program_id":"bight","program":"Southern California Bight","resolution":7,"stations":[{"station_id":"B03_B03W095","station_name":"B03W095_B03","lat":33.9671,"lon":-118.472,"county":"LOS ANGELES","organization":"USC","batch_year":"2003"},{"station_id":"SCBPP_1019","station_name":"1019_SCBPP","lat":33.97067,"lon":-118.48,"county":"LOS ANGELES","organization":"CLAEMD","batch_year":"1994"},{"station_id":"B98_136102","station_name":"136102_B98","lat":33.9629,"lon":-118.482,"county":"LOS ANGELES","organization":"CLAEMD","batch_year":"1998"},{"station_id":"B98_136201","station_name":"136201_B98","lat":33.9743,"lon":-118.48,"county":"LOS ANGELES","organization":"CLAEMD","batch_year":"1998"},{"station_id":"B98_136202","station_name":"136202_B98","lat":33.9701,"lon":-118.49,"county":"LOS ANGELES","organization":"CLAEMD","batch_year":"1998"},{"station_id":"B98_136203","station_name":"136203_B98","lat":33.966,"lon":-118.499,"county":"LOS ANGELES","organization":"CLAEMD","batch_year":"1998"},{"station_id":"B18-10219","station_name":"B18-10219","lat":33.9623,"lon":-118.476067,"county":"LOS ANGELES","organization":"SCCWRP","batch_year":"2018"},{"station_id":"B98_136002","station_name":"136002_B98","lat":33.9556,"lon":-118.478,"county":"LOS ANGELES","organization":"CLAEMD","batch_year":"1998"},{"station_id":"B98_136101","station_name":"136101_B98","lat":33.9671,"lon":-118.472,"county":"LOS ANGELES","organization":"CLAEMD","batch_year":"1998"},{"station_id":"B98_136103","station_name":"136103_B98","lat":33.9588,"lon":-118.492,"county":"LOS ANGELES","organization":"CLAEMD","batch_year":"1998"},{"station_id":"7474_B08","station_name":"B08-7474","lat":33.9625,"lon":-118.4762,"county":"LOS ANGELES","organization":"CLAEMD","batch_year":"2008"},{"station_id":"2307_B98","station_name":"B98_2307","lat":33.9625,"lon":-118.4762,"county":"LOS ANGELES","organization":"CRGML","batch_year":"1998"},{"station_id":"SCBPP_1026","station_name":"1026_SCBPP","lat":33.967,"lon":-118.4965,"county":"LOS ANGELES","organization":"CLAEMD","batch_year":"1994"},{"station_id":"SCBPP_1025","station_name":"1025_SCBPP","lat":33.96833,"lon":-118.476,"county":"LOS ANGELES","organization":"CLAEMD","batch_year":"1994"},{"station_id":"B03W096_B03","station_name":"B03_B03W096","lat":33.9588,"lon":-118.492,"county":"LOS ANGELES","organization":"USC","batch_year":"2003"},{"station_id":"B03_B03W093","station_name":"B03W093_B03","lat":33.95555,"lon":-118.47776,"county":"LOS ANGELES","organization":"CLAEMD","batch_year":"2003"},{"station_id":"B13-9303","station_name":"B13-9303 OpenwaterStation","lat":33.9625,"lon":-118.4762,"county":"LOS ANGELES","organization":"SCCWRP","batch_year":"2013"}]}},{"type":"Feature","geometry":{"type":"Polygon","coordinates":[[[-118.42854679011475,33.95631334985713],[-118.42070787142396,33.96819208951048],[-118.42901160999708,33.9795007108206],[-118.44515481550168,33.97892937000551],[-118.45299096956064,33.96705029101276],[-118.44468668368019,33.95574289210434],[-118.42854679011475,33.95631334985713]]]},"properties":{"h3_index":"8729a19a2ffffff","station_count":14,"program_id":"bight","program":"Southern California Bight","resolution":7,"stations":[{"station_id":"B18-10050","station_name":"B18-10050","lat":33.97037,"lon":-118.44776,"county":"LOS ANGELES","organization":"SCCWRP","batch_year":"2018"},{"station_id":"4341_B03","station_name":"B03_4341","lat":33.97253,"lon":-118.44897,"county":"LOS ANGELES","organization":"CRGML","batch_year":"2003"},{"station_id":"2446_B98","station_name":"B98_2446","lat":33.97734,"lon":-118.44143,"county":"LOS ANGELES","organization":"OCSD","batch_year":"1998"},{"station_id":"2447_B98","station_name":"B98_2447","lat":33.97404,"lon":-118.44719,"county":"LOS ANGELES","organization":"CAS","batch_year":"1998"},{"station_id":"2448_B98","station_name":"B98_2448","lat":33.97031,"lon":-118.4482,"county":"LOS ANGELES","organization":"CRGML","batch_year":"1998"},{"station_id":"4213_B03","station_name":"B03_4213","lat":33.9739,"lon":-118.43505,"county":"LOS ANGELES","organization":"CRGML","batch_year":"2003"},{"station_id":"4053_B03","station_name":"B03_4053","lat":33.97134,"lon":-118.43959,"county":"LOS ANGELES","organization":"CRGML","batch_year":"2003"},{"station_id":"5735_B03","station_name":"B03_5735","lat":33.96727,"lon":-118.44781,"county":"LOS ANGELES","organization":"CSD","batch_year":"2003"},{"station_id":"6518_B08","station_name":"B08-6518","lat":33.97031,"lon":-118.4482,"county":"LOS ANGELES","organization":"ABCL","batch_year":"2008"},{"station_id":"6520_B08","station_name":"B08-6520","lat":33.97134,"lon":-118.43959,"county":"LOS ANGELES","organization":"NOAACOAST","batch_year":"2008"},{"station_id":"B13-8409","station_name":"B13-8409 OpenwaterStation","lat":33.97031,"lon":-118.4482,"county":"LOS ANGELES","organization":"SCCWRP","batch_year":"2013"},{"station_id":"B13-8411","station_name":"B13-8411 OpenwaterStation","lat":33.97134,"lon":-118.43959,"county":"LOS ANGELES","organization":"SCCWRP","batch_year":"2013"},{"station_id":"5767_B03","station_name":"B03_5767","lat":33.96568,"lon":-118.45023,"county":"LOS ANGELES","organization":"CSD","batch_year":"2003"},{"station_id":"B13-8413","station_name":"B13-8413 OpenwaterStation","lat":33.97608,"lon":-118.4465,"county":"LOS ANGELES","organization":"SCCWRP","batch_year":"2013"}]}},{"type":"Feature","geometry":{"type":"Polygon","coordinates":[[[-118.45299096956064,33.96705029101276],[-118.44515481550168,33.97892937000551],[-118.45346085410135,33.99023479057498],[-118.46960359140347,33.98965990950669],[-118.47743697754139,33.97778049308508],[-118.4691303952312,33.9664762950902],[-118.45299096956064,33.96705029101276]]]},"properties":{"h3_index":"8729a19a3ffffff","station_count":14,"program_id":"bight","program":"Southern California Bight","resolution":7,"stations":[{"station_id":"B18-10672","station_name":"B18-10672","lat":33.97211,"lon":-118.45938,"county":"LOS ANGELES","organization":"SCCWRP","batch_year":"2018"},{"station_id":"B18-10047","station_name":"B18-10047","lat":33.98298,"lon":-118.45072,"county":"LOS ANGELES","organization":"SCCWRP","batch_year":"2018"},{"station_id":"B18-10048","station_name":"B18-10048","lat":33.98025,"lon":-118.4509,"county":"LOS ANGELES","organization":"SCCWRP","batch_year":"2018"},{"station_id":"B18-10049","station_name":"B18-10049","lat":33.9752,"lon":-118.45609,"county":"LOS ANGELES","organization":"SCCWRP","batch_year":"2018"},{"station_id":"BRI-01_B03","station_name":"B03_BRI-01","lat":33.98292,"lon":-118.4558,"county":"LOS ANGELES","organization":"CRGML","batch_year":"2003"},{"station_id":"6649_B08","station_name":"B08-6649","lat":33.97793,"lon":-118.45258,"county":"LOS ANGELES","organization":"CRGML","batch_year":"2008"},{"station_id":"6530_B08","station_name":"B08-6530","lat":33.98331,"lon":-118.45055,"county":"LOS ANGELES","organization":"ABCL","batch_year":"2008"},{"station_id":"2445_B98","station_name":"B98_2445","lat":33.97833,"lon":-118.45551,"county":"LOS ANGELES","organization":"OCSD","batch_year":"1998"},{"station_id":"BRI-02_B03","station_name":"B03_BRI-02","lat":33.97557,"lon":-118.45505,"county":"LOS ANGELES","organization":"CRGML","batch_year":"2003"},{"station_id":"2305_B98","station_name":"B98_2305","lat":33.9757,"lon":-118.4712,"county":"LOS ANGELES","organization":"SCCWRP","batch_year":"1998"},{"station_id":"2443_B98","station_name":"B98_2443","lat":33.98331,"lon":-118.45055,"county":"LOS ANGELES","organization":"CAS","batch_year":"1998"},{"station_id":"2444_B98","station_name":"B98_2444","lat":33.98125,"lon":-118.44823,"county":"LOS ANGELES","organization":"CRGML","batch_year":"1998"},{"station_id":"B13-8417","station_name":"B13-8417 OpenwaterStation","lat":33.98331,"lon":-118.45055,"county":"LOS ANGELES","organization":"SCCWRP","batch_year":"2013"},{"station_id":"B03_BCS 530R","station_name":"BCS 530R_B03","lat":33.96849,"lon":-118.46051,"county":"LOS ANGELES","organization":"CLAEMD","batch_year":"2003"}]}},{"type":"Feature","geometry":{"type":"Polygon","coordinates":[[[-118.4520517822441,33.92067208664023],[-118.44421874508218,33.93255334679191],[-118.45252127898156,33.94386272070401],[-118.4686573943767,33.94328961024728],[-118.4764876660206,33.9314080117341],[-118.4681845887192,33.92009986196867],[-118.4520517822441,33.92067208664023]]]},"properties":{"h3_index":"8729a19a4ffffff","station_count":7,"program_id":"bight","program":"Southern California Bight","resolution":7,"stations":[{"station_id":"B03W088_B03","station_name":"B03_B03W088","lat":33.93138,"lon":-118.44805,"county":"LOS ANGELES","organization":"USC","batch_year":"2003"},{"station_id":"B98_135002","station_name":"135002_B98","lat":33.9278,"lon":-118.46,"county":"LOS ANGELES","organization":"CLAEMD","batch_year":"1998"},{"station_id":"B98_135802","station_name":"135802_B98","lat":33.9391,"lon":-118.465,"county":"LOS ANGELES","organization":"CLAEMD","batch_year":"1998"},{"station_id":"B98_135803","station_name":"135803_B98","lat":33.935,"lon":-118.474,"county":"LOS ANGELES","organization":"CLAEMD","batch_year":"1998"},{"station_id":"B98_135001","station_name":"135001_B98","lat":33.9314,"lon":-118.448,"county":"LOS ANGELES","organization":"CLAEMD","batch_year":"1998"},{"station_id":"2306_B98","station_name":"B98_2306","lat":33.9359,"lon":-118.453,"county":"LOS ANGELES","organization":"CLAEMD","batch_year":"1998"},{"station_id":"B98_135801","station_name":"135801_B98","lat":33.9433,"lon":-118.455,"county":"LOS ANGELES","organization":"CLAEMD","batch_year":"1998"}]}},{"type":"Feature","geometry":{"type":"Polygon","coordinates":[[[-118.4764876660206,33.9314080117341],[-118.4686573943767,33.94328961024728],[-118.47696222381343,33.9545957857955],[-118.4930978656338,33.954019138442476],[-118.50092536847667,33.942137203480385],[-118.49261999923169,33.9308322522495],[-118.4764876660206,33.9314080117341]]]},"properties":{"h3_index":"8729a19a5ffffff","station_count":4,"program_id":"bight","program":"Southern California Bight","resolution":7,"stations":[{"station_id":"SCBPP_1042","station_name":"1042_SCBPP","lat":33.94967,"lon":-118.47967,"county":"LOS ANGELES","organization":"CLAEMD","batch_year":"1994"},{"station_id":"B98_135903","station_name":"135903_B98","lat":33.9434,"lon":-118.48,"county":"LOS ANGELES","organization":"CLAEMD","batch_year":"1998"},{"station_id":"B98_136003","station_name":"136003_B98","lat":33.9494,"lon":-118.49,"county":"LOS ANGELES","organization":"CLAEMD","batch_year":"1998"},{"station_id":"B03_B03W092","station_name":"B03W092_B03","lat":33.9434,"lon":-118.48,"county":"LOS ANGELES","organization":"CLAEMD","batch_year":"2003"}]}},{"type":"Feature","geometry":{"type":"Polygon","coordinates":[[[-118.50188480536075,33.9885039525475],[-118.49405419043089,34.00038370448675],[-118.50236482096877,34.01168271541952],[-118.5185066038814,34.011100751429346],[-118.52633444431862,33.99922066588433],[-118.51802327726801,33.987922877864364],[-118.50188480536075,33.9885039525475]]]},"properties":{"h3_index":"8729a19a8ffffff","station_count":3,"program_id":"bight","program":"Southern California Bight","resolution":7,"stations":[{"station_id":"4181_B03","station_name":"B03_4181","lat":33.99991,"lon":-118.50807,"county":"LOS ANGELES","organization":"CLAEMD","batch_year":"2003"},{"station_id":"2383_B98","station_name":"B98_2383","lat":34.01118,"lon":-118.51295,"county":"LOS ANGELES","organization":"CLAEMD","batch_year":"1998"},{"station_id":"B03W100_B03","station_name":"B03_B03W100","lat":34.00335,"lon":-118.49872,"county":"LOS ANGELES","organization":"USC","batch_year":"2003"}]}},{"type":"Feature","geometry":{"type":"Polygon","coordinates":[[[-118.50140498790424,33.96532211290664],[-118.49357592932614,33.977202958183824],[-118.50188480536075,33.9885039525475],[-118.51802327726801,33.987922877864364],[-118.52584956255934,33.97604169851723],[-118.51754015016182,33.964741927852245],[-118.50140498790424,33.96532211290664]]]},"properties":{"h3_index":"8729a19acffffff","station_count":3,"program_id":"bight","program":"Southern California Bight","resolution":7,"stations":[{"station_id":"B03_B03W098","station_name":"B03W098_B03","lat":33.97416,"lon":-118.51,"county":"LOS ANGELES","organization":"CLAEMD","batch_year":"2003"},{"station_id":"B98_137002","station_name":"137002_B98","lat":33.98,"lon":-118.5,"county":"LOS ANGELES","organization":"CLAEMD","batch_year":"1998"},{"station_id":"B98_137003","station_name":"137003_B98","lat":33.9742,"lon":-118.51,"county":"LOS ANGELES","organization":"CLAEMD","batch_year":"1998"}]}},{"type":"Feature","geometry":{"type":"Polygon","coordinates":[[[-118.52584956255934,33.97604169851723],[-118.51802327726801,33.987922877864364],[-118.52633444431862,33.99922066588433],[-118.54247243035587,33.99863605062184],[-118.55029593908007,33.986754539117975],[-118.54198423926536,33.97545797496215],[-118.52584956255934,33.97604169851723]]]},"properties":{"h3_index":"8729a19adffffff","station_count":3,"program_id":"bight","program":"Southern California Bight","resolution":7,"stations":[{"station_id":"SCBPP_1005","station_name":"1005_SCBPP","lat":33.9825,"lon":-118.53733,"county":"LOS ANGELES","organization":"CLAEMD","batch_year":"1994"},{"station_id":"B03_B03W101","station_name":"B03W101_B03","lat":33.9887,"lon":-118.5273,"county":"LOS ANGELES","organization":"CLAEMD","batch_year":"2003"},{"station_id":"B18-10905","station_name":"B18-10905","lat":33.9912,"lon":-118.535633,"county":"LOS ANGELES","organization":"SCCWRP","batch_year":"2018"}]}},{"type":"Feature","geometry":{"type":"Polygon","coordinates":[[[-118.47743697754139,33.97778049308508],[-118.46960359140347,33.98965990950669],[-118.47791192732578,34.000962126615335],[-118.49405419043089,34.00038370448675],[-118.50188480536075,33.9885039525475],[-118.49357592932614,33.977202958183824],[-118.47743697754139,33.97778049308508]]]},"properties":{"h3_index":"8729a19aeffffff","station_count":4,"program_id":"bight","program":"Southern California Bight","resolution":7,"stations":[{"station_id":"B98_137001","station_name":"137001_B98","lat":33.9861,"lon":-118.486,"county":"LOS ANGELES","organization":"CLAEMD","batch_year":"1998"},{"station_id":"B13-9319","station_name":"B13-9319 OpenwaterStation","lat":33.99744,"lon":-118.49182,"county":"LOS ANGELES","organization":"SCCWRP","batch_year":"2013"},{"station_id":"4309_B03","station_name":"B03_4309","lat":33.97847,"lon":-118.48764,"county":"LOS ANGELES","organization":"CLAEMD","batch_year":"2003"},{"station_id":"B03W097_B03","station_name":"B03_B03W097","lat":33.9861,"lon":-118.4861,"county":"LOS ANGELES","organization":"USC","batch_year":"2003"}]}},{"type":"Feature","geometry":{"type":"Polygon","coordinates":[[[-118.40456420371068,33.96875989088518],[-118.39672096190421,33.98063719415793],[-118.4050241494157,33.99194703690989],[-118.42117113072953,33.991378354877384],[-118.42901160999708,33.9795007108206],[-118.42070787142396,33.96819208951048],[-118.40456420371068,33.96875989088518]]]},"properties":{"h3_index":"8729a19b1ffffff","station_count":2,"program_id":"bight","program":"Southern California Bight","resolution":7,"stations":[{"station_id":"B18-10188","station_name":"B18-10188","lat":33.97929,"lon":-118.42496,"county":"LOS ANGELES","organization":"SCCWRP","batch_year":"2018"},{"station_id":"B03_BC 5280U","station_name":"BC 5280U_B03","lat":33.98671,"lon":-118.41577,"county":"LOS ANGELES","organization":"CLAEMD","batch_year":"2003"}]}},{"type":"Feature","geometry":{"type":"Polygon","coordinates":[[[-117.22736364118946,32.7912568526327],[-117.21943674172522,32.80314416403947],[-117.22757872146018,32.81465485297837],[-117.24364831615986,32.81427699828841],[-117.25157264429579,32.80238924076502],[-117.24342994999401,32.79087978398936],[-117.22736364118946,32.7912568526327]]]},"properties":{"h3_index":"8729a4004ffffff","station_count":1,"program_id":"bight","program":"Southern California Bight","resolution":7,"stations":[{"station_id":"B18-10195","station_name":"B18-10195","lat":32.80451,"lon":-117.22296,"county":"SAN DIEGO","organization":"SCCWRP","batch_year":"2018"}]}},{"type":"Feature","geometry":{"type":"Polygon","coordinates":[[[-117.30045742474105,32.871412729803644],[-117.29253505637284,32.88329942606412],[-117.30068761752227,32.89479760701306],[-117.3167632526641,32.89440786018866],[-117.32468303752039,32.88252072456528],[-117.31652977168072,32.871023775069666],[-117.30045742474105,32.871412729803644]]]},"properties":{"h3_index":"8729a4009ffffff","station_count":1,"program_id":"bight","program":"Southern California Bight","resolution":7,"stations":[{"station_id":"SCBPP_1737","station_name":"1737_SCBPP","lat":32.87783,"lon":-117.3145,"county":"SAN DIEGO","organization":"CSD","batch_year":"1994"}]}},{"type":"Feature","geometry":{"type":"Polygon","coordinates":[[[-117.25223307719635,32.87256741582799],[-117.2443039522308,32.88445224916195],[-117.25245340216144,32.89595466002609],[-117.2685326898774,32.895571007434064],[-117.27645923692211,32.88368573148552],[-117.26830907510677,32.872184550684594],[-117.25223307719635,32.87256741582799]]]},"properties":{"h3_index":"8729a400affffff","station_count":2,"program_id":"bight","program":"Southern California Bight","resolution":7,"stations":[{"station_id":"SCBPP_1734","station_name":"1734_SCBPP","lat":32.885,"lon":-117.27217,"county":"SAN DIEGO","organization":"CSD","batch_year":"1994"},{"station_id":"2349_B98","station_name":"B98_2349","lat":32.8946,"lon":-117.26883,"county":"SAN DIEGO","organization":"CSD","batch_year":"1998"}]}},{"type":"Feature","geometry":{"type":"Polygon","coordinates":[[[-117.27645923692211,32.88368573148552],[-117.2685326898774,32.895571007434064],[-117.2766845426108,32.90707041874287],[-117.29276365173976,32.90668332368402],[-117.30068761752227,32.89479760701306],[-117.29253505637284,32.88329942606412],[-117.27645923692211,32.88368573148552]]]},"properties":{"h3_index":"8729a400bffffff","station_count":1,"program_id":"bight","program":"Southern California Bight","resolution":7,"stations":[{"station_id":"2350_B98","station_name":"B98_2350","lat":32.88868,"lon":-117.27772,"county":"SAN DIEGO","organization":"CSD","batch_year":"1998"}]}},{"type":"Feature","geometry":{"type":"Polygon","coordinates":[[[-117.25201284260073,32.84917742634085],[-117.24408531722314,32.86106323819546],[-117.25223307719635,32.87256741582799],[-117.26830907510677,32.872184550684594],[-117.27623402364937,32.860298295680636],[-117.26808555205106,32.848795348910386],[-117.25201284260073,32.84917742634085]]]},"properties":{"h3_index":"8729a400effffff","station_count":1,"program_id":"bight","program":"Southern California Bight","resolution":7,"stations":[{"station_id":"SCBPP_1739","station_name":"1739_SCBPP","lat":32.8715,"lon":-117.25667,"county":"SAN DIEGO","organization":"CSD","batch_year":"1994"}]}},{"type":"Feature","geometry":{"type":"Polygon","coordinates":[[[-117.25113280680246,32.755590161883305],[-117.24321167333193,32.76747984989655],[-117.2513526804754,32.7789910593225],[-117.26741553260962,32.778611346609715],[-117.27533409358142,32.7667212132934],[-117.26719237584999,32.755211237933736],[-117.25113280680246,32.755590161883305]]]},"properties":{"h3_index":"8729a4020ffffff","station_count":7,"program_id":"bight","program":"Southern California Bight","resolution":7,"stations":[{"station_id":"B98_108001","station_name":"108001_B98","lat":32.7571,"lon":-117.265,"county":"SAN DIEGO","organization":"CSD","batch_year":"1998"},{"station_id":"B98_108101","station_name":"108101_B98","lat":32.7667,"lon":-117.263,"county":"SAN DIEGO","organization":"CSD","batch_year":"1998"},{"station_id":"2424_B98","station_name":"B98_2424","lat":32.76668,"lon":-117.24686,"county":"SAN DIEGO","organization":"CSD","batch_year":"1998"},{"station_id":"6213_B08","station_name":"B08-6213","lat":32.76795,"lon":-117.24747,"county":"SAN DIEGO","organization":"CRGML","batch_year":"2008"},{"station_id":"SCBPP_1793","station_name":"1793_SCBPP","lat":32.76583,"lon":-117.27367,"county":"SAN DIEGO","organization":"CSD","batch_year":"1994"},{"station_id":"B03W164_B03","station_name":"B03_B03W164","lat":32.77447,"lon":-117.26193,"county":"SAN DIEGO","organization":"USC","batch_year":"2003"},{"station_id":"2315_B98","station_name":"B98_2315","lat":32.7695,"lon":-117.2698,"county":"SAN DIEGO","organization":"CSD","batch_year":"1998"}]}},{"type":"Feature","geometry":{"type":"Polygon","coordinates":[[[-117.27533409358142,32.7667212132934],[-117.26741553260962,32.778611346609715],[-117.27555893775846,32.79011957012123],[-117.29162161194101,32.78973642589344],[-117.29953759708285,32.77784584916949],[-117.29139348480403,32.766338860021506],[-117.27533409358142,32.7667212132934]]]},"properties":{"h3_index":"8729a4021ffffff","station_count":5,"program_id":"bight","program":"Southern California Bight","resolution":7,"stations":[{"station_id":"B03W165_B03","station_name":"B03_B03W165","lat":32.78272,"lon":-117.27838,"county":"SAN DIEGO","organization":"USC","batch_year":"2003"},{"station_id":"4332_B03","station_name":"B03_4332","lat":32.77401,"lon":-117.27398,"county":"SAN DIEGO","organization":"CSD","batch_year":"2003"},{"station_id":"B03W162_B03","station_name":"B03_B03W162","lat":32.76855,"lon":-117.28762,"county":"SAN DIEGO","organization":"USC","batch_year":"2003"},{"station_id":"SCBPP_1791","station_name":"1791_SCBPP","lat":32.769,"lon":-117.27883,"county":"SAN DIEGO","organization":"CSD","batch_year":"1994"},{"station_id":"2317_B98","station_name":"B98_2317","lat":32.7671,"lon":-117.2765,"county":"SAN DIEGO","organization":"SCCWRP","batch_year":"1998"}]}},{"type":"Feature","geometry":{"type":"Polygon","coordinates":[[[-117.22714864907947,32.7678561322318],[-117.21922334835143,32.779744410242216],[-117.22736364118946,32.7912568526327],[-117.24342994999401,32.79087978398936],[-117.2513526804754,32.7789910593225],[-117.24321167333193,32.76747984989655],[-117.22714864907947,32.7678561322318]]]},"properties":{"h3_index":"8729a4022ffffff","station_count":8,"program_id":"bight","program":"Southern California Bight","resolution":7,"stations":[{"station_id":"6216_B08","station_name":"B08-6216","lat":32.78093,"lon":-117.2496,"county":"SAN DIEGO","organization":"CRGML","batch_year":"2008"},{"station_id":"B13-8157","station_name":"B13-8157 OpenwaterStation","lat":32.78282,"lon":-117.22998,"county":"SAN DIEGO","organization":"SCCWRP","batch_year":"2013"},{"station_id":"B13-8156","station_name":"B13-8156 OpenwaterStation","lat":32.78093,"lon":-117.2496,"county":"SAN DIEGO","organization":"SCCWRP","batch_year":"2013"},{"station_id":"B18-10074","station_name":"B18-10074","lat":32.777068,"lon":-117.249967,"county":"SAN DIEGO","organization":"SCCWRP","batch_year":"2018"},{"station_id":"2423_B98","station_name":"B98_2423","lat":32.78093,"lon":-117.2496,"county":"SAN DIEGO","organization":"EPARD","batch_year":"1998"},{"station_id":"B18-10016","station_name":"B18-10016","lat":32.784541,"lon":-117.240593,"county":"SAN DIEGO","organization":"SCCWRP","batch_year":"2018"},{"station_id":"B18-10019","station_name":"B18-10019","lat":32.768136,"lon":-117.241724,"county":"SAN DIEGO","organization":"SCCWRP","batch_year":"2018"},{"station_id":"B18-10073","station_name":"B18-10073","lat":32.780598,"lon":-117.249258,"county":"SAN DIEGO","organization":"SCCWRP","batch_year":"2018"}]}},{"type":"Feature","geometry":{"type":"Polygon","coordinates":[[[-117.2513526804754,32.7789910593225],[-117.24342994999401,32.79087978398936],[-117.25157264429579,32.80238924076502],[-117.26763878085883,32.80200873955053],[-117.27555893775846,32.79011957012123],[-117.26741553260962,32.778611346609715],[-117.2513526804754,32.7789910593225]]]},"properties":{"h3_index":"8729a4023ffffff","station_count":3,"program_id":"bight","program":"Southern California Bight","resolution":7,"stations":[{"station_id":"SCBPP_1780","station_name":"1780_SCBPP","lat":32.78417,"lon":-117.26817,"county":"SAN DIEGO","organization":"CSD","batch_year":"1994"},{"station_id":"4276_B03","station_name":"B03_4276","lat":32.78612,"lon":-117.25065,"county":"SAN DIEGO","organization":"CSD","batch_year":"2003"},{"station_id":"7091_B08","station_name":"B08-7091","lat":32.79631,"lon":-117.26563,"county":"SAN DIEGO","organization":"CSD","batch_year":"2008"}]}},{"type":"Feature","geometry":{"type":"Polygon","coordinates":[[[-117.25091302322157,32.73218655578382],[-117.2429934861186,32.74407720334407],[-117.25113280680246,32.755590161883305],[-117.26719237584999,32.755211237933736],[-117.27510934153656,32.74332014452833],[-117.26696931052369,32.73180842085837],[-117.25091302322157,32.73218655578382]]]},"properties":{"h3_index":"8729a4024ffffff","station_count":4,"program_id":"bight","program":"Southern California Bight","resolution":7,"stations":[{"station_id":"B98_107901","station_name":"107901_B98","lat":32.7471,"lon":-117.266,"county":"SAN DIEGO","organization":"CSD","batch_year":"1998"},{"station_id":"B03W159_B03","station_name":"B03_B03W159","lat":32.75407,"lon":-117.26387,"county":"SAN DIEGO","organization":"USC","batch_year":"2003"},{"station_id":"B03_B03W155","station_name":"B03W155_B03","lat":32.73855,"lon":-117.26515,"county":"SAN DIEGO","organization":"USC","batch_year":"2003"},{"station_id":"SCBPP_1811","station_name":"1811_SCBPP","lat":32.73917,"lon":-117.272,"county":"SAN DIEGO","organization":"CSD","batch_year":"1994"}]}},{"type":"Feature","geometry":{"type":"Polygon","coordinates":[[[-117.27510934153656,32.74332014452833],[-117.26719237584999,32.755211237933736],[-117.27533409358142,32.7667212132934],[-117.29139348480403,32.766338860021506],[-117.29930787574503,32.75444732266701],[-117.29116545114042,32.74293858247399],[-117.27510934153656,32.74332014452833]]]},"properties":{"h3_index":"8729a4025ffffff","station_count":11,"program_id":"bight","program":"Southern California Bight","resolution":7,"stations":[{"station_id":"B98_107902","station_name":"107902_B98","lat":32.7454,"lon":-117.277,"county":"SAN DIEGO","organization":"CSD","batch_year":"1998"},{"station_id":"B98_107903","station_name":"107903_B98","lat":32.7432,"lon":-117.287,"county":"SAN DIEGO","organization":"CSD","batch_year":"1998"},{"station_id":"B98_108002","station_name":"108002_B98","lat":32.755,"lon":-117.276,"county":"SAN DIEGO","organization":"CSD","batch_year":"1998"},{"station_id":"B98_108003","station_name":"108003_B98","lat":32.7528,"lon":-117.287,"county":"SAN DIEGO","organization":"CSD","batch_year":"1998"},{"station_id":"B98_108102","station_name":"108102_B98","lat":32.7648,"lon":-117.274,"county":"SAN DIEGO","organization":"CSD","batch_year":"1998"},{"station_id":"B98_108103","station_name":"108103_B98","lat":32.7627,"lon":-117.284,"county":"SAN DIEGO","organization":"CSD","batch_year":"1998"},{"station_id":"SCBPP_1799","station_name":"1799_SCBPP","lat":32.75483,"lon":-117.26917,"county":"SAN DIEGO","organization":"CSD","batch_year":"1994"},{"station_id":"SCBPP_1804","station_name":"1804_SCBPP","lat":32.7505,"lon":-117.2785,"county":"SAN DIEGO","organization":"CSD","batch_year":"1994"},{"station_id":"B03_B03W163","station_name":"B03W163_B03","lat":32.7648,"lon":-117.27415,"county":"SAN DIEGO","organization":"USC","batch_year":"2003"},{"station_id":"B03_B03W160","station_name":"B03W160_B03","lat":32.7528,"lon":-117.28703,"county":"SAN DIEGO","organization":"MEC","batch_year":"2003"},{"station_id":"B03_B03W158","station_name":"B03W158_B03","lat":32.74535,"lon":-117.27728,"county":"SAN DIEGO","organization":"USC","batch_year":"2003"}]}},{"type":"Feature","geometry":{"type":"Polygon","coordinates":[[[-117.22693374507597,32.74445269911045],[-117.21901004243986,32.75634193992598],[-117.22714864907947,32.7678561322318],[-117.24321167333193,32.76747984989655],[-117.25113280680246,32.755590161883305],[-117.2429934861186,32.74407720334407],[-117.22693374507597,32.74445269911045]]]},"properties":{"h3_index":"8729a4026ffffff","station_count":26,"program_id":"bight","program":"Southern California Bight","resolution":7,"stations":[{"station_id":"4033_B03","station_name":"B03_4033","lat":32.75785,"lon":-117.22741,"county":"SAN DIEGO","organization":"CRGML","batch_year":"2003"},{"station_id":"2425_B98","station_name":"B98_2425","lat":32.76715,"lon":-117.23551,"county":"SAN DIEGO","organization":"CSD","batch_year":"1998"},{"station_id":"4204_B03","station_name":"B03_4204","lat":32.7623,"lon":-117.23618,"county":"SAN DIEGO","organization":"CSD","batch_year":"2003"},{"station_id":"6189_B08","station_name":"B08-6189","lat":32.75768,"lon":-117.24162,"county":"SAN DIEGO","organization":"CRGML","batch_year":"2008"},{"station_id":"6192_B08","station_name":"B08-6192","lat":32.75785,"lon":-117.22741,"county":"SAN DIEGO","organization":"CRGML","batch_year":"2008"},{"station_id":"6204_B08","station_name":"B08-6204","lat":32.7623,"lon":-117.23618,"county":"SAN DIEGO","organization":"CRGML","batch_year":"2008"},{"station_id":"6211_B08","station_name":"B08-6211","lat":32.76715,"lon":-117.23551,"county":"SAN DIEGO","organization":"CRGML","batch_year":"2008"},{"station_id":"6212_B08","station_name":"B08-6212","lat":32.76749,"lon":-117.2416,"county":"SAN DIEGO","organization":"CRGML","batch_year":"2008"},{"station_id":"6181_B08","station_name":"B08-6181","lat":32.75681,"lon":-117.23538,"county":"SAN DIEGO","organization":"CRGML","batch_year":"2008"},{"station_id":"B13-8134","station_name":"B13-8134 OpenwaterStation","lat":32.75751,"lon":-117.23789,"county":"SAN DIEGO","organization":"SCCWRP","batch_year":"2013"},{"station_id":"B13-8136","station_name":"B13-8136 OpenwaterStation","lat":32.75785,"lon":-117.22741,"county":"SAN DIEGO","organization":"SCCWRP","batch_year":"2013"},{"station_id":"B18-10020","station_name":"B18-10020","lat":32.758272,"lon":-117.244393,"county":"SAN DIEGO","organization":"SCCWRP","batch_year":"2018"},{"station_id":"B13-8152","station_name":"B13-8152 OpenwaterStation","lat":32.76749,"lon":-117.2416,"county":"SAN DIEGO","organization":"SCCWRP","batch_year":"2013"},{"station_id":"B18-10176","station_name":"B18-10176","lat":32.75778,"lon":-117.22729,"county":"SAN DIEGO","organization":"WestonSolu","batch_year":"2018"},{"station_id":"B18-10177","station_name":"B18-10177","lat":32.75703,"lon":-117.23524,"county":"SAN DIEGO","organization":"WestonSolu","batch_year":"2018"},{"station_id":"B18-10198","station_name":"B18-10198","lat":32.75799,"lon":-117.22474,"county":"SAN DIEGO","organization":"SCCWRP","batch_year":"2018"},{"station_id":"B13-8146","station_name":"B13-8146 OpenwaterStation","lat":32.7623,"lon":-117.23618,"county":"SAN DIEGO","organization":"SCCWRP","batch_year":"2013"},{"station_id":"B13-8129","station_name":"B13-8129 OpenwaterStation","lat":32.7568,"lon":-117.23537,"county":"SAN DIEGO","organization":"SCCWRP","batch_year":"2013"},{"station_id":"B13-8145","station_name":"B13-8145 OpenwaterStation","lat":32.7617,"lon":-117.23813,"county":"SAN DIEGO","organization":"SCCWRP","batch_year":"2013"},{"station_id":"B18-10075","station_name":"B18-10075","lat":32.767275,"lon":-117.23576,"county":"SAN DIEGO","organization":"SCCWRP","batch_year":"2018"},{"station_id":"B13-8151","station_name":"B13-8151 OpenwaterStation","lat":32.76715,"lon":-117.23551,"county":"SAN DIEGO","organization":"SCCWRP","batch_year":"2013"},{"station_id":"4020_B03","station_name":"B03_4020","lat":32.76749,"lon":-117.2416,"county":"SAN DIEGO","organization":"CSD","batch_year":"2003"},{"station_id":"4264_B03","station_name":"B03_4264","lat":32.75681,"lon":-117.23538,"county":"SAN DIEGO","organization":"CRGML","batch_year":"2003"},{"station_id":"B23-12156","station_name":"B23-12156_San Diego River Estuary","lat":32.75697,"lon":-117.23527,"county":"SAN DIEGO","organization":"WestonSolu","batch_year":"2023"},{"station_id":"B23-12157","station_name":"B23-12157_San Diego River Estuary","lat":32.75755,"lon":-117.22719,"county":"SAN DIEGO","organization":"WestonSolu","batch_year":"2023"},{"station_id":"B23-12364","station_name":"B23-12364_San Diego River Estuary","lat":32.75987,"lon":-117.22216,"county":"SAN DIEGO","organization":"WestonSolu","batch_year":"2023"}]}},{"type":"Feature","geometry":{"type":"Polygon","coordinates":[[[-117.32397809664037,32.81235732618432],[-117.3160630969023,32.82424737945338],[-117.32421298058175,32.8357478612104],[-117.34027856539271,32.83535705549038],[-117.34819098155477,32.82346656314555],[-117.34004039741386,32.81196731553657],[-117.32397809664037,32.81235732618432]]]},"properties":{"h3_index":"8729a4029ffffff","station_count":3,"program_id":"bight","program":"Southern California Bight","resolution":7,"stations":[{"station_id":"SCBPP_1757","station_name":"1757_SCBPP","lat":32.82633,"lon":-117.324,"county":"SAN DIEGO","organization":"CSD","batch_year":"1994"},{"station_id":"2351_B98","station_name":"B98_2351","lat":32.8215,"lon":-117.3202,"county":"SAN DIEGO","organization":"CSD","batch_year":"1998"},{"station_id":"B13-9049","station_name":"B13-9049 OpenwaterStation","lat":32.82002,"lon":-117.3393,"county":"SAN DIEGO","organization":"SCCWRP","batch_year":"2013"}]}},{"type":"Feature","geometry":{"type":"Polygon","coordinates":[[[-117.29953759708285,32.77784584916949],[-117.29162161194101,32.78973642589344],[-117.29976741259341,32.80124166046077],[-117.31582990298952,32.800855083586114],[-117.32374330897196,32.78896406535074],[-117.31559680464935,32.777460065441694],[-117.29953759708285,32.77784584916949]]]},"properties":{"h3_index":"8729a402cffffff","station_count":1,"program_id":"bight","program":"Southern California Bight","resolution":7,"stations":[{"station_id":"4036_B03","station_name":"B03_4036","lat":32.79645,"lon":-117.30499,"county":"SAN DIEGO","organization":"CSD","batch_year":"2003"}]}},{"type":"Feature","geometry":{"type":"Polygon","coordinates":[[[-117.32374330897196,32.78896406535074],[-117.31582990298952,32.800855083586114],[-117.32397809664037,32.81235732618432],[-117.34004039741386,32.81196731553657],[-117.34795122090937,32.80007585768673],[-117.33980232704972,32.78857485003909],[-117.32374330897196,32.78896406535074]]]},"properties":{"h3_index":"8729a402dffffff","station_count":1,"program_id":"bight","program":"Southern California Bight","resolution":7,"stations":[{"station_id":"SCBPP_1769","station_name":"1769_SCBPP","lat":32.80317,"lon":-117.3285,"county":"SAN DIEGO","organization":"CSD","batch_year":"1994"}]}},{"type":"Feature","geometry":{"type":"Polygon","coordinates":[[[-117.27555893775846,32.79011957012123],[-117.26763878085883,32.80200873955053],[-117.27578387412431,32.8135152076791],[-117.29184983260885,32.81313127275772],[-117.29976741259341,32.80124166046077],[-117.29162161194101,32.78973642589344],[-117.27555893775846,32.79011957012123]]]},"properties":{"h3_index":"8729a402effffff","station_count":1,"program_id":"bight","program":"Southern California Bight","resolution":7,"stations":[{"station_id":"SCBPP_1776","station_name":"1776_SCBPP","lat":32.7905,"lon":-117.28283,"county":"SAN DIEGO","organization":"CSD","batch_year":"1994"}]}},{"type":"Feature","geometry":{"type":"Polygon","coordinates":[[[-117.20315687314095,32.78011804745575],[-117.19522740568748,32.7920049108533],[-117.20336698049984,32.80351858510511],[-117.21943674172522,32.80314416403947],[-117.22736364118946,32.7912568526327],[-117.21922334835143,32.779744410242216],[-117.20315687314095,32.78011804745575]]]},"properties":{"h3_index":"8729a4031ffffff","station_count":9,"program_id":"bight","program":"Southern California Bight","resolution":7,"stations":[{"station_id":"6217_B08","station_name":"B08-6217","lat":32.78439,"lon":-117.2155,"county":"SAN DIEGO","organization":"CRGML","batch_year":"2008"},{"station_id":"6219_B08","station_name":"B08-6219","lat":32.78721,"lon":-117.20868,"county":"SAN DIEGO","organization":"CRGML","batch_year":"2008"},{"station_id":"6223_B08","station_name":"B08-6223","lat":32.79459,"lon":-117.21997,"county":"SAN DIEGO","organization":"CRGML","batch_year":"2008"},{"station_id":"B18-10015","station_name":"B18-10015","lat":32.787306,"lon":-117.209991,"county":"SAN DIEGO","organization":"SCCWRP","batch_year":"2018"},{"station_id":"B18-10017","station_name":"B18-10017","lat":32.784391,"lon":-117.215314,"county":"SAN DIEGO","organization":"SCCWRP","batch_year":"2018"},{"station_id":"B13-8159","station_name":"B13-8159 OpenwaterStation","lat":32.78439,"lon":-117.2155,"county":"SAN DIEGO","organization":"SCCWRP","batch_year":"2013"},{"station_id":"B13-8160","station_name":"B13-8160 OpenwaterStation","lat":32.78721,"lon":-117.20868,"county":"SAN DIEGO","organization":"SCCWRP","batch_year":"2013"},{"station_id":"B13-8163","station_name":"B13-8163 OpenwaterStation","lat":32.79459,"lon":-117.21997,"county":"SAN DIEGO","organization":"SCCWRP","batch_year":"2013"},{"station_id":"4228_B03","station_name":"B03_4228","lat":32.78439,"lon":-117.2155,"county":"SAN DIEGO","organization":"CSD","batch_year":"2003"}]}},{"type":"Feature","geometry":{"type":"Polygon","coordinates":[[[-117.20294685190107,32.75671479302672],[-117.19501898426351,32.768602622487464],[-117.20315687314095,32.78011804745575],[-117.21922334835143,32.779744410242216],[-117.22714864907947,32.7678561322318],[-117.21901004243986,32.75634193992598],[-117.20294685190107,32.75671479302672]]]},"properties":{"h3_index":"8729a4035ffffff","station_count":5,"program_id":"bight","program":"Southern California Bight","resolution":7,"stations":[{"station_id":"6197_B08","station_name":"B08-6197","lat":32.75996,"lon":-117.22087,"county":"SAN DIEGO","organization":"CRGML","batch_year":"2008"},{"station_id":"6200_B08","station_name":"B08-6200","lat":32.76041,"lon":-117.21034,"county":"SAN DIEGO","organization":"CRGML","batch_year":"2008"},{"station_id":"B18-10196","station_name":"B18-10196","lat":32.76053,"lon":-117.21038,"county":"SAN DIEGO","organization":"WestonSolu","batch_year":"2018"},{"station_id":"B18-10197","station_name":"B18-10197","lat":32.75887,"lon":-117.2164,"county":"SAN DIEGO","organization":"SCCWRP","batch_year":"2018"},{"station_id":"B18-10438","station_name":"B18-10438","lat":32.76652,"lon":-117.21854,"county":"SAN DIEGO","organization":"SCCWRP","batch_year":"2018"}]}},{"type":"Feature","geometry":{"type":"Polygon","coordinates":[[[-117.39737306236016,32.91580603139249],[-117.38946104804572,32.92769447373522],[-117.39762318138479,32.93918062516959],[-117.41369802077118,32.93877710159502],[-117.42160743824267,32.926888227471544],[-117.41344461410361,32.9154033086428],[-117.39737306236016,32.91580603139249]]]},"properties":{"h3_index":"8729a4043ffffff","station_count":3,"program_id":"bight","program":"Southern California Bight","resolution":7,"stations":[{"station_id":"B18-10380","station_name":"B18-10380","lat":32.93172,"lon":-117.3947,"county":"OOS","organization":"SCCWRP","batch_year":"2018"},{"station_id":"4100_B03","station_name":"B03_4100","lat":32.9318,"lon":-117.39483,"county":"FEDERAL WATERS","organization":"CSD","batch_year":"2003"},{"station_id":"7104_B08","station_name":"B08-7104","lat":32.9318,"lon":-117.39483,"county":"FEDERAL WATERS","organization":"CSD","batch_year":"2008"}]}},{"type":"Feature","geometry":{"type":"Polygon","coordinates":[[[-117.37387657530563,32.97484060348702],[-117.36595718313633,32.986725657249735],[-117.37412201355274,32.99820946894993],[-117.39020693209547,32.997806996902476],[-117.39812372746182,32.985921511052375],[-117.38995820202325,32.97443892927692],[-117.37387657530563,32.97484060348702]]]},"properties":{"h3_index":"8729a405bffffff","station_count":1,"program_id":"bight","program":"Southern California Bight","resolution":7,"stations":[{"station_id":"7111_B08","station_name":"B08-7111","lat":32.99614,"lon":-117.38861,"county":"FEDERAL WATERS","organization":"NOAACOAST","batch_year":"2008"}]}},{"type":"Feature","geometry":{"type":"Polygon","coordinates":[[[-117.34939126072801,32.940379008116885],[-117.3414708716116,32.95226461611537],[-117.34963161217594,32.96375322950755],[-117.36571344104199,32.96335500440509],[-117.37363123778863,32.951468961896076],[-117.36546979897355,32.939981578940085],[-117.34939126072801,32.940379008116885]]]},"properties":{"h3_index":"8729a405effffff","station_count":1,"program_id":"bight","program":"Southern California Bight","resolution":7,"stations":[{"station_id":"B18-10379","station_name":"B18-10379","lat":32.95544,"lon":-117.36261,"county":"OOS","organization":"SCCWRP","batch_year":"2018"}]}},{"type":"Feature","geometry":{"type":"Polygon","coordinates":[[[-117.39662332058433,32.845665734247746],[-117.38871608155534,32.85755709905208],[-117.39687313202302,32.869048578630746],[-117.41293811251134,32.86864745833472],[-117.42084275798709,32.85675566014824],[-117.41268501745888,32.8452654155792],[-117.39662332058433,32.845665734247746]]]},"properties":{"h3_index":"8729a4062ffffff","station_count":3,"program_id":"bight","program":"Southern California Bight","resolution":7,"stations":[{"station_id":"B18-10381","station_name":"B18-10381","lat":32.85102,"lon":-117.4108,"county":"OOS","organization":"SCCWRP","batch_year":"2018"},{"station_id":"7099_B08","station_name":"B08-7099","lat":32.85096,"lon":-117.41068,"county":"FEDERAL WATERS","organization":"CSD","batch_year":"2008"},{"station_id":"4196_B03","station_name":"B03_4196","lat":32.85096,"lon":-117.41068,"county":"FEDERAL WATERS","organization":"CSD","batch_year":"2003"}]}},{"type":"Feature","geometry":{"type":"Polygon","coordinates":[[[-117.44454514797562,32.82107553627263],[-117.4366462753169,32.83296969746089],[-117.44480470219122,32.844458705935004],[-117.46086268528823,32.844052315980775],[-117.46875895994957,32.83215772413748],[-117.46059985044079,32.82066995284211],[-117.44454514797562,32.82107553627263]]]},"properties":{"h3_index":"8729a4065ffffff","station_count":1,"program_id":"bight","program":"Southern California Bight","resolution":7,"stations":[{"station_id":"7100_B08","station_name":"B08-7100","lat":32.82789,"lon":-117.44233,"county":"FEDERAL WATERS","organization":"CSD","batch_year":"2008"}]}},{"type":"Feature","geometry":{"type":"Polygon","coordinates":[[[-117.46928812675304,32.87891617212506],[-117.46138867834757,32.89080883137699],[-117.46955287292563,32.90229128174832],[-117.48561719648397,32.90187983695731],[-117.49351404137624,32.88998675002366],[-117.48534916715367,32.878505535501226],[-117.46928812675304,32.87891617212506]]]},"properties":{"h3_index":"8729a4068ffffff","station_count":1,"program_id":"bight","program":"Southern California Bight","resolution":7,"stations":[{"station_id":"7102_B08","station_name":"B08-7102","lat":32.88625,"lon":-117.48326,"county":"FEDERAL WATERS","organization":"NOAACOAST","batch_year":"2008"}]}},{"type":"Feature","geometry":{"type":"Polygon","coordinates":[[[-117.3484308405159,32.846854539532586],[-117.3405168310464,32.858744062581195],[-117.34867079785322,32.870239779531495],[-117.36473947230867,32.86984473973721],[-117.37265089378265,32.8579547800465],[-117.36449622972899,32.846460296732026],[-117.3484308405159,32.846854539532586]]]},"properties":{"h3_index":"8729a4070ffffff","station_count":1,"program_id":"bight","program":"Southern California Bight","resolution":7,"stations":[{"station_id":"7098_B08","station_name":"B08-7098","lat":32.84963,"lon":-117.35444,"county":"FEDERAL WATERS","organization":"CSD","batch_year":"2008"}]}},{"type":"Feature","geometry":{"type":"Polygon","coordinates":[[[-117.32421298058175,32.8357478612104],[-117.31629638644641,32.84763694572046],[-117.32444796085535,32.85913566310894],[-117.3405168310464,32.858744062581195],[-117.3484308405159,32.846854539532586],[-117.34027856539271,32.83535705549038],[-117.32421298058175,32.8357478612104]]]},"properties":{"h3_index":"8729a4076ffffff","station_count":1,"program_id":"bight","program":"Southern California Bight","resolution":7,"stations":[{"station_id":"B18-10271","station_name":"B18-10271","lat":32.85105,"lon":-117.32598,"county":"SAN DIEGO","organization":"SCCWRP","batch_year":"2018"}]}},{"type":"Feature","geometry":{"type":"Polygon","coordinates":[[[-117.25333560683005,32.98947603781542],[-117.2453984742386,33.001355921777595],[-117.25355638447797,33.012849446031105],[-117.26965214143173,33.01246186018382],[-117.27758669066318,33.000581536258785],[-117.26942806723882,32.98908923808519],[-117.25333560683005,32.98947603781542]]]},"properties":{"h3_index":"8729a40c1ffffff","station_count":2,"program_id":"bight","program":"Southern California Bight","resolution":7,"stations":[{"station_id":"6239_B08","station_name":"B08-6239","lat":33.0077,"lon":-117.27092,"county":"SAN DIEGO","organization":"CRGML","batch_year":"2008"},{"station_id":"6242_B08","station_name":"B08-6242","lat":33.0109,"lon":-117.26269,"county":"SAN DIEGO","organization":"CRGML","batch_year":"2008"}]}},{"type":"Feature","geometry":{"type":"Polygon","coordinates":[[[-117.2288710574998,32.954985323817624],[-117.22093294880702,32.966865762836385],[-117.22908675641658,32.97836407885203],[-117.24517939005676,32.97798072921409],[-117.25311491983021,32.966099847816324],[-117.24496039582044,32.95460275837698],[-117.2288710574998,32.954985323817624]]]},"properties":{"h3_index":"8729a40c4ffffff","station_count":1,"program_id":"bight","program":"Southern California Bight","resolution":7,"stations":[{"station_id":"B13-8179","station_name":"B13-8179 OpenwaterStation","lat":32.96601,"lon":-117.25244,"county":"SAN DIEGO","organization":"SCCWRP","batch_year":"2013"}]}},{"type":"Feature","geometry":{"type":"Polygon","coordinates":[[[-117.25311491983021,32.966099847816324],[-117.24517939005676,32.97798072921409],[-117.25333560683005,32.98947603781542],[-117.26942806723882,32.98908923808519],[-117.27736101474147,32.97720791619718],[-117.26920408504351,32.96571383447084],[-117.25311491983021,32.966099847816324]]]},"properties":{"h3_index":"8729a40c5ffffff","station_count":4,"program_id":"bight","program":"Southern California Bight","resolution":7,"stations":[{"station_id":"B13-8180","station_name":"B13-8180 OpenwaterStation","lat":32.96648,"lon":-117.25787,"county":"SAN DIEGO","organization":"SCCWRP","batch_year":"2013"},{"station_id":"B18-10174","station_name":"B18-10174","lat":32.97309,"lon":-117.24952,"county":"SAN DIEGO","organization":"SCCWRP","batch_year":"2018"},{"station_id":"B18-10194","station_name":"B18-10194","lat":32.97625,"lon":-117.24787,"county":"SAN DIEGO","organization":"SCCWRP","batch_year":"2018"},{"station_id":"B13-8187","station_name":"B13-8187 OpenwaterStation","lat":32.97084,"lon":-117.25818,"county":"SAN DIEGO","organization":"SCCWRP","batch_year":"2013"}]}},{"type":"Feature","geometry":{"type":"Polygon","coordinates":[[[-117.30207075996542,33.035048827017405],[-117.2941371961623,33.0469285867537],[-117.30230161520912,33.05841428844805],[-117.31840030547755,33.058019004471795],[-117.32633127812534,33.046138809075806],[-117.31816615259802,33.03465433325656],[-117.30207075996542,33.035048827017405]]]},"properties":{"h3_index":"8729a40c9ffffff","station_count":3,"program_id":"bight","program":"Southern California Bight","resolution":7,"stations":[{"station_id":"B98_109201","station_name":"109201_B98","lat":33.0489,"lon":-117.307,"county":"SAN DIEGO","organization":"MEC","batch_year":"1998"},{"station_id":"B98_109202","station_name":"109202_B98","lat":33.0472,"lon":-117.317,"county":"SAN DIEGO","organization":"MEC","batch_year":"1998"},{"station_id":"B18-10233","station_name":"B18-10233","lat":33.03999,"lon":-117.31188,"county":"SAN DIEGO","organization":"SCCWRP","batch_year":"2018"}]}},{"type":"Feature","geometry":{"type":"Polygon","coordinates":[[[-117.27758669066318,33.000581536258785],[-117.26965214143173,33.01246186018382],[-117.27781245928571,33.023952371297135],[-117.29390803701436,33.02356133205046],[-117.30183999953417,33.01168057005149],[-117.29367897197466,33.00019128531416],[-117.27758669066318,33.000581536258785]]]},"properties":{"h3_index":"8729a40ccffffff","station_count":29,"program_id":"bight","program":"Southern California Bight","resolution":7,"stations":[{"station_id":"B18-10876","station_name":"B18-10876","lat":33.00712,"lon":-117.29793,"county":"SAN DIEGO","organization":"SCCWRP","batch_year":"2018"},{"station_id":"2409_B98","station_name":"B98_2409","lat":33.0007,"lon":-117.28334,"county":"SAN DIEGO","organization":"SCCWRP","batch_year":"1998"},{"station_id":"4032_B03","station_name":"B03_4032","lat":33.00918,"lon":-117.27651,"county":"SAN DIEGO","organization":"CRGML","batch_year":"2003"},{"station_id":"B03_SEL 25LSL","station_name":"SEL 25LSL_B03","lat":33.01499,"lon":-117.2822,"county":"SAN DIEGO","organization":"EN","batch_year":"2003"},{"station_id":"B98_108901","station_name":"108901_B98","lat":33.0029,"lon":-117.286,"county":"SAN DIEGO","organization":"MEC","batch_year":"1998"},{"station_id":"B98_109102","station_name":"109102_B98","lat":33.0106,"lon":-117.299,"county":"SAN DIEGO","organization":"MEC","batch_year":"1998"},{"station_id":"6244_B08","station_name":"B08-6244","lat":33.01405,"lon":-117.27968,"county":"SAN DIEGO","organization":"CRGML","batch_year":"2008"},{"station_id":"6245_B08","station_name":"B08-6245","lat":33.0143,"lon":-117.27695,"county":"SAN DIEGO","organization":"CRGML","batch_year":"2008"},{"station_id":"6243_B08","station_name":"B08-6243","lat":33.01132,"lon":-117.27332,"county":"SAN DIEGO","organization":"CRGML","batch_year":"2008"},{"station_id":"B98_109001","station_name":"109001_B98","lat":33.0078,"lon":-117.287,"county":"SAN DIEGO","organization":"MEC","batch_year":"1998"},{"station_id":"B13-8188","station_name":"B13-8188 OpenwaterStation","lat":33.01616,"lon":-117.28071,"county":"SAN DIEGO","organization":"SCCWRP","batch_year":"2013"},{"station_id":"B03_SEL 0MSL","station_name":"SEL 0MSL_B03","lat":33.01517,"lon":-117.2824,"county":"SAN DIEGO","organization":"EN","batch_year":"2003"},{"station_id":"B03_SEL 225LSL","station_name":"SEL 225LSL_B03","lat":33.01355,"lon":-117.2813,"county":"SAN DIEGO","organization":"EN","batch_year":"2003"},{"station_id":"B98_109101","station_name":"109101_B98","lat":33.0125,"lon":-117.288,"county":"SAN DIEGO","organization":"MEC","batch_year":"1998"},{"station_id":"B13-8189","station_name":"B13-8189 OpenwaterStation","lat":33.01224,"lon":-117.27457,"county":"SAN DIEGO","organization":"SCCWRP","batch_year":"2013"},{"station_id":"B03_SEL 0MSZ","station_name":"SEL 0MSZ_B03","lat":33.01428,"lon":-117.2841,"county":"SAN DIEGO","organization":"SEJPA","batch_year":"2003"},{"station_id":"4064_B03","station_name":"B03_4064","lat":33.00613,"lon":-117.29666,"county":"SAN DIEGO","organization":"CRGML","batch_year":"2003"},{"station_id":"B03_SEL 75RSL","station_name":"SEL 75RSL_B03","lat":33.0156,"lon":-117.2829,"county":"SAN DIEGO","organization":"EN","batch_year":"2003"},{"station_id":"B03_SEL 25LSZ","station_name":"SEL 25LSZ_B03","lat":33.01406,"lon":-117.2839,"county":"SAN DIEGO","organization":"EN","batch_year":"2003"},{"station_id":"B03_SEL 500LSZ","station_name":"SEL 500LSZ_B03","lat":33.01167,"lon":-117.27972,"county":"SAN DIEGO","organization":"EN","batch_year":"2003"},{"station_id":"B03_SEL 225LSZ","station_name":"SEL 225LSZ_B03","lat":33.01263,"lon":-117.2829,"county":"SAN DIEGO","organization":"SEJPA","batch_year":"2003"},{"station_id":"B03_SEL 75LSL","station_name":"SEL 75LSL_B03","lat":33.01466,"lon":-117.2819,"county":"SAN DIEGO","organization":"SEJPA","batch_year":"2003"},{"station_id":"B03_SEL 300RSZ","station_name":"SEL 300RSZ_B03","lat":33.01806,"lon":-117.28333,"county":"SAN DIEGO","organization":"EN","batch_year":"2003"},{"station_id":"B03_SEL 75LSZ","station_name":"SEL 75LSZ_B03","lat":33.01378,"lon":-117.2836,"county":"SAN DIEGO","organization":"SEJPA","batch_year":"2003"},{"station_id":"B03_SEL 225RSL","station_name":"SEL 225RSL_B03","lat":33.0168,"lon":-117.2832,"county":"SAN DIEGO","organization":"EN","batch_year":"2003"},{"station_id":"B03_SEL 25RSZ","station_name":"SEL 25RSZ_B03","lat":33.01455,"lon":-117.2842,"county":"SAN DIEGO","organization":"EN","batch_year":"2003"},{"station_id":"B03_SEL 25RSL","station_name":"SEL 25RSL_B03","lat":33.01531,"lon":-117.2826,"county":"SAN DIEGO","organization":"EN","batch_year":"2003"},{"station_id":"B03_SEL 75RSZ","station_name":"SEL 75RSZ_B03","lat":33.01546,"lon":-117.2844,"county":"SAN DIEGO","organization":"EN","batch_year":"2003"},{"station_id":"B03_SEL 225RSZ","station_name":"SEL 225RSZ_B03","lat":33.01671,"lon":-117.284,"county":"SAN DIEGO","organization":"EN","batch_year":"2003"}]}},{"type":"Feature","geometry":{"type":"Polygon","coordinates":[[[-117.25267381755165,32.919339151625465],[-117.2447414914742,32.93122201655734],[-117.25289432342267,32.94272088332183],[-117.26898019478925,32.94233565662809],[-117.27690994077227,32.930452350146744],[-117.2687563964194,32.91895471184975],[-117.25267381755165,32.919339151625465]]]},"properties":{"h3_index":"8729a40e0ffffff","station_count":9,"program_id":"bight","program":"Southern California Bight","resolution":7,"stations":[{"station_id":"6228_B08","station_name":"B08-6228","lat":32.93046,"lon":-117.24862,"county":"SAN DIEGO","organization":"CRGML","batch_year":"2008"},{"station_id":"6230_B08","station_name":"B08-6230","lat":32.93209,"lon":-117.2533,"county":"SAN DIEGO","organization":"CRGML","batch_year":"2008"},{"station_id":"6232_B08","station_name":"B08-6232","lat":32.9328,"lon":-117.2579,"county":"SAN DIEGO","organization":"CRGML","batch_year":"2008"},{"station_id":"6236_B08","station_name":"B08-6236","lat":32.93379,"lon":-117.2569,"county":"SAN DIEGO","organization":"NOAACOAST","batch_year":"2008"},{"station_id":"6229_B08","station_name":"B08-6229","lat":32.93151,"lon":-117.25094,"county":"SAN DIEGO","organization":"CRGML","batch_year":"2008"},{"station_id":"B13-8169","station_name":"B13-8169 OpenwaterStation","lat":32.93165,"lon":-117.25232,"county":"SAN DIEGO","organization":"SCCWRP","batch_year":"2013"},{"station_id":"B18-10175","station_name":"B18-10175","lat":32.93258,"lon":-117.25812,"county":"SAN DIEGO","organization":"SCCWRP","batch_year":"2018"},{"station_id":"5301_B03","station_name":"B03_5301","lat":32.93171,"lon":-117.2533,"county":"SAN DIEGO","organization":"CRGML","batch_year":"2003"},{"station_id":"B13-8176","station_name":"B13-8176 OpenwaterStation","lat":32.93356,"lon":-117.25665,"county":"SAN DIEGO","organization":"SCCWRP","batch_year":"2013"}]}},{"type":"Feature","geometry":{"type":"Polygon","coordinates":[[[-117.25289432342267,32.94272088332183],[-117.24496039582044,32.95460275837698],[-117.25311491983021,32.966099847816324],[-117.26920408504351,32.96571383447084],[-117.27713543146352,32.95383151839657],[-117.26898019478925,32.94233565662809],[-117.25289432342267,32.94272088332183]]]},"properties":{"h3_index":"8729a40e3ffffff","station_count":1,"program_id":"bight","program":"Southern California Bight","resolution":7,"stations":[{"station_id":"4192_B03","station_name":"B03_4192","lat":32.95846,"lon":-117.27351,"county":"SAN DIEGO","organization":"CRGML","batch_year":"2003"}]}},{"type":"Feature","geometry":{"type":"Polygon","coordinates":[[[-117.2766845426108,32.90707041874287],[-117.2687563964194,32.91895471184975],[-117.27690994077227,32.930452350146744],[-117.29299234092562,32.93006446571615],[-117.30091790476631,32.918179732419496],[-117.29276365173976,32.90668332368402],[-117.2766845426108,32.90707041874287]]]},"properties":{"h3_index":"8729a40e5ffffff","station_count":2,"program_id":"bight","program":"Southern California Bight","resolution":7,"stations":[{"station_id":"4128_B03","station_name":"B03_4128","lat":32.91757,"lon":-117.27326,"county":"SAN DIEGO","organization":"CSD","batch_year":"2003"},{"station_id":"SCBPP_1728","station_name":"1728_SCBPP","lat":32.9215,"lon":-117.2955,"county":"SAN DIEGO","organization":"CSD","batch_year":"1994"}]}},{"type":"Feature","geometry":{"type":"Polygon","coordinates":[[[-117.30137876287542,32.96493569861984],[-117.29345000098525,32.976818453823],[-117.30160933385696,32.98830952482543],[-117.31769813526752,32.987916612304396],[-117.32562430928226,32.97603341986331],[-117.31746427069812,32.964543577121844],[-117.30137876287542,32.96493569861984]]]},"properties":{"h3_index":"8729a40e8ffffff","station_count":1,"program_id":"bight","program":"Southern California Bight","resolution":7,"stations":[{"station_id":"B18-10270","station_name":"B18-10270","lat":32.96762,"lon":-117.29975,"county":"SAN DIEGO","organization":"SCCWRP","batch_year":"2018"}]}},{"type":"Feature","geometry":{"type":"Polygon","coordinates":[[[-117.27736101474147,32.97720791619718],[-117.26942806723882,32.98908923808519],[-117.27758669066318,33.000581536258785],[-117.29367897197466,33.00019128531416],[-117.30160933385696,32.98830952482543],[-117.29345000098525,32.976818453823],[-117.27736101474147,32.97720791619718]]]},"properties":{"h3_index":"8729a40eaffffff","station_count":3,"program_id":"bight","program":"Southern California Bight","resolution":7,"stations":[{"station_id":"2293_B98","station_name":"B98_2293","lat":32.9998,"lon":-117.2924,"county":"SAN DIEGO","organization":"CRGML","batch_year":"1998"},{"station_id":"4320_B03","station_name":"B03_4320","lat":32.99387,"lon":-117.29005,"county":"SAN DIEGO","organization":"CRGML","batch_year":"2003"},{"station_id":"2295_B98","station_name":"B98_2295","lat":32.9911,"lon":-117.2991,"county":"SAN DIEGO","organization":"CRGML","batch_year":"1998"}]}},{"type":"Feature","geometry":{"type":"Polygon","coordinates":[[[-117.30160933385696,32.98830952482543],[-117.29367897197466,33.00019128531416],[-117.30183999953417,33.01168057005149],[-117.3179320958811,33.01128686677593],[-117.32585986879532,32.999404669576855],[-117.31769813526752,32.987916612304396],[-117.30160933385696,32.98830952482543]]]},"properties":{"h3_index":"8729a40ebffffff","station_count":10,"program_id":"bight","program":"Southern California Bight","resolution":7,"stations":[{"station_id":"B98_108902","station_name":"108902_B98","lat":33.001,"lon":-117.297,"county":"SAN DIEGO","organization":"MEC","batch_year":"1998"},{"station_id":"B98_108903","station_name":"108903_B98","lat":32.999,"lon":-117.308,"county":"SAN DIEGO","organization":"MEC","batch_year":"1998"},{"station_id":"B98_109002","station_name":"109002_B98","lat":33.0059,"lon":-117.298,"county":"SAN DIEGO","organization":"MEC","batch_year":"1998"},{"station_id":"B98_109003","station_name":"109003_B98","lat":33.0039,"lon":-117.309,"county":"SAN DIEGO","organization":"MEC","batch_year":"1998"},{"station_id":"B98_109103","station_name":"109103_B98","lat":33.0087,"lon":-117.31,"county":"SAN DIEGO","organization":"MEC","batch_year":"1998"},{"station_id":"2456_B98","station_name":"B98_2456","lat":33.01056,"lon":-117.3025,"county":"SAN DIEGO","organization":"CRGML","batch_year":"1998"},{"station_id":"4384_B03","station_name":"B03_4384","lat":32.99889,"lon":-117.30116,"county":"SAN DIEGO","organization":"CRGML","batch_year":"2003"},{"station_id":"2294_B98","station_name":"B98_2294","lat":33.0034,"lon":-117.3048,"county":"SAN DIEGO","organization":"CRGML","batch_year":"1998"},{"station_id":"2296_B98","station_name":"B98_2296","lat":32.9989,"lon":-117.297,"county":"SAN DIEGO","organization":"CRGML","batch_year":"1998"},{"station_id":"B13-9087","station_name":"B13-9087 OpenwaterStation","lat":33.00299,"lon":-117.29813,"county":"SAN DIEGO","organization":"SCCWRP","batch_year":"2013"}]}},{"type":"Feature","geometry":{"type":"Polygon","coordinates":[[[-117.22607500904515,32.650811986302394],[-117.21815769234072,32.662705040306925],[-117.2262895611635,32.674226196851386],[-117.24233946062176,32.67385306234958],[-117.25025421247787,32.66195955896768],[-117.24212163065428,32.65043963940582],[-117.22607500904515,32.650811986302394]]]},"properties":{"h3_index":"8729a4100ffffff","station_count":5,"program_id":"bight","program":"Southern California Bight","resolution":7,"stations":[{"station_id":"B98_104002","station_name":"104002_B98","lat":32.6563,"lon":-117.23,"county":"SAN DIEGO","organization":"CSD","batch_year":"1998"},{"station_id":"B98_106001","station_name":"106001_B98","lat":32.6604,"lon":-117.249,"county":"SAN DIEGO","organization":"CSD","batch_year":"1998"},{"station_id":"B98_104001","station_name":"104001_B98","lat":32.6664,"lon":-117.229,"county":"SAN DIEGO","organization":"CSD","batch_year":"1998"},{"station_id":"B98_105001","station_name":"105001_B98","lat":32.6556,"lon":-117.242,"county":"SAN DIEGO","organization":"CSD","batch_year":"1998"},{"station_id":"B03_B03W202","station_name":"B03W202_B03","lat":32.66628,"lon":-117.22805,"county":"SAN DIEGO","organization":"USC","batch_year":"2003"}]}},{"type":"Feature","geometry":{"type":"Polygon","coordinates":[[[-117.25025421247787,32.66195955896768],[-117.24233946062176,32.67385306234958],[-117.25047372611458,32.685371246976324],[-117.2665234539465,32.684994690878995],[-117.27443563762922,32.67310074001696],[-117.26630066258336,32.661583792672985],[-117.25025421247787,32.66195955896768]]]},"properties":{"h3_index":"8729a4101ffffff","station_count":1,"program_id":"bight","program":"Southern California Bight","resolution":7,"stations":[{"station_id":"B98_107001","station_name":"107001_B98","lat":32.6782,"lon":-117.26,"county":"SAN DIEGO","organization":"CSD","batch_year":"1998"}]}},{"type":"Feature","geometry":{"type":"Polygon","coordinates":[[[-117.2262895611635,32.674226196851386],[-117.21837064894076,32.68611830326798],[-117.22650420117208,32.69763772407216],[-117.24255737981842,32.69726380222321],[-117.25047372611458,32.685371246976324],[-117.24233946062176,32.67385306234958],[-117.2262895611635,32.674226196851386]]]},"properties":{"h3_index":"8729a4103ffffff","station_count":6,"program_id":"bight","program":"Southern California Bight","resolution":7,"stations":[{"station_id":"2441_B98","station_name":"B98_2441","lat":32.69111,"lon":-117.23803,"county":"SAN DIEGO","organization":"CSD","batch_year":"1998"},{"station_id":"2442_B98","station_name":"B98_2442","lat":32.68926,"lon":-117.23707,"county":"SAN DIEGO","organization":"SCCWRP","batch_year":"1998"},{"station_id":"6128_B08","station_name":"B08-6128","lat":32.69111,"lon":-117.23803,"county":"SAN DIEGO","organization":"CRGML","batch_year":"2008"},{"station_id":"6130_B08","station_name":"B08-6130","lat":32.69405,"lon":-117.23851,"county":"SAN DIEGO","organization":"CRGML","batch_year":"2008"},{"station_id":"B18-10030","station_name":"B18-10030","lat":32.687841,"lon":-117.230267,"county":"SAN DIEGO","organization":"SCCWRP","batch_year":"2018"},{"station_id":"B18-10117","station_name":"B18-10117","lat":32.691885,"lon":-117.238369,"county":"SAN DIEGO","organization":"SCCWRP","batch_year":"2018"}]}},{"type":"Feature","geometry":{"type":"Polygon","coordinates":[[[-117.22586054476307,32.627395099786476],[-117.21794482293456,32.63928909756889],[-117.22607500904515,32.650811986302394],[-117.24212163065428,32.65043963940582],[-117.25003478871209,32.63854519169751],[-117.24190388986113,32.62702354075252],[-117.22586054476307,32.627395099786476]]]},"properties":{"h3_index":"8729a4104ffffff","station_count":3,"program_id":"bight","program":"Southern California Bight","resolution":7,"stations":[{"station_id":"B98_104003","station_name":"104003_B98","lat":32.6474,"lon":-117.231,"county":"SAN DIEGO","organization":"CSD","batch_year":"1998"},{"station_id":"B98_105002","station_name":"105002_B98","lat":32.6467,"lon":-117.242,"county":"SAN DIEGO","organization":"CSD","batch_year":"1998"},{"station_id":"4300_B03","station_name":"B03_4300","lat":32.64194,"lon":-117.22137,"county":"SAN DIEGO","organization":"CSD","batch_year":"2003"}]}},{"type":"Feature","geometry":{"type":"Polygon","coordinates":[[[-117.20189803563589,32.639658026218854],[-117.19397815741004,32.651550628949565],[-117.20210762707379,32.663074754362995],[-117.21815769234072,32.662705040306925],[-117.22607500904515,32.650811986302394],[-117.21794482293456,32.63928909756889],[-117.20189803563589,32.639658026218854]]]},"properties":{"h3_index":"8729a4106ffffff","station_count":3,"program_id":"bight","program":"Southern California Bight","resolution":7,"stations":[{"station_id":"B98_103002","station_name":"103002_B98","lat":32.6479,"lon":-117.22,"county":"SAN DIEGO","organization":"CSD","batch_year":"1998"},{"station_id":"B18-10880","station_name":"B18-10880","lat":32.65306,"lon":-117.21495,"county":"SAN DIEGO","organization":"SCCWRP","batch_year":"2018"},{"station_id":"B98_103001","station_name":"103001_B98","lat":32.6563,"lon":-117.22,"county":"SAN DIEGO","organization":"CSD","batch_year":"1998"}]}},{"type":"Feature","geometry":{"type":"Polygon","coordinates":[[[-117.2988487153563,32.707642153371346],[-117.29093751089272,32.71953560058826],[-117.29907824852214,32.73104608828774],[-117.31513089445176,32.73066189164021],[-117.32303952301312,32.718768001285085],[-117.31489808247706,32.707258750655825],[-117.2988487153563,32.707642153371346]]]},"properties":{"h3_index":"8729a4109ffffff","station_count":3,"program_id":"bight","program":"Southern California Bight","resolution":7,"stations":[{"station_id":"SCBPP_1825","station_name":"1825_SCBPP","lat":32.70767,"lon":-117.30433,"county":"SAN DIEGO","organization":"CSD","batch_year":"1994"},{"station_id":"7068_B08","station_name":"B08-7068","lat":32.71039,"lon":-117.30977,"county":"SAN DIEGO","organization":"CSD","batch_year":"2008"},{"station_id":"2412_B98","station_name":"B98_2412","lat":32.72145,"lon":-117.29626,"county":"SAN DIEGO","organization":"CSD","batch_year":"1998"}]}},{"type":"Feature","geometry":{"type":"Polygon","coordinates":[[[-117.2748846815673,32.7199163711641],[-117.26696931052369,32.73180842085837],[-117.27510934153656,32.74332014452833],[-117.29116545114042,32.74293858247399],[-117.29907824852214,32.73104608828774],[-117.29093751089272,32.71953560058826],[-117.2748846815673,32.7199163711641]]]},"properties":{"h3_index":"8729a410bffffff","station_count":3,"program_id":"bight","program":"Southern California Bight","resolution":7,"stations":[{"station_id":"SCBPP_1814","station_name":"1814_SCBPP","lat":32.73267,"lon":-117.28067,"county":"SAN DIEGO","organization":"CSD","batch_year":"1994"},{"station_id":"B03_B03W156","station_name":"B03W156_B03","lat":32.73448,"lon":-117.28563,"county":"SAN DIEGO","organization":"MEC","batch_year":"2003"},{"station_id":"B03W154_B03","station_name":"B03_B03W154","lat":32.72352,"lon":-117.27305,"county":"SAN DIEGO","organization":"USC","batch_year":"2003"}]}},{"type":"Feature","geometry":{"type":"Polygon","coordinates":[[[-117.27443563762922,32.67310074001696],[-117.2665234539465,32.684994690878995],[-117.274660113617,32.696509900544115],[-117.2907096640036,32.696129921707],[-117.2986192761898,32.68423552526281],[-117.29048191041566,32.672721553178214],[-117.27443563762922,32.67310074001696]]]},"properties":{"h3_index":"8729a410cffffff","station_count":6,"program_id":"bight","program":"Southern California Bight","resolution":7,"stations":[{"station_id":"B98_107002","station_name":"107002_B98","lat":32.6735,"lon":-117.282,"county":"SAN DIEGO","organization":"CSD","batch_year":"1998"},{"station_id":"4244_B03","station_name":"B03_4244","lat":32.68243,"lon":-117.28197,"county":"SAN DIEGO","organization":"CSD","batch_year":"2003"},{"station_id":"SCBPP_1836","station_name":"1836_SCBPP","lat":32.68233,"lon":-117.27467,"county":"SAN DIEGO","organization":"CSD","batch_year":"1994"},{"station_id":"SCBPP_1839","station_name":"1839_SCBPP","lat":32.6775,"lon":-117.27467,"county":"SAN DIEGO","organization":"TEX-AM","batch_year":"1994"},{"station_id":"2413_B98","station_name":"B98_2413","lat":32.69036,"lon":-117.27828,"county":"SAN DIEGO","organization":"SCCWRP","batch_year":"1998"},{"station_id":"4248_B03","station_name":"B03_4248","lat":32.67934,"lon":-117.28212,"county":"SAN DIEGO","organization":"CSD","batch_year":"2003"}]}},{"type":"Feature","geometry":{"type":"Polygon","coordinates":[[[-117.2986192761898,32.68423552526281],[-117.2907096640036,32.696129921707],[-117.2988487153563,32.707642153371346],[-117.31489808247706,32.707258750655825],[-117.32280511984541,32.695363910528236],[-117.31466536584028,32.68385291673965],[-117.2986192761898,32.68423552526281]]]},"properties":{"h3_index":"8729a410dffffff","station_count":2,"program_id":"bight","program":"Southern California Bight","resolution":7,"stations":[{"station_id":"4012_B03","station_name":"B03_4012","lat":32.6948,"lon":-117.30227,"county":"SAN DIEGO","organization":"CSD","batch_year":"2003"},{"station_id":"2214_B98","station_name":"B98_2214","lat":32.68981,"lon":-117.30102,"county":"SAN DIEGO","organization":"SCCWRP","batch_year":"1998"}]}},{"type":"Feature","geometry":{"type":"Polygon","coordinates":[[[-117.1539502390909,32.664171784168325],[-117.14602204968328,32.67606158296755],[-117.15415007532306,32.68758817840924],[-117.1702070151705,32.6872237405351],[-117.17813264757089,32.67533348776811],[-117.1700038980632,32.663808126784794],[-117.1539502390909,32.664171784168325]]]},"properties":{"h3_index":"8729a4110ffffff","station_count":6,"program_id":"bight","program":"Southern California Bight","resolution":7,"stations":[{"station_id":"4236_B03","station_name":"B03_4236","lat":32.67889,"lon":-117.16925,"county":"SAN DIEGO","organization":"CSD","batch_year":"2003"},{"station_id":"4364_B03","station_name":"B03_4364","lat":32.67929,"lon":-117.16506,"county":"SAN DIEGO","organization":"CSD","batch_year":"2003"},{"station_id":"6083_B08","station_name":"B08-6083","lat":32.67008,"lon":-117.15501,"county":"SAN DIEGO","organization":"CRGML","batch_year":"2008"},{"station_id":"2254_B98","station_name":"B98_2254","lat":32.67672,"lon":-117.16326,"county":"SAN DIEGO","organization":"CSD","batch_year":"1998"},{"station_id":"2240_B98","station_name":"B98_2240","lat":32.66743,"lon":-117.15428,"county":"SAN DIEGO","organization":"CSD","batch_year":"1998"},{"station_id":"4418_B03","station_name":"B03_4418","lat":32.67998,"lon":-117.17326,"county":"SAN DIEGO","organization":"CSD","batch_year":"2003"}]}},{"type":"Feature","geometry":{"type":"Polygon","coordinates":[[[-117.17813264757089,32.67533348776811],[-117.1702070151705,32.6872237405351],[-117.17833744686254,32.69874736772019],[-117.19439423230793,32.69837950731405],[-117.20231730436647,32.68648880247288],[-117.19418615225334,32.67496641005354],[-117.17813264757089,32.67533348776811]]]},"properties":{"h3_index":"8729a4111ffffff","station_count":2,"program_id":"bight","program":"Southern California Bight","resolution":7,"stations":[{"station_id":"B13-8073","station_name":"B13-8073 OpenwaterStation","lat":32.68052,"lon":-117.17523,"county":"SAN DIEGO","organization":"SCCWRP","batch_year":"2013"},{"station_id":"2414_B98","station_name":"B98_2414","lat":32.67683,"lon":-117.18999,"county":"SAN DIEGO","organization":"CSD","batch_year":"1998"}]}},{"type":"Feature","geometry":{"type":"Polygon","coordinates":[[[-117.12996496125429,32.67642259947291],[-117.12203261707327,32.688310989393614],[-117.13015991513058,32.69983881818071],[-117.14622028588431,32.699477023643766],[-117.15415007532306,32.68758817840924],[-117.14602204968328,32.67606158296755],[-117.12996496125429,32.67642259947291]]]},"properties":{"h3_index":"8729a4112ffffff","station_count":33,"program_id":"bight","program":"Southern California Bight","resolution":7,"stations":[{"station_id":"BRI-17_B03","station_name":"B03_BRI-17","lat":32.69323,"lon":-117.14757,"county":"SAN DIEGO","organization":"CRGML","batch_year":"2003"},{"station_id":"6106_B08","station_name":"B08-6106","lat":32.6812,"lon":-117.14544,"county":"SAN DIEGO","organization":"CSD","batch_year":"2008"},{"station_id":"6113_B08","station_name":"B08-6113","lat":32.68487,"lon":-117.1355,"county":"SAN DIEGO","organization":"CRGML","batch_year":"2008"},{"station_id":"6119_B08","station_name":"B08-6119","lat":32.68632,"lon":-117.13295,"county":"SAN DIEGO","organization":"CRGML","batch_year":"2008"},{"station_id":"6120_B08","station_name":"B08-6120","lat":32.68659,"lon":-117.13392,"county":"SAN DIEGO","organization":"CRGML","batch_year":"2008"},{"station_id":"6125_B08","station_name":"B08-6125","lat":32.68821,"lon":-117.13786,"county":"SAN DIEGO","organization":"CRGML","batch_year":"2008"},{"station_id":"6127_B08","station_name":"B08-6127","lat":32.68994,"lon":-117.13917,"county":"SAN DIEGO","organization":"CRGML","batch_year":"2008"},{"station_id":"6115_B08","station_name":"B08-6115","lat":32.68541,"lon":-117.13649,"county":"SAN DIEGO","organization":"CRGML","batch_year":"2008"},{"station_id":"2253_B98","station_name":"B98_2253","lat":32.68821,"lon":-117.13786,"county":"SAN DIEGO","organization":"CSD","batch_year":"1998"},{"station_id":"2256_B98","station_name":"B98_2256","lat":32.67678,"lon":-117.13577,"county":"SAN DIEGO","organization":"CSD","batch_year":"1998"},{"station_id":"2264_B98","station_name":"B98_2264","lat":32.6854,"lon":-117.13293,"county":"SAN DIEGO","organization":"SCCWRP","batch_year":"1998"},{"station_id":"2233_B98","station_name":"B98_2233","lat":32.68573,"lon":-117.15179,"county":"SAN DIEGO","organization":"SCCWRP","batch_year":"1998"},{"station_id":"2255_B98","station_name":"B98_2255","lat":32.67801,"lon":-117.12937,"county":"SAN DIEGO","organization":"SCCWRP","batch_year":"1998"},{"station_id":"2265_B98","station_name":"B98_2265","lat":32.6839,"lon":-117.14028,"county":"SAN DIEGO","organization":"CSD","batch_year":"1998"},{"station_id":"6116_B08","station_name":"B08-6116","lat":32.68547,"lon":-117.1341,"county":"SAN DIEGO","organization":"CRGML","batch_year":"2008"},{"station_id":"B13-8077","station_name":"B13-8077 OpenwaterStation","lat":32.68658,"lon":-117.13392,"county":"SAN DIEGO","organization":"SCCWRP","batch_year":"2013"},{"station_id":"B13-8078","station_name":"B13-8078 OpenwaterStation","lat":32.68684,"lon":-117.14839,"county":"SAN DIEGO","organization":"SCCWRP","batch_year":"2013"},{"station_id":"B13-8090","station_name":"B13-8090 OpenwaterStation","lat":32.69329,"lon":-117.14728,"county":"SAN DIEGO","organization":"SCCWRP","batch_year":"2013"},{"station_id":"B13-8075","station_name":"B13-8075 OpenwaterStation","lat":32.68547,"lon":-117.1341,"county":"SAN DIEGO","organization":"SCCWRP","batch_year":"2013"},{"station_id":"2239_B98","station_name":"B98_2239","lat":32.68248,"lon":-117.14509,"county":"SAN DIEGO","organization":"CSD","batch_year":"1998"},{"station_id":"2257_B98","station_name":"B98_2257","lat":32.67693,"lon":-117.13415,"county":"SAN DIEGO","organization":"CSD","batch_year":"1998"},{"station_id":"B13-8076","station_name":"B13-8076 OpenwaterStation","lat":32.68632,"lon":-117.13295,"county":"SAN DIEGO","organization":"SCCWRP","batch_year":"2013"},{"station_id":"B18-10119","station_name":"B18-10119","lat":32.69004,"lon":-117.1432,"county":"SAN DIEGO","organization":"SCCWRP","batch_year":"2018"},{"station_id":"B18-10126","station_name":"B18-10126","lat":32.68173,"lon":-117.13109,"county":"SAN DIEGO","organization":"SCCWRP","batch_year":"2018"},{"station_id":"B18-10121","station_name":"B18-10121","lat":32.6878,"lon":-117.14076,"county":"SAN DIEGO","organization":"SCCWRP","batch_year":"2018"},{"station_id":"BRI-18_B03","station_name":"B03_BRI-18","lat":32.69283,"lon":-117.14583,"county":"SAN DIEGO","organization":"CRGML","batch_year":"2003"},{"station_id":"B18-10031","station_name":"B18-10031","lat":32.68665,"lon":-117.13354,"county":"SAN DIEGO","organization":"SCCWRP","batch_year":"2018"},{"station_id":"6110_B08","station_name":"B08-6110","lat":32.68286,"lon":-117.13838,"county":"SAN DIEGO","organization":"CSD","batch_year":"2008"},{"station_id":"B18-10124","station_name":"B18-10124","lat":32.68433,"lon":-117.13126,"county":"SAN DIEGO","organization":"SCCWRP","batch_year":"2018"},{"station_id":"B18-10178","station_name":"B18-10178","lat":32.68753,"lon":-117.13087,"county":"SAN DIEGO","organization":"SCCWRP","batch_year":"2018"},{"station_id":"B13-8074","station_name":"B13-8074 OpenwaterStation","lat":32.68541,"lon":-117.1365,"county":"SAN DIEGO","organization":"SCCWRP","batch_year":"2013"},{"station_id":"B18-10123","station_name":"B18-10123","lat":32.68549,"lon":-117.13635,"county":"SAN DIEGO","organization":"SCCWRP","batch_year":"2018"},{"station_id":"B18-10127","station_name":"B18-10127","lat":32.6792,"lon":-117.12836,"county":"SAN DIEGO","organization":"SCCWRP","batch_year":"2018"}]}},{"type":"Feature","geometry":{"type":"Polygon","coordinates":[[[-117.15415007532306,32.68758817840924],[-117.14622028588431,32.699477023643766],[-117.1543499934411,32.71100188448396],[-117.1704102155046,32.71063666637634],[-117.17833744686254,32.69874736772019],[-117.1702070151705,32.6872237405351],[-117.15415007532306,32.68758817840924]]]},"properties":{"h3_index":"8729a4113ffffff","station_count":20,"program_id":"bight","program":"Southern California Bight","resolution":7,"stations":[{"station_id":"6129_B08","station_name":"B08-6129","lat":32.69177,"lon":-117.15298,"county":"SAN DIEGO","organization":"CRGML","batch_year":"2008"},{"station_id":"6133_B08","station_name":"B08-6133","lat":32.69619,"lon":-117.15341,"county":"SAN DIEGO","organization":"CRGML","batch_year":"2008"},{"station_id":"6134_B08","station_name":"B08-6134","lat":32.69857,"lon":-117.15877,"county":"SAN DIEGO","organization":"CRGML","batch_year":"2008"},{"station_id":"6136_B08","station_name":"B08-6136","lat":32.69981,"lon":-117.16097,"county":"SAN DIEGO","organization":"CRGML","batch_year":"2008"},{"station_id":"2251_B98","station_name":"B98_2251","lat":32.70226,"lon":-117.16198,"county":"SAN DIEGO","organization":"CSD","batch_year":"1998"},{"station_id":"2231_B98","station_name":"B98_2231","lat":32.69485,"lon":-117.15653,"county":"SAN DIEGO","organization":"CSD","batch_year":"1998"},{"station_id":"6140_B08","station_name":"B08-6140","lat":32.70226,"lon":-117.16198,"county":"SAN DIEGO","organization":"CRGML","batch_year":"2008"},{"station_id":"B13-8093","station_name":"B13-8093 OpenwaterStation","lat":32.69562,"lon":-117.16262,"county":"SAN DIEGO","organization":"SCCWRP","batch_year":"2013"},{"station_id":"B13-8096","station_name":"B13-8096 OpenwaterStation","lat":32.69857,"lon":-117.15877,"county":"SAN DIEGO","organization":"SCCWRP","batch_year":"2013"},{"station_id":"B13-8100","station_name":"B13-8100 OpenwaterStation","lat":32.70226,"lon":-117.16198,"county":"SAN DIEGO","organization":"SCCWRP","batch_year":"2013"},{"station_id":"B18-10116","station_name":"B18-10116","lat":32.6914,"lon":-117.15337,"county":"SAN DIEGO","organization":"SCCWRP","batch_year":"2018"},{"station_id":"BRI-16_B03","station_name":"B03_BRI-16","lat":32.7075,"lon":-117.16867,"county":"SAN DIEGO","organization":"CRGML","batch_year":"2003"},{"station_id":"B13-8087","station_name":"B13-8087 OpenwaterStation","lat":32.69177,"lon":-117.15298,"county":"SAN DIEGO","organization":"SCCWRP","batch_year":"2013"},{"station_id":"B13-8095","station_name":"B13-8095 OpenwaterStation","lat":32.69619,"lon":-117.15341,"county":"SAN DIEGO","organization":"SCCWRP","batch_year":"2013"},{"station_id":"B13-8099","station_name":"B13-8099 OpenwaterStation","lat":32.70224,"lon":-117.16059,"county":"SAN DIEGO","organization":"SCCWRP","batch_year":"2013"},{"station_id":"B13-8098","station_name":"B13-8098 OpenwaterStation","lat":32.69981,"lon":-117.16097,"county":"SAN DIEGO","organization":"SCCWRP","batch_year":"2013"},{"station_id":"B18-10029","station_name":"B18-10029","lat":32.70189,"lon":-117.15893,"county":"SAN DIEGO","organization":"SCCWRP","batch_year":"2018"},{"station_id":"B18-10114","station_name":"B18-10114","lat":32.7026,"lon":-117.1618,"county":"SAN DIEGO","organization":"SCCWRP","batch_year":"2018"},{"station_id":"2252_B98","station_name":"B98_2252","lat":32.69177,"lon":-117.15298,"county":"SAN DIEGO","organization":"CSD","batch_year":"1998"},{"station_id":"B18-10115","station_name":"B18-10115","lat":32.69442,"lon":-117.15254,"county":"SAN DIEGO","organization":"SCCWRP","batch_year":"2018"}]}},{"type":"Feature","geometry":{"type":"Polygon","coordinates":[[[-117.15375048469436,32.64075270912291],[-117.14582389467265,32.65264345767703],[-117.1539502390909,32.664171784168325],[-117.1700038980632,32.663808126784794],[-117.17792793215057,32.65191692371534],[-117.16980086413156,32.640389832486456],[-117.15375048469436,32.64075270912291]]]},"properties":{"h3_index":"8729a4114ffffff","station_count":2,"program_id":"bight","program":"Southern California Bight","resolution":7,"stations":[{"station_id":"B98_102401","station_name":"102401_B98","lat":32.6512,"lon":-117.163,"county":"SAN DIEGO","organization":"CSD","batch_year":"1998"},{"station_id":"B18-10237","station_name":"B18-10237","lat":32.65987,"lon":-117.16851,"county":"SAN DIEGO","organization":"SCCWRP","batch_year":"2018"}]}},{"type":"Feature","geometry":{"type":"Polygon","coordinates":[[[-117.17792793215057,32.65191692371534],[-117.1700038980632,32.663808126784794],[-117.17813264757089,32.67533348776811],[-117.19418615225334,32.67496641005354],[-117.20210762707379,32.663074754362995],[-117.19397815741004,32.651550628949565],[-117.17792793215057,32.65191692371534]]]},"properties":{"h3_index":"8729a4115ffffff","station_count":4,"program_id":"bight","program":"Southern California Bight","resolution":7,"stations":[{"station_id":"2415_B98","station_name":"B98_2415","lat":32.65863,"lon":-117.18214,"county":"SAN DIEGO","organization":"CSD","batch_year":"1998"},{"station_id":"7044_B08","station_name":"B08-7044","lat":32.66354,"lon":-117.20016,"county":"SAN DIEGO","organization":"NOAACOAST","batch_year":"2008"},{"station_id":"B03W171_B03","station_name":"B03_B03W171","lat":32.6687,"lon":-117.18675,"county":"SAN DIEGO","organization":"USC","batch_year":"2003"},{"station_id":"B03_B03W201","station_name":"B03W201_B03","lat":32.66887,"lon":-117.1867,"county":"SAN DIEGO","organization":"USC","batch_year":"2003"}]}},{"type":"Feature","geometry":{"type":"Polygon","coordinates":[[[-117.12977008722737,32.653003695894405],[-117.12183934414901,32.664893038833064],[-117.12996496125429,32.67642259947291],[-117.14602204968328,32.67606158296755],[-117.1539502390909,32.664171784168325],[-117.14582389467265,32.65264345767703],[-117.12977008722737,32.653003695894405]]]},"properties":{"h3_index":"8729a4116ffffff","station_count":25,"program_id":"bight","program":"Southern California Bight","resolution":7,"stations":[{"station_id":"6080_B08","station_name":"B08-6080","lat":32.66493,"lon":-117.14993,"county":"SAN DIEGO","organization":"NOAACOAST","batch_year":"2008"},{"station_id":"6084_B08","station_name":"B08-6084","lat":32.67029,"lon":-117.13662,"county":"SAN DIEGO","organization":"CRGML","batch_year":"2008"},{"station_id":"6090_B08","station_name":"B08-6090","lat":32.67337,"lon":-117.13653,"county":"SAN DIEGO","organization":"CRGML","batch_year":"2008"},{"station_id":"6093_B08","station_name":"B08-6093","lat":32.67537,"lon":-117.14385,"county":"SAN DIEGO","organization":"CRGML","batch_year":"2008"},{"station_id":"6071_B08","station_name":"B08-6071","lat":32.65828,"lon":-117.14434,"county":"SAN DIEGO","organization":"CRGML","batch_year":"2008"},{"station_id":"6086_B08","station_name":"B08-6086","lat":32.6715,"lon":-117.1307,"county":"SAN DIEGO","organization":"CSD","batch_year":"2008"},{"station_id":"2243_B98","station_name":"B98_2243","lat":32.66459,"lon":-117.14282,"county":"SAN DIEGO","organization":"CSD","batch_year":"1998"},{"station_id":"6572_B08","station_name":"B08-6572","lat":32.66889,"lon":-117.12862,"county":"SAN DIEGO","organization":"CRGML","batch_year":"2008"},{"station_id":"B13-8058","station_name":"B13-8058 OpenwaterStation","lat":32.66106,"lon":-117.144,"county":"SAN DIEGO","organization":"SCCWRP","batch_year":"2013"},{"station_id":"B13-8052","station_name":"B13-8052 OpenwaterStation","lat":32.65828,"lon":-117.14434,"county":"SAN DIEGO","organization":"SCCWRP","batch_year":"2013"},{"station_id":"2242_B98","station_name":"B98_2242","lat":32.66493,"lon":-117.14993,"county":"SAN DIEGO","organization":"SCCWRP","batch_year":"1998"},{"station_id":"B18-10032","station_name":"B18-10032","lat":32.67526,"lon":-117.14397,"county":"SAN DIEGO","organization":"SCCWRP","batch_year":"2018"},{"station_id":"B18-10133","station_name":"B18-10133","lat":32.67313,"lon":-117.12943,"county":"SAN DIEGO","organization":"SCCWRP","batch_year":"2018"},{"station_id":"4028_B03","station_name":"B03_4028","lat":32.67537,"lon":-117.14385,"county":"SAN DIEGO","organization":"CSD","batch_year":"2003"},{"station_id":"B18-10034","station_name":"B18-10034","lat":32.665256,"lon":-117.149849,"county":"SAN DIEGO","organization":"SCCWRP","batch_year":"2018"},{"station_id":"B18-10141","station_name":"B18-10141","lat":32.66045,"lon":-117.12539,"county":"SAN DIEGO","organization":"SCCWRP","batch_year":"2018"},{"station_id":"B13-8060","station_name":"B13-8060 OpenwaterStation","lat":32.66493,"lon":-117.14993,"county":"SAN DIEGO","organization":"SCCWRP","batch_year":"2013"},{"station_id":"B13-8068","station_name":"B13-8068 OpenwaterStation","lat":32.67537,"lon":-117.14385,"county":"SAN DIEGO","organization":"SCCWRP","batch_year":"2013"},{"station_id":"B18-10035","station_name":"B18-10035","lat":32.660753,"lon":-117.14543,"county":"SAN DIEGO","organization":"SCCWRP","batch_year":"2018"},{"station_id":"4116_B03","station_name":"B03_4116","lat":32.65828,"lon":-117.14434,"county":"SAN DIEGO","organization":"CSD","batch_year":"2003"},{"station_id":"2241_B98","station_name":"B98_2241","lat":32.67029,"lon":-117.13662,"county":"SAN DIEGO","organization":"CSD","batch_year":"1998"},{"station_id":"2260_B98","station_name":"B98_2260","lat":32.66723,"lon":-117.12999,"county":"SAN DIEGO","organization":"CSD","batch_year":"1998"},{"station_id":"2258_B98","station_name":"B98_2258","lat":32.676,"lon":-117.13215,"county":"SAN DIEGO","organization":"CSD","batch_year":"1998"},{"station_id":"2244_B98","station_name":"B98_2244","lat":32.65966,"lon":-117.13189,"county":"SAN DIEGO","organization":"CSD","batch_year":"1998"},{"station_id":"B18-10036","station_name":"B18-10036","lat":32.658159,"lon":-117.144371,"county":"SAN DIEGO","organization":"SCCWRP","batch_year":"2018"}]}},{"type":"Feature","geometry":{"type":"Polygon","coordinates":[[[-117.20252706756672,32.70990016318884],[-117.19460239762623,32.721789913373705],[-117.2027369167273,32.7333088291565],[-117.21879682393667,32.732936760428565],[-117.22671892912489,32.72104656060876],[-117.2185836927882,32.70952887909311],[-117.20252706756672,32.70990016318884]]]},"properties":{"h3_index":"8729a4118ffffff","station_count":14,"program_id":"bight","program":"Southern California Bight","resolution":7,"stations":[{"station_id":"4284_B03","station_name":"B03_4284","lat":32.72692,"lon":-117.20206,"county":"SAN DIEGO","organization":"CSD","batch_year":"2003"},{"station_id":"6165_B08","station_name":"B08-6165","lat":32.72171,"lon":-117.22162,"county":"SAN DIEGO","organization":"CRGML","batch_year":"2008"},{"station_id":"6177_B08","station_name":"B08-6177","lat":32.72692,"lon":-117.20206,"county":"SAN DIEGO","organization":"CRGML","batch_year":"2008"},{"station_id":"6179_B08","station_name":"B08-6179","lat":32.72835,"lon":-117.20811,"county":"SAN DIEGO","organization":"CRGML","batch_year":"2008"},{"station_id":"2227_B98","station_name":"B98_2227","lat":32.72376,"lon":-117.2079,"county":"SAN DIEGO","organization":"CSD","batch_year":"1998"},{"station_id":"2221_B98","station_name":"B98_2221","lat":32.7279,"lon":-117.205,"county":"SAN DIEGO","organization":"CSD","batch_year":"1998"},{"station_id":"4156_B03","station_name":"B03_4156","lat":32.72288,"lon":-117.21263,"county":"SAN DIEGO","organization":"CSD","batch_year":"2003"},{"station_id":"4268_B03","station_name":"B03_4268","lat":32.71868,"lon":-117.22003,"county":"SAN DIEGO","organization":"CSD","batch_year":"2003"},{"station_id":"SCBPP_1823","station_name":"1823_SCBPP","lat":32.72633,"lon":-117.21183,"county":"SAN DIEGO","organization":"CSD","batch_year":"1994"},{"station_id":"6180_B08","station_name":"B08-6180","lat":32.72845,"lon":-117.20184,"county":"SAN DIEGO","organization":"CRGML","batch_year":"2008"},{"station_id":"2433_B98","station_name":"B98_2433","lat":32.72239,"lon":-117.2095,"county":"SAN DIEGO","organization":"CSD","batch_year":"1998"},{"station_id":"B18-10079","station_name":"B18-10079","lat":32.720458,"lon":-117.220779,"county":"SAN DIEGO","organization":"SCCWRP","batch_year":"2018"},{"station_id":"B18-10078","station_name":"B18-10078","lat":32.723036,"lon":-117.223728,"county":"SAN DIEGO","organization":"SCCWRP","batch_year":"2018"},{"station_id":"B18-10023","station_name":"B18-10023","lat":32.717504,"lon":-117.215561,"county":"SAN DIEGO","organization":"SCCWRP","batch_year":"2018"}]}},{"type":"Feature","geometry":{"type":"Polygon","coordinates":[[[-117.22671892912489,32.72104656060876],[-117.21879682393667,32.732936760428565],[-117.22693374507597,32.74445269911045],[-117.2429934861186,32.74407720334407],[-117.25091302322157,32.73218655578382],[-117.24277538829908,32.720671851671376],[-117.22671892912489,32.72104656060876]]]},"properties":{"h3_index":"8729a4119ffffff","station_count":1,"program_id":"bight","program":"Southern California Bight","resolution":7,"stations":[{"station_id":"6171_B08","station_name":"B08-6171","lat":32.72416,"lon":-117.22484,"county":"SAN DIEGO","organization":"CRGML","batch_year":"2008"}]}},{"type":"Feature","geometry":{"type":"Polygon","coordinates":[[[-117.17854233007708,32.722158556213515],[-117.17061349911663,32.73404689695278],[-117.17874729726606,32.74556704589532],[-117.1948106482606,32.74519762088045],[-117.2027369167273,32.7333088291565],[-117.19460239762623,32.721789913373705],[-117.17854233007708,32.722158556213515]]]},"properties":{"h3_index":"8729a411affffff","station_count":12,"program_id":"bight","program":"Southern California Bight","resolution":7,"stations":[{"station_id":"6172_B08","station_name":"B08-6172","lat":32.72427,"lon":-117.18276,"county":"SAN DIEGO","organization":"CSD","batch_year":"2008"},{"station_id":"6173_B08","station_name":"B08-6173","lat":32.72487,"lon":-117.18359,"county":"SAN DIEGO","organization":"CRGML","batch_year":"2008"},{"station_id":"6174_B08","station_name":"B08-6174","lat":32.72619,"lon":-117.17706,"county":"SAN DIEGO","organization":"CSD","batch_year":"2008"},{"station_id":"2439_B98","station_name":"B98_2439","lat":32.72603,"lon":-117.18946,"county":"SAN DIEGO","organization":"CSD","batch_year":"1998"},{"station_id":"4092_B03","station_name":"B03_4092","lat":32.72427,"lon":-117.18276,"county":"SAN DIEGO","organization":"CSD","batch_year":"2003"},{"station_id":"B13-8122","station_name":"B13-8122 OpenwaterStation","lat":32.72427,"lon":-117.18276,"county":"SAN DIEGO","organization":"SCCWRP","batch_year":"2013"},{"station_id":"2434_B98","station_name":"B98_2434","lat":32.72487,"lon":-117.18359,"county":"SAN DIEGO","organization":"CSD","batch_year":"1998"},{"station_id":"B18-10077","station_name":"B18-10077","lat":32.72496,"lon":-117.18335,"county":"SAN DIEGO","organization":"SCCWRP","batch_year":"2018"},{"station_id":"B18-10076","station_name":"B18-10076","lat":32.726537,"lon":-117.176544,"county":"SAN DIEGO","organization":"SCCWRP","batch_year":"2018"},{"station_id":"BRI-15_B03","station_name":"B03_BRI-15","lat":32.7265,"lon":-117.1945,"county":"SAN DIEGO","organization":"CRGML","batch_year":"2003"},{"station_id":"B18-10022","station_name":"B18-10022","lat":32.72408,"lon":-117.18307,"county":"SAN DIEGO","organization":"SCCWRP","batch_year":"2018"},{"station_id":"2228_B98","station_name":"B98_2228","lat":32.72413,"lon":-117.1782,"county":"SAN DIEGO","organization":"SCCWRP","batch_year":"1998"}]}},{"type":"Feature","geometry":{"type":"Polygon","coordinates":[[[-117.22650420117208,32.69763772407216],[-117.2185836927882,32.70952887909311],[-117.22671892912489,32.72104656060876],[-117.24277538829908,32.720671851671376],[-117.25069332967738,32.708780248365805],[-117.24255737981842,32.69726380222321],[-117.22650420117208,32.69763772407216]]]},"properties":{"h3_index":"8729a411dffffff","station_count":55,"program_id":"bight","program":"Southern California Bight","resolution":7,"stations":[{"station_id":"2435_B98","station_name":"B98_2435","lat":32.71159,"lon":-117.22289,"county":"SAN DIEGO","organization":"CSD","batch_year":"1998"},{"station_id":"6138_B08","station_name":"B08-6138","lat":32.70122,"lon":-117.22646,"county":"SAN DIEGO","organization":"CRGML","batch_year":"2008"},{"station_id":"6145_B08","station_name":"B08-6145","lat":32.71138,"lon":-117.23213,"county":"SAN DIEGO","organization":"CRGML","batch_year":"2008"},{"station_id":"6148_B08","station_name":"B08-6148","lat":32.7125,"lon":-117.23079,"county":"SAN DIEGO","organization":"CRGML","batch_year":"2008"},{"station_id":"6157_B08","station_name":"B08-6157","lat":32.71683,"lon":-117.22429,"county":"SAN DIEGO","organization":"CRGML","batch_year":"2008"},{"station_id":"6159_B08","station_name":"B08-6159","lat":32.7181,"lon":-117.23046,"county":"SAN DIEGO","organization":"CRGML","batch_year":"2008"},{"station_id":"2222_B98","station_name":"B98_2222","lat":32.71867,"lon":-117.22571,"county":"SAN DIEGO","organization":"EPARD","batch_year":"1998"},{"station_id":"2225_B98","station_name":"B98_2225","lat":32.71338,"lon":-117.23004,"county":"SAN DIEGO","organization":"CSD","batch_year":"1998"},{"station_id":"B03_KEL225RSH","station_name":"KEL225RSH_B03","lat":32.70993,"lon":-117.23655,"county":"SAN DIEGO","organization":"MEC","batch_year":"2003"},{"station_id":"6151_B08","station_name":"B08-6151","lat":32.7145,"lon":-117.23005,"county":"SAN DIEGO","organization":"CRGML","batch_year":"2008"},{"station_id":"6153_B08","station_name":"B08-6153","lat":32.71576,"lon":-117.23093,"county":"SAN DIEGO","organization":"CRGML","batch_year":"2008"},{"station_id":"6161_B08","station_name":"B08-6161","lat":32.71867,"lon":-117.22571,"county":"SAN DIEGO","organization":"CRGML","batch_year":"2008"},{"station_id":"2224_B98","station_name":"B98_2224","lat":32.71292,"lon":-117.23367,"county":"SAN DIEGO","organization":"CSD","batch_year":"1998"},{"station_id":"2226_B98","station_name":"B98_2226","lat":32.71138,"lon":-117.23213,"county":"SAN DIEGO","organization":"SCCWRP","batch_year":"1998"},{"station_id":"B18-10082","station_name":"B18-10082","lat":32.71643,"lon":-117.22662,"county":"SAN DIEGO","organization":"SCCWRP","batch_year":"2018"},{"station_id":"4140_B03","station_name":"B03_4140","lat":32.71683,"lon":-117.22429,"county":"SAN DIEGO","organization":"CSD","batch_year":"2003"},{"station_id":"B18-10080","station_name":"B18-10080","lat":32.718816,"lon":-117.226292,"county":"SAN DIEGO","organization":"SCCWRP","batch_year":"2018"},{"station_id":"B18-10081","station_name":"B18-10081","lat":32.71823,"lon":-117.230398,"county":"SAN DIEGO","organization":"SCCWRP","batch_year":"2018"},{"station_id":"4076_B03","station_name":"B03_4076","lat":32.7181,"lon":-117.23046,"county":"SAN DIEGO","organization":"CSD","batch_year":"2003"},{"station_id":"B03_KEL250LSH","station_name":"KEL250LSH_B03","lat":32.71054,"lon":-117.23655,"county":"SAN DIEGO","organization":"MEC","batch_year":"2003"},{"station_id":"B03_KEL225RO","station_name":"KEL225RO_B03","lat":32.70906,"lon":-117.2363,"county":"SAN DIEGO","organization":"MEC","batch_year":"2003"},{"station_id":"B03_KEL125L","station_name":"KEL125L_B03","lat":32.71215,"lon":-117.2364,"county":"SAN DIEGO","organization":"MEC","batch_year":"2003"},{"station_id":"B18-10084","station_name":"B18-10084","lat":32.71208,"lon":-117.23282,"county":"SAN DIEGO","organization":"SCCWRP","batch_year":"2018"},{"station_id":"B03_KEL20O","station_name":"KEL20O_B03","lat":32.71014,"lon":-117.23658,"county":"SAN DIEGO","organization":"MEC","batch_year":"2003"},{"station_id":"B18-10083","station_name":"B18-10083","lat":32.712555,"lon":-117.231311,"county":"SAN DIEGO","organization":"SCCWRP","batch_year":"2018"},{"station_id":"B03_KEL150LSH","station_name":"KEL150LSH_B03","lat":32.70956,"lon":-117.23663,"county":"SAN DIEGO","organization":"MEC","batch_year":"2003"},{"station_id":"2223_B98","station_name":"B98_2223","lat":32.71576,"lon":-117.23093,"county":"SAN DIEGO","organization":"CSD","batch_year":"1998"},{"station_id":"B03_KEL2100L","station_name":"KEL2100L_B03","lat":32.71357,"lon":-117.235,"county":"SAN DIEGO","organization":"MEC","batch_year":"2003"},{"station_id":"B03_KEL145RSH","station_name":"KEL145RSH_B03","lat":32.70885,"lon":-117.23681,"county":"SAN DIEGO","organization":"MEC","batch_year":"2003"},{"station_id":"B03_KEL125LSH","station_name":"KEL125LSH_B03","lat":32.7094,"lon":-117.23674,"county":"SAN DIEGO","organization":"MEC","batch_year":"2003"},{"station_id":"B03_KEL250RO","station_name":"KEL250RO_B03","lat":32.70971,"lon":-117.23659,"county":"SAN DIEGO","organization":"MEC","batch_year":"2003"},{"station_id":"B03_KEL250LO","station_name":"KEL250LO_B03","lat":32.71056,"lon":-117.23608,"county":"SAN DIEGO","organization":"MEC","batch_year":"2003"},{"station_id":"B03_KEL1100LO","station_name":"KEL1100LO_B03","lat":32.71306,"lon":-117.235,"county":"SAN DIEGO","organization":"MEC","batch_year":"2003"},{"station_id":"B03_KEL280LSH","station_name":"KEL280LSH_B03","lat":32.7108,"lon":-117.23676,"county":"SAN DIEGO","organization":"MEC","batch_year":"2003"},{"station_id":"B03_KEL125R","station_name":"KEL125R_B03","lat":32.71017,"lon":-117.2368,"county":"SAN DIEGO","organization":"MEC","batch_year":"2003"},{"station_id":"B03_KEL150LO","station_name":"KEL150LO_B03","lat":32.70956,"lon":-117.23607,"county":"SAN DIEGO","organization":"MEC","batch_year":"2003"},{"station_id":"B03_KEL1MZO","station_name":"KEL1MZO_B03","lat":32.71104,"lon":-117.2363,"county":"SAN DIEGO","organization":"MEC","batch_year":"2003"},{"station_id":"B03_KEL10O","station_name":"KEL10O_B03","lat":32.70914,"lon":-117.23623,"county":"SAN DIEGO","organization":"MEC","batch_year":"2003"},{"station_id":"B03_KEL125RO","station_name":"KEL125RO_B03","lat":32.71012,"lon":-117.2362,"county":"SAN DIEGO","organization":"MEC","batch_year":"2003"},{"station_id":"B03_KEL125RSH","station_name":"KEL125RSH_B03","lat":32.70901,"lon":-117.23686,"county":"SAN DIEGO","organization":"MEC","batch_year":"2003"},{"station_id":"B03_KEL1100L","station_name":"KEL1100L_B03","lat":32.71316,"lon":-117.2355,"county":"SAN DIEGO","organization":"MEC","batch_year":"2003"},{"station_id":"B03_KEL225LO","station_name":"KEL225LO_B03","lat":32.71278,"lon":-117.2354,"county":"SAN DIEGO","organization":"MEC","batch_year":"2003"},{"station_id":"B03_KEL2100RO","station_name":"KEL2100RO_B03","lat":32.70789,"lon":-117.2364,"county":"SAN DIEGO","organization":"MEC","batch_year":"2003"},{"station_id":"B03_KEL2O","station_name":"KEL2O_B03","lat":32.71097,"lon":-117.2358,"county":"SAN DIEGO","organization":"MEC","batch_year":"2003"},{"station_id":"B03_KEL10SH","station_name":"KEL10SH_B03","lat":32.70919,"lon":-117.23678,"county":"SAN DIEGO","organization":"MEC","batch_year":"2003"},{"station_id":"B03_KEL145RO","station_name":"KEL145RO_B03","lat":32.70883,"lon":-117.23632,"county":"SAN DIEGO","organization":"MEC","batch_year":"2003"},{"station_id":"B03_KEL2100R","station_name":"KEL2100R_B03","lat":32.7079,"lon":-117.2369,"county":"SAN DIEGO","organization":"MEC","batch_year":"2003"},{"station_id":"B03_KEL2100LO","station_name":"KEL2100LO_B03","lat":32.7134,"lon":-117.2347,"county":"SAN DIEGO","organization":"MEC","batch_year":"2003"},{"station_id":"B03_KEL280LO","station_name":"KEL280LO_B03","lat":32.71081,"lon":-117.23613,"county":"SAN DIEGO","organization":"MEC","batch_year":"2003"},{"station_id":"B03_KEL225R","station_name":"KEL225R_B03","lat":32.70906,"lon":-117.2369,"county":"SAN DIEGO","organization":"MEC","batch_year":"2003"},{"station_id":"B03_KEL1MZ","station_name":"KEL1MZ_B03","lat":32.71115,"lon":-117.2368,"county":"SAN DIEGO","organization":"MEC","batch_year":"2003"},{"station_id":"B03_KEL1100RO","station_name":"KEL1100RO_B03","lat":32.70835,"lon":-117.2364,"county":"SAN DIEGO","organization":"MEC","batch_year":"2003"},{"station_id":"B03_KEL125LO","station_name":"KEL125LO_B03","lat":32.71207,"lon":-117.2357,"county":"SAN DIEGO","organization":"MEC","batch_year":"2003"},{"station_id":"B03_KEL225L","station_name":"KEL225L_B03","lat":32.71292,"lon":-117.2358,"county":"SAN DIEGO","organization":"MEC","batch_year":"2003"},{"station_id":"B03_KEL1100R","station_name":"KEL1100R_B03","lat":32.70838,"lon":-117.2368,"county":"SAN DIEGO","organization":"MEC","batch_year":"2003"}]}},{"type":"Feature","geometry":{"type":"Polygon","coordinates":[[[-117.17833744686254,32.69874736772019],[-117.1704102155046,32.71063666637634],[-117.17854233007708,32.722158556213515],[-117.19460239762623,32.721789913373705],[-117.20252706756672,32.70990016318884],[-117.19439423230793,32.69837950731405],[-117.17833744686254,32.69874736772019]]]},"properties":{"h3_index":"8729a411effffff","station_count":12,"program_id":"bight","program":"Southern California Bight","resolution":7,"stations":[{"station_id":"2436_B98","station_name":"B98_2436","lat":32.71504,"lon":-117.18308,"county":"SAN DIEGO","organization":"SCCWRP","batch_year":"1998"},{"station_id":"4348_B03","station_name":"B03_4348","lat":32.70647,"lon":-117.1797,"county":"SAN DIEGO","organization":"CSD","batch_year":"2003"},{"station_id":"2229_B98","station_name":"B98_2229","lat":32.70894,"lon":-117.176,"county":"SAN DIEGO","organization":"CSD","batch_year":"1998"},{"station_id":"6156_B08","station_name":"B08-6156","lat":32.7165,"lon":-117.19687,"county":"SAN DIEGO","organization":"CSD","batch_year":"2008"},{"station_id":"6152_B08","station_name":"B08-6152","lat":32.71504,"lon":-117.18308,"county":"SAN DIEGO","organization":"CRGML","batch_year":"2008"},{"station_id":"6155_B08","station_name":"B08-6155","lat":32.71608,"lon":-117.17615,"county":"SAN DIEGO","organization":"CRGML","batch_year":"2008"},{"station_id":"B13-8118","station_name":"B13-8118 OpenwaterStation","lat":32.71979,"lon":-117.17863,"county":"SAN DIEGO","organization":"SCCWRP","batch_year":"2013"},{"station_id":"B18-10112","station_name":"B18-10112","lat":32.71627,"lon":-117.17632,"county":"SAN DIEGO","organization":"SCCWRP","batch_year":"2018"},{"station_id":"B13-8109","station_name":"B13-8109 OpenwaterStation","lat":32.71504,"lon":-117.18308,"county":"SAN DIEGO","organization":"SCCWRP","batch_year":"2013"},{"station_id":"B18-10024","station_name":"B18-10024","lat":32.7148,"lon":-117.18302,"county":"SAN DIEGO","organization":"SCCWRP","batch_year":"2018"},{"station_id":"2263_B98","station_name":"B98_2263","lat":32.71608,"lon":-117.17615,"county":"SAN DIEGO","organization":"CSD","batch_year":"1998"},{"station_id":"2230_B98","station_name":"B98_2230","lat":32.70192,"lon":-117.1787,"county":"SAN DIEGO","organization":"CSD","batch_year":"1998"}]}},{"type":"Feature","geometry":{"type":"Polygon","coordinates":[[[-117.27376276087631,32.60285719255852],[-117.2658553534279,32.614753966612945],[-117.27398696131527,32.62627437866233],[-117.29002668291433,32.62589677659623],[-117.29793152210911,32.613999555313505],[-117.28979920888646,32.60248038326537],[-117.27376276087631,32.60285719255852]]]},"properties":{"h3_index":"8729a4121ffffff","station_count":1,"program_id":"bight","program":"Southern California Bight","resolution":7,"stations":[{"station_id":"7019_B08","station_name":"B08-7019","lat":32.60679,"lon":-117.27749,"county":"FEDERAL WATERS","organization":"CSD","batch_year":"2008"}]}},{"type":"Feature","geometry":{"type":"Polygon","coordinates":[[[-117.22564616826332,32.60397554467019],[-117.21773204066868,32.61587048241814],[-117.22586054476307,32.627395099786476],[-117.24190388986113,32.62702354075252],[-117.24981545476203,32.61512815252867],[-117.24168623818768,32.6036047737555],[-117.22564616826332,32.60397554467019]]]},"properties":{"h3_index":"8729a4122ffffff","station_count":2,"program_id":"bight","program":"Southern California Bight","resolution":7,"stations":[{"station_id":"B98_104004","station_name":"104004_B98","lat":32.6204,"lon":-117.233,"county":"SAN DIEGO","organization":"CSD","batch_year":"1998"},{"station_id":"B98_105003","station_name":"105003_B98","lat":32.6201,"lon":-117.244,"county":"SAN DIEGO","organization":"CSD","batch_year":"1998"}]}},{"type":"Feature","geometry":{"type":"Polygon","coordinates":[[[-117.24937705608863,32.56828608797273],[-117.24146867557914,32.58018334578585],[-117.24959621057258,32.5917084488293],[-117.26563283552362,32.591335053488514],[-117.27353865217421,32.57943734599491],[-117.26541040866039,32.56791348346297],[-117.24937705608863,32.56828608797273]]]},"properties":{"h3_index":"8729a4124ffffff","station_count":3,"program_id":"bight","program":"Southern California Bight","resolution":7,"stations":[{"station_id":"7009_B08","station_name":"B08-7009","lat":32.58938,"lon":-117.26361,"county":"FEDERAL WATERS","organization":"CSD","batch_year":"2008"},{"station_id":"B18-10277","station_name":"B18-10277","lat":32.58963,"lon":-117.26429,"county":"OOS","organization":"SCCWRP","batch_year":"2018"},{"station_id":"2419_B98","station_name":"B98_2419","lat":32.58938,"lon":-117.26361,"county":"FEDERAL WATERS","organization":"CSD","batch_year":"1998"}]}},{"type":"Feature","geometry":{"type":"Polygon","coordinates":[[[-117.225431879492,32.58055332832528],[-117.2175193454896,32.592449202224145],[-117.22564616826332,32.60397554467019],[-117.24168623818768,32.6036047737555],[-117.24959621057258,32.5917084488293],[-117.24146867557914,32.58018334578585],[-117.225431879492,32.58055332832528]]]},"properties":{"h3_index":"8729a4126ffffff","station_count":3,"program_id":"bight","program":"Southern California Bight","resolution":7,"stations":[{"station_id":"4172_B03","station_name":"B03_4172","lat":32.59487,"lon":-117.24518,"county":"FEDERAL WATERS","organization":"CSD","batch_year":"2003"},{"station_id":"4256_B03","station_name":"B03_4256","lat":32.58955,"lon":-117.2281,"county":"FEDERAL WATERS","organization":"CSD","batch_year":"2003"},{"station_id":"B18-10276","station_name":"B18-10276","lat":32.59759,"lon":-117.24479,"county":"OOS","organization":"SCCWRP","batch_year":"2018"}]}},{"type":"Feature","geometry":{"type":"Polygon","coordinates":[[[-117.29816067962386,32.63741421887572],[-117.29025425007167,32.649310502355114],[-117.29838993096486,32.660826211312425],[-117.31443274448289,32.660444397241264],[-117.3223366013839,32.64854766898376],[-117.31420021834637,32.63703319951552],[-117.29816067962386,32.63741421887572]]]},"properties":{"h3_index":"8729a4128ffffff","station_count":3,"program_id":"bight","program":"Southern California Bight","resolution":7,"stations":[{"station_id":"B98_106004","station_name":"106004_B98","lat":32.6487,"lon":-117.312,"county":"FEDERAL WATERS","organization":"CSD","batch_year":"1998"},{"station_id":"4120_B03","station_name":"B03_4120","lat":32.65786,"lon":-117.30952,"county":"FEDERAL WATERS","organization":"CSD","batch_year":"2003"},{"station_id":"SCBPP_1871","station_name":"1871_SCBPP","lat":32.642,"lon":-117.31167,"county":"FEDERAL WATERS","organization":"CSD","batch_year":"1994"}]}},{"type":"Feature","geometry":{"type":"Polygon","coordinates":[[[-117.3223366013839,32.64854766898376],[-117.31443274448289,32.660444397241264],[-117.32257081265533,32.671957130643854],[-117.33861343735246,32.671571895946585],[-117.34651471828691,32.65967472481181],[-117.33837595141878,32.648163231191305],[-117.3223366013839,32.64854766898376]]]},"properties":{"h3_index":"8729a4129ffffff","station_count":6,"program_id":"bight","program":"Southern California Bight","resolution":7,"stations":[{"station_id":"B98_107004","station_name":"107004_B98","lat":32.6656,"lon":-117.324,"county":"FEDERAL WATERS","organization":"CSD","batch_year":"1998"},{"station_id":"2219_B98","station_name":"B98_2219","lat":32.65496,"lon":-117.3315,"county":"FEDERAL WATERS","organization":"CSD","batch_year":"1998"},{"station_id":"4260_B03","station_name":"B03_4260","lat":32.65885,"lon":-117.33599,"county":"FEDERAL WATERS","organization":"USC","batch_year":"2003"},{"station_id":"SCBPP_1850","station_name":"1850_SCBPP","lat":32.66133,"lon":-117.32933,"county":"FEDERAL WATERS","organization":"CSD","batch_year":"1994"},{"station_id":"B18-10319","station_name":"B18-10319","lat":32.65916,"lon":-117.33711,"county":"OOS","organization":"SCCWRP","batch_year":"2018"},{"station_id":"4004_B03","station_name":"B03_4004","lat":32.66321,"lon":-117.34123,"county":"FEDERAL WATERS","organization":"CSD","batch_year":"2003"}]}},{"type":"Feature","geometry":{"type":"Polygon","coordinates":[[[-117.27421125354745,32.649688896936624],[-117.26630066258336,32.661583792672985],[-117.27443563762922,32.67310074001696],[-117.29048191041566,32.672721553178214],[-117.29838993096486,32.660826211312425],[-117.29025425007167,32.649310502355114],[-117.27421125354745,32.649688896936624]]]},"properties":{"h3_index":"8729a412affffff","station_count":6,"program_id":"bight","program":"Southern California Bight","resolution":7,"stations":[{"station_id":"B98_106002","station_name":"106002_B98","lat":32.6562,"lon":-117.27,"county":"SAN DIEGO","organization":"CSD","batch_year":"1998"},{"station_id":"B98_106003","station_name":"106003_B98","lat":32.6523,"lon":-117.291,"county":"SAN DIEGO","organization":"CSD","batch_year":"1998"},{"station_id":"2218_B98","station_name":"B98_2218","lat":32.66639,"lon":-117.27978,"county":"SAN DIEGO","organization":"CSD","batch_year":"1998"},{"station_id":"B18-10274","station_name":"B18-10274","lat":32.66374,"lon":-117.296,"county":"SAN DIEGO","organization":"SCCWRP","batch_year":"2018"},{"station_id":"B18-10273","station_name":"B18-10273","lat":32.66447,"lon":-117.27128,"county":"SAN DIEGO","organization":"SCCWRP","batch_year":"2018"},{"station_id":"2220_B98","station_name":"B98_2220","lat":32.65967,"lon":-117.27998,"county":"SAN DIEGO","organization":"CSD","batch_year":"1998"}]}},{"type":"Feature","geometry":{"type":"Polygon","coordinates":[[[-117.29838993096486,32.660826211312425],[-117.29048191041566,32.672721553178214],[-117.2986192761898,32.68423552526281],[-117.31466536584028,32.68385291673965],[-117.32257081265533,32.671957130643854],[-117.31443274448289,32.660444397241264],[-117.29838993096486,32.660826211312425]]]},"properties":{"h3_index":"8729a412bffffff","station_count":3,"program_id":"bight","program":"Southern California Bight","resolution":7,"stations":[{"station_id":"B98_107003","station_name":"107003_B98","lat":32.6696,"lon":-117.303,"county":"SAN DIEGO","organization":"CSD","batch_year":"1998"},{"station_id":"2217_B98","station_name":"B98_2217","lat":32.66257,"lon":-117.31068,"county":"FEDERAL WATERS","organization":"SCCWRP","batch_year":"1998"},{"station_id":"2215_B98","station_name":"B98_2215","lat":32.68131,"lon":-117.31001,"county":"SAN DIEGO","organization":"CSD","batch_year":"1998"}]}},{"type":"Feature","geometry":{"type":"Polygon","coordinates":[[[-117.29793152210911,32.613999555313505],[-117.29002668291433,32.62589677659623],[-117.29816067962386,32.63741421887572],[-117.31420021834637,32.63703319951552],[-117.3221024859723,32.62513553290515],[-117.31396778737228,32.61361933092256],[-117.29793152210911,32.613999555313505]]]},"properties":{"h3_index":"8729a412cffffff","station_count":1,"program_id":"bight","program":"Southern California Bight","resolution":7,"stations":[{"station_id":"B18-10275","station_name":"B18-10275","lat":32.63241,"lon":-117.30571,"county":"OOS","organization":"SCCWRP","batch_year":"2018"}]}},{"type":"Feature","geometry":{"type":"Polygon","coordinates":[[[-117.3221024859723,32.62513553290515],[-117.31420021834637,32.63703319951552],[-117.3223366013839,32.64854766898376],[-117.33837595141878,32.648163231191305],[-117.34627564416246,32.63626512115474],[-117.33813856268092,32.62475189227652],[-117.3221024859723,32.62513553290515]]]},"properties":{"h3_index":"8729a412dffffff","station_count":1,"program_id":"bight","program":"Southern California Bight","resolution":7,"stations":[{"station_id":"7032_B08","station_name":"B08-7032","lat":32.64377,"lon":-117.34108,"county":"FEDERAL WATERS","organization":"CSD","batch_year":"2008"}]}},{"type":"Feature","geometry":{"type":"Polygon","coordinates":[[[-117.27398696131527,32.62627437866233],[-117.26607796242918,32.63817021546358],[-117.27421125354745,32.649688896936624],[-117.29025425007167,32.649310502355114],[-117.29816067962386,32.63741421887572],[-117.29002668291433,32.62589677659623],[-117.27398696131527,32.62627437866233]]]},"properties":{"h3_index":"8729a412effffff","station_count":1,"program_id":"bight","program":"Southern California Bight","resolution":7,"stations":[{"station_id":"SCBPP_1892","station_name":"1892_SCBPP","lat":32.6275,"lon":-117.2745,"county":"SAN DIEGO","organization":"CSD","batch_year":"1994"}]}},{"type":"Feature","geometry":{"type":"Polygon","coordinates":[[[-117.17751875271799,32.605075772766256],[-117.16959791332452,32.616968865006385],[-117.1777233005501,32.628497682925186],[-117.19377024772571,32.62813217136475],[-117.20168853000007,32.616238625405344],[-117.1935624231481,32.60471104466702],[-117.17751875271799,32.605075772766256]]]},"properties":{"h3_index":"8729a4130ffffff","station_count":2,"program_id":"bight","program":"Southern California Bight","resolution":7,"stations":[{"station_id":"B98_102302","station_name":"102302_B98","lat":32.6217,"lon":-117.185,"county":"SAN DIEGO","organization":"CSD","batch_year":"1998"},{"station_id":"7021_B08","station_name":"B08-7021","lat":32.61335,"lon":-117.1779,"county":"SAN DIEGO","organization":"CSD","batch_year":"2008"}]}},{"type":"Feature","geometry":{"type":"Polygon","coordinates":[[[-117.20168853000007,32.616238625405344],[-117.19377024772571,32.62813217136475],[-117.20189803563589,32.639658026218854],[-117.21794482293456,32.63928909756889],[-117.22586054476307,32.627395099786476],[-117.21773204066868,32.61587048241814],[-117.20168853000007,32.616238625405344]]]},"properties":{"h3_index":"8729a4131ffffff","station_count":2,"program_id":"bight","program":"Southern California Bight","resolution":7,"stations":[{"station_id":"B98_103003","station_name":"103003_B98","lat":32.6208,"lon":-117.219,"county":"SAN DIEGO","organization":"CSD","batch_year":"1998"},{"station_id":"2417_B98","station_name":"B98_2417","lat":32.62495,"lon":-117.21479,"county":"SAN DIEGO","organization":"CSD","batch_year":"1998"}]}},{"type":"Feature","geometry":{"type":"Polygon","coordinates":[[[-117.15355081208314,32.617330960639954],[-117.14562582080248,32.629222655136886],[-117.15375048469436,32.64075270912291],[-117.16980086413156,32.640389832486456],[-117.1777233005501,32.628497682925186],[-117.16959791332452,32.616968865006385],[-117.15355081208314,32.617330960639954]]]},"properties":{"h3_index":"8729a4132ffffff","station_count":2,"program_id":"bight","program":"Southern California Bight","resolution":7,"stations":[{"station_id":"B98_102301","station_name":"102301_B98","lat":32.6227,"lon":-117.15,"county":"SAN DIEGO","organization":"CSD","batch_year":"1998"},{"station_id":"B03W170_B03","station_name":"B03_B03W170","lat":32.639,"lon":-117.15348,"county":"SAN DIEGO","organization":"USC","batch_year":"2003"}]}},{"type":"Feature","geometry":{"type":"Polygon","coordinates":[[[-117.1777233005501,32.628497682925186],[-117.16980086413156,32.640389832486456],[-117.17792793215057,32.65191692371534],[-117.19397815741004,32.651550628949565],[-117.20189803563589,32.639658026218854],[-117.19377024772571,32.62813217136475],[-117.1777233005501,32.628497682925186]]]},"properties":{"h3_index":"8729a4133ffffff","station_count":3,"program_id":"bight","program":"Southern California Bight","resolution":7,"stations":[{"station_id":"SCBPP_1867","station_name":"1867_SCBPP","lat":32.647,"lon":-117.18733,"county":"SAN DIEGO","organization":"CSD","batch_year":"1994"},{"station_id":"B18-10238","station_name":"B18-10238","lat":32.63929,"lon":-117.18663,"county":"SAN DIEGO","organization":"SCCWRP","batch_year":"2018"},{"station_id":"B98_102402","station_name":"102402_B98","lat":32.6495,"lon":-117.194,"county":"SAN DIEGO","organization":"CSD","batch_year":"1998"}]}},{"type":"Feature","geometry":{"type":"Polygon","coordinates":[[[-117.17731428860284,32.581651200612356],[-117.16939504559105,32.59354523171612],[-117.17751875271799,32.605075772766256],[-117.1935624231481,32.60471104466702],[-117.20147911011367,32.5928165592927],[-117.19335468362493,32.58128725622949],[-117.17731428860284,32.581651200612356]]]},"properties":{"h3_index":"8729a4134ffffff","station_count":2,"program_id":"bight","program":"Southern California Bight","resolution":7,"stations":[{"station_id":"B03_B03W023","station_name":"B03W023_B03","lat":32.5955,"lon":-117.17217,"county":"SAN DIEGO","organization":"CSD","batch_year":"2003"},{"station_id":"B03_B03W024","station_name":"B03W024_B03","lat":32.59533,"lon":-117.19717,"county":"FEDERAL WATERS","organization":"CSD","batch_year":"2003"}]}},{"type":"Feature","geometry":{"type":"Polygon","coordinates":[[[-117.20147911011367,32.5928165592927],[-117.1935624231481,32.60471104466702],[-117.20168853000007,32.616238625405344],[-117.21773204066868,32.61587048241814],[-117.22564616826332,32.60397554467019],[-117.2175193454896,32.592449202224145],[-117.20147911011367,32.5928165592927]]]},"properties":{"h3_index":"8729a4135ffffff","station_count":2,"program_id":"bight","program":"Southern California Bight","resolution":7,"stations":[{"station_id":"SCBPP_1937","station_name":"1937_SCBPP","lat":32.595,"lon":-117.20767,"county":"FEDERAL WATERS","organization":"CSD","batch_year":"1994"},{"station_id":"B03_B03W172","station_name":"B03W172_B03","lat":32.59513,"lon":-117.20273,"county":"FEDERAL WATERS","organization":"USC","batch_year":"2003"}]}},{"type":"Feature","geometry":{"type":"Polygon","coordinates":[[[-117.41957037897302,32.73981336860968],[-117.41167367405147,32.75170996446769],[-117.41982464626733,32.76320726070992],[-117.43587300970388,32.76280672171804],[-117.44376712322938,32.750909691682004],[-117.4356154656424,32.739413634754634],[-117.41957037897302,32.73981336860968]]]},"properties":{"h3_index":"8729a4141ffffff","station_count":3,"program_id":"bight","program":"Southern California Bight","resolution":7,"stations":[{"station_id":"7079_B08","station_name":"B08-7079","lat":32.74507,"lon":-117.42713,"county":"FEDERAL WATERS","organization":"CSD","batch_year":"2008"},{"station_id":"7080_B08","station_name":"B08-7080","lat":32.74149,"lon":-117.42695,"county":"FEDERAL WATERS","organization":"CSD","batch_year":"2008"},{"station_id":"4356_B03","station_name":"B03_4356","lat":32.74149,"lon":-117.42695,"county":"FEDERAL WATERS","organization":"CSD","batch_year":"2003"}]}},{"type":"Feature","geometry":{"type":"Polygon","coordinates":[[[-117.37142772277896,32.74100046573221],[-117.36352425598447,32.75289523666629],[-117.37167215650842,32.76439676397336],[-117.38772421729256,32.764002282344975],[-117.39562509822616,32.75210707397171],[-117.38747650516571,32.740606784605376],[-117.37142772277896,32.74100046573221]]]},"properties":{"h3_index":"8729a4142ffffff","station_count":2,"program_id":"bight","program":"Southern California Bight","resolution":7,"stations":[{"station_id":"4810_B03","station_name":"B03_4810","lat":32.75142,"lon":-117.38699,"county":"FEDERAL WATERS","organization":"CSD","batch_year":"2003"},{"station_id":"7081_B08","station_name":"B08-7081","lat":32.74998,"lon":-117.37212,"county":"FEDERAL WATERS","organization":"CSD","batch_year":"2008"}]}},{"type":"Feature","geometry":{"type":"Polygon","coordinates":[[[-117.46823022675719,32.785388353209335],[-117.46033712329314,32.79728486248994],[-117.46849453918531,32.808774400384735],[-117.48454573815567,32.80836618987048],[-117.49243624250731,32.79646925076005],[-117.48427814792902,32.784980951932],[-117.46823022675719,32.785388353209335]]]},"properties":{"h3_index":"8729a4149ffffff","station_count":1,"program_id":"bight","program":"Southern California Bight","resolution":7,"stations":[{"station_id":"7094_B08","station_name":"B08-7094","lat":32.80282,"lon":-117.48778,"county":"FEDERAL WATERS","organization":"CSD","batch_year":"2008"}]}},{"type":"Feature","geometry":{"type":"Polygon","coordinates":[[[-117.32327402221742,32.742169395567764],[-117.31536380182297,32.754062332348504],[-117.32350861751735,32.76556808603499],[-117.33956435424037,32.765179666322645],[-117.34747199432411,32.75328628884567],[-117.33932647892584,32.74178177171719],[-117.32327402221742,32.742169395567764]]]},"properties":{"h3_index":"8729a4150ffffff","station_count":3,"program_id":"bight","program":"Southern California Bight","resolution":7,"stations":[{"station_id":"SCBPP_1797","station_name":"1797_SCBPP","lat":32.75767,"lon":-117.33783,"county":"FEDERAL WATERS","organization":"TEX-AM","batch_year":"1994"},{"station_id":"2411_B98","station_name":"B98_2411","lat":32.75267,"lon":-117.34298,"county":"FEDERAL WATERS","organization":"CSD","batch_year":"1998"},{"station_id":"B18-10272","station_name":"B18-10272","lat":32.75187,"lon":-117.32275,"county":"OOS","organization":"SCCWRP","batch_year":"2018"}]}},{"type":"Feature","geometry":{"type":"Polygon","coordinates":[[[-117.34747199432411,32.75328628884567],[-117.33956435424037,32.765179666322645],[-117.34771155851928,32.77668243047777],[-117.36376710005698,32.77629058024753],[-117.37167215650842,32.76439676397336],[-117.36352425598447,32.75289523666629],[-117.34747199432411,32.75328628884567]]]},"properties":{"h3_index":"8729a4151ffffff","station_count":2,"program_id":"bight","program":"Southern California Bight","resolution":7,"stations":[{"station_id":"SCBPP_1794","station_name":"1794_SCBPP","lat":32.764,"lon":-117.3665,"county":"FEDERAL WATERS","organization":"CSD","batch_year":"1994"},{"station_id":"2410_B98","station_name":"B98_2410","lat":32.77209,"lon":-117.35459,"county":"FEDERAL WATERS","organization":"CSD","batch_year":"1998"}]}},{"type":"Feature","geometry":{"type":"Polygon","coordinates":[[[-117.29930787574503,32.75444732266701],[-117.29139348480403,32.766338860021506],[-117.29953759708285,32.77784584916949],[-117.31559680464935,32.777460065441694],[-117.32350861751735,32.76556808603499],[-117.31536380182297,32.754062332348504],[-117.29930787574503,32.75444732266701]]]},"properties":{"h3_index":"8729a4152ffffff","station_count":1,"program_id":"bight","program":"Southern California Bight","resolution":7,"stations":[{"station_id":"B03W161_B03","station_name":"B03_B03W161","lat":32.76018,"lon":-117.3058,"county":"SAN DIEGO","organization":"USC","batch_year":"2003"}]}},{"type":"Feature","geometry":{"type":"Polygon","coordinates":[[[-117.32303952301312,32.718768001285085],[-117.31513089445176,32.73066189164021],[-117.32327402221742,32.742169395567764],[-117.33932647892584,32.74178177171719],[-117.34723252826355,32.729887440122766],[-117.33908870104622,32.718381173558086],[-117.32303952301312,32.718768001285085]]]},"properties":{"h3_index":"8729a4154ffffff","station_count":1,"program_id":"bight","program":"Southern California Bight","resolution":7,"stations":[{"station_id":"4164_B03","station_name":"B03_4164","lat":32.72937,"lon":-117.34445,"county":"FEDERAL WATERS","organization":"CSD","batch_year":"2003"}]}},{"type":"Feature","geometry":{"type":"Polygon","coordinates":[[[-117.29907824852214,32.73104608828774],[-117.29116545114042,32.74293858247399],[-117.29930787574503,32.75444732266701],[-117.31536380182297,32.754062332348504],[-117.32327402221742,32.742169395567764],[-117.31513089445176,32.73066189164021],[-117.29907824852214,32.73104608828774]]]},"properties":{"h3_index":"8729a4156ffffff","station_count":2,"program_id":"bight","program":"Southern California Bight","resolution":7,"stations":[{"station_id":"B98_108004","station_name":"108004_B98","lat":32.7488,"lon":-117.308,"county":"SAN DIEGO","organization":"CSD","batch_year":"1998"},{"station_id":"B03W157_B03","station_name":"B03_B03W157","lat":32.74343,"lon":-117.30307,"county":"SAN DIEGO","organization":"USC","batch_year":"2003"}]}},{"type":"Feature","geometry":{"type":"Polygon","coordinates":[[[-117.37191669041191,32.78779035185133],[-117.36401004366444,32.799683209668885],[-117.37216132455103,32.811181222037476],[-117.388219946148,32.810785140196664],[-117.39612400485174,32.79889184602204],[-117.38797203093252,32.78739506998471],[-117.37191669041191,32.78779035185133]]]},"properties":{"h3_index":"8729a4158ffffff","station_count":1,"program_id":"bight","program":"Southern California Bight","resolution":7,"stations":[{"station_id":"SCBPP_1774","station_name":"1774_SCBPP","lat":32.793,"lon":-117.3705,"county":"FEDERAL WATERS","organization":"CSD","batch_year":"1994"}]}},{"type":"Feature","geometry":{"type":"Polygon","coordinates":[[[-117.34795122090937,32.80007585768673],[-117.34004039741386,32.81196731553657],[-117.34819098155477,32.82346656314555],[-117.36425308686802,32.82307311760404],[-117.37216132455103,32.811181222037476],[-117.36401004366444,32.799683209668885],[-117.34795122090937,32.80007585768673]]]},"properties":{"h3_index":"8729a415affffff","station_count":2,"program_id":"bight","program":"Southern California Bight","resolution":7,"stations":[{"station_id":"SCBPP_1767","station_name":"1767_SCBPP","lat":32.805,"lon":-117.34683,"county":"FEDERAL WATERS","organization":"CSD","batch_year":"1994"},{"station_id":"7093_B08","station_name":"B08-7093","lat":32.8079,"lon":-117.3442,"county":"FEDERAL WATERS","organization":"CSD","batch_year":"2008"}]}},{"type":"Feature","geometry":{"type":"Polygon","coordinates":[[[-117.37216132455103,32.811181222037476],[-117.36425308686802,32.82307311760404],[-117.37240605898738,32.83456936720852],[-117.38846796300145,32.83417248565821],[-117.39637361154819,32.822280154273436],[-117.388219946148,32.810785140196664],[-117.37216132455103,32.811181222037476]]]},"properties":{"h3_index":"8729a415bffffff","station_count":2,"program_id":"bight","program":"Southern California Bight","resolution":7,"stations":[{"station_id":"4426_B03","station_name":"B03_4426","lat":32.82544,"lon":-117.36599,"county":"FEDERAL WATERS","organization":"CSD","batch_year":"2003"},{"station_id":"7096_B08","station_name":"B08-7096","lat":32.82587,"lon":-117.38585,"county":"FEDERAL WATERS","organization":"CSD","batch_year":"2008"}]}},{"type":"Feature","geometry":{"type":"Polygon","coordinates":[[[-117.395874500432,32.77550081681315],[-117.38797203093252,32.78739506998471],[-117.39612400485174,32.79889184602204],[-117.4121791385221,32.7984931314062],[-117.42007901775183,32.78659844323778],[-117.41192635451036,32.77510290462118],[-117.395874500432,32.77550081681315]]]},"properties":{"h3_index":"8729a415dffffff","station_count":1,"program_id":"bight","program":"Southern California Bight","resolution":7,"stations":[{"station_id":"5002_B03","station_name":"B03_5002","lat":32.78442,"lon":-117.39021,"county":"FEDERAL WATERS","organization":"CSD","batch_year":"2003"}]}},{"type":"Feature","geometry":{"type":"Polygon","coordinates":[[[-117.34771155851928,32.77668243047777],[-117.33980232704972,32.78857485003909],[-117.34795122090937,32.80007585768673],[-117.36401004366444,32.799683209668885],[-117.37191669041191,32.78779035185133],[-117.36376710005698,32.77629058024753],[-117.34771155851928,32.77668243047777]]]},"properties":{"h3_index":"8729a415effffff","station_count":1,"program_id":"bight","program":"Southern California Bight","resolution":7,"stations":[{"station_id":"SCBPP_1770","station_name":"1770_SCBPP","lat":32.79633,"lon":-117.35967,"county":"FEDERAL WATERS","organization":"CSD","batch_year":"1994"}]}},{"type":"Feature","geometry":{"type":"Polygon","coordinates":[[[-117.39487750426453,32.68190963698103],[-117.3869813852019,32.69380768816485],[-117.39512660020516,32.70531147671746],[-117.41116862353786,32.704915973378874],[-117.41906215669901,32.69301748502481],[-117.41091625335609,32.681514937118514],[-117.39487750426453,32.68190963698103]]]},"properties":{"h3_index":"8729a4162ffffff","station_count":3,"program_id":"bight","program":"Southern California Bight","resolution":7,"stations":[{"station_id":"7064_B08","station_name":"B08-7064","lat":32.69385,"lon":-117.39582,"county":"FEDERAL WATERS","organization":"CSD","batch_year":"2008"},{"station_id":"B18-10351","station_name":"B18-10351","lat":32.69289,"lon":-117.3949,"county":"OOS","organization":"SCCWRP","batch_year":"2018"},{"station_id":"4132_B03","station_name":"B03_4132","lat":32.69385,"lon":-117.39582,"county":"FEDERAL WATERS","organization":"CSD","batch_year":"2003"}]}},{"type":"Feature","geometry":{"type":"Polygon","coordinates":[[[-117.41855435041849,32.646210851201545],[-117.41066398647305,32.658111216839686],[-117.41880820159149,32.66961550821977],[-117.43484346597921,32.669218191353245],[-117.4427312428994,32.65731738935457],[-117.43458634338288,32.64581434052154],[-117.41855435041849,32.646210851201545]]]},"properties":{"h3_index":"8729a4164ffffff","station_count":1,"program_id":"bight","program":"Southern California Bight","resolution":7,"stations":[{"station_id":"5034_B03","station_name":"B03_5034","lat":32.65973,"lon":-117.41446,"county":"FEDERAL WATERS","organization":"CSD","batch_year":"2003"}]}},{"type":"Feature","geometry":{"type":"Polygon","coordinates":[[[-117.4427312428994,32.65731738935457],[-117.43484346597921,32.669218191353245],[-117.44299005396326,32.68071949752167],[-117.45902510073833,32.68031875880176],[-117.46691028733134,32.668417522348435],[-117.45876301840197,32.656917459007985],[-117.4427312428994,32.65731738935457]]]},"properties":{"h3_index":"8729a4165ffffff","station_count":2,"program_id":"bight","program":"Southern California Bight","resolution":7,"stations":[{"station_id":"7048_B08","station_name":"B08-7048","lat":32.67923,"lon":-117.44339,"county":"FEDERAL WATERS","organization":"CSD","batch_year":"2008"},{"station_id":"4522_B03","station_name":"B03_4522","lat":32.66186,"lon":-117.44736,"county":"FEDERAL WATERS","organization":"CSD","batch_year":"2003"}]}},{"type":"Feature","geometry":{"type":"Polygon","coordinates":[[[-117.46743793882449,32.715213944365196],[-117.45954958738781,32.72711330134734],[-117.46770192664324,32.73860811787244],[-117.48374329623036,32.73820233586532],[-117.49162905184785,32.72630254742684],[-117.48347603462378,32.71480897238998],[-117.46743793882449,32.715213944365196]]]},"properties":{"h3_index":"8729a4168ffffff","station_count":1,"program_id":"bight","program":"Southern California Bight","resolution":7,"stations":[{"station_id":"7070_B08","station_name":"B08-7070","lat":32.72998,"lon":-117.48206,"county":"FEDERAL WATERS","organization":"CSD","batch_year":"2008"}]}},{"type":"Feature","geometry":{"type":"Polygon","coordinates":[[[-117.34675389030515,32.68308165076028],[-117.3388510205417,32.694977879185906],[-117.34699316027731,32.70648589164665],[-117.36303886619974,32.70609643635594],[-117.37093915559606,32.69419976750142],[-117.36279632036538,32.68269299430601],[-117.34675389030515,32.68308165076028]]]},"properties":{"h3_index":"8729a4170ffffff","station_count":2,"program_id":"bight","program":"Southern California Bight","resolution":7,"stations":[{"station_id":"B18-10350","station_name":"B18-10350","lat":32.70479,"lon":-117.35374,"county":"OOS","organization":"SCCWRP","batch_year":"2018"},{"station_id":"B18-10318","station_name":"B18-10318","lat":32.70575,"lon":-117.34714,"county":"OOS","organization":"SCCWRP","batch_year":"2018"}]}},{"type":"Feature","geometry":{"type":"Polygon","coordinates":[[[-117.37093915559606,32.69419976750142],[-117.36303886619974,32.70609643635594],[-117.37118338916201,32.717601464461836],[-117.38722889448958,32.717208584099154],[-117.39512660020516,32.70531147671746],[-117.3869813852019,32.69380768816485],[-117.37093915559606,32.69419976750142]]]},"properties":{"h3_index":"8729a4171ffffff","station_count":1,"program_id":"bight","program":"Southern California Bight","resolution":7,"stations":[{"station_id":"7069_B08","station_name":"B08-7069","lat":32.71136,"lon":-117.38791,"county":"FEDERAL WATERS","organization":"NOAACOAST","batch_year":"2008"}]}},{"type":"Feature","geometry":{"type":"Polygon","coordinates":[[[-117.32280511984541,32.695363910528236],[-117.31489808247706,32.707258750655825],[-117.32303952301312,32.718768001285085],[-117.33908870104622,32.718381173558086],[-117.34699316027731,32.70648589164665],[-117.3388510205417,32.694977879185906],[-117.32280511984541,32.695363910528236]]]},"properties":{"h3_index":"8729a4172ffffff","station_count":1,"program_id":"bight","program":"Southern California Bight","resolution":7,"stations":[{"station_id":"SCBPP_1828","station_name":"1828_SCBPP","lat":32.704,"lon":-117.31933,"county":"FEDERAL WATERS","organization":"CSD","batch_year":"1994"}]}},{"type":"Feature","geometry":{"type":"Polygon","coordinates":[[[-117.37069502201969,32.67079538219553],[-117.36279632036538,32.68269299430601],[-117.37093915559606,32.69419976750142],[-117.3869813852019,32.69380768816485],[-117.39487750426453,32.68190963698103],[-117.38673397724047,32.670404104146336],[-117.37069502201969,32.67079538219553]]]},"properties":{"h3_index":"8729a4175ffffff","station_count":1,"program_id":"bight","program":"Southern California Bight","resolution":7,"stations":[{"station_id":"7056_B08","station_name":"B08-7056","lat":32.68395,"lon":-117.37729,"county":"FEDERAL WATERS","organization":"CSD","batch_year":"2008"}]}},{"type":"Feature","geometry":{"type":"Polygon","coordinates":[[[-117.32257081265533,32.671957130643854],[-117.31466536584028,32.68385291673965],[-117.32280511984541,32.695363910528236],[-117.3388510205417,32.694977879185906],[-117.34675389030515,32.68308165076028],[-117.33861343735246,32.671571895946585],[-117.32257081265533,32.671957130643854]]]},"properties":{"h3_index":"8729a4176ffffff","station_count":5,"program_id":"bight","program":"Southern California Bight","resolution":7,"stations":[{"station_id":"4184_B03","station_name":"B03_4184","lat":32.68794,"lon":-117.32394,"county":"FEDERAL WATERS","organization":"CSD","batch_year":"2003"},{"station_id":"4376_B03","station_name":"B03_4376","lat":32.68005,"lon":-117.32393,"county":"FEDERAL WATERS","organization":"CSD","batch_year":"2003"},{"station_id":"SCBPP_1833","station_name":"1833_SCBPP","lat":32.69433,"lon":-117.32333,"county":"FEDERAL WATERS","organization":"CSD","batch_year":"1994"},{"station_id":"2216_B98","station_name":"B98_2216","lat":32.67613,"lon":-117.32215,"county":"FEDERAL WATERS","organization":"CSD","batch_year":"1998"},{"station_id":"4312_B03","station_name":"B03_4312","lat":32.69094,"lon":-117.33595,"county":"FEDERAL WATERS","organization":"CSD","batch_year":"2003"}]}},{"type":"Feature","geometry":{"type":"Polygon","coordinates":[[[-117.08160153872888,32.65407228964334],[-117.0736640950861,32.66595976326312],[-117.08178656670636,32.677493518756386],[-117.09784721737442,32.67713856785392],[-117.1057821129574,32.6652506351384],[-117.09765890686558,32.653718112363684],[-117.08160153872888,32.65407228964334]]]},"properties":{"h3_index":"8729a41a4ffffff","station_count":3,"program_id":"bight","program":"Southern California Bight","resolution":7,"stations":[{"station_id":"6065_B08","station_name":"B08-6065","lat":32.65501,"lon":-117.09134,"county":"SAN DIEGO","organization":"CRGML","batch_year":"2008"},{"station_id":"6069_B08","station_name":"B08-6069","lat":32.65658,"lon":-117.08717,"county":"SAN DIEGO","organization":"CRGML","batch_year":"2008"},{"station_id":"B18-10199","station_name":"B18-10199","lat":32.65833,"lon":-117.08308,"county":"SAN DIEGO","organization":"SCCWRP","batch_year":"2018"}]}},{"type":"Feature","geometry":{"type":"Polygon","coordinates":[[[-117.1057821129574,32.6652506351384],[-117.09784721737442,32.67713856785392],[-117.1059721034518,32.688669361526976],[-117.12203261707327,32.688310989393614],[-117.12996496125429,32.67642259947291],[-117.12183934414901,32.664893038833064],[-117.1057821129574,32.6652506351384]]]},"properties":{"h3_index":"8729a41a5ffffff","station_count":14,"program_id":"bight","program":"Southern California Bight","resolution":7,"stations":[{"station_id":"BRI-19_B03","station_name":"B03_BRI-19","lat":32.67853,"lon":-117.12438,"county":"SAN DIEGO","organization":"CRGML","batch_year":"2003"},{"station_id":"BRI-20_B03","station_name":"B03_BRI-20","lat":32.67317,"lon":-117.11617,"county":"SAN DIEGO","organization":"CRGML","batch_year":"2003"},{"station_id":"6085_B08","station_name":"B08-6085","lat":32.67094,"lon":-117.12408,"county":"SAN DIEGO","organization":"CRGML","batch_year":"2008"},{"station_id":"6087_B08","station_name":"B08-6087","lat":32.67178,"lon":-117.12578,"county":"SAN DIEGO","organization":"CRGML","batch_year":"2008"},{"station_id":"6094_B08","station_name":"B08-6094","lat":32.67594,"lon":-117.12786,"county":"SAN DIEGO","organization":"CRGML","batch_year":"2008"},{"station_id":"2259_B98","station_name":"B98_2259","lat":32.67015,"lon":-117.12477,"county":"SAN DIEGO","organization":"CSD","batch_year":"1998"},{"station_id":"B13-8066","station_name":"B13-8066 OpenwaterStation","lat":32.67178,"lon":-117.12578,"county":"SAN DIEGO","organization":"SCCWRP","batch_year":"2013"},{"station_id":"B18-10136","station_name":"B18-10136","lat":32.67028,"lon":-117.1235,"county":"SAN DIEGO","organization":"SCCWRP","batch_year":"2018"},{"station_id":"B18-10137","station_name":"B18-10137","lat":32.66776,"lon":-117.12199,"county":"SAN DIEGO","organization":"SCCWRP","batch_year":"2018"},{"station_id":"B13-8069","station_name":"B13-8069 OpenwaterStation","lat":32.67594,"lon":-117.12786,"county":"SAN DIEGO","organization":"SCCWRP","batch_year":"2013"},{"station_id":"B13-8064","station_name":"B13-8064 OpenwaterStation","lat":32.67094,"lon":-117.12408,"county":"SAN DIEGO","organization":"SCCWRP","batch_year":"2013"},{"station_id":"B18-10132","station_name":"B18-10132","lat":32.674273,"lon":-117.124657,"county":"SAN DIEGO","organization":"SCCWRP","batch_year":"2018"},{"station_id":"B13-8065","station_name":"B13-8065 OpenwaterStation","lat":32.67134,"lon":-117.11893,"county":"SAN DIEGO","organization":"SCCWRP","batch_year":"2013"},{"station_id":"4340_B03","station_name":"B03_4340","lat":32.67891,"lon":-117.12767,"county":"SAN DIEGO","organization":"CSD","batch_year":"2003"}]}},{"type":"Feature","geometry":{"type":"Polygon","coordinates":[[[-117.1543499934411,32.71100188448396],[-117.14641860332566,32.72288977234626],[-117.15454999349541,32.734412895036044],[-117.17061349911663,32.73404689695278],[-117.17854233007708,32.722158556213515],[-117.1704102155046,32.71063666637634],[-117.1543499934411,32.71100188448396]]]},"properties":{"h3_index":"8729a41adffffff","station_count":5,"program_id":"bight","program":"Southern California Bight","resolution":7,"stations":[{"station_id":"4108_B03","station_name":"B03_4108","lat":32.71598,"lon":-117.17404,"county":"SAN DIEGO","organization":"CSD","batch_year":"2003"},{"station_id":"6154_B08","station_name":"B08-6154","lat":32.71598,"lon":-117.17404,"county":"SAN DIEGO","organization":"CRGML","batch_year":"2008"},{"station_id":"6168_B08","station_name":"B08-6168","lat":32.72352,"lon":-117.17571,"county":"SAN DIEGO","organization":"CSD","batch_year":"2008"},{"station_id":"2440_B98","station_name":"B98_2440","lat":32.71851,"lon":-117.17484,"county":"SAN DIEGO","organization":"CSD","batch_year":"1998"},{"station_id":"B18-10113","station_name":"B18-10113","lat":32.71614,"lon":-117.17398,"county":"SAN DIEGO","organization":"SCCWRP","batch_year":"2018"}]}},{"type":"Feature","geometry":{"type":"Polygon","coordinates":[[[-117.56877084772182,33.13334210396313],[-117.56086755968977,33.14522755988816],[-117.56905657160831,33.1566816802303],[-117.58514954031219,33.156249114850716],[-117.59305020156309,33.14436324357831],[-117.58486052182553,33.132910352970754],[-117.56877084772182,33.13334210396313]]]},"properties":{"h3_index":"8729a4200ffffff","station_count":1,"program_id":"bight","program":"Southern California Bight","resolution":7,"stations":[{"station_id":"4224_B03","station_name":"B03_4224","lat":33.15081,"lon":-117.58454,"county":"FEDERAL WATERS","organization":"CSD","batch_year":"2003"}]}},{"type":"Feature","geometry":{"type":"Polygon","coordinates":[[[-117.54449361797292,33.12231445094885],[-117.53658770648812,33.13419948962844],[-117.54477434121986,33.14565665886324],[-117.56086755968977,33.14522755988816],[-117.56877084772182,33.13334210396313],[-117.56058354167129,33.12188616419675],[-117.54449361797292,33.12231445094885]]]},"properties":{"h3_index":"8729a4206ffffff","station_count":1,"program_id":"bight","program":"Southern California Bight","resolution":7,"stations":[{"station_id":"4368_B03","station_name":"B03_4368","lat":33.12793,"lon":-117.54343,"county":"FEDERAL WATERS","organization":"CSD","batch_year":"2003"}]}},{"type":"Feature","geometry":{"type":"Polygon","coordinates":[[[-117.472472263346,33.15923421134212],[-117.46455371882081,33.17111495786395],[-117.47273831717635,33.18257580911287],[-117.48884214352576,33.1821546875076],[-117.49675807126837,33.17027351960615],[-117.4885727903813,33.15881389462864],[-117.472472263346,33.15923421134212]]]},"properties":{"h3_index":"8729a4212ffffff","station_count":1,"program_id":"bight","program":"Southern California Bight","resolution":7,"stations":[{"station_id":"B18-10347","station_name":"B18-10347","lat":33.18063,"lon":-117.47828,"county":"OOS","organization":"SCCWRP","batch_year":"2018"}]}},{"type":"Feature","geometry":{"type":"Polygon","coordinates":[[[-117.49675807126837,33.17027351960615],[-117.48884214352576,33.1821546875076],[-117.49702912957044,33.193612490676614],[-117.51313272332479,33.19318789933827],[-117.52104603094436,33.18130631195099],[-117.51285836586948,33.16984973532667],[-117.49675807126837,33.17027351960615]]]},"properties":{"h3_index":"8729a4213ffffff","station_count":1,"program_id":"bight","program":"Southern California Bight","resolution":7,"stations":[{"station_id":"B13-9122","station_name":"B13-9122 OpenwaterStation","lat":33.1878,"lon":-117.49531,"county":"SAN DIEGO","organization":"SCCWRP","batch_year":"2013"}]}},{"type":"Feature","geometry":{"type":"Polygon","coordinates":[[[-117.61644521724737,33.085358019040854],[-117.60855194299363,33.09724730832368],[-117.61674058048858,33.10870078596622],[-117.63282315330048,33.108263741610685],[-117.64071379747915,33.09637403922176],[-117.63252449985296,33.084921794231725],[-117.61644521724737,33.085358019040854]]]},"properties":{"h3_index":"8729a4221ffffff","station_count":3,"program_id":"bight","program":"Southern California Bight","resolution":7,"stations":[{"station_id":"4160_B03","station_name":"B03_4160","lat":33.10199,"lon":-117.63092,"county":"FEDERAL WATERS","organization":"CSD","batch_year":"2003"},{"station_id":"7126_B08","station_name":"B08-7126","lat":33.10199,"lon":-117.63092,"county":"FEDERAL WATERS","organization":"CSD","batch_year":"2008"},{"station_id":"B18-10375","station_name":"B18-10375","lat":33.10182,"lon":-117.63109,"county":"OOS","organization":"SCCWRP","batch_year":"2018"}]}},{"type":"Feature","geometry":{"type":"Polygon","coordinates":[[[-117.73877045748571,33.2103530769698],[-117.73088562670574,33.22224140042617],[-117.73909120715479,33.23367409626258],[-117.75518226259098,33.23321723705085],[-117.76306444334728,33.2213285115541],[-117.75485821962316,33.20989704724551],[-117.73877045748571,33.2103530769698]]]},"properties":{"h3_index":"8729a4240ffffff","station_count":1,"program_id":"bight","program":"Southern California Bight","resolution":7,"stations":[{"station_id":"4352_B03","station_name":"B03_4352","lat":33.211,"lon":-117.75559,"county":"FEDERAL WATERS","organization":"CSD","batch_year":"2003"}]}},{"type":"Feature","geometry":{"type":"Polygon","coordinates":[[[-117.78736048564016,33.232297401084175],[-117.7794809582198,33.24418652671742],[-117.78769124936626,33.255613074974335],[-117.80378170511263,33.2551492655159],[-117.81165857588682,33.2432597416508],[-117.80344764849234,33.231834425411584],[-117.78736048564016,33.232297401084175]]]},"properties":{"h3_index":"8729a424cffffff","station_count":1,"program_id":"bight","program":"Southern California Bight","resolution":7,"stations":[{"station_id":"4361_B03","station_name":"B03_4361","lat":33.25417,"lon":-117.79306,"county":"FEDERAL WATERS","organization":"CSD","batch_year":"2003"}]}},{"type":"Feature","geometry":{"type":"Polygon","coordinates":[[[-117.73780899887056,33.140372971937765],[-117.72992890813538,33.15226430772146],[-117.73812935342475,33.16370250759193],[-117.75421053300413,33.16324813769175],[-117.7620879771027,33.15135639832047],[-117.75388688918898,33.139919432372885],[-117.73780899887056,33.140372971937765]]]},"properties":{"h3_index":"8729a4266ffffff","station_count":1,"program_id":"bight","program":"Southern California Bight","resolution":7,"stations":[{"station_id":"B18-10374","station_name":"B18-10374","lat":33.14643,"lon":-117.74287,"county":"OOS","organization":"SCCWRP","batch_year":"2018"}]}},{"type":"Feature","geometry":{"type":"Polygon","coordinates":[[[-117.4006326348727,33.219458016215896],[-117.39269986088621,33.23133340213478],[-117.40088409335519,33.24279610080662],[-117.41700179476868,33.24238219122816],[-117.42493195758426,33.230506380313685],[-117.41674703109757,33.219044903913264],[-117.4006326348727,33.219458016215896]]]},"properties":{"h3_index":"8729a4280ffffff","station_count":15,"program_id":"bight","program":"Southern California Bight","resolution":7,"stations":[{"station_id":"4209_B03","station_name":"B03_4209","lat":33.23181,"lon":-117.41337,"county":"SAN DIEGO","organization":"SCCWRP","batch_year":"2003"},{"station_id":"6303_B08","station_name":"B08-6303","lat":33.23181,"lon":-117.41337,"county":"SAN DIEGO","organization":"CRGML","batch_year":"2008"},{"station_id":"6308_B08","station_name":"B08-6308","lat":33.23341,"lon":-117.41157,"county":"SAN DIEGO","organization":"NOAACOAST","batch_year":"2008"},{"station_id":"6311_B08","station_name":"B08-6311","lat":33.23441,"lon":-117.40897,"county":"SAN DIEGO","organization":"CRGML","batch_year":"2008"},{"station_id":"6314_B08","station_name":"B08-6314","lat":33.23541,"lon":-117.40748,"county":"SAN DIEGO","organization":"CRGML","batch_year":"2008"},{"station_id":"6317_B08","station_name":"B08-6317","lat":33.23558,"lon":-117.40562,"county":"SAN DIEGO","organization":"CRGML","batch_year":"2008"},{"station_id":"7159_B08","station_name":"B08-7159","lat":33.22288,"lon":-117.41733,"county":"SAN DIEGO","organization":"CRGML","batch_year":"2008"},{"station_id":"B13-8253","station_name":"B13-8253 OpenwaterStation","lat":33.23321,"lon":-117.41318,"county":"SAN DIEGO","organization":"SCCWRP","batch_year":"2013"},{"station_id":"B18-10166","station_name":"B18-10166","lat":33.23306,"lon":-117.41336,"county":"SAN DIEGO","organization":"WestonSolu","batch_year":"2018"},{"station_id":"B13-8250","station_name":"B13-8250 OpenwaterStation","lat":33.2321,"lon":-117.41244,"county":"SAN DIEGO","organization":"SCCWRP","batch_year":"2013"},{"station_id":"B18-10167","station_name":"B18-10167","lat":33.2314,"lon":-117.41233,"county":"SAN DIEGO","organization":"SCCWRP","batch_year":"2018"},{"station_id":"4008_B03","station_name":"B03_4008","lat":33.22882,"lon":-117.41244,"county":"SAN DIEGO","organization":"CRGML","batch_year":"2003"},{"station_id":"B13-8248","station_name":"B13-8248 OpenwaterStation","lat":33.2318,"lon":-117.41337,"county":"SAN DIEGO","organization":"SCCWRP","batch_year":"2013"},{"station_id":"B23-12976","station_name":"B23-12976_Santa Margarita River Estuary","lat":33.2353,"lon":-117.40871,"county":"SAN DIEGO","organization":"WestonSolu","batch_year":"2023"},{"station_id":"B23-12165","station_name":"B23-12165_Santa Margarita River Estuary","lat":33.23262,"lon":-117.41289,"county":"SAN DIEGO","organization":"WestonSolu","batch_year":"2023"}]}},{"type":"Feature","geometry":{"type":"Polygon","coordinates":[[[-117.42493195758426,33.230506380313685],[-117.41700179476868,33.24238219122816],[-117.42518842639157,33.253841839971976],[-117.44130591228291,33.25342445518932],[-117.44923346057318,33.24154822116814],[-117.44104613843747,33.23008979497606],[-117.42493195758426,33.230506380313685]]]},"properties":{"h3_index":"8729a4281ffffff","station_count":2,"program_id":"bight","program":"Southern California Bight","resolution":7,"stations":[{"station_id":"B98_113201","station_name":"113201_B98","lat":33.2406,"lon":-117.438,"county":"SAN DIEGO","organization":"MEC","batch_year":"1998"},{"station_id":"B98_113101","station_name":"113101_B98","lat":33.2328,"lon":-117.432,"county":"SAN DIEGO","organization":"MEC","batch_year":"1998"}]}},{"type":"Feature","geometry":{"type":"Polygon","coordinates":[[[-117.37658194985387,33.231743837583544],[-117.36864496554058,33.24361776647248],[-117.37682850023805,33.255081686343864],[-117.39294971796144,33.2546704560671],[-117.40088409335519,33.24279610080662],[-117.39269986088621,33.23133340213478],[-117.37658194985387,33.231743837583544]]]},"properties":{"h3_index":"8729a4282ffffff","station_count":1,"program_id":"bight","program":"Southern California Bight","resolution":7,"stations":[{"station_id":"B23-12369","station_name":"B23-12369_Santa Margarita River Estuary","lat":33.23767,"lon":-117.3939,"county":"SAN DIEGO","organization":"WestonSolu","batch_year":"2023"}]}},{"type":"Feature","geometry":{"type":"Polygon","coordinates":[[[-117.40038127980691,33.19611707974242],[-117.39245010658193,33.207993492569685],[-117.4006326348727,33.219458016215896],[-117.41674703109757,33.219044903913264],[-117.424675594258,33.20716806557744],[-117.41649237219784,33.19570476499274],[-117.40038127980691,33.19611707974242]]]},"properties":{"h3_index":"8729a4284ffffff","station_count":10,"program_id":"bight","program":"Southern California Bight","resolution":7,"stations":[{"station_id":"B98_112101","station_name":"112101_B98","lat":33.2037,"lon":-117.409,"county":"SAN DIEGO","organization":"MEC","batch_year":"1998"},{"station_id":"B98_112102","station_name":"112102_B98","lat":33.1983,"lon":-117.418,"county":"SAN DIEGO","organization":"MEC","batch_year":"1998"},{"station_id":"6294_B08","station_name":"B08-6294","lat":33.20764,"lon":-117.39742,"county":"SAN DIEGO","organization":"CRGML","batch_year":"2008"},{"station_id":"6291_B08","station_name":"B08-6291","lat":33.20693,"lon":-117.39351,"county":"SAN DIEGO","organization":"CRGML","batch_year":"2008"},{"station_id":"B13-8236","station_name":"B13-8236 OpenwaterStation","lat":33.20693,"lon":-117.39351,"county":"SAN DIEGO","organization":"SCCWRP","batch_year":"2013"},{"station_id":"B18-10070","station_name":"B18-10070","lat":33.20929,"lon":-117.39532,"county":"SAN DIEGO","organization":"SCCWRP","batch_year":"2018"},{"station_id":"B13-8239","station_name":"B13-8239 OpenwaterStation","lat":33.20764,"lon":-117.39742,"county":"SAN DIEGO","organization":"SCCWRP","batch_year":"2013"},{"station_id":"B98_112001","station_name":"112001_B98","lat":33.1962,"lon":-117.402,"county":"SAN DIEGO","organization":"MEC","batch_year":"1998"},{"station_id":"B18-10071","station_name":"B18-10071","lat":33.20798,"lon":-117.397537,"county":"SAN DIEGO","organization":"SCCWRP","batch_year":"2018"},{"station_id":"SCBPP_1635","station_name":"1635_SCBPP","lat":33.21302,"lon":-117.41882,"county":"SAN DIEGO","organization":"OCSD","batch_year":"1994"}]}},{"type":"Feature","geometry":{"type":"Polygon","coordinates":[[[-117.424675594258,33.20716806557744],[-117.41674703109757,33.219044903913264],[-117.42493195758426,33.230506380313685],[-117.44104613843747,33.23008979497606],[-117.44897208818101,33.21821253302121],[-117.44078647142767,33.20675227996271],[-117.424675594258,33.20716806557744]]]},"properties":{"h3_index":"8729a4285ffffff","station_count":8,"program_id":"bight","program":"Southern California Bight","resolution":7,"stations":[{"station_id":"B98_112901","station_name":"112901_B98","lat":33.2177,"lon":-117.419,"county":"SAN DIEGO","organization":"MEC","batch_year":"1998"},{"station_id":"B98_112902","station_name":"112902_B98","lat":33.2124,"lon":-117.428,"county":"SAN DIEGO","organization":"MEC","batch_year":"1998"},{"station_id":"B98_113001","station_name":"113001_B98","lat":33.2253,"lon":-117.426,"county":"SAN DIEGO","organization":"MEC","batch_year":"1998"},{"station_id":"B98_113002","station_name":"113002_B98","lat":33.2199,"lon":-117.435,"county":"SAN DIEGO","organization":"MEC","batch_year":"1998"},{"station_id":"B98_113003","station_name":"113003_B98","lat":33.2145,"lon":-117.443,"county":"SAN DIEGO","organization":"MEC","batch_year":"1998"},{"station_id":"B98_113102","station_name":"113102_B98","lat":33.2274,"lon":-117.441,"county":"SAN DIEGO","organization":"MEC","batch_year":"1998"},{"station_id":"B98_112903","station_name":"112903_B98","lat":33.207,"lon":-117.437,"county":"SAN DIEGO","organization":"MEC","batch_year":"1998"},{"station_id":"SCBPP_1634","station_name":"1634_SCBPP","lat":33.21318,"lon":-117.42523,"county":"SAN DIEGO","organization":"OCSD","batch_year":"1994"}]}},{"type":"Feature","geometry":{"type":"Polygon","coordinates":[[[-117.37633550088503,33.2084031329135],[-117.36840011908404,33.22027809194873],[-117.37658194985387,33.231743837583544],[-117.39269986088621,33.23133340213478],[-117.4006326348727,33.219458016215896],[-117.39245010658193,33.207993492569685],[-117.37633550088503,33.2084031329135]]]},"properties":{"h3_index":"8729a4286ffffff","station_count":1,"program_id":"bight","program":"Southern California Bight","resolution":7,"stations":[{"station_id":"B18-10069","station_name":"B18-10069","lat":33.21276,"lon":-117.39514,"county":"SAN DIEGO","organization":"SCCWRP","batch_year":"2018"}]}},{"type":"Feature","geometry":{"type":"Polygon","coordinates":[[[-117.47380362725774,33.275913730001484],[-117.46587709876526,33.287789353048915],[-117.47407022880599,33.299241056582545],[-117.49019057201895,33.298815914692774],[-117.49811447816998,33.28693987282811],[-117.48992066438953,33.27548939160974],[-117.47380362725774,33.275913730001484]]]},"properties":{"h3_index":"8729a4289ffffff","station_count":1,"program_id":"bight","program":"Southern California Bight","resolution":7,"stations":[{"station_id":"2406_B98","station_name":"B98_2406","lat":33.28164,"lon":-117.47103,"county":"SAN DIEGO","organization":"CAS","batch_year":"1998"}]}},{"type":"Feature","geometry":{"type":"Polygon","coordinates":[[[-117.44923346057318,33.24154822116814],[-117.44130591228291,33.25342445518932],[-117.44949494051127,33.26488105104495],[-117.46561220497578,33.26446018998931],[-117.47353713538831,33.25258353475104],[-117.46534742015382,33.24112816172497],[-117.44923346057318,33.24154822116814]]]},"properties":{"h3_index":"8729a428cffffff","station_count":1,"program_id":"bight","program":"Southern California Bight","resolution":7,"stations":[{"station_id":"SCBPP_1617","station_name":"1617_SCBPP","lat":33.25283,"lon":-117.46823,"county":"SAN DIEGO","organization":"OCSD","batch_year":"1994"}]}},{"type":"Feature","geometry":{"type":"Polygon","coordinates":[[[-117.42416318378861,33.16048289976986],[-117.41623781800487,33.172361781692985],[-117.4244193363478,33.18382690298654],[-117.44052691118756,33.18341191737187],[-117.44844966576905,33.1715326108006],[-117.44026745765132,33.16006871443175],[-117.42416318378861,33.16048289976986]]]},"properties":{"h3_index":"8729a42a0ffffff","station_count":1,"program_id":"bight","program":"Southern California Bight","resolution":7,"stations":[{"station_id":"B98_112004","station_name":"112004_B98","lat":33.1746,"lon":-117.437,"county":"SAN DIEGO","organization":"MEC","batch_year":"1998"}]}},{"type":"Feature","geometry":{"type":"Polygon","coordinates":[[[-117.44844966576905,33.1715326108006],[-117.44052691118756,33.18341191737187],[-117.44871082326837,33.19487399382367],[-117.46481817714343,33.19445553844067],[-117.47273831717635,33.18257580911287],[-117.46455371882081,33.17111495786395],[-117.44844966576905,33.1715326108006]]]},"properties":{"h3_index":"8729a42a1ffffff","station_count":1,"program_id":"bight","program":"Southern California Bight","resolution":7,"stations":[{"station_id":"SCBPP_1655","station_name":"1655_SCBPP","lat":33.17712,"lon":-117.46128,"county":"FEDERAL WATERS","organization":"OCSD","batch_year":"1994"}]}},{"type":"Feature","geometry":{"type":"Polygon","coordinates":[[[-117.4001300280941,33.17277329861335],[-117.39220045498527,33.184650734596495],[-117.40038127980691,33.19611707974242],[-117.41649237219784,33.19570476499274],[-117.4244193363478,33.18382690298654],[-117.41623781800487,33.172361781692985],[-117.4001300280941,33.17277329861335]]]},"properties":{"h3_index":"8729a42a2ffffff","station_count":7,"program_id":"bight","program":"Southern California Bight","resolution":7,"stations":[{"station_id":"B98_112002","station_name":"112002_B98","lat":33.1906,"lon":-117.411,"county":"SAN DIEGO","organization":"MEC","batch_year":"1998"},{"station_id":"B98_112003","station_name":"112003_B98","lat":33.1852,"lon":-117.42,"county":"SAN DIEGO","organization":"MEC","batch_year":"1998"},{"station_id":"B98_111902","station_name":"111902_B98","lat":33.1851,"lon":-117.402,"county":"SAN DIEGO","organization":"MEC","batch_year":"1998"},{"station_id":"B98_111903","station_name":"111903_B98","lat":33.1795,"lon":-117.411,"county":"SAN DIEGO","organization":"MEC","batch_year":"1998"},{"station_id":"B18-10875","station_name":"B18-10875","lat":33.17534,"lon":-117.40352,"county":"SAN DIEGO","organization":"SCCWRP","batch_year":"2018"},{"station_id":"SCBPP_1650","station_name":"1650_SCBPP","lat":33.18232,"lon":-117.40057,"county":"SAN DIEGO","organization":"PACE","batch_year":"1994"},{"station_id":"SCBPP_1654","station_name":"1654_SCBPP","lat":33.1793,"lon":-117.39853,"county":"SAN DIEGO","organization":"TEX-AM","batch_year":"1994"}]}},{"type":"Feature","geometry":{"type":"Polygon","coordinates":[[[-117.4244193363478,33.18382690298654],[-117.41649237219784,33.19570476499274],[-117.424675594258,33.20716806557744],[-117.44078647142767,33.20675227996271],[-117.44871082326837,33.19487399382367],[-117.44052691118756,33.18341191737187],[-117.4244193363478,33.18382690298654]]]},"properties":{"h3_index":"8729a42a3ffffff","station_count":1,"program_id":"bight","program":"Southern California Bight","resolution":7,"stations":[{"station_id":"B98_112103","station_name":"112103_B98","lat":33.1927,"lon":-117.426,"county":"SAN DIEGO","organization":"MEC","batch_year":"1998"}]}},{"type":"Feature","geometry":{"type":"Polygon","coordinates":[[[-117.42390713651551,33.137136063161776],[-117.41598336845409,33.149015961245986],[-117.42416318378861,33.16048289976986],[-117.44026745765132,33.16006871443175],[-117.44818861561677,33.148188391182586],[-117.4400081107532,33.13672267837606],[-117.42390713651551,33.137136063161776]]]},"properties":{"h3_index":"8729a42a4ffffff","station_count":1,"program_id":"bight","program":"Southern California Bight","resolution":7,"stations":[{"station_id":"SCBPP_1662","station_name":"1662_SCBPP","lat":33.15932,"lon":-117.42712,"county":"SAN DIEGO","organization":"OCSD","batch_year":"1994"}]}},{"type":"Feature","geometry":{"type":"Polygon","coordinates":[[[-117.39987887967048,33.14942668006128],[-117.3919509060328,33.1613051354454],[-117.4001300280941,33.17277329861335],[-117.41623781800487,33.172361781692985],[-117.42416318378861,33.16048289976986],[-117.41598336845409,33.149015961245986],[-117.39987887967048,33.14942668006128]]]},"properties":{"h3_index":"8729a42a6ffffff","station_count":5,"program_id":"bight","program":"Southern California Bight","resolution":7,"stations":[{"station_id":"B98_111103","station_name":"111103_B98","lat":33.1648,"lon":-117.398,"county":"SAN DIEGO","organization":"MEC","batch_year":"1998"},{"station_id":"4200_B03","station_name":"B03_4200","lat":33.15909,"lon":-117.39761,"county":"SAN DIEGO","organization":"CRGML","batch_year":"2003"},{"station_id":"B98_111004","station_name":"111004_B98","lat":33.1506,"lon":-117.411,"county":"SAN DIEGO","organization":"MEC","batch_year":"1998"},{"station_id":"B98_111003","station_name":"111003_B98","lat":33.161,"lon":-117.394,"county":"SAN DIEGO","organization":"MEC","batch_year":"1998"},{"station_id":"2285_B98","station_name":"B98_2285","lat":33.159,"lon":-117.3982,"county":"SAN DIEGO","organization":"CRGML","batch_year":"1998"}]}},{"type":"Feature","geometry":{"type":"Polygon","coordinates":[[[-117.47300448041517,33.20591456708823],[-117.46508274423208,33.21779327546914],[-117.47327075312998,33.22925047804138],[-117.48938118216377,33.22882774748536],[-117.49730029934284,33.216948618754294],[-117.48911160743049,33.20549264086855],[-117.47300448041517,33.20591456708823]]]},"properties":{"h3_index":"8729a42a8ffffff","station_count":1,"program_id":"bight","program":"Southern California Bight","resolution":7,"stations":[{"station_id":"B18-10267","station_name":"B18-10267","lat":33.21753,"lon":-117.48042,"county":"OOS","organization":"SCCWRP","batch_year":"2018"}]}},{"type":"Feature","geometry":{"type":"Polygon","coordinates":[[[-117.49730029934284,33.216948618754294],[-117.48938118216377,33.22882774748536],[-117.49757158065437,33.240281896616175],[-117.51368177677084,33.23985569199527],[-117.52159827160143,33.22797614480651],[-117.51340719360205,33.216523220635246],[-117.49730029934284,33.216948618754294]]]},"properties":{"h3_index":"8729a42a9ffffff","station_count":4,"program_id":"bight","program":"Southern California Bight","resolution":7,"stations":[{"station_id":"7158_B08","station_name":"B08-7158","lat":33.22069,"lon":-117.51202,"county":"FEDERAL WATERS","organization":"CRGML","batch_year":"2008"},{"station_id":"B13-9125","station_name":"B13-9125 OpenwaterStation","lat":33.22069,"lon":-117.51202,"county":"SAN DIEGO","organization":"SCCWRP","batch_year":"2013"},{"station_id":"B18-10317","station_name":"B18-10317","lat":33.22107,"lon":-117.51145,"county":"OOS","organization":"SCCWRP","batch_year":"2018"},{"station_id":"4144_B03","station_name":"B03_4144","lat":33.22069,"lon":-117.51202,"county":"FEDERAL WATERS","organization":"CRGML","batch_year":"2003"}]}},{"type":"Feature","geometry":{"type":"Polygon","coordinates":[[[-117.44897208818101,33.21821253302121],[-117.44104613843747,33.23008979497606],[-117.44923346057318,33.24154822116814],[-117.46534742015382,33.24112816172497],[-117.47327075312998,33.22925047804138],[-117.46508274423208,33.21779327546914],[-117.44897208818101,33.21821253302121]]]},"properties":{"h3_index":"8729a42aaffffff","station_count":3,"program_id":"bight","program":"Southern California Bight","resolution":7,"stations":[{"station_id":"B98_113203","station_name":"113203_B98","lat":33.2297,"lon":-117.456,"county":"SAN DIEGO","organization":"MEC","batch_year":"1998"},{"station_id":"B98_113202","station_name":"113202_B98","lat":33.2353,"lon":-117.447,"county":"SAN DIEGO","organization":"MEC","batch_year":"1998"},{"station_id":"B98_113103","station_name":"113103_B98","lat":33.2219,"lon":-117.45,"county":"SAN DIEGO","organization":"MEC","batch_year":"1998"}]}},{"type":"Feature","geometry":{"type":"Polygon","coordinates":[[[-117.44871082326837,33.19487399382367],[-117.44078647142767,33.20675227996271],[-117.44897208818101,33.21821253302121],[-117.46508274423208,33.21779327546914],[-117.47300448041517,33.20591456708823],[-117.46481817714343,33.19445553844067],[-117.44871082326837,33.19487399382367]]]},"properties":{"h3_index":"8729a42aeffffff","station_count":2,"program_id":"bight","program":"Southern California Bight","resolution":7,"stations":[{"station_id":"B98_113004","station_name":"113004_B98","lat":33.2038,"lon":-117.461,"county":"SAN DIEGO","organization":"MEC","batch_year":"1998"},{"station_id":"4344_B03","station_name":"B03_4344","lat":33.20515,"lon":-117.45483,"county":"SAN DIEGO","organization":"USC","batch_year":"2003"}]}},{"type":"Feature","geometry":{"type":"Polygon","coordinates":[[[-117.37608915326904,33.185059579559066],[-117.36815537333385,33.19693556498901],[-117.37633550088503,33.2084031329135],[-117.39245010658193,33.207993492569685],[-117.40038127980691,33.19611707974242],[-117.39220045498527,33.184650734596495],[-117.37608915326904,33.185059579559066]]]},"properties":{"h3_index":"8729a42b1ffffff","station_count":8,"program_id":"bight","program":"Southern California Bight","resolution":7,"stations":[{"station_id":"B98_111901","station_name":"111901_B98","lat":33.1903,"lon":-117.393,"county":"SAN DIEGO","organization":"MEC","batch_year":"1998"},{"station_id":"6288_B08","station_name":"B08-6288","lat":33.20485,"lon":-117.39075,"county":"SAN DIEGO","organization":"CRGML","batch_year":"2008"},{"station_id":"B13-8233","station_name":"B13-8233 OpenwaterStation","lat":33.20485,"lon":-117.39075,"county":"SAN DIEGO","organization":"SCCWRP","batch_year":"2013"},{"station_id":"B18-10193","station_name":"B18-10193","lat":33.20341,"lon":-117.39078,"county":"SAN DIEGO","organization":"SCCWRP","batch_year":"2018"},{"station_id":"B18-10072","station_name":"B18-10072","lat":33.20428,"lon":-117.39137,"county":"SAN DIEGO","organization":"SCCWRP","batch_year":"2018"},{"station_id":"9030","station_name":"Oceanside Pier-9030","lat":33.192833,"lon":-117.383167,"county":"SAN DIEGO","organization":"SCCWRP","batch_year":"2013"},{"station_id":"B23-12979","station_name":"B23-12979_San Luis Rey River Estuary","lat":33.20475,"lon":-117.38651,"county":"SAN DIEGO","organization":"WestonSolu","batch_year":"2023"},{"station_id":"B23-12368","station_name":"B23-12368_San Luis Rey River Estuary","lat":33.20347,"lon":-117.39084,"county":"SAN DIEGO","organization":"WestonSolu","batch_year":"2023"}]}},{"type":"Feature","geometry":{"type":"Polygon","coordinates":[[[-117.37584290694333,33.16171318475111],[-117.36791072822787,33.1735901928218],[-117.37608915326904,33.185059579559066],[-117.39220045498527,33.184650734596495],[-117.4001300280941,33.17277329861335],[-117.3919509060328,33.1613051354454],[-117.37584290694333,33.16171318475111]]]},"properties":{"h3_index":"8729a42b5ffffff","station_count":9,"program_id":"bight","program":"Southern California Bight","resolution":7,"stations":[{"station_id":"SCBPP_1660","station_name":"1660_SCBPP","lat":33.1639,"lon":-117.39302,"county":"SAN DIEGO","organization":"PACE","batch_year":"1994"},{"station_id":"B98_110902","station_name":"110902_B98","lat":33.1632,"lon":-117.381,"county":"SAN DIEGO","organization":"MEC","batch_year":"1998"},{"station_id":"B98_111002","station_name":"111002_B98","lat":33.1665,"lon":-117.385,"county":"SAN DIEGO","organization":"MEC","batch_year":"1998"},{"station_id":"B98_110901","station_name":"110901_B98","lat":33.1685,"lon":-117.373,"county":"SAN DIEGO","organization":"MEC","batch_year":"1998"},{"station_id":"B98_111102","station_name":"111102_B98","lat":33.17,"lon":-117.389,"county":"SAN DIEGO","organization":"MEC","batch_year":"1998"},{"station_id":"B98_111001","station_name":"111001_B98","lat":33.1719,"lon":-117.377,"county":"SAN DIEGO","organization":"MEC","batch_year":"1998"},{"station_id":"B98_111101","station_name":"111101_B98","lat":33.1753,"lon":-117.38,"county":"SAN DIEGO","organization":"MEC","batch_year":"1998"},{"station_id":"2286_B98","station_name":"B98_2286","lat":33.1666,"lon":-117.3886,"county":"SAN DIEGO","organization":"CRGML","batch_year":"1998"},{"station_id":"4328_B03","station_name":"B03_4328","lat":33.16199,"lon":-117.38595,"county":"SAN DIEGO","organization":"CRGML","batch_year":"2003"}]}},{"type":"Feature","geometry":{"type":"Polygon","coordinates":[[[-117.57077338372468,33.296659436173215],[-117.56285895830855,33.308537757368484],[-117.57105993122087,33.31997904455254],[-117.58717599993544,33.31954078629847],[-117.59508779074106,33.30766205334556],[-117.58688614838091,33.29622199034256],[-117.57077338372468,33.296659436173215]]]},"properties":{"h3_index":"8729a42c0ffffff","station_count":1,"program_id":"bight","program":"Southern California Bight","resolution":7,"stations":[{"station_id":"SCBPP_1585","station_name":"1585_SCBPP","lat":33.29895,"lon":-117.58048,"county":"FEDERAL WATERS","organization":"OCSD","batch_year":"1994"}]}},{"type":"Feature","geometry":{"type":"Polygon","coordinates":[[[-117.59508779074106,33.30766205334556],[-117.58717599993544,33.31954078629847],[-117.5953793540929,33.33097900293656],[-117.61149516592513,33.3305372621158],[-117.61940431877964,33.31865811929937],[-117.611200298691,33.30722112710515],[-117.59508779074106,33.30766205334556]]]},"properties":{"h3_index":"8729a42c1ffffff","station_count":1,"program_id":"bight","program":"Southern California Bight","resolution":7,"stations":[{"station_id":"SCBPP_1574","station_name":"1574_SCBPP","lat":33.31797,"lon":-117.61265,"county":"FEDERAL WATERS","organization":"OCSD","batch_year":"1994"}]}},{"type":"Feature","geometry":{"type":"Polygon","coordinates":[[[-117.54674263862414,33.30897253409064],[-117.53882398720577,33.32084940791762],[-117.5470242869199,33.33229191822753],[-117.56314391218973,33.33185633152312],[-117.57105993122087,33.31997904455254],[-117.56285895830855,33.308537757368484],[-117.54674263862414,33.30897253409064]]]},"properties":{"h3_index":"8729a42c2ffffff","station_count":1,"program_id":"bight","program":"Southern California Bight","resolution":7,"stations":[{"station_id":"SCBPP_1572","station_name":"1572_SCBPP","lat":33.31867,"lon":-117.55528,"county":"SAN DIEGO","organization":"TEX-AM","batch_year":"1994"}]}},{"type":"Feature","geometry":{"type":"Polygon","coordinates":[[[-117.57105993122087,33.31997904455254],[-117.56314391218973,33.33185633152312],[-117.57134659666615,33.34329577155223],[-117.5874659707936,33.34285670115798],[-117.5953793540929,33.33097900293656],[-117.58717599993544,33.31954078629847],[-117.57105993122087,33.31997904455254]]]},"properties":{"h3_index":"8729a42c3ffffff","station_count":1,"program_id":"bight","program":"Southern California Bight","resolution":7,"stations":[{"station_id":"SCBPP_1570","station_name":"1570_SCBPP","lat":33.32263,"lon":-117.58872,"county":"FEDERAL WATERS","organization":"OCSD","batch_year":"1994"}]}},{"type":"Feature","geometry":{"type":"Polygon","coordinates":[[[-117.57048695410485,33.273336953609125],[-117.56257412166292,33.28521630528958],[-117.57077338372468,33.296659436173215],[-117.58688614838091,33.29622199034256],[-117.59479634733293,33.284342226396156],[-117.58659641605637,33.27290032048448],[-117.57048695410485,33.273336953609125]]]},"properties":{"h3_index":"8729a42c4ffffff","station_count":1,"program_id":"bight","program":"Southern California Bight","resolution":7,"stations":[{"station_id":"SCBPP_1595","station_name":"1595_SCBPP","lat":33.2856,"lon":-117.56975,"county":"FEDERAL WATERS","organization":"TEX-AM","batch_year":"1994"}]}},{"type":"Feature","geometry":{"type":"Polygon","coordinates":[[[-117.59479634733293,33.284342226396156],[-117.58688614838091,33.29622199034256],[-117.59508779074106,33.30766205334556],[-117.611200298691,33.30722112710515],[-117.6191078608146,33.295340952787605],[-117.61090555275408,33.283902115019494],[-117.59479634733293,33.284342226396156]]]},"properties":{"h3_index":"8729a42c5ffffff","station_count":1,"program_id":"bight","program":"Southern California Bight","resolution":7,"stations":[{"station_id":"B18-10316","station_name":"B18-10316","lat":33.30321,"lon":-117.60922,"county":"OOS","organization":"SCCWRP","batch_year":"2018"}]}},{"type":"Feature","geometry":{"type":"Polygon","coordinates":[[[-117.54646110620929,33.285650271747016],[-117.53854404952524,33.29752817929125],[-117.54674263862414,33.30897253409064],[-117.56285895830855,33.308537757368484],[-117.57077338372468,33.296659436173215],[-117.56257412166292,33.28521630528958],[-117.54646110620929,33.285650271747016]]]},"properties":{"h3_index":"8729a42c6ffffff","station_count":1,"program_id":"bight","program":"Southern California Bight","resolution":7,"stations":[{"station_id":"2405_B98","station_name":"B98_2405","lat":33.29445,"lon":-117.55956,"county":"FEDERAL WATERS","organization":"EPARD","batch_year":"1998"}]}},{"type":"Feature","geometry":{"type":"Polygon","coordinates":[[[-117.61970089875615,33.34197240528217],[-117.61179015453133,33.35385051286097],[-117.61999760081947,33.365283803548714],[-117.6361164549124,33.36483776268151],[-117.64402455672212,33.35295924763952],[-117.63581644779231,33.34152718086563],[-117.61970089875615,33.34197240528217]]]},"properties":{"h3_index":"8729a42c8ffffff","station_count":1,"program_id":"bight","program":"Southern California Bight","resolution":7,"stations":[{"station_id":"4126_B03","station_name":"B03_4126","lat":33.35464,"lon":-117.61934,"county":"ORANGE","organization":"OCSD","batch_year":"2003"}]}},{"type":"Feature","geometry":{"type":"Polygon","coordinates":[[[-117.64402455672212,33.35295924763952],[-117.6361164549124,33.36483776268151],[-117.64432627824334,33.37626797431854],[-117.66044486344155,33.37581844667955],[-117.66835031949766,33.36393952606933],[-117.66013983704714,33.3525105386038],[-117.64402455672212,33.35295924763952]]]},"properties":{"h3_index":"8729a42c9ffffff","station_count":1,"program_id":"bight","program":"Southern California Bight","resolution":7,"stations":[{"station_id":"SCBPP_1551","station_name":"1551_SCBPP","lat":33.35555,"lon":-117.65028,"county":"FEDERAL WATERS","organization":"OCSD","batch_year":"1994"}]}},{"type":"Feature","geometry":{"type":"Polygon","coordinates":[[[-117.59567103746245,33.354293067978034],[-117.58775606102901,33.366169727732405],[-117.5959628409239,33.37760424128449],[-117.61208526458458,33.37716087215587],[-117.61999760081947,33.365283803548714],[-117.61179015453133,33.35385051286097],[-117.59567103746245,33.354293067978034]]]},"properties":{"h3_index":"8729a42caffffff","station_count":1,"program_id":"bight","program":"Southern California Bight","resolution":7,"stations":[{"station_id":"4336_B03","station_name":"B03_4336","lat":33.35445,"lon":-117.59883,"county":"SAN DIEGO","organization":"OCSD","batch_year":"2003"}]}},{"type":"Feature","geometry":{"type":"Polygon","coordinates":[[[-117.61940431877964,33.31865811929937],[-117.61149516592513,33.3305372621158],[-117.61970089875615,33.34197240528217],[-117.63581644779231,33.34152718086563],[-117.64372295935713,33.329647630080586],[-117.63551656411319,33.31821371161837],[-117.61940431877964,33.31865811929937]]]},"properties":{"h3_index":"8729a42ccffffff","station_count":2,"program_id":"bight","program":"Southern California Bight","resolution":7,"stations":[{"station_id":"SCBPP_1571","station_name":"1571_SCBPP","lat":33.3206,"lon":-117.62688,"county":"FEDERAL WATERS","organization":"OCSD","batch_year":"1994"},{"station_id":"SCBPP_1560","station_name":"1560_SCBPP","lat":33.33817,"lon":-117.61928,"county":"FEDERAL WATERS","organization":"OCSD","batch_year":"1994"}]}},{"type":"Feature","geometry":{"type":"Polygon","coordinates":[[[-117.52270411670841,33.32128151197091],[-117.51478123975522,33.33315693381312],[-117.52298086251798,33.344600666192214],[-117.53910404012531,33.344167754598686],[-117.5470242869199,33.33229191822753],[-117.53882398720577,33.32084940791762],[-117.52270411670841,33.32128151197091]]]},"properties":{"h3_index":"8729a42d1ffffff","station_count":1,"program_id":"bight","program":"Southern California Bight","resolution":7,"stations":[{"station_id":"4208_B03","station_name":"B03_4208","lat":33.33932,"lon":-117.52219,"county":"SAN DIEGO","organization":"CRGML","batch_year":"2003"}]}},{"type":"Feature","geometry":{"type":"Polygon","coordinates":[[[-117.5224274847822,33.297959475521914],[-117.51450620432324,33.309835934313355],[-117.52270411670841,33.32128151197091],[-117.53882398720577,33.32084940791762],[-117.54674263862414,33.30897253409064],[-117.53854404952524,33.29752817929125],[-117.5224274847822,33.297959475521914]]]},"properties":{"h3_index":"8729a42d5ffffff","station_count":1,"program_id":"bight","program":"Southern California Bight","resolution":7,"stations":[{"station_id":"B18-10231","station_name":"B18-10231","lat":33.30723,"lon":-117.52338,"county":"SAN DIEGO","organization":"SCCWRP","batch_year":"2018"}]}},{"type":"Feature","geometry":{"type":"Polygon","coordinates":[[[-117.57163338013339,33.36660960998286],[-117.56371417194829,33.37848481729527],[-117.57192028169544,33.38992055266074],[-117.58804627071545,33.389479858838726],[-117.5959628409239,33.37760424128449],[-117.58775606102901,33.366169727732405],[-117.57163338013339,33.36660960998286]]]},"properties":{"h3_index":"8729a42d9ffffff","station_count":1,"program_id":"bight","program":"Southern California Bight","resolution":7,"stations":[{"station_id":"B03_B_TM","station_name":"B_TM_B03","lat":33.37966,"lon":-117.57637,"county":"SAN DIEGO","organization":"OCSD","batch_year":"2003"}]}},{"type":"Feature","geometry":{"type":"Polygon","coordinates":[[[-117.5470242869199,33.33229191822753],[-117.53910404012531,33.344167754598686],[-117.54730605116805,33.35560841696452],[-117.56342898337881,33.35517202056101],[-117.57134659666615,33.34329577155223],[-117.56314391218973,33.33185633152312],[-117.5470242869199,33.33229191822753]]]},"properties":{"h3_index":"8729a42dcffffff","station_count":1,"program_id":"bight","program":"Southern California Bight","resolution":7,"stations":[{"station_id":"B13-9135","station_name":"B13-9135 OpenwaterStation","lat":33.35272,"lon":-117.56349,"county":"SAN DIEGO","organization":"SCCWRP","batch_year":"2013"}]}},{"type":"Feature","geometry":{"type":"Polygon","coordinates":[[[-117.57134659666615,33.34329577155223],[-117.56342898337881,33.35517202056101],[-117.57163338013339,33.36660960998286],[-117.58775606102901,33.366169727732405],[-117.59567103746245,33.354293067978034],[-117.5874659707936,33.34285670115798],[-117.57134659666615,33.34329577155223]]]},"properties":{"h3_index":"8729a42ddffffff","station_count":1,"program_id":"bight","program":"Southern California Bight","resolution":7,"stations":[{"station_id":"SCBPP_1550","station_name":"1550_SCBPP","lat":33.3572,"lon":-117.58207,"county":"SAN DIEGO","organization":"OCSD","batch_year":"1994"}]}},{"type":"Feature","geometry":{"type":"Polygon","coordinates":[[[-117.57020064228868,33.250011604060816],[-117.56228940218054,33.261891982484485],[-117.57048695410485,33.273336953609125],[-117.58659641605637,33.27290032048448],[-117.59450502379451,33.26101952928504],[-117.5863068028883,33.24957578392409],[-117.57020064228868,33.250011604060816]]]},"properties":{"h3_index":"8729a42e2ffffff","station_count":1,"program_id":"bight","program":"Southern California Bight","resolution":7,"stations":[{"station_id":"7165_B08","station_name":"B08-7165","lat":33.26247,"lon":-117.56476,"county":"FEDERAL WATERS","organization":"OCSD","batch_year":"2008"}]}},{"type":"Feature","geometry":{"type":"Polygon","coordinates":[[[-117.64342148607179,33.30633312882523],[-117.63551656411319,33.31821371161837],[-117.64372295935713,33.329647630080586],[-117.65983493616295,33.32919973993382],[-117.66773721462204,33.31731875056137],[-117.65953016071163,33.30588605785239],[-117.64342148607179,33.30633312882523]]]},"properties":{"h3_index":"8729a42ebffffff","station_count":1,"program_id":"bight","program":"Southern California Bight","resolution":7,"stations":[{"station_id":"7174_B08","station_name":"B08-7174","lat":33.31582,"lon":-117.63862,"county":"FEDERAL WATERS","organization":"OCSD","batch_year":"2008"}]}},{"type":"Feature","geometry":{"type":"Polygon","coordinates":[[[-117.5218745622989,33.25130678473439],[-117.51395647290082,33.263185306201535],[-117.52215096666912,33.27463456404222],[-117.53826422701259,33.27420407591585],[-117.54617968960386,33.26232513839538],[-117.53798451959679,33.250877104993286],[-117.5218745622989,33.25130678473439]]]},"properties":{"h3_index":"8729a42f0ffffff","station_count":6,"program_id":"bight","program":"Southern California Bight","resolution":7,"stations":[{"station_id":"2407_B98","station_name":"B98_2407","lat":33.2602,"lon":-117.52352,"county":"FEDERAL WATERS","organization":"CRGML","batch_year":"1998"},{"station_id":"4080_B03","station_name":"B03_4080","lat":33.26553,"lon":-117.53393,"county":"FEDERAL WATERS","organization":"CRGML","batch_year":"2003"},{"station_id":"7166_B08","station_name":"B08-7166","lat":33.26553,"lon":-117.53393,"county":"FEDERAL WATERS","organization":"OCSD","batch_year":"2008"},{"station_id":"B13-9130","station_name":"B13-9130 OpenwaterStation","lat":33.26882,"lon":-117.53942,"county":"SAN DIEGO","organization":"SCCWRP","batch_year":"2013"},{"station_id":"B13-9129","station_name":"B13-9129 OpenwaterStation","lat":33.26553,"lon":-117.53393,"county":"SAN DIEGO","organization":"SCCWRP","batch_year":"2013"},{"station_id":"B18-10266","station_name":"B18-10266","lat":33.26554,"lon":-117.53338,"county":"OOS","organization":"SCCWRP","batch_year":"2018"}]}},{"type":"Feature","geometry":{"type":"Polygon","coordinates":[[[-117.54617968960386,33.26232513839538],[-117.53826422701259,33.27420407591585],[-117.54646110620929,33.285650271747016],[-117.56257412166292,33.28521630528958],[-117.57048695410485,33.273336953609125],[-117.56228940218054,33.261891982484485],[-117.54617968960386,33.26232513839538]]]},"properties":{"h3_index":"8729a42f1ffffff","station_count":4,"program_id":"bight","program":"Southern California Bight","resolution":7,"stations":[{"station_id":"4096_B03","station_name":"B03_4096","lat":33.26991,"lon":-117.56485,"county":"FEDERAL WATERS","organization":"CRGML","batch_year":"2003"},{"station_id":"7167_B08","station_name":"B08-7167","lat":33.26991,"lon":-117.56485,"county":"FEDERAL WATERS","organization":"OCSD","batch_year":"2008"},{"station_id":"B18-10265","station_name":"B18-10265","lat":33.26985,"lon":-117.56491,"county":"OOS","organization":"SCCWRP","batch_year":"2018"},{"station_id":"B13-9131","station_name":"B13-9131 OpenwaterStation","lat":33.26991,"lon":-117.56485,"county":"SAN DIEGO","organization":"SCCWRP","batch_year":"2013"}]}},{"type":"Feature","geometry":{"type":"Polygon","coordinates":[[[-117.63921384569133,32.97963135911592],[-117.63133111137567,32.99152599648645],[-117.6395135898698,33.00298547474438],[-117.65557945911574,33.002549078651754],[-117.66345956563066,32.99065402745563],[-117.65527643162916,32.97919578611447],[-117.63921384569133,32.97963135911592]]]},"properties":{"h3_index":"8729a432bffffff","station_count":1,"program_id":"bight","program":"Southern California Bight","resolution":7,"stations":[{"station_id":"7109_B08","station_name":"B08-7109","lat":32.99147,"lon":-117.63497,"county":"FEDERAL WATERS","organization":"CSD","batch_year":"2008"}]}},{"type":"Feature","geometry":{"type":"Polygon","coordinates":[[[-117.66376429706119,33.01400551771347],[-117.65588261095778,33.02589958891872],[-117.66406915355631,33.037354222208194],[-117.6801380354286,33.03691354785772],[-117.68801708930827,33.025019065259784],[-117.67982989446851,33.01356566834154],[-117.66376429706119,33.01400551771347]]]},"properties":{"h3_index":"8729a4372ffffff","station_count":3,"program_id":"bight","program":"Southern California Bight","resolution":7,"stations":[{"station_id":"4060_B03","station_name":"B03_4060","lat":33.03242,"lon":-117.66924,"county":"FEDERAL WATERS","organization":"CSD","batch_year":"2003"},{"station_id":"7121_B08","station_name":"B08-7121","lat":33.03242,"lon":-117.66924,"county":"FEDERAL WATERS","organization":"NOAACOAST","batch_year":"2008"},{"station_id":"B18-10377","station_name":"B18-10377","lat":33.03235,"lon":-117.66876,"county":"OOS","organization":"SCCWRP","batch_year":"2018"}]}},{"type":"Feature","geometry":{"type":"Polygon","coordinates":[[[-117.39912605349856,33.07936987227644],[-117.39120287440836,33.09125136330965],[-117.39937689243632,33.10272495964642],[-117.41547478302122,33.10231583786564],[-117.4233953575681,33.09043391873651],[-117.41522064701027,33.0789615494238],[-117.39912605349856,33.07936987227644]]]},"properties":{"h3_index":"8729a4383ffffff","station_count":3,"program_id":"bight","program":"Southern California Bight","resolution":7,"stations":[{"station_id":"7123_B08","station_name":"B08-7123","lat":33.09375,"lon":-117.41715,"county":"FEDERAL WATERS","organization":"CRGML","batch_year":"2008"},{"station_id":"4088_B03","station_name":"B03_4088","lat":33.09375,"lon":-117.41715,"county":"FEDERAL WATERS","organization":"CRGML","batch_year":"2003"},{"station_id":"B18-10348","station_name":"B18-10348","lat":33.09388,"lon":-117.4173,"county":"OOS","organization":"SCCWRP","batch_year":"2018"}]}},{"type":"Feature","geometry":{"type":"Polygon","coordinates":[[[-117.37461319248551,33.04493884237609],[-117.36668901019132,33.05682090725577],[-117.3748589332954,33.068299335795174],[-117.3909537354006,33.06789447185947],[-117.3988753175957,33.056011976469165],[-117.39070469872121,33.04453477546515],[-117.37461319248551,33.04493884237609]]]},"properties":{"h3_index":"8729a4386ffffff","station_count":1,"program_id":"bight","program":"Southern California Bight","resolution":7,"stations":[{"station_id":"B18-10349","station_name":"B18-10349","lat":33.05041,"lon":-117.38961,"county":"OOS","organization":"SCCWRP","batch_year":"2018"}]}},{"type":"Feature","geometry":{"type":"Polygon","coordinates":[[[-117.32656712806154,33.06950168431299],[-117.31863455457889,33.08138087315265],[-117.32680307492483,33.09286175351887],[-117.3429048729412,33.092462219613715],[-117.35083485082191,33.0805825975266],[-117.34266562722645,33.069102942532645],[-117.32656712806154,33.06950168431299]]]},"properties":{"h3_index":"8729a4390ffffff","station_count":2,"program_id":"bight","program":"Southern California Bight","resolution":7,"stations":[{"station_id":"B98_109302","station_name":"109302_B98","lat":33.0839,"lon":-117.331,"county":"SAN DIEGO","organization":"MEC","batch_year":"1998"},{"station_id":"B98_109303","station_name":"109303_B98","lat":33.0819,"lon":-117.342,"county":"SAN DIEGO","organization":"MEC","batch_year":"1998"}]}},{"type":"Feature","geometry":{"type":"Polygon","coordinates":[[[-117.35083485082191,33.0805825975266],[-117.3429048729412,33.092462219613715],[-117.3510757952585,33.10394007243187],[-117.36717739615507,33.10353707744257],[-117.37510477508383,33.0916570239979],[-117.36693315300596,33.08018039684038],[-117.35083485082191,33.0805825975266]]]},"properties":{"h3_index":"8729a4391ffffff","station_count":5,"program_id":"bight","program":"Southern California Bight","resolution":7,"stations":[{"station_id":"2291_B98","station_name":"B98_2291","lat":33.1,"lon":-117.3529,"county":"SAN DIEGO","organization":"SCCWRP","batch_year":"1998"},{"station_id":"2289_B98","station_name":"B98_2289","lat":33.1032,"lon":-117.3581,"county":"SAN DIEGO","organization":"EPARD","batch_year":"1998"},{"station_id":"7122_B08","station_name":"B08-7122","lat":33.08807,"lon":-117.35098,"county":"SAN DIEGO","organization":"NOAACOAST","batch_year":"2008"},{"station_id":"B18-10269","station_name":"B18-10269","lat":33.08759,"lon":-117.35117,"county":"SAN DIEGO","organization":"SCCWRP","batch_year":"2018"},{"station_id":"4048_B03","station_name":"B03_4048","lat":33.08807,"lon":-117.35098,"county":"SAN DIEGO","organization":"CRGML","batch_year":"2003"}]}},{"type":"Feature","geometry":{"type":"Polygon","coordinates":[[[-117.30253256532366,33.081776947073735],[-117.29459579701485,33.09365469097549],[-117.30276361036755,33.10513679563026],[-117.31886889996142,33.104739932035585],[-117.32680307492483,33.09286175351887],[-117.31863455457889,33.08138087315265],[-117.30253256532366,33.081776947073735]]]},"properties":{"h3_index":"8729a4392ffffff","station_count":6,"program_id":"bight","program":"Southern California Bight","resolution":7,"stations":[{"station_id":"4145_B03","station_name":"B03_4145","lat":33.08758,"lon":-117.31049,"county":"SAN DIEGO","organization":"CRGML","batch_year":"2003"},{"station_id":"B98_109301","station_name":"109301_B98","lat":33.0854,"lon":-117.321,"county":"SAN DIEGO","organization":"MEC","batch_year":"1998"},{"station_id":"6251_B08","station_name":"B08-6251","lat":33.08812,"lon":-117.31052,"county":"SAN DIEGO","organization":"CRGML","batch_year":"2008"},{"station_id":"6253_B08","station_name":"B08-6253","lat":33.08855,"lon":-117.305,"county":"SAN DIEGO","organization":"CRGML","batch_year":"2008"},{"station_id":"B13-8200","station_name":"B13-8200 OpenwaterStation","lat":33.08508,"lon":-117.30971,"county":"SAN DIEGO","organization":"SCCWRP","batch_year":"2013"},{"station_id":"4360_B03","station_name":"B03_4360","lat":33.09137,"lon":-117.29967,"county":"SAN DIEGO","organization":"CRGML","batch_year":"2003"}]}},{"type":"Feature","geometry":{"type":"Polygon","coordinates":[[[-117.32680307492483,33.09286175351887],[-117.31886889996142,33.104739932035585],[-117.32703911877492,33.116219009433024],[-117.34314421699443,33.115818683675066],[-117.3510757952585,33.10394007243187],[-117.3429048729412,33.092462219613715],[-117.32680307492483,33.09286175351887]]]},"properties":{"h3_index":"8729a4393ffffff","station_count":6,"program_id":"bight","program":"Southern California Bight","resolution":7,"stations":[{"station_id":"2455_B98","station_name":"B98_2455","lat":33.11006,"lon":-117.34678,"county":"SAN DIEGO","organization":"CRGML","batch_year":"1998"},{"station_id":"B98_109901","station_name":"109901_B98","lat":33.1097,"lon":-117.331,"county":"SAN DIEGO","organization":"MEC","batch_year":"1998"},{"station_id":"B98_109902","station_name":"109902_B98","lat":33.108,"lon":-117.342,"county":"SAN DIEGO","organization":"MEC","batch_year":"1998"},{"station_id":"B98_110002","station_name":"110002_B98","lat":33.1123,"lon":-117.343,"county":"SAN DIEGO","organization":"MEC","batch_year":"1998"},{"station_id":"B98_110001","station_name":"110001_B98","lat":33.1141,"lon":-117.333,"county":"SAN DIEGO","organization":"MEC","batch_year":"1998"},{"station_id":"B18-10232","station_name":"B18-10232","lat":33.09989,"lon":-117.32652,"county":"SAN DIEGO","organization":"SCCWRP","batch_year":"2018"}]}},{"type":"Feature","geometry":{"type":"Polygon","coordinates":[[[-117.30230161520912,33.05841428844805],[-117.29436644947644,33.070293042151135],[-117.30253256532366,33.081776947073735],[-117.31863455457889,33.08138087315265],[-117.32656712806154,33.06950168431299],[-117.31840030547755,33.058019004471795],[-117.30230161520912,33.05841428844805]]]},"properties":{"h3_index":"8729a4396ffffff","station_count":1,"program_id":"bight","program":"Southern California Bight","resolution":7,"stations":[{"station_id":"SCBPP_1684","station_name":"1684_SCBPP","lat":33.07098,"lon":-117.31602,"county":"SAN DIEGO","organization":"OCSD","batch_year":"1994"}]}},{"type":"Feature","geometry":{"type":"Polygon","coordinates":[[[-117.39962783447241,33.12607723132443],[-117.3917014596613,33.13795670235214],[-117.39987887967048,33.14942668006128],[-117.41598336845409,33.149015961245986],[-117.42390713651551,33.137136063161776],[-117.41572902348105,33.1256673108892],[-117.39962783447241,33.12607723132443]]]},"properties":{"h3_index":"8729a4399ffffff","station_count":1,"program_id":"bight","program":"Southern California Bight","resolution":7,"stations":[{"station_id":"4240_B03","station_name":"B03_4240","lat":33.12841,"lon":-117.41203,"county":"FEDERAL WATERS","organization":"CRGML","batch_year":"2003"}]}},{"type":"Feature","geometry":{"type":"Polygon","coordinates":[[[-117.35131683873982,33.12729473082588],[-117.34338365944684,33.13917232746244],[-117.35155798132695,33.15064656545744],[-117.36766618370409,33.15024198268107],[-117.3755967618455,33.138363955726064],[-117.36742173970046,33.12689094180631],[-117.35131683873982,33.12729473082588]]]},"properties":{"h3_index":"8729a439affffff","station_count":3,"program_id":"bight","program":"Southern California Bight","resolution":7,"stations":[{"station_id":"B98_110201","station_name":"110201_B98","lat":33.1425,"lon":-117.351,"county":"SAN DIEGO","organization":"MEC","batch_year":"1998"},{"station_id":"B98_110202","station_name":"110202_B98","lat":33.1381,"lon":-117.36,"county":"SAN DIEGO","organization":"MEC","batch_year":"1998"},{"station_id":"B98_110203","station_name":"110203_B98","lat":33.1336,"lon":-117.37,"county":"SAN DIEGO","organization":"MEC","batch_year":"1998"}]}},{"type":"Feature","geometry":{"type":"Polygon","coordinates":[[[-117.3755967618455,33.138363955726064],[-117.36766618370409,33.15024198268107],[-117.37584290694333,33.16171318475111],[-117.3919509060328,33.1613051354454],[-117.39987887967048,33.14942668006128],[-117.3917014596613,33.13795670235214],[-117.3755967618455,33.138363955726064]]]},"properties":{"h3_index":"8729a439bffffff","station_count":7,"program_id":"bight","program":"Southern California Bight","resolution":7,"stations":[{"station_id":"4296_B03","station_name":"B03_4296","lat":33.15194,"lon":-117.38332,"county":"SAN DIEGO","organization":"CRGML","batch_year":"2003"},{"station_id":"SCBPP_1667","station_name":"1667_SCBPP","lat":33.14398,"lon":-117.37797,"county":"SAN DIEGO","organization":"OCSD","batch_year":"1994"},{"station_id":"B98_110903","station_name":"110903_B98","lat":33.1578,"lon":-117.39,"county":"SAN DIEGO","organization":"MEC","batch_year":"1998"},{"station_id":"4040_B03","station_name":"B03_4040","lat":33.15278,"lon":-117.38742,"county":"SAN DIEGO","organization":"CRGML","batch_year":"2003"},{"station_id":"7145_B08","station_name":"B08-7145","lat":33.15223,"lon":-117.38101,"county":"SAN DIEGO","organization":"CRGML","batch_year":"2008"},{"station_id":"2288_B98","station_name":"B98_2288","lat":33.1586,"lon":-117.3846,"county":"SAN DIEGO","organization":"CAS","batch_year":"1998"},{"station_id":"2287_B98","station_name":"B98_2287","lat":33.1593,"lon":-117.3892,"county":"SAN DIEGO","organization":"CRGML","batch_year":"1998"}]}},{"type":"Feature","geometry":{"type":"Polygon","coordinates":[[[-117.37510477508383,33.0916570239979],[-117.36717739615507,33.10353707744257],[-117.37535071791311,33.11501189972584],[-117.39145211580755,33.114605442557966],[-117.39937689243632,33.10272495964642],[-117.39120287440836,33.09125136330965],[-117.37510477508383,33.0916570239979]]]},"properties":{"h3_index":"8729a439cffffff","station_count":1,"program_id":"bight","program":"Southern California Bight","resolution":7,"stations":[{"station_id":"B98_110004","station_name":"110004_B98","lat":33.1069,"lon":-117.376,"county":"SAN DIEGO","organization":"MEC","batch_year":"1998"}]}},{"type":"Feature","geometry":{"type":"Polygon","coordinates":[[[-117.3510757952585,33.10394007243187],[-117.34314421699443,33.115818683675066],[-117.35131683873982,33.12729473082588],[-117.36742173970046,33.12689094180631],[-117.37535071791311,33.11501189972584],[-117.36717739615507,33.10353707744257],[-117.3510757952585,33.10394007243187]]]},"properties":{"h3_index":"8729a439effffff","station_count":13,"program_id":"bight","program":"Southern California Bight","resolution":7,"stations":[{"station_id":"4232_B03","station_name":"B03_4232","lat":33.10725,"lon":-117.35739,"county":"SAN DIEGO","organization":"CRGML","batch_year":"2003"},{"station_id":"4152_B03","station_name":"B03_4152","lat":33.11466,"lon":-117.35762,"county":"SAN DIEGO","organization":"CRGML","batch_year":"2003"},{"station_id":"2408_B98","station_name":"B98_2408","lat":33.10513,"lon":-117.36191,"county":"SAN DIEGO","organization":"EPARD","batch_year":"1998"},{"station_id":"B98_109903","station_name":"109903_B98","lat":33.1062,"lon":-117.352,"county":"SAN DIEGO","organization":"MEC","batch_year":"1998"},{"station_id":"B98_110003","station_name":"110003_B98","lat":33.1106,"lon":-117.354,"county":"SAN DIEGO","organization":"MEC","batch_year":"1998"},{"station_id":"B98_110102","station_name":"110102_B98","lat":33.1169,"lon":-117.345,"county":"SAN DIEGO","organization":"MEC","batch_year":"1998"},{"station_id":"B98_110103","station_name":"110103_B98","lat":33.1149,"lon":-117.356,"county":"SAN DIEGO","organization":"MEC","batch_year":"1998"},{"station_id":"7128_B08","station_name":"B08-7128","lat":33.10513,"lon":-117.36191,"county":"SAN DIEGO","organization":"CRGML","batch_year":"2008"},{"station_id":"4024_B03","station_name":"B03_4024","lat":33.11935,"lon":-117.36062,"county":"SAN DIEGO","organization":"CRGML","batch_year":"2003"},{"station_id":"B18-10268","station_name":"B18-10268","lat":33.10525,"lon":-117.36218,"county":"SAN DIEGO","organization":"SCCWRP","batch_year":"2018"},{"station_id":"2290_B98","station_name":"B98_2290","lat":33.116,"lon":-117.3587,"county":"SAN DIEGO","organization":"CRGML","batch_year":"1998"},{"station_id":"4280_B03","station_name":"B03_4280","lat":33.11481,"lon":-117.3481,"county":"SAN DIEGO","organization":"CRGML","batch_year":"2003"},{"station_id":"2292_B98","station_name":"B98_2292","lat":33.1191,"lon":-117.3564,"county":"SAN DIEGO","organization":"SCCWRP","batch_year":"1998"}]}},{"type":"Feature","geometry":{"type":"Polygon","coordinates":[[[-117.42237306025484,32.99699594811314],[-117.41445886502744,33.008881864155875],[-117.4226284771722,33.02035963283936],[-117.438712973536,33.01995025492919],[-117.44662456529042,33.008063910589314],[-117.43845426508834,32.996587372396036],[-117.42237306025484,32.99699594811314]]]},"properties":{"h3_index":"8729a43a0ffffff","station_count":1,"program_id":"bight","program":"Southern California Bight","resolution":7,"stations":[{"station_id":"4398_B03","station_name":"B03_4398","lat":32.99928,"lon":-117.42155,"county":"FEDERAL WATERS","organization":"CRGML","batch_year":"2003"}]}},{"type":"Feature","geometry":{"type":"Polygon","coordinates":[[[-117.44688497274778,33.03142499762573],[-117.43897178822827,33.04331034786449],[-117.44714548715602,33.05478329156643],[-117.46323305635305,33.05436965499708],[-117.47114363296332,33.04248387888252],[-117.46296924922038,33.031012165152184],[-117.44688497274778,33.03142499762573]]]},"properties":{"h3_index":"8729a43aeffffff","station_count":1,"program_id":"bight","program":"Southern California Bight","resolution":7,"stations":[{"station_id":"B18-10376","station_name":"B18-10376","lat":33.05216,"lon":-117.45417,"county":"OOS","organization":"SCCWRP","batch_year":"2018"}]}},{"type":"Feature","geometry":{"type":"Polygon","coordinates":[[[-117.32609552505649,33.0227731350733],[-117.31816615259802,33.03465433325656],[-117.32633127812534,33.046138809075806],[-117.34242647978962,33.045740859691655],[-117.35035325883891,33.03385922721459],[-117.3421874305702,33.022375978355974],[-117.32609552505649,33.0227731350733]]]},"properties":{"h3_index":"8729a43b2ffffff","station_count":1,"program_id":"bight","program":"Southern California Bight","resolution":7,"stations":[{"station_id":"B98_109203","station_name":"109203_B98","lat":33.0454,"lon":-117.328,"county":"SAN DIEGO","organization":"MEC","batch_year":"1998"}]}},{"type":"Feature","geometry":{"type":"Polygon","coordinates":[[[-117.32585986879532,32.999404669576855],[-117.3179320958811,33.01128686677593],[-117.32609552505649,33.0227731350733],[-117.3421874305702,33.022375978355974],[-117.35011261117059,33.01049334633766],[-117.34194847950768,32.99900830579636],[-117.32585986879532,32.999404669576855]]]},"properties":{"h3_index":"8729a43b6ffffff","station_count":1,"program_id":"bight","program":"Southern California Bight","resolution":7,"stations":[{"station_id":"B98_109004","station_name":"109004_B98","lat":33.0001,"lon":-117.33,"county":"SAN DIEGO","organization":"MEC","batch_year":"1998"}]}},{"type":"Feature","geometry":{"type":"Polygon","coordinates":[[[-117.25421926186914,33.082952907178736],[-117.24627571152983,33.0948287636635],[-117.25444040266846,33.10631511548915],[-117.27054935931433,33.10592438786375],[-117.27849032192985,33.09404809351088],[-117.27032491656351,33.08256296459298],[-117.25421926186914,33.082952907178736]]]},"properties":{"h3_index":"8729a4760ffffff","station_count":1,"program_id":"bight","program":"Southern California Bight","resolution":7,"stations":[{"station_id":"6252_B08","station_name":"B08-6252","lat":33.08852,"lon":-117.27261,"county":"SAN DIEGO","organization":"CRGML","batch_year":"2008"}]}},{"type":"Feature","geometry":{"type":"Polygon","coordinates":[[[-117.27826427486187,33.070685657193856],[-117.27032491656351,33.08256296459298],[-117.27849032192985,33.09404809351088],[-117.29459579701485,33.09365469097549],[-117.30253256532366,33.081776947073735],[-117.29436644947644,33.070293042151135],[-117.27826427486187,33.070685657193856]]]},"properties":{"h3_index":"8729a4765ffffff","station_count":9,"program_id":"bight","program":"Southern California Bight","resolution":7,"stations":[{"station_id":"6250_B08","station_name":"B08-6250","lat":33.08775,"lon":-117.29287,"county":"SAN DIEGO","organization":"CRGML","batch_year":"2008"},{"station_id":"6264_B08","station_name":"B08-6264","lat":33.09067,"lon":-117.28723,"county":"SAN DIEGO","organization":"CRGML","batch_year":"2008"},{"station_id":"B13-8205","station_name":"B13-8205 OpenwaterStation","lat":33.08886,"lon":-117.29564,"county":"SAN DIEGO","organization":"SCCWRP","batch_year":"2013"},{"station_id":"B18-10171","station_name":"B18-10171","lat":33.08992,"lon":-117.27848,"county":"SAN DIEGO","organization":"SCCWRP","batch_year":"2018"},{"station_id":"B13-8202","station_name":"B13-8202 OpenwaterStation","lat":33.08822,"lon":-117.29156,"county":"SAN DIEGO","organization":"SCCWRP","batch_year":"2013"},{"station_id":"B18-10172","station_name":"B18-10172","lat":33.0896,"lon":-117.29459,"county":"SAN DIEGO","organization":"SCCWRP","batch_year":"2018"},{"station_id":"B18-10173","station_name":"B18-10173","lat":33.08952,"lon":-117.28498,"county":"SAN DIEGO","organization":"SCCWRP","batch_year":"2018"},{"station_id":"B23-12160","station_name":"B23-12160_Batiquitos Lagoon","lat":33.09033,"lon":-117.28693,"county":"SAN DIEGO","organization":"WestonSolu","batch_year":"2023"},{"station_id":"B23-12161","station_name":"B23-12161_Batiquitos Lagoon","lat":33.09052,"lon":-117.2786,"county":"SAN DIEGO","organization":"WestonSolu","batch_year":"2023"}]}},{"type":"Feature","geometry":{"type":"Polygon","coordinates":[[[-117.30299475039932,33.12849382685888],[-117.2950547749969,33.1403695398632],[-117.30322598547755,33.15184803350638],[-117.3193378798074,33.15144959138097],[-117.3272752596716,33.139573444800476],[-117.31910334168444,33.128096173862545],[-117.30299475039932,33.12849382685888]]]},"properties":{"h3_index":"8729a4768ffffff","station_count":10,"program_id":"bight","program":"Southern California Bight","resolution":7,"stations":[{"station_id":"4304_B03","station_name":"B03_4304","lat":33.14016,"lon":-117.32504,"county":"SAN DIEGO","organization":"CRGML","batch_year":"2003"},{"station_id":"6270_B08","station_name":"B08-6270","lat":33.13944,"lon":-117.31866,"county":"SAN DIEGO","organization":"CRGML","batch_year":"2008"},{"station_id":"6271_B08","station_name":"B08-6271","lat":33.14016,"lon":-117.32504,"county":"SAN DIEGO","organization":"CRGML","batch_year":"2008"},{"station_id":"B13-8219","station_name":"B13-8219 OpenwaterStation","lat":33.13944,"lon":-117.31866,"county":"SAN DIEGO","organization":"SCCWRP","batch_year":"2013"},{"station_id":"B18-10169","station_name":"B18-10169","lat":33.13982,"lon":-117.31879,"county":"SAN DIEGO","organization":"SCCWRP","batch_year":"2018"},{"station_id":"B18-10168","station_name":"B18-10168","lat":33.14021,"lon":-117.32424,"county":"SAN DIEGO","organization":"SCCWRP","batch_year":"2018"},{"station_id":"4087_B03","station_name":"B03_4087","lat":33.13944,"lon":-117.31866,"county":"SAN DIEGO","organization":"CRGML","batch_year":"2003"},{"station_id":"B13-8222","station_name":"B13-8222 OpenwaterStation","lat":33.14016,"lon":-117.32504,"county":"SAN DIEGO","organization":"SCCWRP","batch_year":"2013"},{"station_id":"B23-12163","station_name":"B23-12163_Agua Hedionda Lagoon","lat":33.13948,"lon":-117.31869,"county":"SAN DIEGO","organization":"WestonSolu","batch_year":"2023"},{"station_id":"B23-12164","station_name":"B23-12164_Agua Hedionda Lagoon","lat":33.14009,"lon":-117.32445,"county":"SAN DIEGO","organization":"WestonSolu","batch_year":"2023"}]}},{"type":"Feature","geometry":{"type":"Polygon","coordinates":[[[-117.3272752596716,33.139573444800476],[-117.3193378798074,33.15144959138097],[-117.32751149767476,33.16292505237177],[-117.34362320035905,33.162523143726986],[-117.35155798132695,33.15064656545744],[-117.34338365944684,33.13917232746244],[-117.3272752596716,33.139573444800476]]]},"properties":{"h3_index":"8729a4769ffffff","station_count":4,"program_id":"bight","program":"Southern California Bight","resolution":7,"stations":[{"station_id":"4272_B03","station_name":"B03_4272","lat":33.14495,"lon":-117.333,"county":"SAN DIEGO","organization":"CRGML","batch_year":"2003"},{"station_id":"6280_B08","station_name":"B08-6280","lat":33.14458,"lon":-117.32815,"county":"SAN DIEGO","organization":"CRGML","batch_year":"2008"},{"station_id":"6282_B08","station_name":"B08-6282","lat":33.14507,"lon":-117.3356,"county":"SAN DIEGO","organization":"CRGML","batch_year":"2008"},{"station_id":"B23-12545","station_name":"B23-12545_Agua Hedionda Lagoon","lat":33.14236,"lon":-117.32822,"county":"SAN DIEGO","organization":"WestonSolu","batch_year":"2023"}]}},{"type":"Feature","geometry":{"type":"Polygon","coordinates":[[[-117.32703911877492,33.116219009433024],[-117.31910334168444,33.128096173862545],[-117.3272752596716,33.139573444800476],[-117.34338365944684,33.13917232746244],[-117.35131683873982,33.12729473082588],[-117.34314421699443,33.115818683675066],[-117.32703911877492,33.116219009433024]]]},"properties":{"h3_index":"8729a476dffffff","station_count":5,"program_id":"bight","program":"Southern California Bight","resolution":7,"stations":[{"station_id":"6269_B08","station_name":"B08-6269","lat":33.13922,"lon":-117.33776,"county":"SAN DIEGO","organization":"CRGML","batch_year":"2008"},{"station_id":"B98_110101","station_name":"110101_B98","lat":33.1186,"lon":-117.335,"county":"SAN DIEGO","organization":"MEC","batch_year":"1998"},{"station_id":"B13-8218","station_name":"B13-8218 OpenwaterStation","lat":33.13922,"lon":-117.33775,"county":"SAN DIEGO","organization":"SCCWRP","batch_year":"2013"},{"station_id":"4049_B03","station_name":"B03_4049","lat":33.13922,"lon":-117.33776,"county":"SAN DIEGO","organization":"CRGML","batch_year":"2003"},{"station_id":"B18-10170","station_name":"B18-10170","lat":33.13903,"lon":-117.33747,"county":"SAN DIEGO","organization":"SCCWRP","batch_year":"2018"}]}},{"type":"Feature","geometry":{"type":"Polygon","coordinates":[[[-117.24915799125519,32.544861077337565],[-117.24125120198089,32.55675926421993],[-117.24937705608863,32.56828608797273],[-117.26541040866039,32.56791348346297],[-117.2733146351527,32.55601484634644],[-117.26518807278241,32.544489263914194],[-117.24915799125519,32.544861077337565]]]},"properties":{"h3_index":"8729a488affffff","station_count":4,"program_id":"bight","program":"Southern California Bight","resolution":7,"stations":[{"station_id":"B98_102006","station_name":"102006_B98","lat":32.5574,"lon":-117.255,"county":"FEDERAL WATERS","organization":"CSD","batch_year":"1998"},{"station_id":"B03W013_B03","station_name":"B03_B03W013","lat":32.557,"lon":-117.257,"county":"FEDERAL WATERS","organization":"USC","batch_year":"2003"},{"station_id":"2353_B98","station_name":"B98_2353","lat":32.552,"lon":-117.26367,"county":"FEDERAL WATERS","organization":"SCCWRP","batch_year":"1998"},{"station_id":"4324_B03","station_name":"B03_4324","lat":32.56644,"lon":-117.25758,"county":"FEDERAL WATERS","organization":"USC","batch_year":"2003"}]}},{"type":"Feature","geometry":{"type":"Polygon","coordinates":[[[-117.15275293848816,32.52361737985623],[-117.14483433573123,32.53551281995768],[-117.15295228445972,32.547049748314556],[-117.16898955914088,32.546689997217435],[-117.17690561131789,32.53479409984116],[-117.16878694032233,32.52325841077829],[-117.15275293848816,32.52361737985623]]]},"properties":{"h3_index":"8729a4893ffffff","station_count":4,"program_id":"bight","program":"Southern California Bight","resolution":7,"stations":[{"station_id":"B98_101003","station_name":"101003_B98","lat":32.5393,"lon":-117.154,"county":"SAN DIEGO","organization":"CSD","batch_year":"1998"},{"station_id":"2335_B98","station_name":"B98_2335","lat":32.5447,"lon":-117.1548,"county":"SAN DIEGO","organization":"CSD","batch_year":"1998"},{"station_id":"B18-10240","station_name":"B18-10240","lat":32.53442,"lon":-117.16923,"county":"SAN DIEGO","organization":"SCCWRP","batch_year":"2018"},{"station_id":"B03_B03W014","station_name":"B03W014_B03","lat":32.53617,"lon":-117.16117,"county":"SAN DIEGO","organization":"USC","batch_year":"2003"}]}},{"type":"Feature","geometry":{"type":"Polygon","coordinates":[[[-117.20106052737854,32.54596446067685],[-117.19314702910403,32.55786081343054],[-117.20126977592402,32.56939183525631],[-117.21730673734392,32.56902526436166],[-117.22521767839535,32.55712845812876],[-117.21709421617818,32.545598676210666],[-117.20106052737854,32.54596446067685]]]},"properties":{"h3_index":"8729a4898ffffff","station_count":4,"program_id":"bight","program":"Southern California Bight","resolution":7,"stations":[{"station_id":"B98_102005","station_name":"102005_B98","lat":32.5574,"lon":-117.211,"county":"FEDERAL WATERS","organization":"CSD","batch_year":"1998"},{"station_id":"4000_B03","station_name":"B03_4000","lat":32.55081,"lon":-117.19931,"county":"FEDERAL WATERS","organization":"CSD","batch_year":"2003"},{"station_id":"7002_B08","station_name":"B08-7002","lat":32.55081,"lon":-117.19931,"county":"FEDERAL WATERS","organization":"NOAACOAST","batch_year":"2008"},{"station_id":"B18-10278","station_name":"B18-10278","lat":32.55155,"lon":-117.19943,"county":"OOS","organization":"SCCWRP","batch_year":"2018"}]}},{"type":"Feature","geometry":{"type":"Polygon","coordinates":[[[-117.17710990815326,32.558223973842566],[-117.16919226088017,32.57011893999247],[-117.17731428860284,32.581651200612356],[-117.19335468362493,32.58128725622949],[-117.20126977592402,32.56939183525631],[-117.19314702910403,32.55786081343054],[-117.17710990815326,32.558223973842566]]]},"properties":{"h3_index":"8729a489affffff","station_count":2,"program_id":"bight","program":"Southern California Bight","resolution":7,"stations":[{"station_id":"B98_102103","station_name":"102103_B98","lat":32.5658,"lon":-117.175,"county":"SAN DIEGO","organization":"CSD","batch_year":"1998"},{"station_id":"B03_B03W021","station_name":"B03W021_B03","lat":32.57417,"lon":-117.19083,"county":"SAN DIEGO","organization":"USC","batch_year":"2003"}]}},{"type":"Feature","geometry":{"type":"Polygon","coordinates":[[[-117.22500356491949,32.53370094146286],[-117.21709421617818,32.545598676210666],[-117.22521767839535,32.55712845812876],[-117.24125120198089,32.55675926421993],[-117.24915799125519,32.544861077337565],[-117.24103381733833,32.53333253643923],[-117.22500356491949,32.53370094146286]]]},"properties":{"h3_index":"8729a489dffffff","station_count":2,"program_id":"bight","program":"Southern California Bight","resolution":7,"stations":[{"station_id":"B98_101006","station_name":"101006_B98","lat":32.5397,"lon":-117.239,"county":"FEDERAL WATERS","organization":"CSD","batch_year":"1998"},{"station_id":"SCBPP_2001","station_name":"2001_SCBPP","lat":32.5455,"lon":-117.2325,"county":"FEDERAL WATERS","organization":"CSD","batch_year":"1994"}]}},{"type":"Feature","geometry":{"type":"Polygon","coordinates":[[[-117.17690561131789,32.53479409984116],[-117.16898955914088,32.546689997217435],[-117.17710990815326,32.558223973842566],[-117.19314702910403,32.55786081343054],[-117.20106052737854,32.54596446067685],[-117.1929394595332,32.5344317236538],[-117.17690561131789,32.53479409984116]]]},"properties":{"h3_index":"8729a489effffff","station_count":6,"program_id":"bight","program":"Southern California Bight","resolution":7,"stations":[{"station_id":"B98_102004","station_name":"102004_B98","lat":32.5574,"lon":-117.191,"county":"SAN DIEGO","organization":"CSD","batch_year":"1998"},{"station_id":"SCBPP_2011","station_name":"2011_SCBPP","lat":32.54267,"lon":-117.19267,"county":"FEDERAL WATERS","organization":"CSD","batch_year":"1994"},{"station_id":"B98_101005","station_name":"101005_B98","lat":32.5405,"lon":-117.195,"county":"FEDERAL WATERS","organization":"CSD","batch_year":"1998"},{"station_id":"2352_B98","station_name":"B98_2352","lat":32.54203,"lon":-117.19023,"county":"FEDERAL WATERS","organization":"CSD","batch_year":"1998"},{"station_id":"B98_101004","station_name":"101004_B98","lat":32.54,"lon":-117.174,"county":"SAN DIEGO","organization":"CSD","batch_year":"1998"},{"station_id":"B03_B03W019","station_name":"B03W019_B03","lat":32.55333,"lon":-117.18467,"county":"SAN DIEGO","organization":"USC","batch_year":"2003"}]}},{"type":"Feature","geometry":{"type":"Polygon","coordinates":[[[-117.39388213950707,32.5882755087776],[-117.38599236069152,32.60017729710265],[-117.39413082797074,32.61168804150384],[-117.41015976234964,32.61129575363463],[-117.41804695962101,32.599393525942624],[-117.40990780498261,32.587884025425545],[-117.39388213950707,32.5882755087776]]]},"properties":{"h3_index":"8729a48c3ffffff","station_count":1,"program_id":"bight","program":"Southern California Bight","resolution":7,"stations":[{"station_id":"SCBPP_1916","station_name":"1916_SCBPP","lat":32.6085,"lon":-117.39833,"county":"FEDERAL WATERS","organization":"CSD","batch_year":"1994"}]}},{"type":"Feature","geometry":{"type":"Polygon","coordinates":[[[-117.44221393841858,32.610505151937744],[-117.4343293259912,32.62240781709029],[-117.44247253773949,32.63391260504173],[-117.45850104330337,32.633513483329935],[-117.46638306758884,32.621610382624006],[-117.45823917537673,32.610106839121485],[-117.44221393841858,32.610505151937744]]]},"properties":{"h3_index":"8729a48c8ffffff","station_count":1,"program_id":"bight","program":"Southern California Bight","resolution":7,"stations":[{"station_id":"7022_B08","station_name":"B08-7022","lat":32.62145,"lon":-117.4582,"county":"FEDERAL WATERS","organization":"CSD","batch_year":"2008"}]}},{"type":"Feature","geometry":{"type":"Polygon","coordinates":[[[-117.41830060311624,32.62280352132308],[-117.41041182282534,32.634704819893074],[-117.41855435041849,32.646210851201545],[-117.43458634338288,32.64581434052154],[-117.44247253773949,32.63391260504173],[-117.4343293259912,32.62240781709029],[-117.41830060311624,32.62280352132308]]]},"properties":{"h3_index":"8729a48caffffff","station_count":2,"program_id":"bight","program":"Southern California Bight","resolution":7,"stations":[{"station_id":"SCBPP_1874","station_name":"1874_SCBPP","lat":32.64,"lon":-117.43017,"county":"FEDERAL WATERS","organization":"CSD","batch_year":"1994"},{"station_id":"7029_B08","station_name":"B08-7029","lat":32.63637,"lon":-117.41743,"county":"FEDERAL WATERS","organization":"CSD","batch_year":"2008"}]}},{"type":"Feature","geometry":{"type":"Polygon","coordinates":[[[-117.41804695962101,32.599393525942624],[-117.41015976234964,32.61129575363463],[-117.41830060311624,32.62280352132308],[-117.4343293259912,32.62240781709029],[-117.44221393841858,32.610505151937744],[-117.43407241373966,32.59899862841703],[-117.41804695962101,32.599393525942624]]]},"properties":{"h3_index":"8729a48ceffffff","station_count":1,"program_id":"bight","program":"Southern California Bight","resolution":7,"stations":[{"station_id":"SCBPP_1905","station_name":"1905_SCBPP","lat":32.61867,"lon":-117.42233,"county":"FEDERAL WATERS","organization":"CSD","batch_year":"1994"}]}},{"type":"Feature","geometry":{"type":"Polygon","coordinates":[[[-117.32163454249321,32.57830326694711],[-117.31373545150224,32.59020279882769],[-117.32186846636164,32.601720729770385],[-117.33790127107929,32.60133788656393],[-117.34579778935459,32.589437910155006],[-117.33766407655422,32.57792122142047],[-117.32163454249321,32.57830326694711]]]},"properties":{"h3_index":"8729a48d0ffffff","station_count":3,"program_id":"bight","program":"Southern California Bight","resolution":7,"stations":[{"station_id":"7008_B08","station_name":"B08-7008","lat":32.58567,"lon":-117.3411,"county":"FEDERAL WATERS","organization":"NOAACOAST","batch_year":"2008"},{"station_id":"4068_B03","station_name":"B03_4068","lat":32.58567,"lon":-117.3411,"county":"FEDERAL WATERS","organization":"CSD","batch_year":"2003"},{"station_id":"B18-10320","station_name":"B18-10320","lat":32.58565,"lon":-117.34061,"county":"OOS","organization":"SCCWRP","batch_year":"2018"}]}},{"type":"Feature","geometry":{"type":"Polygon","coordinates":[[[-117.34579778935459,32.589437910155006],[-117.33790127107929,32.60133788656393],[-117.34603666787167,32.61285284714783],[-117.36206927836241,32.61246658876303],[-117.36996322061452,32.60056616972926],[-117.36182712932515,32.589052451644434],[-117.34579778935459,32.589437910155006]]]},"properties":{"h3_index":"8729a48d1ffffff","station_count":1,"program_id":"bight","program":"Southern California Bight","resolution":7,"stations":[{"station_id":"4458_B03","station_name":"B03_4458","lat":32.5977,"lon":-117.35125,"county":"FEDERAL WATERS","organization":"CSD","batch_year":"2003"}]}},{"type":"Feature","geometry":{"type":"Polygon","coordinates":[[[-117.29770245836308,32.59058222799184],[-117.28979920888646,32.60248038326537],[-117.29793152210911,32.613999555313505],[-117.31396778737228,32.61361933092256],[-117.32186846636164,32.601720729770385],[-117.31373545150224,32.59020279882769],[-117.29770245836308,32.59058222799184]]]},"properties":{"h3_index":"8729a48d2ffffff","station_count":1,"program_id":"bight","program":"Southern California Bight","resolution":7,"stations":[{"station_id":"2418_B98","station_name":"B98_2418","lat":32.5952,"lon":-117.31481,"county":"FEDERAL WATERS","organization":"CSD","batch_year":"1998"}]}},{"type":"Feature","geometry":{"type":"Polygon","coordinates":[[[-117.32186846636164,32.601720729770385],[-117.31396778737228,32.61361933092256],[-117.3221024859723,32.62513553290515],[-117.33813856268092,32.62475189227652],[-117.34603666787167,32.61285284714783],[-117.33790127107929,32.60133788656393],[-117.32186846636164,32.601720729770385]]]},"properties":{"h3_index":"8729a48d3ffffff","station_count":1,"program_id":"bight","program":"Southern California Bight","resolution":7,"stations":[{"station_id":"SCBPP_1903","station_name":"1903_SCBPP","lat":32.61933,"lon":-117.335,"county":"FEDERAL WATERS","organization":"CSD","batch_year":"1994"}]}},{"type":"Feature","geometry":{"type":"Polygon","coordinates":[[[-117.34627564416246,32.63626512115474],[-117.33837595141878,32.648163231191305],[-117.34651471828691,32.65967472481181],[-117.36255387382167,32.65928686745449],[-117.37045098837154,32.647388315893956],[-117.36231152650763,32.63587806315414],[-117.34627564416246,32.63626512115474]]]},"properties":{"h3_index":"8729a48daffffff","station_count":1,"program_id":"bight","program":"Southern California Bight","resolution":7,"stations":[{"station_id":"B98_106005","station_name":"106005_B98","lat":32.64,"lon":-117.354,"county":"FEDERAL WATERS","organization":"CSD","batch_year":"1998"}]}},{"type":"Feature","geometry":{"type":"Polygon","coordinates":[[[-117.37045098837154,32.647388315893956],[-117.36255387382167,32.65928686745449],[-117.37069502201969,32.67079538219553],[-117.38673397724047,32.670404104146336],[-117.39462851028698,32.65850511296482],[-117.38648667054301,32.64699783939266],[-117.37045098837154,32.647388315893956]]]},"properties":{"h3_index":"8729a48dbffffff","station_count":2,"program_id":"bight","program":"Southern California Bight","resolution":7,"stations":[{"station_id":"B98_107005","station_name":"107005_B98","lat":32.6574,"lon":-117.365,"county":"FEDERAL WATERS","organization":"CSD","batch_year":"1998"},{"station_id":"7045_B08","station_name":"B08-7045","lat":32.67054,"lon":-117.37446,"county":"FEDERAL WATERS","organization":"CSD","batch_year":"2008"}]}},{"type":"Feature","geometry":{"type":"Polygon","coordinates":[[[-117.34603666787167,32.61285284714783],[-117.33813856268092,32.62475189227652],[-117.34627564416246,32.63626512115474],[-117.36231152650763,32.63587806315414],[-117.37020705459025,32.62397857595177],[-117.36206927836241,32.61246658876303],[-117.34603666787167,32.61285284714783]]]},"properties":{"h3_index":"8729a48deffffff","station_count":2,"program_id":"bight","program":"Southern California Bight","resolution":7,"stations":[{"station_id":"SCBPP_1888","station_name":"1888_SCBPP","lat":32.63,"lon":-117.349,"county":"FEDERAL WATERS","organization":"CSD","batch_year":"1994"},{"station_id":"SCBPP_1908","station_name":"1908_SCBPP","lat":32.61683,"lon":-117.34667,"county":"FEDERAL WATERS","organization":"CSD","batch_year":"1994"}]}},{"type":"Feature","geometry":{"type":"Polygon","coordinates":[[[-117.56449903328908,32.78291368412556],[-117.5566195059601,32.794813807885596],[-117.56478300420918,32.80629485275916],[-117.5808266950609,32.80587453204218],[-117.58870361226907,32.79397398499597],[-117.58053944967207,32.78249418189007],[-117.56449903328908,32.78291368412556]]]},"properties":{"h3_index":"8729a4a84ffffff","station_count":1,"program_id":"bight","program":"Southern California Bight","resolution":7,"stations":[{"station_id":"7092_B08","station_name":"B08-7092","lat":32.80048,"lon":-117.56625,"county":"FEDERAL WATERS","organization":"CSD","batch_year":"2008"}]}},{"type":"Feature","geometry":{"type":"Polygon","coordinates":[[[-117.54113391296887,32.84199003541043],[-117.53324703478737,32.85388687002808],[-117.54141325716273,32.86536560961952],[-117.5574670271613,32.864946275451715],[-117.56535129520685,32.85304901725651],[-117.55718440431758,32.84157151674423],[-117.54113391296887,32.84199003541043]]]},"properties":{"h3_index":"8729a4a9cffffff","station_count":1,"program_id":"bight","program":"Southern California Bight","resolution":7,"stations":[{"station_id":"7097_B08","station_name":"B08-7097","lat":32.84262,"lon":-117.54891,"county":"FEDERAL WATERS","organization":"CSD","batch_year":"2008"}]}},{"type":"Feature","geometry":{"type":"Polygon","coordinates":[[[-117.56535129520685,32.85304901725651],[-117.5574670271613,32.864946275451715],[-117.56563561542751,32.8764219985063],[-117.58168913770682,32.875999223956086],[-117.58957079231217,32.86410154408913],[-117.58140153900591,32.85262706038145],[-117.56535129520685,32.85304901725651]]]},"properties":{"h3_index":"8729a4a9dffffff","station_count":1,"program_id":"bight","program":"Southern California Bight","resolution":7,"stations":[{"station_id":"4316_B03","station_name":"B03_4316","lat":32.87412,"lon":-117.58208,"county":"FEDERAL WATERS","organization":"CSD","batch_year":"2003"}]}},{"type":"Feature","geometry":{"type":"Polygon","coordinates":[[[-117.54001768011275,32.748460479823855],[-117.53213712603784,32.7603611254558],[-117.5402965668794,32.771846942906336],[-117.5563372303041,32.771430872354415],[-117.56421517865948,32.75952980098681],[-117.55605507023522,32.748045225844166],[-117.54001768011275,32.748460479823855]]]},"properties":{"h3_index":"8729a4ab5ffffff","station_count":1,"program_id":"bight","program":"Southern California Bight","resolution":7,"stations":[{"station_id":"7082_B08","station_name":"B08-7082","lat":32.76012,"lon":-117.55549,"county":"FEDERAL WATERS","organization":"CSD","batch_year":"2008"}]}},{"type":"Feature","geometry":{"type":"Polygon","coordinates":[[[-117.68708831205312,32.954964147266004],[-117.67921399168875,32.966861560109805],[-117.68739777748605,32.97831856347342],[-117.70345653266178,32.977876914892484],[-117.71132822085806,32.965979090979715],[-117.7031437869738,32.954523326652996],[-117.68708831205312,32.954964147266004]]]},"properties":{"h3_index":"8729a4adaffffff","station_count":1,"program_id":"bight","program":"Southern California Bight","resolution":7,"stations":[{"station_id":"B18-10378","station_name":"B18-10378","lat":32.97718,"lon":-117.69445,"county":"OOS","organization":"SCCWRP","batch_year":"2018"}]}},{"type":"Feature","geometry":{"type":"Polygon","coordinates":[[[-117.10540236536093,32.61840514501357],[-117.09747067347573,32.63029497885752],[-117.10559220027636,32.641829227177595],[-117.1216461503792,32.641472406955934],[-117.1295752930008,32.629582114810574],[-117.12145303571525,32.61804910113053],[-117.10540236536093,32.61840514501357]]]},"properties":{"h3_index":"8729a4c48ffffff","station_count":14,"program_id":"bight","program":"Southern California Bight","resolution":7,"stations":[{"station_id":"B03_BAY0SH","station_name":"BAY0SH_B03","lat":32.62949,"lon":-117.1086,"county":"SAN DIEGO","organization":"MEC","batch_year":"2003"},{"station_id":"B13-8018","station_name":"B13-8018 OpenwaterStation","lat":32.63403,"lon":-117.10721,"county":"SAN DIEGO","organization":"SCCWRP","batch_year":"2013"},{"station_id":"4308_B03","station_name":"B03_4308","lat":32.6308,"lon":-117.12242,"county":"SAN DIEGO","organization":"CSD","batch_year":"2003"},{"station_id":"B03_BAY0O","station_name":"BAY0O_B03","lat":32.62954,"lon":-117.1084,"county":"SAN DIEGO","organization":"MEC","batch_year":"2003"},{"station_id":"B18-10042","station_name":"B18-10042","lat":32.625589,"lon":-117.111271,"county":"SAN DIEGO","organization":"SCCWRP","batch_year":"2018"},{"station_id":"B18-10041","station_name":"B18-10041","lat":32.62848,"lon":-117.1254,"county":"SAN DIEGO","organization":"SCCWRP","batch_year":"2018"},{"station_id":"B03_BAY100LSH","station_name":"BAY100LSH_B03","lat":32.62927,"lon":-117.1084,"county":"SAN DIEGO","organization":"MEC","batch_year":"2003"},{"station_id":"B03_BAY150LO","station_name":"BAY150LO_B03","lat":32.6281,"lon":-117.10862,"county":"SAN DIEGO","organization":"MEC","batch_year":"2003"},{"station_id":"B03_BAY25LO","station_name":"BAY25LO_B03","lat":32.62941,"lon":-117.1095,"county":"SAN DIEGO","organization":"MEC","batch_year":"2003"},{"station_id":"B03_BAY25LSH","station_name":"BAY25LSH_B03","lat":32.62945,"lon":-117.1085,"county":"SAN DIEGO","organization":"MEC","batch_year":"2003"},{"station_id":"B03_BAY100LO","station_name":"BAY100LO_B03","lat":32.62904,"lon":-117.1094,"county":"SAN DIEGO","organization":"MEC","batch_year":"2003"},{"station_id":"B03_BAY50LO","station_name":"BAY50LO_B03","lat":32.6288,"lon":-117.10911,"county":"SAN DIEGO","organization":"MEC","batch_year":"2003"},{"station_id":"B03_BAY150LSH","station_name":"BAY150LSH_B03","lat":32.62838,"lon":-117.1079,"county":"SAN DIEGO","organization":"MEC","batch_year":"2003"},{"station_id":"B03_BAY50LSH","station_name":"BAY50LSH_B03","lat":32.62907,"lon":-117.10839,"county":"SAN DIEGO","organization":"MEC","batch_year":"2003"}]}},{"type":"Feature","geometry":{"type":"Polygon","coordinates":[[[-117.1295752930008,32.629582114810574],[-117.1216461503792,32.641472406955934],[-117.12977008722737,32.653003695894405],[-117.14582389467265,32.65264345767703],[-117.15375048469436,32.64075270912291],[-117.14562582080248,32.629222655136886],[-117.1295752930008,32.629582114810574]]]},"properties":{"h3_index":"8729a4c49ffffff","station_count":8,"program_id":"bight","program":"Southern California Bight","resolution":7,"stations":[{"station_id":"6031_B08","station_name":"B08-6031","lat":32.63213,"lon":-117.1365,"county":"SAN DIEGO","organization":"CRGML","batch_year":"2008"},{"station_id":"B13-8020","station_name":"B13-8020 OpenwaterStation","lat":32.64183,"lon":-117.13123,"county":"SAN DIEGO","organization":"SCCWRP","batch_year":"2013"},{"station_id":"2235_B98","station_name":"B98_2235","lat":32.64081,"lon":-117.13707,"county":"SAN DIEGO","organization":"CSD","batch_year":"1998"},{"station_id":"2245_B98","station_name":"B98_2245","lat":32.65091,"lon":-117.14279,"county":"SAN DIEGO","organization":"CSD","batch_year":"1998"},{"station_id":"2247_B98","station_name":"B98_2247","lat":32.64235,"lon":-117.12493,"county":"SAN DIEGO","organization":"SCCWRP","batch_year":"1998"},{"station_id":"B13-8017","station_name":"B13-8017 OpenwaterStation","lat":32.63191,"lon":-117.13096,"county":"SAN DIEGO","organization":"SCCWRP","batch_year":"2013"},{"station_id":"B18-10039","station_name":"B18-10039","lat":32.641579,"lon":-117.139037,"county":"SAN DIEGO","organization":"SCCWRP","batch_year":"2018"},{"station_id":"B18-10038","station_name":"B18-10038","lat":32.64268,"lon":-117.12624,"county":"SAN DIEGO","organization":"SCCWRP","batch_year":"2018"}]}},{"type":"Feature","geometry":{"type":"Polygon","coordinates":[[[-117.08141658652922,32.6306483822595],[-117.07348074612608,32.64253680780178],[-117.08160153872888,32.65407228964334],[-117.09765890686558,32.653718112363684],[-117.10559220027636,32.641829227177595],[-117.09747067347573,32.63029497885752],[-117.08141658652922,32.6306483822595]]]},"properties":{"h3_index":"8729a4c4affffff","station_count":1,"program_id":"bight","program":"Southern California Bight","resolution":7,"stations":[{"station_id":"6060_B08","station_name":"B08-6060","lat":32.65374,"lon":-117.09502,"county":"SAN DIEGO","organization":"CRGML","batch_year":"2008"}]}},{"type":"Feature","geometry":{"type":"Polygon","coordinates":[[[-117.10559220027636,32.641829227177595],[-117.09765890686558,32.653718112363684],[-117.1057821129574,32.6652506351384],[-117.12183934414901,32.664893038833064],[-117.12977008722737,32.653003695894405],[-117.1216461503792,32.641472406955934],[-117.10559220027636,32.641829227177595]]]},"properties":{"h3_index":"8729a4c4bffffff","station_count":46,"program_id":"bight","program":"Southern California Bight","resolution":7,"stations":[{"station_id":"4148_B03","station_name":"B03_4148","lat":32.6468,"lon":-117.1178,"county":"SAN DIEGO","organization":"CSD","batch_year":"2003"},{"station_id":"6039_B08","station_name":"B08-6039","lat":32.64665,"lon":-117.11931,"county":"SAN DIEGO","organization":"CRGML","batch_year":"2008"},{"station_id":"6040_B08","station_name":"B08-6040","lat":32.6468,"lon":-117.1178,"county":"SAN DIEGO","organization":"CRGML","batch_year":"2008"},{"station_id":"6042_B08","station_name":"B08-6042","lat":32.64747,"lon":-117.12141,"county":"SAN DIEGO","organization":"CRGML","batch_year":"2008"},{"station_id":"6044_B08","station_name":"B08-6044","lat":32.6481,"lon":-117.11466,"county":"SAN DIEGO","organization":"CSD","batch_year":"2008"},{"station_id":"6047_B08","station_name":"B08-6047","lat":32.64896,"lon":-117.11012,"county":"SAN DIEGO","organization":"NOAACOAST","batch_year":"2008"},{"station_id":"6049_B08","station_name":"B08-6049","lat":32.64913,"lon":-117.11337,"county":"SAN DIEGO","organization":"CRGML","batch_year":"2008"},{"station_id":"6052_B08","station_name":"B08-6052","lat":32.65127,"lon":-117.10309,"county":"SAN DIEGO","organization":"CRGML","batch_year":"2008"},{"station_id":"6054_B08","station_name":"B08-6054","lat":32.65143,"lon":-117.12293,"county":"SAN DIEGO","organization":"CRGML","batch_year":"2008"},{"station_id":"6057_B08","station_name":"B08-6057","lat":32.6521,"lon":-117.1005,"county":"SAN DIEGO","organization":"CRGML","batch_year":"2008"},{"station_id":"6072_B08","station_name":"B08-6072","lat":32.65848,"lon":-117.11953,"county":"SAN DIEGO","organization":"CRGML","batch_year":"2008"},{"station_id":"6075_B08","station_name":"B08-6075","lat":32.66033,"lon":-117.12292,"county":"SAN DIEGO","organization":"CRGML","batch_year":"2008"},{"station_id":"6046_B08","station_name":"B08-6046","lat":32.64857,"lon":-117.11395,"county":"SAN DIEGO","organization":"NOAACOAST","batch_year":"2008"},{"station_id":"6068_B08","station_name":"B08-6068","lat":32.65565,"lon":-117.12568,"county":"SAN DIEGO","organization":"CRGML","batch_year":"2008"},{"station_id":"2262_B98","station_name":"B98_2262","lat":32.65143,"lon":-117.12293,"county":"SAN DIEGO","organization":"CSD","batch_year":"1998"},{"station_id":"4084_B03","station_name":"B03_4084","lat":32.66033,"lon":-117.12292,"county":"SAN DIEGO","organization":"CSD","batch_year":"2003"},{"station_id":"6041_B08","station_name":"B08-6041","lat":32.64714,"lon":-117.11661,"county":"SAN DIEGO","organization":"CRGML","batch_year":"2008"},{"station_id":"6570_B08","station_name":"B08-6570","lat":32.658,"lon":-117.12265,"county":"SAN DIEGO","organization":"CRGML","batch_year":"2008"},{"station_id":"6659_B08","station_name":"B08-6659","lat":32.64776,"lon":-117.11995,"county":"SAN DIEGO","organization":"CRGML","batch_year":"2008"},{"station_id":"6660_B08","station_name":"B08-6660","lat":32.65607,"lon":-117.12244,"county":"SAN DIEGO","organization":"CRGML","batch_year":"2008"},{"station_id":"6045_B08","station_name":"B08-6045","lat":32.64828,"lon":-117.11623,"county":"SAN DIEGO","organization":"CRGML","batch_year":"2008"},{"station_id":"6661_B08","station_name":"B08-6661","lat":32.65747,"lon":-117.12274,"county":"SAN DIEGO","organization":"CRGML","batch_year":"2008"},{"station_id":"B13-8029","station_name":"B13-8029 OpenwaterStation","lat":32.6468,"lon":-117.1178,"county":"SAN DIEGO","organization":"SCCWRP","batch_year":"2013"},{"station_id":"B13-8030","station_name":"B13-8030 OpenwaterStation","lat":32.64714,"lon":-117.11661,"county":"SAN DIEGO","organization":"SCCWRP","batch_year":"2013"},{"station_id":"B13-8045","station_name":"B13-8045 OpenwaterStation","lat":32.65143,"lon":-117.12293,"county":"SAN DIEGO","organization":"SCCWRP","batch_year":"2013"},{"station_id":"B13-8036","station_name":"B13-8036 OpenwaterStation","lat":32.64828,"lon":-117.11623,"county":"SAN DIEGO","organization":"SCCWRP","batch_year":"2013"},{"station_id":"B13-8040","station_name":"B13-8040 OpenwaterStation","lat":32.64896,"lon":-117.11012,"county":"SAN DIEGO","organization":"SCCWRP","batch_year":"2013"},{"station_id":"B13-8050","station_name":"B13-8050 OpenwaterStation","lat":32.65747,"lon":-117.12274,"county":"SAN DIEGO","organization":"SCCWRP","batch_year":"2013"},{"station_id":"B13-8053","station_name":"B13-8053 OpenwaterStation","lat":32.65848,"lon":-117.11953,"county":"SAN DIEGO","organization":"SCCWRP","batch_year":"2013"},{"station_id":"B13-8033","station_name":"B13-8033 OpenwaterStation","lat":32.64776,"lon":-117.11994,"county":"SAN DIEGO","organization":"SCCWRP","batch_year":"2013"},{"station_id":"B18-10040","station_name":"B18-10040","lat":32.64175,"lon":-117.11708,"county":"SAN DIEGO","organization":"SCCWRP","batch_year":"2018"},{"station_id":"B13-8043","station_name":"B13-8043 OpenwaterStation","lat":32.65008,"lon":-117.10506,"county":"SAN DIEGO","organization":"SCCWRP","batch_year":"2013"},{"station_id":"B13-8049","station_name":"B13-8049 OpenwaterStation","lat":32.65607,"lon":-117.12244,"county":"SAN DIEGO","organization":"SCCWRP","batch_year":"2013"},{"station_id":"B13-8056","station_name":"B13-8056 OpenwaterStation","lat":32.66033,"lon":-117.12292,"county":"SAN DIEGO","organization":"SCCWRP","batch_year":"2013"},{"station_id":"B18-10143","station_name":"B18-10143","lat":32.657631,"lon":-117.123122,"county":"SAN DIEGO","organization":"SCCWRP","batch_year":"2018"},{"station_id":"B18-10139","station_name":"B18-10139","lat":32.66359,"lon":-117.1227,"county":"SAN DIEGO","organization":"SCCWRP","batch_year":"2018"},{"station_id":"B18-10180","station_name":"B18-10180","lat":32.64777,"lon":-117.11644,"county":"SAN DIEGO","organization":"SCCWRP","batch_year":"2018"},{"station_id":"B18-10181","station_name":"B18-10181","lat":32.64819,"lon":-117.1134,"county":"SAN DIEGO","organization":"SCCWRP","batch_year":"2018"},{"station_id":"B13-8028","station_name":"B13-8028 OpenwaterStation","lat":32.64665,"lon":-117.11931,"county":"SAN DIEGO","organization":"SCCWRP","batch_year":"2013"},{"station_id":"B13-8031","station_name":"B13-8031 OpenwaterStation","lat":32.64747,"lon":-117.12142,"county":"SAN DIEGO","organization":"SCCWRP","batch_year":"2013"},{"station_id":"B13-8038","station_name":"B13-8038 OpenwaterStation","lat":32.64857,"lon":-117.11395,"county":"SAN DIEGO","organization":"SCCWRP","batch_year":"2013"},{"station_id":"B18-10140","station_name":"B18-10140","lat":32.66056,"lon":-117.12296,"county":"SAN DIEGO","organization":"SCCWRP","batch_year":"2018"},{"station_id":"B18-10142","station_name":"B18-10142","lat":32.66009,"lon":-117.11918,"county":"SAN DIEGO","organization":"SCCWRP","batch_year":"2018"},{"station_id":"B18-10144","station_name":"B18-10144","lat":32.651181,"lon":-117.12296,"county":"SAN DIEGO","organization":"SCCWRP","batch_year":"2018"},{"station_id":"B18-10179","station_name":"B18-10179","lat":32.64968,"lon":-117.10863,"county":"SAN DIEGO","organization":"SCCWRP","batch_year":"2018"},{"station_id":"B18-10037","station_name":"B18-10037","lat":32.64698,"lon":-117.11822,"county":"SAN DIEGO","organization":"SCCWRP","batch_year":"2018"}]}},{"type":"Feature","geometry":{"type":"Polygon","coordinates":[[[-117.10521260816331,32.59497839602062],[-117.09728251715751,32.606869174707406],[-117.10540236536093,32.61840514501357],[-117.12145303571525,32.61804910113053],[-117.1293805785256,32.606157863592024],[-117.12126000010856,32.59462312873046],[-117.10521260816331,32.59497839602062]]]},"properties":{"h3_index":"8729a4c4cffffff","station_count":3,"program_id":"bight","program":"Southern California Bight","resolution":7,"stations":[{"station_id":"6015_B08","station_name":"B08-6015","lat":32.60687,"lon":-117.12297,"county":"SAN DIEGO","organization":"CRGML","batch_year":"2008"},{"station_id":"6017_B08","station_name":"B08-6017","lat":32.60815,"lon":-117.11068,"county":"SAN DIEGO","organization":"CRGML","batch_year":"2008"},{"station_id":"B18-10201","station_name":"B18-10201","lat":32.59892,"lon":-117.11589,"county":"SAN DIEGO","organization":"SCCWRP","batch_year":"2018"}]}},{"type":"Feature","geometry":{"type":"Polygon","coordinates":[[[-117.1293805785256,32.606157863592024],[-117.12145303571525,32.61804910113053],[-117.1295752930008,32.629582114810574],[-117.14562582080248,32.629222655136886],[-117.15355081208314,32.617330960639954],[-117.14542782802303,32.605799182717064],[-117.1293805785256,32.606157863592024]]]},"properties":{"h3_index":"8729a4c4dffffff","station_count":14,"program_id":"bight","program":"Southern California Bight","resolution":7,"stations":[{"station_id":"6025_B08","station_name":"B08-6025","lat":32.62322,"lon":-117.13415,"county":"SAN DIEGO","organization":"CRGML","batch_year":"2008"},{"station_id":"6027_B08","station_name":"B08-6027","lat":32.62586,"lon":-117.13514,"county":"SAN DIEGO","organization":"CRGML","batch_year":"2008"},{"station_id":"2238_B98","station_name":"B98_2238","lat":32.62548,"lon":-117.12802,"county":"SAN DIEGO","organization":"CSD","batch_year":"1998"},{"station_id":"B13-8014","station_name":"B13-8014 OpenwaterStation","lat":32.6265,"lon":-117.13465,"county":"SAN DIEGO","organization":"SCCWRP","batch_year":"2013"},{"station_id":"B18-10239","station_name":"B18-10239","lat":32.61205,"lon":-117.14342,"county":"SAN DIEGO","organization":"SCCWRP","batch_year":"2018"},{"station_id":"7024_B08","station_name":"B08-7024","lat":32.62152,"lon":-117.14137,"county":"SAN DIEGO","organization":"CSD","batch_year":"2008"},{"station_id":"2249_B98","station_name":"B98_2249","lat":32.62083,"lon":-117.128,"county":"SAN DIEGO","organization":"CSD","batch_year":"1998"},{"station_id":"4212_B03","station_name":"B03_4212","lat":32.62586,"lon":-117.13514,"county":"SAN DIEGO","organization":"CSD","batch_year":"2003"},{"station_id":"B13-8013","station_name":"B13-8013 OpenwaterStation","lat":32.62351,"lon":-117.13374,"county":"SAN DIEGO","organization":"SCCWRP","batch_year":"2013"},{"station_id":"4052_B03","station_name":"B03_4052","lat":32.62322,"lon":-117.13415,"county":"SAN DIEGO","organization":"CSD","batch_year":"2003"},{"station_id":"B03_B03W200","station_name":"B03W200_B03","lat":32.61133,"lon":-117.14567,"county":"SAN DIEGO","organization":"USC","batch_year":"2003"},{"station_id":"B18-10086","station_name":"B18-10086","lat":32.62355,"lon":-117.133625,"county":"SAN DIEGO","organization":"SCCWRP","batch_year":"2018"},{"station_id":"B18-10088","station_name":"B18-10088","lat":32.62153,"lon":-117.13015,"county":"SAN DIEGO","organization":"SCCWRP","batch_year":"2018"},{"station_id":"B18-10085","station_name":"B18-10085","lat":32.625883,"lon":-117.135706,"county":"SAN DIEGO","organization":"SCCWRP","batch_year":"2018"}]}},{"type":"Feature","geometry":{"type":"Polygon","coordinates":[[[-117.08123171006089,32.607221803977524],[-117.07329747225013,32.61911117762817],[-117.08141658652922,32.6306483822595],[-117.09747067347573,32.63029497885752],[-117.10540236536093,32.61840514501357],[-117.09728251715751,32.606869174707406],[-117.08123171006089,32.607221803977524]]]},"properties":{"h3_index":"8729a4c4effffff","station_count":5,"program_id":"bight","program":"Southern California Bight","resolution":7,"stations":[{"station_id":"2438_B98","station_name":"B98_2438","lat":32.62229,"lon":-117.10144,"county":"SAN DIEGO","organization":"SCCWRP","batch_year":"1998"},{"station_id":"B18-10043","station_name":"B18-10043","lat":32.616346,"lon":-117.1032,"county":"SAN DIEGO","organization":"SCCWRP","batch_year":"2018"},{"station_id":"B18-10044","station_name":"B18-10044","lat":32.61409,"lon":-117.09877,"county":"SAN DIEGO","organization":"SCCWRP","batch_year":"2018"},{"station_id":"B18-10087","station_name":"B18-10087","lat":32.621661,"lon":-117.102169,"county":"SAN DIEGO","organization":"SCCWRP","batch_year":"2018"},{"station_id":"B18-10200","station_name":"B18-10200","lat":32.61784,"lon":-117.09824,"county":"SAN DIEGO","organization":"SCCWRP","batch_year":"2018"}]}},{"type":"Feature","geometry":{"type":"Polygon","coordinates":[[[-117.0806775345789,32.536926117548205],[-117.0727481006658,32.54881831261619],[-117.08086218413217,32.56036066423611],[-117.09690643554684,32.56000958398963],[-117.10483332673077,32.548116927071234],[-117.09671851015982,32.53657581219211],[-117.0806775345789,32.536926117548205]]]},"properties":{"h3_index":"8729a4c63ffffff","station_count":1,"program_id":"bight","program":"Southern California Bight","resolution":7,"stations":[{"station_id":"B03_TJ RIVER UPSTREAM","station_name":"TJ RIVER UPSTREAM_B03","lat":32.5572,"lon":-117.08413,"county":"SAN DIEGO","organization":"CSD","batch_year":"2003"}]}},{"type":"Feature","geometry":{"type":"Polygon","coordinates":[[[-117.12899138863342,32.55930138025958],[-117.12106704351064,32.571194497134584],[-117.12918594375279,32.58273094961465],[-117.1452299162845,32.582373047792764],[-117.15315171201597,32.570479472855695],[-117.14503208553714,32.558944257744415],[-117.12899138863342,32.55930138025958]]]},"properties":{"h3_index":"8729a4c68ffffff","station_count":2,"program_id":"bight","program":"Southern California Bight","resolution":7,"stations":[{"station_id":"B03_CORTEZ SHORE","station_name":"CORTEZ SHORE_B03","lat":32.57269,"lon":-117.13268,"county":"SAN DIEGO","organization":"CSD","batch_year":"2003"},{"station_id":"B03_CORTEZ SURF","station_name":"CORTEZ SURF_B03","lat":32.57268,"lon":-117.13287,"county":"SAN DIEGO","organization":"CSD","batch_year":"2003"}]}},{"type":"Feature","geometry":{"type":"Polygon","coordinates":[[[-117.15315171201597,32.570479472855695],[-117.1452299162845,32.582373047792764],[-117.15335122120707,32.59390654609173],[-117.16939504559105,32.59354523171612],[-117.17731428860284,32.581651200612356],[-117.16919226088017,32.57011893999247],[-117.15315171201597,32.570479472855695]]]},"properties":{"h3_index":"8729a4c69ffffff","station_count":5,"program_id":"bight","program":"Southern California Bight","resolution":7,"stations":[{"station_id":"B98_102201","station_name":"102201_B98","lat":32.5747,"lon":-117.152,"county":"SAN DIEGO","organization":"CSD","batch_year":"1998"},{"station_id":"B98_102202","station_name":"102202_B98","lat":32.5749,"lon":-117.162,"county":"SAN DIEGO","organization":"CSD","batch_year":"1998"},{"station_id":"B98_102203","station_name":"102203_B98","lat":32.5752,"lon":-117.172,"county":"SAN DIEGO","organization":"CSD","batch_year":"1998"},{"station_id":"B03_B03W020","station_name":"B03W020_B03","lat":32.57233,"lon":-117.1675,"county":"SAN DIEGO","organization":"CSD","batch_year":"2003"},{"station_id":"SCBPP_1944","station_name":"1944_SCBPP","lat":32.59,"lon":-117.16117,"county":"SAN DIEGO","organization":"CSD","batch_year":"1994"}]}},{"type":"Feature","geometry":{"type":"Polygon","coordinates":[[[-117.10502292863582,32.571548987578254],[-117.09709443786366,32.58344070729062],[-117.10521260816331,32.59497839602062],[-117.12126000010856,32.59462312873046],[-117.12918594375279,32.58273094961465],[-117.12106704351064,32.571194497134584],[-117.10502292863582,32.571548987578254]]]},"properties":{"h3_index":"8729a4c6affffff","station_count":1,"program_id":"bight","program":"Southern California Bight","resolution":7,"stations":[{"station_id":"B18-10824","station_name":"B18-10824","lat":32.58854,"lon":-117.10763,"county":"SAN DIEGO","organization":"SCCWRP","batch_year":"2018"}]}},{"type":"Feature","geometry":{"type":"Polygon","coordinates":[[[-117.12918594375279,32.58273094961465],[-117.12126000010856,32.59462312873046],[-117.1293805785256,32.606157863592024],[-117.14542782802303,32.605799182717064],[-117.15335122120707,32.59390654609173],[-117.1452299162845,32.582373047792764],[-117.12918594375279,32.58273094961465]]]},"properties":{"h3_index":"8729a4c6bffffff","station_count":1,"program_id":"bight","program":"Southern California Bight","resolution":7,"stations":[{"station_id":"B03_B03W022","station_name":"B03W022_B03","lat":32.59467,"lon":-117.13783,"county":"SAN DIEGO","organization":"USC","batch_year":"2003"}]}},{"type":"Feature","geometry":{"type":"Polygon","coordinates":[[[-117.12879691311863,32.53586916291313],[-117.1208741658729,32.54776321372697],[-117.12899138863342,32.55930138025958],[-117.14503208553714,32.558944257744415],[-117.15295228445972,32.547049748314556],[-117.14483433573123,32.53551281995768],[-117.12879691311863,32.53586916291313]]]},"properties":{"h3_index":"8729a4c6cffffff","station_count":20,"program_id":"bight","program":"Southern California Bight","resolution":7,"stations":[{"station_id":"B98_101001","station_name":"101001_B98","lat":32.5403,"lon":-117.132,"county":"SAN DIEGO","organization":"CSD","batch_year":"1998"},{"station_id":"B98_101002","station_name":"101002_B98","lat":32.5406,"lon":-117.142,"county":"SAN DIEGO","organization":"CSD","batch_year":"1998"},{"station_id":"B98_101502","station_name":"101502_B98","lat":32.5491,"lon":-117.147,"county":"SAN DIEGO","organization":"CSD","batch_year":"1998"},{"station_id":"4695_B03","station_name":"B03_4695","lat":32.55659,"lon":-117.12814,"county":"SAN DIEGO","organization":"CRGML","batch_year":"2003"},{"station_id":"6001_B08","station_name":"B08-6001","lat":32.55659,"lon":-117.12814,"county":"SAN DIEGO","organization":"CRGML","batch_year":"2008"},{"station_id":"B03_TJ RIVER 75L SHORE","station_name":"TJ RIVER 75L SHORE_B03","lat":32.55558,"lon":-117.1294,"county":"SAN DIEGO","organization":"CSD","batch_year":"2003"},{"station_id":"B13-8002","station_name":"B13-8002 OpenwaterStation","lat":32.55659,"lon":-117.12813,"county":"SAN DIEGO","organization":"SCCWRP","batch_year":"2013"},{"station_id":"B03_TJ RIVER 25L SURF","station_name":"TJ RIVER 25L SURF_B03","lat":32.55595,"lon":-117.1297,"county":"SAN DIEGO","organization":"CSD","batch_year":"2003"},{"station_id":"B03_TJ RIVER 225L SHORE","station_name":"TJ RIVER 225L SHORE_B03","lat":32.55445,"lon":-117.1287,"county":"SAN DIEGO","organization":"CSD","batch_year":"2003"},{"station_id":"B18-10182","station_name":"B18-10182","lat":32.55694,"lon":-117.12755,"county":"SAN DIEGO","organization":"SCCWRP","batch_year":"2018"},{"station_id":"B03_TJ RIVER SURF","station_name":"TJ RIVER SURF_B03","lat":32.55713,"lon":-117.1298,"county":"SAN DIEGO","organization":"CSD","batch_year":"2003"},{"station_id":"B03_B03W015","station_name":"B03W015_B03","lat":32.53633,"lon":-117.12883,"county":"SAN DIEGO","organization":"CSD","batch_year":"2003"},{"station_id":"B03_MMT SHORE","station_name":"MMT SHORE_B03","lat":32.54343,"lon":-117.12488,"county":"SAN DIEGO","organization":"CSD","batch_year":"2003"},{"station_id":"B03_TJ RIVER 225R SURF","station_name":"TJ RIVER 225R SURF_B03","lat":32.55851,"lon":-117.1312,"county":"SAN DIEGO","organization":"CSD","batch_year":"2003"},{"station_id":"B98_101501","station_name":"101501_B98","lat":32.5491,"lon":-117.136,"county":"SAN DIEGO","organization":"CSD","batch_year":"1998"},{"station_id":"7000_B08","station_name":"B08-7000","lat":32.53745,"lon":-117.14172,"county":"SAN DIEGO","organization":"CSD","batch_year":"2008"},{"station_id":"B03_B03W016","station_name":"B03W016_B03","lat":32.55383,"lon":-117.13617,"county":"SAN DIEGO","organization":"USC","batch_year":"2003"},{"station_id":"B03_TJ RIVER 25R SURF","station_name":"TJ RIVER 25R SURF_B03","lat":32.55718,"lon":-117.1301,"county":"SAN DIEGO","organization":"CSD","batch_year":"2003"},{"station_id":"B03_TJ RIVER 75R SHORE","station_name":"TJ RIVER 75R SHORE_B03","lat":32.55718,"lon":-117.1308,"county":"SAN DIEGO","organization":"CSD","batch_year":"2003"},{"station_id":"B03_B03W308","station_name":"B03W308_B03","lat":32.5553,"lon":-117.13,"county":"SAN DIEGO","organization":"USC","batch_year":"2003"}]}},{"type":"Feature","geometry":{"type":"Polygon","coordinates":[[[-117.15295228445972,32.547049748314556],[-117.14503208553714,32.558944257744415],[-117.15315171201597,32.570479472855695],[-117.16919226088017,32.57011893999247],[-117.17710990815326,32.558223973842566],[-117.16898955914088,32.546689997217435],[-117.15295228445972,32.547049748314556]]]},"properties":{"h3_index":"8729a4c6dffffff","station_count":8,"program_id":"bight","program":"Southern California Bight","resolution":7,"stations":[{"station_id":"B98_101503","station_name":"101503_B98","lat":32.5487,"lon":-117.158,"county":"SAN DIEGO","organization":"CSD","batch_year":"1998"},{"station_id":"B98_102001","station_name":"102001_B98","lat":32.5571,"lon":-117.147,"county":"SAN DIEGO","organization":"CSD","batch_year":"1998"},{"station_id":"B98_102003","station_name":"102003_B98","lat":32.5578,"lon":-117.17,"county":"SAN DIEGO","organization":"CSD","batch_year":"1998"},{"station_id":"B98_102101","station_name":"102101_B98","lat":32.5661,"lon":-117.153,"county":"SAN DIEGO","organization":"CSD","batch_year":"1998"},{"station_id":"B03_B03W018","station_name":"B03W018_B03","lat":32.55083,"lon":-117.165,"county":"SAN DIEGO","organization":"USC","batch_year":"2003"},{"station_id":"B98_102002","station_name":"102002_B98","lat":32.5575,"lon":-117.159,"county":"SAN DIEGO","organization":"CSD","batch_year":"1998"},{"station_id":"B03_B03W017","station_name":"B03W017_B03","lat":32.56117,"lon":-117.14783,"county":"SAN DIEGO","organization":"CSD","batch_year":"2003"},{"station_id":"B98_102102","station_name":"102102_B98","lat":32.566,"lon":-117.164,"county":"SAN DIEGO","organization":"CSD","batch_year":"1998"}]}},{"type":"Feature","geometry":{"type":"Polygon","coordinates":[[[-117.10483332673077,32.548116927071234],[-117.09690643554684,32.56000958398963],[-117.10502292863582,32.571548987578254],[-117.12106704351064,32.571194497134584],[-117.12899138863342,32.55930138025958],[-117.1208741658729,32.54776321372697],[-117.10483332673077,32.548116927071234]]]},"properties":{"h3_index":"8729a4c6effffff","station_count":5,"program_id":"bight","program":"Southern California Bight","resolution":7,"stations":[{"station_id":"6004_B08","station_name":"B08-6004","lat":32.55739,"lon":-117.1224,"county":"SAN DIEGO","organization":"CRGML","batch_year":"2008"},{"station_id":"6009_B08","station_name":"B08-6009","lat":32.55918,"lon":-117.11606,"county":"SAN DIEGO","organization":"CRGML","batch_year":"2008"},{"station_id":"6010_B08","station_name":"B08-6010","lat":32.55941,"lon":-117.11133,"county":"SAN DIEGO","organization":"CRGML","batch_year":"2008"},{"station_id":"6012_B08","station_name":"B08-6012","lat":32.56239,"lon":-117.10849,"county":"SAN DIEGO","organization":"CRGML","batch_year":"2008"},{"station_id":"B13-8008","station_name":"B13-8008 OpenwaterStation","lat":32.55824,"lon":-117.12058,"county":"SAN DIEGO","organization":"SCCWRP","batch_year":"2013"}]}},{"type":"Feature","geometry":{"type":"Polygon","coordinates":[[[-118.24936471015162,33.439457606130226],[-118.24153622266589,33.45135397166333],[-118.24979074589461,33.46272154432395],[-118.26587432671818,33.462191515211245],[-118.27370009506429,33.45029478776874],[-118.26544500265159,33.438928451279104],[-118.24936471015162,33.439457606130226]]]},"properties":{"h3_index":"8729a5080ffffff","station_count":1,"program_id":"bight","program":"Southern California Bight","resolution":7,"stations":[{"station_id":"7200_B08","station_name":"B08-7200","lat":33.45449,"lon":-118.25805,"county":"FEDERAL WATERS","organization":"NOAACOAST","batch_year":"2008"}]}},{"type":"Feature","geometry":{"type":"Polygon","coordinates":[[[-118.4188297117652,33.46868093941884],[-118.41102342270801,33.48058183831594],[-118.41929052723997,33.49193124595602],[-118.43536446578177,33.491378515551425],[-118.44316801524337,33.47947726719565],[-118.43490036668024,33.46812909863212],[-118.4188297117652,33.46868093941884]]]},"properties":{"h3_index":"8729a50e2ffffff","station_count":4,"program_id":"bight","program":"Southern California Bight","resolution":7,"stations":[{"station_id":"7212_B08","station_name":"B08-7212","lat":33.48685,"lon":-118.42354,"county":"FEDERAL WATERS","organization":"LACSD","batch_year":"2008"},{"station_id":"B13-9155","station_name":"B13-9155 OpenwaterStation","lat":33.48685,"lon":-118.42354,"county":"LOS ANGELES","organization":"SCCWRP","batch_year":"2013"},{"station_id":"B18-10366","station_name":"B18-10366","lat":33.4869,"lon":-118.42356,"county":"OOS","organization":"SCCWRP","batch_year":"2018"},{"station_id":"4188_B03","station_name":"B03_4188","lat":33.48685,"lon":-118.42354,"county":"FEDERAL WATERS","organization":"CSD","batch_year":"2003"}]}},{"type":"Feature","geometry":{"type":"Polygon","coordinates":[[[-118.39449323316732,33.4578779741764],[-118.38668420776473,33.46977852169099],[-118.39494902828423,33.48113107324509],[-118.41102342270801,33.48058183831594],[-118.4188297117652,33.46868093941884],[-118.41056434366585,33.457329626762615],[-118.39449323316732,33.4578779741764]]]},"properties":{"h3_index":"8729a50f5ffffff","station_count":4,"program_id":"bight","program":"Southern California Bight","resolution":7,"stations":[{"station_id":"4124_B03","station_name":"B03_4124","lat":33.46387,"lon":-118.39468,"county":"LOS ANGELES","organization":"CSD","batch_year":"2003"},{"station_id":"7206_B08","station_name":"B08-7206","lat":33.46387,"lon":-118.39468,"county":"LOS ANGELES","organization":"LACSD","batch_year":"2008"},{"station_id":"B13-9148","station_name":"B13-9148 OpenwaterStation","lat":33.46387,"lon":-118.39468,"county":"LOS ANGELES","organization":"SCCWRP","batch_year":"2013"},{"station_id":"B18-10368","station_name":"B18-10368","lat":33.46393,"lon":-118.39472,"county":"LOS ANGELES","organization":"SCCWRP","batch_year":"2018"}]}},{"type":"Feature","geometry":{"type":"Polygon","coordinates":[[[-118.29585965400564,33.34478974940405],[-118.2880443727059,33.35669189727663],[-118.29629483680034,33.36806266228453],[-118.31236114437743,33.367530038782036],[-118.32017370587448,33.35562753032679],[-118.31192268051876,33.3442580058868],[-118.29585965400564,33.34478974940405]]]},"properties":{"h3_index":"8729a518bffffff","station_count":1,"program_id":"bight","program":"Southern California Bight","resolution":7,"stations":[{"station_id":"3001_B03","station_name":"B03_3001","lat":33.36157,"lon":-118.30707,"county":"LOS ANGELES","organization":"CSD","batch_year":"2003"}]}},{"type":"Feature","geometry":{"type":"Polygon","coordinates":[[[-118.15041995024384,33.30291388901812],[-118.14258685987883,33.3148128314396],[-118.1508252419149,33.32620041728535],[-118.16689729786938,33.325687822064594],[-118.17472768683689,33.313788508044645],[-118.16648872217175,33.30240216077552],[-118.15041995024384,33.30291388901812]]]},"properties":{"h3_index":"8729a5192ffffff","station_count":4,"program_id":"bight","program":"Southern California Bight","resolution":7,"stations":[{"station_id":"4001_B03","station_name":"B03_4001","lat":33.3175,"lon":-118.16009,"county":"FEDERAL WATERS","organization":"CSD","batch_year":"2003"},{"station_id":"7175_B08","station_name":"B08-7175","lat":33.3175,"lon":-118.16009,"county":"FEDERAL WATERS","organization":"NOAACOAST","batch_year":"2008"},{"station_id":"B13-9133","station_name":"B13-9133 OpenwaterStation","lat":33.3175,"lon":-118.16009,"county":"LOS ANGELES","organization":"SCCWRP","batch_year":"2013"},{"station_id":"B18-10371","station_name":"B18-10371","lat":33.317471,"lon":-118.16053,"county":"OOS","organization":"SCCWRP","batch_year":"2018"}]}},{"type":"Feature","geometry":{"type":"Polygon","coordinates":[[[-118.71100733924632,33.597797769500396],[-118.70323413919627,33.60970273474205],[-118.71152844314084,33.621014200132215],[-118.72759644939327,33.62041945918242],[-118.73536687102406,33.60851416761854],[-118.72707206573857,33.59720394325276],[-118.71100733924632,33.597797769500396]]]},"properties":{"h3_index":"8729a5234ffffff","station_count":4,"program_id":"bight","program":"Southern California Bight","resolution":7,"stations":[{"station_id":"4252_B03","station_name":"B03_4252","lat":33.6132,"lon":-118.71975,"county":"FEDERAL WATERS","organization":"CSD","batch_year":"2003"},{"station_id":"7280_B08","station_name":"B08-7280","lat":33.6132,"lon":-118.71975,"county":"FEDERAL WATERS","organization":"LACSD","batch_year":"2008"},{"station_id":"B13-9201","station_name":"B13-9201 OpenwaterStation","lat":33.6132,"lon":-118.71975,"county":"LOS ANGELES","organization":"SCCWRP","batch_year":"2013"},{"station_id":"B18-10363","station_name":"B18-10363","lat":33.61354,"lon":-118.72014,"county":"OOS","organization":"SCCWRP","batch_year":"2018"}]}},{"type":"Feature","geometry":{"type":"Polygon","coordinates":[[[-118.98078499672279,33.784855336296154],[-118.97303797447513,33.79676068496846],[-118.98136214302117,33.80803111335733],[-118.99743379708544,33.80739495292316],[-119.00517800193352,33.79548930065835],[-118.996853371031,33.78422011234383],[-118.98078499672279,33.784855336296154]]]},"properties":{"h3_index":"8729a5248ffffff","station_count":1,"program_id":"bight","program":"Southern California Bight","resolution":7,"stations":[{"station_id":"4233_B03","station_name":"B03_4233","lat":33.78929,"lon":-118.98572,"county":"FEDERAL WATERS","organization":"CSD","batch_year":"2003"}]}},{"type":"Feature","geometry":{"type":"Polygon","coordinates":[[[-118.64351684568925,33.82091943675705],[-118.63571839028349,33.83281195848951],[-118.64402516669591,33.84411151247539],[-118.66013091296301,33.843517312881936],[-118.66792658635906,33.831624464356004],[-118.65961929642191,33.82032614214424],[-118.64351684568925,33.82091943675705]]]},"properties":{"h3_index":"8729a528bffffff","station_count":4,"program_id":"bight","program":"Southern California Bight","resolution":7,"stations":[{"station_id":"B18-10359","station_name":"B18-10359","lat":33.832383,"lon":-118.649433,"county":"OOS","organization":"SCCWRP","batch_year":"2018"},{"station_id":"7401_B08","station_name":"B08-7401","lat":33.83243,"lon":-118.64881,"county":"FEDERAL WATERS","organization":"LACSD","batch_year":"2008"},{"station_id":"4153_B03","station_name":"B03_4153","lat":33.83243,"lon":-118.64881,"county":"FEDERAL WATERS","organization":"CSD","batch_year":"2003"},{"station_id":"B13-9259","station_name":"B13-9259 OpenwaterStation","lat":33.83243,"lon":-118.64881,"county":"LOS ANGELES","organization":"SCCWRP","batch_year":"2013"}]}},{"type":"Feature","geometry":{"type":"Polygon","coordinates":[[[-118.52101173133592,33.74408417560021],[-118.5132009636976,33.75597609171363],[-118.5214946174244,33.76729355588113],[-118.53759957100621,33.76671787209112],[-118.54540757411303,33.75482561909925],[-118.53711338909513,33.74350938670426],[-118.52101173133592,33.74408417560021]]]},"properties":{"h3_index":"8729a5294ffffff","station_count":1,"program_id":"bight","program":"Southern California Bight","resolution":7,"stations":[{"station_id":"B13-9250","station_name":"B13-9250 OpenwaterStation","lat":33.7602,"lon":-118.54097,"county":"LOS ANGELES","organization":"SCCWRP","batch_year":"2013"}]}},{"type":"Feature","geometry":{"type":"Polygon","coordinates":[[[-118.59520085835868,33.82268703003464],[-118.58739530267981,33.834577830136055],[-118.5956992887345,33.84588181174846],[-118.61180935222825,33.845293762518374],[-118.61961213119494,33.833402632254945],[-118.61130762430564,33.82209988131141],[-118.59520085835868,33.82268703003464]]]},"properties":{"h3_index":"8729a5299ffffff","station_count":1,"program_id":"bight","program":"Southern California Bight","resolution":7,"stations":[{"station_id":"SCBPP_1160","station_name":"1160_SCBPP","lat":33.83583,"lon":-118.5975,"county":"FEDERAL WATERS","organization":"CLAEMD","batch_year":"1994"}]}},{"type":"Feature","geometry":{"type":"Polygon","coordinates":[[[-118.54687196774883,33.824436174699905],[-118.53905931939222,33.836325243721994],[-118.5473605014824,33.847633648977784],[-118.56347486100417,33.84705175558484],[-118.5712847379626,33.83516235303588],[-118.5629830277243,33.82385517733501],[-118.54687196774883,33.824436174699905]]]},"properties":{"h3_index":"8729a529affffff","station_count":1,"program_id":"bight","program":"Southern California Bight","resolution":7,"stations":[{"station_id":"4214_B03","station_name":"B03_4214","lat":33.84182,"lon":-118.56007,"county":"FEDERAL WATERS","organization":"USC","batch_year":"2003"}]}},{"type":"Feature","geometry":{"type":"Polygon","coordinates":[[[-118.5712847379626,33.83516235303588],[-118.56347486100417,33.84705175558484],[-118.5717783224966,33.85835696691368],[-118.58789218643619,33.85777154590516],[-118.5956992887345,33.84588181174846],[-118.58739530267981,33.834577830136055],[-118.5712847379626,33.83516235303588]]]},"properties":{"h3_index":"8729a529bffffff","station_count":5,"program_id":"bight","program":"Southern California Bight","resolution":7,"stations":[{"station_id":"SCBPP_1152","station_name":"1152_SCBPP","lat":33.8445,"lon":-118.5875,"county":"FEDERAL WATERS","organization":"CLAEMD","batch_year":"1994"},{"station_id":"4089_B03","station_name":"B03_4089","lat":33.84796,"lon":-118.56788,"county":"FEDERAL WATERS","organization":"CLAEMD","batch_year":"2003"},{"station_id":"B18-10257","station_name":"B18-10257","lat":33.848233,"lon":-118.567817,"county":"OOS","organization":"SCCWRP","batch_year":"2018"},{"station_id":"7410_B08","station_name":"B08-7410","lat":33.84796,"lon":-118.56788,"county":"FEDERAL WATERS","organization":"CLAEMD","batch_year":"2008"},{"station_id":"B13-9263","station_name":"B13-9263 OpenwaterStation","lat":33.84796,"lon":-118.56788,"county":"LOS ANGELES","organization":"SCCWRP","batch_year":"2013"}]}},{"type":"Feature","geometry":{"type":"Polygon","coordinates":[[[-118.54638363535898,33.80123567361173],[-118.53857253603087,33.81312580762833],[-118.54687196774883,33.824436174699905],[-118.5629830277243,33.82385517733501],[-118.57079135685775,33.811964709316086],[-118.56249139713668,33.800655572592646],[-118.54638363535898,33.80123567361173]]]},"properties":{"h3_index":"8729a529effffff","station_count":1,"program_id":"bight","program":"Southern California Bight","resolution":7,"stations":[{"station_id":"SCBPP_1175","station_name":"1175_SCBPP","lat":33.82067,"lon":-118.54937,"county":"FEDERAL WATERS","organization":"LACSD","batch_year":"1994"}]}},{"type":"Feature","geometry":{"type":"Polygon","coordinates":[[[-118.520529044137,33.72087179263978],[-118.5127198248914,33.732764762248095],[-118.52101173133592,33.74408417560021],[-118.53711338909513,33.74350938670426],[-118.54491984500854,33.731616079736675],[-118.53662740741994,33.72029789895268],[-118.520529044137,33.72087179263978]]]},"properties":{"h3_index":"8729a52b2ffffff","station_count":1,"program_id":"bight","program":"Southern California Bight","resolution":7,"stations":[{"station_id":"B13-9246","station_name":"B13-9246 OpenwaterStation","lat":33.73639,"lon":-118.52796,"county":"LOS ANGELES","organization":"SCCWRP","batch_year":"2013"}]}},{"type":"Feature","geometry":{"type":"Polygon","coordinates":[[[-118.81442136690194,33.89571329744897],[-118.80664245370203,33.90760806632993],[-118.81496504068431,33.918885166157146],[-118.83106703017795,33.91826626424625],[-118.83884313867772,33.90637118204624],[-118.83052006330539,33.89509531500174],[-118.81442136690194,33.89571329744897]]]},"properties":{"h3_index":"8729a52cbffffff","station_count":1,"program_id":"bight","program":"Southern California Bight","resolution":7,"stations":[{"station_id":"4345_B03","station_name":"B03_4345","lat":33.90589,"lon":-118.81805,"county":"FEDERAL WATERS","organization":"CSD","batch_year":"2003"}]}},{"type":"Feature","geometry":{"type":"Polygon","coordinates":[[[-118.78946288788451,33.86187085556521],[-118.78168270891554,33.873766371607495],[-118.79000128778847,33.88504866782451],[-118.80610053841374,33.88443421448228],[-118.81387791713844,33.87253838272222],[-118.80555884640339,33.86125731994793],[-118.78946288788451,33.86187085556521]]]},"properties":{"h3_index":"8729a52ceffffff","station_count":1,"program_id":"bight","program":"Southern California Bight","resolution":7,"stations":[{"station_id":"B18-10355","station_name":"B18-10355","lat":33.8837,"lon":-118.79004,"county":"OOS","organization":"SCCWRP","batch_year":"2018"}]}},{"type":"Feature","geometry":{"type":"Polygon","coordinates":[[[-118.66127197873388,33.529891844898785],[-118.65349630113808,33.541798187117855],[-118.66178260906536,33.55311986205108],[-118.67784510370774,33.55253395235608],[-118.68561801173729,33.54062727896587],[-118.67733119560725,33.529306846368286],[-118.66127197873388,33.529891844898785]]]},"properties":{"h3_index":"8729a5312ffffff","station_count":1,"program_id":"bight","program":"Southern California Bight","resolution":7,"stations":[{"station_id":"7238_B08","station_name":"B08-7238","lat":33.54382,"lon":-118.65987,"county":"FEDERAL WATERS","organization":"NOAACOAST","batch_year":"2008"}]}},{"type":"Feature","geometry":{"type":"Polygon","coordinates":[[[-118.75866645178918,33.57279356216603],[-118.7509018717753,33.58470121747407],[-118.75919717470892,33.596010199864054],[-118.7752575525299,33.59541028394571],[-118.78301935010741,33.583502305198984],[-118.77472355321531,33.572194565734826],[-118.75866645178918,33.57279356216603]]]},"properties":{"h3_index":"8729a5319ffffff","station_count":1,"program_id":"bight","program":"Southern California Bight","resolution":7,"stations":[{"station_id":"4392_B03","station_name":"B03_4392","lat":33.58151,"lon":-118.75468,"county":"FEDERAL WATERS","organization":"CRGML","batch_year":"2003"}]}},{"type":"Feature","geometry":{"type":"Polygon","coordinates":[[[-118.59072421223337,33.613798674703276],[-118.5829325487003,33.6256989029773],[-118.59122079867562,33.63702043591558],[-118.60730123267662,33.63644050265873],[-118.61509013032982,33.62453993988514],[-118.60680136078237,33.613219644795386],[-118.59072421223337,33.613798674703276]]]},"properties":{"h3_index":"8729a5383ffffff","station_count":1,"program_id":"bight","program":"Southern California Bight","resolution":7,"stations":[{"station_id":"4380_B03","station_name":"B03_4380","lat":33.61425,"lon":-118.59116,"county":"FEDERAL WATERS","organization":"CSD","batch_year":"2003"}]}},{"type":"Feature","geometry":{"type":"Polygon","coordinates":[[[-118.5668516164119,33.626275328649804],[-118.55905564790251,33.638174188138166],[-118.56734337459847,33.649496957963464],[-118.5834275940046,33.64891963134107],[-118.59122079867562,33.63702043591558],[-118.5829325487003,33.6256989029773],[-118.5668516164119,33.626275328649804]]]},"properties":{"h3_index":"8729a539cffffff","station_count":1,"program_id":"bight","program":"Southern California Bight","resolution":7,"stations":[{"station_id":"B18-10362","station_name":"B18-10362","lat":33.63471,"lon":-118.58363,"county":"OOS","organization":"SCCWRP","batch_year":"2018"}]}},{"type":"Feature","geometry":{"type":"Polygon","coordinates":[[[-118.58873990770608,33.52088207591718],[-118.58095440265573,33.53278639866164],[-118.58923567790325,33.54411564454943],[-118.6053029781315,33.54353932655865],[-118.61308572209602,33.53163466734622],[-118.60480392783641,33.52030666251977],[-118.58873990770608,33.52088207591718]]]},"properties":{"h3_index":"8729a53a6ffffff","station_count":1,"program_id":"bight","program":"Southern California Bight","resolution":7,"stations":[{"station_id":"B18-10365","station_name":"B18-10365","lat":33.53645,"lon":-118.5894,"county":"OOS","organization":"SCCWRP","batch_year":"2018"}]}},{"type":"Feature","geometry":{"type":"Polygon","coordinates":[[[-118.68613366443228,33.563852458240504],[-118.67835922309547,33.57575811527636],[-118.68664952914746,33.58707469106498],[-118.70271478222767,33.58648436806299],[-118.71048644957284,33.57457838228157],[-118.70219563874613,33.56326304817398],[-118.68613366443228,33.563852458240504]]]},"properties":{"h3_index":"8729a53adffffff","station_count":1,"program_id":"bight","program":"Southern California Bight","resolution":7,"stations":[{"station_id":"7250_B08","station_name":"B08-7250","lat":33.57762,"lon":-118.68437,"county":"FEDERAL WATERS","organization":"LACSD","batch_year":"2008"}]}},{"type":"Feature","geometry":{"type":"Polygon","coordinates":[[[-117.91136500256549,33.45009848705352],[-117.90348776495038,33.461982400221416],[-117.91172184009834,33.47338043532123],[-117.92783377386277,33.472893329555696],[-117.93570833028487,33.461009031214765],[-117.92747363506945,33.44961222374702],[-117.91136500256549,33.45009848705352]]]},"properties":{"h3_index":"8729a5400ffffff","station_count":4,"program_id":"bight","program":"Southern California Bight","resolution":7,"stations":[{"station_id":"4009_B03","station_name":"B03_4009","lat":33.46418,"lon":-117.91914,"county":"FEDERAL WATERS","organization":"CSD","batch_year":"2003"},{"station_id":"7207_B08","station_name":"B08-7207","lat":33.46418,"lon":-117.91914,"county":"FEDERAL WATERS","organization":"NOAACOAST","batch_year":"2008"},{"station_id":"B13-9149","station_name":"B13-9149 OpenwaterStation","lat":33.46418,"lon":-117.91914,"county":"ORANGE","organization":"SCCWRP","batch_year":"2013"},{"station_id":"B18-10367","station_name":"B18-10367","lat":33.464279,"lon":-117.919777,"county":"OOS","organization":"SCCWRP","batch_year":"2018"}]}},{"type":"Feature","geometry":{"type":"Polygon","coordinates":[[[-117.86337810435214,33.47482944943653],[-117.8554923536119,33.48671050230544],[-117.86372517739548,33.498110989602225],[-117.87984438040972,33.49762919837845],[-117.8877274542948,33.48574775752602],[-117.87949400295649,33.474348495816066],[-117.86337810435214,33.47482944943653]]]},"properties":{"h3_index":"8729a5411ffffff","station_count":1,"program_id":"bight","program":"Southern California Bight","resolution":7,"stations":[{"station_id":"B98_119006","station_name":"119006_B98","lat":33.4971,"lon":-117.864,"county":"FEDERAL WATERS","organization":"OCSD","batch_year":"1998"}]}},{"type":"Feature","geometry":{"type":"Polygon","coordinates":[[[-117.88807955622089,33.50902657508214],[-117.88019490219233,33.52090696774172],[-117.88843180319809,33.53230245602021],[-117.90455398338757,33.53181632654492],[-117.91243595609191,33.5199355482984],[-117.90419843086693,33.50854128504909],[-117.88807955622089,33.50902657508214]]]},"properties":{"h3_index":"8729a5418ffffff","station_count":1,"program_id":"bight","program":"Southern California Bight","resolution":7,"stations":[{"station_id":"4297_B03","station_name":"B03_4297","lat":33.52704,"lon":-117.8961,"county":"FEDERAL WATERS","organization":"OCSD","batch_year":"2003"}]}},{"type":"Feature","geometry":{"type":"Polygon","coordinates":[[[-117.91243595609191,33.5199355482984],[-117.90455398338757,33.53181632654492],[-117.91279323473422,33.54320869874248],[-117.9289150803959,33.54271906736929],[-117.93679436845613,33.53083790543744],[-117.92855449643436,33.51944675849883],[-117.91243595609191,33.5199355482984]]]},"properties":{"h3_index":"8729a5419ffffff","station_count":1,"program_id":"bight","program":"Southern California Bight","resolution":7,"stations":[{"station_id":"B98_120006","station_name":"120006_B98","lat":33.5275,"lon":-117.914,"county":"FEDERAL WATERS","organization":"OCSD","batch_year":"1998"}]}},{"type":"Feature","geometry":{"type":"Polygon","coordinates":[[[-117.88843180319809,33.53230245602021],[-117.88054556839353,33.54418179677464],[-117.88878419531602,33.55557539321219],[-117.90490968240374,33.55508842459035],[-117.91279323473422,33.54320869874248],[-117.90455398338757,33.53181632654492],[-117.88843180319809,33.53230245602021]]]},"properties":{"h3_index":"8729a541bffffff","station_count":1,"program_id":"bight","program":"Southern California Bight","resolution":7,"stations":[{"station_id":"B98_120005","station_name":"120005_B98","lat":33.5436,"lon":-117.904,"county":"ORANGE","organization":"OCSD","batch_year":"1998"}]}},{"type":"Feature","geometry":{"type":"Polygon","coordinates":[[[-117.91207882457688,33.4966594581147],[-117.90419843086693,33.50854128504909],[-117.91243595609191,33.5199355482984],[-117.92855449643436,33.51944675849883],[-117.93643220665133,33.507564547384725],[-117.92819406095389,33.49617151018456],[-117.91207882457688,33.4966594581147]]]},"properties":{"h3_index":"8729a541dffffff","station_count":1,"program_id":"bight","program":"Southern California Bight","resolution":7,"stations":[{"station_id":"B13-9160","station_name":"B13-9160 OpenwaterStation","lat":33.50366,"lon":-117.91586,"county":"ORANGE","organization":"SCCWRP","batch_year":"2013"}]}},{"type":"Feature","geometry":{"type":"Polygon","coordinates":[[[-118.10616719733044,33.53719767099377],[-118.09831150186852,33.54908461218591],[-118.10656426314388,33.560457679145394],[-118.1226733125246,33.559942575462365],[-118.13052630035945,33.54805526435133],[-118.12227294737188,33.5366834267748],[-118.10616719733044,33.53719767099377]]]},"properties":{"h3_index":"8729a5441ffffff","station_count":2,"program_id":"bight","program":"Southern California Bight","resolution":7,"stations":[{"station_id":"7241_B08","station_name":"B08-7241","lat":33.55138,"lon":-118.10198,"county":"FEDERAL WATERS","organization":"OCSD","batch_year":"2008"},{"station_id":"B18-10345","station_name":"B18-10345","lat":33.555672,"lon":-118.114677,"county":"OOS","organization":"SCCWRP","batch_year":"2018"}]}},{"type":"Feature","geometry":{"type":"Polygon","coordinates":[[[-118.08141816269803,33.50306773817261],[-118.0735613319226,33.514955348556],[-118.08181003624816,33.52633344561795],[-118.09791616735508,33.52582270226267],[-118.10577029496307,33.51393471955684],[-118.09752099556255,33.502557852461514],[-118.08141816269803,33.50306773817261]]]},"properties":{"h3_index":"8729a5444ffffff","station_count":1,"program_id":"bight","program":"Southern California Bight","resolution":7,"stations":[{"station_id":"B13-9170","station_name":"B13-9170 OpenwaterStation","lat":33.5155,"lon":-118.0768,"county":"ORANGE","organization":"SCCWRP","batch_year":"2013"}]}},{"type":"Feature","geometry":{"type":"Polygon","coordinates":[[[-118.13092839772263,33.57131250865607],[-118.12307384257478,33.58319877405536],[-118.1313306607095,33.594566799464374],[-118.14744262326704,33.594047330609094],[-118.1552944663256,33.582160697692174],[-118.14703705984735,33.57079390108054],[-118.13092839772263,33.57131250865607]]]},"properties":{"h3_index":"8729a5448ffffff","station_count":1,"program_id":"bight","program":"Southern California Bight","resolution":7,"stations":[{"station_id":"7253_B08","station_name":"B08-7253","lat":33.57957,"lon":-118.13934,"county":"FEDERAL WATERS","organization":"OCSD","batch_year":"2008"}]}},{"type":"Feature","geometry":{"type":"Polygon","coordinates":[[[-118.10696149250441,33.58371473690155],[-118.0991026594601,33.595599583950936],[-118.10735888551295,33.606968837157766],[-118.12347453762432,33.60645201545004],[-118.1313306607095,33.594566799464374],[-118.12307384257478,33.58319877405536],[-118.10696149250441,33.58371473690155]]]},"properties":{"h3_index":"8729a544affffff","station_count":3,"program_id":"bight","program":"Southern California Bight","resolution":7,"stations":[{"station_id":"SCBPP_1418","station_name":"1418_SCBPP","lat":33.59707,"lon":-118.10977,"county":"FEDERAL WATERS","organization":"TEX-AM","batch_year":"1994"},{"station_id":"4346_B03","station_name":"B03_4346","lat":33.60216,"lon":-118.11667,"county":"FEDERAL WATERS","organization":"LACSD","batch_year":"2003"},{"station_id":"B13-9193","station_name":"B13-9193 OpenwaterStation","lat":33.58426,"lon":-118.11316,"county":"ORANGE","organization":"SCCWRP","batch_year":"2013"}]}},{"type":"Feature","geometry":{"type":"Polygon","coordinates":[[[-118.1313306607095,33.594566799464374],[-118.12347453762432,33.60645201545004],[-118.13173308942238,33.61781812967572],[-118.14784835376378,33.61729779984306],[-118.15570176359128,33.605412216829684],[-118.14744262326704,33.594047330609094],[-118.1313306607095,33.594566799464374]]]},"properties":{"h3_index":"8729a544bffffff","station_count":2,"program_id":"bight","program":"Southern California Bight","resolution":7,"stations":[{"station_id":"4218_B03","station_name":"B03_4218","lat":33.60717,"lon":-118.12462,"county":"FEDERAL WATERS","organization":"LACSD","batch_year":"2003"},{"station_id":"4122_B03","station_name":"B03_4122","lat":33.60442,"lon":-118.14047,"county":"FEDERAL WATERS","organization":"LACSD","batch_year":"2003"}]}},{"type":"Feature","geometry":{"type":"Polygon","coordinates":[[[-118.13052630035945,33.54805526435133],[-118.1226733125246,33.559942575462365],[-118.13092839772263,33.57131250865607],[-118.14703705984735,33.57079390108054],[-118.15488733676058,33.55890622196046],[-118.14663166340156,33.547537518357274],[-118.13052630035945,33.54805526435133]]]},"properties":{"h3_index":"8729a544cffffff","station_count":1,"program_id":"bight","program":"Southern California Bight","resolution":7,"stations":[{"station_id":"SCBPP_1476","station_name":"1476_SCBPP","lat":33.56513,"lon":-118.14628,"county":"FEDERAL WATERS","organization":"LACSD","batch_year":"1994"}]}},{"type":"Feature","geometry":{"type":"Polygon","coordinates":[[[-118.10656426314388,33.560457679145394],[-118.09870699920334,33.57234357511788],[-118.10696149250441,33.58371473690155],[-118.12307384257478,33.58319877405536],[-118.13092839772263,33.57131250865607],[-118.1226733125246,33.559942575462365],[-118.10656426314388,33.560457679145394]]]},"properties":{"h3_index":"8729a544effffff","station_count":1,"program_id":"bight","program":"Southern California Bight","resolution":7,"stations":[{"station_id":"B18-10312","station_name":"B18-10312","lat":33.575851,"lon":-118.125847,"county":"OOS","organization":"SCCWRP","batch_year":"2018"}]}},{"type":"Feature","geometry":{"type":"Polygon","coordinates":[[[-118.00950433809379,33.540240109265085],[-118.00163469824183,33.55212346149765],[-118.00988159491962,33.563505242416234],[-118.02599873867247,33.563002444092284],[-118.03386568178114,33.55111871529614],[-118.02561817881396,33.5397381613212],[-118.00950433809379,33.540240109265085]]]},"properties":{"h3_index":"8729a5450ffffff","station_count":4,"program_id":"bight","program":"Southern California Bight","resolution":7,"stations":[{"station_id":"4329_B03","station_name":"B03_4329","lat":33.55625,"lon":-118.02254,"county":"FEDERAL WATERS","organization":"OCSD","batch_year":"2003"},{"station_id":"B98_122006","station_name":"122006_B98","lat":33.5607,"lon":-118.017,"county":"FEDERAL WATERS","organization":"OCSD","batch_year":"1998"},{"station_id":"B13-9179","station_name":"B13-9179 OpenwaterStation","lat":33.55625,"lon":-118.02254,"county":"ORANGE","organization":"SCCWRP","batch_year":"2013"},{"station_id":"B18-10344","station_name":"B18-10344","lat":33.556,"lon":-118.022377,"county":"OOS","organization":"SCCWRP","batch_year":"2018"}]}},{"type":"Feature","geometry":{"type":"Polygon","coordinates":[[[-118.03386568178114,33.55111871529614],[-118.02599873867247,33.563002444092284],[-118.03424797164679,33.5743810973249],[-118.05036475140297,33.57387479453382],[-118.05822899446119,33.561990691079885],[-118.04997915874709,33.55061326500824],[-118.03386568178114,33.55111871529614]]]},"properties":{"h3_index":"8729a5451ffffff","station_count":1,"program_id":"bight","program":"Southern California Bight","resolution":7,"stations":[{"station_id":"SCBPP_1469","station_name":"1469_SCBPP","lat":33.5718,"lon":-118.04897,"county":"FEDERAL WATERS","organization":"OCSD","batch_year":"1994"}]}},{"type":"Feature","geometry":{"type":"Polygon","coordinates":[[[-117.98551719643312,33.55262275628315],[-117.97764328761232,33.564504679878084],[-117.98588957425665,33.575887686729864],[-118.00201038068985,33.57538754398749],[-118.00988159491962,33.563505242416234],[-118.00163469824183,33.55212346149765],[-117.98551719643312,33.55262275628315]]]},"properties":{"h3_index":"8729a5452ffffff","station_count":1,"program_id":"bight","program":"Southern California Bight","resolution":7,"stations":[{"station_id":"4041_B03","station_name":"B03_4041","lat":33.56737,"lon":-117.98962,"county":"FEDERAL WATERS","organization":"OCSD","batch_year":"2003"}]}},{"type":"Feature","geometry":{"type":"Polygon","coordinates":[[[-118.00988159491962,33.563505242416234],[-118.00201038068985,33.57538754398749],[-118.01025900718102,33.58676742337298],[-118.02637945531943,33.586263774968046],[-118.03424797164679,33.5743810973249],[-118.02599873867247,33.563002444092284],[-118.00988159491962,33.563505242416234]]]},"properties":{"h3_index":"8729a5453ffffff","station_count":7,"program_id":"bight","program":"Southern California Bight","resolution":7,"stations":[{"station_id":"4137_B03","station_name":"B03_4137","lat":33.57691,"lon":-118.0116,"county":"FEDERAL WATERS","organization":"OCSD","batch_year":"2003"},{"station_id":"SCBPP_1455","station_name":"1455_SCBPP","lat":33.57708,"lon":-118.03025,"county":"FEDERAL WATERS","organization":"OCSD","batch_year":"1994"},{"station_id":"B98_122005","station_name":"122005_B98","lat":33.5756,"lon":-118.005,"county":"FEDERAL WATERS","organization":"OCSD","batch_year":"1998"},{"station_id":"B18-10313","station_name":"B18-10313","lat":33.568272,"lon":-118.024406,"county":"OOS","organization":"SCCWRP","batch_year":"2018"},{"station_id":"B13-9185","station_name":"B13-9185 OpenwaterStation","lat":33.56469,"lon":-118.01844,"county":"ORANGE","organization":"SCCWRP","batch_year":"2013"},{"station_id":"2205","station_name":"OCSD Ocean WQ Station 2205","lat":33.57557,"lon":-118.0047,"county":"ORANGE","organization":"SCCWRP","batch_year":"2013"},{"station_id":"B03W045_B03","station_name":"B03_B03W045","lat":33.57557,"lon":-118.0047,"county":"FEDERAL WATERS","organization":"USC","batch_year":"2003"}]}},{"type":"Feature","geometry":{"type":"Polygon","coordinates":[[[-117.98514497196759,33.529354876751015],[-117.97727263868175,33.5412378505149],[-117.98551719643312,33.55262275628315],[-118.00163469824183,33.55212346149765],[-118.00950433809379,33.540240109265085],[-118.00125917050494,33.52885643022062],[-117.98514497196759,33.529354876751015]]]},"properties":{"h3_index":"8729a5456ffffff","station_count":1,"program_id":"bight","program":"Southern California Bight","resolution":7,"stations":[{"station_id":"B98_121006","station_name":"121006_B98","lat":33.5403,"lon":-117.981,"county":"FEDERAL WATERS","organization":"OCSD","batch_year":"1998"}]}},{"type":"Feature","geometry":{"type":"Polygon","coordinates":[[[-118.05861631804079,33.58525031724914],[-118.05075050292506,33.59713336905908],[-118.05900380121211,33.60850698501553],[-118.07512351492655,33.60799632251052],[-118.08298662552362,33.59611289843962],[-118.07473272785853,33.584740509067906],[-118.05861631804079,33.58525031724914]]]},"properties":{"h3_index":"8729a5458ffffff","station_count":5,"program_id":"bight","program":"Southern California Bight","resolution":7,"stations":[{"station_id":"2208_B98","station_name":"B98_2208","lat":33.60185,"lon":-118.05647,"county":"FEDERAL WATERS","organization":"OCSD","batch_year":"1998"},{"station_id":"2209_B98","station_name":"B98_2209","lat":33.59162,"lon":-118.06273,"county":"FEDERAL WATERS","organization":"OCSD","batch_year":"1998"},{"station_id":"B18-10260","station_name":"B18-10260","lat":33.60199,"lon":-118.05661,"county":"OOS","organization":"SCCWRP","batch_year":"2018"},{"station_id":"7269_B08","station_name":"B08-7269","lat":33.60185,"lon":-118.05647,"county":"FEDERAL WATERS","organization":"OCSD","batch_year":"2008"},{"station_id":"B13-9199","station_name":"B13-9199 OpenwaterStation","lat":33.60185,"lon":-118.05647,"county":"ORANGE","organization":"SCCWRP","batch_year":"2013"}]}},{"type":"Feature","geometry":{"type":"Polygon","coordinates":[[[-118.08298662552362,33.59611289843962],[-118.07512351492655,33.60799632251052],[-118.08337914515626,33.61936680251424],[-118.09949848273946,33.61885263158314],[-118.10735888551295,33.606968837157766],[-118.0991026594601,33.595599583950936],[-118.08298662552362,33.59611289843962]]]},"properties":{"h3_index":"8729a5459ffffff","station_count":2,"program_id":"bight","program":"Southern California Bight","resolution":7,"stations":[{"station_id":"2400_B98","station_name":"B98_2400","lat":33.60346,"lon":-118.09545,"county":"FEDERAL WATERS","organization":"OCSD","batch_year":"1998"},{"station_id":"B98_124006","station_name":"124006_B98","lat":33.6016,"lon":-118.088,"county":"FEDERAL WATERS","organization":"OCSD","batch_year":"1998"}]}},{"type":"Feature","geometry":{"type":"Polygon","coordinates":[[[-118.03463041902589,33.59764052405345],[-118.0267603288518,33.609522146840526],[-118.03501302401583,33.620896988377034],[-118.0511364134115,33.62038898147993],[-118.05900380121211,33.60850698501553],[-118.05075050292506,33.59713336905908],[-118.03463041902589,33.59764052405345]]]},"properties":{"h3_index":"8729a545affffff","station_count":6,"program_id":"bight","program":"Southern California Bight","resolution":7,"stations":[{"station_id":"4073_B03","station_name":"B03_4073","lat":33.59768,"lon":-118.04613,"county":"FEDERAL WATERS","organization":"OCSD","batch_year":"2003"},{"station_id":"4241_B03","station_name":"B03_4241","lat":33.60295,"lon":-118.03602,"county":"FEDERAL WATERS","organization":"OCSD","batch_year":"2003"},{"station_id":"B98_123004","station_name":"123004_B98","lat":33.6108,"lon":-118.028,"county":"ORANGE","organization":"OCSD","batch_year":"1998"},{"station_id":"B18-10228","station_name":"B18-10228","lat":33.618999,"lon":-118.041779,"county":"ORANGE","organization":"SCCWRP","batch_year":"2018"},{"station_id":"SCBPP_1406","station_name":"1406_SCBPP","lat":33.6034,"lon":-118.05022,"county":"FEDERAL WATERS","organization":"OCSD","batch_year":"1994"},{"station_id":"B03_B03W049","station_name":"B03W049_B03","lat":33.61082,"lon":-118.0279,"county":"ORANGE","organization":"MEC","batch_year":"2003"}]}},{"type":"Feature","geometry":{"type":"Polygon","coordinates":[[[-118.05900380121211,33.60850698501553],[-118.0511364134115,33.62038898147993],[-118.05939144407377,33.63176068727823],[-118.07551446303823,33.63124917075081],[-118.08337914515626,33.61936680251424],[-118.07512351492655,33.60799632251052],[-118.05900380121211,33.60850698501553]]]},"properties":{"h3_index":"8729a545bffffff","station_count":6,"program_id":"bight","program":"Southern California Bight","resolution":7,"stations":[{"station_id":"B98_124004","station_name":"124004_B98","lat":33.6313,"lon":-118.063,"county":"FEDERAL WATERS","organization":"OCSD","batch_year":"1998"},{"station_id":"B98_124005","station_name":"124005_B98","lat":33.6164,"lon":-118.076,"county":"FEDERAL WATERS","organization":"OCSD","batch_year":"1998"},{"station_id":"2207_B98","station_name":"B98_2207","lat":33.61233,"lon":-118.06563,"county":"FEDERAL WATERS","organization":"OCSD","batch_year":"1998"},{"station_id":"4154_B03","station_name":"B03_4154","lat":33.62488,"lon":-118.07523,"county":"FEDERAL WATERS","organization":"OCSD","batch_year":"2003"},{"station_id":"B03_B03W055","station_name":"B03W055_B03","lat":33.61643,"lon":-118.07573,"county":"FEDERAL WATERS","organization":"USC","batch_year":"2003"},{"station_id":"B03_B03W054","station_name":"B03W054_B03","lat":33.63125,"lon":-118.06347,"county":"FEDERAL WATERS","organization":"MEC","batch_year":"2003"}]}},{"type":"Feature","geometry":{"type":"Polygon","coordinates":[[[-118.05822899446119,33.561990691079885],[-118.05036475140297,33.57387479453382],[-118.05861631804079,33.58525031724914],[-118.07473272785853,33.584740509067906],[-118.08259426756128,33.572856032862646],[-118.07434210173477,33.56148173752309],[-118.05822899446119,33.561990691079885]]]},"properties":{"h3_index":"8729a545cffffff","station_count":1,"program_id":"bight","program":"Southern California Bight","resolution":7,"stations":[{"station_id":"SCBPP_1450","station_name":"1450_SCBPP","lat":33.58012,"lon":-118.06847,"county":"FEDERAL WATERS","organization":"OCSD","batch_year":"1994"}]}},{"type":"Feature","geometry":{"type":"Polygon","coordinates":[[[-118.03424797164679,33.5743810973249],[-118.02637945531943,33.586263774968046],[-118.03463041902589,33.59764052405345],[-118.05075050292506,33.59713336905908],[-118.05861631804079,33.58525031724914],[-118.05036475140297,33.57387479453382],[-118.03424797164679,33.5743810973249]]]},"properties":{"h3_index":"8729a545effffff","station_count":6,"program_id":"bight","program":"Southern California Bight","resolution":7,"stations":[{"station_id":"SCBPP_1426","station_name":"1426_SCBPP","lat":33.5937,"lon":-118.05247,"county":"FEDERAL WATERS","organization":"OCSD","batch_year":"1994"},{"station_id":"B98_123006","station_name":"123006_B98","lat":33.5812,"lon":-118.052,"county":"FEDERAL WATERS","organization":"OCSD","batch_year":"1998"},{"station_id":"B98_123005","station_name":"123005_B98","lat":33.596,"lon":-118.04,"county":"FEDERAL WATERS","organization":"OCSD","batch_year":"1998"},{"station_id":"2210_B98","station_name":"B98_2210","lat":33.58968,"lon":-118.04062,"county":"FEDERAL WATERS","organization":"OCSD","batch_year":"1998"},{"station_id":"2306","station_name":"OCSD Ocean WQ Station 2306","lat":33.58118,"lon":-118.05248,"county":"ORANGE","organization":"SCCWRP","batch_year":"2013"},{"station_id":"B03W050_B03","station_name":"B03_B03W050","lat":33.596,"lon":-118.0402,"county":"FEDERAL WATERS","organization":"USC","batch_year":"2003"}]}},{"type":"Feature","geometry":{"type":"Polygon","coordinates":[[[-118.08063489931264,33.4565275312345],[-118.07278120469603,33.46841721252431],[-118.08102645041936,33.47979909766968],[-118.09712598639048,33.47929006990143],[-118.10497698016326,33.46740001529597],[-118.0967311397386,33.456019361707106],[-118.08063489931264,33.4565275312345]]]},"properties":{"h3_index":"8729a5466ffffff","station_count":1,"program_id":"bight","program":"Southern California Bight","resolution":7,"stations":[{"station_id":"7210_B08","station_name":"B08-7210","lat":33.47534,"lon":-118.09962,"county":"FEDERAL WATERS","organization":"OCSD","batch_year":"2008"}]}},{"type":"Feature","geometry":{"type":"Polygon","coordinates":[[[-118.17801482833408,33.49997774567104],[-118.17017195682867,33.51186890875354],[-118.17842648204244,33.52323828456098],[-118.19452446021008,33.52271526483428],[-118.20236461772167,33.51082373608501],[-118.1941095119879,33.499455592660915],[-118.17801482833408,33.49997774567104]]]},"properties":{"h3_index":"8729a546dffffff","station_count":1,"program_id":"bight","program":"Southern California Bight","resolution":7,"stations":[{"station_id":"4254_B03","station_name":"B03_4254","lat":33.51348,"lon":-118.17863,"county":"FEDERAL WATERS","organization":"LACSD","batch_year":"2003"}]}},{"type":"Feature","geometry":{"type":"Polygon","coordinates":[[[-117.74295051214354,33.513301721798605],[-117.73504507519455,33.52517660309858],[-117.7432729824504,33.53658508924448],[-117.75940697370035,33.536117472792064],[-117.76730974587309,33.524242195998674],[-117.7590811925117,33.51283493108776],[-117.74295051214354,33.513301721798605]]]},"properties":{"h3_index":"8729a5484ffffff","station_count":2,"program_id":"bight","program":"Southern California Bight","resolution":7,"stations":[{"station_id":"B03_AC225L","station_name":"AC225L_B03","lat":33.51296,"lon":-117.75613,"county":"ORANGE","organization":"SOCWA","batch_year":"2003"},{"station_id":"B03_AC225ROFFSHORE","station_name":"AC225ROFFSHORE_B03","lat":33.513,"lon":-117.7561,"county":"ORANGE","organization":"SOCWA","batch_year":"2003"}]}},{"type":"Feature","geometry":{"type":"Polygon","coordinates":[[[-117.76665514280103,33.47767206361778],[-117.75875554552822,33.489549450416256],[-117.766982376916,33.500958597434334],[-117.78310944864688,33.5004891345362],[-117.79100638008663,33.48861135315044],[-117.7827789065667,33.47720342918639],[-117.76665514280103,33.47767206361778]]]},"properties":{"h3_index":"8729a54a0ffffff","station_count":3,"program_id":"bight","program":"Southern California Bight","resolution":7,"stations":[{"station_id":"B98_117903","station_name":"117903_B98","lat":33.4912,"lon":-117.769,"county":"ORANGE","organization":"MEC","batch_year":"1998"},{"station_id":"B98_118003","station_name":"118003_B98","lat":33.4979,"lon":-117.776,"county":"ORANGE","organization":"MEC","batch_year":"1998"},{"station_id":"2346_B98","station_name":"B98_2346","lat":33.49405,"lon":-117.77713,"county":"ORANGE","organization":"CRGML","batch_year":"1998"}]}},{"type":"Feature","geometry":{"type":"Polygon","coordinates":[[[-117.7426281746843,33.490015415093296],[-117.73472432664292,33.50189135275882],[-117.74295051214354,33.513301721798605],[-117.7590811925117,33.51283493108776],[-117.766982376916,33.500958597434334],[-117.75875554552822,33.489549450416256],[-117.7426281746843,33.490015415093296]]]},"properties":{"h3_index":"8729a54a2ffffff","station_count":22,"program_id":"bight","program":"Southern California Bight","resolution":7,"stations":[{"station_id":"B98_117901","station_name":"117901_B98","lat":33.5024,"lon":-117.75,"county":"ORANGE","organization":"MEC","batch_year":"1998"},{"station_id":"B98_117902","station_name":"117902_B98","lat":33.4968,"lon":-117.759,"county":"ORANGE","organization":"MEC","batch_year":"1998"},{"station_id":"4238_B03","station_name":"B03_4238","lat":33.49975,"lon":-117.75211,"county":"ORANGE","organization":"OCSD","batch_year":"2003"},{"station_id":"B03_AC0","station_name":"AC0_B03","lat":33.5117,"lon":-117.7547,"county":"ORANGE","organization":"SOCWA","batch_year":"2003"},{"station_id":"B03_AC75ROFFSHORE","station_name":"AC75ROFFSHORE_B03","lat":33.5122,"lon":-117.7552,"county":"ORANGE","organization":"SOCWA","batch_year":"2003"},{"station_id":"B98_118001","station_name":"118001_B98","lat":33.5092,"lon":-117.757,"county":"ORANGE","organization":"MEC","batch_year":"1998"},{"station_id":"7215_B08","station_name":"B08-7215","lat":33.49911,"lon":-117.75286,"county":"ORANGE","organization":"OCSD","batch_year":"2008"},{"station_id":"B13-9159","station_name":"B13-9159 OpenwaterStation","lat":33.50056,"lon":-117.75367,"county":"ORANGE","organization":"SCCWRP","batch_year":"2013"},{"station_id":"4286_B03","station_name":"B03_4286","lat":33.50335,"lon":-117.76498,"county":"ORANGE","organization":"OCSD","batch_year":"2003"},{"station_id":"2454_B98","station_name":"B98_2454","lat":33.50985,"lon":-117.75307,"county":"ORANGE","organization":"CRGML","batch_year":"1998"},{"station_id":"2278_B98","station_name":"B98_2278","lat":33.5049,"lon":-117.7635,"county":"ORANGE","organization":"CAS","batch_year":"1998"},{"station_id":"B03_AC25R","station_name":"AC25R_B03","lat":33.51153,"lon":-117.75488,"county":"ORANGE","organization":"OCPHL","batch_year":"2003"},{"station_id":"B03_AC75L","station_name":"AC75L_B03","lat":33.51221,"lon":-117.75521,"county":"ORANGE","organization":"OCPHL","batch_year":"2003"},{"station_id":"4366_B03","station_name":"B03_4366","lat":33.50726,"lon":-117.76013,"county":"ORANGE","organization":"OCSD","batch_year":"2003"},{"station_id":"B03_AC75R","station_name":"AC75R_B03","lat":33.51123,"lon":-117.75415,"county":"ORANGE","organization":"SOCWA","batch_year":"2003"},{"station_id":"B03_AC225R","station_name":"AC225R_B03","lat":33.51026,"lon":-117.75318,"county":"ORANGE","organization":"OCPHL","batch_year":"2003"},{"station_id":"B03_AC25L","station_name":"AC25L_B03","lat":33.51195,"lon":-117.7549,"county":"ORANGE","organization":"SOCWA","batch_year":"2003"},{"station_id":"B03_AC25ROFFSHORE","station_name":"AC25ROFFSHORE_B03","lat":33.5119,"lon":-117.7549,"county":"ORANGE","organization":"OCPHL","batch_year":"2003"},{"station_id":"B03_AC75LOFFSHORE","station_name":"AC75LOFFSHORE_B03","lat":33.5112,"lon":-117.7542,"county":"ORANGE","organization":"OCPHL","batch_year":"2003"},{"station_id":"B03_AC225LOFFSHORE","station_name":"AC225LOFFSHORE_B03","lat":33.5103,"lon":-117.7532,"county":"ORANGE","organization":"OCPHL","batch_year":"2003"},{"station_id":"B03_ACU","station_name":"ACU_B03","lat":33.5117,"lon":-117.75468,"county":"ORANGE","organization":"OCPHL","batch_year":"2003"},{"station_id":"B03_AC25LOFFSHORE","station_name":"AC25LOFFSHORE_B03","lat":33.5115,"lon":-117.7545,"county":"ORANGE","organization":"SOCWA","batch_year":"2003"}]}},{"type":"Feature","geometry":{"type":"Polygon","coordinates":[[[-117.766982376916,33.500958597434334],[-117.7590811925117,33.51283493108776],[-117.76730974587309,33.524242195998674],[-117.78344012692567,33.523771904926186],[-117.79133864435643,33.511895177180804],[-117.78310944864688,33.5004891345362],[-117.766982376916,33.500958597434334]]]},"properties":{"h3_index":"8729a54a3ffffff","station_count":17,"program_id":"bight","program":"Southern California Bight","resolution":7,"stations":[{"station_id":"B98_118002","station_name":"118002_B98","lat":33.5035,"lon":-117.766,"county":"ORANGE","organization":"MEC","batch_year":"1998"},{"station_id":"B98_118101","station_name":"118101_B98","lat":33.5162,"lon":-117.765,"county":"ORANGE","organization":"MEC","batch_year":"1998"},{"station_id":"B98_118102","station_name":"118102_B98","lat":33.5106,"lon":-117.774,"county":"ORANGE","organization":"MEC","batch_year":"1998"},{"station_id":"B98_118103","station_name":"118103_B98","lat":33.505,"lon":-117.783,"county":"ORANGE","organization":"MEC","batch_year":"1998"},{"station_id":"2302_B98","station_name":"B98_2302","lat":33.5099,"lon":-117.7765,"county":"ORANGE","organization":"CRGML","batch_year":"1998"},{"station_id":"2345_B98","station_name":"B98_2345","lat":33.50742,"lon":-117.76845,"county":"ORANGE","organization":"CRGML","batch_year":"1998"},{"station_id":"B18-10229","station_name":"B18-10229","lat":33.520828,"lon":-117.770233,"county":"ORANGE","organization":"SCCWRP","batch_year":"2018"},{"station_id":"B18-10264","station_name":"B18-10264","lat":33.512089,"lon":-117.771347,"county":"ORANGE","organization":"SCCWRP","batch_year":"2018"},{"station_id":"7231_B08","station_name":"B08-7231","lat":33.5214,"lon":-117.7698,"county":"ORANGE","organization":"OCSD","batch_year":"2008"},{"station_id":"B13-9171","station_name":"B13-9171 OpenwaterStation","lat":33.5214,"lon":-117.7698,"county":"ORANGE","organization":"SCCWRP","batch_year":"2013"},{"station_id":"B13-9161","station_name":"B13-9161 OpenwaterStation","lat":33.50506,"lon":-117.77313,"county":"ORANGE","organization":"SCCWRP","batch_year":"2013"},{"station_id":"2277_B98","station_name":"B98_2277","lat":33.5082,"lon":-117.7651,"county":"ORANGE","organization":"CRGML","batch_year":"1998"},{"station_id":"4030_B03","station_name":"B03_4030","lat":33.51182,"lon":-117.77133,"county":"ORANGE","organization":"OCSD","batch_year":"2003"},{"station_id":"2279_B98","station_name":"B98_2279","lat":33.5157,"lon":-117.7661,"county":"ORANGE","organization":"CRGML","batch_year":"1998"},{"station_id":"2280_B98","station_name":"B98_2280","lat":33.5089,"lon":-117.7689,"county":"ORANGE","organization":"CRGML","batch_year":"1998"},{"station_id":"2304_B98","station_name":"B98_2304","lat":33.5214,"lon":-117.7698,"county":"ORANGE","organization":"CRGML","batch_year":"1998"},{"station_id":"2303_B98","station_name":"B98_2303","lat":33.5189,"lon":-117.7821,"county":"ORANGE","organization":"CRGML","batch_year":"1998"}]}},{"type":"Feature","geometry":{"type":"Polygon","coordinates":[[[-117.76632804344486,33.45438260169074],[-117.75843003266698,33.46626103791679],[-117.76665514280103,33.47767206361778],[-117.7827789065667,33.47720342918639],[-117.79067425265127,33.465324597876176],[-117.78244850060105,33.45391479601776],[-117.76632804344486,33.45438260169074]]]},"properties":{"h3_index":"8729a54a4ffffff","station_count":4,"program_id":"bight","program":"Southern California Bight","resolution":7,"stations":[{"station_id":"4110_B03","station_name":"B03_4110","lat":33.46444,"lon":-117.76246,"county":"ORANGE","organization":"OCSD","batch_year":"2003"},{"station_id":"7208_B08","station_name":"B08-7208","lat":33.46444,"lon":-117.76246,"county":"ORANGE","organization":"OCSD","batch_year":"2008"},{"station_id":"B13-9150","station_name":"B13-9150 OpenwaterStation","lat":33.46444,"lon":-117.76246,"county":"ORANGE","organization":"SCCWRP","batch_year":"2013"},{"station_id":"B18-10315","station_name":"B18-10315","lat":33.46405,"lon":-117.761948,"county":"ORANGE","organization":"SCCWRP","batch_year":"2018"}]}},{"type":"Feature","geometry":{"type":"Polygon","coordinates":[[[-117.79067425265127,33.465324597876176],[-117.7827789065667,33.47720342918639],[-117.79100638008663,33.48861135315044],[-117.80712983900828,33.488139221655345],[-117.81502251706917,33.47625999715898],[-117.8067944051693,33.464853297279866],[-117.79067425265127,33.465324597876176]]]},"properties":{"h3_index":"8729a54a5ffffff","station_count":1,"program_id":"bight","program":"Southern California Bight","resolution":7,"stations":[{"station_id":"B98_118004","station_name":"118004_B98","lat":33.4874,"lon":-117.793,"county":"ORANGE","organization":"MEC","batch_year":"1998"}]}},{"type":"Feature","geometry":{"type":"Polygon","coordinates":[[[-117.7423059699906,33.466726176268416],[-117.73440371021917,33.478603166583],[-117.7426281746843,33.490015415093296],[-117.75875554552822,33.489549450416256],[-117.76665514280103,33.47767206361778],[-117.75843003266698,33.46626103791679],[-117.7423059699906,33.466726176268416]]]},"properties":{"h3_index":"8729a54a6ffffff","station_count":2,"program_id":"bight","program":"Southern California Bight","resolution":7,"stations":[{"station_id":"B98_117003","station_name":"117003_B98","lat":33.4689,"lon":-117.75,"county":"ORANGE","organization":"MEC","batch_year":"1998"},{"station_id":"B98_117002","station_name":"117002_B98","lat":33.4746,"lon":-117.741,"county":"ORANGE","organization":"MEC","batch_year":"1998"}]}},{"type":"Feature","geometry":{"type":"Polygon","coordinates":[[[-117.84005734069432,33.533748513466875],[-117.83216416721174,33.54562602370551],[-117.84039980852707,33.55702395897686],[-117.85652925598423,33.55654316096012],[-117.86441975249633,33.54466526232165],[-117.85618347945947,33.533268550035345],[-117.84005734069432,33.533748513466875]]]},"properties":{"h3_index":"8729a54a9ffffff","station_count":6,"program_id":"bight","program":"Southern California Bight","resolution":7,"stations":[{"station_id":"B98_119003","station_name":"119003_B98","lat":33.546,"lon":-117.836,"county":"ORANGE","organization":"OCSD","batch_year":"1998"},{"station_id":"4201_B03","station_name":"B03_4201","lat":33.53686,"lon":-117.84848,"county":"ORANGE","organization":"OCSD","batch_year":"2003"},{"station_id":"7236_B08","station_name":"B08-7236","lat":33.53686,"lon":-117.84848,"county":"ORANGE","organization":"OCSD","batch_year":"2008"},{"station_id":"B13-9174","station_name":"B13-9174 OpenwaterStation","lat":33.53686,"lon":-117.84848,"county":"ORANGE","organization":"SCCWRP","batch_year":"2013"},{"station_id":"B18-10346","station_name":"B18-10346","lat":33.536861,"lon":-117.847687,"county":"ORANGE","organization":"SCCWRP","batch_year":"2018"},{"station_id":"1903","station_name":"OCSD Ocean WQ Station 1903","lat":33.54603,"lon":-117.83637,"county":"ORANGE","organization":"SCCWRP","batch_year":"2013"}]}},{"type":"Feature","geometry":{"type":"Polygon","coordinates":[[[-117.81603440261354,33.546103318436636],[-117.8081369700067,33.557979380530405],[-117.81637197584492,33.569378537762624],[-117.83250505070573,33.56890041087611],[-117.84039980852707,33.55702395897686],[-117.83216416721174,33.54562602370551],[-117.81603440261354,33.546103318436636]]]},"properties":{"h3_index":"8729a54abffffff","station_count":4,"program_id":"bight","program":"Southern California Bight","resolution":7,"stations":[{"station_id":"B98_119002","station_name":"119002_B98","lat":33.5528,"lon":-117.832,"county":"ORANGE","organization":"OCSD","batch_year":"1998"},{"station_id":"B98_119001","station_name":"119001_B98","lat":33.5614,"lon":-117.828,"county":"ORANGE","organization":"OCSD","batch_year":"1998"},{"station_id":"2402_B98","station_name":"B98_2402","lat":33.55758,"lon":-117.82971,"county":"ORANGE","organization":"SCCWRP","batch_year":"1998"},{"station_id":"B13-9177","station_name":"B13-9177 OpenwaterStation","lat":33.54831,"lon":-117.82495,"county":"ORANGE","organization":"SCCWRP","batch_year":"2013"}]}},{"type":"Feature","geometry":{"type":"Polygon","coordinates":[[[-117.81535967331153,33.49954404100368],[-117.80746541103723,33.51142221507943],[-117.81569696846438,33.52282515047423],[-117.831823424157,33.522348688193155],[-117.83971501393557,33.51047012332551],[-117.83148282145474,33.49906841146664],[-117.81535967331153,33.49954404100368]]]},"properties":{"h3_index":"8729a54acffffff","station_count":1,"program_id":"bight","program":"Southern California Bight","resolution":7,"stations":[{"station_id":"B13-9163","station_name":"B13-9163 OpenwaterStation","lat":33.50792,"lon":-117.81413,"county":"ORANGE","organization":"SCCWRP","batch_year":"2013"}]}},{"type":"Feature","geometry":{"type":"Polygon","coordinates":[[[-117.83971501393557,33.51047012332551],[-117.831823424157,33.522348688193155],[-117.84005734069432,33.533748513466875],[-117.85618347945947,33.533268550035345],[-117.86407239341409,33.52138959627456],[-117.85583784536466,33.50999099477399],[-117.83971501393557,33.51047012332551]]]},"properties":{"h3_index":"8729a54adffffff","station_count":2,"program_id":"bight","program":"Southern California Bight","resolution":7,"stations":[{"station_id":"B98_119004","station_name":"119004_B98","lat":33.5298,"lon":-117.846,"county":"ORANGE","organization":"OCSD","batch_year":"1998"},{"station_id":"B98_119005","station_name":"119005_B98","lat":33.5135,"lon":-117.855,"county":"ORANGE","organization":"OCSD","batch_year":"1998"}]}},{"type":"Feature","geometry":{"type":"Polygon","coordinates":[[[-117.79133864435643,33.511895177180804],[-117.78344012692567,33.523771904926186],[-117.79167104554526,33.53517606282942],[-117.80780112134156,33.53470227041494],[-117.81569696846438,33.52282515047423],[-117.80746541103723,33.51142221507943],[-117.79133864435643,33.511895177180804]]]},"properties":{"h3_index":"8729a54aeffffff","station_count":2,"program_id":"bight","program":"Southern California Bight","resolution":7,"stations":[{"station_id":"2403_B98","station_name":"B98_2403","lat":33.5186,"lon":-117.80297,"county":"ORANGE","organization":"OCSD","batch_year":"1998"},{"station_id":"B13-9173","station_name":"B13-9173 OpenwaterStation","lat":33.52456,"lon":-117.79534,"county":"ORANGE","organization":"SCCWRP","batch_year":"2013"}]}},{"type":"Feature","geometry":{"type":"Polygon","coordinates":[[[-117.71827604619794,33.47906563402678],[-117.71036953785807,33.49094117380922],[-117.71859335289861,33.5023546440941],[-117.73472432664292,33.50189135275882],[-117.7426281746843,33.490015415093296],[-117.73440371021917,33.478603166583],[-117.71827604619794,33.47906563402678]]]},"properties":{"h3_index":"8729a54b5ffffff","station_count":4,"program_id":"bight","program":"Southern California Bight","resolution":7,"stations":[{"station_id":"B98_117001","station_name":"117001_B98","lat":33.4802,"lon":-117.732,"county":"ORANGE","organization":"MEC","batch_year":"1998"},{"station_id":"SCM1","station_name":"Salt Creek Mouth","lat":33.48119,"lon":-117.7249,"county":"ORANGE","organization":"OCPW","batch_year":"2023"},{"station_id":"SCM1uin","station_name":"SCM1 Outlet Influent","lat":33.48166,"lon":-117.72419,"county":"ORANGE","organization":"OCPW","batch_year":"2023"},{"station_id":"SCM1z","station_name":"Salt Creek Mouth Point Zero","lat":33.481293,"lon":-117.725157,"county":"ORANGE","organization":"OCPW","batch_year":"2023"}]}},{"type":"Feature","geometry":{"type":"Polygon","coordinates":[[[-117.91386595433443,33.6130104404238],[-117.90597765933096,33.62488698683614],[-117.91422382239577,33.63627176072469],[-117.93035890288854,33.63577876602909],[-117.93824450863603,33.62390183789348],[-117.92999772408463,33.61251828611162],[-117.91386595433443,33.6130104404238]]]},"properties":{"h3_index":"8729a54c0ffffff","station_count":9,"program_id":"bight","program":"Southern California Bight","resolution":7,"stations":[{"station_id":"B18-10059","station_name":"B18-10059","lat":33.619091,"lon":-117.927147,"county":"ORANGE","organization":"SCCWRP","batch_year":"2018"},{"station_id":"B18-10060","station_name":"B18-10060","lat":33.615051,"lon":-117.925087,"county":"ORANGE","organization":"SCCWRP","batch_year":"2018"},{"station_id":"BRI-10_B03","station_name":"B03_BRI-10","lat":33.61443,"lon":-117.92697,"county":"ORANGE","organization":"OCSD","batch_year":"2003"},{"station_id":"2136_B98","station_name":"B98_2136","lat":33.61891,"lon":-117.92728,"county":"ORANGE","organization":"OCSD","batch_year":"1998"},{"station_id":"2137_B98","station_name":"B98_2137","lat":33.61282,"lon":-117.92436,"county":"ORANGE","organization":"SCCWRP","batch_year":"1998"},{"station_id":"4129_B03","station_name":"B03_4129","lat":33.61569,"lon":-117.92184,"county":"ORANGE","organization":"OCSD","batch_year":"2003"},{"station_id":"6350_B08","station_name":"B08-6350","lat":33.61891,"lon":-117.92728,"county":"ORANGE","organization":"OCSD","batch_year":"2008"},{"station_id":"2138_B98","station_name":"B98_2138","lat":33.61408,"lon":-117.91378,"county":"ORANGE","organization":"OCSD","batch_year":"1998"},{"station_id":"B13-8280","station_name":"B13-8280 OpenwaterStation","lat":33.61891,"lon":-117.92728,"county":"ORANGE","organization":"SCCWRP","batch_year":"2013"}]}},{"type":"Feature","geometry":{"type":"Polygon","coordinates":[[[-117.93824450863603,33.62390183789348],[-117.93035890288854,33.63577876602909],[-117.93860741738274,33.647160410510104],[-117.95474215649404,33.64666390445672],[-117.96262506965971,33.63478659649745],[-117.95437593723348,33.623406174349846],[-117.93824450863603,33.62390183789348]]]},"properties":{"h3_index":"8729a54c1ffffff","station_count":11,"program_id":"bight","program":"Southern California Bight","resolution":7,"stations":[{"station_id":"B03_SAR 0","station_name":"SAR 0_B03","lat":33.62902,"lon":-117.9583,"county":"ORANGE","organization":"OCSD","batch_year":"2003"},{"station_id":"4072_B03","station_name":"B03_4072","lat":33.63664,"lon":-117.95407,"county":"ORANGE","organization":"CRGML","batch_year":"2003"},{"station_id":"6355_B08","station_name":"B08-6355","lat":33.63664,"lon":-117.95407,"county":"ORANGE","organization":"NOAACOAST","batch_year":"2008"},{"station_id":"4273_B03","station_name":"B03_4273","lat":33.64223,"lon":-117.95243,"county":"ORANGE","organization":"CRGML","batch_year":"2003"},{"station_id":"B03_SAR 225 L","station_name":"SAR 225 L_B03","lat":33.62754,"lon":-117.9565,"county":"ORANGE","organization":"OCSD","batch_year":"2003"},{"station_id":"B03_SAR 25 L","station_name":"SAR 25 L_B03","lat":33.62882,"lon":-117.9579,"county":"ORANGE","organization":"OCSD","batch_year":"2003"},{"station_id":"B03_SAR 75 L","station_name":"SAR 75 L_B03","lat":33.62853,"lon":-117.9576,"county":"ORANGE","organization":"OCSD","batch_year":"2003"},{"station_id":"B03_SAR 450 L","station_name":"SAR 450 L_B03","lat":33.62672,"lon":-117.95481,"county":"ORANGE","organization":"OCSD","batch_year":"2003"},{"station_id":"B03W306_B03","station_name":"B03_B03W306","lat":33.6287,"lon":-117.957,"county":"ORANGE","organization":"USC","batch_year":"2003"},{"station_id":"B13-8286","station_name":"B13-8286 OpenwaterStation","lat":33.63567,"lon":-117.9561,"county":"ORANGE","organization":"SCCWRP","batch_year":"2013"},{"station_id":"B03_SAR 450 L OFF","station_name":"SAR 450 L OFF_B03","lat":33.626,"lon":-117.95528,"county":"ORANGE","organization":"OCSD","batch_year":"2003"}]}},{"type":"Feature","geometry":{"type":"Polygon","coordinates":[[[-117.88984224341156,33.62537647111645],[-117.88194967917015,33.63725156717731],[-117.89019521699014,33.64863756215749],[-117.90633394523518,33.64814723992037],[-117.91422382239577,33.63627176072469],[-117.90597765933096,33.62488698683614],[-117.88984224341156,33.62537647111645]]]},"properties":{"h3_index":"8729a54c2ffffff","station_count":7,"program_id":"bight","program":"Southern California Bight","resolution":7,"stations":[{"station_id":"4104_B03","station_name":"B03_4104","lat":33.63333,"lon":-117.88773,"county":"ORANGE","organization":"CRGML","batch_year":"2003"},{"station_id":"6354_B08","station_name":"B08-6354","lat":33.63333,"lon":-117.88773,"county":"ORANGE","organization":"CSD","batch_year":"2008"},{"station_id":"6362_B08","station_name":"B08-6362","lat":33.64585,"lon":-117.88895,"county":"ORANGE","organization":"CRGML","batch_year":"2008"},{"station_id":"B18-10159","station_name":"B18-10159","lat":33.64582,"lon":-117.88868,"county":"ORANGE","organization":"SCCWRP","batch_year":"2018"},{"station_id":"4017_B03","station_name":"B03_4017","lat":33.64585,"lon":-117.88895,"county":"ORANGE","organization":"CRGML","batch_year":"2003"},{"station_id":"B13-8290","station_name":"B13-8290 OpenwaterStation","lat":33.64585,"lon":-117.88894,"county":"ORANGE","organization":"SCCWRP","batch_year":"2013"},{"station_id":"B18-10161","station_name":"B18-10161","lat":33.63159,"lon":-117.88644,"county":"ORANGE","organization":"SCCWRP","batch_year":"2018"}]}},{"type":"Feature","geometry":{"type":"Polygon","coordinates":[[[-117.91350823376446,33.5897461519208],[-117.90562152028475,33.60162376184908],[-117.91386595433443,33.6130104404238],[-117.92999772408463,33.61251828611162],[-117.9378817494624,33.60064029397188],[-117.92963669412919,33.58925483829063],[-117.91350823376446,33.5897461519208]]]},"properties":{"h3_index":"8729a54c4ffffff","station_count":10,"program_id":"bight","program":"Southern California Bight","resolution":7,"stations":[{"station_id":"B18-10063","station_name":"B18-10063","lat":33.606491,"lon":-117.911247,"county":"ORANGE","organization":"SCCWRP","batch_year":"2018"},{"station_id":"6344_B08","station_name":"B08-6344","lat":33.61023,"lon":-117.92412,"county":"ORANGE","organization":"OCSD","batch_year":"2008"},{"station_id":"B18-10263","station_name":"B18-10263","lat":33.592312,"lon":-117.925308,"county":"ORANGE","organization":"SCCWRP","batch_year":"2018"},{"station_id":"B98_121001","station_name":"121001_B98","lat":33.6031,"lon":-117.929,"county":"ORANGE","organization":"OCSD","batch_year":"1998"},{"station_id":"B03_B03W037","station_name":"B03W037_B03","lat":33.60305,"lon":-117.92915,"county":"ORANGE","organization":"USC","batch_year":"2003"},{"station_id":"BRI-08_B03","station_name":"B03_BRI-08","lat":33.61202,"lon":-117.92783,"county":"ORANGE","organization":"OCSD","batch_year":"2003"},{"station_id":"SCBPP_1424","station_name":"1424_SCBPP","lat":33.59475,"lon":-117.92222,"county":"ORANGE","organization":"OCSD","batch_year":"1994"},{"station_id":"B13-9197","station_name":"B13-9197 OpenwaterStation","lat":33.60008,"lon":-117.93292,"county":"ORANGE","organization":"SCCWRP","batch_year":"2013"},{"station_id":"2142_B98","station_name":"B98_2142","lat":33.60721,"lon":-117.91058,"county":"ORANGE","organization":"OCSD","batch_year":"1998"},{"station_id":"BRI-09_B03","station_name":"B03_BRI-09","lat":33.61095,"lon":-117.9274,"county":"ORANGE","organization":"OCSD","batch_year":"2003"}]}},{"type":"Feature","geometry":{"type":"Polygon","coordinates":[[[-117.9378817494624,33.60064029397188],[-117.92999772408463,33.61251828611162],[-117.93824450863603,33.62390183789348],[-117.95437593723348,33.623406174349846],[-117.96225727118552,33.611527801898895],[-117.95400986890284,33.600145473237376],[-117.9378817494624,33.60064029397188]]]},"properties":{"h3_index":"8729a54c5ffffff","station_count":7,"program_id":"bight","program":"Southern California Bight","resolution":7,"stations":[{"station_id":"BRI-07_B03","station_name":"B03_BRI-07","lat":33.62085,"lon":-117.93623,"county":"ORANGE","organization":"OCSD","batch_year":"2003"},{"station_id":"B98_121801","station_name":"121801_B98","lat":33.6146,"lon":-117.946,"county":"ORANGE","organization":"OCSD","batch_year":"1998"},{"station_id":"B98_121802","station_name":"121802_B98","lat":33.6045,"lon":-117.954,"county":"ORANGE","organization":"OCSD","batch_year":"1998"},{"station_id":"B98_121901","station_name":"121901_B98","lat":33.6198,"lon":-117.955,"county":"ORANGE","organization":"OCSD","batch_year":"1998"},{"station_id":"B03_B03W174","station_name":"B03W174_B03","lat":33.60453,"lon":-117.9544,"county":"ORANGE","organization":"USC","batch_year":"2003"},{"station_id":"SCBPP_1399","station_name":"1399_SCBPP","lat":33.60658,"lon":-117.95763,"county":"ORANGE","organization":"OCSD","batch_year":"1994"},{"station_id":"B03_B03W173","station_name":"B03W173_B03","lat":33.61462,"lon":-117.94587,"county":"ORANGE","organization":"USC","batch_year":"2003"}]}},{"type":"Feature","geometry":{"type":"Polygon","coordinates":[[[-117.88948941533295,33.60211240787412],[-117.88159843440144,33.613988570664276],[-117.88984224341156,33.62537647111645],[-117.90597765933096,33.62488698683614],[-117.91386595433443,33.6130104404238],[-117.90562152028475,33.60162376184908],[-117.88948941533295,33.60211240787412]]]},"properties":{"h3_index":"8729a54c6ffffff","station_count":20,"program_id":"bight","program":"Southern California Bight","resolution":7,"stations":[{"station_id":"B18-10061","station_name":"B18-10061","lat":33.61248,"lon":-117.905373,"county":"ORANGE","organization":"SCCWRP","batch_year":"2018"},{"station_id":"4257_B03","station_name":"B03_4257","lat":33.60293,"lon":-117.89843,"county":"ORANGE","organization":"OCSD","batch_year":"2003"},{"station_id":"4305_B03","station_name":"B03_4305","lat":33.62269,"lon":-117.89268,"county":"ORANGE","organization":"CRGML","batch_year":"2003"},{"station_id":"2141_B98","station_name":"B98_2141","lat":33.61067,"lon":-117.90235,"county":"ORANGE","organization":"OCSD","batch_year":"1998"},{"station_id":"2145_B98","station_name":"B98_2145","lat":33.60376,"lon":-117.88878,"county":"ORANGE","organization":"SCCWRP","batch_year":"1998"},{"station_id":"2143_B98","station_name":"B98_2143","lat":33.60676,"lon":-117.90572,"county":"ORANGE","organization":"SCCWRP","batch_year":"1998"},{"station_id":"6335_B08","station_name":"B08-6335","lat":33.60268,"lon":-117.89683,"county":"ORANGE","organization":"OCSD","batch_year":"2008"},{"station_id":"6343_B08","station_name":"B08-6343","lat":33.6094,"lon":-117.90476,"county":"ORANGE","organization":"CRGML","batch_year":"2008"},{"station_id":"B18-10165","station_name":"B18-10165","lat":33.61797,"lon":-117.9039,"county":"ORANGE","organization":"SCCWRP","batch_year":"2018"},{"station_id":"B18-10164","station_name":"B18-10164","lat":33.62135,"lon":-117.89479,"county":"ORANGE","organization":"SCCWRP","batch_year":"2018"},{"station_id":"4423_B03","station_name":"B03_4423","lat":33.60848,"lon":-117.89604,"county":"ORANGE","organization":"OCSD","batch_year":"2003"},{"station_id":"B13-8279","station_name":"B13-8279 OpenwaterStation","lat":33.61702,"lon":-117.90498,"county":"ORANGE","organization":"SCCWRP","batch_year":"2013"},{"station_id":"B18-10062","station_name":"B18-10062","lat":33.608791,"lon":-117.90477,"county":"ORANGE","organization":"SCCWRP","batch_year":"2018"},{"station_id":"4065_B03","station_name":"B03_4065","lat":33.6094,"lon":-117.90476,"county":"ORANGE","organization":"OCSD","batch_year":"2003"},{"station_id":"4177_B03","station_name":"B03_4177","lat":33.61296,"lon":-117.91067,"county":"ORANGE","organization":"OCSD","batch_year":"2003"},{"station_id":"2144_B98","station_name":"B98_2144","lat":33.60743,"lon":-117.90021,"county":"ORANGE","organization":"OCSD","batch_year":"1998"},{"station_id":"B18-10163","station_name":"B18-10163","lat":33.62416,"lon":-117.89256,"county":"ORANGE","organization":"SCCWRP","batch_year":"2018"},{"station_id":"4097_B03","station_name":"B03_4097","lat":33.61521,"lon":-117.90282,"county":"ORANGE","organization":"OCSD","batch_year":"2003"},{"station_id":"B13-8273","station_name":"B13-8273 OpenwaterStation","lat":33.6094,"lon":-117.90476,"county":"ORANGE","organization":"SCCWRP","batch_year":"2013"},{"station_id":"B13-8275","station_name":"B13-8275 OpenwaterStation","lat":33.61521,"lon":-117.89425,"county":"ORANGE","organization":"SCCWRP","batch_year":"2013"}]}},{"type":"Feature","geometry":{"type":"Polygon","coordinates":[[[-117.96262506965971,33.63478659649745],[-117.95474215649404,33.64666390445672],[-117.96299301978902,33.658042416691295],[-117.97912741156291,33.65754239834336],[-117.98700762882308,33.64566471246072],[-117.9787561511521,33.634287422783764],[-117.96262506965971,33.63478659649745]]]},"properties":{"h3_index":"8729a54ccffffff","station_count":2,"program_id":"bight","program":"Southern California Bight","resolution":7,"stations":[{"station_id":"4494_B03","station_name":"B03_4494","lat":33.63788,"lon":-117.96433,"county":"ORANGE","organization":"CRGML","batch_year":"2003"},{"station_id":"B18-10162","station_name":"B18-10162","lat":33.63735,"lon":-117.96364,"county":"ORANGE","organization":"SCCWRP","batch_year":"2018"}]}},{"type":"Feature","geometry":{"type":"Polygon","coordinates":[[[-117.86581062123074,33.63773837781819],[-117.85791378814474,33.64961201890411],[-117.8661586969587,33.6609992339595],[-117.8823010688044,33.660511587789266],[-117.89019521699014,33.64863756215749],[-117.88194967917015,33.63725156717731],[-117.86581062123074,33.63773837781819]]]},"properties":{"h3_index":"8729a54d1ffffff","station_count":9,"program_id":"bight","program":"Southern California Bight","resolution":7,"stations":[{"station_id":"4288_B03","station_name":"B03_4288","lat":33.65104,"lon":-117.86848,"county":"ORANGE","organization":"CRGML","batch_year":"2003"},{"station_id":"BRI-11_B03","station_name":"B03_BRI-11","lat":33.64988,"lon":-117.87075,"county":"ORANGE","organization":"CRGML","batch_year":"2003"},{"station_id":"6363_B08","station_name":"B08-6363","lat":33.64658,"lon":-117.8834,"county":"ORANGE","organization":"CRGML","batch_year":"2008"},{"station_id":"B18-10158","station_name":"B18-10158","lat":33.64677,"lon":-117.88462,"county":"ORANGE","organization":"SCCWRP","batch_year":"2018"},{"station_id":"4337_B03","station_name":"B03_4337","lat":33.64729,"lon":-117.88633,"county":"ORANGE","organization":"CRGML","batch_year":"2003"},{"station_id":"4075_B03","station_name":"B03_4075","lat":33.64658,"lon":-117.8834,"county":"ORANGE","organization":"CRGML","batch_year":"2003"},{"station_id":"4168_B03","station_name":"B03_4168","lat":33.64981,"lon":-117.86689,"county":"ORANGE","organization":"CRGML","batch_year":"2003"},{"station_id":"B13-8292","station_name":"B13-8292 OpenwaterStation","lat":33.64682,"lon":-117.88411,"county":"ORANGE","organization":"SCCWRP","batch_year":"2013"},{"station_id":"B13-8291","station_name":"B13-8291 OpenwaterStation","lat":33.64655,"lon":-117.88678,"county":"ORANGE","organization":"SCCWRP","batch_year":"2013"}]}},{"type":"Feature","geometry":{"type":"Polygon","coordinates":[[[-117.8654626890092,33.614474545477506],[-117.85756744101904,33.62634925650601],[-117.86581062123074,33.63773837781819],[-117.88194967917015,33.63725156717731],[-117.88984224341156,33.62537647111645],[-117.88159843440144,33.613988570664276],[-117.8654626890092,33.614474545477506]]]},"properties":{"h3_index":"8729a54d5ffffff","station_count":1,"program_id":"bight","program":"Southern California Bight","resolution":7,"stations":[{"station_id":"4221_B03","station_name":"B03_4221","lat":33.62364,"lon":-117.88599,"county":"ORANGE","organization":"CRGML","batch_year":"2003"}]}},{"type":"Feature","geometry":{"type":"Polygon","coordinates":[[[-117.93715667946476,33.55410832063212],[-117.92927581293026,33.565988429672494],[-117.93751913976944,33.577375785848446],[-117.95364395140894,33.57688180822179],[-117.96152212882768,33.56500131789052],[-117.95327818465853,33.55361518641131],[-117.93715667946476,33.55410832063212]]]},"properties":{"h3_index":"8729a54e0ffffff","station_count":2,"program_id":"bight","program":"Southern California Bight","resolution":7,"stations":[{"station_id":"B03_B03W040","station_name":"B03W040_B03","lat":33.56998,"lon":-117.9569,"county":"ORANGE","organization":"USC","batch_year":"2003"},{"station_id":"B98_121004","station_name":"121004_B98","lat":33.57,"lon":-117.957,"county":"ORANGE","organization":"OCSD","batch_year":"1998"}]}},{"type":"Feature","geometry":{"type":"Polygon","coordinates":[[[-117.96152212882768,33.56500131789052],[-117.95364395140894,33.57688180822179],[-117.96188962427271,33.58826603999492],[-117.9780140892713,33.58776855644969],[-117.98588957425665,33.575887686729864],[-117.97764328761232,33.564504679878084],[-117.96152212882768,33.56500131789052]]]},"properties":{"h3_index":"8729a54e1ffffff","station_count":3,"program_id":"bight","program":"Southern California Bight","resolution":7,"stations":[{"station_id":"2213_B98","station_name":"B98_2213","lat":33.57184,"lon":-117.97731,"county":"FEDERAL WATERS","organization":"OCSD","batch_year":"1998"},{"station_id":"SCBPP_1468","station_name":"1468_SCBPP","lat":33.57228,"lon":-117.96412,"county":"ORANGE","organization":"OCSD","batch_year":"1994"},{"station_id":"4369_B03","station_name":"B03_4369","lat":33.5751,"lon":-117.98489,"county":"FEDERAL WATERS","organization":"OCSD","batch_year":"2003"}]}},{"type":"Feature","geometry":{"type":"Polygon","coordinates":[[[-117.91315066059475,33.56647890232277],[-117.90526552800594,33.57835757206373],[-117.91350823376446,33.5897461519208],[-117.92963669412919,33.58925483829063],[-117.93751913976944,33.577375785848446],[-117.92927581293026,33.565988429672494],[-117.91315066059475,33.56647890232277]]]},"properties":{"h3_index":"8729a54e2ffffff","station_count":3,"program_id":"bight","program":"Southern California Bight","resolution":7,"stations":[{"station_id":"SCBPP_1444","station_name":"1444_SCBPP","lat":33.58492,"lon":-117.9315,"county":"ORANGE","organization":"OCSD","batch_year":"1994"},{"station_id":"B98_120203","station_name":"120203_B98","lat":33.5799,"lon":-117.907,"county":"ORANGE","organization":"OCSD","batch_year":"1998"},{"station_id":"B03_B03W035","station_name":"B03W035_B03","lat":33.57993,"lon":-117.90737,"county":"ORANGE","organization":"USC","batch_year":"2003"}]}},{"type":"Feature","geometry":{"type":"Polygon","coordinates":[[[-117.93751913976944,33.577375785848446],[-117.92963669412919,33.58925483829063],[-117.9378817494624,33.60064029397188],[-117.95400986890284,33.600145473237376],[-117.96188962427271,33.58826603999492],[-117.95364395140894,33.57688180822179],[-117.93751913976944,33.577375785848446]]]},"properties":{"h3_index":"8729a54e3ffffff","station_count":6,"program_id":"bight","program":"Southern California Bight","resolution":7,"stations":[{"station_id":"B03W038_B03","station_name":"B03_B03W038","lat":33.59385,"lon":-117.93677,"county":"ORANGE","organization":"USC","batch_year":"2003"},{"station_id":"B98_121002","station_name":"121002_B98","lat":33.5939,"lon":-117.937,"county":"ORANGE","organization":"OCSD","batch_year":"1998"},{"station_id":"B98_121003","station_name":"121003_B98","lat":33.5848,"lon":-117.945,"county":"ORANGE","organization":"OCSD","batch_year":"1998"},{"station_id":"2401_B98","station_name":"B98_2401","lat":33.5914,"lon":-117.95776,"county":"ORANGE","organization":"OCSD","batch_year":"1998"},{"station_id":"B03_B03W039","station_name":"B03W039_B03","lat":33.58482,"lon":-117.94463,"county":"ORANGE","organization":"USC","batch_year":"2003"},{"station_id":"2103","station_name":"OCSD Ocean WQ Station 2103","lat":33.58482,"lon":-117.94463,"county":"ORANGE","organization":"SCCWRP","batch_year":"2013"}]}},{"type":"Feature","geometry":{"type":"Polygon","coordinates":[[[-117.96115478475686,33.5417336426964],[-117.95327818465853,33.55361518641131],[-117.96152212882768,33.56500131789052],[-117.97764328761232,33.564504679878084],[-117.98551719643312,33.55262275628315],[-117.97727263868175,33.5412378505149],[-117.96115478475686,33.5417336426964]]]},"properties":{"h3_index":"8729a54e5ffffff","station_count":1,"program_id":"bight","program":"Southern California Bight","resolution":7,"stations":[{"station_id":"B98_121005","station_name":"121005_B98","lat":33.5551,"lon":-117.969,"county":"FEDERAL WATERS","organization":"OCSD","batch_year":"1998"}]}},{"type":"Feature","geometry":{"type":"Polygon","coordinates":[[[-117.91279323473422,33.54320869874248],[-117.90490968240374,33.55508842459035],[-117.91315066059475,33.56647890232277],[-117.92927581293026,33.565988429672494],[-117.93715667946476,33.55410832063212],[-117.9289150803959,33.54271906736929],[-117.91279323473422,33.54320869874248]]]},"properties":{"h3_index":"8729a54e6ffffff","station_count":2,"program_id":"bight","program":"Southern California Bight","resolution":7,"stations":[{"station_id":"B03W036_B03","station_name":"B03_B03W036","lat":33.56352,"lon":-117.91718,"county":"ORANGE","organization":"USC","batch_year":"2003"},{"station_id":"B13-9178","station_name":"B13-9178 OpenwaterStation","lat":33.55364,"lon":-117.92891,"county":"ORANGE","organization":"SCCWRP","batch_year":"2013"}]}},{"type":"Feature","geometry":{"type":"Polygon","coordinates":[[[-117.9862621055329,33.599149660978625],[-117.97838504375308,33.61102947311968],[-117.98663479035676,33.62240867192261],[-118.00276221010176,33.621906834164],[-118.01063657497404,33.6100266450267],[-118.00238621794459,33.59864867057831],[-117.9862621055329,33.599149660978625]]]},"properties":{"h3_index":"8729a54e8ffffff","station_count":3,"program_id":"bight","program":"Southern California Bight","resolution":7,"stations":[{"station_id":"B98_122203","station_name":"122203_B98","lat":33.6154,"lon":-117.998,"county":"ORANGE","organization":"OCSD","batch_year":"1998"},{"station_id":"B98_122103","station_name":"122103_B98","lat":33.6103,"lon":-117.989,"county":"ORANGE","organization":"OCSD","batch_year":"1998"},{"station_id":"B03_B03W178","station_name":"B03W178_B03","lat":33.6154,"lon":-117.99785,"county":"ORANGE","organization":"USC","batch_year":"2003"}]}},{"type":"Feature","geometry":{"type":"Polygon","coordinates":[[[-118.01063657497404,33.6100266450267],[-118.00276221010176,33.621906834164],[-118.01101429839476,33.63328290027447],[-118.0271413593665,33.6327775526075],[-118.03501302401583,33.620896988377034],[-118.0267603288518,33.609522146840526],[-118.01063657497404,33.6100266450267]]]},"properties":{"h3_index":"8729a54e9ffffff","station_count":2,"program_id":"bight","program":"Southern California Bight","resolution":7,"stations":[{"station_id":"B03_B03W048","station_name":"B03W048_B03","lat":33.62562,"lon":-118.0156,"county":"ORANGE","organization":"USC","batch_year":"2003"},{"station_id":"B98_123003","station_name":"123003_B98","lat":33.6256,"lon":-118.016,"county":"ORANGE","organization":"OCSD","batch_year":"1998"}]}},{"type":"Feature","geometry":{"type":"Polygon","coordinates":[[[-117.96225727118552,33.611527801898895],[-117.95437593723348,33.623406174349846],[-117.96262506965971,33.63478659649745],[-117.9787561511521,33.634287422783764],[-117.98663479035676,33.62240867192261],[-117.97838504375308,33.61102947311968],[-117.96225727118552,33.611527801898895]]]},"properties":{"h3_index":"8729a54eaffffff","station_count":35,"program_id":"bight","program":"Southern California Bight","resolution":7,"stations":[{"station_id":"B03_SAR 75 R","station_name":"SAR 75 R_B03","lat":33.62916,"lon":-117.9595,"county":"ORANGE","organization":"OCSD","batch_year":"2003"},{"station_id":"B03_TM 225 L","station_name":"TM 225 L_B03","lat":33.62959,"lon":-117.96033,"county":"ORANGE","organization":"OCSD","batch_year":"2003"},{"station_id":"2453_B98","station_name":"B98_2453","lat":33.62803,"lon":-117.9749,"county":"ORANGE","organization":"OCSD","batch_year":"1998"},{"station_id":"B03_B03W041","station_name":"B03W041_B03","lat":33.62488,"lon":-117.96385,"county":"ORANGE","organization":"USC","batch_year":"2003"},{"station_id":"B03_TM 0 OFF","station_name":"TM 0 OFF_B03","lat":33.63035,"lon":-117.9626,"county":"ORANGE","organization":"OCSD","batch_year":"2003"},{"station_id":"B98_122102","station_name":"122102_B98","lat":33.6202,"lon":-117.981,"county":"ORANGE","organization":"OCSD","batch_year":"1998"},{"station_id":"B03_TM 450 R","station_name":"TM 450 R_B03","lat":33.63274,"lon":-117.96602,"county":"ORANGE","organization":"OCSD","batch_year":"2003"},{"station_id":"B98_122001","station_name":"122001_B98","lat":33.6249,"lon":-117.964,"county":"ORANGE","organization":"OCSD","batch_year":"1998"},{"station_id":"B98_122002","station_name":"122002_B98","lat":33.615,"lon":-117.972,"county":"ORANGE","organization":"OCSD","batch_year":"1998"},{"station_id":"B03_SAR 75 L OFF","station_name":"SAR 75 L OFF_B03","lat":33.62746,"lon":-117.9582,"county":"ORANGE","organization":"OCSD","batch_year":"2003"},{"station_id":"B98_122101","station_name":"122101_B98","lat":33.63,"lon":-117.973,"county":"ORANGE","organization":"OCSD","batch_year":"1998"},{"station_id":"2326_B98","station_name":"B98_2326","lat":33.6227,"lon":-117.9562,"county":"ORANGE","organization":"OCSD","batch_year":"1998"},{"station_id":"SCBPP_1378","station_name":"1378_SCBPP","lat":33.61508,"lon":-117.97435,"county":"ORANGE","organization":"OCSD","batch_year":"1994"},{"station_id":"B03_B03W042","station_name":"B03W042_B03","lat":33.61502,"lon":-117.9719,"county":"ORANGE","organization":"USC","batch_year":"2003"},{"station_id":"B03_TM 25 R OFF","station_name":"TM 25 R OFF_B03","lat":33.63049,"lon":-117.963,"county":"ORANGE","organization":"OCSD","batch_year":"2003"},{"station_id":"B03_SAR 0 OFF","station_name":"SAR 0 OFF_B03","lat":33.62791,"lon":-117.9591,"county":"ORANGE","organization":"OCSD","batch_year":"2003"},{"station_id":"B03_TM 225 R","station_name":"TM 225 R_B03","lat":33.63179,"lon":-117.9642,"county":"ORANGE","organization":"OCSD","batch_year":"2003"},{"station_id":"B03_SAR 225 R","station_name":"SAR 225 R_B03","lat":33.62978,"lon":-117.9607,"county":"ORANGE","organization":"OCSD","batch_year":"2003"},{"station_id":"B03_TM 450 R OFF","station_name":"TM 450 R OFF_B03","lat":33.63231,"lon":-117.9664,"county":"ORANGE","organization":"OCSD","batch_year":"2003"},{"station_id":"B03_SAR 75 R OFF","station_name":"SAR 75 R OFF_B03","lat":33.6283,"lon":-117.96,"county":"ORANGE","organization":"OCSD","batch_year":"2003"},{"station_id":"B03_TM 75 R","station_name":"TM 75 R_B03","lat":33.631,"lon":-117.9631,"county":"ORANGE","organization":"OCSD","batch_year":"2003"},{"station_id":"B03_TM 225 R OFF","station_name":"TM 225 R OFF_B03","lat":33.63137,"lon":-117.9647,"county":"ORANGE","organization":"OCSD","batch_year":"2003"},{"station_id":"B03_SAR 225 R OFF","station_name":"SAR 225 R OFF_B03","lat":33.62877,"lon":-117.9614,"county":"ORANGE","organization":"OCSD","batch_year":"2003"},{"station_id":"B03_SAR 25 R","station_name":"SAR 25 R_B03","lat":33.62912,"lon":-117.959,"county":"ORANGE","organization":"OCSD","batch_year":"2003"},{"station_id":"B03_SAR 225 L OFF","station_name":"SAR 225 L OFF_B03","lat":33.62666,"lon":-117.9572,"county":"ORANGE","organization":"OCSD","batch_year":"2003"},{"station_id":"B03_TM 0","station_name":"TM 0_B03","lat":33.6307,"lon":-117.9623,"county":"ORANGE","organization":"OCSD","batch_year":"2003"},{"station_id":"B03_TM 75 R OFF","station_name":"TM 75 R OFF_B03","lat":33.63066,"lon":-117.9634,"county":"ORANGE","organization":"OCSD","batch_year":"2003"},{"station_id":"B03_SAR 25 R OFF","station_name":"SAR 25 R OFF_B03","lat":33.628,"lon":-117.9595,"county":"ORANGE","organization":"OCSD","batch_year":"2003"},{"station_id":"B03_TM 25 R","station_name":"TM 25 R_B03","lat":33.63082,"lon":-117.9627,"county":"ORANGE","organization":"OCSD","batch_year":"2003"},{"station_id":"B03_TM 25 L OFF","station_name":"TM 25 L OFF_B03","lat":33.63007,"lon":-117.9623,"county":"ORANGE","organization":"OCSD","batch_year":"2003"},{"station_id":"B03_TM 75 L","station_name":"TM 75 L_B03","lat":33.63022,"lon":-117.9616,"county":"ORANGE","organization":"OCSD","batch_year":"2003"},{"station_id":"B03_SAR 25 L OFF","station_name":"SAR 25 L OFF_B03","lat":33.62774,"lon":-117.9587,"county":"ORANGE","organization":"OCSD","batch_year":"2003"},{"station_id":"B03_TM 25 L","station_name":"TM 25 L_B03","lat":33.63049,"lon":-117.962,"county":"ORANGE","organization":"OCSD","batch_year":"2003"},{"station_id":"B03_TM 225 L OFF","station_name":"TM 225 L OFF_B03","lat":33.62899,"lon":-117.96071,"county":"ORANGE","organization":"OCSD","batch_year":"2003"},{"station_id":"B03_TM 75 L OFF","station_name":"TM 75 L OFF_B03","lat":33.62983,"lon":-117.962,"county":"ORANGE","organization":"OCSD","batch_year":"2003"}]}},{"type":"Feature","geometry":{"type":"Polygon","coordinates":[[[-117.98663479035676,33.62240867192261],[-117.9787561511521,33.634287422783764],[-117.98700762882308,33.64566471246072],[-118.00313835725706,33.64516202764414],[-118.01101429839476,33.63328290027447],[-118.00276221010176,33.621906834164],[-117.98663479035676,33.62240867192261]]]},"properties":{"h3_index":"8729a54ebffffff","station_count":13,"program_id":"bight","program":"Southern California Bight","resolution":7,"stations":[{"station_id":"2399_B98","station_name":"B98_2399","lat":33.63478,"lon":-117.99484,"county":"ORANGE","organization":"OCSD","batch_year":"1998"},{"station_id":"B98_122201","station_name":"122201_B98","lat":33.635,"lon":-117.982,"county":"ORANGE","organization":"OCSD","batch_year":"1998"},{"station_id":"B98_123002","station_name":"123002_B98","lat":33.6342,"lon":-118.008,"county":"ORANGE","organization":"OCSD","batch_year":"1998"},{"station_id":"B18-10227","station_name":"B18-10227","lat":33.627762,"lon":-117.987549,"county":"ORANGE","organization":"SCCWRP","batch_year":"2018"},{"station_id":"B98_123001","station_name":"123001_B98","lat":33.6429,"lon":-118.001,"county":"ORANGE","organization":"OCSD","batch_year":"1998"},{"station_id":"7293_B08","station_name":"B08-7293","lat":33.6278,"lon":-117.9872,"county":"ORANGE","organization":"OCSD","batch_year":"2008"},{"station_id":"B98_122202","station_name":"122202_B98","lat":33.6254,"lon":-117.99,"county":"ORANGE","organization":"OCSD","batch_year":"1998"},{"station_id":"B13-9204","station_name":"B13-9204 OpenwaterStation","lat":33.6278,"lon":-117.9872,"county":"ORANGE","organization":"SCCWRP","batch_year":"2013"},{"station_id":"B03W046_B03","station_name":"B03_B03W046","lat":33.64287,"lon":-118.00107,"county":"ORANGE","organization":"USC","batch_year":"2003"},{"station_id":"2325_B98","station_name":"B98_2325","lat":33.6278,"lon":-117.9872,"county":"ORANGE","organization":"OCSD","batch_year":"1998"},{"station_id":"B03_B03W177","station_name":"B03W177_B03","lat":33.62537,"lon":-117.98957,"county":"ORANGE","organization":"USC","batch_year":"2003"},{"station_id":"B03_B03W047","station_name":"B03W047_B03","lat":33.63422,"lon":-118.00825,"county":"ORANGE","organization":"MEC","batch_year":"2003"},{"station_id":"B03_B03W176","station_name":"B03W176_B03","lat":33.63498,"lon":-117.9818,"county":"ORANGE","organization":"USC","batch_year":"2003"}]}},{"type":"Feature","geometry":{"type":"Polygon","coordinates":[[[-117.98588957425665,33.575887686729864],[-117.9780140892713,33.58776855644969],[-117.9862621055329,33.599149660978625],[-118.00238621794459,33.59864867057831],[-118.01025900718102,33.58676742337298],[-118.00201038068985,33.57538754398749],[-117.98588957425665,33.575887686729864]]]},"properties":{"h3_index":"8729a54ecffffff","station_count":3,"program_id":"bight","program":"Southern California Bight","resolution":7,"stations":[{"station_id":"2212_B98","station_name":"B98_2212","lat":33.58956,"lon":-117.98899,"county":"ORANGE","organization":"OCSD","batch_year":"1998"},{"station_id":"B98_122004","station_name":"122004_B98","lat":33.5904,"lon":-117.992,"county":"ORANGE","organization":"OCSD","batch_year":"1998"},{"station_id":"B03_B03W044","station_name":"B03W044_B03","lat":33.59038,"lon":-117.99243,"county":"ORANGE","organization":"OCSD","batch_year":"2003"}]}},{"type":"Feature","geometry":{"type":"Polygon","coordinates":[[[-118.01025900718102,33.58676742337298],[-118.00238621794459,33.59864867057831],[-118.01063657497404,33.6100266450267],[-118.0267603288518,33.609522146840526],[-118.03463041902589,33.59764052405345],[-118.02637945531943,33.586263774968046],[-118.01025900718102,33.58676742337298]]]},"properties":{"h3_index":"8729a54edffffff","station_count":3,"program_id":"bight","program":"Southern California Bight","resolution":7,"stations":[{"station_id":"4265_B03","station_name":"B03_4265","lat":33.59147,"lon":-118.02659,"county":"FEDERAL WATERS","organization":"OCSD","batch_year":"2003"},{"station_id":"SCBPP_1415","station_name":"1415_SCBPP","lat":33.5987,"lon":-118.01638,"county":"FEDERAL WATERS","organization":"OCSD","batch_year":"1994"},{"station_id":"2211_B98","station_name":"B98_2211","lat":33.58788,"lon":-118.00967,"county":"FEDERAL WATERS","organization":"OCSD","batch_year":"1998"}]}},{"type":"Feature","geometry":{"type":"Polygon","coordinates":[[[-117.96188962427271,33.58826603999492],[-117.95400986890284,33.600145473237376],[-117.96225727118552,33.611527801898895],[-117.97838504375308,33.61102947311968],[-117.9862621055329,33.599149660978625],[-117.9780140892713,33.58776855644969],[-117.96188962427271,33.58826603999492]]]},"properties":{"h3_index":"8729a54eeffffff","station_count":9,"program_id":"bight","program":"Southern California Bight","resolution":7,"stations":[{"station_id":"B03_B03W175","station_name":"B03W175_B03","lat":33.59502,"lon":-117.9624,"county":"ORANGE","organization":"OCSD","batch_year":"2003"},{"station_id":"SCBPP_1417","station_name":"1417_SCBPP","lat":33.59808,"lon":-117.96947,"county":"ORANGE","organization":"PACE","batch_year":"1994"},{"station_id":"4113_B03","station_name":"B03_4113","lat":33.59036,"lon":-117.97115,"county":"ORANGE","organization":"OCSD","batch_year":"2003"},{"station_id":"B03_B03W043","station_name":"B03W043_B03","lat":33.60522,"lon":-117.98017,"county":"ORANGE","organization":"USC","batch_year":"2003"},{"station_id":"SCBPP_1401","station_name":"1401_SCBPP","lat":33.60503,"lon":-117.97145,"county":"ORANGE","organization":"OCSD","batch_year":"1994"},{"station_id":"B98_121803","station_name":"121803_B98","lat":33.5949,"lon":-117.962,"county":"ORANGE","organization":"OCSD","batch_year":"1998"},{"station_id":"B98_121902","station_name":"121902_B98","lat":33.6099,"lon":-117.963,"county":"ORANGE","organization":"OCSD","batch_year":"1998"},{"station_id":"B98_121903","station_name":"121903_B98","lat":33.6001,"lon":-117.971,"county":"ORANGE","organization":"OCSD","batch_year":"1998"},{"station_id":"B98_122003","station_name":"122003_B98","lat":33.6052,"lon":-117.98,"county":"ORANGE","organization":"OCSD","batch_year":"1998"}]}},{"type":"Feature","geometry":{"type":"Polygon","coordinates":[[[-117.8647672547306,33.56793798061725],[-117.856875175027,33.579814820424545],[-117.86511490020536,33.59120774404082],[-117.88124733440873,33.59072260535291],[-117.88913673266437,33.57884537953571],[-117.88089637910255,33.56745367835167],[-117.8647672547306,33.56793798061725]]]},"properties":{"h3_index":"8729a54f0ffffff","station_count":14,"program_id":"bight","program":"Southern California Bight","resolution":7,"stations":[{"station_id":"B98_119802","station_name":"119802_B98","lat":33.572,"lon":-117.864,"county":"ORANGE","organization":"OCSD","batch_year":"1998"},{"station_id":"B98_119902","station_name":"119902_B98","lat":33.5774,"lon":-117.873,"county":"ORANGE","organization":"OCSD","batch_year":"1998"},{"station_id":"B98_119903","station_name":"119903_B98","lat":33.5693,"lon":-117.878,"county":"ORANGE","organization":"OCSD","batch_year":"1998"},{"station_id":"B98_120002","station_name":"120002_B98","lat":33.5793,"lon":-117.884,"county":"ORANGE","organization":"OCSD","batch_year":"1998"},{"station_id":"B98_119801","station_name":"119801_B98","lat":33.5802,"lon":-117.859,"county":"ORANGE","organization":"OCSD","batch_year":"1998"},{"station_id":"B98_119901","station_name":"119901_B98","lat":33.5855,"lon":-117.868,"county":"ORANGE","organization":"OCSD","batch_year":"1998"},{"station_id":"B98_120001","station_name":"120001_B98","lat":33.5889,"lon":-117.878,"county":"ORANGE","organization":"OCSD","batch_year":"1998"},{"station_id":"B98_120003","station_name":"120003_B98","lat":33.5761,"lon":-117.886,"county":"ORANGE","organization":"OCSD","batch_year":"1998"},{"station_id":"B03_B03W029","station_name":"B03W029_B03","lat":33.58892,"lon":-117.8782,"county":"ORANGE","organization":"OCSD","batch_year":"2003"},{"station_id":"B13-9192","station_name":"B13-9192 OpenwaterStation","lat":33.58086,"lon":-117.86846,"county":"ORANGE","organization":"SCCWRP","batch_year":"2013"},{"station_id":"B03W031_B03","station_name":"B03_B03W031","lat":33.57608,"lon":-117.88573,"county":"ORANGE","organization":"USC","batch_year":"2003"},{"station_id":"B03_B03W025","station_name":"B03W025_B03","lat":33.58018,"lon":-117.8594,"county":"ORANGE","organization":"USC","batch_year":"2003"},{"station_id":"B03_B03W030","station_name":"B03W030_B03","lat":33.57925,"lon":-117.8838,"county":"ORANGE","organization":"USC","batch_year":"2003"},{"station_id":"B03_B03W026","station_name":"B03W026_B03","lat":33.57205,"lon":-117.86407,"county":"ORANGE","organization":"USC","batch_year":"2003"}]}},{"type":"Feature","geometry":{"type":"Polygon","coordinates":[[[-117.88913673266437,33.57884537953571],[-117.88124733440873,33.59072260535291],[-117.88948941533295,33.60211240787412],[-117.90562152028475,33.60162376184908],[-117.91350823376446,33.5897461519208],[-117.90526552800594,33.57835757206373],[-117.88913673266437,33.57884537953571]]]},"properties":{"h3_index":"8729a54f1ffffff","station_count":10,"program_id":"bight","program":"Southern California Bight","resolution":7,"stations":[{"station_id":"4193_B03","station_name":"B03_4193","lat":33.60075,"lon":-117.89236,"county":"ORANGE","organization":"OCSD","batch_year":"2003"},{"station_id":"B98_120102","station_name":"120102_B98","lat":33.5846,"lon":-117.893,"county":"ORANGE","organization":"OCSD","batch_year":"1998"},{"station_id":"B98_120202","station_name":"120202_B98","lat":33.5881,"lon":-117.903,"county":"ORANGE","organization":"OCSD","batch_year":"1998"},{"station_id":"B98_120101","station_name":"120101_B98","lat":33.5926,"lon":-117.888,"county":"ORANGE","organization":"OCSD","batch_year":"1998"},{"station_id":"B98_120201","station_name":"120201_B98","lat":33.5962,"lon":-117.898,"county":"ORANGE","organization":"OCSD","batch_year":"1998"},{"station_id":"B03_B03W033","station_name":"B03W033_B03","lat":33.59618,"lon":-117.89803,"county":"ORANGE","organization":"OCSD","batch_year":"2003"},{"station_id":"B13-9194","station_name":"B13-9194 OpenwaterStation","lat":33.58976,"lon":-117.89468,"county":"ORANGE","organization":"SCCWRP","batch_year":"2013"},{"station_id":"2147_B98","station_name":"B98_2147","lat":33.60055,"lon":-117.89336,"county":"ORANGE","organization":"OCSD","batch_year":"1998"},{"station_id":"B03W034_B03","station_name":"B03_B03W034","lat":33.58805,"lon":-117.9027,"county":"ORANGE","organization":"USC","batch_year":"2003"},{"station_id":"B13-8269","station_name":"B13-8269 OpenwaterStation","lat":33.60067,"lon":-117.89502,"county":"ORANGE","organization":"SCCWRP","batch_year":"2013"}]}},{"type":"Feature","geometry":{"type":"Polygon","coordinates":[[[-117.86511490020536,33.59120774404082],[-117.85722123667588,33.60308352131062],[-117.8654626890092,33.614474545477506],[-117.88159843440144,33.613988570664276],[-117.88948941533295,33.60211240787412],[-117.88124733440873,33.59072260535291],[-117.86511490020536,33.59120774404082]]]},"properties":{"h3_index":"8729a54f3ffffff","station_count":4,"program_id":"bight","program":"Southern California Bight","resolution":7,"stations":[{"station_id":"B18-10064","station_name":"B18-10064","lat":33.596531,"lon":-117.880272,"county":"ORANGE","organization":"SCCWRP","batch_year":"2018"},{"station_id":"4321_B03","station_name":"B03_4321","lat":33.59819,"lon":-117.87994,"county":"ORANGE","organization":"OCSD","batch_year":"2003"},{"station_id":"2148_B98","station_name":"B98_2148","lat":33.59463,"lon":-117.87958,"county":"ORANGE","organization":"OCSD","batch_year":"1998"},{"station_id":"2146_B98","station_name":"B98_2146","lat":33.60272,"lon":-117.88758,"county":"ORANGE","organization":"OCSD","batch_year":"1998"}]}},{"type":"Feature","geometry":{"type":"Polygon","coordinates":[[[-117.86441975249633,33.54466526232165],[-117.85652925598423,33.55654316096012],[-117.8647672547306,33.56793798061725],[-117.88089637910255,33.56745367835167],[-117.88878419531602,33.55557539321219],[-117.88054556839353,33.54418179677464],[-117.86441975249633,33.54466526232165]]]},"properties":{"h3_index":"8729a54f4ffffff","station_count":3,"program_id":"bight","program":"Southern California Bight","resolution":7,"stations":[{"station_id":"B98_119803","station_name":"119803_B98","lat":33.5639,"lon":-117.869,"county":"ORANGE","organization":"OCSD","batch_year":"1998"},{"station_id":"B03_B03W027","station_name":"B03W027_B03","lat":33.56393,"lon":-117.86872,"county":"ORANGE","organization":"USC","batch_year":"2003"},{"station_id":"B03_B03W028","station_name":"B03W028_B03","lat":33.5492,"lon":-117.87762,"county":"ORANGE","organization":"USC","batch_year":"2003"}]}},{"type":"Feature","geometry":{"type":"Polygon","coordinates":[[[-117.88878419531602,33.55557539321219],[-117.88089637910255,33.56745367835167],[-117.88913673266437,33.57884537953571],[-117.90526552800594,33.57835757206373],[-117.91315066059475,33.56647890232277],[-117.90490968240374,33.55508842459035],[-117.88878419531602,33.55557539321219]]]},"properties":{"h3_index":"8729a54f5ffffff","station_count":3,"program_id":"bight","program":"Southern California Bight","resolution":7,"stations":[{"station_id":"B03_B03W032","station_name":"B03W032_B03","lat":33.55982,"lon":-117.89513,"county":"ORANGE","organization":"USC","batch_year":"2003"},{"station_id":"B98_120004","station_name":"120004_B98","lat":33.5598,"lon":-117.895,"county":"ORANGE","organization":"OCSD","batch_year":"1998"},{"station_id":"B98_120103","station_name":"120103_B98","lat":33.5765,"lon":-117.897,"county":"ORANGE","organization":"OCSD","batch_year":"1998"}]}},{"type":"Feature","geometry":{"type":"Polygon","coordinates":[[[-118.00724405591637,33.400587713075495],[-117.9993838491471,33.412477291339464],[-118.00762038214155,33.423870409793565],[-118.02371772796391,33.42337271821138],[-118.03157524492926,33.41148276040144],[-118.02333810680643,33.40009087365305],[-118.00724405591637,33.400587713075495]]]},"properties":{"h3_index":"8729a5553ffffff","station_count":2,"program_id":"bight","program":"Southern California Bight","resolution":7,"stations":[{"station_id":"7186_B08","station_name":"B08-7186","lat":33.41845,"lon":-118.02251,"county":"FEDERAL WATERS","organization":"OCSD","batch_year":"2008"},{"station_id":"4169_B03","station_name":"B03_4169","lat":33.41845,"lon":-118.02251,"county":"FEDERAL WATERS","organization":"OCSD","batch_year":"2003"}]}},{"type":"Feature","geometry":{"type":"Polygon","coordinates":[[[-118.05629476699274,33.44564843311885],[-118.04843837482518,33.45753773918251],[-118.05668129409028,33.468922744590515],[-118.07278120469603,33.46841721252431],[-118.08063489931264,33.4565275312345],[-118.07239138180462,33.445143757169994],[-118.05629476699274,33.44564843311885]]]},"properties":{"h3_index":"8729a555bffffff","station_count":1,"program_id":"bight","program":"Southern California Bight","resolution":7,"stations":[{"station_id":"B13-9151","station_name":"B13-9151 OpenwaterStation","lat":33.46467,"lon":-118.06632,"county":"ORANGE","organization":"SCCWRP","batch_year":"2013"}]}},{"type":"Feature","geometry":{"type":"Polygon","coordinates":[[[-118.03043214507534,33.34162546362258],[-118.02257933273297,33.35351848574672],[-118.03081302168673,33.364914122703155],[-118.04690012493037,33.36441550315188],[-118.05475024763922,33.35252210188165],[-118.04651595766623,33.34112769924181],[-118.03043214507534,33.34162546362258]]]},"properties":{"h3_index":"8729a5573ffffff","station_count":1,"program_id":"bight","program":"Southern California Bight","resolution":7,"stations":[{"station_id":"B18-10370","station_name":"B18-10370","lat":33.35434,"lon":-118.043114,"county":"OOS","organization":"SCCWRP","batch_year":"2018"}]}},{"type":"Feature","geometry":{"type":"Polygon","coordinates":[[[-117.76600107876432,33.43109021880054],[-117.75810465384514,33.44296970073424],[-117.76632804344486,33.45438260169074],[-117.78244850060105,33.45391479601776],[-117.7903422619659,33.442034918501534],[-117.78211823066587,33.43062324217702],[-117.76600107876432,33.43109021880054]]]},"properties":{"h3_index":"8729a558affffff","station_count":1,"program_id":"bight","program":"Southern California Bight","resolution":7,"stations":[{"station_id":"B18-10369","station_name":"B18-10369","lat":33.45229,"lon":-117.77684,"county":"ORANGE","organization":"SCCWRP","batch_year":"2018"}]}},{"type":"Feature","geometry":{"type":"Polygon","coordinates":[[[-117.66865706123566,33.38724557635249],[-117.66075001542376,33.39912345698387],[-117.66896392927768,33.410548725421194],[-117.68508554570205,33.41009488952745],[-117.69298994129355,33.39821660572613],[-117.68477537161928,33.38679256092574],[-117.66865706123566,33.38724557635249]]]},"properties":{"h3_index":"8729a5590ffffff","station_count":2,"program_id":"bight","program":"Southern California Bight","resolution":7,"stations":[{"station_id":"2348_B98","station_name":"B98_2348","lat":33.39535,"lon":-117.66508,"county":"ORANGE","organization":"CRGML","batch_year":"1998"},{"station_id":"7185_B08","station_name":"B08-7185","lat":33.40608,"lon":-117.67847,"county":"ORANGE","organization":"NOAACOAST","batch_year":"2008"}]}},{"type":"Feature","geometry":{"type":"Polygon","coordinates":[[[-117.64462812399745,33.39957380293982],[-117.63671683978038,33.411450235300585],[-117.64493009406121,33.42287672633108],[-117.6610552930713,33.42242556234518],[-117.66896392927768,33.410548725421194],[-117.66075001542376,33.39912345698387],[-117.64462812399745,33.39957380293982]]]},"properties":{"h3_index":"8729a5592ffffff","station_count":4,"program_id":"bight","program":"Southern California Bight","resolution":7,"stations":[{"station_id":"B98_115003","station_name":"115003_B98","lat":33.4106,"lon":-117.657,"county":"ORANGE","organization":"MEC","batch_year":"1998"},{"station_id":"B98_115002","station_name":"115002_B98","lat":33.4163,"lon":-117.647,"county":"ORANGE","organization":"MEC","batch_year":"1998"},{"station_id":"2404_B98","station_name":"B98_2404","lat":33.42203,"lon":-117.65541,"county":"ORANGE","organization":"SCCWRP","batch_year":"1998"},{"station_id":"2347_B98","station_name":"B98_2347","lat":33.40483,"lon":-117.65442,"county":"ORANGE","organization":"CAS","batch_year":"1998"}]}},{"type":"Feature","geometry":{"type":"Polygon","coordinates":[[[-117.66896392927768,33.410548725421194],[-117.6610552930713,33.42242556234518],[-117.66927092370175,33.433848966107014],[-117.68539584752237,33.43339431003409],[-117.69330183237747,33.421517070441205],[-117.68508554570205,33.41009488952745],[-117.66896392927768,33.410548725421194]]]},"properties":{"h3_index":"8729a5593ffffff","station_count":3,"program_id":"bight","program":"Southern California Bight","resolution":7,"stations":[{"station_id":"B98_115903","station_name":"115903_B98","lat":33.4288,"lon":-117.683,"county":"ORANGE","organization":"MEC","batch_year":"1998"},{"station_id":"4062_B03","station_name":"B03_4062","lat":33.43071,"lon":-117.67675,"county":"ORANGE","organization":"OCSD","batch_year":"2003"},{"station_id":"4350_B03","station_name":"B03_4350","lat":33.428,"lon":-117.686,"county":"ORANGE","organization":"OCSD","batch_year":"2003"}]}},{"type":"Feature","geometry":{"type":"Polygon","coordinates":[[[-117.64432627824334,33.37626797431854],[-117.63641658554964,33.388145449884945],[-117.64462812399745,33.39957380293982],[-117.66075001542376,33.39912345698387],[-117.66865706123566,33.38724557635249],[-117.66044486344155,33.37581844667955],[-117.64432627824334,33.37626797431854]]]},"properties":{"h3_index":"8729a5596ffffff","station_count":1,"program_id":"bight","program":"Southern California Bight","resolution":7,"stations":[{"station_id":"4190_B03","station_name":"B03_4190","lat":33.39655,"lon":-117.64992,"county":"ORANGE","organization":"USC","batch_year":"2003"}]}},{"type":"Feature","geometry":{"type":"Polygon","coordinates":[[[-117.7176418247841,33.43247883409032],[-117.70973849461889,33.44435647445698],[-117.71795887018668,33.455773694975704],[-117.73408322584166,33.45531205171421],[-117.74198389798043,33.443434012469574],[-117.73376287342889,33.432018015301175],[-117.7176418247841,33.43247883409032]]]},"properties":{"h3_index":"8729a5598ffffff","station_count":1,"program_id":"bight","program":"Southern California Bight","resolution":7,"stations":[{"station_id":"B98_116203","station_name":"116203_B98","lat":33.4421,"lon":-117.715,"county":"ORANGE","organization":"MEC","batch_year":"1998"}]}},{"type":"Feature","geometry":{"type":"Polygon","coordinates":[[[-117.69361385191624,33.44481462362368],[-117.68570627715918,33.45669081528357],[-117.69392599998922,33.4681092581146],[-117.71005395125316,33.46765028691052],[-117.71795887018668,33.455773694975704],[-117.70973849461889,33.44435647445698],[-117.69361385191624,33.44481462362368]]]},"properties":{"h3_index":"8729a559affffff","station_count":21,"program_id":"bight","program":"Southern California Bight","resolution":7,"stations":[{"station_id":"B98_116202","station_name":"116202_B98","lat":33.4477,"lon":-117.706,"county":"ORANGE","organization":"MEC","batch_year":"1998"},{"station_id":"B98_116201","station_name":"116201_B98","lat":33.4532,"lon":-117.697,"county":"ORANGE","organization":"MEC","batch_year":"1998"},{"station_id":"BRI-12_B03","station_name":"B03_BRI-12","lat":33.46067,"lon":-117.69837,"county":"ORANGE","organization":"CRGML","batch_year":"2003"},{"station_id":"2149_B98","station_name":"B98_2149","lat":33.46303,"lon":-117.70377,"county":"ORANGE","organization":"OCSD","batch_year":"1998"},{"station_id":"2151_B98","station_name":"B98_2151","lat":33.46183,"lon":-117.69773,"county":"ORANGE","organization":"OCSD","batch_year":"1998"},{"station_id":"6320_B08","station_name":"B08-6320","lat":33.45894,"lon":-117.69773,"county":"ORANGE","organization":"CRGML","batch_year":"2008"},{"station_id":"6325_B08","station_name":"B08-6325","lat":33.46071,"lon":-117.70556,"county":"ORANGE","organization":"CRGML","batch_year":"2008"},{"station_id":"6327_B08","station_name":"B08-6327","lat":33.46092,"lon":-117.7023,"county":"ORANGE","organization":"CRGML","batch_year":"2008"},{"station_id":"6328_B08","station_name":"B08-6328","lat":33.46195,"lon":-117.70205,"county":"ORANGE","organization":"CRGML","batch_year":"2008"},{"station_id":"4318_B03","station_name":"B03_4318","lat":33.46323,"lon":-117.70382,"county":"ORANGE","organization":"OCSD","batch_year":"2003"},{"station_id":"B13-8259","station_name":"B13-8259 OpenwaterStation","lat":33.45894,"lon":-117.69773,"county":"ORANGE","organization":"SCCWRP","batch_year":"2013"},{"station_id":"B13-8263","station_name":"B13-8263 OpenwaterStation","lat":33.46071,"lon":-117.70556,"county":"ORANGE","organization":"SCCWRP","batch_year":"2013"},{"station_id":"B13-8267","station_name":"B13-8267 OpenwaterStation","lat":33.46195,"lon":-117.70205,"county":"ORANGE","organization":"SCCWRP","batch_year":"2013"},{"station_id":"BRI-13_B03","station_name":"B03_BRI-13","lat":33.45883,"lon":-117.69813,"county":"ORANGE","organization":"CRGML","batch_year":"2003"},{"station_id":"BRI-14_B03","station_name":"B03_BRI-14","lat":33.46075,"lon":-117.69122,"county":"ORANGE","organization":"CRGML","batch_year":"2003"},{"station_id":"B18-10067","station_name":"B18-10067","lat":33.458842,"lon":-117.699245,"county":"ORANGE","organization":"SCCWRP","batch_year":"2018"},{"station_id":"B13-8265","station_name":"B13-8265 OpenwaterStation","lat":33.46092,"lon":-117.7023,"county":"ORANGE","organization":"SCCWRP","batch_year":"2013"},{"station_id":"B18-10068","station_name":"B18-10068","lat":33.457618,"lon":-117.691395,"county":"ORANGE","organization":"SCCWRP","batch_year":"2018"},{"station_id":"B18-10065","station_name":"B18-10065","lat":33.460658,"lon":-117.700901,"county":"ORANGE","organization":"SCCWRP","batch_year":"2018"},{"station_id":"2150_B98","station_name":"B98_2150","lat":33.46248,"lon":-117.70234,"county":"ORANGE","organization":"OCSD","batch_year":"1998"},{"station_id":"B18-10066","station_name":"B18-10066","lat":33.460093,"lon":-117.693975,"county":"ORANGE","organization":"SCCWRP","batch_year":"2018"}]}},{"type":"Feature","geometry":{"type":"Polygon","coordinates":[[[-117.71795887018668,33.455773694975704],[-117.71005395125316,33.46765028691052],[-117.71827604619794,33.47906563402678],[-117.73440371021917,33.478603166583],[-117.7423059699906,33.466726176268416],[-117.73408322584166,33.45531205171421],[-117.71795887018668,33.455773694975704]]]},"properties":{"h3_index":"8729a559bffffff","station_count":1,"program_id":"bight","program":"Southern California Bight","resolution":7,"stations":[{"station_id":"B13-9152","station_name":"B13-9152 OpenwaterStation","lat":33.47427,"lon":-117.73662,"county":"ORANGE","organization":"SCCWRP","batch_year":"2013"}]}},{"type":"Feature","geometry":{"type":"Polygon","coordinates":[[[-117.71732490990958,33.409181058525675],[-117.70942316787506,33.421059743601184],[-117.7176418247841,33.43247883409032],[-117.73376287342889,33.432018015301175],[-117.74166195857197,33.42013893084797],[-117.73344265289936,33.40872106449832],[-117.71732490990958,33.409181058525675]]]},"properties":{"h3_index":"8729a559cffffff","station_count":1,"program_id":"bight","program":"Southern California Bight","resolution":7,"stations":[{"station_id":"B98_116004","station_name":"116004_B98","lat":33.4228,"lon":-117.711,"county":"ORANGE","organization":"MEC","batch_year":"1998"}]}},{"type":"Feature","geometry":{"type":"Polygon","coordinates":[[[-117.74166195857197,33.42013893084797],[-117.73376287342889,33.432018015301175],[-117.74198389798043,33.443434012469574],[-117.75810465384514,33.44296970073424],[-117.76600107876432,33.43109021880054],[-117.75777940898,33.41967544601914],[-117.74166195857197,33.42013893084797]]]},"properties":{"h3_index":"8729a559dffffff","station_count":1,"program_id":"bight","program":"Southern California Bight","resolution":7,"stations":[{"station_id":"7193_B08","station_name":"B08-7193","lat":33.43037,"lon":-117.74519,"county":"ORANGE","organization":"OCSD","batch_year":"2008"}]}},{"type":"Feature","geometry":{"type":"Polygon","coordinates":[[[-117.69330183237747,33.421517070441205],[-117.68539584752237,33.43339431003409],[-117.69361385191624,33.44481462362368],[-117.70973849461889,33.44435647445698],[-117.7176418247841,33.43247883409032],[-117.70942316787506,33.421059743601184],[-117.69330183237747,33.421517070441205]]]},"properties":{"h3_index":"8729a559effffff","station_count":9,"program_id":"bight","program":"Southern California Bight","resolution":7,"stations":[{"station_id":"B98_116003","station_name":"116003_B98","lat":33.4343,"lon":-117.693,"county":"ORANGE","organization":"MEC","batch_year":"1998"},{"station_id":"B98_116102","station_name":"116102_B98","lat":33.443,"lon":-117.696,"county":"ORANGE","organization":"MEC","batch_year":"1998"},{"station_id":"B98_116103","station_name":"116103_B98","lat":33.4376,"lon":-117.704,"county":"ORANGE","organization":"MEC","batch_year":"1998"},{"station_id":"4094_B03","station_name":"B03_4094","lat":33.43967,"lon":-117.69386,"county":"ORANGE","organization":"OCSD","batch_year":"2003"},{"station_id":"2284_B98","station_name":"B98_2284","lat":33.434,"lon":-117.697,"county":"ORANGE","organization":"CRGML","batch_year":"1998"},{"station_id":"2457_B98","station_name":"B98_2457","lat":33.44105,"lon":-117.69137,"county":"ORANGE","organization":"SCCWRP","batch_year":"1998"},{"station_id":"2281_B98","station_name":"B98_2281","lat":33.4329,"lon":-117.6985,"county":"ORANGE","organization":"CRGML","batch_year":"1998"},{"station_id":"2283_B98","station_name":"B98_2283","lat":33.4317,"lon":-117.6895,"county":"ORANGE","organization":"SCCWRP","batch_year":"1998"},{"station_id":"4222_B03","station_name":"B03_4222","lat":33.4282,"lon":-117.69035,"county":"ORANGE","organization":"OCSD","batch_year":"2003"}]}},{"type":"Feature","geometry":{"type":"Polygon","coordinates":[[[-117.76404211421816,33.291274982197564],[-117.7561551911127,33.30316066011937],[-117.76436827258847,33.314584740455885],[-117.7804689185106,33.314121913420664],[-117.7883531848805,33.30223583689402],[-117.78013946299735,33.29081298594341],[-117.76404211421816,33.291274982197564]]]},"properties":{"h3_index":"8729a55a4ffffff","station_count":1,"program_id":"bight","program":"Southern California Bight","resolution":7,"stations":[{"station_id":"7173_B08","station_name":"B08-7173","lat":33.29897,"lon":-117.77856,"county":"FEDERAL WATERS","organization":"OCSD","batch_year":"2008"}]}},{"type":"Feature","geometry":{"type":"Polygon","coordinates":[[[-117.69236654417314,33.35160697036202],[-117.68446532519526,33.363487331396726],[-117.69267817858515,33.374913236642996],[-117.70879290373789,33.374457555321456],[-117.71669147142251,33.36257679200719],[-117.70847796618439,33.35115211223093],[-117.69236654417314,33.35160697036202]]]},"properties":{"h3_index":"8729a55b3ffffff","station_count":1,"program_id":"bight","program":"Southern California Bight","resolution":7,"stations":[{"station_id":"B13-9137","station_name":"B13-9137 OpenwaterStation","lat":33.36965,"lon":-117.68986,"county":"ORANGE","organization":"SCCWRP","batch_year":"2013"}]}},{"type":"Feature","geometry":{"type":"Polygon","coordinates":[[[-117.69174365992149,33.30498577491539],[-117.68384561500838,33.3168681982557],[-117.69205503797825,33.328297814059006],[-117.70816315820093,33.32784377940493],[-117.71605855408157,33.31596095277361],[-117.70784847970761,33.30453256402417],[-117.69174365992149,33.30498577491539]]]},"properties":{"h3_index":"8729a55b4ffffff","station_count":1,"program_id":"bight","program":"Southern California Bight","resolution":7,"stations":[{"station_id":"B18-10372","station_name":"B18-10372","lat":33.30579,"lon":-117.69797,"county":"OOS","organization":"SCCWRP","batch_year":"2018"}]}},{"type":"Feature","geometry":{"type":"Polygon","coordinates":[[[-118.23136467678293,33.777304936075765],[-118.22351003391881,33.78918522302984],[-118.23178830129292,33.800527152769675],[-118.24792178779815,33.79998757141759],[-118.25577369715822,33.78810692796755],[-118.24749485445112,33.77676622229723],[-118.23136467678293,33.777304936075765]]]},"properties":{"h3_index":"8729a5602ffffff","station_count":1,"program_id":"bight","program":"Southern California Bight","resolution":7,"stations":[{"station_id":"B18-10674","station_name":"B18-10674","lat":33.79426,"lon":-118.229416,"county":"LOS ANGELES","organization":"SCCWRP","batch_year":"2018"}]}},{"type":"Feature","geometry":{"type":"Polygon","coordinates":[[[-118.2549168755164,33.741659070436285],[-118.24706809714657,33.75354185814424],[-118.25534519800466,33.76488450487872],[-118.2714716495778,33.764343137996704],[-118.27931769350919,33.75245999474474],[-118.27104002123836,33.741118573850144],[-118.2549168755164,33.741659070436285]]]},"properties":{"h3_index":"8729a5604ffffff","station_count":2,"program_id":"bight","program":"Southern California Bight","resolution":7,"stations":[{"station_id":"2170_B98","station_name":"B98_2170","lat":33.76412,"lon":-118.256,"county":"LOS ANGELES","organization":"CLAEMD","batch_year":"1998"},{"station_id":"B18-10092","station_name":"B18-10092","lat":33.759683,"lon":-118.260583,"county":"LOS ANGELES","organization":"SCCWRP","batch_year":"2018"}]}},{"type":"Feature","geometry":{"type":"Polygon","coordinates":[[[-118.27931769350919,33.75245999474474],[-118.2714716495778,33.764343137996704],[-118.27975106386951,33.775682618615875],[-118.29587709086412,33.77513772988276],[-118.3037203970638,33.763254232996765],[-118.29544041493273,33.751915978409016],[-118.27931769350919,33.75245999474474]]]},"properties":{"h3_index":"8729a5605ffffff","station_count":6,"program_id":"bight","program":"Southern California Bight","resolution":7,"stations":[{"station_id":"B18-10090","station_name":"B18-10090","lat":33.766217,"lon":-118.277683,"county":"LOS ANGELES","organization":"SCCWRP","batch_year":"2018"},{"station_id":"4266_B03","station_name":"B03_4266","lat":33.76623,"lon":-118.27732,"county":"LOS ANGELES","organization":"CLAEMD","batch_year":"2003"},{"station_id":"6487_B08","station_name":"B08-6487","lat":33.76623,"lon":-118.27732,"county":"LOS ANGELES","organization":"CRGML","batch_year":"2008"},{"station_id":"2169_B98","station_name":"B98_2169","lat":33.76801,"lon":-118.27816,"county":"LOS ANGELES","organization":"CLAEMD","batch_year":"1998"},{"station_id":"B13-8396","station_name":"B13-8396-Los Angeles Inner Harbor","lat":33.7662,"lon":-118.27747,"county":"LOS ANGELES","organization":"SCCWRP","batch_year":"2013"},{"station_id":"B13-8384","station_name":"B13-8384-Los Angeles Inner Harbor","lat":33.75686,"lon":-118.27742,"county":"LOS ANGELES","organization":"SCCWRP","batch_year":"2013"}]}},{"type":"Feature","geometry":{"type":"Polygon","coordinates":[[[-118.2309412269603,33.75407970403937],[-118.22308815108362,33.76596106448402],[-118.23136467678293,33.777304936075765],[-118.24749485445112,33.77676622229723],[-118.25534519800466,33.76488450487872],[-118.24706809714657,33.75354185814424],[-118.2309412269603,33.75407970403937]]]},"properties":{"h3_index":"8729a5606ffffff","station_count":10,"program_id":"bight","program":"Southern California Bight","resolution":7,"stations":[{"station_id":"B18-10052","station_name":"B18-10052","lat":33.773667,"lon":-118.24765,"county":"LOS ANGELES","organization":"SCCWRP","batch_year":"2018"},{"station_id":"B18-10053","station_name":"B18-10053","lat":33.767233,"lon":-118.24965,"county":"LOS ANGELES","organization":"SCCWRP","batch_year":"2018"},{"station_id":"B03W079_B03","station_name":"B03_B03W079","lat":33.7677,"lon":-118.2503,"county":"LOS ANGELES","organization":"USC","batch_year":"2003"},{"station_id":"BRI-04_B03","station_name":"B03_BRI-04","lat":33.77058,"lon":-118.24997,"county":"LOS ANGELES","organization":"CRGML","batch_year":"2003"},{"station_id":"BRI-05_B03","station_name":"B03_BRI-05","lat":33.77593,"lon":-118.24295,"county":"LOS ANGELES","organization":"CRGML","batch_year":"2003"},{"station_id":"6489_B08","station_name":"B08-6489","lat":33.7668,"lon":-118.24909,"county":"LOS ANGELES","organization":"CRGML","batch_year":"2008"},{"station_id":"6482_B08","station_name":"B08-6482","lat":33.76342,"lon":-118.25095,"county":"LOS ANGELES","organization":"CRGML","batch_year":"2008"},{"station_id":"2421_B98","station_name":"B98_2421","lat":33.76646,"lon":-118.24132,"county":"LOS ANGELES","organization":"CRGML","batch_year":"1998"},{"station_id":"B13-8397","station_name":"B13-8397-Los Angeles Inner Harbor","lat":33.767,"lon":-118.24938,"county":"LOS ANGELES","organization":"SCCWRP","batch_year":"2013"},{"station_id":"4010_B03","station_name":"B03_4010","lat":33.7668,"lon":-118.24909,"county":"LOS ANGELES","organization":"CLAEMD","batch_year":"2003"}]}},{"type":"Feature","geometry":{"type":"Polygon","coordinates":[[[-118.18296588050312,33.77890871816635],[-118.1751042105695,33.790787210193464],[-118.18337957470087,33.80213352854625],[-118.1995171923612,33.801600131916295],[-118.20737613421868,33.78972128005705],[-118.19910018742726,33.778376184592084],[-118.18296588050312,33.77890871816635]]]},"properties":{"h3_index":"8729a5610ffffff","station_count":2,"program_id":"bight","program":"Southern California Bight","resolution":7,"stations":[{"station_id":"B18-10776","station_name":"B18-10776","lat":33.79285,"lon":-118.20511,"county":"LOS ANGELES","organization":"SCCWRP","batch_year":"2018"},{"station_id":"B18-10778","station_name":"B18-10778","lat":33.78753,"lon":-118.20475,"county":"LOS ANGELES","organization":"SCCWRP","batch_year":"2018"}]}},{"type":"Feature","geometry":{"type":"Polygon","coordinates":[[[-118.20737613421868,33.78972128005705],[-118.1995171923612,33.801600131916295],[-118.2077948806509,33.81294328474262],[-118.22393209081746,33.81240636255516],[-118.23178830129292,33.800527152769675],[-118.22351003391881,33.78918522302984],[-118.20737613421868,33.78972128005705]]]},"properties":{"h3_index":"8729a5611ffffff","station_count":4,"program_id":"bight","program":"Southern California Bight","resolution":7,"stations":[{"station_id":"B18-10772","station_name":"B18-10772","lat":33.80271,"lon":-118.20541,"county":"LOS ANGELES","organization":"SCCWRP","batch_year":"2018"},{"station_id":"B18-10774","station_name":"B18-10774","lat":33.79818,"lon":-118.2052,"county":"LOS ANGELES","organization":"SCCWRP","batch_year":"2018"},{"station_id":"4852_B03","station_name":"B03_4852","lat":33.80323,"lon":-118.22836,"county":"LOS ANGELES","organization":"CSD","batch_year":"2003"},{"station_id":"5108_B03","station_name":"B03_5108","lat":33.80261,"lon":-118.22818,"county":"LOS ANGELES","organization":"CSD","batch_year":"2003"}]}},{"type":"Feature","geometry":{"type":"Polygon","coordinates":[[[-118.18255235692476,33.75568089151628],[-118.1746922569599,33.76756045975732],[-118.18296588050312,33.77890871816635],[-118.19910018742726,33.778376184592084],[-118.20695756049373,33.76649625604123],[-118.19868335446917,33.75514922130661],[-118.18255235692476,33.75568089151628]]]},"properties":{"h3_index":"8729a5614ffffff","station_count":8,"program_id":"bight","program":"Southern California Bight","resolution":7,"stations":[{"station_id":"B18-10054","station_name":"B18-10054","lat":33.76028,"lon":-118.18738,"county":"LOS ANGELES","organization":"SCCWRP","batch_year":"2018"},{"station_id":"2311_B98","station_name":"B98_2311","lat":33.7556,"lon":-118.1851,"county":"LOS ANGELES","organization":"CRGML","batch_year":"1998"},{"station_id":"B03W304_B03","station_name":"B03_B03W304","lat":33.7669,"lon":-118.206,"county":"LOS ANGELES","organization":"USC","batch_year":"2003"},{"station_id":"B18-10150","station_name":"B18-10150","lat":33.76144,"lon":-118.2001,"county":"LOS ANGELES","organization":"SCCWRP","batch_year":"2018"},{"station_id":"B13-8390","station_name":"B13-8390 OpenwaterStation","lat":33.76101,"lon":-118.20211,"county":"LOS ANGELES","organization":"SCCWRP","batch_year":"2013"},{"station_id":"BRI-06_B03","station_name":"B03_BRI-06","lat":33.75925,"lon":-118.18983,"county":"LOS ANGELES","organization":"CRGML","batch_year":"2003"},{"station_id":"B03W085_B03","station_name":"B03_B03W085","lat":33.7589,"lon":-118.1963,"county":"LOS ANGELES","organization":"USC","batch_year":"2003"},{"station_id":"2450_B98","station_name":"B98_2450","lat":33.76004,"lon":-118.19923,"county":"LOS ANGELES","organization":"CRGML","batch_year":"1998"}]}},{"type":"Feature","geometry":{"type":"Polygon","coordinates":[[[-118.20695756049373,33.76649625604123],[-118.19910018742726,33.778376184592084],[-118.20737613421868,33.78972128005705],[-118.22351003391881,33.78918522302984],[-118.23136467678293,33.777304936075765],[-118.22308815108362,33.76596106448402],[-118.20695756049373,33.76649625604123]]]},"properties":{"h3_index":"8729a5615ffffff","station_count":13,"program_id":"bight","program":"Southern California Bight","resolution":7,"stations":[{"station_id":"B18-10677","station_name":"B18-10677","lat":33.7752,"lon":-118.20581,"county":"LOS ANGELES","organization":"SCCWRP","batch_year":"2018"},{"station_id":"B18-10089","station_name":"B18-10089","lat":33.769567,"lon":-118.22305,"county":"LOS ANGELES","organization":"SCCWRP","batch_year":"2018"},{"station_id":"4600_B03","station_name":"B03_4600","lat":33.77379,"lon":-118.20631,"county":"LOS ANGELES","organization":"CRGML","batch_year":"2003"},{"station_id":"4142_B03","station_name":"B03_4142","lat":33.78073,"lon":-118.20585,"county":"LOS ANGELES","organization":"CRGML","batch_year":"2003"},{"station_id":"4788_B03","station_name":"B03_4788","lat":33.77996,"lon":-118.20608,"county":"LOS ANGELES","organization":"CRGML","batch_year":"2003"},{"station_id":"B18-10148","station_name":"B18-10148","lat":33.77783,"lon":-118.20531,"county":"LOS ANGELES","organization":"SCCWRP","batch_year":"2018"},{"station_id":"6500_B08","station_name":"B08-6500","lat":33.78073,"lon":-118.20585,"county":"LOS ANGELES","organization":"CSD","batch_year":"2008"},{"station_id":"6493_B08","station_name":"B08-6493","lat":33.76988,"lon":-118.21699,"county":"LOS ANGELES","organization":"CRGML","batch_year":"2008"},{"station_id":"B13-8399","station_name":"B13-8399-Long Beach Inner Harbor","lat":33.76871,"lon":-118.22204,"county":"LOS ANGELES","organization":"SCCWRP","batch_year":"2013"},{"station_id":"B13-8401","station_name":"B13-8401-Long Beach Inner Harbor","lat":33.77158,"lon":-118.2118,"county":"LOS ANGELES","organization":"SCCWRP","batch_year":"2013"},{"station_id":"B13-8403","station_name":"B13-8403 OpenwaterStation","lat":33.78073,"lon":-118.20585,"county":"LOS ANGELES","organization":"SCCWRP","batch_year":"2013"},{"station_id":"4856_B03","station_name":"B03_4856","lat":33.76993,"lon":-118.20629,"county":"LOS ANGELES","organization":"CSD","batch_year":"2003"},{"station_id":"2430_B98","station_name":"B98_2430","lat":33.76916,"lon":-118.22453,"county":"LOS ANGELES","organization":"CRGML","batch_year":"1998"}]}},{"type":"Feature","geometry":{"type":"Polygon","coordinates":[[[-118.25663122589829,33.83454271190424],[-118.2487761830554,33.84642119639051],[-118.25706025570368,33.85775605867654],[-118.27319994423043,33.857211213717676],[-118.28105224790167,33.845332375593095],[-118.27276760315263,33.83399873599718],[-118.25663122589829,33.83454271190424]]]},"properties":{"h3_index":"8729a5619ffffff","station_count":1,"program_id":"bight","program":"Southern California Bight","resolution":7,"stations":[{"station_id":"B18-10760","station_name":"B18-10760","lat":33.84,"lon":-118.27,"county":"LOS ANGELES","organization":"SCCWRP","batch_year":"2018"}]}},{"type":"Feature","geometry":{"type":"Polygon","coordinates":[[[-118.23178830129292,33.800527152769675],[-118.22393209081746,33.81240636255516],[-118.23221210059836,33.82374634707648],[-118.24834889729657,33.8232058984614],[-118.25620237308631,33.811326332656286],[-118.24792178779815,33.79998757141759],[-118.23178830129292,33.800527152769675]]]},"properties":{"h3_index":"8729a561cffffff","station_count":4,"program_id":"bight","program":"Southern California Bight","resolution":7,"stations":[{"station_id":"4206_B03","station_name":"B03_4206","lat":33.80819,"lon":-118.22892,"county":"LOS ANGELES","organization":"CRGML","batch_year":"2003"},{"station_id":"5012_B03","station_name":"B03_5012","lat":33.81636,"lon":-118.23644,"county":"LOS ANGELES","organization":"CSD","batch_year":"2003"},{"station_id":"4436_B03","station_name":"B03_4436","lat":33.80886,"lon":-118.22874,"county":"LOS ANGELES","organization":"SCCWRP","batch_year":"2003"},{"station_id":"4270_B03","station_name":"B03_4270","lat":33.82032,"lon":-118.24138,"county":"LOS ANGELES","organization":"CRGML","batch_year":"2003"}]}},{"type":"Feature","geometry":{"type":"Polygon","coordinates":[[[-118.27845148860101,33.70600573196563],[-118.27060857080824,33.71789100571152],[-118.27888450178979,33.72923436350995],[-118.2950039189953,33.7286912198817],[-118.30284410142238,33.71680559154088],[-118.29456760294065,33.70546346135425],[-118.27845148860101,33.70600573196563]]]},"properties":{"h3_index":"8729a5620ffffff","station_count":4,"program_id":"bight","program":"Southern California Bight","resolution":7,"stations":[{"station_id":"B18-10014","station_name":"B18-10014","lat":33.710033,"lon":-118.27885,"county":"LOS ANGELES","organization":"SCCWRP","batch_year":"2018"},{"station_id":"B18-10057","station_name":"B18-10057","lat":33.71925,"lon":-118.281317,"county":"LOS ANGELES","organization":"SCCWRP","batch_year":"2018"},{"station_id":"B13-8306","station_name":"B13-8306-Los Angeles Harbor Inner Cabrillo Beach","lat":33.71475,"lon":-118.28269,"county":"LOS ANGELES","organization":"SCCWRP","batch_year":"2013"},{"station_id":"4138_B03","station_name":"B03_4138","lat":33.72251,"lon":-118.27938,"county":"LOS ANGELES","organization":"CLAEMD","batch_year":"2003"}]}},{"type":"Feature","geometry":{"type":"Polygon","coordinates":[[[-118.25448872958421,33.71843063169248],[-118.24664151577575,33.73031448600833],[-118.2549168755164,33.741659070436285],[-118.27104002123836,33.741118573850144],[-118.27888450178979,33.72923436350995],[-118.27060857080824,33.71789100571152],[-118.25448872958421,33.71843063169248]]]},"properties":{"h3_index":"8729a5622ffffff","station_count":15,"program_id":"bight","program":"Southern California Bight","resolution":7,"stations":[{"station_id":"BRI-03_B03","station_name":"B03_BRI-03","lat":33.73721,"lon":-118.26634,"county":"LOS ANGELES","organization":"CRGML","batch_year":"2003"},{"station_id":"2176_B98","station_name":"B98_2176","lat":33.7311,"lon":-118.26128,"county":"LOS ANGELES","organization":"SCCWRP","batch_year":"1998"},{"station_id":"2184_B98","station_name":"B98_2184","lat":33.72131,"lon":-118.26908,"county":"LOS ANGELES","organization":"SCCWRP","batch_year":"1998"},{"station_id":"B18-10103","station_name":"B18-10103","lat":33.737383,"lon":-118.266083,"county":"LOS ANGELES","organization":"SCCWRP","batch_year":"2018"},{"station_id":"B18-10108","station_name":"B18-10108","lat":33.723867,"lon":-118.262117,"county":"LOS ANGELES","organization":"SCCWRP","batch_year":"2018"},{"station_id":"6424_B08","station_name":"B08-6424","lat":33.73249,"lon":-118.2532,"county":"LOS ANGELES","organization":"CRGML","batch_year":"2008"},{"station_id":"6402_B08","station_name":"B08-6402","lat":33.72387,"lon":-118.26265,"county":"LOS ANGELES","organization":"CRGML","batch_year":"2008"},{"station_id":"B13-8316","station_name":"B13-8316-Los Angeles Inner Harbor","lat":33.72387,"lon":-118.2627,"county":"LOS ANGELES","organization":"SCCWRP","batch_year":"2013"},{"station_id":"4050_B03","station_name":"B03_4050","lat":33.72416,"lon":-118.26216,"county":"LOS ANGELES","organization":"CLAEMD","batch_year":"2003"},{"station_id":"B03_B03W184","station_name":"B03W184_B03","lat":33.72234,"lon":-118.26041,"county":"LOS ANGELES","organization":"USC","batch_year":"2003"},{"station_id":"2174_B98","station_name":"B98_2174","lat":33.73431,"lon":-118.2666,"county":"LOS ANGELES","organization":"OCSD","batch_year":"1998"},{"station_id":"2178_B98","station_name":"B98_2178","lat":33.72796,"lon":-118.27064,"county":"LOS ANGELES","organization":"CRGML","batch_year":"1998"},{"station_id":"2182_B98","station_name":"B98_2182","lat":33.72387,"lon":-118.26265,"county":"LOS ANGELES","organization":"CRGML","batch_year":"1998"},{"station_id":"2428_B98","station_name":"B98_2428","lat":33.71876,"lon":-118.25915,"county":"LOS ANGELES","organization":"SCCWRP","batch_year":"1998"},{"station_id":"B03_B03W080","station_name":"B03W080_B03","lat":33.7188,"lon":-118.2685,"county":"LOS ANGELES","organization":"USC","batch_year":"2003"}]}},{"type":"Feature","geometry":{"type":"Polygon","coordinates":[[[-118.27888450178979,33.72923436350995],[-118.27104002123836,33.741118573850144],[-118.27931769350919,33.75245999474474],[-118.29544041493273,33.751915978409016],[-118.30328215893587,33.740031413955116],[-118.2950039189953,33.7286912198817],[-118.27888450178979,33.72923436350995]]]},"properties":{"h3_index":"8729a5623ffffff","station_count":3,"program_id":"bight","program":"Southern California Bight","resolution":7,"stations":[{"station_id":"B18-10098","station_name":"B18-10098","lat":33.742283,"lon":-118.274167,"county":"LOS ANGELES","organization":"SCCWRP","batch_year":"2018"},{"station_id":"B18-10099","station_name":"B18-10099","lat":33.74,"lon":-118.276183,"county":"LOS ANGELES","organization":"SCCWRP","batch_year":"2018"},{"station_id":"B13-8340","station_name":"B13-8340-Los Angeles Inner Harbor","lat":33.73549,"lon":-118.27676,"county":"LOS ANGELES","organization":"SCCWRP","batch_year":"2013"}]}},{"type":"Feature","geometry":{"type":"Polygon","coordinates":[[[-118.27801865383252,33.68277410717161],[-118.27017729817752,33.69466044063815],[-118.27845148860101,33.70600573196563],[-118.29456760294065,33.70546346135425],[-118.30240622441184,33.693576772810005],[-118.29413146665765,33.68223270988579],[-118.27801865383252,33.68277410717161]]]},"properties":{"h3_index":"8729a5624ffffff","station_count":6,"program_id":"bight","program":"Southern California Bight","resolution":7,"stations":[{"station_id":"B03W075_B03","station_name":"B03_B03W075","lat":33.70288,"lon":-118.28438,"county":"LOS ANGELES","organization":"USC","batch_year":"2003"},{"station_id":"B03_B03W076","station_name":"B03W076_B03","lat":33.69327,"lon":-118.28908,"county":"LOS ANGELES","organization":"USC","batch_year":"2003"},{"station_id":"B18-10224","station_name":"B18-10224","lat":33.69525,"lon":-118.29598,"county":"LOS ANGELES","organization":"SCCWRP","batch_year":"2018"},{"station_id":"4042_B03","station_name":"B03_4042","lat":33.69541,"lon":-118.29616,"county":"LOS ANGELES","organization":"LACSD","batch_year":"2003"},{"station_id":"7321_B08","station_name":"B08-7321","lat":33.69541,"lon":-118.29616,"county":"LOS ANGELES","organization":"LACSD","batch_year":"2008"},{"station_id":"B13-9229","station_name":"B13-9229 OpenwaterStation","lat":33.69541,"lon":-118.29616,"county":"LOS ANGELES","organization":"SCCWRP","batch_year":"2013"}]}},{"type":"Feature","geometry":{"type":"Polygon","coordinates":[[[-118.30240622441184,33.693576772810005],[-118.29456760294065,33.70546346135425],[-118.30284410142238,33.71680559154088],[-118.31895978606796,33.716259804521286],[-118.32679567007027,33.704372762811985],[-118.31851860782596,33.693031861218046],[-118.30240622441184,33.693576772810005]]]},"properties":{"h3_index":"8729a5625ffffff","station_count":3,"program_id":"bight","program":"Southern California Bight","resolution":7,"stations":[{"station_id":"2389_B98","station_name":"B98_2389","lat":33.7095,"lon":-118.32193,"county":"LOS ANGELES","organization":"LACSD","batch_year":"1998"},{"station_id":"4170_B03","station_name":"B03_4170","lat":33.69851,"lon":-118.30383,"county":"LOS ANGELES","organization":"LACSD","batch_year":"2003"},{"station_id":"7324_B08","station_name":"B08-7324","lat":33.702,"lon":-118.30387,"county":"LOS ANGELES","organization":"LACSD","batch_year":"2008"}]}},{"type":"Feature","geometry":{"type":"Polygon","coordinates":[[[-118.25406076009901,33.69519919570534],[-118.24621511022983,33.70708411294503],[-118.25448872958421,33.71843063169248],[-118.27060857080824,33.71789100571152],[-118.27845148860101,33.70600573196563],[-118.27017729817752,33.69466044063815],[-118.25406076009901,33.69519919570534]]]},"properties":{"h3_index":"8729a5626ffffff","station_count":9,"program_id":"bight","program":"Southern California Bight","resolution":7,"stations":[{"station_id":"B18-10013","station_name":"B18-10013","lat":33.712433,"lon":-118.2582,"county":"LOS ANGELES","organization":"SCCWRP","batch_year":"2018"},{"station_id":"6383_B08","station_name":"B08-6383","lat":33.70781,"lon":-118.26975,"county":"LOS ANGELES","organization":"CRGML","batch_year":"2008"},{"station_id":"6384_B08","station_name":"B08-6384","lat":33.70899,"lon":-118.26202,"county":"LOS ANGELES","organization":"CRGML","batch_year":"2008"},{"station_id":"6386_B08","station_name":"B08-6386","lat":33.71205,"lon":-118.25789,"county":"LOS ANGELES","organization":"CRGML","batch_year":"2008"},{"station_id":"B18-10111","station_name":"B18-10111","lat":33.71763,"lon":-118.26845,"county":"LOS ANGELES","organization":"SCCWRP","batch_year":"2018"},{"station_id":"B13-8302","station_name":"B13-8302-Los Angeles Outer Harbor","lat":33.71242,"lon":-118.2579,"county":"LOS ANGELES","organization":"SCCWRP","batch_year":"2013"},{"station_id":"4178_B03","station_name":"B03_4178","lat":33.71205,"lon":-118.25789,"county":"LOS ANGELES","organization":"CLAEMD","batch_year":"2003"},{"station_id":"2168_B98","station_name":"B98_2168","lat":33.71185,"lon":-118.25079,"county":"LOS ANGELES","organization":"SCCWRP","batch_year":"1998"},{"station_id":"B03_B03W081","station_name":"B03W081_B03","lat":33.7104,"lon":-118.2614,"county":"LOS ANGELES","organization":"USC","batch_year":"2003"}]}},{"type":"Feature","geometry":{"type":"Polygon","coordinates":[[[-118.20612093073854,33.72003717821893],[-118.19826669338055,33.7319192491117],[-118.20653915936926,33.74326821974374],[-118.22266644220426,33.74273389396558],[-118.23051795171703,33.73085146371091],[-118.22224490717325,33.71950371852814],[-118.20612093073854,33.72003717821893]]]},"properties":{"h3_index":"8729a5630ffffff","station_count":23,"program_id":"bight","program":"Southern California Bight","resolution":7,"stations":[{"station_id":"B18-10007","station_name":"B18-10007","lat":33.733683,"lon":-118.211567,"county":"LOS ANGELES","organization":"SCCWRP","batch_year":"2018"},{"station_id":"2158_B98","station_name":"B98_2158","lat":33.72839,"lon":-118.20859,"county":"LOS ANGELES","organization":"CLAEMD","batch_year":"1998"},{"station_id":"2160_B98","station_name":"B98_2160","lat":33.72338,"lon":-118.2045,"county":"LOS ANGELES","organization":"CLAEMD","batch_year":"1998"},{"station_id":"SCBPP_1222","station_name":"1222_SCBPP","lat":33.72203,"lon":-118.20733,"county":"LOS ANGELES","organization":"LACSD","batch_year":"1994"},{"station_id":"6404_B08","station_name":"B08-6404","lat":33.72421,"lon":-118.22423,"county":"LOS ANGELES","organization":"CRGML","batch_year":"2008"},{"station_id":"B18-10100","station_name":"B18-10100","lat":33.7396,"lon":-118.204383,"county":"LOS ANGELES","organization":"SCCWRP","batch_year":"2018"},{"station_id":"B18-10101","station_name":"B18-10101","lat":33.738917,"lon":-118.2104,"county":"LOS ANGELES","organization":"SCCWRP","batch_year":"2018"},{"station_id":"6416_B08","station_name":"B08-6416","lat":33.731,"lon":-118.22339,"county":"LOS ANGELES","organization":"CRGML","batch_year":"2008"},{"station_id":"6443_B08","station_name":"B08-6443","lat":33.74219,"lon":-118.20581,"county":"LOS ANGELES","organization":"CRGML","batch_year":"2008"},{"station_id":"B13-8318","station_name":"B13-8318-Long Beach Outer Harbor","lat":33.72421,"lon":-118.22437,"county":"LOS ANGELES","organization":"SCCWRP","batch_year":"2013"},{"station_id":"B13-8347","station_name":"B13-8347-Long Beach Outer Harbor","lat":33.73891,"lon":-118.21039,"county":"LOS ANGELES","organization":"SCCWRP","batch_year":"2013"},{"station_id":"2185_B98","station_name":"B98_2185","lat":33.73303,"lon":-118.19945,"county":"LOS ANGELES","organization":"CRGML","batch_year":"1998"},{"station_id":"B13-8322","station_name":"B13-8322-Long Beach Outer Harbor","lat":33.72762,"lon":-118.21274,"county":"LOS ANGELES","organization":"SCCWRP","batch_year":"2013"},{"station_id":"4370_B03","station_name":"B03_4370","lat":33.73168,"lon":-118.20415,"county":"LOS ANGELES","organization":"CLAEMD","batch_year":"2003"},{"station_id":"4242_B03","station_name":"B03_4242","lat":33.72421,"lon":-118.22423,"county":"LOS ANGELES","organization":"CLAEMD","batch_year":"2003"},{"station_id":"4400_B03","station_name":"B03_4400","lat":33.7222,"lon":-118.21169,"county":"LOS ANGELES","organization":"CLAEMD","batch_year":"2003"},{"station_id":"2159_B98","station_name":"B98_2159","lat":33.72233,"lon":-118.21024,"county":"LOS ANGELES","organization":"CLAEMD","batch_year":"1998"},{"station_id":"2179_B98","station_name":"B98_2179","lat":33.73893,"lon":-118.21017,"county":"LOS ANGELES","organization":"CRGML","batch_year":"1998"},{"station_id":"B18-10411","station_name":"B18-10411","lat":33.736367,"lon":-118.216933,"county":"LOS ANGELES","organization":"SCCWRP","batch_year":"2018"},{"station_id":"B03_B03W186","station_name":"B03W186_B03","lat":33.7391,"lon":-118.21558,"county":"LOS ANGELES","organization":"USC","batch_year":"2003"},{"station_id":"B03W083_B03","station_name":"B03_B03W083","lat":33.7264,"lon":-118.213,"county":"LOS ANGELES","organization":"USC","batch_year":"2003"},{"station_id":"B18-10011","station_name":"B18-10011","lat":33.724433,"lon":-118.2243,"county":"LOS ANGELES","organization":"SCCWRP","batch_year":"2018"},{"station_id":"B03_B03W190","station_name":"B03W190_B03","lat":33.7254,"lon":-118.20947,"county":"LOS ANGELES","organization":"LACSD","batch_year":"2003"}]}},{"type":"Feature","geometry":{"type":"Polygon","coordinates":[[[-118.23051795171703,33.73085146371091],[-118.22266644220426,33.74273389396558],[-118.2309412269603,33.75407970403937],[-118.24706809714657,33.75354185814424],[-118.2549168755164,33.741659070436285],[-118.24664151577575,33.73031448600833],[-118.23051795171703,33.73085146371091]]]},"properties":{"h3_index":"8729a5631ffffff","station_count":15,"program_id":"bight","program":"Southern California Bight","resolution":7,"stations":[{"station_id":"2172_B98","station_name":"B98_2172","lat":33.74928,"lon":-118.24261,"county":"LOS ANGELES","organization":"CLAEMD","batch_year":"1998"},{"station_id":"2175_B98","station_name":"B98_2175","lat":33.74104,"lon":-118.22655,"county":"LOS ANGELES","organization":"CLAEMD","batch_year":"1998"},{"station_id":"2426_B98","station_name":"B98_2426","lat":33.73426,"lon":-118.23149,"county":"LOS ANGELES","organization":"CRGML","batch_year":"1998"},{"station_id":"4306_B03","station_name":"B03_4306","lat":33.73834,"lon":-118.23341,"county":"LOS ANGELES","organization":"CLAEMD","batch_year":"2003"},{"station_id":"B18-10095","station_name":"B18-10095","lat":33.751033,"lon":-118.2308,"county":"LOS ANGELES","organization":"SCCWRP","batch_year":"2018"},{"station_id":"B18-10102","station_name":"B18-10102","lat":33.738133,"lon":-118.229217,"county":"LOS ANGELES","organization":"SCCWRP","batch_year":"2018"},{"station_id":"6428_B08","station_name":"B08-6428","lat":33.73426,"lon":-118.23149,"county":"LOS ANGELES","organization":"CRGML","batch_year":"2008"},{"station_id":"6449_B08","station_name":"B08-6449","lat":33.74509,"lon":-118.23829,"county":"LOS ANGELES","organization":"CRGML","batch_year":"2008"},{"station_id":"B13-8367","station_name":"B13-8367-Los Angeles Inner Harbor","lat":33.74853,"lon":-118.2489,"county":"LOS ANGELES","organization":"SCCWRP","batch_year":"2013"},{"station_id":"B13-8349","station_name":"B13-8349-Long Beach Outer Harbor","lat":33.73906,"lon":-118.23651,"county":"LOS ANGELES","organization":"SCCWRP","batch_year":"2013"},{"station_id":"2173_B98","station_name":"B98_2173","lat":33.74763,"lon":-118.23769,"county":"LOS ANGELES","organization":"CLAEMD","batch_year":"1998"},{"station_id":"2427_B98","station_name":"B98_2427","lat":33.73108,"lon":-118.23526,"county":"LOS ANGELES","organization":"CRGML","batch_year":"1998"},{"station_id":"B13-8371","station_name":"B13-8371-Long Beach Inner Harbor","lat":33.75109,"lon":-118.23063,"county":"LOS ANGELES","organization":"SCCWRP","batch_year":"2013"},{"station_id":"2177_B98","station_name":"B98_2177","lat":33.73459,"lon":-118.24238,"county":"LOS ANGELES","organization":"CRGML","batch_year":"1998"},{"station_id":"2432_B98","station_name":"B98_2432","lat":33.75085,"lon":-118.23051,"county":"LOS ANGELES","organization":"OCSD","batch_year":"1998"}]}},{"type":"Feature","geometry":{"type":"Polygon","coordinates":[[[-118.18213900386029,33.73245005564854],[-118.17428047323874,33.744330696422374],[-118.18255235692476,33.75568089151628],[-118.19868335446917,33.75514922130661],[-118.20653915936926,33.74326821974374],[-118.19826669338055,33.7319192491117],[-118.18213900386029,33.73245005564854]]]},"properties":{"h3_index":"8729a5632ffffff","station_count":6,"program_id":"bight","program":"Southern California Bight","resolution":7,"stations":[{"station_id":"4354_B03","station_name":"B03_4354","lat":33.74866,"lon":-118.19867,"county":"LOS ANGELES","organization":"SCCWRP","batch_year":"2003"},{"station_id":"B18-10093","station_name":"B18-10093","lat":33.753367,"lon":-118.188083,"county":"LOS ANGELES","organization":"SCCWRP","batch_year":"2018"},{"station_id":"6432_B08","station_name":"B08-6432","lat":33.73589,"lon":-118.18046,"county":"LOS ANGELES","organization":"CRGML","batch_year":"2008"},{"station_id":"6446_B08","station_name":"B08-6446","lat":33.74335,"lon":-118.20498,"county":"LOS ANGELES","organization":"CRGML","batch_year":"2008"},{"station_id":"B13-8365","station_name":"B13-8365-Long Beach Inner Harbor","lat":33.74767,"lon":-118.19819,"county":"LOS ANGELES","organization":"SCCWRP","batch_year":"2013"},{"station_id":"B13-8356","station_name":"B13-8356-Long Beach Inner Harbor","lat":33.74337,"lon":-118.20448,"county":"LOS ANGELES","organization":"SCCWRP","batch_year":"2013"}]}},{"type":"Feature","geometry":{"type":"Polygon","coordinates":[[[-118.20653915936926,33.74326821974374],[-118.19868335446917,33.75514922130661],[-118.20695756049373,33.76649625604123],[-118.22308815108362,33.76596106448402],[-118.2309412269603,33.75407970403937],[-118.22266644220426,33.74273389396558],[-118.20653915936926,33.74326821974374]]]},"properties":{"h3_index":"8729a5633ffffff","station_count":18,"program_id":"bight","program":"Southern California Bight","resolution":7,"stations":[{"station_id":"4338_B03","station_name":"B03_4338","lat":33.76249,"lon":-118.20776,"county":"LOS ANGELES","organization":"CLAEMD","batch_year":"2003"},{"station_id":"2431_B98","station_name":"B98_2431","lat":33.75334,"lon":-118.22415,"county":"LOS ANGELES","organization":"CRGML","batch_year":"1998"},{"station_id":"4146_B03","station_name":"B03_4146","lat":33.74555,"lon":-118.21575,"county":"LOS ANGELES","organization":"CLAEMD","batch_year":"2003"},{"station_id":"4210_B03","station_name":"B03_4210","lat":33.75274,"lon":-118.21773,"county":"LOS ANGELES","organization":"CLAEMD","batch_year":"2003"},{"station_id":"B18-10091","station_name":"B18-10091","lat":33.76245,"lon":-118.220433,"county":"LOS ANGELES","organization":"SCCWRP","batch_year":"2018"},{"station_id":"B18-10094","station_name":"B18-10094","lat":33.7527,"lon":-118.218083,"county":"LOS ANGELES","organization":"SCCWRP","batch_year":"2018"},{"station_id":"B18-10097","station_name":"B18-10097","lat":33.74495,"lon":-118.2072,"county":"LOS ANGELES","organization":"SCCWRP","batch_year":"2018"},{"station_id":"6460_B08","station_name":"B08-6460","lat":33.75007,"lon":-118.22494,"county":"LOS ANGELES","organization":"CRGML","batch_year":"2008"},{"station_id":"6466_B08","station_name":"B08-6466","lat":33.75274,"lon":-118.21773,"county":"LOS ANGELES","organization":"CRGML","batch_year":"2008"},{"station_id":"6450_B08","station_name":"B08-6450","lat":33.74555,"lon":-118.21575,"county":"LOS ANGELES","organization":"CRGML","batch_year":"2008"},{"station_id":"6467_B08","station_name":"B08-6467","lat":33.75334,"lon":-118.22415,"county":"LOS ANGELES","organization":"CRGML","batch_year":"2008"},{"station_id":"B13-8360","station_name":"B13-8360-Long Beach Inner Harbor","lat":33.74553,"lon":-118.2157,"county":"LOS ANGELES","organization":"SCCWRP","batch_year":"2013"},{"station_id":"B13-8363","station_name":"B13-8363-Long Beach Inner Harbor","lat":33.74719,"lon":-118.22137,"county":"LOS ANGELES","organization":"SCCWRP","batch_year":"2013"},{"station_id":"B13-8374","station_name":"B13-8374-Long Beach Inner Harbor","lat":33.75269,"lon":-118.21776,"county":"LOS ANGELES","organization":"SCCWRP","batch_year":"2013"},{"station_id":"B13-8382","station_name":"B13-8382-Long Beach Inner Harbor","lat":33.75512,"lon":-118.23012,"county":"LOS ANGELES","organization":"SCCWRP","batch_year":"2013"},{"station_id":"B13-8391","station_name":"B13-8391 OpenwaterStation","lat":33.76256,"lon":-118.20497,"county":"LOS ANGELES","organization":"SCCWRP","batch_year":"2013"},{"station_id":"B18-10096","station_name":"B18-10096","lat":33.745217,"lon":-118.215967,"county":"LOS ANGELES","organization":"SCCWRP","batch_year":"2018"},{"station_id":"4440_B03","station_name":"B03_4440","lat":33.76554,"lon":-118.20633,"county":"LOS ANGELES","organization":"CSD","batch_year":"2003"}]}},{"type":"Feature","geometry":{"type":"Polygon","coordinates":[[[-118.20570287449502,33.69680313852693],[-118.19785020405517,33.70868627506492],[-118.20612093073854,33.72003717821893],[-118.22224490717325,33.71950371852814],[-118.23009485094526,33.70762022214658],[-118.22182354588308,33.696270545231165],[-118.20570287449502,33.69680313852693]]]},"properties":{"h3_index":"8729a5634ffffff","station_count":1,"program_id":"bight","program":"Southern California Bight","resolution":7,"stations":[{"station_id":"B18-10222","station_name":"B18-10222","lat":33.710209,"lon":-118.221809,"county":"LOS ANGELES","organization":"SCCWRP","batch_year":"2018"}]}},{"type":"Feature","geometry":{"type":"Polygon","coordinates":[[[-118.23009485094526,33.70762022214658],[-118.22224490717325,33.71950371852814],[-118.23051795171703,33.73085146371091],[-118.24664151577575,33.73031448600833],[-118.25448872958421,33.71843063169248],[-118.24621511022983,33.70708411294503],[-118.23009485094526,33.70762022214658]]]},"properties":{"h3_index":"8729a5635ffffff","station_count":21,"program_id":"bight","program":"Southern California Bight","resolution":7,"stations":[{"station_id":"B18-10012","station_name":"B18-10012","lat":33.71365,"lon":-118.241567,"county":"LOS ANGELES","organization":"SCCWRP","batch_year":"2018"},{"station_id":"B03_B03W082","station_name":"B03W082_B03","lat":33.7163,"lon":-118.2382,"county":"LOS ANGELES","organization":"LACSD","batch_year":"2003"},{"station_id":"2162_B98","station_name":"B98_2162","lat":33.71351,"lon":-118.24162,"county":"LOS ANGELES","organization":"SCCWRP","batch_year":"1998"},{"station_id":"2299_B98","station_name":"B98_2299","lat":33.7203,"lon":-118.2337,"county":"LOS ANGELES","organization":"CLAEMD","batch_year":"1998"},{"station_id":"2300_B98","station_name":"B98_2300","lat":33.7182,"lon":-118.2392,"county":"LOS ANGELES","organization":"SCCWRP","batch_year":"1998"},{"station_id":"B03W071_B03","station_name":"B03_B03W071","lat":33.70775,"lon":-118.24666,"county":"LOS ANGELES","organization":"USC","batch_year":"2003"},{"station_id":"6405_B08","station_name":"B08-6405","lat":33.72657,"lon":-118.23239,"county":"LOS ANGELES","organization":"CRGML","batch_year":"2008"},{"station_id":"B18-10107","station_name":"B18-10107","lat":33.728967,"lon":-118.233733,"county":"LOS ANGELES","organization":"SCCWRP","batch_year":"2018"},{"station_id":"B18-10109","station_name":"B18-10109","lat":33.71975,"lon":-118.231767,"county":"LOS ANGELES","organization":"SCCWRP","batch_year":"2018"},{"station_id":"B18-10110","station_name":"B18-10110","lat":33.719083,"lon":-118.244983,"county":"LOS ANGELES","organization":"SCCWRP","batch_year":"2018"},{"station_id":"6413_B08","station_name":"B08-6413","lat":33.7291,"lon":-118.2338,"county":"LOS ANGELES","organization":"CRGML","batch_year":"2008"},{"station_id":"6387_B08","station_name":"B08-6387","lat":33.71351,"lon":-118.24162,"county":"LOS ANGELES","organization":"CRGML","batch_year":"2008"},{"station_id":"B13-8326","station_name":"B13-8326-Long Beach Outer Harbor","lat":33.72924,"lon":-118.23361,"county":"LOS ANGELES","organization":"SCCWRP","batch_year":"2013"},{"station_id":"B13-8308","station_name":"B13-8308-Los Angeles Outer Harbor","lat":33.7174,"lon":-118.24385,"county":"LOS ANGELES","organization":"SCCWRP","batch_year":"2013"},{"station_id":"2297_B98","station_name":"B98_2297","lat":33.723,"lon":-118.2353,"county":"LOS ANGELES","organization":"CRGML","batch_year":"1998"},{"station_id":"B13-8304","station_name":"B13-8304-Los Angeles Outer Harbor","lat":33.71345,"lon":-118.24131,"county":"LOS ANGELES","organization":"SCCWRP","batch_year":"2013"},{"station_id":"B13-8310","station_name":"B13-8310-Long Beach Outer Harbor","lat":33.71791,"lon":-118.23298,"county":"LOS ANGELES","organization":"SCCWRP","batch_year":"2013"},{"station_id":"SCBPP_1236","station_name":"1236_SCBPP","lat":33.71053,"lon":-118.24497,"county":"LOS ANGELES","organization":"LACSD","batch_year":"1994"},{"station_id":"B03_B03W185","station_name":"B03W185_B03","lat":33.73065,"lon":-118.23106,"county":"LOS ANGELES","organization":"USC","batch_year":"2003"},{"station_id":"2298_B98","station_name":"B98_2298","lat":33.7291,"lon":-118.2338,"county":"LOS ANGELES","organization":"LACSD","batch_year":"1998"},{"station_id":"B03_B03W189","station_name":"B03W189_B03","lat":33.71917,"lon":-118.23127,"county":"LOS ANGELES","organization":"USC","batch_year":"2003"}]}},{"type":"Feature","geometry":{"type":"Polygon","coordinates":[[[-118.18172582120428,33.70921621762143],[-118.173868859301,33.72109792724436],[-118.18213900386029,33.73245005564854],[-118.19826669338055,33.7319192491117],[-118.20612093073854,33.72003717821893],[-118.19785020405517,33.70868627506492],[-118.18172582120428,33.70921621762143]]]},"properties":{"h3_index":"8729a5636ffffff","station_count":9,"program_id":"bight","program":"Southern California Bight","resolution":7,"stations":[{"station_id":"2161_B98","station_name":"B98_2161","lat":33.72338,"lon":-118.20143,"county":"LOS ANGELES","organization":"SCCWRP","batch_year":"1998"},{"station_id":"B03_B03W067","station_name":"B03W067_B03","lat":33.72043,"lon":-118.18426,"county":"LOS ANGELES","organization":"LACSD","batch_year":"2003"},{"station_id":"B18-10106","station_name":"B18-10106","lat":33.7311,"lon":-118.192083,"county":"LOS ANGELES","organization":"SCCWRP","batch_year":"2018"},{"station_id":"6419_B08","station_name":"B08-6419","lat":33.73118,"lon":-118.19192,"county":"LOS ANGELES","organization":"CRGML","batch_year":"2008"},{"station_id":"B13-8333","station_name":"B13-8333-Long Beach Outer Harbor","lat":33.7311,"lon":-118.1924,"county":"LOS ANGELES","organization":"SCCWRP","batch_year":"2013"},{"station_id":"2187_B98","station_name":"B98_2187","lat":33.73123,"lon":-118.18399,"county":"LOS ANGELES","organization":"CRGML","batch_year":"1998"},{"station_id":"4290_B03","station_name":"B03_4290","lat":33.71166,"lon":-118.18459,"county":"LOS ANGELES","organization":"LACSD","batch_year":"2003"},{"station_id":"4162_B03","station_name":"B03_4162","lat":33.73118,"lon":-118.19192,"county":"LOS ANGELES","organization":"CLAEMD","batch_year":"2003"},{"station_id":"2186_B98","station_name":"B98_2186","lat":33.73126,"lon":-118.19305,"county":"LOS ANGELES","organization":"CLAEMD","batch_year":"1998"}]}},{"type":"Feature","geometry":{"type":"Polygon","coordinates":[[[-118.42622556633569,33.84033066907929],[-118.41839444124756,33.8522148318359],[-118.42668942806905,33.863533298682206],[-118.44281608743434,33.86296637636388],[-118.45064445388257,33.85108187192108],[-118.44234892053592,33.83976463141243],[-118.42622556633569,33.84033066907929]]]},"properties":{"h3_index":"8729a5640ffffff","station_count":1,"program_id":"bight","program":"Southern California Bight","resolution":7,"stations":[{"station_id":"B98_132003","station_name":"132003_B98","lat":33.8453,"lon":-118.426,"county":"LOS ANGELES","organization":"CLAEMD","batch_year":"1998"}]}},{"type":"Feature","geometry":{"type":"Polygon","coordinates":[[[-118.45064445388257,33.85108187192108],[-118.44281608743434,33.86296637636388],[-118.45111336981435,33.87428165524266],[-118.46723956251232,33.87371120309675],[-118.47506516704135,33.861826358881686],[-118.46676734172175,33.850512306514226],[-118.45064445388257,33.85108187192108]]]},"properties":{"h3_index":"8729a5641ffffff","station_count":5,"program_id":"bight","program":"Southern California Bight","resolution":7,"stations":[{"station_id":"4006_B03","station_name":"B03_4006","lat":33.86038,"lon":-118.44805,"county":"LOS ANGELES","organization":"CLAEMD","batch_year":"2003"},{"station_id":"SCBPP_1119","station_name":"1119_SCBPP","lat":33.87217,"lon":-118.46367,"county":"LOS ANGELES","organization":"CLAEMD","batch_year":"1994"},{"station_id":"7417_B08","station_name":"B08-7417","lat":33.86038,"lon":-118.44805,"county":"LOS ANGELES","organization":"CLAEMD","batch_year":"2008"},{"station_id":"SCBPP_1142","station_name":"1142_SCBPP","lat":33.8523,"lon":-118.46112,"county":"LOS ANGELES","organization":"LACSD","batch_year":"1994"},{"station_id":"B13-9266","station_name":"B13-9266 OpenwaterStation","lat":33.86038,"lon":-118.44805,"county":"LOS ANGELES","organization":"SCCWRP","batch_year":"2013"}]}},{"type":"Feature","geometry":{"type":"Polygon","coordinates":[[[-118.40226732119017,33.85277822514882],[-118.39443188206468,33.86466096748433],[-118.40272631861822,33.875980659703295],[-118.41885674549664,33.875416384144],[-118.42668942806905,33.863533298682206],[-118.41839444124756,33.8522148318359],[-118.40226732119017,33.85277822514882]]]},"properties":{"h3_index":"8729a5642ffffff","station_count":2,"program_id":"bight","program":"Southern California Bight","resolution":7,"stations":[{"station_id":"SCBPP_1123","station_name":"1123_SCBPP","lat":33.87095,"lon":-118.4187,"county":"LOS ANGELES","organization":"LACSD","batch_year":"1994"},{"station_id":"B98_132001","station_name":"132001_B98","lat":33.8542,"lon":-118.406,"county":"LOS ANGELES","organization":"CLAEMD","batch_year":"1998"}]}},{"type":"Feature","geometry":{"type":"Polygon","coordinates":[[[-118.42668942806905,33.863533298682206],[-118.41885674549664,33.875416384144],[-118.42715348119518,33.8867328885715],[-118.44328344707866,33.886165081918165],[-118.45111336981435,33.87428165524266],[-118.44281608743434,33.86296637636388],[-118.42668942806905,33.863533298682206]]]},"properties":{"h3_index":"8729a5643ffffff","station_count":1,"program_id":"bight","program":"Southern California Bight","resolution":7,"stations":[{"station_id":"2386_B98","station_name":"B98_2386","lat":33.87812,"lon":-118.42448,"county":"LOS ANGELES","organization":"LACSD","batch_year":"1998"}]}},{"type":"Feature","geometry":{"type":"Polygon","coordinates":[[[-118.42576189587678,33.817125006781595],[-118.41793232765554,33.82901024316496],[-118.42622556633569,33.84033066907929],[-118.44234892053592,33.83976463141243],[-118.45017573131335,33.827879052868816],[-118.4418819462643,33.81655985408191],[-118.42576189587678,33.817125006781595]]]},"properties":{"h3_index":"8729a5644ffffff","station_count":3,"program_id":"bight","program":"Southern California Bight","resolution":7,"stations":[{"station_id":"SCBPP_1159","station_name":"1159_SCBPP","lat":33.83687,"lon":-118.43758,"county":"LOS ANGELES","organization":"LACSD","batch_year":"1994"},{"station_id":"B98_132004","station_name":"132004_B98","lat":33.837,"lon":-118.441,"county":"LOS ANGELES","organization":"CLAEMD","batch_year":"1998"},{"station_id":"4134_B03","station_name":"B03_4134","lat":33.81984,"lon":-118.42712,"county":"LOS ANGELES","organization":"LACSD","batch_year":"2003"}]}},{"type":"Feature","geometry":{"type":"Polygon","coordinates":[[[-118.45017573131335,33.827879052868816],[-118.44234892053592,33.83976463141243],[-118.45064445388257,33.85108187192108],[-118.46676734172175,33.850512306514226],[-118.47459139177795,33.838626387724936],[-118.46629531564577,33.82731037451754],[-118.45017573131335,33.827879052868816]]]},"properties":{"h3_index":"8729a5645ffffff","station_count":4,"program_id":"bight","program":"Southern California Bight","resolution":7,"stations":[{"station_id":"4086_B03","station_name":"B03_4086","lat":33.83546,"lon":-118.46982,"county":"FEDERAL WATERS","organization":"CLAEMD","batch_year":"2003"},{"station_id":"SCBPP_1170","station_name":"1170_SCBPP","lat":33.82975,"lon":-118.44917,"county":"LOS ANGELES","organization":"LACSD","batch_year":"1994"},{"station_id":"7403_B08","station_name":"B08-7403","lat":33.83546,"lon":-118.46982,"county":"FEDERAL WATERS","organization":"CLAEMD","batch_year":"2008"},{"station_id":"2387_B98","station_name":"B98_2387","lat":33.84834,"lon":-118.45222,"county":"LOS ANGELES","organization":"LACSD","batch_year":"1998"}]}},{"type":"Feature","geometry":{"type":"Polygon","coordinates":[[[-118.40180851306575,33.829572753915876],[-118.39397463261938,33.841456573073025],[-118.40226732119017,33.85277822514882],[-118.41839444124756,33.8522148318359],[-118.42622556633569,33.84033066907929],[-118.41793232765554,33.82901024316496],[-118.40180851306575,33.829572753915876]]]},"properties":{"h3_index":"8729a5646ffffff","station_count":2,"program_id":"bight","program":"Southern California Bight","resolution":7,"stations":[{"station_id":"B98_132002","station_name":"132002_B98","lat":33.8486,"lon":-118.418,"county":"LOS ANGELES","organization":"CLAEMD","batch_year":"1998"},{"station_id":"4262_B03","station_name":"B03_4262","lat":33.84305,"lon":-118.39579,"county":"LOS ANGELES","organization":"LACSD","batch_year":"2003"}]}},{"type":"Feature","geometry":{"type":"Polygon","coordinates":[[[-118.4755391377556,33.88502329127509],[-118.46771197813796,33.896907057251],[-118.47601330404171,33.90821717789423],[-118.49214232999779,33.90764230659754],[-118.49996672321834,33.89575820323511],[-118.49166485781022,33.88444930848507],[-118.4755391377556,33.88502329127509]]]},"properties":{"h3_index":"8729a5648ffffff","station_count":2,"program_id":"bight","program":"Southern California Bight","resolution":7,"stations":[{"station_id":"B98_134004","station_name":"134004_B98","lat":33.8969,"lon":-118.469,"county":"LOS ANGELES","organization":"CLAEMD","batch_year":"1998"},{"station_id":"SCBPP_1085","station_name":"1085_SCBPP","lat":33.9015,"lon":-118.47883,"county":"LOS ANGELES","organization":"CLAEMD","batch_year":"1994"}]}},{"type":"Feature","geometry":{"type":"Polygon","coordinates":[[[-118.49996672321834,33.89575820323511],[-118.49214232999779,33.90764230659754],[-118.50044594695551,33.91894923125814],[-118.51657449397744,33.91837082642363],[-118.52439611752418,33.906486387589254],[-118.51609196465272,33.89518068899029],[-118.49996672321834,33.89575820323511]]]},"properties":{"h3_index":"8729a5649ffffff","station_count":3,"program_id":"bight","program":"Southern California Bight","resolution":7,"stations":[{"station_id":"4230_B03","station_name":"B03_4230","lat":33.89793,"lon":-118.50134,"county":"FEDERAL WATERS","organization":"SCCWRP","batch_year":"2003"},{"station_id":"2197_B98","station_name":"B98_2197","lat":33.90378,"lon":-118.50082,"county":"FEDERAL WATERS","organization":"CLAEMD","batch_year":"1998"},{"station_id":"4277_B03","station_name":"B03_4277","lat":33.9096,"lon":-118.49967,"county":"FEDERAL WATERS","organization":"CLAEMD","batch_year":"2003"}]}},{"type":"Feature","geometry":{"type":"Polygon","coordinates":[[[-118.4515824792283,33.897478395818716],[-118.44375099958816,33.90936074106299],[-118.4520517822441,33.92067208664023],[-118.4681845887192,33.92009986196867],[-118.47601330404171,33.90821717789423],[-118.46771197813796,33.896907057251],[-118.4515824792283,33.897478395818716]]]},"properties":{"h3_index":"8729a564affffff","station_count":3,"program_id":"bight","program":"Southern California Bight","resolution":7,"stations":[{"station_id":"B03W087_B03","station_name":"B03_B03W087","lat":33.9011,"lon":-118.46,"county":"LOS ANGELES","organization":"USC","batch_year":"2003"},{"station_id":"B98_134003","station_name":"134003_B98","lat":33.9011,"lon":-118.46,"county":"LOS ANGELES","organization":"CLAEMD","batch_year":"1998"},{"station_id":"2385_B98","station_name":"B98_2385","lat":33.90638,"lon":-118.45707,"county":"LOS ANGELES","organization":"CLAEMD","batch_year":"1998"}]}},{"type":"Feature","geometry":{"type":"Polygon","coordinates":[[[-118.47601330404171,33.90821717789423],[-118.4681845887192,33.92009986196867],[-118.4764876660206,33.9314080117341],[-118.49261999923169,33.9308322522495],[-118.50044594695551,33.91894923125814],[-118.49214232999779,33.90764230659754],[-118.47601330404171,33.90821717789423]]]},"properties":{"h3_index":"8729a564bffffff","station_count":5,"program_id":"bight","program":"Southern California Bight","resolution":7,"stations":[{"station_id":"B98_135004","station_name":"135004_B98","lat":33.9167,"lon":-118.494,"county":"LOS ANGELES","organization":"CLAEMD","batch_year":"1998"},{"station_id":"B98_135003","station_name":"135003_B98","lat":33.9239,"lon":-118.473,"county":"LOS ANGELES","organization":"CLAEMD","batch_year":"1998"},{"station_id":"B03_B03W089","station_name":"B03W089_B03","lat":33.92388,"lon":-118.4725,"county":"LOS ANGELES","organization":"CLAEMD","batch_year":"2003"},{"station_id":"4021_B03","station_name":"B03_4021","lat":33.92867,"lon":-118.48282,"county":"LOS ANGELES","organization":"CLAEMD","batch_year":"2003"},{"station_id":"B03W090_B03","station_name":"B03_B03W090","lat":33.91666,"lon":-118.49416,"county":"LOS ANGELES","organization":"USC","batch_year":"2003"}]}},{"type":"Feature","geometry":{"type":"Polygon","coordinates":[[[-118.47506516704135,33.861826358881686],[-118.46723956251232,33.87371120309675],[-118.4755391377556,33.88502329127509],[-118.49166485781022,33.88444930848507],[-118.4994876971429,33.87256412641236],[-118.49118758254706,33.86125326491646],[-118.47506516704135,33.861826358881686]]]},"properties":{"h3_index":"8729a564cffffff","station_count":5,"program_id":"bight","program":"Southern California Bight","resolution":7,"stations":[{"station_id":"SCBPP_1122","station_name":"1122_SCBPP","lat":33.87067,"lon":-118.481,"county":"FEDERAL WATERS","organization":"CLAEMD","batch_year":"1994"},{"station_id":"SCBPP_1126","station_name":"1126_SCBPP","lat":33.86717,"lon":-118.48583,"county":"FEDERAL WATERS","organization":"CLAEMD","batch_year":"1994"},{"station_id":"B98_133005","station_name":"133005_B98","lat":33.8683,"lon":-118.493,"county":"FEDERAL WATERS","organization":"CLAEMD","batch_year":"1998"},{"station_id":"SCBPP_1121","station_name":"1121_SCBPP","lat":33.871,"lon":-118.49133,"county":"FEDERAL WATERS","organization":"CLAEMD","batch_year":"1994"},{"station_id":"4150_B03","station_name":"B03_4150","lat":33.87689,"lon":-118.47034,"county":"LOS ANGELES","organization":"CLAEMD","batch_year":"2003"}]}},{"type":"Feature","geometry":{"type":"Polygon","coordinates":[[[-118.4994876971429,33.87256412641236],[-118.49166485781022,33.88444930848507],[-118.49996672321834,33.89575820323511],[-118.51609196465272,33.89518068899029],[-118.52391203551433,33.88329517097515],[-118.51560963434204,33.87198750307615],[-118.4994876971429,33.87256412641236]]]},"properties":{"h3_index":"8729a564dffffff","station_count":4,"program_id":"bight","program":"Southern California Bight","resolution":7,"stations":[{"station_id":"4022_B03","station_name":"B03_4022","lat":33.87377,"lon":-118.51654,"county":"FEDERAL WATERS","organization":"CLAEMD","batch_year":"2003"},{"station_id":"SCBPP_1109","station_name":"1109_SCBPP","lat":33.8825,"lon":-118.51733,"county":"FEDERAL WATERS","organization":"CLAEMD","batch_year":"1994"},{"station_id":"B98_134005","station_name":"134005_B98","lat":33.8872,"lon":-118.506,"county":"FEDERAL WATERS","organization":"CLAEMD","batch_year":"1998"},{"station_id":"SCBPP_1108","station_name":"1108_SCBPP","lat":33.88283,"lon":-118.49717,"county":"FEDERAL WATERS","organization":"CLAEMD","batch_year":"1994"}]}},{"type":"Feature","geometry":{"type":"Polygon","coordinates":[[[-118.45111336981435,33.87428165524266],[-118.44328344707866,33.886165081918165],[-118.4515824792283,33.897478395818716],[-118.46771197813796,33.896907057251],[-118.4755391377556,33.88502329127509],[-118.46723956251232,33.87371120309675],[-118.45111336981435,33.87428165524266]]]},"properties":{"h3_index":"8729a564effffff","station_count":3,"program_id":"bight","program":"Southern California Bight","resolution":7,"stations":[{"station_id":"B98_133003","station_name":"133003_B98","lat":33.8856,"lon":-118.447,"county":"LOS ANGELES","organization":"CLAEMD","batch_year":"1998"},{"station_id":"B98_133004","station_name":"133004_B98","lat":33.8794,"lon":-118.457,"county":"LOS ANGELES","organization":"CLAEMD","batch_year":"1998"},{"station_id":"SCBPP_1100","station_name":"1100_SCBPP","lat":33.88717,"lon":-118.45417,"county":"LOS ANGELES","organization":"CLAEMD","batch_year":"1994"}]}},{"type":"Feature","geometry":{"type":"Polygon","coordinates":[[[-118.42715348119518,33.8867328885715],[-118.41931924052071,33.898614893073],[-118.42761772583245,33.90992943173422],[-118.44375099958816,33.90936074106299],[-118.4515824792283,33.897478395818716],[-118.44328344707866,33.886165081918165],[-118.42715348119518,33.8867328885715]]]},"properties":{"h3_index":"8729a565dffffff","station_count":7,"program_id":"bight","program":"Southern California Bight","resolution":7,"stations":[{"station_id":"SCBPP_1081","station_name":"1081_SCBPP","lat":33.90467,"lon":-118.44067,"county":"LOS ANGELES","organization":"CLAEMD","batch_year":"1994"},{"station_id":"B98_133001","station_name":"133001_B98","lat":33.8931,"lon":-118.427,"county":"LOS ANGELES","organization":"CLAEMD","batch_year":"1998"},{"station_id":"B98_133002","station_name":"133002_B98","lat":33.8892,"lon":-118.436,"county":"LOS ANGELES","organization":"CLAEMD","batch_year":"1998"},{"station_id":"B98_134002","station_name":"134002_B98","lat":33.9,"lon":-118.447,"county":"LOS ANGELES","organization":"CLAEMD","batch_year":"1998"},{"station_id":"SCBPP_1090","station_name":"1090_SCBPP","lat":33.89717,"lon":-118.442,"county":"LOS ANGELES","organization":"TEX-AM","batch_year":"1994"},{"station_id":"B98_134001","station_name":"134001_B98","lat":33.9025,"lon":-118.433,"county":"LOS ANGELES","organization":"CLAEMD","batch_year":"1998"},{"station_id":"B03W086_B03","station_name":"B03_B03W086","lat":33.9025,"lon":-118.4325,"county":"LOS ANGELES","organization":"USC","batch_year":"2003"}]}},{"type":"Feature","geometry":{"type":"Polygon","coordinates":[[[-118.44923886578457,33.78146433566063],[-118.44141516450038,33.79335205139624],[-118.44970720198715,33.8046732051065],[-118.46582348416409,33.80410541412668],[-118.47364442712077,33.792217357193906],[-118.46535184715644,33.7808974323674],[-118.44923886578457,33.78146433566063]]]},"properties":{"h3_index":"8729a5660ffffff","station_count":2,"program_id":"bight","program":"Southern California Bight","resolution":7,"stations":[{"station_id":"4198_B03","station_name":"B03_4198","lat":33.78969,"lon":-118.45579,"county":"LOS ANGELES","organization":"SCCWRP","batch_year":"2003"},{"station_id":"SCBPP_1187","station_name":"1187_SCBPP","lat":33.78917,"lon":-118.44522,"county":"LOS ANGELES","organization":"LACSD","batch_year":"1994"}]}},{"type":"Feature","geometry":{"type":"Polygon","coordinates":[[[-118.44970720198715,33.8046732051065],[-118.4418819462643,33.81655985408191],[-118.45017573131335,33.827879052868816],[-118.46629531564577,33.82731037451754],[-118.47411781184468,33.81542338482149],[-118.46582348416409,33.80410541412668],[-118.44970720198715,33.8046732051065]]]},"properties":{"h3_index":"8729a5663ffffff","station_count":1,"program_id":"bight","program":"Southern California Bight","resolution":7,"stations":[{"station_id":"B98_132005","station_name":"132005_B98","lat":33.8239,"lon":-118.464,"county":"FEDERAL WATERS","organization":"CLAEMD","batch_year":"1998"}]}},{"type":"Feature","geometry":{"type":"Polygon","coordinates":[[[-118.44877072258626,33.75825245156343],[-118.44094857512528,33.77014123038512],[-118.44923886578457,33.78146433566063],[-118.46535184715644,33.7808974323674],[-118.47317123748566,33.769008311870444],[-118.46488040450267,33.75768643627122],[-118.44877072258626,33.75825245156343]]]},"properties":{"h3_index":"8729a5664ffffff","station_count":4,"program_id":"bight","program":"Southern California Bight","resolution":7,"stations":[{"station_id":"7395_B08","station_name":"B08-7395","lat":33.76682,"lon":-118.46048,"county":"LOS ANGELES","organization":"LACSD","batch_year":"2008"},{"station_id":"B13-9251","station_name":"B13-9251 OpenwaterStation","lat":33.76682,"lon":-118.46048,"county":"LOS ANGELES","organization":"SCCWRP","batch_year":"2013"},{"station_id":"B18-10311","station_name":"B18-10311","lat":33.76675,"lon":-118.460233,"county":"LOS ANGELES","organization":"SCCWRP","batch_year":"2018"},{"station_id":"4038_B03","station_name":"B03_4038","lat":33.76682,"lon":-118.46048,"county":"LOS ANGELES","organization":"LACSD","batch_year":"2003"}]}},{"type":"Feature","geometry":{"type":"Polygon","coordinates":[[[-118.47317123748566,33.769008311870444],[-118.46535184715644,33.7808974323674],[-118.47364442712077,33.792217357193906],[-118.48975693708748,33.79164693160442],[-118.49757356701578,33.779757471349455],[-118.48928044830578,33.76843877637098],[-118.47317123748566,33.769008311870444]]]},"properties":{"h3_index":"8729a5665ffffff","station_count":2,"program_id":"bight","program":"Southern California Bight","resolution":7,"stations":[{"station_id":"SCBPP_1191","station_name":"1191_SCBPP","lat":33.78467,"lon":-118.49258,"county":"FEDERAL WATERS","organization":"TEX-AM","batch_year":"1994"},{"station_id":"SCBPP_1195","station_name":"1195_SCBPP","lat":33.77208,"lon":-118.47137,"county":"LOS ANGELES","organization":"SCCWRP","batch_year":"1994"}]}},{"type":"Feature","geometry":{"type":"Polygon","coordinates":[[[-118.42483512830948,33.77070461220609],[-118.4170086719713,33.782591984828585],[-118.42529841657408,33.793916318813714],[-118.44141516450038,33.79335205139624],[-118.44923886578457,33.78146433566063],[-118.44094857512528,33.77014123038512],[-118.42483512830948,33.77070461220609]]]},"properties":{"h3_index":"8729a5666ffffff","station_count":1,"program_id":"bight","program":"Southern California Bight","resolution":7,"stations":[{"station_id":"SCBPP_1194","station_name":"1194_SCBPP","lat":33.77392,"lon":-118.43438,"county":"LOS ANGELES","organization":"LACSD","batch_year":"1994"}]}},{"type":"Feature","geometry":{"type":"Polygon","coordinates":[[[-118.49853023748845,33.82616685440113],[-118.49071050408664,33.83805418290185],[-118.49900886860696,33.849367007796786],[-118.51512750292244,33.8487912756874],[-118.52294447025638,33.83690361029855],[-118.51464557027096,33.82559201383603],[-118.49853023748845,33.82616685440113]]]},"properties":{"h3_index":"8729a5668ffffff","station_count":1,"program_id":"bight","program":"Southern California Bight","resolution":7,"stations":[{"station_id":"SCBPP_1169","station_name":"1169_SCBPP","lat":33.83005,"lon":-118.5088,"county":"FEDERAL WATERS","organization":"LACSD","batch_year":"1994"}]}},{"type":"Feature","geometry":{"type":"Polygon","coordinates":[[[-118.52294447025638,33.83690361029855],[-118.51512750292244,33.8487912756874],[-118.52342815313287,33.860100909542],[-118.53954630348485,33.85952164933752],[-118.5473605014824,33.847633648977784],[-118.53905931939222,33.836325243721994],[-118.52294447025638,33.83690361029855]]]},"properties":{"h3_index":"8729a5669ffffff","station_count":3,"program_id":"bight","program":"Southern California Bight","resolution":7,"stations":[{"station_id":"SCBPP_1148","station_name":"1148_SCBPP","lat":33.85033,"lon":-118.51733,"county":"FEDERAL WATERS","organization":"CLAEMD","batch_year":"1994"},{"station_id":"B98_133006","station_name":"133006_B98","lat":33.8511,"lon":-118.527,"county":"FEDERAL WATERS","organization":"CLAEMD","batch_year":"1998"},{"station_id":"4342_B03","station_name":"B03_4342","lat":33.84007,"lon":-118.52216,"county":"FEDERAL WATERS","organization":"USC","batch_year":"2003"}]}},{"type":"Feature","geometry":{"type":"Polygon","coordinates":[[[-118.49900886860696,33.849367007796786],[-118.49118758254706,33.86125326491646],[-118.4994876971429,33.87256412641236],[-118.51560963434204,33.87198750307615],[-118.52342815313287,33.860100909542],[-118.51512750292244,33.8487912756874],[-118.49900886860696,33.849367007796786]]]},"properties":{"h3_index":"8729a566bffffff","station_count":1,"program_id":"bight","program":"Southern California Bight","resolution":7,"stations":[{"station_id":"7415_B08","station_name":"B08-7415","lat":33.85649,"lon":-118.51605,"county":"FEDERAL WATERS","organization":"CLAEMD","batch_year":"2008"}]}},{"type":"Feature","geometry":{"type":"Polygon","coordinates":[[[-118.49805180366535,33.802963673243895],[-118.49023362230729,33.81485206945724],[-118.49853023748845,33.82616685440113],[-118.51464557027096,33.82559201383603],[-118.52246098676159,33.81370328025937],[-118.5141638362648,33.80238972453989],[-118.49805180366535,33.802963673243895]]]},"properties":{"h3_index":"8729a566cffffff","station_count":1,"program_id":"bight","program":"Southern California Bight","resolution":7,"stations":[{"station_id":"B98_132006","station_name":"132006_B98","lat":33.8111,"lon":-118.493,"county":"FEDERAL WATERS","organization":"CLAEMD","batch_year":"1998"}]}},{"type":"Feature","geometry":{"type":"Polygon","coordinates":[[[-118.52246098676159,33.81370328025937],[-118.51464557027096,33.82559201383603],[-118.52294447025638,33.83690361029855],[-118.53905931939222,33.836325243721994],[-118.54687196774883,33.824436174699905],[-118.53857253603087,33.81312580762833],[-118.52246098676159,33.81370328025937]]]},"properties":{"h3_index":"8729a566dffffff","station_count":2,"program_id":"bight","program":"Southern California Bight","resolution":7,"stations":[{"station_id":"SCBPP_1162","station_name":"1162_SCBPP","lat":33.83462,"lon":-118.52512,"county":"FEDERAL WATERS","organization":"LACSD","batch_year":"1994"},{"station_id":"B18-10309","station_name":"B18-10309","lat":33.819333,"lon":-118.525367,"county":"OOS","organization":"SCCWRP","batch_year":"2018"}]}},{"type":"Feature","geometry":{"type":"Polygon","coordinates":[[[-118.47411781184468,33.81542338482149],[-118.46629531564577,33.82731037451754],[-118.47459139177795,33.838626387724936],[-118.49071050408664,33.83805418290185],[-118.49853023748845,33.82616685440113],[-118.49023362230729,33.81485206945724],[-118.47411781184468,33.81542338482149]]]},"properties":{"h3_index":"8729a566effffff","station_count":1,"program_id":"bight","program":"Southern California Bight","resolution":7,"stations":[{"station_id":"SCBPP_1168","station_name":"1168_SCBPP","lat":33.83295,"lon":-118.48772,"county":"FEDERAL WATERS","organization":"LACSD","batch_year":"1994"}]}},{"type":"Feature","geometry":{"type":"Polygon","coordinates":[[[-118.40134989412792,33.80636425302728],[-118.39351757174252,33.81824914533642],[-118.40180851306575,33.829572753915876],[-118.41793232765554,33.82901024316496],[-118.42576189587678,33.817125006781595],[-118.4174704046027,33.80580262515323],[-118.40134989412792,33.80636425302728]]]},"properties":{"h3_index":"8729a5671ffffff","station_count":1,"program_id":"bight","program":"Southern California Bight","resolution":7,"stations":[{"station_id":"SCBPP_1173","station_name":"1173_SCBPP","lat":33.8258,"lon":-118.41622,"county":"LOS ANGELES","organization":"LACSD","batch_year":"1994"}]}},{"type":"Feature","geometry":{"type":"Polygon","coordinates":[[[-118.37739330273386,33.81880813000123],[-118.36955667021321,33.830691603646294],[-118.37784705784429,33.84201643820848],[-118.39397463261938,33.841456573073025],[-118.40180851306575,33.829572753915876],[-118.39351757174252,33.81824914533642],[-118.37739330273386,33.81880813000123]]]},"properties":{"h3_index":"8729a5673ffffff","station_count":1,"program_id":"bight","program":"Southern California Bight","resolution":7,"stations":[{"station_id":"B13-9257","station_name":"B13-9257 OpenwaterStation","lat":33.82949,"lon":-118.40126,"county":"LOS ANGELES","organization":"SCCWRP","batch_year":"2013"}]}},{"type":"Feature","geometry":{"type":"Polygon","coordinates":[[[-118.28105224790167,33.845332375593095],[-118.27319994423043,33.857211213717676],[-118.28148633393162,33.86854289958435],[-118.29762559675696,33.86799452437666],[-118.30547515795531,33.85611533452107],[-118.29718819973567,33.844784871535424],[-118.28105224790167,33.845332375593095]]]},"properties":{"h3_index":"8729a56e4ffffff","station_count":1,"program_id":"bight","program":"Southern California Bight","resolution":7,"stations":[{"station_id":"B18-10397","station_name":"B18-10397","lat":33.855889,"lon":-118.279524,"county":"LOS ANGELES","organization":"SCCWRP","batch_year":"2018"}]}},{"type":"Feature","geometry":{"type":"Polygon","coordinates":[[[-118.25235064444936,33.60224362068577],[-118.24451124412438,33.61413275272937],[-118.25277790923573,33.62548697495077],[-118.26888454598382,33.62495083446928],[-118.2767212189473,33.61306134397635],[-118.26845398345327,33.60170835234533],[-118.25235064444936,33.60224362068577]]]},"properties":{"h3_index":"8729a5700ffffff","station_count":1,"program_id":"bight","program":"Southern California Bight","resolution":7,"stations":[{"station_id":"4330_B03","station_name":"B03_4330","lat":33.61664,"lon":-118.25975,"county":"FEDERAL WATERS","organization":"LACSD","batch_year":"2003"}]}},{"type":"Feature","geometry":{"type":"Polygon","coordinates":[[[-118.25277790923573,33.62548697495077],[-118.24493694745594,33.63737505883211],[-118.25320535003362,33.648727360262086],[-118.26931528587501,33.64819034794533],[-118.27715351911574,33.63630190610275],[-118.26888454598382,33.62495083446928],[-118.25277790923573,33.62548697495077]]]},"properties":{"h3_index":"8729a5703ffffff","station_count":2,"program_id":"bight","program":"Southern California Bight","resolution":7,"stations":[{"station_id":"B13-9205","station_name":"B13-9205 OpenwaterStation","lat":33.63083,"lon":-118.26736,"county":"LOS ANGELES","organization":"SCCWRP","batch_year":"2013"},{"station_id":"4362_B03","station_name":"B03_4362","lat":33.63717,"lon":-118.24808,"county":"FEDERAL WATERS","organization":"LACSD","batch_year":"2003"}]}},{"type":"Feature","geometry":{"type":"Polygon","coordinates":[[[-118.30153101145355,33.64711017465076],[-118.29369551003525,33.65899897254127],[-118.30196852779268,33.67034496482414],[-118.31807761132566,33.66980092896865],[-118.3259103776405,33.65791177694419],[-118.31763679645479,33.64656701483982],[-118.30153101145355,33.64711017465076]]]},"properties":{"h3_index":"8729a5708ffffff","station_count":1,"program_id":"bight","program":"Southern California Bight","resolution":7,"stations":[{"station_id":"B03W078_B03","station_name":"B03_B03W078","lat":33.65767,"lon":-118.30128,"county":"LOS ANGELES","organization":"USC","batch_year":"2003"}]}},{"type":"Feature","geometry":{"type":"Polygon","coordinates":[[[-118.3259103776405,33.65791177694419],[-118.31807761132566,33.66980092896865],[-118.32635293267522,33.68114376250766],[-118.34246158113129,33.68059621358689],[-118.3502916090638,33.66870670934315],[-118.34201572785113,33.657365106169834],[-118.3259103776405,33.65791177694419]]]},"properties":{"h3_index":"8729a5709ffffff","station_count":1,"program_id":"bight","program":"Southern California Bight","resolution":7,"stations":[{"station_id":"B13-9223","station_name":"B13-9223 OpenwaterStation","lat":33.67587,"lon":-118.33247,"county":"LOS ANGELES","organization":"SCCWRP","batch_year":"2013"}]}},{"type":"Feature","geometry":{"type":"Polygon","coordinates":[[[-118.27758599737413,33.65953949619354],[-118.26974620323637,33.671426885693144],[-118.27801865383252,33.68277410717161],[-118.29413146665765,33.68223270988579],[-118.30196852779268,33.67034496482414],[-118.29369551003525,33.65899897254127],[-118.27758599737413,33.65953949619354]]]},"properties":{"h3_index":"8729a570affffff","station_count":2,"program_id":"bight","program":"Southern California Bight","resolution":7,"stations":[{"station_id":"B03W077_B03","station_name":"B03_B03W077","lat":33.66845,"lon":-118.2968,"county":"LOS ANGELES","organization":"USC","batch_year":"2003"},{"station_id":"2206_B98","station_name":"B98_2206","lat":33.6751,"lon":-118.2933,"county":"LOS ANGELES","organization":"LACSD","batch_year":"1998"}]}},{"type":"Feature","geometry":{"type":"Polygon","coordinates":[[[-118.30196852779268,33.67034496482414],[-118.29413146665765,33.68223270988579],[-118.30240622441184,33.693576772810005],[-118.31851860782596,33.693031861218046],[-118.32635293267522,33.68114376250766],[-118.31807761132566,33.66980092896865],[-118.30196852779268,33.67034496482414]]]},"properties":{"h3_index":"8729a570bffffff","station_count":2,"program_id":"bight","program":"Southern California Bight","resolution":7,"stations":[{"station_id":"2205_B98","station_name":"B98_2205","lat":33.67687,"lon":-118.30578,"county":"LOS ANGELES","organization":"LACSD","batch_year":"1998"},{"station_id":"SCBPP_1267","station_name":"1267_SCBPP","lat":33.68913,"lon":-118.30055,"county":"LOS ANGELES","organization":"LACSD","batch_year":"1994"}]}},{"type":"Feature","geometry":{"type":"Polygon","coordinates":[[[-118.30109367528313,33.62387240936304],[-118.2932597329625,33.63576225639134],[-118.30153101145355,33.64711017465076],[-118.31763679645479,33.64656701483982],[-118.32546800485349,33.634676813190794],[-118.31719616310126,33.62333012590403],[-118.30109367528313,33.62387240936304]]]},"properties":{"h3_index":"8729a570cffffff","station_count":5,"program_id":"bight","program":"Southern California Bight","resolution":7,"stations":[{"station_id":"B13-9207","station_name":"B13-9207 OpenwaterStation","lat":33.63784,"lon":-118.30275,"county":"LOS ANGELES","organization":"SCCWRP","batch_year":"2013"},{"station_id":"B18-10361","station_name":"B18-10361","lat":33.637939,"lon":-118.302361,"county":"OOS","organization":"SCCWRP","batch_year":"2018"},{"station_id":"7296_B08","station_name":"B08-7296","lat":33.63784,"lon":-118.30275,"county":"FEDERAL WATERS","organization":"LACSD","batch_year":"2008"},{"station_id":"4106_B03","station_name":"B03_4106","lat":33.63784,"lon":-118.30275,"county":"FEDERAL WATERS","organization":"CSD","batch_year":"2003"},{"station_id":"4298_B03","station_name":"B03_4298","lat":33.638,"lon":-118.31008,"county":"FEDERAL WATERS","organization":"CSD","batch_year":"2003"}]}},{"type":"Feature","geometry":{"type":"Polygon","coordinates":[[[-118.32546800485349,33.634676813190794],[-118.31763679645479,33.64656701483982],[-118.3259103776405,33.65791177694419],[-118.34201572785113,33.657365106169834],[-118.349844199051,33.64547455181538],[-118.34157005816706,33.63413102087107],[-118.32546800485349,33.634676813190794]]]},"properties":{"h3_index":"8729a570dffffff","station_count":2,"program_id":"bight","program":"Southern California Bight","resolution":7,"stations":[{"station_id":"B13-9210","station_name":"B13-9210 OpenwaterStation","lat":33.63906,"lon":-118.34245,"county":"LOS ANGELES","organization":"SCCWRP","batch_year":"2013"},{"station_id":"B13-9211","station_name":"B13-9211 OpenwaterStation","lat":33.64026,"lon":-118.33735,"county":"LOS ANGELES","organization":"SCCWRP","batch_year":"2013"}]}},{"type":"Feature","geometry":{"type":"Polygon","coordinates":[[[-118.18007479256025,33.61625098528675],[-118.17222409928675,33.628136933418574],[-118.18048729463455,33.63949676125322],[-118.19660176559752,33.63896941247592],[-118.20444973902278,33.627083101135554],[-118.19618596226456,33.61572450171292],[-118.18007479256025,33.61625098528675]]]},"properties":{"h3_index":"8729a5710ffffff","station_count":5,"program_id":"bight","program":"Southern California Bight","resolution":7,"stations":[{"station_id":"4026_B03","station_name":"B03_4026","lat":33.62105,"lon":-118.19507,"county":"FEDERAL WATERS","organization":"LACSD","batch_year":"2003"},{"station_id":"4282_B03","station_name":"B03_4282","lat":33.63578,"lon":-118.19773,"county":"FEDERAL WATERS","organization":"USC","batch_year":"2003"},{"station_id":"B18-10259","station_name":"B18-10259","lat":33.621181,"lon":-118.194481,"county":"OOS","organization":"SCCWRP","batch_year":"2018"},{"station_id":"7287_B08","station_name":"B08-7287","lat":33.62105,"lon":-118.19507,"county":"FEDERAL WATERS","organization":"NOAACOAST","batch_year":"2008"},{"station_id":"B13-9202","station_name":"B13-9202 OpenwaterStation","lat":33.62105,"lon":-118.19507,"county":"LOS ANGELES","organization":"SCCWRP","batch_year":"2013"}]}},{"type":"Feature","geometry":{"type":"Polygon","coordinates":[[[-118.20444973902278,33.627083101135554],[-118.19660176559752,33.63896941247592],[-118.20486727874354,33.65032609291073],[-118.2209813440961,33.64979523332513],[-118.2288265943812,33.63790856068683],[-118.22056050338486,33.62655310886371],[-118.20444973902278,33.627083101135554]]]},"properties":{"h3_index":"8729a5711ffffff","station_count":1,"program_id":"bight","program":"Southern California Bight","resolution":7,"stations":[{"station_id":"B03_B03W070","station_name":"B03W070_B03","lat":33.64107,"lon":-118.20299,"county":"FEDERAL WATERS","organization":"LACSD","batch_year":"2003"}]}},{"type":"Feature","geometry":{"type":"Polygon","coordinates":[[[-118.15610922866118,33.628660772276326],[-118.1482542514408,33.64054530168831],[-118.156516861639,33.651906356941154],[-118.17263503513934,33.65138165529601],[-118.18048729463455,33.63949676125322],[-118.17222409928675,33.628136933418574],[-118.15610922866118,33.628660772276326]]]},"properties":{"h3_index":"8729a5712ffffff","station_count":1,"program_id":"bight","program":"Southern California Bight","resolution":7,"stations":[{"station_id":"7298_B08","station_name":"B08-7298","lat":33.63954,"lon":-118.16601,"county":"FEDERAL WATERS","organization":"LACSD","batch_year":"2008"}]}},{"type":"Feature","geometry":{"type":"Polygon","coordinates":[[[-118.17966246036869,33.59300224253869],[-118.17181333269377,33.604889241063276],[-118.18007479256025,33.61625098528675],[-118.19618596226456,33.61572450171292],[-118.2040323712637,33.60383713949124],[-118.19577033016503,33.59247662447235],[-118.17966246036869,33.59300224253869]]]},"properties":{"h3_index":"8729a5714ffffff","station_count":2,"program_id":"bight","program":"Southern California Bight","resolution":7,"stations":[{"station_id":"4314_B03","station_name":"B03_4314","lat":33.60638,"lon":-118.19069,"county":"FEDERAL WATERS","organization":"LACSD","batch_year":"2003"},{"station_id":"B18-10262","station_name":"B18-10262","lat":33.59486,"lon":-118.194397,"county":"OOS","organization":"SCCWRP","batch_year":"2018"}]}},{"type":"Feature","geometry":{"type":"Polygon","coordinates":[[[-118.25363296695178,33.67196476953871],[-118.24578888040024,33.68385074601559],[-118.25406076009901,33.69519919570534],[-118.27017729817752,33.69466044063815],[-118.27801865383252,33.68277410717161],[-118.26974620323637,33.671426885693144],[-118.25363296695178,33.67196476953871]]]},"properties":{"h3_index":"8729a5719ffffff","station_count":3,"program_id":"bight","program":"Southern California Bight","resolution":7,"stations":[{"station_id":"4234_B03","station_name":"B03_4234","lat":33.67179,"lon":-118.26478,"county":"LOS ANGELES","organization":"LACSD","batch_year":"2003"},{"station_id":"B03_B03W072","station_name":"B03W072_B03","lat":33.68864,"lon":-118.25112,"county":"LOS ANGELES","organization":"LACSD","batch_year":"2003"},{"station_id":"2390_B98","station_name":"B98_2390","lat":33.69334,"lon":-118.26469,"county":"LOS ANGELES","organization":"LACSD","batch_year":"1998"}]}},{"type":"Feature","geometry":{"type":"Polygon","coordinates":[[[-118.2288265943812,33.63790856068683],[-118.2209813440961,33.64979523332513],[-118.22924917238502,33.661148763563936],[-118.24536282617842,33.66061439228703],[-118.25320535003362,33.648727360262086],[-118.24493694745594,33.63737505883211],[-118.2288265943812,33.63790856068683]]]},"properties":{"h3_index":"8729a571cffffff","station_count":2,"program_id":"bight","program":"Southern California Bight","resolution":7,"stations":[{"station_id":"2394_B98","station_name":"B98_2394","lat":33.65103,"lon":-118.24907,"county":"FEDERAL WATERS","organization":"LACSD","batch_year":"1998"},{"station_id":"SCBPP_1340","station_name":"1340_SCBPP","lat":33.64092,"lon":-118.23883,"county":"FEDERAL WATERS","organization":"TEX-AM","batch_year":"1994"}]}},{"type":"Feature","geometry":{"type":"Polygon","coordinates":[[[-118.25320535003362,33.648727360262086],[-118.24536282617842,33.66061439228703],[-118.25363296695178,33.67196476953871],[-118.26974620323637,33.671426885693144],[-118.27758599737413,33.65953949619354],[-118.26931528587501,33.64819034794533],[-118.25320535003362,33.648727360262086]]]},"properties":{"h3_index":"8729a571dffffff","station_count":2,"program_id":"bight","program":"Southern California Bight","resolution":7,"stations":[{"station_id":"B03_B03W073","station_name":"B03W073_B03","lat":33.66953,"lon":-118.25559,"county":"LOS ANGELES","organization":"USC","batch_year":"2003"},{"station_id":"B03_B03W074","station_name":"B03W074_B03","lat":33.65042,"lon":-118.26005,"county":"FEDERAL WATERS","organization":"USC","batch_year":"2003"}]}},{"type":"Feature","geometry":{"type":"Polygon","coordinates":[[[-118.32414197885431,33.56495412356939],[-118.31631544049807,33.576847451930036],[-118.32458380557274,33.58819797941985],[-118.34067926913407,33.587653944931155],[-118.34850307383749,33.57576026239744],[-118.34023414955874,33.56441096845571],[-118.32414197885431,33.56495412356939]]]},"properties":{"h3_index":"8729a572cffffff","station_count":4,"program_id":"bight","program":"Southern California Bight","resolution":7,"stations":[{"station_id":"4074_B03","station_name":"B03_4074","lat":33.57929,"lon":-118.32888,"county":"FEDERAL WATERS","organization":"CSD","batch_year":"2003"},{"station_id":"7251_B08","station_name":"B08-7251","lat":33.57929,"lon":-118.32888,"county":"FEDERAL WATERS","organization":"LACSD","batch_year":"2008"},{"station_id":"B13-9190","station_name":"B13-9190 OpenwaterStation","lat":33.57929,"lon":-118.32888,"county":"LOS ANGELES","organization":"SCCWRP","batch_year":"2013"},{"station_id":"B18-10364","station_name":"B18-10364","lat":33.579498,"lon":-118.328743,"county":"OOS","organization":"SCCWRP","batch_year":"2018"}]}},{"type":"Feature","geometry":{"type":"Polygon","coordinates":[[[-118.20319815120584,33.55733633495629],[-118.19535486919312,33.56922578784628],[-118.20361517536006,33.58058821506662],[-118.21971934179145,33.580059958336136],[-118.22755990418484,33.56817014267991],[-118.21929902069539,33.55680894645196],[-118.20319815120584,33.55733633495629]]]},"properties":{"h3_index":"8729a5730ffffff","station_count":1,"program_id":"bight","program":"Southern California Bight","resolution":7,"stations":[{"station_id":"4250_B03","station_name":"B03_4250","lat":33.57688,"lon":-118.21028,"county":"FEDERAL WATERS","organization":"LACSD","batch_year":"2003"}]}},{"type":"Feature","geometry":{"type":"Polygon","coordinates":[[[-118.22713802169983,33.544918090521186],[-118.21929902069539,33.55680894645196],[-118.22755990418484,33.56817014267991],[-118.24366036320112,33.56763925092293],[-118.25149664247655,33.555748033647355],[-118.2432351853931,33.544388069404825],[-118.22713802169983,33.544918090521186]]]},"properties":{"h3_index":"8729a5735ffffff","station_count":1,"program_id":"bight","program":"Southern California Bight","resolution":7,"stations":[{"station_id":"4378_B03","station_name":"B03_4378","lat":33.54646,"lon":-118.22716,"county":"FEDERAL WATERS","organization":"LACSD","batch_year":"2003"}]}},{"type":"Feature","geometry":{"type":"Polygon","coordinates":[[[-118.17883830521457,33.546495885074506],[-118.17099230686857,33.55838497328567],[-118.17925029795506,33.5697505401018],[-118.19535486919312,33.56922578784628],[-118.20319815120584,33.55733633495629],[-118.19493957924334,33.545971998932444],[-118.17883830521457,33.546495885074506]]]},"properties":{"h3_index":"8729a5736ffffff","station_count":1,"program_id":"bight","program":"Southern California Bight","resolution":7,"stations":[{"station_id":"4186_B03","station_name":"B03_4186","lat":33.5669,"lon":-118.19137,"county":"FEDERAL WATERS","organization":"LACSD","batch_year":"2003"}]}},{"type":"Feature","geometry":{"type":"Polygon","coordinates":[[[-118.42298388327289,33.677827740188846],[-118.41516364330812,33.68971934116109],[-118.42344640856443,33.701051450935665],[-118.4395499601444,33.70049072778306],[-118.44736744982542,33.68859878177325],[-118.43908413913678,33.67726790388295],[-118.42298388327289,33.677827740188846]]]},"properties":{"h3_index":"8729a5740ffffff","station_count":1,"program_id":"bight","program":"Southern California Bight","resolution":7,"stations":[{"station_id":"B13-9231","station_name":"B13-9231 OpenwaterStation","lat":33.69805,"lon":-118.4327,"county":"LOS ANGELES","organization":"SCCWRP","batch_year":"2013"}]}},{"type":"Feature","geometry":{"type":"Polygon","coordinates":[[[-118.44736744982542,33.68859878177325],[-118.4395499601444,33.70049072778306],[-118.44783501472577,33.71181966757306],[-118.46393810177666,33.71125542922333],[-118.4717528379084,33.69936314009454],[-118.46346724146466,33.68803543236356],[-118.44736744982542,33.68859878177325]]]},"properties":{"h3_index":"8729a5741ffffff","station_count":1,"program_id":"bight","program":"Southern California Bight","resolution":7,"stations":[{"station_id":"B13-9236","station_name":"B13-9236 OpenwaterStation","lat":33.71121,"lon":-118.45872,"county":"LOS ANGELES","organization":"SCCWRP","batch_year":"2013"}]}},{"type":"Feature","geometry":{"type":"Polygon","coordinates":[[[-118.44783501472577,33.71181966757306],[-118.44001597306597,33.72371056153438],[-118.44830277227301,33.735037559852984],[-118.46440915608271,33.7344724328755],[-118.47222544299984,33.722581196278],[-118.46393810177666,33.71125542922333],[-118.44783501472577,33.71181966757306]]]},"properties":{"h3_index":"8729a574effffff","station_count":1,"program_id":"bight","program":"Southern California Bight","resolution":7,"stations":[{"station_id":"B13-9241","station_name":"B13-9241 OpenwaterStation","lat":33.72565,"lon":-118.45606,"county":"LOS ANGELES","organization":"SCCWRP","batch_year":"2013"}]}},{"type":"Feature","geometry":{"type":"Polygon","coordinates":[[[-118.3507392034036,33.69193588560859],[-118.34290761812099,33.703824336053714],[-118.35118698218432,33.71516207354644],[-118.3672984889183,33.71461013076741],[-118.37512733135571,33.70272133050217],[-118.36684741083316,33.691384822766246],[-118.3507392034036,33.69193588560859]]]},"properties":{"h3_index":"8729a5750ffffff","station_count":1,"program_id":"bight","program":"Southern California Bight","resolution":7,"stations":[{"station_id":"4166_B03","station_name":"B03_4166","lat":33.70786,"lon":-118.35721,"county":"LOS ANGELES","organization":"LACSD","batch_year":"2003"}]}},{"type":"Feature","geometry":{"type":"Polygon","coordinates":[[[-118.37512733135571,33.70272133050217],[-118.3672984889183,33.71461013076741],[-118.37558015212649,33.72594470139299],[-118.39169121158949,33.72538924174448],[-118.39951730790541,33.713500093574446],[-118.39123509180823,33.70216675288765],[-118.37512733135571,33.70272133050217]]]},"properties":{"h3_index":"8729a5751ffffff","station_count":1,"program_id":"bight","program":"Southern California Bight","resolution":7,"stations":[{"station_id":"2201_B98","station_name":"B98_2201","lat":33.72054,"lon":-118.39262,"county":"LOS ANGELES","organization":"LACSD","batch_year":"1998"}]}},{"type":"Feature","geometry":{"type":"Polygon","coordinates":[[[-118.32679567007027,33.704372762811985],[-118.31895978606796,33.716259804521286],[-118.32723858993833,33.72759877079362],[-118.34335383893371,33.72704946650748],[-118.35118698218432,33.71516207354644],[-118.34290761812099,33.703824336053714],[-118.32679567007027,33.704372762811985]]]},"properties":{"h3_index":"8729a5752ffffff","station_count":1,"program_id":"bight","program":"Southern California Bight","resolution":7,"stations":[{"station_id":"SCBPP_1232","station_name":"1232_SCBPP","lat":33.71413,"lon":-118.3475,"county":"LOS ANGELES","organization":"LACSD","batch_year":"1994"}]}},{"type":"Feature","geometry":{"type":"Polygon","coordinates":[[[-118.35118698218432,33.71516207354644],[-118.34335383893371,33.72704946650748],[-118.35163494551995,33.738385266097076],[-118.3677497529081,33.73783244369182],[-118.37558015212649,33.72594470139299],[-118.3672984889183,33.71461013076741],[-118.35118698218432,33.71516207354644]]]},"properties":{"h3_index":"8729a5753ffffff","station_count":2,"program_id":"bight","program":"Southern California Bight","resolution":7,"stations":[{"station_id":"4102_B03","station_name":"B03_4102","lat":33.72076,"lon":-118.36463,"county":"LOS ANGELES","organization":"LACSD","batch_year":"2003"},{"station_id":"2202_B98","station_name":"B98_2202","lat":33.72207,"lon":-118.37256,"county":"LOS ANGELES","organization":"LACSD","batch_year":"1998"}]}},{"type":"Feature","geometry":{"type":"Polygon","coordinates":[[[-118.32635293267522,33.68114376250766],[-118.31851860782596,33.693031861218046],[-118.32679567007027,33.704372762811985],[-118.34290761812099,33.703824336053714],[-118.3507392034036,33.69193588560859],[-118.34246158113129,33.68059621358689],[-118.32635293267522,33.68114376250766]]]},"properties":{"h3_index":"8729a5756ffffff","station_count":5,"program_id":"bight","program":"Southern California Bight","resolution":7,"stations":[{"station_id":"7320_B08","station_name":"B08-7320","lat":33.69409,"lon":-118.34651,"county":"LOS ANGELES","organization":"LACSD","batch_year":"2008"},{"station_id":"B13-9228","station_name":"B13-9228 OpenwaterStation","lat":33.69409,"lon":-118.34651,"county":"LOS ANGELES","organization":"SCCWRP","batch_year":"2013"},{"station_id":"2204_B98","station_name":"B98_2204","lat":33.6968,"lon":-118.33906,"county":"LOS ANGELES","organization":"SCCWRP","batch_year":"1998"},{"station_id":"4202_B03","station_name":"B03_4202","lat":33.69409,"lon":-118.34651,"county":"LOS ANGELES","organization":"LACSD","batch_year":"2003"},{"station_id":"B18-10343","station_name":"B18-10343","lat":33.6942,"lon":-118.34708,"county":"LOS ANGELES","organization":"SCCWRP","batch_year":"2018"}]}},{"type":"Feature","geometry":{"type":"Polygon","coordinates":[[[-118.42437203096496,33.74748989399491],[-118.41654712964366,33.759378329224724],[-118.42483512830948,33.77070461220609],[-118.44094857512528,33.77014123038512],[-118.44877072258626,33.75825245156343],[-118.44048217802003,33.74692739808408],[-118.42437203096496,33.74748989399491]]]},"properties":{"h3_index":"8729a5759ffffff","station_count":2,"program_id":"bight","program":"Southern California Bight","resolution":7,"stations":[{"station_id":"2200_B98","station_name":"B98_2200","lat":33.74789,"lon":-118.42915,"county":"LOS ANGELES","organization":"LACSD","batch_year":"1998"},{"station_id":"4070_B03","station_name":"B03_4070","lat":33.75853,"lon":-118.44631,"county":"LOS ANGELES","organization":"LACSD","batch_year":"2003"}]}},{"type":"Feature","geometry":{"type":"Polygon","coordinates":[[[-118.39951730790541,33.713500093574446],[-118.39169121158949,33.72538924174448],[-118.3999751712652,33.73672064274209],[-118.41608577750222,33.73616166538106],[-118.42390912442254,33.724272171222175],[-118.41562461542951,33.712942000342856],[-118.39951730790541,33.713500093574446]]]},"properties":{"h3_index":"8729a575cffffff","station_count":3,"program_id":"bight","program":"Southern California Bight","resolution":7,"stations":[{"station_id":"SCBPP_1214","station_name":"1214_SCBPP","lat":33.72758,"lon":-118.4142,"county":"LOS ANGELES","organization":"LACSD","batch_year":"1994"},{"station_id":"B13-9237","station_name":"B13-9237 OpenwaterStation","lat":33.72141,"lon":-118.41792,"county":"LOS ANGELES","organization":"SCCWRP","batch_year":"2013"},{"station_id":"4294_B03","station_name":"B03_4294","lat":33.73573,"lon":-118.40969,"county":"LOS ANGELES","organization":"LACSD","batch_year":"2003"}]}},{"type":"Feature","geometry":{"type":"Polygon","coordinates":[[[-118.42390912442254,33.724272171222175],[-118.41608577750222,33.73616166538106],[-118.42437203096496,33.74748989399491],[-118.44048217802003,33.74692739808408],[-118.44830277227301,33.735037559852984],[-118.44001597306597,33.72371056153438],[-118.42390912442254,33.724272171222175]]]},"properties":{"h3_index":"8729a575dffffff","station_count":1,"program_id":"bight","program":"Southern California Bight","resolution":7,"stations":[{"station_id":"4326_B03","station_name":"B03_4326","lat":33.74302,"lon":-118.4238,"county":"LOS ANGELES","organization":"LACSD","batch_year":"2003"}]}},{"type":"Feature","geometry":{"type":"Polygon","coordinates":[[[-118.42159744962167,33.60813873580791],[-118.41378186547989,33.6200334693505],[-118.42205940391901,33.631371375557116],[-118.43815307238951,33.63081331387621],[-118.44596590981716,33.61891823383632],[-118.43768782641324,33.60758156190387],[-118.42159744962167,33.60813873580791]]]},"properties":{"h3_index":"8729a5766ffffff","station_count":1,"program_id":"bight","program":"Southern California Bight","resolution":7,"stations":[{"station_id":"7288_B08","station_name":"B08-7288","lat":33.62157,"lon":-118.44349,"county":"FEDERAL WATERS","organization":"LACSD","batch_year":"2008"}]}},{"type":"Feature","geometry":{"type":"Polygon","coordinates":[[[-118.51956426591676,33.67443804686011],[-118.51175814162174,33.68633311241708],[-118.52004655570485,33.69765641404333],[-118.536141625857,33.69708341587911],[-118.54394498921602,33.68518801199658],[-118.53565604428282,33.67386594453212],[-118.51956426591676,33.67443804686011]]]},"properties":{"h3_index":"8729a5769ffffff","station_count":1,"program_id":"bight","program":"Southern California Bight","resolution":7,"stations":[{"station_id":"B13-9225","station_name":"B13-9225 OpenwaterStation","lat":33.68691,"lon":-118.52101,"county":"LOS ANGELES","organization":"SCCWRP","batch_year":"2013"}]}},{"type":"Feature","geometry":{"type":"Polygon","coordinates":[[[-118.08455767507535,33.68911067478323],[-118.07668827463127,33.700989853342],[-118.08495084238903,33.712352661936315],[-118.101083408099,33.7118350682642],[-118.10895009605133,33.699955521294214],[-118.10068693172097,33.688593936340666],[-118.08455767507535,33.68911067478323]]]},"properties":{"h3_index":"8729a5780ffffff","station_count":2,"program_id":"bight","program":"Southern California Bight","resolution":7,"stations":[{"station_id":"7325_B08","station_name":"B08-7325","lat":33.70286,"lon":-118.08263,"county":"ORANGE","organization":"LACSD","batch_year":"2008"},{"station_id":"B03_B03W179","station_name":"B03W179_B03","lat":33.7099,"lon":-118.0929,"county":"ORANGE","organization":"MEC","batch_year":"2003"}]}},{"type":"Feature","geometry":{"type":"Polygon","coordinates":[[[-118.10895009605133,33.699955521294214],[-118.101083408099,33.7118350682642],[-118.10934830881855,33.72319472768402],[-118.12548049143305,33.722673616216845],[-118.13334446358294,33.71079370274014],[-118.12507896985599,33.69943526717017],[-118.10895009605133,33.699955521294214]]]},"properties":{"h3_index":"8729a5781ffffff","station_count":1,"program_id":"bight","program":"Southern California Bight","resolution":7,"stations":[{"station_id":"SCBPP_1223","station_name":"1223_SCBPP","lat":33.72255,"lon":-118.12125,"county":"LOS ANGELES","organization":"LACSD","batch_year":"1994"}]}},{"type":"Feature","geometry":{"type":"Polygon","coordinates":[[[-118.0605553317881,33.701503930121504],[-118.05268164696729,33.713381668238725],[-118.06094361439892,33.72474569947548],[-118.07707986791392,33.72423076988597],[-118.08495084238903,33.712352661936315],[-118.07668827463127,33.700989853342],[-118.0605553317881,33.701503930121504]]]},"properties":{"h3_index":"8729a5782ffffff","station_count":5,"program_id":"bight","program":"Southern California Bight","resolution":7,"stations":[{"station_id":"4404_B03","station_name":"B03_4404","lat":33.72186,"lon":-118.06536,"county":"ORANGE","organization":"CRGML","batch_year":"2003"},{"station_id":"4246_B03","station_name":"B03_4246","lat":33.71744,"lon":-118.06246,"county":"ORANGE","organization":"CRGML","batch_year":"2003"},{"station_id":"B13-8301","station_name":"B13-8301 OpenwaterStation","lat":33.71028,"lon":-118.05957,"county":"ORANGE","organization":"SCCWRP","batch_year":"2013"},{"station_id":"2134_B98","station_name":"B98_2134","lat":33.71545,"lon":-118.06217,"county":"ORANGE","organization":"CAS","batch_year":"1998"},{"station_id":"B18-10058","station_name":"B18-10058","lat":33.71305,"lon":-118.05379,"county":"ORANGE","organization":"SCCWRP","batch_year":"2018"}]}},{"type":"Feature","geometry":{"type":"Polygon","coordinates":[[[-118.08495084238903,33.712352661936315],[-118.07707986791392,33.72423076988597],[-118.08534417187333,33.735591652159655],[-118.10148004800409,33.73507320356296],[-118.10934830881855,33.72319472768402],[-118.101083408099,33.7118350682642],[-118.08495084238903,33.712352661936315]]]},"properties":{"h3_index":"8729a5783ffffff","station_count":3,"program_id":"bight","program":"Southern California Bight","resolution":7,"stations":[{"station_id":"2164_B98","station_name":"B98_2164","lat":33.73022,"lon":-118.08266,"county":"ORANGE","organization":"OCSD","batch_year":"1998"},{"station_id":"2188_B98","station_name":"B98_2188","lat":33.73399,"lon":-118.08882,"county":"ORANGE","organization":"CRGML","batch_year":"1998"},{"station_id":"B13-8338","station_name":"B13-8338 OpenwaterStation","lat":33.7351,"lon":-118.09155,"county":"ORANGE","organization":"SCCWRP","batch_year":"2013"}]}},{"type":"Feature","geometry":{"type":"Polygon","coordinates":[[[-118.08416466983208,33.665865697774386],[-118.07629684279095,33.67774594325238],[-118.08455767507535,33.68911067478323],[-118.10068693172097,33.688593936340666],[-118.10855204743856,33.67671332196798],[-118.10029061876904,33.665349814865664],[-118.08416466983208,33.665865697774386]]]},"properties":{"h3_index":"8729a5784ffffff","station_count":4,"program_id":"bight","program":"Southern California Bight","resolution":7,"stations":[{"station_id":"2393_B98","station_name":"B98_2393","lat":33.68281,"lon":-118.08831,"county":"ORANGE","organization":"SCCWRP","batch_year":"1998"},{"station_id":"B98_124503","station_name":"124503_B98","lat":33.6664,"lon":-118.087,"county":"ORANGE","organization":"OCSD","batch_year":"1998"},{"station_id":"SCBPP_1272","station_name":"1272_SCBPP","lat":33.68687,"lon":-118.09065,"county":"ORANGE","organization":"OCSD","batch_year":"1994"},{"station_id":"B03_B03W058","station_name":"B03W058_B03","lat":33.66645,"lon":-118.08673,"county":"ORANGE","organization":"MEC","batch_year":"2003"}]}},{"type":"Feature","geometry":{"type":"Polygon","coordinates":[[[-118.10855204743856,33.67671332196798],[-118.10068693172097,33.688593936340666],[-118.10895009605133,33.699955521294214],[-118.12507896985599,33.69943526717017],[-118.13294137094131,33.68755428580797],[-118.12467761378883,33.67619392549215],[-118.10855204743856,33.67671332196798]]]},"properties":{"h3_index":"8729a5785ffffff","station_count":1,"program_id":"bight","program":"Southern California Bight","resolution":7,"stations":[{"station_id":"B03_B03W180","station_name":"B03W180_B03","lat":33.6903,"lon":-118.1036,"county":"ORANGE","organization":"MEC","batch_year":"2003"}]}},{"type":"Feature","geometry":{"type":"Polygon","coordinates":[[[-118.06016720926293,33.67825916691774],[-118.05229509964003,33.690137975161456],[-118.0605553317881,33.701503930121504],[-118.07668827463127,33.700989853342],[-118.08455767507535,33.68911067478323],[-118.07629684279095,33.67774594325238],[-118.06016720926293,33.67825916691774]]]},"properties":{"h3_index":"8729a5786ffffff","station_count":5,"program_id":"bight","program":"Southern California Bight","resolution":7,"stations":[{"station_id":"4374_B03","station_name":"B03_4374","lat":33.68284,"lon":-118.06256,"county":"ORANGE","organization":"OCSD","batch_year":"2003"},{"station_id":"B03W057_B03","station_name":"B03_B03W057","lat":33.67898,"lon":-118.0764,"county":"ORANGE","organization":"USC","batch_year":"2003"},{"station_id":"B98_124501","station_name":"124501_B98","lat":33.6912,"lon":-118.066,"county":"ORANGE","organization":"OCSD","batch_year":"1998"},{"station_id":"B03W056_B03","station_name":"B03_B03W056","lat":33.69125,"lon":-118.06573,"county":"ORANGE","organization":"USC","batch_year":"2003"},{"station_id":"B98_124502","station_name":"124502_B98","lat":33.679,"lon":-118.076,"county":"ORANGE","organization":"OCSD","batch_year":"1998"}]}},{"type":"Feature","geometry":{"type":"Polygon","coordinates":[[[-118.1337477224634,33.73403012365839],[-118.12588217862232,33.745908965562805],[-118.13415114768547,33.75726354149656],[-118.15028625114888,33.75673805218938],[-118.15814907470603,33.74485884616403],[-118.1498795160191,33.73350549349948],[-118.1337477224634,33.73403012365839]]]},"properties":{"h3_index":"8729a5788ffffff","station_count":12,"program_id":"bight","program":"Southern California Bight","resolution":7,"stations":[{"station_id":"B18-10001","station_name":"B18-10001","lat":33.7531,"lon":-118.150183,"county":"LOS ANGELES","organization":"SCCWRP","batch_year":"2018"},{"station_id":"B18-10003","station_name":"B18-10003","lat":33.743833,"lon":-118.1401,"county":"LOS ANGELES","organization":"SCCWRP","batch_year":"2018"},{"station_id":"B18-10004","station_name":"B18-10004","lat":33.742883,"lon":-118.1533,"county":"LOS ANGELES","organization":"SCCWRP","batch_year":"2018"},{"station_id":"2157_B98","station_name":"B98_2157","lat":33.74233,"lon":-118.15301,"county":"LOS ANGELES","organization":"CLAEMD","batch_year":"1998"},{"station_id":"6436_B08","station_name":"B08-6436","lat":33.73898,"lon":-118.13493,"county":"LOS ANGELES","organization":"CLAEMD","batch_year":"2008"},{"station_id":"6444_B08","station_name":"B08-6444","lat":33.74233,"lon":-118.15301,"county":"LOS ANGELES","organization":"CLAEMD","batch_year":"2008"},{"station_id":"2319_B98","station_name":"B98_2319","lat":33.7372,"lon":-118.1434,"county":"LOS ANGELES","organization":"OCSD","batch_year":"1998"},{"station_id":"B13-8346","station_name":"B13-8346 OpenwaterStation","lat":33.73889,"lon":-118.14453,"county":"LOS ANGELES","organization":"SCCWRP","batch_year":"2013"},{"station_id":"2388_B98","station_name":"B98_2388","lat":33.74816,"lon":-118.14888,"county":"LOS ANGELES","organization":"LACSD","batch_year":"1998"},{"station_id":"B03_B03W188","station_name":"B03W188_B03","lat":33.74725,"lon":-118.15083,"county":"LOS ANGELES","organization":"USC","batch_year":"2003"},{"station_id":"SCBPP_1208","station_name":"1208_SCBPP","lat":33.73405,"lon":-118.14513,"county":"LOS ANGELES","organization":"SCCWRP","batch_year":"1994"},{"station_id":"B13-8355","station_name":"B13-8355 OpenwaterStation","lat":33.74233,"lon":-118.15301,"county":"LOS ANGELES","organization":"SCCWRP","batch_year":"2013"}]}},{"type":"Feature","geometry":{"type":"Polygon","coordinates":[[[-118.15814907470603,33.74485884616403],[-118.15028625114888,33.75673805218938],[-118.15855754878166,33.768089470756344],[-118.1746922569599,33.76756045975732],[-118.18255235692476,33.75568089151628],[-118.17428047323874,33.744330696422374],[-118.15814907470603,33.74485884616403]]]},"properties":{"h3_index":"8729a5789ffffff","station_count":10,"program_id":"bight","program":"Southern California Bight","resolution":7,"stations":[{"station_id":"B18-10000","station_name":"B18-10000","lat":33.759183,"lon":-118.162633,"county":"LOS ANGELES","organization":"SCCWRP","batch_year":"2018"},{"station_id":"2154_B98","station_name":"B98_2154","lat":33.74883,"lon":-118.15595,"county":"LOS ANGELES","organization":"CLAEMD","batch_year":"1998"},{"station_id":"4408_B03","station_name":"B03_4408","lat":33.75507,"lon":-118.16386,"county":"LOS ANGELES","organization":"CLAEMD","batch_year":"2003"},{"station_id":"6462_B08","station_name":"B08-6462","lat":33.75069,"lon":-118.17608,"county":"LOS ANGELES","organization":"CRGML","batch_year":"2008"},{"station_id":"6478_B08","station_name":"B08-6478","lat":33.75964,"lon":-118.16271,"county":"LOS ANGELES","organization":"NOAACOAST","batch_year":"2008"},{"station_id":"2153_B98","station_name":"B98_2153","lat":33.75359,"lon":-118.1579,"county":"LOS ANGELES","organization":"CLAEMD","batch_year":"1998"},{"station_id":"2152_B98","station_name":"B98_2152","lat":33.75964,"lon":-118.16271,"county":"LOS ANGELES","organization":"CLAEMD","batch_year":"1998"},{"station_id":"2451_B98","station_name":"B98_2451","lat":33.75222,"lon":-118.17407,"county":"LOS ANGELES","organization":"CRGML","batch_year":"1998"},{"station_id":"B13-8375","station_name":"B13-8375 OpenwaterStation","lat":33.75284,"lon":-118.17749,"county":"LOS ANGELES","organization":"SCCWRP","batch_year":"2013"},{"station_id":"B03_B03W187","station_name":"B03W187_B03","lat":33.75045,"lon":-118.17628,"county":"LOS ANGELES","organization":"USC","batch_year":"2003"}]}},{"type":"Feature","geometry":{"type":"Polygon","coordinates":[[[-118.10974668584176,33.7464309340673],[-118.10187685153751,33.75830833516941],[-118.11014522722253,33.76966413337981],[-118.12628403152628,33.76914130814441],[-118.13415114768547,33.75726354149656],[-118.12588217862232,33.745908965562805],[-118.10974668584176,33.7464309340673]]]},"properties":{"h3_index":"8729a578affffff","station_count":17,"program_id":"bight","program":"Southern California Bight","resolution":7,"stations":[{"station_id":"B18-10055","station_name":"B18-10055","lat":33.75551,"lon":-118.12986,"county":"LOS ANGELES","organization":"SCCWRP","batch_year":"2018"},{"station_id":"B18-10056","station_name":"B18-10056","lat":33.7555,"lon":-118.11381,"county":"LOS ANGELES","organization":"SCCWRP","batch_year":"2018"},{"station_id":"4322_B03","station_name":"B03_4322","lat":33.75027,"lon":-118.11069,"county":"LOS ANGELES","organization":"CRGML","batch_year":"2003"},{"station_id":"4386_B03","station_name":"B03_4386","lat":33.7554,"lon":-118.11329,"county":"LOS ANGELES","organization":"CRGML","batch_year":"2003"},{"station_id":"4456_B03","station_name":"B03_4456","lat":33.76621,"lon":-118.11363,"county":"LOS ANGELES","organization":"CRGML","batch_year":"2003"},{"station_id":"B03_LB450R","station_name":"LB450R_B03","lat":33.74631,"lon":-118.12111,"county":"LOS ANGELES","organization":"OCSD","batch_year":"2003"},{"station_id":"4130_B03","station_name":"B03_4130","lat":33.76479,"lon":-118.11207,"county":"LOS ANGELES","organization":"CRGML","batch_year":"2003"},{"station_id":"4034_B03","station_name":"B03_4034","lat":33.74723,"lon":-118.11445,"county":"LOS ANGELES","organization":"CRGML","batch_year":"2003"},{"station_id":"4194_B03","station_name":"B03_4194","lat":33.75355,"lon":-118.10551,"county":"LOS ANGELES","organization":"CRGML","batch_year":"2003"},{"station_id":"6468_B08","station_name":"B08-6468","lat":33.75355,"lon":-118.10551,"county":"LOS ANGELES","organization":"CSD","batch_year":"2008"},{"station_id":"6472_B08","station_name":"B08-6472","lat":33.75536,"lon":-118.12987,"county":"LOS ANGELES","organization":"CSD","batch_year":"2008"},{"station_id":"B13-8383","station_name":"B13-8383 OpenwaterStation","lat":33.75536,"lon":-118.12987,"county":"LOS ANGELES","organization":"SCCWRP","batch_year":"2013"},{"station_id":"6479_B08","station_name":"B08-6479","lat":33.7604,"lon":-118.12209,"county":"LOS ANGELES","organization":"CSD","batch_year":"2008"},{"station_id":"B13-8372","station_name":"B13-8372 OpenwaterStation","lat":33.75123,"lon":-118.11866,"county":"LOS ANGELES","organization":"SCCWRP","batch_year":"2013"},{"station_id":"B13-8389","station_name":"B13-8389 OpenwaterStation","lat":33.76009,"lon":-118.12611,"county":"LOS ANGELES","organization":"SCCWRP","batch_year":"2013"},{"station_id":"4018_B03","station_name":"B03_4018","lat":33.75536,"lon":-118.12987,"county":"LOS ANGELES","organization":"CRGML","batch_year":"2003"},{"station_id":"4424_B03","station_name":"B03_4424","lat":33.75116,"lon":-118.11207,"county":"LOS ANGELES","organization":"CRGML","batch_year":"2003"}]}},{"type":"Feature","geometry":{"type":"Polygon","coordinates":[[[-118.13334446358294,33.71079370274014],[-118.12548049143305,33.722673616216845],[-118.1337477224634,33.73403012365839],[-118.1498795160191,33.73350549349948],[-118.15774076905802,33.72162521542126],[-118.14947294858703,33.71026993203609],[-118.13334446358294,33.71079370274014]]]},"properties":{"h3_index":"8729a578cffffff","station_count":8,"program_id":"bight","program":"Southern California Bight","resolution":7,"stations":[{"station_id":"B13-9239","station_name":"B13-9239 OpenwaterStation","lat":33.72266,"lon":-118.15526,"county":"LOS ANGELES","organization":"SCCWRP","batch_year":"2013"},{"station_id":"B13-8319","station_name":"B13-8319 OpenwaterStation","lat":33.7256,"lon":-118.13738,"county":"LOS ANGELES","organization":"SCCWRP","batch_year":"2013"},{"station_id":"2318_B98","station_name":"B98_2318","lat":33.7237,"lon":-118.127,"county":"LOS ANGELES","organization":"OCSD","batch_year":"1998"},{"station_id":"B13-8315","station_name":"B13-8315 OpenwaterStation","lat":33.72378,"lon":-118.15268,"county":"LOS ANGELES","organization":"SCCWRP","batch_year":"2013"},{"station_id":"2321_B98","station_name":"B98_2321","lat":33.7295,"lon":-118.134,"county":"LOS ANGELES","organization":"OCSD","batch_year":"1998"},{"station_id":"B03_B03W066","station_name":"B03W066_B03","lat":33.7285,"lon":-118.1393,"county":"LOS ANGELES","organization":"MEC","batch_year":"2003"},{"station_id":"SCBPP_1224","station_name":"1224_SCBPP","lat":33.72158,"lon":-118.13125,"county":"LOS ANGELES","organization":"LACSD","batch_year":"1994"},{"station_id":"B03_B03W183","station_name":"B03W183_B03","lat":33.7275,"lon":-118.1354,"county":"LOS ANGELES","organization":"USC","batch_year":"2003"}]}},{"type":"Feature","geometry":{"type":"Polygon","coordinates":[[[-118.15774076905802,33.72162521542126],[-118.1498795160191,33.73350549349948],[-118.15814907470603,33.74485884616403],[-118.17428047323874,33.744330696422374],[-118.18213900386029,33.73245005564854],[-118.173868859301,33.72109792724436],[-118.15774076905802,33.72162521542126]]]},"properties":{"h3_index":"8729a578dffffff","station_count":22,"program_id":"bight","program":"Southern California Bight","resolution":7,"stations":[{"station_id":"B18-10002","station_name":"B18-10002","lat":33.744,"lon":-118.168733,"county":"LOS ANGELES","organization":"SCCWRP","batch_year":"2018"},{"station_id":"B18-10005","station_name":"B18-10005","lat":33.740683,"lon":-118.17495,"county":"LOS ANGELES","organization":"SCCWRP","batch_year":"2018"},{"station_id":"B18-10006","station_name":"B18-10006","lat":33.739633,"lon":-118.171533,"county":"LOS ANGELES","organization":"SCCWRP","batch_year":"2018"},{"station_id":"4274_B03","station_name":"B03_4274","lat":33.72857,"lon":-118.15722,"county":"LOS ANGELES","organization":"CLAEMD","batch_year":"2003"},{"station_id":"2156_B98","station_name":"B98_2156","lat":33.73992,"lon":-118.17122,"county":"LOS ANGELES","organization":"CLAEMD","batch_year":"1998"},{"station_id":"B03W084_B03","station_name":"B03_B03W084","lat":33.7298,"lon":-118.1726,"county":"LOS ANGELES","organization":"USC","batch_year":"2003"},{"station_id":"B18-10105","station_name":"B18-10105","lat":33.73165,"lon":-118.181083,"county":"LOS ANGELES","organization":"SCCWRP","batch_year":"2018"},{"station_id":"6407_B08","station_name":"B08-6407","lat":33.72766,"lon":-118.15792,"county":"LOS ANGELES","organization":"CLAEMD","batch_year":"2008"},{"station_id":"6411_B08","station_name":"B08-6411","lat":33.72857,"lon":-118.15722,"county":"LOS ANGELES","organization":"CRGML","batch_year":"2008"},{"station_id":"6437_B08","station_name":"B08-6437","lat":33.73992,"lon":-118.17122,"county":"LOS ANGELES","organization":"CRGML","batch_year":"2008"},{"station_id":"6447_B08","station_name":"B08-6447","lat":33.74337,"lon":-118.16549,"county":"LOS ANGELES","organization":"CLAEMD","batch_year":"2008"},{"station_id":"6448_B08","station_name":"B08-6448","lat":33.7442,"lon":-118.16867,"county":"LOS ANGELES","organization":"CRGML","batch_year":"2008"},{"station_id":"B13-8350","station_name":"B13-8350 OpenwaterStation","lat":33.73992,"lon":-118.17122,"county":"LOS ANGELES","organization":"SCCWRP","batch_year":"2013"},{"station_id":"2163_B98","station_name":"B98_2163","lat":33.72781,"lon":-118.16684,"county":"LOS ANGELES","organization":"OCSD","batch_year":"1998"},{"station_id":"4098_B03","station_name":"B03_4098","lat":33.7442,"lon":-118.16867,"county":"LOS ANGELES","organization":"CLAEMD","batch_year":"2003"},{"station_id":"B18-10417","station_name":"B18-10417","lat":33.731083,"lon":-118.157367,"county":"LOS ANGELES","organization":"SCCWRP","batch_year":"2018"},{"station_id":"B13-8325","station_name":"B13-8325 OpenwaterStation","lat":33.72857,"lon":-118.15722,"county":"LOS ANGELES","organization":"SCCWRP","batch_year":"2013"},{"station_id":"2167_B98","station_name":"B98_2167","lat":33.7356,"lon":-118.15764,"county":"LOS ANGELES","organization":"CLAEMD","batch_year":"1998"},{"station_id":"B13-8351","station_name":"B13-8351 OpenwaterStation","lat":33.7402,"lon":-118.15912,"county":"LOS ANGELES","organization":"SCCWRP","batch_year":"2013"},{"station_id":"2155_B98","station_name":"B98_2155","lat":33.74333,"lon":-118.16782,"county":"LOS ANGELES","organization":"SCCWRP","batch_year":"1998"},{"station_id":"B13-8358","station_name":"B13-8358 OpenwaterStation","lat":33.7442,"lon":-118.16867,"county":"LOS ANGELES","organization":"SCCWRP","batch_year":"2013"},{"station_id":"B03_B03W191","station_name":"B03W191_B03","lat":33.7289,"lon":-118.15316,"county":"LOS ANGELES","organization":"LACSD","batch_year":"2003"}]}},{"type":"Feature","geometry":{"type":"Polygon","coordinates":[[[-118.10934830881855,33.72319472768402],[-118.10148004800409,33.73507320356296],[-118.10974668584176,33.7464309340673],[-118.12588217862232,33.745908965562805],[-118.1337477224634,33.73403012365839],[-118.12548049143305,33.722673616216845],[-118.10934830881855,33.72319472768402]]]},"properties":{"h3_index":"8729a578effffff","station_count":27,"program_id":"bight","program":"Southern California Bight","resolution":7,"stations":[{"station_id":"B03_LB0","station_name":"LB0_B03","lat":33.74031,"lon":-118.1167,"county":"ORANGE","organization":"OCSD","batch_year":"2003"},{"station_id":"4066_B03","station_name":"B03_4066","lat":33.74202,"lon":-118.11713,"county":"ORANGE","organization":"CRGML","batch_year":"2003"},{"station_id":"B03_SGAB 450 L OFF","station_name":"SGAB 450 L OFF_B03","lat":33.73888,"lon":-118.11149,"county":"ORANGE","organization":"OCSD","batch_year":"2003"},{"station_id":"B18-10220","station_name":"B18-10220","lat":33.733471,"lon":-118.12207,"county":"LOS ANGELES","organization":"SCCWRP","batch_year":"2018"},{"station_id":"6442_B08","station_name":"B08-6442","lat":33.74202,"lon":-118.11713,"county":"ORANGE","organization":"LACSD","batch_year":"2008"},{"station_id":"B03_B03W182","station_name":"B03W182_B03","lat":33.7377,"lon":-118.1313,"county":"LOS ANGELES","organization":"MEC","batch_year":"2003"},{"station_id":"7355_B08","station_name":"B08-7355","lat":33.733,"lon":-118.1215,"county":"LOS ANGELES","organization":"LACSD","batch_year":"2008"},{"station_id":"B13-9245","station_name":"B13-9245 OpenwaterStation","lat":33.733,"lon":-118.1215,"county":"LOS ANGELES","organization":"SCCWRP","batch_year":"2013"},{"station_id":"B13-8353","station_name":"B13-8353 OpenwaterStation","lat":33.74202,"lon":-118.11713,"county":"LOS ANGELES","organization":"SCCWRP","batch_year":"2013"},{"station_id":"2320_B98","station_name":"B98_2320","lat":33.733,"lon":-118.1215,"county":"LOS ANGELES","organization":"OCSD","batch_year":"1998"},{"station_id":"B03_SGAB 75 L","station_name":"SGAB 75 L_B03","lat":33.74011,"lon":-118.115,"county":"ORANGE","organization":"OCSD","batch_year":"2003"},{"station_id":"B03_LB225R","station_name":"LB225R_B03","lat":33.7452,"lon":-118.1194,"county":"LOS ANGELES","organization":"OCSD","batch_year":"2003"},{"station_id":"B03_SGAB 25 L OFF","station_name":"SGAB 25 L OFF_B03","lat":33.73951,"lon":-118.1155,"county":"ORANGE","organization":"OCSD","batch_year":"2003"},{"station_id":"B03_B03W061","station_name":"B03W061_B03","lat":33.72787,"lon":-118.12025,"county":"LOS ANGELES","organization":"USC","batch_year":"2003"},{"station_id":"B03_SGAB 75 L OFF","station_name":"SGAB 75 L OFF_B03","lat":33.73949,"lon":-118.115,"county":"ORANGE","organization":"OCSD","batch_year":"2003"},{"station_id":"B03_LB75R","station_name":"LB75R_B03","lat":33.74431,"lon":-118.1183,"county":"LOS ANGELES","organization":"OCSD","batch_year":"2003"},{"station_id":"B03_SGAB 0 OFF","station_name":"SGAB 0 OFF_B03","lat":33.73904,"lon":-118.1173,"county":"ORANGE","organization":"OCSD","batch_year":"2003"},{"station_id":"B03_LB75RO","station_name":"LB75RO_B03","lat":33.7438,"lon":-118.1186,"county":"LOS ANGELES","organization":"OCSD","batch_year":"2003"},{"station_id":"B03_LB450RO","station_name":"LB450RO_B03","lat":33.74591,"lon":-118.12145,"county":"LOS ANGELES","organization":"OCSD","batch_year":"2003"},{"station_id":"B03_LB225RO","station_name":"LB225RO_B03","lat":33.74455,"lon":-118.1201,"county":"LOS ANGELES","organization":"OCSD","batch_year":"2003"},{"station_id":"B03_B03W065","station_name":"B03W065_B03","lat":33.72993,"lon":-118.11792,"county":"ORANGE","organization":"USC","batch_year":"2003"},{"station_id":"B03_LB25R","station_name":"LB25R_B03","lat":33.74402,"lon":-118.118,"county":"LOS ANGELES","organization":"OCSD","batch_year":"2003"},{"station_id":"B03_B03W305","station_name":"B03W305_B03","lat":33.742,"lon":-118.114,"county":"ORANGE","organization":"USC","batch_year":"2003"},{"station_id":"B03_SGAB 225 L OFF","station_name":"SGAB 225 L OFF_B03","lat":33.73939,"lon":-118.1137,"county":"ORANGE","organization":"OCSD","batch_year":"2003"},{"station_id":"B03_LB25RO","station_name":"LB25RO_B03","lat":33.74355,"lon":-118.1184,"county":"LOS ANGELES","organization":"OCSD","batch_year":"2003"},{"station_id":"B03_SGAB 450 L","station_name":"SGAB 450 L_B03","lat":33.73936,"lon":-118.11137,"county":"ORANGE","organization":"OCSD","batch_year":"2003"},{"station_id":"B03_SGAB 225 L","station_name":"SGAB 225 L_B03","lat":33.73989,"lon":-118.1135,"county":"ORANGE","organization":"OCSD","batch_year":"2003"}]}},{"type":"Feature","geometry":{"type":"Polygon","coordinates":[[[-118.03654502203298,33.71389307972736],[-118.02866705319076,33.72576937277601],[-118.03692841653974,33.737134625655465],[-118.05306835375096,33.73662236377728],[-118.06094361439892,33.72474569947548],[-118.05268164696729,33.713381668238725],[-118.03654502203298,33.71389307972736]]]},"properties":{"h3_index":"8729a5791ffffff","station_count":1,"program_id":"bight","program":"Southern California Bight","resolution":7,"stations":[{"station_id":"B18-10104","station_name":"B18-10104","lat":33.72181,"lon":-118.05772,"county":"ORANGE","organization":"SCCWRP","batch_year":"2018"}]}},{"type":"Feature","geometry":{"type":"Polygon","coordinates":[[[-118.03616178562491,33.69064853595652],[-118.02828539377549,33.702525902338856],[-118.03654502203298,33.71389307972736],[-118.05268164696729,33.713381668238725],[-118.0605553317881,33.701503930121504],[-118.05229509964003,33.690137975161456],[-118.03616178562491,33.69064853595652]]]},"properties":{"h3_index":"8729a5795ffffff","station_count":6,"program_id":"bight","program":"Southern California Bight","resolution":7,"stations":[{"station_id":"6375_B08","station_name":"B08-6375","lat":33.69115,"lon":-118.0419,"county":"ORANGE","organization":"CSD","batch_year":"2008"},{"station_id":"6382_B08","station_name":"B08-6382","lat":33.70325,"lon":-118.04919,"county":"ORANGE","organization":"CSD","batch_year":"2008"},{"station_id":"B13-8298","station_name":"B13-8298 OpenwaterStation","lat":33.6974,"lon":-118.04056,"county":"ORANGE","organization":"SCCWRP","batch_year":"2013"},{"station_id":"B18-10156","station_name":"B18-10156","lat":33.69625,"lon":-118.04604,"county":"ORANGE","organization":"SCCWRP","batch_year":"2018"},{"station_id":"4161_B03","station_name":"B03_4161","lat":33.70325,"lon":-118.04919,"county":"ORANGE","organization":"CRGML","batch_year":"2003"},{"station_id":"B18-10155","station_name":"B18-10155","lat":33.703369,"lon":-118.053169,"county":"ORANGE","organization":"SCCWRP","batch_year":"2018"}]}},{"type":"Feature","geometry":{"type":"Polygon","coordinates":[[[-118.08573766362858,33.758827638385036],[-118.07786353920572,33.77070359405694],[-118.08613131775523,33.782060613550044],[-118.10227381880041,33.781540456021794],[-118.11014522722253,33.76966413337981],[-118.10187685153751,33.75830833516941],[-118.08573766362858,33.758827638385036]]]},"properties":{"h3_index":"8729a5799ffffff","station_count":7,"program_id":"bight","program":"Southern California Bight","resolution":7,"stations":[{"station_id":"4636_B03","station_name":"B03_4636","lat":33.7754,"lon":-118.10424,"county":"LOS ANGELES","organization":"CRGML","batch_year":"2003"},{"station_id":"4258_B03","station_name":"B03_4258","lat":33.75925,"lon":-118.09883,"county":"LOS ANGELES","organization":"CRGML","batch_year":"2003"},{"station_id":"4118_B03","station_name":"B03_4118","lat":33.76563,"lon":-118.10257,"county":"LOS ANGELES","organization":"CRGML","batch_year":"2003"},{"station_id":"4182_B03","station_name":"B03_4182","lat":33.7676,"lon":-118.10544,"county":"LOS ANGELES","organization":"CRGML","batch_year":"2003"},{"station_id":"B18-10149","station_name":"B18-10149","lat":33.76635,"lon":-118.10438,"county":"LOS ANGELES","organization":"SCCWRP","batch_year":"2018"},{"station_id":"6485_B08","station_name":"B08-6485","lat":33.76563,"lon":-118.10257,"county":"LOS ANGELES","organization":"NOAACOAST","batch_year":"2008"},{"station_id":"B13-8394","station_name":"B13-8394 OpenwaterStation","lat":33.76578,"lon":-118.10355,"county":"LOS ANGELES","organization":"SCCWRP","batch_year":"2013"}]}},{"type":"Feature","geometry":{"type":"Polygon","coordinates":[[[-118.06094361439892,33.72474569947548],[-118.05306835375096,33.73662236377728],[-118.06133205719438,33.74798446790752],[-118.07747162273874,33.74746868581284],[-118.08534417187333,33.735591652159655],[-118.07707986791392,33.72423076988597],[-118.06094361439892,33.72474569947548]]]},"properties":{"h3_index":"8729a579cffffff","station_count":5,"program_id":"bight","program":"Southern California Bight","resolution":7,"stations":[{"station_id":"6406_B08","station_name":"B08-6406","lat":33.72736,"lon":-118.07909,"county":"ORANGE","organization":"NOAACOAST","batch_year":"2008"},{"station_id":"B18-10152","station_name":"B18-10152","lat":33.7278,"lon":-118.07249,"county":"ORANGE","organization":"SCCWRP","batch_year":"2018"},{"station_id":"B13-8321","station_name":"B13-8321 OpenwaterStation","lat":33.72697,"lon":-118.07016,"county":"ORANGE","organization":"SCCWRP","batch_year":"2013"},{"station_id":"B13-8328","station_name":"B13-8328 OpenwaterStation","lat":33.73088,"lon":-118.08168,"county":"ORANGE","organization":"SCCWRP","batch_year":"2013"},{"station_id":"B03_SGAB 25 L","station_name":"SGAB 25 L_B03","lat":33.74472,"lon":-118.0693,"county":"ORANGE","organization":"OCSD","batch_year":"2003"}]}},{"type":"Feature","geometry":{"type":"Polygon","coordinates":[[[-118.08534417187333,33.735591652159655],[-118.07747162273874,33.74746868581284],[-118.08573766362858,33.758827638385036],[-118.10187685153751,33.75830833516941],[-118.10974668584176,33.7464309340673],[-118.10148004800409,33.73507320356296],[-118.08534417187333,33.735591652159655]]]},"properties":{"h3_index":"8729a579dffffff","station_count":7,"program_id":"bight","program":"Southern California Bight","resolution":7,"stations":[{"station_id":"5014_B03","station_name":"B03_5014","lat":33.74025,"lon":-118.08426,"county":"ORANGE","organization":"CRGML","batch_year":"2003"},{"station_id":"4520_B03","station_name":"B03_4520","lat":33.75612,"lon":-118.10125,"county":"LOS ANGELES","organization":"CSD","batch_year":"2003"},{"station_id":"B18-10151","station_name":"B18-10151","lat":33.75301,"lon":-118.10528,"county":"LOS ANGELES","organization":"SCCWRP","batch_year":"2018"},{"station_id":"6438_B08","station_name":"B08-6438","lat":33.7401,"lon":-118.08435,"county":"ORANGE","organization":"LACSD","batch_year":"2008"},{"station_id":"6451_B08","station_name":"B08-6451","lat":33.74585,"lon":-118.08255,"county":"ORANGE","organization":"CLAEMD","batch_year":"2008"},{"station_id":"B13-8378","station_name":"B13-8378 OpenwaterStation","lat":33.75299,"lon":-118.10511,"county":"LOS ANGELES","organization":"SCCWRP","batch_year":"2013"},{"station_id":"4002_B03","station_name":"B03_4002","lat":33.75502,"lon":-118.10254,"county":"LOS ANGELES","organization":"CRGML","batch_year":"2003"}]}},{"type":"Feature","geometry":{"type":"Polygon","coordinates":[[[-118.1077564422707,33.63021997281532],[-118.09989446914217,33.642102710918216],[-118.1081541628788,33.653468136781164],[-118.12427642312929,33.652949598257905],[-118.1321356839636,33.64106649219522],[-118.12387539777514,33.62970229254832],[-118.1077564422707,33.63021997281532]]]},"properties":{"h3_index":"8729a57a0ffffff","station_count":4,"program_id":"bight","program":"Southern California Bight","resolution":7,"stations":[{"station_id":"B98_124505","station_name":"124505_B98","lat":33.6368,"lon":-118.111,"county":"FEDERAL WATERS","organization":"OCSD","batch_year":"1998"},{"station_id":"SCBPP_1328","station_name":"1328_SCBPP","lat":33.6485,"lon":-118.117,"county":"FEDERAL WATERS","organization":"LACSD","batch_year":"1994"},{"station_id":"B03_B03W060","station_name":"B03W060_B03","lat":33.63683,"lon":-118.11125,"county":"FEDERAL WATERS","organization":"USC","batch_year":"2003"},{"station_id":"2397_B98","station_name":"B98_2397","lat":33.65001,"lon":-118.12609,"county":"FEDERAL WATERS","organization":"LACSD","batch_year":"1998"}]}},{"type":"Feature","geometry":{"type":"Polygon","coordinates":[[[-118.1321356839636,33.64106649219522],[-118.12427642312929,33.652949598257905],[-118.13253844443574,33.66431187993378],[-118.1486603164014,33.66378982905643],[-118.156516861639,33.651906356941154],[-118.1482542514408,33.64054530168831],[-118.1321356839636,33.64106649219522]]]},"properties":{"h3_index":"8729a57a1ffffff","station_count":11,"program_id":"bight","program":"Southern California Bight","resolution":7,"stations":[{"station_id":"4090_B03","station_name":"B03_4090","lat":33.65956,"lon":-118.13065,"county":"FEDERAL WATERS","organization":"LACSD","batch_year":"2003"},{"station_id":"B18-10258","station_name":"B18-10258","lat":33.64806,"lon":-118.14888,"county":"OOS","organization":"SCCWRP","batch_year":"2018"},{"station_id":"SCBPP_1312","station_name":"1312_SCBPP","lat":33.65978,"lon":-118.13113,"county":"FEDERAL WATERS","organization":"LACSD","batch_year":"1994"},{"station_id":"7301_B08","station_name":"B08-7301","lat":33.648,"lon":-118.1495,"county":"FEDERAL WATERS","organization":"LACSD","batch_year":"2008"},{"station_id":"SCBPP_1332","station_name":"1332_SCBPP","lat":33.64492,"lon":-118.14528,"county":"FEDERAL WATERS","organization":"TEX-AM","batch_year":"1994"},{"station_id":"B13-9221","station_name":"B13-9221 OpenwaterStation","lat":33.65956,"lon":-118.13065,"county":"LOS ANGELES","organization":"SCCWRP","batch_year":"2013"},{"station_id":"B13-9217","station_name":"B13-9217 OpenwaterStation","lat":33.648,"lon":-118.1495,"county":"LOS ANGELES","organization":"SCCWRP","batch_year":"2013"},{"station_id":"7305_B08","station_name":"B08-7305","lat":33.65956,"lon":-118.13065,"county":"FEDERAL WATERS","organization":"LACSD","batch_year":"2008"},{"station_id":"2396_B98","station_name":"B98_2396","lat":33.648,"lon":-118.1495,"county":"FEDERAL WATERS","organization":"LACSD","batch_year":"1998"},{"station_id":"B18-10225","station_name":"B18-10225","lat":33.65979,"lon":-118.130943,"county":"OOS","organization":"SCCWRP","batch_year":"2018"},{"station_id":"B03W064_B03","station_name":"B03_B03W064","lat":33.64139,"lon":-118.14287,"county":"FEDERAL WATERS","organization":"USC","batch_year":"2003"}]}},{"type":"Feature","geometry":{"type":"Polygon","coordinates":[[[-118.0837718265591,33.642617737989575],[-118.07590557229318,33.65449904669433],[-118.08416466983208,33.665865697774386],[-118.10029061876904,33.665349814865664],[-118.1081541628788,33.653468136781164],[-118.09989446914217,33.642102710918216],[-118.0837718265591,33.642617737989575]]]},"properties":{"h3_index":"8729a57a2ffffff","station_count":3,"program_id":"bight","program":"Southern California Bight","resolution":7,"stations":[{"station_id":"SCBPP_1321","station_name":"1321_SCBPP","lat":33.65322,"lon":-118.10197,"county":"FEDERAL WATERS","organization":"OCSD","batch_year":"1994"},{"station_id":"B98_124504","station_name":"124504_B98","lat":33.6516,"lon":-118.099,"county":"FEDERAL WATERS","organization":"OCSD","batch_year":"1998"},{"station_id":"B03_B03W059","station_name":"B03W059_B03","lat":33.65163,"lon":-118.0991,"county":"FEDERAL WATERS","organization":"USC","batch_year":"2003"}]}},{"type":"Feature","geometry":{"type":"Polygon","coordinates":[[[-118.1081541628788,33.653468136781164],[-118.10029061876904,33.665349814865664],[-118.10855204743856,33.67671332196798],[-118.12467761378883,33.67619392549215],[-118.13253844443574,33.66431187993378],[-118.12427642312929,33.652949598257905],[-118.1081541628788,33.653468136781164]]]},"properties":{"h3_index":"8729a57a3ffffff","station_count":2,"program_id":"bight","program":"Southern California Bight","resolution":7,"stations":[{"station_id":"SCBPP_1300","station_name":"1300_SCBPP","lat":33.6664,"lon":-118.10862,"county":"FEDERAL WATERS","organization":"OCSD","batch_year":"1994"},{"station_id":"B03_B03W181","station_name":"B03W181_B03","lat":33.6616,"lon":-118.1175,"county":"FEDERAL WATERS","organization":"MEC","batch_year":"2003"}]}},{"type":"Feature","geometry":{"type":"Polygon","coordinates":[[[-118.10735888551295,33.606968837157766],[-118.09949848273946,33.61885263158314],[-118.1077564422707,33.63021997281532],[-118.12387539777514,33.62970229254832],[-118.13173308942238,33.61781812967572],[-118.12347453762432,33.60645201545004],[-118.10735888551295,33.606968837157766]]]},"properties":{"h3_index":"8729a57a4ffffff","station_count":1,"program_id":"bight","program":"Southern California Bight","resolution":7,"stations":[{"station_id":"B98_124506","station_name":"124506_B98","lat":33.622,"lon":-118.124,"county":"FEDERAL WATERS","organization":"OCSD","batch_year":"1998"}]}},{"type":"Feature","geometry":{"type":"Polygon","coordinates":[[[-118.13173308942238,33.61781812967572],[-118.12387539777514,33.62970229254832],[-118.1321356839636,33.64106649219522],[-118.1482542514408,33.64054530168831],[-118.15610922866118,33.628660772276326],[-118.14784835376378,33.61729779984306],[-118.13173308942238,33.61781812967572]]]},"properties":{"h3_index":"8729a57a5ffffff","station_count":1,"program_id":"bight","program":"Southern California Bight","resolution":7,"stations":[{"station_id":"2398_B98","station_name":"B98_2398","lat":33.6192,"lon":-118.14307,"county":"FEDERAL WATERS","organization":"LACSD","batch_year":"1998"}]}},{"type":"Feature","geometry":{"type":"Polygon","coordinates":[[[-118.08337914515626,33.61936680251424],[-118.07551446303823,33.63124917075081],[-118.0837718265591,33.642617737989575],[-118.09989446914217,33.642102710918216],[-118.1077564422707,33.63021997281532],[-118.09949848273946,33.61885263158314],[-118.08337914515626,33.61936680251424]]]},"properties":{"h3_index":"8729a57a6ffffff","station_count":1,"program_id":"bight","program":"Southern California Bight","resolution":7,"stations":[{"station_id":"SCBPP_1355","station_name":"1355_SCBPP","lat":33.63222,"lon":-118.08635,"county":"FEDERAL WATERS","organization":"OCSD","batch_year":"1994"}]}},{"type":"Feature","geometry":{"type":"Polygon","coordinates":[[[-118.18131280885149,33.685979384499],[-118.17345741504174,33.697862159284796],[-118.18172582120428,33.70921621762143],[-118.19785020405517,33.70868627506492],[-118.20570287449502,33.69680313852693],[-118.1974338863869,33.68545030622966],[-118.18131280885149,33.685979384499]]]},"properties":{"h3_index":"8729a57a9ffffff","station_count":3,"program_id":"bight","program":"Southern California Bight","resolution":7,"stations":[{"station_id":"B03_B03W068","station_name":"B03W068_B03","lat":33.69398,"lon":-118.1905,"county":"LOS ANGELES","organization":"LACSD","batch_year":"2003"},{"station_id":"SCBPP_1256","station_name":"1256_SCBPP","lat":33.69812,"lon":-118.18613,"county":"LOS ANGELES","organization":"LACSD","batch_year":"1994"},{"station_id":"B18-10223","station_name":"B18-10223","lat":33.705139,"lon":-118.191849,"county":"LOS ANGELES","organization":"SCCWRP","batch_year":"2018"}]}},{"type":"Feature","geometry":{"type":"Polygon","coordinates":[[[-118.13294137094131,33.68755428580797],[-118.12507896985599,33.69943526717017],[-118.13334446358294,33.71079370274014],[-118.14947294858703,33.71026993203609],[-118.15733263173351,33.69838858559022],[-118.14906654874899,33.687031374864674],[-118.13294137094131,33.68755428580797]]]},"properties":{"h3_index":"8729a57aaffffff","station_count":2,"program_id":"bight","program":"Southern California Bight","resolution":7,"stations":[{"station_id":"2391_B98","station_name":"B98_2391","lat":33.70941,"lon":-118.13774,"county":"LOS ANGELES","organization":"LACSD","batch_year":"1998"},{"station_id":"B03_B03W062","station_name":"B03W062_B03","lat":33.69904,"lon":-118.12779,"county":"LOS ANGELES","organization":"USC","batch_year":"2003"}]}},{"type":"Feature","geometry":{"type":"Polygon","coordinates":[[[-118.15733263173351,33.69838858559022],[-118.14947294858703,33.71026993203609],[-118.15774076905802,33.72162521542126],[-118.173868859301,33.72109792724436],[-118.18172582120428,33.70921621762143],[-118.17345741504174,33.697862159284796],[-118.15733263173351,33.69838858559022]]]},"properties":{"h3_index":"8729a57abffffff","station_count":2,"program_id":"bight","program":"Southern California Bight","resolution":7,"stations":[{"station_id":"SCBPP_1227","station_name":"1227_SCBPP","lat":33.71783,"lon":-118.16028,"county":"LOS ANGELES","organization":"LACSD","batch_year":"1994"},{"station_id":"2392_B98","station_name":"B98_2392","lat":33.70507,"lon":-118.15527,"county":"LOS ANGELES","organization":"SCCWRP","batch_year":"1998"}]}},{"type":"Feature","geometry":{"type":"Polygon","coordinates":[[[-118.18089996669661,33.66273956335106],[-118.1730461403561,33.674623399611],[-118.18131280885149,33.685979384499],[-118.1974338863869,33.68545030622966],[-118.20528499053216,33.673566107733656],[-118.19701774026969,33.66221134967504],[-118.18089996669661,33.66273956335106]]]},"properties":{"h3_index":"8729a57adffffff","station_count":2,"program_id":"bight","program":"Southern California Bight","resolution":7,"stations":[{"station_id":"B03_B03W069","station_name":"B03W069_B03","lat":33.66752,"lon":-118.19674,"county":"FEDERAL WATERS","organization":"USC","batch_year":"2003"},{"station_id":"7313_B08","station_name":"B08-7313","lat":33.68192,"lon":-118.19304,"county":"LOS ANGELES","organization":"LACSD","batch_year":"2008"}]}},{"type":"Feature","geometry":{"type":"Polygon","coordinates":[[[-118.13253844443574,33.66431187993378],[-118.12467761378883,33.67619392549215],[-118.13294137094131,33.68755428580797],[-118.14906654874899,33.687031374864674],[-118.15692466262847,33.675148963738955],[-118.1486603164014,33.66378982905643],[-118.13253844443574,33.66431187993378]]]},"properties":{"h3_index":"8729a57aeffffff","station_count":2,"program_id":"bight","program":"Southern California Bight","resolution":7,"stations":[{"station_id":"7312_B08","station_name":"B08-7312","lat":33.67918,"lon":-118.14037,"county":"LOS ANGELES","organization":"LACSD","batch_year":"2008"},{"station_id":"B03_B03W063","station_name":"B03W063_B03","lat":33.67021,"lon":-118.13533,"county":"FEDERAL WATERS","organization":"USC","batch_year":"2003"}]}},{"type":"Feature","geometry":{"type":"Polygon","coordinates":[[[-118.03539578671396,33.64415048319667],[-118.02752254696058,33.65602998517244],[-118.03577870721779,33.667401001419016],[-118.05190871167066,33.666891291620864],[-118.05977924672443,33.65501141694209],[-118.0515224829606,33.643641624698056],[-118.03539578671396,33.64415048319667]]]},"properties":{"h3_index":"8729a57b0ffffff","station_count":8,"program_id":"bight","program":"Southern California Bight","resolution":7,"stations":[{"station_id":"B98_124002","station_name":"124002_B98","lat":33.6557,"lon":-118.043,"county":"ORANGE","organization":"OCSD","batch_year":"1998"},{"station_id":"B98_124003","station_name":"124003_B98","lat":33.6461,"lon":-118.051,"county":"ORANGE","organization":"OCSD","batch_year":"1998"},{"station_id":"SCBPP_1306","station_name":"1306_SCBPP","lat":33.665,"lon":-118.04593,"county":"ORANGE","organization":"OCSD","batch_year":"1994"},{"station_id":"B13-9219","station_name":"B13-9219 OpenwaterStation","lat":33.6545,"lon":-118.05838,"county":"ORANGE","organization":"SCCWRP","batch_year":"2013"},{"station_id":"B98_124001","station_name":"124001_B98","lat":33.6653,"lon":-118.035,"county":"ORANGE","organization":"OCSD","batch_year":"1998"},{"station_id":"B03W052_B03","station_name":"B03_B03W052","lat":33.6557,"lon":-118.04322,"county":"ORANGE","organization":"USC","batch_year":"2003"},{"station_id":"B03_B03W051","station_name":"B03W051_B03","lat":33.66533,"lon":-118.03505,"county":"ORANGE","organization":"MEC","batch_year":"2003"},{"station_id":"B03W053_B03","station_name":"B03_B03W053","lat":33.64608,"lon":-118.0512,"county":"ORANGE","organization":"USC","batch_year":"2003"}]}},{"type":"Feature","geometry":{"type":"Polygon","coordinates":[[[-118.05977924672443,33.65501141694209],[-118.05190871167066,33.666891291620864],[-118.06016720926293,33.67825916691774],[-118.07629684279095,33.67774594325238],[-118.08416466983208,33.665865697774386],[-118.07590557229318,33.65449904669433],[-118.05977924672443,33.65501141694209]]]},"properties":{"h3_index":"8729a57b1ffffff","station_count":1,"program_id":"bight","program":"Southern California Bight","resolution":7,"stations":[{"station_id":"SCBPP_1287","station_name":"1287_SCBPP","lat":33.67783,"lon":-118.067,"county":"ORANGE","organization":"TEX-AM","batch_year":"1994"}]}},{"type":"Feature","geometry":{"type":"Polygon","coordinates":[[[-118.03577870721779,33.667401001419016],[-118.02790389173119,33.67927943744456],[-118.03616178562491,33.69064853595652],[-118.05229509964003,33.690137975161456],[-118.06016720926293,33.67825916691774],[-118.05190871167066,33.666891291620864],[-118.03577870721779,33.667401001419016]]]},"properties":{"h3_index":"8729a57b3ffffff","station_count":3,"program_id":"bight","program":"Southern California Bight","resolution":7,"stations":[{"station_id":"6372_B08","station_name":"B08-6372","lat":33.68706,"lon":-118.03397,"county":"ORANGE","organization":"CSD","batch_year":"2008"},{"station_id":"B13-8295","station_name":"B13-8295 OpenwaterStation","lat":33.6865,"lon":-118.03631,"county":"ORANGE","organization":"SCCWRP","batch_year":"2013"},{"station_id":"2395_B98","station_name":"B98_2395","lat":33.67262,"lon":-118.05404,"county":"ORANGE","organization":"LACSD","batch_year":"1998"}]}},{"type":"Feature","geometry":{"type":"Polygon","coordinates":[[[-118.05939144407377,33.63176068727823],[-118.0515224829606,33.643641624698056],[-118.05977924672443,33.65501141694209],[-118.07590557229318,33.65449904669433],[-118.0837718265591,33.642617737989575],[-118.07551446303823,33.63124917075081],[-118.05939144407377,33.63176068727823]]]},"properties":{"h3_index":"8729a57b5ffffff","station_count":4,"program_id":"bight","program":"Southern California Bight","resolution":7,"stations":[{"station_id":"B18-10226","station_name":"B18-10226","lat":33.6436,"lon":-118.078758,"county":"OOS","organization":"SCCWRP","batch_year":"2018"},{"station_id":"7300_B08","station_name":"B08-7300","lat":33.643,"lon":-118.07835,"county":"FEDERAL WATERS","organization":"OCSD","batch_year":"2008"},{"station_id":"B13-9214","station_name":"B13-9214 OpenwaterStation","lat":33.643,"lon":-118.07835,"county":"ORANGE","organization":"SCCWRP","batch_year":"2013"},{"station_id":"4058_B03","station_name":"B03_4058","lat":33.643,"lon":-118.07835,"county":"FEDERAL WATERS","organization":"OCSD","batch_year":"2003"}]}},{"type":"Feature","geometry":{"type":"Polygon","coordinates":[[[-118.01101429839476,33.63328290027447],[-118.00313835725706,33.64516202764414],[-118.01139217753942,33.656536182019074],[-118.02752254696058,33.65602998517244],[-118.03539578671396,33.64415048319667],[-118.0271413593665,33.6327775526075],[-118.01101429839476,33.63328290027447]]]},"properties":{"h3_index":"8729a57b6ffffff","station_count":1,"program_id":"bight","program":"Southern California Bight","resolution":7,"stations":[{"station_id":"SCBPP_1348","station_name":"1348_SCBPP","lat":33.63553,"lon":-118.01522,"county":"ORANGE","organization":"OCSD","batch_year":"1994"}]}},{"type":"Feature","geometry":{"type":"Polygon","coordinates":[[[-117.90603001156869,33.100523075488894],[-117.89817636446432,33.11242215997855],[-117.90638465575651,33.123848045789686],[-117.92244721212028,33.123373607435944],[-117.9302981951882,33.11147413012907],[-117.92208928685422,33.10004948392709],[-117.90603001156869,33.100523075488894]]]},"properties":{"h3_index":"8729a5c84ffffff","station_count":1,"program_id":"bight","program":"Southern California Bight","resolution":7,"stations":[{"station_id":"4220_B03","station_name":"B03_4220","lat":33.10826,"lon":-117.90126,"county":"FEDERAL WATERS","organization":"CSD","batch_year":"2003"}]}},{"type":"Feature","geometry":{"type":"Polygon","coordinates":[[[-118.07633844611486,33.2003492324114],[-118.06850195581066,33.2122500375435],[-118.0767282308733,33.223652512218365],[-118.092791589816,33.2231529413335],[-118.10062539200287,33.211251757313626],[-118.09239852428803,33.19985052299862],[-118.07633844611486,33.2003492324114]]]},"properties":{"h3_index":"8729a5cc0ffffff","station_count":1,"program_id":"bight","program":"Southern California Bight","resolution":7,"stations":[{"station_id":"7155_B08","station_name":"B08-7155","lat":33.2098,"lon":-118.08101,"county":"FEDERAL WATERS","organization":"OCSD","batch_year":"2008"}]}},{"type":"Feature","geometry":{"type":"Polygon","coordinates":[[[-118.07750828073749,33.27025052309741],[-118.069667105812,33.28214833921944],[-118.0778985460405,33.293545239801205],[-118.09397175532989,33.29304308624414],[-118.10181023867604,33.28114489277232],[-118.09357820523746,33.2697492301397],[-118.07750828073749,33.27025052309741]]]},"properties":{"h3_index":"8729a5cd9ffffff","station_count":4,"program_id":"bight","program":"Southern California Bight","resolution":7,"stations":[{"station_id":"7168_B08","station_name":"B08-7168","lat":33.27417,"lon":-118.08588,"county":"FEDERAL WATERS","organization":"OCSD","batch_year":"2008"},{"station_id":"B13-9132","station_name":"B13-9132 OpenwaterStation","lat":33.27417,"lon":-118.08588,"county":"ORANGE","organization":"SCCWRP","batch_year":"2013"},{"station_id":"4216_B03","station_name":"B03_4216","lat":33.27417,"lon":-118.08588,"county":"FEDERAL WATERS","organization":"CSD","batch_year":"2003"},{"station_id":"B18-10373","station_name":"B18-10373","lat":33.274109,"lon":-118.086327,"county":"OOS","organization":"SCCWRP","batch_year":"2018"}]}},{"type":"Feature","geometry":{"type":"Polygon","coordinates":[[[-119.82000828699309,34.41929482739515],[-119.81234105346061,34.4311964931653],[-119.82076069992297,34.44233113495062],[-119.83684792092872,34.44156287789358],[-119.84451221410164,34.42966098005838],[-119.83609222753347,34.418527571261585],[-119.82000828699309,34.41929482739515]]]},"properties":{"h3_index":"8729ac905ffffff","station_count":1,"program_id":"bight","program":"Southern California Bight","resolution":7,"stations":[{"station_id":"6562_B08","station_name":"B08-6562","lat":34.42176,"lon":-119.82931,"county":"SANTA BARBARA","organization":"NOAACOAST","batch_year":"2008"}]}},{"type":"Feature","geometry":{"type":"Polygon","coordinates":[[[-119.81850439208142,34.37321263787074],[-119.81084012803622,34.385116492072505],[-119.81925618444315,34.39625532610183],[-119.83533684585005,34.39548907125466],[-119.84299817214365,34.38358498411042],[-119.83458177568592,34.372447384672114],[-119.81850439208142,34.37321263787074]]]},"properties":{"h3_index":"8729ac920ffffff","station_count":1,"program_id":"bight","program":"Southern California Bight","resolution":7,"stations":[{"station_id":"SCBPP_0232","station_name":"0232_SCBPP","lat":34.38673,"lon":-119.8142,"county":"SANTA BARBARA","organization":"SCCWRP","batch_year":"1994"}]}},{"type":"Feature","geometry":{"type":"Polygon","coordinates":[[[-119.84299817214365,34.38358498411042],[-119.83533684585005,34.39548907125466],[-119.84375503698213,34.40662457698171],[-119.85983489171568,34.40585476085992],[-119.86749327712734,34.39395044272199],[-119.85907474959086,34.38281617161561],[-119.84299817214365,34.38358498411042]]]},"properties":{"h3_index":"8729ac921ffffff","station_count":2,"program_id":"bight","program":"Southern California Bight","resolution":7,"stations":[{"station_id":"B13-9465","station_name":"B13-9465 OpenwaterStation","lat":34.39505,"lon":-119.85862,"county":"SANTA BARBARA","organization":"SCCWRP","batch_year":"2013"},{"station_id":"4119_B03","station_name":"B03_4119","lat":34.39993,"lon":-119.84333,"county":"SANTA BARBARA","organization":"CRGML","batch_year":"2003"}]}},{"type":"Feature","geometry":{"type":"Polygon","coordinates":[[[-119.79475866594656,34.38587918614625],[-119.78708998152253,34.39778171347261],[-119.7955056942034,34.40892178125929],[-119.81159043593935,34.40815808787877],[-119.81925618444315,34.39625532610183],[-119.81084012803622,34.385116492072505],[-119.79475866594656,34.38587918614625]]]},"properties":{"h3_index":"8729ac922ffffff","station_count":3,"program_id":"bight","program":"Southern California Bight","resolution":7,"stations":[{"station_id":"4055_B03","station_name":"B03_4055","lat":34.40395,"lon":-119.81211,"county":"SANTA BARBARA","organization":"CRGML","batch_year":"2003"},{"station_id":"4215_B03","station_name":"B03_4215","lat":34.40245,"lon":-119.81198,"county":"SANTA BARBARA","organization":"CRGML","batch_year":"2003"},{"station_id":"2268_B98","station_name":"B98_2268","lat":34.4001,"lon":-119.8106,"county":"SANTA BARBARA","organization":"CLAEMD","batch_year":"1998"}]}},{"type":"Feature","geometry":{"type":"Polygon","coordinates":[[[-119.81925618444315,34.39625532610183],[-119.81159043593935,34.40815808787877],[-119.82000828699309,34.41929482739515],[-119.83609222753347,34.418527571261585],[-119.84375503698213,34.40662457698171],[-119.83533684585005,34.39548907125466],[-119.81925618444315,34.39625532610183]]]},"properties":{"h3_index":"8729ac923ffffff","station_count":7,"program_id":"bight","program":"Southern California Bight","resolution":7,"stations":[{"station_id":"2266_B98","station_name":"B98_2266","lat":34.3982,"lon":-119.8214,"county":"SANTA BARBARA","organization":"CLAEMD","batch_year":"1998"},{"station_id":"2301_B98","station_name":"B98_2301","lat":34.401,"lon":-119.8328,"county":"SANTA BARBARA","organization":"CAS","batch_year":"1998"},{"station_id":"4183_B03","station_name":"B03_4183","lat":34.39989,"lon":-119.83052,"county":"SANTA BARBARA","organization":"CRGML","batch_year":"2003"},{"station_id":"7741_B08","station_name":"B08-7741","lat":34.401,"lon":-119.8328,"county":"SANTA BARBARA","organization":"CSD","batch_year":"2008"},{"station_id":"2267_B98","station_name":"B98_2267","lat":34.4057,"lon":-119.8254,"county":"SANTA BARBARA","organization":"CSD","batch_year":"1998"},{"station_id":"B13-9470","station_name":"B13-9470 OpenwaterStation","lat":34.401,"lon":-119.8328,"county":"SANTA BARBARA","organization":"SCCWRP","batch_year":"2013"},{"station_id":"B18-10243","station_name":"B18-10243","lat":34.40081,"lon":-119.83277,"county":"SANTA BARBARA","organization":"SCCWRP","batch_year":"2018"}]}},{"type":"Feature","geometry":{"type":"Polygon","coordinates":[[[-119.81775290971632,34.350166769507936],[-119.81009012955997,34.36207171254997],[-119.81850439208142,34.37321263787074],[-119.83458177568592,34.372447384672114],[-119.84224161939333,34.36054220824646],[-119.83382701684864,34.3494025183193],[-119.81775290971632,34.350166769507936]]]},"properties":{"h3_index":"8729ac924ffffff","station_count":1,"program_id":"bight","program":"Southern California Bight","resolution":7,"stations":[{"station_id":"B18-10244","station_name":"B18-10244","lat":34.3591,"lon":-119.82501,"county":"SANTA BARBARA","organization":"SCCWRP","batch_year":"2018"}]}},{"type":"Feature","geometry":{"type":"Polygon","coordinates":[[[-119.84224161939333,34.36054220824646],[-119.83458177568592,34.372447384672114],[-119.84299817214365,34.38358498411042],[-119.85907474959086,34.38281617161561],[-119.8667316537209,34.370910763755745],[-119.85831492088404,34.35977439974091],[-119.84224161939333,34.36054220824646]]]},"properties":{"h3_index":"8729ac925ffffff","station_count":1,"program_id":"bight","program":"Southern California Bight","resolution":7,"stations":[{"station_id":"B13-9456","station_name":"B13-9456 OpenwaterStation","lat":34.36084,"lon":-119.84922,"county":"SANTA BARBARA","organization":"SCCWRP","batch_year":"2013"}]}},{"type":"Feature","geometry":{"type":"Polygon","coordinates":[[[-119.79401194578512,34.362833406955616],[-119.78634474712138,34.37473702626663],[-119.79475866594656,34.38587918614625],[-119.81084012803622,34.385116492072505],[-119.81850439208142,34.37321263787074],[-119.81009012955997,34.36207171254997],[-119.79401194578512,34.362833406955616]]]},"properties":{"h3_index":"8729ac926ffffff","station_count":1,"program_id":"bight","program":"Southern California Bight","resolution":7,"stations":[{"station_id":"4311_B03","station_name":"B03_4311","lat":34.37571,"lon":-119.79339,"county":"SANTA BARBARA","organization":"USC","batch_year":"2003"}]}},{"type":"Feature","geometry":{"type":"Polygon","coordinates":[[[-119.86749327712734,34.39395044272199],[-119.85983489171568,34.40585476085992],[-119.86825521471351,34.41698693583795],[-119.88433425678303,34.416213557946065],[-119.89198969818518,34.404309010763725],[-119.88356904243032,34.3931780704335],[-119.86749327712734,34.39395044272199]]]},"properties":{"h3_index":"8729ac92cffffff","station_count":6,"program_id":"bight","program":"Southern California Bight","resolution":7,"stations":[{"station_id":"2359_B98","station_name":"B98_2359","lat":34.39839,"lon":-119.86476,"county":"SANTA BARBARA","organization":"OCSD","batch_year":"1998"},{"station_id":"7735_B08","station_name":"B08-7735","lat":34.39839,"lon":-119.86476,"county":"SANTA BARBARA","organization":"CSD","batch_year":"2008"},{"station_id":"B13-9468","station_name":"B13-9468 OpenwaterStation","lat":34.39975,"lon":-119.87481,"county":"SANTA BARBARA","organization":"SCCWRP","batch_year":"2013"},{"station_id":"2360_B98","station_name":"B98_2360","lat":34.394,"lon":-119.87538,"county":"SANTA BARBARA","organization":"CSD","batch_year":"1998"},{"station_id":"B18-10206","station_name":"B18-10206","lat":34.39825,"lon":-119.86523,"county":"SANTA BARBARA","organization":"SCCWRP","batch_year":"2018"},{"station_id":"B13-9467","station_name":"B13-9467 OpenwaterStation","lat":34.39839,"lon":-119.86476,"county":"SANTA BARBARA","organization":"SCCWRP","batch_year":"2013"}]}},{"type":"Feature","geometry":{"type":"Polygon","coordinates":[[[-119.89198969818518,34.404309010763725],[-119.88433425678303,34.416213557946065],[-119.89275670878445,34.42734239973352],[-119.90883493219917,34.426565459581845],[-119.91648742646694,34.41466068530483],[-119.9080646453568,34.40353307818978],[-119.89198969818518,34.404309010763725]]]},"properties":{"h3_index":"8729ac92dffffff","station_count":1,"program_id":"bight","program":"Southern California Bight","resolution":7,"stations":[{"station_id":"B18-10838","station_name":"B18-10838","lat":34.4126,"lon":-119.89586,"county":"SANTA BARBARA","organization":"SCCWRP","batch_year":"2018"}]}},{"type":"Feature","geometry":{"type":"Polygon","coordinates":[[[-119.77100444458519,34.39854184460495],[-119.7633313397466,34.41044304040465],[-119.77174670502262,34.42158434111371],[-119.7878355234481,34.42082321301744],[-119.7955056942034,34.40892178125929],[-119.78708998152253,34.39778171347261],[-119.77100444458519,34.39854184460495]]]},"properties":{"h3_index":"8729ac931ffffff","station_count":1,"program_id":"bight","program":"Southern California Bight","resolution":7,"stations":[{"station_id":"SCBPP_0161","station_name":"0161_SCBPP","lat":34.40383,"lon":-119.78115,"county":"SANTA BARBARA","organization":"SCCWRP","batch_year":"1994"}]}},{"type":"Feature","geometry":{"type":"Polygon","coordinates":[[[-119.77026249033945,34.37549616007385],[-119.76259087313281,34.38739845100253],[-119.77100444458519,34.39854184460495],[-119.78708998152253,34.39778171347261],[-119.79475866594656,34.38587918614625],[-119.78634474712138,34.37473702626663],[-119.77026249033945,34.37549616007385]]]},"properties":{"h3_index":"8729ac935ffffff","station_count":1,"program_id":"bight","program":"Southern California Bight","resolution":7,"stations":[{"station_id":"SCBPP_0228","station_name":"0228_SCBPP","lat":34.38837,"lon":-119.7885,"county":"SANTA BARBARA","organization":"SCCWRP","batch_year":"1994"}]}},{"type":"Feature","geometry":{"type":"Polygon","coordinates":[[[-119.98920138555351,34.422650190120656],[-119.981559226142,34.434556725892975],[-119.98998836611099,34.4456743187808],[-120.00605998088582,34.44488414026158],[-120.01369918200662,34.43297738476191],[-120.00526972754324,34.42186102742352],[-119.98920138555351,34.422650190120656]]]},"properties":{"h3_index":"8729ac964ffffff","station_count":1,"program_id":"bight","program":"Southern California Bight","resolution":7,"stations":[{"station_id":"SCBPP_0060","station_name":"0060_SCBPP","lat":34.4361,"lon":-120.00448,"county":"SANTA BARBARA","organization":"SCCWRP","batch_year":"1994"}]}},{"type":"Feature","geometry":{"type":"Polygon","coordinates":[[[-120.01369918200662,34.43297738476191],[-120.00605998088582,34.44488414026158],[-120.01449123472955,34.45599839023052],[-120.03056200143715,34.45520464905271],[-120.03819824115799,34.44329767577852],[-120.02976667647057,34.43218466137114],[-120.01369918200662,34.43297738476191]]]},"properties":{"h3_index":"8729ac965ffffff","station_count":1,"program_id":"bight","program":"Southern California Bight","resolution":7,"stations":[{"station_id":"SCBPP_0016","station_name":"0016_SCBPP","lat":34.4527,"lon":-120.02815,"county":"SANTA BARBARA","organization":"TEX-AM","batch_year":"1994"}]}}]}