{"type":"FeatureCollection","features":[{"type":"Feature","geometry":{"type":"Polygon","coordinates":[[[-123.55458939799574,40.78251194218338],[-123.54705334551495,40.79408703939522],[-123.55618756836478,40.804131235670845],[-123.5728576012048,40.802599282011],[-123.5803899350755,40.791024258956476],[-123.57125595564612,40.78098111529051],[-123.55458939799574,40.78251194218338]]]},"properties":{"h3_index":"872802002ffffff","station_count":1,"program_id":"klamath_basin","program":"Klamath Basin","resolution":7,"stations":[{"station_id":"623","station_name":"Above Surprise Crk","lat":40.783861,"lon":-123.560713,"waterbody":"Trinity River","subbasin":"Trinity","organization":"U.S. Forest Service"}]}},{"type":"Feature","geometry":{"type":"Polygon","coordinates":[[[-123.57398192592129,40.7045156156609],[-123.56645515623816,40.716097935411796],[-123.57558289360367,40.72614993784554],[-123.59223715537286,40.724618565876696],[-123.59976021056612,40.71303632231577],[-123.59063271940681,40.70298537441981],[-123.57398192592129,40.7045156156609]]]},"properties":{"h3_index":"872802026ffffff","station_count":1,"program_id":"klamath_basin","program":"Klamath Basin","resolution":7,"stations":[{"station_id":"398","station_name":"Grouse Creek at Stringer Bridge","lat":40.716552,"lon":-123.572868,"waterbody":"Grouse Creek","subbasin":"Scott","organization":"U.S. Forest Service"}]}},{"type":"Feature","geometry":{"type":"Polygon","coordinates":[[[-123.42872778459257,40.78310578264972],[-123.42117037836303,40.79467755827938],[-123.4302995110132,40.80473588363125],[-123.4469858280644,40.80322137993695],[-123.4545395273929,40.791649669135985],[-123.44541061750701,40.78159239708746],[-123.42872778459257,40.78310578264972]]]},"properties":{"h3_index":"8728020a4ffffff","station_count":1,"program_id":"klamath_basin","program":"Klamath Basin","resolution":7,"stations":[{"station_id":"953","station_name":"Trinity River near Burnt Ranch","lat":40.7887,"lon":-123.440002,"waterbody":"Trinity River","subbasin":"Trinity","organization":"U.S. Geological Survey"}]}},{"type":"Feature","geometry":{"type":"Polygon","coordinates":[[[-123.4545395273929,40.791649669135985],[-123.4469858280644,40.80322137993695],[-123.45611681952805,40.81327569820354],[-123.47280128421079,40.81175725261472],[-123.48035127357032,40.80018560848723],[-123.47122050915087,40.79013234316176],[-123.4545395273929,40.791649669135985]]]},"properties":{"h3_index":"8728020a5ffffff","station_count":1,"program_id":"klamath_basin","program":"Klamath Basin","resolution":7,"stations":[{"station_id":"322","station_name":"Trinity River at Burnt Ranch Transfer Station","lat":40.79778,"lon":-123.45778,"waterbody":"Trinity River","subbasin":"Trinity","organization":"U.S. Fish and Wildlife Service"}]}},{"type":"Feature","geometry":{"type":"Polygon","coordinates":[[[-123.48351767066188,40.84342472358975],[-123.47596487998085,40.85499269276821],[-123.48510189365233,40.865037086467346],[-123.50179146689027,40.86351245943384],[-123.50934054095886,40.85194455866871],[-123.50020375933688,40.84190121641008],[-123.48351767066188,40.84342472358975]]]},"properties":{"h3_index":"8728020a8ffffff","station_count":1,"program_id":"klamath_basin","program":"Klamath Basin","resolution":7,"stations":[{"station_id":"1909","station_name":"Grays Falls","lat":40.854737,"lon":-123.483923,"waterbody":"Trinity River","subbasin":"Trinity","organization":"U.S. Forest Service"}]}},{"type":"Feature","geometry":{"type":"Polygon","coordinates":[[[-123.45927344516423,40.85651337572745],[-123.45171553774469,40.868079570027284],[-123.46085277954127,40.878125014966514],[-123.47754770156874,40.87660321425226],[-123.48510189365233,40.865037086467346],[-123.47596487998085,40.85499269276821],[-123.45927344516423,40.85651337572745]]]},"properties":{"h3_index":"8728020aaffffff","station_count":1,"program_id":"klamath_basin","program":"Klamath Basin","resolution":7,"stations":[{"station_id":"1894","station_name":"New R Low","lat":40.863803,"lon":-123.45585,"waterbody":"New River","subbasin":"Trinity","organization":"U.S. Forest Service"}]}},{"type":"Feature","geometry":{"type":"Polygon","coordinates":[[[-123.45769479197257,40.834896935271495],[-123.45013828774584,40.84646497101947],[-123.45927344516423,40.85651337572745],[-123.47596487998085,40.85499269276821],[-123.48351767066188,40.84342472358975],[-123.47438274100787,40.83337737068754],[-123.45769479197257,40.834896935271495]]]},"properties":{"h3_index":"8728020aeffffff","station_count":1,"program_id":"klamath_basin","program":"Klamath Basin","resolution":7,"stations":[{"station_id":"1900","station_name":"New R Low","lat":40.845946,"lon":-123.479867,"waterbody":"New River","subbasin":"Trinity","organization":"U.S. Forest Service"}]}},{"type":"Feature","geometry":{"type":"Polygon","coordinates":[[[-123.61585654804173,40.92912341512656],[-123.60831958566003,40.94068733897239],[-123.61747000133722,40.950705723363974],[-123.63415712610175,40.94915913535201],[-123.64169035300306,40.93759528902462],[-123.63254019155139,40.92757795307606],[-123.61585654804173,40.92912341512656]]]},"properties":{"h3_index":"8728020c1ffffff","station_count":2,"program_id":"klamath_basin","program":"Klamath Basin","resolution":7,"stations":[{"station_id":"1910","station_name":"Kimtu","lat":40.948072,"lon":-123.617505,"waterbody":"Trinity River","subbasin":"Trinity","organization":"U.S. Forest Service"},{"station_id":"1912","station_name":"Willow Cr","lat":40.943588,"lon":-123.632352,"waterbody":"Willow Creek","subbasin":"Trinity","organization":"U.S. Forest Service"}]}},{"type":"Feature","geometry":{"type":"Polygon","coordinates":[[[-123.64169035300306,40.93759528902462],[-123.63415712610175,40.94915913535201],[-123.64330937682959,40.95917349965913],[-123.65999459687467,40.957622969461944],[-123.66752408525274,40.946059202497274],[-123.65837209303918,40.93604588625217],[-123.64169035300306,40.93759528902462]]]},"properties":{"h3_index":"8728020ccffffff","station_count":1,"program_id":"klamath_basin","program":"Klamath Basin","resolution":7,"stations":[{"station_id":"1913","station_name":"Willow Cr","lat":40.94403,"lon":-123.639282,"waterbody":"Willow Creek","subbasin":"Trinity","organization":"U.S. Forest Service"}]}},{"type":"Feature","geometry":{"type":"Polygon","coordinates":[[[-123.59484840922877,40.985388333850295],[-123.58730352733005,40.99694678648976],[-123.59645837431641,41.006960271637794],[-123.61315785307174,41.00541425689902],[-123.62069899712985,40.99385587974534],[-123.61154440120704,40.98384344172991],[-123.59484840922877,40.985388333850295]]]},"properties":{"h3_index":"8728020d9ffffff","station_count":4,"program_id":"klamath_basin","program":"Klamath Basin","resolution":7,"stations":[{"station_id":"576","station_name":"Cedar Creek at mouth","lat":41.004161,"lon":-123.60273,"waterbody":"Cedar Creek","subbasin":"Trinity","organization":"U.S. Forest Service"},{"station_id":"1899","station_name":"Horse Linto Cr","lat":41.005185,"lon":-123.607078,"waterbody":"Horse Linto Creek","subbasin":"Trinity","organization":"U.S. Forest Service"},{"station_id":"648","station_name":"Horse Linto Creek above Cedar confluence","lat":41.004519,"lon":-123.603072,"waterbody":"Horse Linto Creek","subbasin":"Trinity","organization":"U.S. Forest Service"},{"station_id":"645","station_name":"Horse Linto Creek below Cedar","lat":41.003497,"lon":-123.606069,"waterbody":"Horse Linto Creek","subbasin":"Trinity","organization":"U.S. Forest Service"}]}},{"type":"Feature","geometry":{"type":"Polygon","coordinates":[[[-123.61102036118578,40.864347625015746],[-123.60348757608172,40.87591707219213],[-123.61263172841325,40.885944361377405],[-123.6293084136845,40.884401153127065],[-123.63683746870942,40.87283178364392],[-123.62769356947176,40.86280554460335],[-123.61102036118578,40.864347625015746]]]},"properties":{"h3_index":"8728020e0ffffff","station_count":4,"program_id":"klamath_basin","program":"Klamath Basin","resolution":7,"stations":[{"station_id":"368","station_name":"Madden Creek at bridge","lat":40.874444,"lon":-123.620305,"waterbody":"Madden Creek","subbasin":"Trinity","organization":"U.S. Forest Service"},{"station_id":"1903","station_name":"SF Trinity ds Madden","lat":40.880016,"lon":-123.608259,"waterbody":"South Fork Trinity River","subbasin":"Trinity","organization":"U.S. Forest Service"},{"station_id":"1904","station_name":"SF Trinity ds Madden","lat":40.880817,"lon":-123.611682,"waterbody":"South Fork Trinity River","subbasin":"Trinity","organization":"U.S. Forest Service"},{"station_id":"646","station_name":"SF Trinity River above Madden Creek","lat":40.876736,"lon":-123.612249,"waterbody":"South Fork Trinity River","subbasin":"Trinity","organization":"U.S. Forest Service"}]}},{"type":"Feature","geometry":{"type":"Polygon","coordinates":[[[-123.58680899659049,40.87745634183498],[-123.57927109071473,40.88902402629429],[-123.58841549223334,40.89905236543365],[-123.6050975513717,40.89751197004523],[-123.61263172841325,40.885944361377405],[-123.60348757608172,40.87591707219213],[-123.58680899659049,40.87745634183498]]]},"properties":{"h3_index":"8728020e2ffffff","station_count":4,"program_id":"klamath_basin","program":"Klamath Basin","resolution":7,"stations":[{"station_id":"477","station_name":"South Fork Trinity River near mouth","lat":40.889434,"lon":-123.602214,"waterbody":"South Fork Trinity River","subbasin":"Trinity","organization":"U.S. Fish and Wildlife Service"},{"station_id":"413","station_name":"Trinity River above South Fork","lat":40.88981,"lon":-123.602038,"waterbody":"Trinity River","subbasin":"Trinity","organization":"U.S. Fish and Wildlife Service"},{"station_id":"559","station_name":"Mouth of Trinity","lat":40.889052,"lon":-123.601886,"waterbody":"Trinity River","subbasin":"Trinity","organization":"U.S. Forest Service"},{"station_id":"1911","station_name":"Salyer","lat":40.891973,"lon":-123.585246,"waterbody":"Trinity River","subbasin":"Trinity","organization":"U.S. Forest Service"}]}},{"type":"Feature","geometry":{"type":"Polygon","coordinates":[[[-123.68847146133245,40.889776245254474],[-123.6809498755746,40.90134545381261],[-123.69009951685555,40.91136069232035],[-123.70677047888674,40.90980567315844],[-123.71428832546586,40.89823654783264],[-123.70513895011919,40.888222358321336],[-123.68847146133245,40.889776245254474]]]},"properties":{"h3_index":"8728020edffffff","station_count":2,"program_id":"klamath_basin","program":"Klamath Basin","resolution":7,"stations":[{"station_id":"558","station_name":"EF Willow Creek","lat":40.906172,"lon":-123.706366,"waterbody":"East Fork Willow Creek","subbasin":"Trinity","organization":"U.S. Forest Service"},{"station_id":"540","station_name":"Willow Creek mile above mouth","lat":40.907048,"lon":-123.706587,"waterbody":"Willow Creek","subbasin":"Trinity","organization":"U.S. Forest Service"}]}},{"type":"Feature","geometry":{"type":"Polygon","coordinates":[[[-123.56258714288833,40.89056048079669],[-123.55504411520536,40.90212639797643],[-123.56418876199884,40.9121557868786],[-123.58087619213299,40.91061820872393],[-123.58841549223334,40.89905236543365],[-123.57927109071473,40.88902402629429],[-123.56258714288833,40.89056048079669]]]},"properties":{"h3_index":"8728020f1ffffff","station_count":1,"program_id":"klamath_basin","program":"Klamath Basin","resolution":7,"stations":[{"station_id":"570","station_name":"Sharber-Peckham Creek at road crossing","lat":40.896244,"lon":-123.561128,"waterbody":"Sharber-Peckham Creek","subbasin":"Trinity","organization":"U.S. Forest Service"}]}},{"type":"Feature","geometry":{"type":"Polygon","coordinates":[[[-123.49348024784429,40.63559853225852],[-123.48594514278754,40.64718470228622],[-123.4950632050658,40.657254600140206],[-123.51171614063476,40.65573727104545],[-123.51924754388396,40.64415117173754],[-123.51012971430029,40.63408233069138],[-123.49348024784429,40.63559853225852]]]},"properties":{"h3_index":"872802110ffffff","station_count":1,"program_id":"klamath_basin","program":"Klamath Basin","resolution":7,"stations":[{"station_id":"959","station_name":"South Fork Trinity River below Hyampom","lat":40.649799,"lon":-123.494003,"waterbody":"South Fork Trinity River","subbasin":"Trinity","organization":"U.S. Geological Survey"}]}},{"type":"Feature","geometry":{"type":"Polygon","coordinates":[[[-123.46771293941846,40.627037968428496],[-123.46017413559944,40.63862420732572],[-123.46929035103787,40.6486981028976],[-123.48594514278754,40.64718470228622],[-123.49348024784429,40.63559853225852],[-123.4843642608431,40.62552569385965],[-123.46771293941846,40.627037968428496]]]},"properties":{"h3_index":"872802116ffffff","station_count":1,"program_id":"klamath_basin","program":"Klamath Basin","resolution":7,"stations":[{"station_id":"723","station_name":"Crystal Side Channel (SFTR)","lat":40.63132,"lon":-123.477589,"waterbody":"South Fork Trinity River","subbasin":"Trinity","organization":"The Watershed Research and Training Center"}]}},{"type":"Feature","geometry":{"type":"Polygon","coordinates":[[[-123.78240107363014,41.13063749209655],[-123.77487688164457,41.142187947581135],[-123.78405292209582,41.152161291517515],[-123.80075287273823,41.15058313766882],[-123.80827329833745,41.13903277027838],[-123.79909754060972,41.129060468526184],[-123.78240107363014,41.13063749209655]]]},"properties":{"h3_index":"872802280ffffff","station_count":1,"program_id":"klamath_basin","program":"Klamath Basin","resolution":7,"stations":[{"station_id":"1485","station_name":"Lower Pine Creek","lat":41.14681,"lon":-123.78519,"waterbody":"Pine Creek","subbasin":"Trinity","organization":"Hoopa Tribe"}]}},{"type":"Feature","geometry":{"type":"Polygon","coordinates":[[[-123.80827329833745,41.13903277027838],[-123.80075287273823,41.15058313766882],[-123.80993072961832,41.16055244585215],[-123.82662872599641,41.15897034474234],[-123.83414538218248,41.14742006728768],[-123.82496781233168,41.13745180089055],[-123.80827329833745,41.13903277027838]]]},"properties":{"h3_index":"872802281ffffff","station_count":1,"program_id":"klamath_basin","program":"Klamath Basin","resolution":7,"stations":[{"station_id":"902","station_name":"french camp spring","lat":41.151542,"lon":-123.821533,"waterbody":"Pine Creek","subbasin":"Lower Klamath","organization":"Yurok Tribal Environmental Department"}]}},{"type":"Feature","geometry":{"type":"Polygon","coordinates":[[[-123.75817498353065,41.14376215329746],[-123.75064564043556,41.15531083103301],[-123.75982195969905,41.16528521699261],[-123.77652734417596,41.16370988307726],[-123.78405292209582,41.152161291517515],[-123.77487688164457,41.142187947581135],[-123.75817498353065,41.14376215329746]]]},"properties":{"h3_index":"872802282ffffff","station_count":1,"program_id":"klamath_basin","program":"Klamath Basin","resolution":7,"stations":[{"station_id":"104","station_name":"Pine Creek","lat":41.15,"lon":-123.78,"waterbody":"Pine Creek","subbasin":"Trinity","organization":"Hoopa Tribe"}]}},{"type":"Feature","geometry":{"type":"Polygon","coordinates":[[[-123.81158887688154,41.18206726208743],[-123.80406568257607,41.193613899227934],[-123.8132477405884,41.20357721451057],[-123.82995270600495,41.201992851862535],[-123.83747212724869,41.19044630449989],[-123.82829035706682,41.18048402989075],[-123.81158887688154,41.18206726208743]]]},"properties":{"h3_index":"87280228affffff","station_count":1,"program_id":"klamath_basin","program":"Klamath Basin","resolution":7,"stations":[{"station_id":"1170","station_name":"Tully_(W1200)","lat":41.202166,"lon":-123.825337,"waterbody":"Tully Creek","subbasin":"Lower Klamath","organization":"Green Diamond Resource Company"}]}},{"type":"Feature","geometry":{"type":"Polygon","coordinates":[[[-123.70969106681832,41.16999766676793],[-123.70215141824985,41.18154277534325],[-123.71132828338162,41.19151924486361],[-123.72804452704258,41.18994956399347],[-123.7355804128783,41.178404537756535],[-123.72640381871952,41.16842910993538],[-123.70969106681832,41.16999766676793]]]},"properties":{"h3_index":"872802293ffffff","station_count":11,"program_id":"klamath_basin","program":"Klamath Basin","resolution":7,"stations":[{"station_id":"1480","station_name":"Confluence of Klamath and Trinity Rivers","lat":41.187,"lon":-123.713,"waterbody":"Klamath River","subbasin":"Lower Klamath","organization":"Hoopa Tribe"},{"station_id":"126","station_name":"Klamath/Trinity River","lat":41.19,"lon":-123.71,"waterbody":"Trinity River","subbasin":"Trinity","organization":"Hoopa Tribe"},{"station_id":"1493","station_name":"North Boundary","lat":41.179995,"lon":-123.705535,"waterbody":"Trinity River","subbasin":"Trinity","organization":"Hoopa Tribe"},{"station_id":"378","station_name":"Trinity River Near Mouth (at Weitchpec)","lat":41.181077,"lon":-123.705809,"waterbody":"Trinity River","subbasin":"Trinity","organization":"U.S. Fish and Wildlife Service"},{"station_id":"1507","station_name":"Trinity River Near Mouth (at Weitchpec)","lat":41.18119,"lon":-123.705765,"waterbody":"Trinity River","subbasin":"Trinity","organization":"U.S. Fish and Wildlife Service"},{"station_id":"1841","station_name":"Klamath River below Trinity River","lat":41.18785,"lon":-123.713481,"waterbody":"Klamath River","subbasin":"Lower Klamath","organization":"U.S. Forest Service"},{"station_id":"1856","station_name":"Trinity River above confluence","lat":41.184381,"lon":-123.706803,"waterbody":"Trinity River","subbasin":"Trinity","organization":"U.S. Forest Service"},{"station_id":"942","station_name":"Klamth River above Trintiy River -Grabs","lat":41.18575,"lon":-123.708525,"waterbody":"Klamath River","subbasin":"Lower Klamath","organization":"Yurok Tribal Environmental Department"},{"station_id":"881","station_name":"Trinity River above Klamath River - Grabs","lat":41.179581,"lon":-123.706067,"waterbody":"Trinity River","subbasin":"Trinity","organization":"Yurok Tribal Environmental Department"},{"station_id":"924","station_name":"Trinity River above Klamath River -SONDE","lat":41.179581,"lon":-123.706067,"waterbody":"Trinity River","subbasin":"Trinity","organization":"Yurok Tribal Environmental Department"},{"station_id":"1884","station_name":"Trinity R u/s Pearson's store","lat":41.178831,"lon":-123.706161,"waterbody":"Trinity River","subbasin":"Trinity","organization":"Yurok Tribal Fisheries Program"}]}},{"type":"Feature","geometry":{"type":"Polygon","coordinates":[[[-123.76146964757383,41.186803419446534],[-123.75393752751663,41.19834836150604],[-123.76311804761372,41.208316756184445],[-123.77983040909653,41.20673916777282],[-123.78735876033403,41.19519431173015],[-123.77817851984013,41.185226957965945],[-123.76146964757383,41.186803419446534]]]},"properties":{"h3_index":"872802298ffffff","station_count":1,"program_id":"klamath_basin","program":"Klamath Basin","resolution":7,"stations":[{"station_id":"858","station_name":"across from Vet Cemetary","lat":41.197772,"lon":-123.785113,"waterbody":"Pine Creek","subbasin":"Lower Klamath","organization":"Yurok Tribal Environmental Department"}]}},{"type":"Feature","geometry":{"type":"Polygon","coordinates":[[[-123.78735876033403,41.19519431173015],[-123.77983040909653,41.20673916777282],[-123.7890127510265,41.21670352357338],[-123.80572316120707,41.21512198269681],[-123.8132477405884,41.20357721451057],[-123.80406568257607,41.193613899227934],[-123.78735876033403,41.19519431173015]]]},"properties":{"h3_index":"872802299ffffff","station_count":1,"program_id":"klamath_basin","program":"Klamath Basin","resolution":7,"stations":[{"station_id":"963","station_name":"Wire Grass Prairie SPRING","lat":41.197644,"lon":-123.805523,"waterbody":"Pine Creek","subbasin":"Lower Klamath","organization":"Yurok Tribal Environmental Department"}]}},{"type":"Feature","geometry":{"type":"Polygon","coordinates":[[[-123.7372232215395,41.1999219965803],[-123.72968594467325,41.21146515106853],[-123.73886674045191,41.221434586502774],[-123.7555845383485,41.21985982657673],[-123.76311804761372,41.208316756184445],[-123.75393752751663,41.19834836150604],[-123.7372232215395,41.1999219965803]]]},"properties":{"h3_index":"87280229affffff","station_count":6,"program_id":"klamath_basin","program":"Klamath Basin","resolution":7,"stations":[{"station_id":"886","station_name":"Pine Creek mouth","lat":41.199213,"lon":-123.752132,"waterbody":"Pine Creek","subbasin":"Lower Klamath","organization":"Yurok Tribal Environmental Department"},{"station_id":"951","station_name":"Rock Chute mouth","lat":41.21477,"lon":-123.756666,"waterbody":"Rock Chute Creek","subbasin":"Lower Klamath","organization":"Yurok Tribal Environmental Department"},{"station_id":"1531","station_name":"Rock Chute, north branch at Boundary","lat":41.2191,"lon":-123.74539,"waterbody":"Rock Chute Creek","subbasin":"Lower Klamath","organization":"Yurok Tribal Environmental Department"},{"station_id":"1535","station_name":"School House Creek, mouth","lat":41.21208,"lon":-123.75804,"waterbody":"School House Creek","subbasin":"Lower Klamath","organization":"Yurok Tribal Environmental Department"},{"station_id":"848","station_name":"Sippin, mouth","lat":41.207254,"lon":-123.758414,"waterbody":"Sippen Creek","subbasin":"Lower Klamath","organization":"Yurok Tribal Environmental Department"},{"station_id":"882","station_name":"upper rock chutt creek","lat":41.21578,"lon":-123.737893,"waterbody":"Rock Chute Creek","subbasin":"Lower Klamath","organization":"Yurok Tribal Environmental Department"}]}},{"type":"Feature","geometry":{"type":"Polygon","coordinates":[[[-123.76311804761372,41.208316756184445],[-123.7555845383485,41.21985982657673],[-123.76476716027774,41.22982522273909],[-123.78148301240515,41.228246508030956],[-123.7890127510265,41.21670352357338],[-123.77983040909653,41.20673916777282],[-123.76311804761372,41.208316756184445]]]},"properties":{"h3_index":"87280229bffffff","station_count":10,"program_id":"klamath_basin","program":"Klamath Basin","resolution":7,"stations":[{"station_id":"228","station_name":"Klamath River at Tully Creek","lat":41.226617,"lon":-123.772406,"waterbody":"Klamath River","subbasin":"Lower Klamath","organization":"Oregon State University"},{"station_id":"467","station_name":"Klamath River below Weitchpec (Tully Creek)","lat":41.227666,"lon":-123.772591,"waterbody":"Klamath River","subbasin":"Lower Klamath","organization":"U.S. Fish and Wildlife Service"},{"station_id":"1518","station_name":"Burill, mouth","lat":41.217502,"lon":-123.762299,"waterbody":"Burill Creek","subbasin":"Lower Klamath","organization":"Yurok Tribal Environmental Department"},{"station_id":"976","station_name":"green spring","lat":41.212485,"lon":-123.764207,"waterbody":"Green Spring","subbasin":"Lower Klamath","organization":"Yurok Tribal Environmental Department"},{"station_id":"973","station_name":"Klamath River above Tully Creek / Below Trinity River","lat":41.226617,"lon":-123.772406,"waterbody":"Klamath River","subbasin":"Lower Klamath","organization":"Yurok Tribal Environmental Department"},{"station_id":"890","station_name":"Owl mouth","lat":41.220425,"lon":-123.774275,"waterbody":"Owl Creek","subbasin":"Lower Klamath","organization":"Yurok Tribal Environmental Department"},{"station_id":"1533","station_name":"Rube Ranch, mouth","lat":41.22837,"lon":-123.77145,"waterbody":"Rube Ranch Creek","subbasin":"Lower Klamath","organization":"Yurok Tribal Environmental Department"},{"station_id":"840","station_name":"Tully Creek","lat":41.228611,"lon":-123.775278,"waterbody":"Tully Creek","subbasin":"Lower Klamath","organization":"Yurok Tribal Environmental Department"},{"station_id":"832","station_name":"upper owl creek","lat":41.213806,"lon":-123.779019,"waterbody":"Owl Creek","subbasin":"Lower Klamath","organization":"Yurok Tribal Environmental Department"},{"station_id":"1880","station_name":"Klamath R off ISCO station across river from Tully Creek","lat":41.228253,"lon":-123.772525,"waterbody":"Klamath River","subbasin":"Lower Klamath","organization":"Yurok Tribal Fisheries Program"}]}},{"type":"Feature","geometry":{"type":"Polygon","coordinates":[[[-123.77909951570861,41.087575337052364],[-123.77157809414368,41.09912951270158],[-123.78074993832072,41.109108839110526],[-123.79744292306103,41.107532946452366],[-123.80496058187968,41.09597885904711],[-123.7957890196323,41.08600057593991],[-123.77909951570861,41.087575337052364]]]},"properties":{"h3_index":"8728022a2ffffff","station_count":1,"program_id":"klamath_basin","program":"Klamath Basin","resolution":7,"stations":[{"station_id":"941","station_name":"not shur upper pine creek","lat":41.101867,"lon":-123.791291,"waterbody":"Pine Creek","subbasin":"Lower Klamath","organization":"Yurok Tribal Environmental Department"}]}},{"type":"Feature","geometry":{"type":"Polygon","coordinates":[[[-123.72901627159956,41.09228610299298],[-123.72148594502832,41.10383859065593],[-123.730656243828,41.113822992630936],[-123.74735659641027,41.11225386329686],[-123.75488316448015,41.10070146012004],[-123.7457131393996,41.0907181016753],[-123.72901627159956,41.09228610299298]]]},"properties":{"h3_index":"8728022b0ffffff","station_count":1,"program_id":"klamath_basin","program":"Klamath Basin","resolution":7,"stations":[{"station_id":"1504","station_name":"Upper Supply Creek","lat":41.101,"lon":-123.739611,"waterbody":"Supply Creek","subbasin":"Trinity","organization":"Hoopa Tribe"}]}},{"type":"Feature","geometry":{"type":"Polygon","coordinates":[[[-123.7031492702225,41.083862767857646],[-123.69561518818895,41.09541533816529],[-123.70478365983357,41.10540377158248],[-123.72148594502832,41.10383859065593],[-123.72901627159956,41.09228610299298],[-123.71984806936987,41.082298713496186],[-123.7031492702225,41.083862767857646]]]},"properties":{"h3_index":"8728022b6ffffff","station_count":5,"program_id":"klamath_basin","program":"Klamath Basin","resolution":7,"stations":[{"station_id":"60","station_name":"Lower Beaver Creek","lat":41.1,"lon":-123.71,"waterbody":"Beaver Creek","subbasin":"Trinity","organization":"Hoopa Tribe"},{"station_id":"1484","station_name":"Lower Mill Creek","lat":41.089677,"lon":-123.703186,"waterbody":"Mill Creek","subbasin":"Trinity","organization":"Hoopa Tribe"},{"station_id":"1486","station_name":"Lower Soctish Creek","lat":41.086847,"lon":-123.708917,"waterbody":"Soctish Creek","subbasin":"Trinity","organization":"Hoopa Tribe"},{"station_id":"147","station_name":"Mill Creek","lat":41.09,"lon":-123.7,"waterbody":"Mill Creek","subbasin":"Trinity","organization":"Hoopa Tribe"},{"station_id":"119","station_name":"Soctish Creek","lat":41.09,"lon":-123.71,"waterbody":"Soctish Creek","subbasin":"Trinity","organization":"Hoopa Tribe"}]}},{"type":"Feature","geometry":{"type":"Polygon","coordinates":[[[-123.96519423171384,41.21073170566194],[-123.95769509468687,41.22227964243371],[-123.96688587433293,41.232221712349876],[-123.983575478657,41.23061480659011],[-123.99107082637454,41.21906697072784],[-123.98188036000003,41.209125939598195],[-123.96519423171384,41.21073170566194]]]},"properties":{"h3_index":"8728022c3ffffff","station_count":1,"program_id":"klamath_basin","program":"Klamath Basin","resolution":7,"stations":[{"station_id":"1178","station_name":"Elk Prairie","lat":41.222426,"lon":-123.958867,"subbasin":"Lower Klamath","organization":"Green Diamond Resource Company"}]}},{"type":"Feature","geometry":{"type":"Polygon","coordinates":[[[-123.88923815871944,41.207180428655796],[-123.88172629267093,41.21872679094023],[-123.89091378061595,41.22867798503033],[-123.90761283477377,41.22708177725616],[-123.9151209186981,41.2155355102726],[-123.9059337315149,41.20558535564519],[-123.88923815871944,41.207180428655796]]]},"properties":{"h3_index":"8728022d0ffffff","station_count":1,"program_id":"klamath_basin","program":"Klamath Basin","resolution":7,"stations":[{"station_id":"1158","station_name":"Roach_(R100)","lat":41.220104,"lon":-123.889502,"waterbody":"Roach Creek","subbasin":"Lower Klamath","organization":"Green Diamond Resource Company"}]}},{"type":"Feature","geometry":{"type":"Polygon","coordinates":[[[-123.96857824758514,41.25370684759577],[-123.96107636284499,41.26525104999677],[-123.97027135194097,41.27518710695939],[-123.98696791259395,41.27357792372993],[-123.99446600435367,41.262033822069945],[-123.98527132936451,41.25209880278062],[-123.96857824758514,41.25370684759577]]]},"properties":{"h3_index":"8728022d9ffffff","station_count":8,"program_id":"klamath_basin","program":"Klamath Basin","resolution":7,"stations":[{"station_id":"1174","station_name":"EF Tectah Creek (WY 2015 - present)","lat":41.262886,"lon":-123.964144,"waterbody":"Tectah Creek","subbasin":"Lower Klamath","organization":"Green Diamond Resource Company"},{"station_id":"179","station_name":"Tec_Air_1","lat":41.263348,"lon":-123.964236,"subbasin":"Lower Klamath","organization":"Green Diamond Resource Company"},{"station_id":"1177","station_name":"WF Tectah Creek (WY 2015-present)","lat":41.262976,"lon":-123.965871,"waterbody":"Tectah Creek","subbasin":"Lower Klamath","organization":"Green Diamond Resource Company"},{"station_id":"1171","station_name":"WFT_1","lat":41.263507,"lon":-123.96532,"waterbody":"Tectah Creek","subbasin":"Lower Klamath","organization":"Green Diamond Resource Company"},{"station_id":"167","station_name":"WFT_5","lat":41.26277,"lon":-123.971522,"waterbody":"West Fork Tectah Creek","subbasin":"Lower Klamath","organization":"Green Diamond Resource Company"},{"station_id":"50","station_name":"WFT_6","lat":41.262559,"lon":-123.971574,"waterbody":"West Fork Tectah Creek","subbasin":"Lower Klamath","organization":"Green Diamond Resource Company"},{"station_id":"1591","station_name":"North Fork Tectah Creek","lat":41.263333,"lon":-123.963361,"waterbody":"North Forth Tectah Creek","subbasin":"Lower Klamath","organization":"Yurok Tribal Environmental Department"},{"station_id":"1593","station_name":"South Fork Tectah Creek","lat":41.263056,"lon":-123.963333,"waterbody":"South Forth Tectah Creek","subbasin":"Lower Klamath","organization":"Yurok Tribal Environmental Department"}]}},{"type":"Feature","geometry":{"type":"Polygon","coordinates":[[[-123.91848405797305,41.25851747446753],[-123.9109732180498,41.270060001660894],[-123.92016671764036,41.28000114208154],[-123.93687075218399,41.27839871724673],[-123.94437780330469,41.266856287026165],[-123.93518460961052,41.256916184550086],[-123.91848405797305,41.25851747446753]]]},"properties":{"h3_index":"8728022daffffff","station_count":1,"program_id":"klamath_basin","program":"Klamath Basin","resolution":7,"stations":[{"station_id":"1151","station_name":"Mettah_(J805)","lat":41.276788,"lon":-123.92503,"waterbody":"Mettah Creek","subbasin":"Lower Klamath","organization":"Green Diamond Resource Company"}]}},{"type":"Feature","geometry":{"type":"Polygon","coordinates":[[[-123.94100349408976,41.22388260484924],[-123.93349919530098,41.23542877469041],[-123.94269028432741,41.24537188324948],[-123.95938536368641,41.24376778320692],[-123.96688587433293,41.232221712349876],[-123.95769509468687,41.22227964243371],[-123.94100349408976,41.22388260484924]]]},"properties":{"h3_index":"8728022dcffffff","station_count":1,"program_id":"klamath_basin","program":"Klamath Basin","resolution":7,"stations":[{"station_id":"1144","station_name":"EFT_1","lat":41.229869,"lon":-123.950263,"waterbody":"Tectah Creek","subbasin":"Lower Klamath","organization":"Green Diamond Resource Company"}]}},{"type":"Feature","geometry":{"type":"Polygon","coordinates":[[[-123.88588908508845,41.164170717439596],[-123.87837997679054,41.175720809496596],[-123.88756326036551,41.18567800463868],[-123.90425535321944,41.1840840670297],[-123.91176068305171,41.17253407043504],[-123.9025776994208,41.16257791586996],[-123.88588908508845,41.164170717439596]]]},"properties":{"h3_index":"8728022f2ffffff","station_count":1,"program_id":"klamath_basin","program":"Klamath Basin","resolution":7,"stations":[{"station_id":"1159","station_name":"Roach_SF","lat":41.184112,"lon":-123.894052,"waterbody":"Roach Creek","subbasin":"Lower Klamath","organization":"Green Diamond Resource Company"}]}},{"type":"Feature","geometry":{"type":"Polygon","coordinates":[[[-123.72082702085658,40.984529048071124],[-123.71330363245399,40.99609080472071],[-123.7224634578022,41.00609012488551],[-123.7391464007134,41.004526641947024],[-123.74666603968217,40.99296497013046],[-123.7375064861014,40.98296669630385],[-123.72082702085658,40.984529048071124]]]},"properties":{"h3_index":"872802395ffffff","station_count":1,"program_id":"klamath_basin","program":"Klamath Basin","resolution":7,"stations":[{"station_id":"70","station_name":"Upper Supply Creek","lat":41.0,"lon":-123.74,"waterbody":"Supply Creek","subbasin":"Trinity","organization":"Hoopa Tribe"}]}},{"type":"Feature","geometry":{"type":"Polygon","coordinates":[[[-123.74830804671656,41.01452193659165],[-123.74078702289373,41.026081759833104],[-123.74995076225737,41.03607407334461],[-123.76663524992153,41.034505518116575],[-123.7741525194718,41.02294578148635],[-123.76498905655784,41.012954513357144],[-123.74830804671656,41.01452193659165]]]},"properties":{"h3_index":"87280239cffffff","station_count":2,"program_id":"klamath_basin","program":"Klamath Basin","resolution":7,"stations":[{"station_id":"1503","station_name":"Upper Pine Creek","lat":41.025,"lon":-123.749194,"waterbody":"Pine Creek","subbasin":"Trinity","organization":"Hoopa Tribe"},{"station_id":"156","station_name":"Upper Pine Creek","lat":41.03,"lon":-123.75,"waterbody":"Upper Pine Creek","subbasin":"Trinity","organization":"Hoopa Tribe"}]}},{"type":"Feature","geometry":{"type":"Polygon","coordinates":[[[-123.13255838097123,40.87489575532283],[-123.12494388684748,40.88645153895394],[-123.13406913243806,40.89653135869989],[-123.15080869878703,40.89505434229037],[-123.15841950724281,40.88349860092406],[-123.14929443596961,40.87341983359107],[-123.13255838097123,40.87489575532283]]]},"properties":{"h3_index":"872802428ffffff","station_count":1,"program_id":"klamath_basin","program":"Klamath Basin","resolution":7,"stations":[{"station_id":"1627","station_name":"Backbone RAWS","lat":40.8892,"lon":-123.1422,"subbasin":"Trinity","organization":"National Weather Service"}]}},{"type":"Feature","geometry":{"type":"Polygon","coordinates":[[[-123.33945027440399,40.94349535564055],[-123.33186535322154,40.95505074974233],[-123.34100576367102,40.96509848329679],[-123.35773088747617,40.963589772965484],[-123.3653120980167,40.95203443582124],[-123.35617189633847,40.94198775193783],[-123.33945027440399,40.94349535564055]]]},"properties":{"h3_index":"872802469ffffff","station_count":1,"program_id":"klamath_basin","program":"Klamath Basin","resolution":7,"stations":[{"station_id":"1893","station_name":"New R Mid","lat":40.963227,"lon":-123.348189,"waterbody":"New River","subbasin":"Trinity","organization":"U.S. Forest Service"}]}},{"type":"Feature","geometry":{"type":"Polygon","coordinates":[[[-122.88853242661239,41.00497177177387],[-122.88086674993959,41.01650914941795],[-122.88999351876494,41.02659948098115],[-122.90678583098159,41.025151384627215],[-122.91444783596395,41.013614030309846],[-122.90532120138711,41.003524748909726],[-122.88853242661239,41.00497177177387]]]},"properties":{"h3_index":"872802483ffffff","station_count":1,"program_id":"klamath_basin","program":"Klamath Basin","resolution":7,"stations":[{"station_id":"489","station_name":"Red Rock Mountain","lat":41.023402,"lon":-122.887156,"subbasin":"Trinity","organization":"The Watershed Research and Training Center"}]}},{"type":"Feature","geometry":{"type":"Polygon","coordinates":[[[-122.78631183846156,40.99196661200021],[-122.77863004720207,41.00350217733446],[-122.78775105558654,41.01360558330378],[-122.80455373900726,41.01217237298756],[-122.81223186965633,41.00063682361423],[-122.80311097846632,40.990534468486985],[-122.78631183846156,40.99196661200021]]]},"properties":{"h3_index":"872802496ffffff","station_count":2,"program_id":"klamath_basin","program":"Klamath Basin","resolution":7,"stations":[{"station_id":"327","station_name":"Shimmy Lake","lat":41.006606,"lon":-122.803492,"subbasin":"Trinity","organization":"The Watershed Research and Training Center"},{"station_id":"502","station_name":"Shimmy Lake","lat":41.0053,"lon":-122.8016,"subbasin":"Trinity","organization":"U.S. Bureau of Reclamation"}]}},{"type":"Feature","geometry":{"type":"Polygon","coordinates":[[[-122.86407272041411,41.0179532585792],[-122.85640192063957,41.02948877056005],[-122.86552881967725,41.03958015205718],[-122.88232638924568,41.03813497152969],[-122.88999351876494,41.02659948098115],[-122.88086674993959,41.01650914941795],[-122.86407272041411,41.0179532585792]]]},"properties":{"h3_index":"87280249cffffff","station_count":1,"program_id":"klamath_basin","program":"Klamath Basin","resolution":7,"stations":[{"station_id":"437","station_name":"Red Rock Mountain","lat":41.02362,"lon":-122.88663,"subbasin":"Trinity","organization":"U.S. Bureau of Reclamation"}]}},{"type":"Feature","geometry":{"type":"Polygon","coordinates":[[[-122.85970820766062,40.953043519084204],[-122.85204177014167,40.96458468477217],[-122.86116241481393,40.97468493750729],[-122.87794936865923,40.97324297289629],[-122.88561214122645,40.9617018288431],[-122.87649162586686,40.951602627656484],[-122.85970820766062,40.953043519084204]]]},"properties":{"h3_index":"8728024b1ffffff","station_count":2,"program_id":"klamath_basin","program":"Klamath Basin","resolution":7,"stations":[{"station_id":"462","station_name":"Bear Basin","lat":40.973521,"lon":-122.868248,"subbasin":"Trinity","organization":"The Watershed Research and Training Center"},{"station_id":"1753","station_name":"BEAR BASIN","lat":40.967,"lon":-122.867,"subbasin":"Trinity","organization":"U.S. Forest Service"}]}},{"type":"Feature","geometry":{"type":"Polygon","coordinates":[[[-123.04552286219979,41.07830885615514],[-123.03787782138548,41.08984417978089],[-123.04701833564815,41.09990746444948],[-123.06380373110149,41.098434377657284],[-123.07144507931086,41.086899088243655],[-123.06230472563381,41.07683685129885],[-123.04552286219979,41.07830885615514]]]},"properties":{"h3_index":"8728024dcffffff","station_count":5,"program_id":"klamath_basin","program":"Klamath Basin","resolution":7,"stations":[{"station_id":"781","station_name":"Rush Creek","lat":41.091094,"lon":-123.050599,"waterbody":"Rush Creek","subbasin":"Salmon","organization":"Salmon River Restoration Council"},{"station_id":"669","station_name":"Rush Creek Air","lat":41.091094,"lon":-123.050599,"subbasin":"Salmon","organization":"Salmon River Restoration Council"},{"station_id":"692","station_name":"South Fork Salmon below Blind Horse","lat":41.091385,"lon":-123.054639,"waterbody":"South Fork Salmon River","subbasin":"Salmon","organization":"Salmon River Restoration Council"},{"station_id":"2400","station_name":"Rush Ck","lat":41.091268,"lon":-123.051021,"waterbody":"Rush Creek","subbasin":"Salmon","organization":"U.S. Forest Service"},{"station_id":"1107","station_name":"Rush Creek","lat":41.091999,"lon":-123.047996,"waterbody":"Rush Creek","subbasin":"Salmon","organization":"U.S. Forest Service"}]}},{"type":"Feature","geometry":{"type":"Polygon","coordinates":[[[-123.07144507931086,41.086899088243655],[-123.06380373110149,41.098434377657284],[-123.07294617554466,41.10849364403313],[-123.08972980423404,41.10701657348623],[-123.09736745666358,41.09548132011186],[-123.08822517714466,41.08542310113367],[-123.07144507931086,41.086899088243655]]]},"properties":{"h3_index":"8728024ddffffff","station_count":2,"program_id":"klamath_basin","program":"Klamath Basin","resolution":7,"stations":[{"station_id":"2436","station_name":"Upper South Fk Salmon R upstream of Boardtree Gul","lat":41.099047,"lon":-123.074939,"waterbody":"Upper South Fork Salmon River","subbasin":"Salmon","organization":"U.S. Forest Service"},{"station_id":"1115","station_name":"USF Salmon2","lat":41.096801,"lon":-123.069,"waterbody":"South Fork Salmon River","subbasin":"Salmon","organization":"U.S. Forest Service"}]}},{"type":"Feature","geometry":{"type":"Polygon","coordinates":[[[-123.04602560554017,40.71905222725971],[-123.03840867373641,40.73061923536678],[-123.04751570269208,40.740728731316494],[-123.06423950491501,40.73927016230823],[-123.07185277108998,40.72770319126612],[-123.06274590162226,40.71759475205689],[-123.04602560554017,40.71905222725971]]]},"properties":{"h3_index":"872802504ffffff","station_count":4,"program_id":"klamath_basin","program":"Klamath Basin","resolution":7,"stations":[{"station_id":"1353","station_name":"Canyon Creek","lat":40.7377,"lon":-123.05,"waterbody":"Canyon Creek","subbasin":"Trinity","organization":"Trinity River Restoration Program / USBR"},{"station_id":"491","station_name":"Canyon Creek near mouth","lat":40.731906,"lon":-123.053819,"waterbody":"Canyon Creek","subbasin":"Trinity","organization":"U.S. Fish and Wildlife Service"},{"station_id":"475","station_name":"Trinity River above Canyon Creek","lat":40.73139,"lon":-123.05361,"waterbody":"Trinity River","subbasin":"Trinity","organization":"U.S. Fish and Wildlife Service"},{"station_id":"947","station_name":"Trinity River at Junction City","lat":40.728401,"lon":-123.061996,"waterbody":"Trinity River","subbasin":"Trinity","organization":"U.S. Geological Survey"}]}},{"type":"Feature","geometry":{"type":"Polygon","coordinates":[[[-123.09918135537666,40.7580146421898],[-123.09157032938232,40.76957972954705],[-123.10068326363519,40.77967829316176],[-123.11740705644014,40.778210713780304],[-123.12501440876281,40.76664566711712],[-123.11590164290234,40.75654815903046],[-123.09918135537666,40.7580146421898]]]},"properties":{"h3_index":"87280250cffffff","station_count":6,"program_id":"klamath_basin","program":"Klamath Basin","resolution":7,"stations":[{"station_id":"1352","station_name":"Pear Tree Gulch","lat":40.766,"lon":-123.118,"waterbody":"Trinity River","subbasin":"Trinity","organization":"Trinity River Restoration Program / USBR"},{"station_id":"1349","station_name":"Pear Tree Pool","lat":40.766,"lon":-123.119,"waterbody":"Trinity River","subbasin":"Trinity","organization":"Trinity River Restoration Program / USBR"},{"station_id":"1206","station_name":"Trinity River above North Fork Trinity River","lat":40.766593,"lon":-123.113895,"waterbody":"Trinity River","subbasin":"Trinity","organization":"U.S. Fish and Wildlife Service"},{"station_id":"1897","station_name":"Pear Tree, us NF Trinity","lat":40.766022,"lon":-123.115536,"waterbody":"Trinity River","subbasin":"Trinity","organization":"U.S. Forest Service"},{"station_id":"898","station_name":"Trinity River above North Fork Trinity River near Helena","lat":40.766498,"lon":-123.113998,"waterbody":"Trinity River","subbasin":"Trinity","organization":"U.S. Geological Survey"},{"station_id":"1744","station_name":"Trinity River abv NF Trinity nr Helena","lat":40.76653,"lon":-123.11448,"waterbody":"Trinity River","subbasin":"Trinity","organization":"US Geological Survey/US Bureau of Reclamation"}]}},{"type":"Feature","geometry":{"type":"Polygon","coordinates":[[[-123.12501440876281,40.76664566711712],[-123.11740705644014,40.778210713780304],[-123.12652189992279,40.78830527884144],[-123.1432439239913,40.786833741930195],[-123.15084759950923,40.77526873779937],[-123.14173292871263,40.76517522793636],[-123.12501440876281,40.76664566711712]]]},"properties":{"h3_index":"87280250dffffff","station_count":8,"program_id":"klamath_basin","program":"Klamath Basin","resolution":7,"stations":[{"station_id":"1351","station_name":"North Fork","lat":40.7825,"lon":-123.129,"waterbody":"North Fork Trinity River","subbasin":"Trinity","organization":"Trinity River Restoration Program / USBR"},{"station_id":"1350","station_name":"Pigeon Point","lat":40.7685,"lon":-123.128,"waterbody":"Trinity River","subbasin":"Trinity","organization":"Trinity River Restoration Program / USBR"},{"station_id":"434","station_name":"North Fork Trinity River near mouth","lat":40.777677,"lon":-123.131376,"waterbody":"North Fork Trinity River","subbasin":"Trinity","organization":"U.S. Fish and Wildlife Service"},{"station_id":"1891","station_name":"EF NF Trinity R","lat":40.784366,"lon":-123.128307,"waterbody":"East Fork North Fork Trinity River","subbasin":"Trinity","organization":"U.S. Forest Service"},{"station_id":"1887","station_name":"EF NF Trinity R","lat":40.783778,"lon":-123.129468,"waterbody":"East Fork North Fork Trinity River","subbasin":"Trinity","organization":"U.S. Forest Service"},{"station_id":"1901","station_name":"NF Trinity us EFNFT","lat":40.783663,"lon":-123.130418,"waterbody":"North Fork Trinity River","subbasin":"Trinity","organization":"U.S. Forest Service"},{"station_id":"1895","station_name":"NF Trinity us EFNFT","lat":40.784632,"lon":-123.132159,"waterbody":"North Fork Trinity River","subbasin":"Trinity","organization":"U.S. Forest Service"},{"station_id":"844","station_name":"North Fork Trinity River at Helena","lat":40.781799,"lon":-123.127998,"waterbody":"North Fork Trinity River","subbasin":"Trinity","organization":"U.S. Geological Survey"}]}},{"type":"Feature","geometry":{"type":"Polygon","coordinates":[[[-123.04453615164297,40.697370944361055],[-123.03692065144025,40.70893979470553],[-123.04602560554017,40.71905222725971],[-123.06274590162226,40.71759475205689],[-123.07035773795852,40.706025938821995],[-123.06125294303003,40.69591456356998],[-123.04453615164297,40.697370944361055]]]},"properties":{"h3_index":"872802522ffffff","station_count":1,"program_id":"klamath_basin","program":"Klamath Basin","resolution":7,"stations":[{"station_id":"1371","station_name":"Deep Gulch","lat":40.7011,"lon":-123.045,"waterbody":"Trinity River","subbasin":"Trinity","organization":"Trinity River Restoration Program / USBR"}]}},{"type":"Feature","geometry":{"type":"Polygon","coordinates":[[[-123.01871473525642,40.68870800294181],[-123.01109557433,40.70027688855739],[-123.0201986093875,40.710393313306234],[-123.03692065144025,40.70893979470553],[-123.04453615164297,40.697370944361055],[-123.03543327146842,40.68725557723603],[-123.01871473525642,40.68870800294181]]]},"properties":{"h3_index":"872802535ffffff","station_count":1,"program_id":"klamath_basin","program":"Klamath Basin","resolution":7,"stations":[{"station_id":"1372","station_name":"Chapman","lat":40.6994,"lon":-123.042,"waterbody":"Trinity River","subbasin":"Trinity","organization":"Trinity River Restoration Program / USBR"}]}},{"type":"Feature","geometry":{"type":"Polygon","coordinates":[[[-123.30121337644024,40.76191757080193],[-123.29363606898985,40.773487806402066],[-123.30275793106657,40.78356320380561],[-123.31945689983031,40.78206731098754],[-123.32703051400927,40.770497130949266],[-123.3179088536369,40.76042278805494],[-123.30121337644024,40.76191757080193]]]},"properties":{"h3_index":"87280256cffffff","station_count":4,"program_id":"klamath_basin","program":"Klamath Basin","resolution":7,"stations":[{"station_id":"421","station_name":"Big French Creek near mouth","lat":40.780475,"lon":-123.308896,"waterbody":"Big French Creek","subbasin":"Trinity","organization":"U.S. Fish and Wildlife Service"},{"station_id":"430","station_name":"Trinity River above Big French Creek","lat":40.779208,"lon":-123.3085,"waterbody":"Trinity River","subbasin":"Trinity","organization":"U.S. Fish and Wildlife Service"},{"station_id":"1888","station_name":"Big French Cr","lat":40.780388,"lon":-123.309097,"waterbody":"Big French Creek","subbasin":"Trinity","organization":"U.S. Forest Service"},{"station_id":"604","station_name":"mouth of Big French Crk","lat":40.780124,"lon":-123.309324,"waterbody":"Big French Creek","subbasin":"Trinity","organization":"U.S. Forest Service"}]}},{"type":"Feature","geometry":{"type":"Polygon","coordinates":[[[-122.85244661206603,40.844764032194696],[-122.84478743437906,40.85631456864615],[-122.85389767385121,40.86642956682368],[-122.87066696415398,40.86499297417393],[-122.87832248570349,40.85344245965973],[-122.8692123740516,40.8433285157487],[-122.85244661206603,40.844764032194696]]]},"properties":{"h3_index":"872802582ffffff","station_count":1,"program_id":"klamath_basin","program":"Klamath Basin","resolution":7,"stations":[{"station_id":"1896","station_name":"Stuart Fk Lower","lat":40.853696,"lon":-122.873887,"waterbody":"Stuart Fork","subbasin":"Trinity","organization":"U.S. Forest Service"}]}},{"type":"Feature","geometry":{"type":"Polygon","coordinates":[[[-122.90419859779571,40.862112913608],[-122.8965467355751,40.87366340435529],[-122.90566087346592,40.8837704037836],[-122.92242673808562,40.882325858702934],[-122.93007493779018,40.8707753935526],[-122.92096093635313,40.860669447776196],[-122.90419859779571,40.862112913608]]]},"properties":{"h3_index":"87280258effffff","station_count":2,"program_id":"klamath_basin","program":"Klamath Basin","resolution":7,"stations":[{"station_id":"1367","station_name":"Stewart Fork","lat":40.8726,"lon":-122.918,"waterbody":"Stuart Fork","subbasin":"Trinity","organization":"Trinity River Restoration Program / USBR"},{"station_id":"1905","station_name":"Stuart Fk Upper","lat":40.872835,"lon":-122.918791,"waterbody":"Stuart Fork","subbasin":"Trinity","organization":"U.S. Forest Service"}]}},{"type":"Feature","geometry":{"type":"Polygon","coordinates":[[[-123.63850841656593,41.23083559481059],[-123.63095190195669,41.24237343576847],[-123.64013165830441,41.25235003197361],[-123.65686767064386,41.25078774644404],[-123.66442042441491,41.23924998198215],[-123.65524092762352,41.22927442643819],[-123.63850841656593,41.23083559481059]]]},"properties":{"h3_index":"872802641ffffff","station_count":7,"program_id":"klamath_basin","program":"Klamath Basin","resolution":7,"stations":[{"station_id":"130","station_name":"Bluff Creek","lat":41.240405,"lon":-123.653984,"waterbody":"Bluff Creek","subbasin":"Lower Klamath","organization":"Karuk Tribe"},{"station_id":"54","station_name":"Klamath River at Big Bar","lat":41.250725,"lon":-123.639036,"waterbody":"Klamath River","subbasin":"Lower Klamath","organization":"Karuk Tribe"},{"station_id":"96","station_name":"Slate Creek","lat":41.25045,"lon":-123.643303,"waterbody":"Slate Creek","subbasin":"Lower Klamath","organization":"Karuk Tribe"},{"station_id":"1824","station_name":"Bluff Creek near mouth","lat":41.24055,"lon":-123.654537,"waterbody":"Bluff Creek","subbasin":"Lower Klamath","organization":"U.S. Forest Service"},{"station_id":"1835","station_name":"Klamath River below Bluff Creek","lat":41.240065,"lon":-123.652402,"waterbody":"Klamath River","subbasin":"Lower Klamath","organization":"U.S. Forest Service"},{"station_id":"1840","station_name":"Klamath River below Slate Creek","lat":41.248839,"lon":-123.647721,"waterbody":"Klamath River","subbasin":"Lower Klamath","organization":"U.S. Forest Service"},{"station_id":"1852","station_name":"Slate Creek near mouth","lat":41.250269,"lon":-123.643637,"waterbody":"Slate Creek","subbasin":"Lower Klamath","organization":"U.S. Forest Service"}]}},{"type":"Feature","geometry":{"type":"Polygon","coordinates":[[[-123.61421397417924,41.243931757864715],[-123.60665229971318,41.25546779112343],[-123.61583231167049,41.265445427826414],[-123.63257374342463,41.263885990657315],[-123.64013165830441,41.25235003197361],[-123.63095190195669,41.24237343576847],[-123.61421397417924,41.243931757864715]]]},"properties":{"h3_index":"872802643ffffff","station_count":1,"program_id":"klamath_basin","program":"Klamath Basin","resolution":7,"stations":[{"station_id":"1978","station_name":"Big Bar - Klamath River Access","lat":41.251806,"lon":-123.63441,"waterbody":"Klamath River","subbasin":"Lower Klamath","organization":"Oregon State University"}]}},{"type":"Feature","geometry":{"type":"Polygon","coordinates":[[[-123.66604926988293,41.260760303188455],[-123.65849511766226,41.27229618546218],[-123.66767882029451,41.28226574149678],[-123.68441641181529,41.280698375411205],[-123.6919667983087,41.26916257138269],[-123.68278335994701,41.259194055078595],[-123.66604926988293,41.260760303188455]]]},"properties":{"h3_index":"872802648ffffff","station_count":1,"program_id":"klamath_basin","program":"Klamath Basin","resolution":7,"stations":[{"station_id":"1823","station_name":"Bluff Creek at Wrights Ranch","lat":41.279654,"lon":-123.680173,"waterbody":"Bluff Creek","subbasin":"Lower Klamath","organization":"U.S. Forest Service"}]}},{"type":"Feature","geometry":{"type":"Polygon","coordinates":[[[-123.56398555252741,41.24859309185249],[-123.55641496190685,41.26012738368123],[-123.56559337019847,41.27011009995114],[-123.58234212273032,41.2685574835657],[-123.5899089581072,41.25702326255699],[-123.58073079713878,41.24704158699844],[-123.56398555252741,41.24859309185249]]]},"properties":{"h3_index":"872802651ffffff","station_count":2,"program_id":"klamath_basin","program":"Klamath Basin","resolution":7,"stations":[{"station_id":"32","station_name":"Red Cap Creek","lat":41.258888,"lon":-123.587094,"waterbody":"Red Cap Creek","subbasin":"Lower Klamath","organization":"Karuk Tribe"},{"station_id":"1845","station_name":"Red Cap Creek near Adam's Creek","lat":41.260284,"lon":-123.58169,"waterbody":"Red Cap Creek","subbasin":"Lower Klamath","organization":"U.S. Forest Service"}]}},{"type":"Feature","geometry":{"type":"Polygon","coordinates":[[[-123.56720188417651,41.291622221365394],[-123.55962847962803,41.30315273541287],[-123.5688110949115,41.313129451645906],[-123.58556686761104,41.3115746140879],[-123.59313651327787,41.300044170683364],[-123.5839541460708,41.2900684940785],[-123.56720188417651,41.291622221365394]]]},"properties":{"h3_index":"87280265affffff","station_count":2,"program_id":"klamath_basin","program":"Klamath Basin","resolution":7,"stations":[{"station_id":"64","station_name":"Crawford Creek (Humboldt Co.)","lat":41.29796,"lon":-123.563865,"waterbody":"Crawford Creek","subbasin":"Lower Klamath","organization":"Karuk Tribe"},{"station_id":"82","station_name":"Ullathorne Creek","lat":41.291677,"lon":-123.572664,"waterbody":"Ullathorne Creek","subbasin":"Lower Klamath","organization":"Karuk Tribe"}]}},{"type":"Feature","geometry":{"type":"Polygon","coordinates":[[[-123.5899089581072,41.25702326255699],[-123.58234212273032,41.2685574835657],[-123.59152238634499,41.27853616060249],[-123.60826923462112,41.27697957618134],[-123.61583231167049,41.265445427826414],[-123.60665229971318,41.25546779112343],[-123.5899089581072,41.25702326255699]]]},"properties":{"h3_index":"87280265cffffff","station_count":3,"program_id":"klamath_basin","program":"Klamath Basin","resolution":7,"stations":[{"station_id":"1836","station_name":"Klamath River below Boise Creek","lat":41.275647,"lon":-123.594444,"waterbody":"Klamath River","subbasin":"Lower Klamath","organization":"U.S. Forest Service"},{"station_id":"1838","station_name":"Klamath River below Red Cap Creek","lat":41.258502,"lon":-123.609296,"waterbody":"Klamath River","subbasin":"Lower Klamath","organization":"U.S. Forest Service"},{"station_id":"1846","station_name":"Red Cap Creek near mouth","lat":41.259626,"lon":-123.602002,"waterbody":"Red Cap Creek","subbasin":"Lower Klamath","organization":"U.S. Forest Service"}]}},{"type":"Feature","geometry":{"type":"Polygon","coordinates":[[[-123.56559337019847,41.27011009995114],[-123.55802137286226,41.28164250415952],[-123.56720188417651,41.291622221365394],[-123.5839541460708,41.2900684940785],[-123.59152238634499,41.27853616060249],[-123.58234212273032,41.2685574835657],[-123.56559337019847,41.27011009995114]]]},"properties":{"h3_index":"87280265effffff","station_count":2,"program_id":"klamath_basin","program":"Klamath Basin","resolution":7,"stations":[{"station_id":"1825","station_name":"Boise Creek above bridge","lat":41.277448,"lon":-123.574097,"waterbody":"Boise Creek","subbasin":"Lower Klamath","organization":"U.S. Forest Service"},{"station_id":"1826","station_name":"Boise Creek near mouth","lat":41.280698,"lon":-123.574852,"waterbody":"Boise Creek","subbasin":"Lower Klamath","organization":"U.S. Forest Service"}]}},{"type":"Feature","geometry":{"type":"Polygon","coordinates":[[[-123.65953811312686,41.17468976555882],[-123.65198955176099,41.18623316130515],[-123.661164846491,41.1962147087015],[-123.67788844079678,41.19465181831316],[-123.68543324371801,41.18310850114818],[-123.67625821171428,41.17312799567453],[-123.65953811312686,41.17468976555882]]]},"properties":{"h3_index":"872802661ffffff","station_count":3,"program_id":"klamath_basin","program":"Klamath Basin","resolution":7,"stations":[{"station_id":"80","station_name":"Klamath River/Hoopa","lat":41.19,"lon":-123.68,"waterbody":"Klamath River","subbasin":"Lower Klamath","organization":"Hoopa Tribe"},{"station_id":"1481","station_name":"Saints Rest Bar","lat":41.187972,"lon":-123.676941,"waterbody":"Klamath River","subbasin":"Lower Klamath","organization":"Hoopa Tribe"},{"station_id":"958","station_name":"nights spring box","lat":41.192857,"lon":-123.674801,"waterbody":"Nights Spring","subbasin":"Lower Klamath","organization":"Yurok Tribal Environmental Department"}]}},{"type":"Feature","geometry":{"type":"Polygon","coordinates":[[[-123.68706557297364,41.204629329369794],[-123.67951937489312,41.21617077207163],[-123.68869860818694,41.22614528679169],[-123.70542377306364,41.22457731770806],[-123.71296620782229,41.213035955343464],[-123.70378724196182,41.20306248160934],[-123.68706557297364,41.204629329369794]]]},"properties":{"h3_index":"872802668ffffff","station_count":2,"program_id":"klamath_basin","program":"Klamath Basin","resolution":7,"stations":[{"station_id":"854","station_name":"gist west upper 3","lat":41.21846,"lon":-123.701821,"waterbody":"Gist Creek","subbasin":"Lower Klamath","organization":"Yurok Tribal Environmental Department"},{"station_id":"884","station_name":"north fork gist creek 3 leg","lat":41.218483,"lon":-123.70439,"waterbody":"Gist Creek","subbasin":"Lower Klamath","organization":"Yurok Tribal Environmental Department"}]}},{"type":"Feature","geometry":{"type":"Polygon","coordinates":[[[-123.71296620782229,41.213035955343464],[-123.70542377306364,41.22457731770806],[-123.71460484059689,41.234547793739004],[-123.73132807206898,41.23297586669253],[-123.73886674045191,41.221434586502774],[-123.72968594467325,41.21146515106853],[-123.71296620782229,41.213035955343464]]]},"properties":{"h3_index":"872802669ffffff","station_count":3,"program_id":"klamath_basin","program":"Klamath Basin","resolution":7,"stations":[{"station_id":"943","station_name":"pond 3 right beside Split Lake","lat":41.224205,"lon":-123.726248,"waterbody":"Bens Creek","subbasin":"Lower Klamath","organization":"Yurok Tribal Environmental Department"},{"station_id":"917","station_name":"split lake-feed for Rock Chute","lat":41.223994,"lon":-123.725921,"waterbody":"Bens Creek","subbasin":"Lower Klamath","organization":"Yurok Tribal Environmental Department"},{"station_id":"978","station_name":"youngs new lake","lat":41.220231,"lon":-123.71577,"waterbody":"Bens Creek","subbasin":"Lower Klamath","organization":"Yurok Tribal Environmental Department"}]}},{"type":"Feature","geometry":{"type":"Polygon","coordinates":[[[-123.66279228343568,41.217734782332464],[-123.65524092762352,41.22927442643819],[-123.66442042441491,41.23924998198215],[-123.68115101445815,41.23768485248067],[-123.68869860818694,41.22614528679169],[-123.67951937489312,41.21617077207163],[-123.66279228343568,41.217734782332464]]]},"properties":{"h3_index":"87280266affffff","station_count":2,"program_id":"klamath_basin","program":"Klamath Basin","resolution":7,"stations":[{"station_id":"51","station_name":"Aikens Creek","lat":41.228403,"lon":-123.658152,"waterbody":"Aikens Creek","subbasin":"Middle Klamath","organization":"Karuk Tribe"},{"station_id":"1821","station_name":"Aikens Creek near mouth","lat":41.228636,"lon":-123.658342,"waterbody":"Aikens Creek","subbasin":"Middle Klamath","organization":"U.S. Forest Service"}]}},{"type":"Feature","geometry":{"type":"Polygon","coordinates":[[[-123.68543324371801,41.18310850114818],[-123.67788844079678,41.19465181831316],[-123.68706557297364,41.204629329369794],[-123.70378724196182,41.20306248160934],[-123.71132828338162,41.19151924486361],[-123.70215141824985,41.18154277534325],[-123.68543324371801,41.18310850114818]]]},"properties":{"h3_index":"87280266cffffff","station_count":13,"program_id":"klamath_basin","program":"Klamath Basin","resolution":7,"stations":[{"station_id":"1197","station_name":"Weitchpec","lat":41.18631,"lon":-123.69928,"waterbody":"Klamath River","subbasin":"Lower Klamath","organization":"Klamath Tribal Water Quality Consortium"},{"station_id":"379","station_name":"Klamath River at Weitchepec","lat":41.185991,"lon":-123.702282,"waterbody":"Klamath River","subbasin":"Lower Klamath","organization":"U.S. Fish and Wildlife Service"},{"station_id":"1508","station_name":"Klamath River at Weitchepec","lat":41.18669,"lon":-123.698414,"waterbody":"Klamath River","subbasin":"Lower Klamath","organization":"U.S. Fish and Wildlife Service"},{"station_id":"1720","station_name":"Klamath River at Weitchepec","lat":41.185836,"lon":-123.699852,"waterbody":"Klamath River","subbasin":"Lower Klamath","organization":"U.S. Fish and Wildlife Service"},{"station_id":"1833","station_name":"Klamath River above Trinity River","lat":41.185919,"lon":-123.701775,"waterbody":"Klamath River","subbasin":"Lower Klamath","organization":"U.S. Forest Service"},{"station_id":"1819","station_name":"Weitchpec Downstream","lat":41.186161,"lon":-123.702024,"waterbody":"Klamath River","subbasin":"Lower Klamath","organization":"U.S. Geological Survey"},{"station_id":"1820","station_name":"Weitchpec Upstream","lat":41.186166,"lon":-123.70197,"waterbody":"Klamath River","subbasin":"Lower Klamath","organization":"U.S. Geological Survey"},{"station_id":"956","station_name":"Klamth River above Trintiy River -Sonde","lat":41.186194,"lon":-123.702289,"waterbody":"Klamath River","subbasin":"Lower Klamath","organization":"Yurok Tribal Environmental Department"},{"station_id":"911","station_name":"Saints Rest mouth","lat":41.188563,"lon":-123.683317,"waterbody":"Saints Rest Creek","subbasin":"Lower Klamath","organization":"Yurok Tribal Environmental Department"},{"station_id":"903","station_name":"upper sants spring","lat":41.192731,"lon":-123.68368,"waterbody":"Saints Rest Creek","subbasin":"Lower Klamath","organization":"Yurok Tribal Environmental Department"},{"station_id":"1883","station_name":"Klamath R Weitchpec u/s Yurok Tribal Office","lat":41.186617,"lon":-123.694753,"waterbody":"Klamath River","subbasin":"Lower Klamath","organization":"Yurok Tribal Fisheries Program"},{"station_id":"1006","station_name":"Klamath River at Weitchpec","lat":41.186719,"lon":-123.69505,"waterbody":"Klamath River","subbasin":"Lower Klamath","organization":"Yurok Tribal Fisheries Program"},{"station_id":"1760","station_name":"Weitchpec WQ","lat":41.1862,"lon":-123.701,"waterbody":"Klamath River","subbasin":"Lower Klamath","organization":"Yurok Tribe"}]}},{"type":"Feature","geometry":{"type":"Polygon","coordinates":[[[-123.71132828338162,41.19151924486361],[-123.70378724196182,41.20306248160934],[-123.71296620782229,41.213035955343464],[-123.72968594467325,41.21146515106853],[-123.7372232215395,41.1999219965803],[-123.72804452704258,41.18994956399347],[-123.71132828338162,41.19151924486361]]]},"properties":{"h3_index":"87280266dffffff","station_count":4,"program_id":"klamath_basin","program":"Klamath Basin","resolution":7,"stations":[{"station_id":"1517","station_name":"Bens, mouth","lat":41.19515,"lon":-123.71829,"waterbody":"Bens Creek","subbasin":"Lower Klamath","organization":"Yurok Tribal Environmental Department"},{"station_id":"929","station_name":"Gist, above intake","lat":41.202704,"lon":-123.709525,"waterbody":"Gist Creek","subbasin":"Lower Klamath","organization":"Yurok Tribal Environmental Department"},{"station_id":"1522","station_name":"Gist, mouth","lat":41.19233,"lon":-123.71413,"waterbody":"Gist Creek","subbasin":"Lower Klamath","organization":"Yurok Tribal Environmental Department"},{"station_id":"865","station_name":"Upper Bens creek","lat":41.207997,"lon":-123.713634,"waterbody":"Bens Creek","subbasin":"Lower Klamath","organization":"Yurok Tribal Environmental Department"}]}},{"type":"Feature","geometry":{"type":"Polygon","coordinates":[[[-123.53485977265161,41.19709804687204],[-123.52728824544741,41.2086361754613],[-123.53646059258685,41.21862891960526],[-123.55320422563051,41.217082492870595],[-123.56077200430889,41.205544433436884],[-123.55159989941218,41.19555273146737],[-123.53485977265161,41.19709804687204]]]},"properties":{"h3_index":"872802672ffffff","station_count":1,"program_id":"klamath_basin","program":"Klamath Basin","resolution":7,"stations":[{"station_id":"1844","station_name":"Red Cap Creek above Schnable Bar","lat":41.209346,"lon":-123.556865,"waterbody":"Red Cap Creek","subbasin":"Lower Klamath","organization":"U.S. Forest Service"}]}},{"type":"Feature","geometry":{"type":"Polygon","coordinates":[[[-123.25907025915592,41.23304186908199],[-123.25144913115376,41.24456929797641],[-123.26061337216069,41.254588464515855],[-123.27739854546223,41.25307915915398],[-123.2850159483884,41.241551778766976],[-123.27585190404577,41.23153365512129],[-123.25907025915592,41.23304186908199]]]},"properties":{"h3_index":"872802684ffffff","station_count":6,"program_id":"klamath_basin","program":"Klamath Basin","resolution":7,"stations":[{"station_id":"1278","station_name":"HOTE","lat":41.238773,"lon":-123.277631,"subbasin":"Salmon","organization":"Klamath Bird Observatory "},{"station_id":"2256","station_name":"South Fork Salmon River","lat":41.241414,"lon":-123.283033,"waterbody":"South Fork Salmon River","subbasin":"Salmon","organization":"Salmon River Restoration Council"},{"station_id":"2235","station_name":"Henry Bell","lat":41.241414,"lon":-123.283033,"waterbody":"South Fork Salmon River","subbasin":"Salmon","organization":"UC Berkeley/Karuk Tribe/Salmon River Restoration Council"},{"station_id":"2236","station_name":"Hotelling Campground","lat":41.240149,"lon":-123.275128,"waterbody":"South Fork Salmon River","subbasin":"Salmon","organization":"UC Berkeley/Karuk Tribe/Salmon River Restoration Council"},{"station_id":"2248","station_name":"Richard's Bridge","lat":41.239173,"lon":-123.278313,"waterbody":"South Fork Salmon River","subbasin":"Salmon","organization":"UC Berkeley/Karuk Tribe/Salmon River Restoration Council"},{"station_id":"2253","station_name":"Windy Bridge","lat":41.233126,"lon":-123.260474,"waterbody":"South Fork Salmon River","subbasin":"Salmon","organization":"UC Berkeley/Karuk Tribe/Salmon River Restoration Council"}]}},{"type":"Feature","geometry":{"type":"Polygon","coordinates":[[[-123.2850159483884,41.241551778766976],[-123.27739854546223,41.25307915915398],[-123.28656468922411,41.26309429317078],[-123.30334803585505,41.261581004141284],[-123.3109617105593,41.25005367408918],[-123.30179576781032,41.2400395826183],[-123.2850159483884,41.241551778766976]]]},"properties":{"h3_index":"872802685ffffff","station_count":10,"program_id":"klamath_basin","program":"Klamath Basin","resolution":7,"stations":[{"station_id":"124","station_name":"South Fork Salmon River at Missouri Bar","lat":41.250055,"lon":-123.304525,"waterbody":"South Fork Salmon River","subbasin":"Salmon","organization":"Karuk Tribe"},{"station_id":"780","station_name":"Knownothing Creek","lat":41.241816,"lon":-123.292808,"waterbody":"Knownothing Creek","subbasin":"Salmon","organization":"Salmon River Restoration Council"},{"station_id":"696","station_name":"Knownothing Creek Air","lat":41.241751,"lon":-123.292859,"subbasin":"Salmon","organization":"Salmon River Restoration Council"},{"station_id":"794","station_name":"S. Fork Salmon above Knownothing","lat":41.243963,"lon":-123.289819,"waterbody":"South Fork Salmon River","subbasin":"Salmon","organization":"Salmon River Restoration Council"},{"station_id":"750","station_name":"S. Fork Salmon below Knownothing","lat":41.243419,"lon":-123.293063,"waterbody":"South Fork Salmon River","subbasin":"Salmon","organization":"Salmon River Restoration Council"},{"station_id":"1085","station_name":"Knownothing","lat":41.242,"lon":-123.292999,"waterbody":"Knownothing Creek","subbasin":"Salmon","organization":"U.S. Forest Service"},{"station_id":"2373","station_name":"Knownothing Ck","lat":41.242864,"lon":-123.292319,"waterbody":"Knownothing Creek","subbasin":"Salmon","organization":"U.S. Forest Service"},{"station_id":"2418","station_name":"South Fk Salmon R downstream of Knownothing Ck","lat":41.243422,"lon":-123.292452,"waterbody":"South Fork Salmon River","subbasin":"Salmon","organization":"U.S. Forest Service"},{"station_id":"2421","station_name":"South Fk Salmon R upstream of Knownothing Ck","lat":41.243596,"lon":-123.2912,"waterbody":"South Fork Salmon River","subbasin":"Salmon","organization":"U.S. Forest Service"},{"station_id":"2240","station_name":"Kathy's Hole","lat":41.24453,"lon":-123.284729,"waterbody":"South Fork Salmon River","subbasin":"Salmon","organization":"UC Berkeley/Karuk Tribe/Salmon River Restoration Council"}]}},{"type":"Feature","geometry":{"type":"Polygon","coordinates":[[[-123.33846752970693,41.28008189852683],[-123.33085616132887,41.29160727783106],[-123.34002820090973,41.30161134934751],[-123.35681139976073,41.30008900013778],[-123.36441903183076,41.288563674735286],[-123.3552472023122,41.278560644526934],[-123.33846752970693,41.28008189852683]]]},"properties":{"h3_index":"87280268dffffff","station_count":3,"program_id":"klamath_basin","program":"Klamath Basin","resolution":7,"stations":[{"station_id":"666","station_name":"Crapo Creek","lat":41.292286,"lon":-123.361699,"waterbody":"Crapo Creek","subbasin":"Salmon","organization":"Salmon River Restoration Council"},{"station_id":"788","station_name":"Crapo Creek Air","lat":41.292318,"lon":-123.361349,"subbasin":"Salmon","organization":"Salmon River Restoration Council"},{"station_id":"1062","station_name":"Crapo","lat":41.293399,"lon":-123.357002,"waterbody":"Crapo Creek","subbasin":"Salmon","organization":"U.S. Forest Service"}]}},{"type":"Feature","geometry":{"type":"Polygon","coordinates":[[[-123.21177670268487,41.280647590631595],[-123.20414383029072,41.29216940634725],[-123.21331055304398,41.30218766688324],[-123.23010996016798,41.30068306960468],[-123.23773910839107,41.28916129847914],[-123.22857257462158,41.27914407992906],[-123.21177670268487,41.280647590631595]]]},"properties":{"h3_index":"872802691ffffff","station_count":4,"program_id":"klamath_basin","program":"Klamath Basin","resolution":7,"stations":[{"station_id":"1282","station_name":"NFS4","lat":41.299079,"lon":-123.225397,"subbasin":"Salmon","organization":"Klamath Bird Observatory "},{"station_id":"1283","station_name":"REDB","lat":41.298341,"lon":-123.228723,"subbasin":"Salmon","organization":"Klamath Bird Observatory "},{"station_id":"1699","station_name":"North Fork Salmon at Red Bank","lat":41.29864,"lon":-123.2275,"waterbody":"North Fork Salmon River","subbasin":"Salmon","organization":"Salmon River Restoration Council"},{"station_id":"2247","station_name":"Red Bank","lat":41.295774,"lon":-123.228486,"waterbody":"North Fork Salmon River","subbasin":"Salmon","organization":"UC Berkeley/Karuk Tribe/Salmon River Restoration Council"}]}},{"type":"Feature","geometry":{"type":"Polygon","coordinates":[[[-123.18734261362093,41.29367001317987],[-123.17970458282242,41.30518996490826],[-123.18887149053884,41.315209267242],[-123.2056762450525,41.31370757593674],[-123.21331055304398,41.30218766688324],[-123.20414383029072,41.29216940634725],[-123.18734261362093,41.29367001317987]]]},"properties":{"h3_index":"872802693ffffff","station_count":2,"program_id":"klamath_basin","program":"Klamath Basin","resolution":7,"stations":[{"station_id":"1281","station_name":"NFS3","lat":41.309144,"lon":-123.196445,"subbasin":"Salmon","organization":"Klamath Bird Observatory "},{"station_id":"2234","station_name":"Gallia","lat":41.313149,"lon":-123.190068,"waterbody":"North Fork Salmon River","subbasin":"Salmon","organization":"UC Berkeley/Karuk Tribe/Salmon River Restoration Council"}]}},{"type":"Feature","geometry":{"type":"Polygon","coordinates":[[[-123.23773910839107,41.28916129847914],[-123.23010996016798,41.30068306960468],[-123.23927859498976,41.31069729553712],[-123.25607618565276,41.309188708588344],[-123.26370160654439,41.29766698387785],[-123.25453316506388,41.287653799587915],[-123.23773910839107,41.28916129847914]]]},"properties":{"h3_index":"87280269cffffff","station_count":1,"program_id":"klamath_basin","program":"Klamath Basin","resolution":7,"stations":[{"station_id":"2221","station_name":"6 Mile","lat":41.291355,"lon":-123.243994,"waterbody":"North Fork Salmon River","subbasin":"Salmon","organization":"UC Berkeley/Karuk Tribe/Salmon River Restoration Council"}]}},{"type":"Feature","geometry":{"type":"Polygon","coordinates":[[[-123.25752781503178,41.211490389115276],[-123.24990811696682,41.22301971430801],[-123.25907025915592,41.23304186908199],[-123.27585190404577,41.23153365512129],[-123.28346787883599,41.220004378521516],[-123.27430593296727,41.2099832671764],[-123.25752781503178,41.211490389115276]]]},"properties":{"h3_index":"8728026a2ffffff","station_count":1,"program_id":"klamath_basin","program":"Klamath Basin","resolution":7,"stations":[{"station_id":"1091","station_name":"Methodist","lat":41.221698,"lon":-123.250999,"waterbody":"Methodist Creek","subbasin":"Salmon","organization":"U.S. Forest Service"}]}},{"type":"Feature","geometry":{"type":"Polygon","coordinates":[[[-123.3109617105593,41.25005367408918],[-123.30334803585505,41.261581004141284],[-123.31251607862208,41.27159210459176],[-123.3292975916869,41.27007483268098],[-123.33690753502776,41.25854755479162],[-123.32773969762205,41.248537496536706],[-123.3109617105593,41.25005367408918]]]},"properties":{"h3_index":"8728026aaffffff","station_count":13,"program_id":"klamath_basin","program":"Klamath Basin","resolution":7,"stations":[{"station_id":"2255","station_name":"North Fork Salmon River","lat":41.264737,"lon":-123.307973,"waterbody":"North Fork Salmon River","subbasin":"Salmon","organization":"Salmon River Restoration Council"},{"station_id":"718","station_name":"North Fork Salmon River above Forks","lat":41.258607,"lon":-123.321021,"waterbody":"North Fork Salmon River","subbasin":"Salmon","organization":"Salmon River Restoration Council"},{"station_id":"663","station_name":"Salmon River below Forks","lat":41.260152,"lon":-123.329128,"waterbody":"Salmon River","subbasin":"Salmon","organization":"Salmon River Restoration Council"},{"station_id":"694","station_name":"South Fork Salmon River above Forks","lat":41.256752,"lon":-123.320152,"waterbody":"South Fork Salmon River","subbasin":"Salmon","organization":"Salmon River Restoration Council"},{"station_id":"2391","station_name":"North Fk Salmon R upstream of Forks","lat":41.258921,"lon":-123.320765,"waterbody":"North Fork Salmon River","subbasin":"Salmon","organization":"U.S. Forest Service"},{"station_id":"466","station_name":"North Fork Salmon, upstream of Forks","lat":41.26453,"lon":-123.30803,"waterbody":"North Fork Salmon River","subbasin":"Salmon","organization":"U.S. Forest Service"},{"station_id":"2401","station_name":"Salmon R below Forks","lat":41.25614,"lon":-123.326362,"waterbody":"Salmon River","subbasin":"Salmon","organization":"U.S. Forest Service"},{"station_id":"2420","station_name":"South Fk Salmon R upstream of Forks","lat":41.256716,"lon":-123.319978,"waterbody":"South Fork Salmon River","subbasin":"Salmon","organization":"U.S. Forest Service"},{"station_id":"589","station_name":"South Fork Salmon River, upstream of forks","lat":41.25425,"lon":-123.31602,"waterbody":"South Fork Salmon River","subbasin":"Salmon","organization":"U.S. Forest Service"},{"station_id":"2224","station_name":"Below Forks School","lat":41.259005,"lon":-123.329947,"waterbody":"Salmon River","subbasin":"Salmon","organization":"UC Berkeley/Karuk Tribe/Salmon River Restoration Council"},{"station_id":"2230","station_name":"Dump Site","lat":41.264737,"lon":-123.307973,"waterbody":"North Fork Salmon River","subbasin":"Salmon","organization":"UC Berkeley/Karuk Tribe/Salmon River Restoration Council"},{"station_id":"2232","station_name":"Forks School Hole","lat":41.25756,"lon":-123.32963,"waterbody":"Salmon River","subbasin":"Salmon","organization":"UC Berkeley/Karuk Tribe/Salmon River Restoration Council"},{"station_id":"2246","station_name":"Post Office","lat":41.25693,"lon":-123.323123,"waterbody":"Salmon River","subbasin":"Salmon","organization":"UC Berkeley/Karuk Tribe/Salmon River Restoration Council"}]}},{"type":"Feature","geometry":{"type":"Polygon","coordinates":[[[-123.20564795058193,41.19443837694291],[-123.19802081541825,41.20596779383869],[-123.20717914206816,41.215998007707796],[-123.22396441721165,41.21449776045218],[-123.23158783540259,41.202968388494234],[-123.22242969638086,41.19293921874137],[-123.20564795058193,41.19443837694291]]]},"properties":{"h3_index":"8728026b4ffffff","station_count":5,"program_id":"klamath_basin","program":"Klamath Basin","resolution":7,"stations":[{"station_id":"654","station_name":"Black Bear Creek","lat":41.204393,"lon":-123.224449,"waterbody":"Black Bear Creek","subbasin":"Salmon","organization":"Salmon River Restoration Council"},{"station_id":"807","station_name":"South Fork Salmon above Black Bear Creek","lat":41.203319,"lon":-123.224345,"waterbody":"South Fork Salmon River","subbasin":"Salmon","organization":"Salmon River Restoration Council"},{"station_id":"1049","station_name":"Black Bear","lat":41.204601,"lon":-123.223999,"waterbody":"Black Bear Creek","subbasin":"Salmon","organization":"U.S. Forest Service"},{"station_id":"2323","station_name":"Black Bear Ck","lat":41.204634,"lon":-123.224175,"waterbody":"Black Bear Creek","subbasin":"Salmon","organization":"U.S. Forest Service"},{"station_id":"2419","station_name":"South Fk Salmon R upstream of Black Bear Ck","lat":41.203525,"lon":-123.224588,"waterbody":"South Fork Salmon River","subbasin":"Salmon","organization":"U.S. Forest Service"}]}},{"type":"Feature","geometry":{"type":"Polygon","coordinates":[[[-123.23158783540259,41.202968388494234],[-123.22396441721165,41.21449776045218],[-123.23312465350237,41.22452394530246],[-123.24990811696682,41.22301971430801],[-123.25752781503178,41.211490389115276],[-123.24836777071539,41.201465248038865],[-123.23158783540259,41.202968388494234]]]},"properties":{"h3_index":"8728026b5ffffff","station_count":5,"program_id":"klamath_basin","program":"Klamath Basin","resolution":7,"stations":[{"station_id":"14","station_name":"South Fork Salmon River at Methodist Gorge","lat":41.219106,"lon":-123.239167,"waterbody":"South Fork Salmon River","subbasin":"Salmon","organization":"Karuk Tribe"},{"station_id":"678","station_name":"Methodist Creek","lat":41.222106,"lon":-123.25005,"waterbody":"Methodist Creek","subbasin":"Salmon","organization":"Salmon River Restoration Council"},{"station_id":"743","station_name":"Methodist Creek Air","lat":41.221962,"lon":-123.250387,"subbasin":"Salmon","organization":"Salmon River Restoration Council"},{"station_id":"2378","station_name":"Methodist Ck","lat":41.221974,"lon":-123.250302,"waterbody":"Methodist Creek","subbasin":"Salmon","organization":"U.S. Forest Service"},{"station_id":"2223","station_name":"Across River from Methodist Creek","lat":41.2223,"lon":-123.24972,"waterbody":"South Fork Salmon River","subbasin":"Salmon","organization":"UC Berkeley/Karuk Tribe/Salmon River Restoration Council"}]}},{"type":"Feature","geometry":{"type":"Polygon","coordinates":[[[-123.47140364048698,41.36542362956285],[-123.46380815147361,41.37694491721375],[-123.47299382575267,41.38692278529505],[-123.4897747574473,41.38537832717464],[-123.49736649089154,41.37385710237862],[-123.4881810491609,41.3638802727332],[-123.47140364048698,41.36542362956285]]]},"properties":{"h3_index":"8728026caffffff","station_count":13,"program_id":"klamath_basin","program":"Klamath Basin","resolution":7,"stations":[{"station_id":"93","station_name":"Salmon River at Hippo Rock","lat":41.37707,"lon":-123.477084,"waterbody":"Salmon River","subbasin":"Salmon","organization":"Karuk Tribe"},{"station_id":"287","station_name":"Salmon River near mouth","lat":41.377331,"lon":-123.477297,"waterbody":"Salmon River","subbasin":"Salmon","organization":"Karuk Tribe"},{"station_id":"1839","station_name":"Klamath River below Salmon River","lat":41.36976,"lon":-123.489902,"waterbody":"Klamath River","subbasin":"Lower Klamath","organization":"U.S. Forest Service"},{"station_id":"2459","station_name":"Lower Salmon River","lat":41.377833,"lon":-123.47625,"waterbody":"Salmon River","subbasin":"Salmon","organization":"U.S. Forest Service"},{"station_id":"334","station_name":"Mouth of Salmon (Somes Bar)","lat":41.37746,"lon":-123.476874,"waterbody":"Salmon River","subbasin":"Salmon","organization":"U.S. Forest Service"},{"station_id":"2403","station_name":"Salmon R near mouth","lat":41.377404,"lon":-123.479921,"waterbody":"Salmon River","subbasin":"Salmon","organization":"U.S. Forest Service"},{"station_id":"1848","station_name":"Salmon River at USGS gauge","lat":41.377183,"lon":-123.477538,"waterbody":"Salmon River","subbasin":"Salmon","organization":"U.S. Forest Service"},{"station_id":"561","station_name":"Salmon River, about a mile above mouth","lat":41.37802,"lon":-123.48275,"waterbody":"Salmon River","subbasin":"Salmon","organization":"U.S. Forest Service"},{"station_id":"1738","station_name":"Salmon R at Somes Bar","lat":41.378,"lon":-123.476,"waterbody":"Salmon River","subbasin":"Salmon","organization":"U.S. Geological Survey"},{"station_id":"876","station_name":"Salmon River at Somes Bar","lat":41.376499,"lon":-123.476997,"waterbody":"Salmon River","subbasin":"Salmon","organization":"U.S. Geological Survey"},{"station_id":"1739","station_name":"Salmon River at Somes Bar","lat":41.37651,"lon":-123.47701,"waterbody":"Salmon River","subbasin":"Salmon","organization":"U.S. Geological Survey"},{"station_id":"2222","station_name":"Above Hippo Rock","lat":41.377281,"lon":-123.48041,"waterbody":"Salmon River","subbasin":"Salmon","organization":"UC Berkeley/Karuk Tribe/Salmon River Restoration Council"},{"station_id":"2233","station_name":"Gage Site","lat":41.37652,"lon":-123.47689,"waterbody":"Salmon River","subbasin":"Salmon","organization":"UC Berkeley/Karuk Tribe/Salmon River Restoration Council"}]}},{"type":"Feature","geometry":{"type":"Polygon","coordinates":[[[-123.49736649089154,41.37385710237862],[-123.4897747574473,41.38537832717464],[-123.49896230616078,41.39535215043647],[-123.51574135236466,41.39380371072039],[-123.52332932712525,41.38228255060756],[-123.51414201531529,41.37230976541245],[-123.49736649089154,41.37385710237862]]]},"properties":{"h3_index":"8728026cbffffff","station_count":1,"program_id":"klamath_basin","program":"Klamath Basin","resolution":7,"stations":[{"station_id":"1832","station_name":"Klamath River above Salmon River","lat":41.378925,"lon":-123.497852,"waterbody":"Klamath River","subbasin":"Middle Klamath","organization":"U.S. Forest Service"}]}},{"type":"Feature","geometry":{"type":"Polygon","coordinates":[[[-123.49417693535278,41.3308522822356],[-123.48658803174116,41.34237731070459],[-123.49577136743795,41.35235714483676],[-123.512543371532,41.35081091125012],[-123.52012852010053,41.33928594765504],[-123.51094542056666,41.32930715265769],[-123.49417693535278,41.3308522822356]]]},"properties":{"h3_index":"8728026ccffffff","station_count":2,"program_id":"klamath_basin","program":"Klamath Basin","resolution":7,"stations":[{"station_id":"1831","station_name":"Klamath River above Pearch Creek","lat":41.335852,"lon":-123.510443,"waterbody":"Klamath River","subbasin":"Lower Klamath","organization":"U.S. Forest Service"},{"station_id":"629","station_name":"Somes Bar","lat":41.333,"lon":-123.5,"subbasin":"Lower Klamath","organization":"U.S. Forest Service"}]}},{"type":"Feature","geometry":{"type":"Polygon","coordinates":[[[-123.36755231040186,41.33160949586933],[-123.3599418303491,41.34313101666325],[-123.36911996917426,41.353125053996365],[-123.3859083738813,41.35159653053458],[-123.39351511086909,41.34007506528557],[-123.38433718716936,41.33008206783925],[-123.36755231040186,41.33160949586933]]]},"properties":{"h3_index":"8728026d0ffffff","station_count":2,"program_id":"klamath_basin","program":"Klamath Basin","resolution":7,"stations":[{"station_id":"2398","station_name":"Portuguese Ck (Salmon R)","lat":41.335787,"lon":-123.370942,"waterbody":"Portuguese Creek","subbasin":"Salmon","organization":"U.S. Forest Service"},{"station_id":"632","station_name":"Portuguese Creek (Salmon), just upstream from mouth","lat":41.33549,"lon":-123.3711,"waterbody":"Portuguese Creek","subbasin":"Salmon","organization":"U.S. Forest Service"}]}},{"type":"Feature","geometry":{"type":"Polygon","coordinates":[[[-123.36598533143396,41.31008903463354],[-123.35837627562664,41.32161245899998],[-123.36755231040186,41.33160949586933],[-123.38433718716936,41.33008206783925],[-123.39194250172378,41.318558699110966],[-123.3827666817176,41.308562702660474],[-123.36598533143396,41.31008903463354]]]},"properties":{"h3_index":"8728026d4ffffff","station_count":2,"program_id":"klamath_basin","program":"Klamath Basin","resolution":7,"stations":[{"station_id":"2384","station_name":"Morehouse Ck","lat":41.318634,"lon":-123.379938,"waterbody":"Morehouse Creek","subbasin":"Salmon","organization":"U.S. Forest Service"},{"station_id":"599","station_name":"Morehouse Creek, just upstream from mouth","lat":41.31859,"lon":-123.38084,"waterbody":"Morehouse Creek","subbasin":"Salmon","organization":"U.S. Forest Service"}]}},{"type":"Feature","geometry":{"type":"Polygon","coordinates":[[[-123.39194250172378,41.318558699110966],[-123.38433718716936,41.33008206783925],[-123.39351511086909,41.34007506528557],[-123.41029813095389,41.338543653829056],[-123.41789970112421,41.3270203425665],[-123.40872199654687,41.317028385180436],[-123.39194250172378,41.318558699110966]]]},"properties":{"h3_index":"8728026d5ffffff","station_count":2,"program_id":"klamath_basin","program":"Klamath Basin","resolution":7,"stations":[{"station_id":"695","station_name":"Butler Creek","lat":41.336218,"lon":-123.409295,"waterbody":"Butler Creek","subbasin":"Salmon","organization":"Salmon River Restoration Council"},{"station_id":"2325","station_name":"Butler Ck","lat":41.336143,"lon":-123.40932,"waterbody":"Butler Creek","subbasin":"Salmon","organization":"U.S. Forest Service"}]}},{"type":"Feature","geometry":{"type":"Polygon","coordinates":[[[-123.42105686311467,41.370039973436384],[-123.41345245119962,41.381559475398525],[-123.42263647147026,41.39154242593736],[-123.43942468040919,41.3900048357642],[-123.44702534118095,41.378485392905155],[-123.43784154511025,41.368503481001575],[-123.42105686311467,41.370039973436384]]]},"properties":{"h3_index":"8728026d8ffffff","station_count":8,"program_id":"klamath_basin","program":"Klamath Basin","resolution":7,"stations":[{"station_id":"150","station_name":"Salmon River at Brannon's Bar","lat":41.374614,"lon":-123.432759,"waterbody":"Salmon River","subbasin":"Salmon","organization":"Karuk Tribe"},{"station_id":"105","station_name":"Wooley Creek (Tributary of Salmon River)","lat":41.378498,"lon":-123.422241,"waterbody":"Wooley Creek","subbasin":"Salmon","organization":"Karuk Tribe"},{"station_id":"2460","station_name":"Lower Wooley Creek","lat":41.377639,"lon":-123.423111,"waterbody":"Wooley Creek","subbasin":"Salmon","organization":"U.S. Forest Service"},{"station_id":"1849","station_name":"Salmon River at Wooley pool","lat":41.376627,"lon":-123.422131,"waterbody":"Salmon River","subbasin":"Salmon","organization":"U.S. Forest Service"},{"station_id":"2462","station_name":"Upper Salmon River","lat":41.375972,"lon":-123.420778,"waterbody":"Salmon River","subbasin":"Salmon","organization":"U.S. Forest Service"},{"station_id":"383","station_name":"Wooley Creek","lat":41.377624,"lon":-123.423031,"waterbody":"Wooley Creek","subbasin":"Salmon","organization":"U.S. Forest Service"},{"station_id":"1858","station_name":"Wooley Creek near mouth","lat":41.378581,"lon":-123.421256,"waterbody":"Wooley Creek","subbasin":"Salmon","organization":"U.S. Forest Service"},{"station_id":"2243","station_name":"Lower Wooley Creek","lat":41.37829,"lon":-123.42303,"waterbody":"Wooley Creek","subbasin":"Salmon","organization":"UC Berkeley/Karuk Tribe/Salmon River Restoration Council"}]}},{"type":"Feature","geometry":{"type":"Polygon","coordinates":[[[-123.51693048634874,41.29626973710841],[-123.50934816197145,41.30779849406701],[-123.51852915678955,41.31778029111423],[-123.53529223716394,41.31623229125013],[-123.54287080703058,41.304703601180336],[-123.53369005197999,41.29472284397075],[-123.51693048634874,41.29626973710841]]]},"properties":{"h3_index":"8728026e8ffffff","station_count":12,"program_id":"klamath_basin","program":"Klamath Basin","resolution":7,"stations":[{"station_id":"196","station_name":"Klamath River at Orleans","lat":41.307133,"lon":-123.5311,"waterbody":"Klamath River","subbasin":"Lower Klamath","organization":"Karuk Tribe"},{"station_id":"139","station_name":"Pearch Creek","lat":41.309354,"lon":-123.520234,"waterbody":"Pearch Creek","subbasin":"Lower Klamath","organization":"Karuk Tribe"},{"station_id":"1617","station_name":"Klamath River at Orleans","lat":41.307133,"lon":-123.5311,"waterbody":"Klamath River","subbasin":"Lower Klamath","organization":"Karuk Tribe/RES"},{"station_id":"1196","station_name":"Orleans","lat":41.30549,"lon":-123.533,"waterbody":"Klamath River","subbasin":"Middle Klamath","organization":"Klamath Tribal Water Quality Consortium"},{"station_id":"294","station_name":"Klamath River at Orleans","lat":41.310553,"lon":-123.527496,"waterbody":"Klamath River","subbasin":"Lower Klamath","organization":"Oregon State University"},{"station_id":"226","station_name":"Klamath River at Orleans","lat":41.307133,"lon":-123.5311,"waterbody":"Klamath River","subbasin":"Lower Klamath","organization":"Oregon State University"},{"station_id":"347","station_name":"Klamath River at Orleans","lat":41.303333,"lon":-123.533333,"waterbody":"Klamath River","subbasin":"Lower Klamath","organization":"U.S. Fish and Wildlife Service"},{"station_id":"1830","station_name":"Klamath River above Camp Creek","lat":41.301885,"lon":-123.536214,"waterbody":"Klamath River","subbasin":"Lower Klamath","organization":"U.S. Forest Service"},{"station_id":"1842","station_name":"Pearch Creek near campground","lat":41.308585,"lon":-123.514953,"waterbody":"Pearch Creek","subbasin":"Lower Klamath","organization":"U.S. Forest Service"},{"station_id":"1843","station_name":"Pearch Creek near mouth","lat":41.311698,"lon":-123.524233,"waterbody":"Pearch Creek","subbasin":"Lower Klamath","organization":"U.S. Forest Service"},{"station_id":"949","station_name":"Klamath River at Orleans","lat":41.303398,"lon":-123.533996,"waterbody":"Klamath River","subbasin":"Lower Klamath","organization":"U.S. Geological Survey"},{"station_id":"1747","station_name":"Klamath River at Orleans","lat":41.30346,"lon":-123.5345,"waterbody":"Klamath River","subbasin":"Lower Klamath","organization":"USGS/DWR"}]}},{"type":"Feature","geometry":{"type":"Polygon","coordinates":[[[-123.54287080703058,41.304703601180336],[-123.53529223716394,41.31623229125013],[-123.54447509655819,41.32621004694756],[-123.56123628265381,41.32465807299553],[-123.5688110949115,41.313129451645906],[-123.55962847962803,41.30315273541287],[-123.54287080703058,41.304703601180336]]]},"properties":{"h3_index":"8728026e9ffffff","station_count":1,"program_id":"klamath_basin","program":"Klamath Basin","resolution":7,"stations":[{"station_id":"2226","station_name":"Camp Creek","lat":41.314177,"lon":-123.563064,"waterbody":"Camp Creek","subbasin":"Lower Klamath","organization":"UC Berkeley/Karuk Tribe/Salmon River Restoration Council"}]}},{"type":"Feature","geometry":{"type":"Polygon","coordinates":[[[-123.51852915678955,41.31778029111423],[-123.51094542056666,41.32930715265769],[-123.52012852010053,41.33928594765504],[-123.53689511666472,41.33773684169387],[-123.54447509655819,41.32621004694756],[-123.53529223716394,41.31623229125013],[-123.51852915678955,41.31778029111423]]]},"properties":{"h3_index":"8728026ebffffff","station_count":4,"program_id":"klamath_basin","program":"Klamath Basin","resolution":7,"stations":[{"station_id":"159","station_name":"Wilson Creek","lat":41.33782,"lon":-123.52027,"waterbody":"Wilson Creek","subbasin":"Lower Klamath","organization":"Karuk Tribe"},{"station_id":"224","station_name":"Orleans Dolans Bar River Access","lat":41.318414,"lon":-123.524814,"waterbody":"Klamath River","subbasin":"Lower Klamath","organization":"Oregon State University"},{"station_id":"1875","station_name":"Klamath R across river from Dolans bar river access","lat":41.318197,"lon":-123.528275,"waterbody":"Klamath River","subbasin":"Middle Klamath","organization":"Yurok Tribal Fisheries Program"},{"station_id":"1001","station_name":"Klamath Rivet at Dolans","lat":41.317828,"lon":-123.528117,"waterbody":"Klamath River","subbasin":"Lower Klamath","organization":"Yurok Tribal Fisheries Program"}]}},{"type":"Feature","geometry":{"type":"Polygon","coordinates":[[[-123.54126721231823,41.2831922611126],[-123.53369005197999,41.29472284397075],[-123.54287080703058,41.304703601180336],[-123.55962847962803,41.30315273541287],[-123.56720188417651,41.291622221365394],[-123.55802137286226,41.28164250415952],[-123.54126721231823,41.2831922611126]]]},"properties":{"h3_index":"8728026edffffff","station_count":4,"program_id":"klamath_basin","program":"Klamath Basin","resolution":7,"stations":[{"station_id":"37","station_name":"Camp Creek","lat":41.295719,"lon":-123.557587,"waterbody":"Camp Creek","subbasin":"Lower Klamath","organization":"Karuk Tribe"},{"station_id":"2458","station_name":"Camp Creek above Hwy 96 Bridge","lat":41.300861,"lon":-123.559222,"waterbody":"Camp Creek","subbasin":"Lower Klamath","organization":"U.S. Forest Service"},{"station_id":"1828","station_name":"Camp Creek below HWY 96 bridge","lat":41.296936,"lon":-123.557639,"waterbody":"Camp Creek","subbasin":"Lower Klamath","organization":"U.S. Forest Service"},{"station_id":"1837","station_name":"Klamath River below Camp Creek","lat":41.294265,"lon":-123.564342,"waterbody":"Klamath River","subbasin":"Lower Klamath","organization":"U.S. Forest Service"}]}},{"type":"Feature","geometry":{"type":"Polygon","coordinates":[[[-123.36441903183076,41.288563674735286],[-123.35681139976073,41.30008900013778],[-123.36598533143396,41.31008903463354],[-123.3827666817176,41.308562702660474],[-123.39037057434562,41.2970374329876],[-123.38119685708546,41.287038439444125],[-123.36441903183076,41.288563674735286]]]},"properties":{"h3_index":"8728026f2ffffff","station_count":10,"program_id":"klamath_basin","program":"Klamath Basin","resolution":7,"stations":[{"station_id":"717","station_name":"Mainstem Salmon above Nordheimer","lat":41.296008,"lon":-123.360538,"waterbody":"Salmon River","subbasin":"Salmon","organization":"Salmon River Restoration Council"},{"station_id":"720","station_name":"Mainstem Salmon at Crapo Creek","lat":41.292343,"lon":-123.362943,"waterbody":"Salmon River","subbasin":"Salmon","organization":"Salmon River Restoration Council"},{"station_id":"664","station_name":"Mainstem Salmon below Nordheimer Creek","lat":41.297996,"lon":-123.358975,"waterbody":"Salmon River","subbasin":"Salmon","organization":"Salmon River Restoration Council"},{"station_id":"747","station_name":"Nordheimer Creek","lat":41.297303,"lon":-123.361096,"waterbody":"Nordheimer Creek","subbasin":"Salmon","organization":"Salmon River Restoration Council"},{"station_id":"1096","station_name":"Nordheimer","lat":41.296501,"lon":-123.363998,"waterbody":"Nordheimer Creek","subbasin":"Salmon","organization":"U.S. Forest Service"},{"station_id":"2385","station_name":"Nordheimer Ck","lat":41.29721,"lon":-123.361204,"waterbody":"Nordheimer Creek","subbasin":"Salmon","organization":"U.S. Forest Service"},{"station_id":"2402","station_name":"Salmon R downstream of Nordheimer Ck","lat":41.29746,"lon":-123.359127,"waterbody":"Salmon River","subbasin":"Salmon","organization":"U.S. Forest Service"},{"station_id":"2404","station_name":"Salmon R upstream of Nordheimer Ck","lat":41.295671,"lon":-123.360885,"waterbody":"Salmon River","subbasin":"Salmon","organization":"U.S. Forest Service"},{"station_id":"2244","station_name":"Nordheimer Creek Above Bridge","lat":41.29683,"lon":-123.3638,"waterbody":"Nordheimer Creek","subbasin":"Salmon","organization":"UC Berkeley/Karuk Tribe/Salmon River Restoration Council"},{"station_id":"2245","station_name":"Nordheimer Refugia","lat":41.2973,"lon":-123.35928,"waterbody":"Salmon River","subbasin":"Salmon","organization":"UC Berkeley/Karuk Tribe/Salmon River Restoration Council"}]}},{"type":"Feature","geometry":{"type":"Polygon","coordinates":[[[-123.34100576367102,40.96509848329679],[-123.33341942684812,40.97665201743206],[-123.34256192531777,40.986696784455226],[-123.35929055243446,40.98518696811407],[-123.36687317682495,40.97363349087261],[-123.35773088747617,40.963589772965484],[-123.34100576367102,40.96509848329679]]]},"properties":{"h3_index":"872802736ffffff","station_count":1,"program_id":"klamath_basin","program":"Klamath Basin","resolution":7,"stations":[{"station_id":"1902","station_name":"New R Mid","lat":40.968908,"lon":-123.346779,"waterbody":"New River","subbasin":"Trinity","organization":"U.S. Forest Service"}]}},{"type":"Feature","geometry":{"type":"Polygon","coordinates":[[[-123.62716535808507,41.08009822481853],[-123.6196186316048,41.09164917020771],[-123.62878369456446,41.10164670804811],[-123.64549522805879,41.10009225586491],[-123.65303820641115,41.08854138752545],[-123.64387340033211,41.07854489420428],[-123.62716535808507,41.08009822481853]]]},"properties":{"h3_index":"872802741ffffff","station_count":1,"program_id":"klamath_basin","program":"Klamath Basin","resolution":7,"stations":[{"station_id":"133","station_name":"Big_Hill","lat":41.1,"lon":-123.64,"subbasin":"Trinity","organization":"Hoopa Tribe"}]}},{"type":"Feature","geometry":{"type":"Polygon","coordinates":[[[-123.68054048714893,41.11851683645012],[-123.67299986677364,41.130065761670956],[-123.68217070126009,41.14005225020435],[-123.69888189117246,41.138488770205996],[-123.70641875549985,41.12693992564018],[-123.69724818689636,41.11695448030207],[-123.68054048714893,41.11851683645012]]]},"properties":{"h3_index":"872802749ffffff","station_count":1,"program_id":"klamath_basin","program":"Klamath Basin","resolution":7,"stations":[{"station_id":"1494","station_name":"TR_NORTON","lat":41.138643,"lon":-123.685352,"waterbody":"Trinity River","subbasin":"Trinity","organization":"Hoopa Tribe"}]}},{"type":"Feature","geometry":{"type":"Polygon","coordinates":[[[-123.65628675532659,41.13162528865425],[-123.6487409864467,41.143172425821305],[-123.65791208288981,41.15315995738154],[-123.67462868719124,41.151599308632385],[-123.68217070126009,41.14005225020435],[-123.67299986677364,41.130065761670956],[-123.65628675532659,41.13162528865425]]]},"properties":{"h3_index":"87280274bffffff","station_count":2,"program_id":"klamath_basin","program":"Klamath Basin","resolution":7,"stations":[{"station_id":"107","station_name":"Trinity River Gorge","lat":41.14,"lon":-123.68,"waterbody":"Trinity River","subbasin":"Trinity","organization":"Hoopa Tribe"},{"station_id":"33","station_name":"Trinity River Gorge","lat":41.14,"lon":-123.68,"waterbody":"Trinity River","subbasin":"Trinity","organization":"Hoopa Tribe"}]}},{"type":"Feature","geometry":{"type":"Polygon","coordinates":[[[-123.67891097717765,41.09697656983222],[-123.67137175000786,41.10852735928191],[-123.68054048714893,41.11851683645012],[-123.69724818689636,41.11695448030207],[-123.70478365983357,41.10540377158248],[-123.69561518818895,41.09541533816529],[-123.67891097717765,41.09697656983222]]]},"properties":{"h3_index":"87280274dffffff","station_count":2,"program_id":"klamath_basin","program":"Klamath Basin","resolution":7,"stations":[{"station_id":"1495","station_name":"Red Rock","lat":41.10679,"lon":-123.688768,"waterbody":"Trinity River","subbasin":"Trinity","organization":"Hoopa Tribe"},{"station_id":"1496","station_name":"Red Rock Riverbar","lat":41.105409,"lon":-123.691381,"waterbody":"Trinity River","subbasin":"Trinity","organization":"Hoopa Tribe"}]}},{"type":"Feature","geometry":{"type":"Polygon","coordinates":[[[-123.5559568930587,41.14093490734609],[-123.54839332857466,41.15247859904422],[-123.55756123592943,41.16247628186364],[-123.57429246326086,41.16092922942709],[-123.58185228157369,41.14938560896145],[-123.57268461966635,41.13938896958497],[-123.5559568930587,41.14093490734609]]]},"properties":{"h3_index":"87280275affffff","station_count":1,"program_id":"klamath_basin","program":"Klamath Basin","resolution":7,"stations":[{"station_id":"1502","station_name":"Upper Mill Creek","lat":41.1554,"lon":-123.5753,"waterbody":"Mill Creek","subbasin":"Trinity","organization":"Hoopa Tribe"}]}},{"type":"Feature","geometry":{"type":"Polygon","coordinates":[[[-123.6223145405238,41.01542371878409],[-123.61477200159494,41.02698024186545],[-123.62393078151469,41.03698672566386],[-123.64063184555646,41.035435640073146],[-123.64817064178541,41.02387919425283],[-123.6390121176059,41.013873756647186],[-123.6223145405238,41.01542371878409]]]},"properties":{"h3_index":"872802760ffffff","station_count":5,"program_id":"klamath_basin","program":"Klamath Basin","resolution":7,"stations":[{"station_id":"1491","station_name":"Hostler Creek","lat":41.02544,"lon":-123.639049,"waterbody":"Hostler Creek","subbasin":"Trinity","organization":"Hoopa Tribe"},{"station_id":"1488","station_name":"Lower Tish Tang Creek","lat":41.025969,"lon":-123.640124,"waterbody":"Tish Tang Creek","subbasin":"Trinity","organization":"Hoopa Tribe"},{"station_id":"1498","station_name":"South Boundary","lat":41.017311,"lon":-123.635596,"waterbody":"Trinity River","subbasin":"Trinity","organization":"Hoopa Tribe"},{"station_id":"1490","station_name":"Tish Tang Campground","lat":41.020446,"lon":-123.635142,"waterbody":"Trinity River","subbasin":"Trinity","organization":"Hoopa Tribe"},{"station_id":"163","station_name":"Tish Tang Creek","lat":41.03,"lon":-123.64,"waterbody":"Tish Tang Creek","subbasin":"Trinity","organization":"Hoopa Tribe"}]}},{"type":"Feature","geometry":{"type":"Polygon","coordinates":[[[-123.64817064178541,41.02387919425283],[-123.64063184555646,41.035435640073146],[-123.649792462763,41.04543809819904],[-123.66649161709095,41.043883064578644],[-123.67402666757044,41.03232669786121],[-123.66486631040387,41.02232528554608],[-123.64817064178541,41.02387919425283]]]},"properties":{"h3_index":"872802761ffffff","station_count":1,"program_id":"klamath_basin","program":"Klamath Basin","resolution":7,"stations":[{"station_id":"1492","station_name":"Medildin Village","lat":41.037061,"lon":-123.668575,"waterbody":"Trinity River","subbasin":"Trinity","organization":"Hoopa Tribe"}]}},{"type":"Feature","geometry":{"type":"Polygon","coordinates":[[[-123.62069899712985,40.99385587974534],[-123.61315785307174,41.00541425689902],[-123.6223145405238,41.01542371878409],[-123.6390121176059,41.013873756647186],[-123.6465495207709,41.002315456821506],[-123.63739308867973,40.99230704168979],[-123.62069899712985,40.99385587974534]]]},"properties":{"h3_index":"872802764ffffff","station_count":1,"program_id":"klamath_basin","program":"Klamath Basin","resolution":7,"stations":[{"station_id":"127","station_name":"Trinity River South","lat":41.01,"lon":-123.63,"waterbody":"Trinity River","subbasin":"Trinity","organization":"Hoopa Tribe"}]}},{"type":"Feature","geometry":{"type":"Polygon","coordinates":[[[-123.6465495207709,41.002315456821506],[-123.6390121176059,41.013873756647186],[-123.64817064178541,41.02387919425283],[-123.66486631040387,41.02232528554608],[-123.67239996962788,41.01076706489083],[-123.66324170510629,41.000762673656766],[-123.6465495207709,41.002315456821506]]]},"properties":{"h3_index":"872802765ffffff","station_count":2,"program_id":"klamath_basin","program":"Klamath Basin","resolution":7,"stations":[{"station_id":"170","station_name":"Campbell Creek","lat":41.02,"lon":-123.65,"waterbody":"Campbell Creek","subbasin":"Trinity","organization":"Hoopa Tribe"},{"station_id":"1482","station_name":"Lower Campbell Creek","lat":41.022511,"lon":-123.649183,"waterbody":"Campbell Creek","subbasin":"Trinity","organization":"Hoopa Tribe"}]}},{"type":"Feature","geometry":{"type":"Polygon","coordinates":[[[-123.6756540678413,41.053881496023784],[-123.66811762561917,41.06543600622534],[-123.67728217089281,41.075431454853366],[-123.69398289459588,41.07387134829794],[-123.70151558621211,41.0623169189715],[-123.69235130566317,41.05232251520993],[-123.6756540678413,41.053881496023784]]]},"properties":{"h3_index":"872802768ffffff","station_count":3,"program_id":"klamath_basin","program":"Klamath Basin","resolution":7,"stations":[{"station_id":"22","station_name":"Hostler Creek","lat":41.07,"lon":-123.68,"waterbody":"Hostler Creek","subbasin":"Trinity","organization":"Hoopa Tribe"},{"station_id":"1487","station_name":"Lower Supply Creek","lat":41.053784,"lon":-123.676885,"waterbody":"Supply Creek","subbasin":"Trinity","organization":"Hoopa Tribe"},{"station_id":"1500","station_name":"Takamildin","lat":41.066883,"lon":-123.693758,"waterbody":"Trinity River","subbasin":"Trinity","organization":"Hoopa Tribe"}]}},{"type":"Feature","geometry":{"type":"Polygon","coordinates":[[[-123.65141498415451,41.0669921641306],[-123.64387340033211,41.07854489420428],[-123.65303820641115,41.08854138752545],[-123.66974433644064,41.08698410596449],[-123.67728217089281,41.075431454853366],[-123.66811762561917,41.06543600622534],[-123.65141498415451,41.0669921641306]]]},"properties":{"h3_index":"87280276affffff","station_count":1,"program_id":"klamath_basin","program":"Klamath Basin","resolution":7,"stations":[{"station_id":"1501","station_name":"Upper Hostler Creek","lat":41.078254,"lon":-123.670769,"waterbody":"Hostler Creek","subbasin":"Trinity","organization":"Hoopa Tribe"}]}},{"type":"Feature","geometry":{"type":"Polygon","coordinates":[[[-123.67728217089281,41.075431454853366],[-123.66974433644064,41.08698410596449],[-123.67891097717765,41.09697656983222],[-123.69561518818895,41.09541533816529],[-123.7031492702225,41.083862767857646],[-123.69398289459588,41.07387134829794],[-123.67728217089281,41.075431454853366]]]},"properties":{"h3_index":"87280276bffffff","station_count":1,"program_id":"klamath_basin","program":"Klamath Basin","resolution":7,"stations":[{"station_id":"1483","station_name":"Lower Hostler Creek","lat":41.075103,"lon":-123.688141,"waterbody":"Hostler Creek","subbasin":"Trinity","organization":"Hoopa Tribe"}]}},{"type":"Feature","geometry":{"type":"Polygon","coordinates":[[[-123.67402666757044,41.03232669786121],[-123.66649161709095,41.043883064578644],[-123.6756540678413,41.053881496023784],[-123.69235130566317,41.05232251520993],[-123.69988260734821,41.040766229437494],[-123.69072042093727,41.03076884341855],[-123.67402666757044,41.03232669786121]]]},"properties":{"h3_index":"87280276cffffff","station_count":6,"program_id":"klamath_basin","program":"Klamath Basin","resolution":7,"stations":[{"station_id":"1479","station_name":"Hospital Creek","lat":41.041352,"lon":-123.679824,"waterbody":"Hospital Creek","subbasin":"Trinity","organization":"Hoopa Tribe"},{"station_id":"171","station_name":"Hospital Creek","lat":41.04,"lon":-123.68,"waterbody":"Hospital Creek","subbasin":"Trinity","organization":"Hoopa Tribe"},{"station_id":"2","station_name":"Supply Creek","lat":41.05,"lon":-123.68,"waterbody":"Supply Creek","subbasin":"Trinity","organization":"Hoopa Tribe"},{"station_id":"1499","station_name":"Treatment Facility","lat":41.0498,"lon":-123.673553,"waterbody":"Trinity River","subbasin":"Trinity","organization":"Hoopa Tribe"},{"station_id":"980","station_name":"Trinity River at Hoopa","lat":41.0498,"lon":-123.672996,"waterbody":"Trinity River","subbasin":"Trinity","organization":"U.S. Geological Survey"},{"station_id":"1749","station_name":"Trinity River at Hoopa","lat":41.04985,"lon":-123.67367,"waterbody":"Trinity River","subbasin":"Trinity","organization":"USGS/DWR-DFM-Hydro-SMN"}]}},{"type":"Feature","geometry":{"type":"Polygon","coordinates":[[[-123.649792462763,41.04543809819904],[-123.64225227298165,41.056992687434175],[-123.65141498415451,41.0669921641306],[-123.66811762561917,41.06543600622534],[-123.6756540678413,41.053881496023784],[-123.66649161709095,41.043883064578644],[-123.649792462763,41.04543809819904]]]},"properties":{"h3_index":"87280276effffff","station_count":3,"program_id":"klamath_basin","program":"Klamath Basin","resolution":7,"stations":[{"station_id":"1497","station_name":"River Intake","lat":41.049283,"lon":-123.670772,"waterbody":"Trinity River","subbasin":"Trinity","organization":"Hoopa Tribe"},{"station_id":"25","station_name":"Trinity River Hoopa","lat":41.05,"lon":-123.67,"waterbody":"Trinity River","subbasin":"Trinity","organization":"Hoopa Tribe"},{"station_id":"1629","station_name":"Hoopa","lat":41.05,"lon":-123.667,"subbasin":"Trinity","organization":"Natural Resources Conservation Service"}]}},{"type":"Feature","geometry":{"type":"Polygon","coordinates":[[[-123.57381300493152,41.041626427321496],[-123.56626019133445,41.05317938324001],[-123.57541947095964,41.06318795888508],[-123.59213131722987,41.06164253266365],[-123.59968039062935,41.05008965018657],[-123.59052135889256,41.04008212037476],[-123.57381300493152,41.041626427321496]]]},"properties":{"h3_index":"872802771ffffff","station_count":1,"program_id":"klamath_basin","program":"Klamath Basin","resolution":7,"stations":[{"station_id":"1505","station_name":"Upper Tish Tang Creek","lat":41.0483,"lon":-123.58888,"waterbody":"Tish Tang Creek","subbasin":"Trinity","organization":"Hoopa Tribe"}]}},{"type":"Feature","geometry":{"type":"Polygon","coordinates":[[[-123.2010583562674,41.12973023820611],[-123.19343551861719,41.141265329144666],[-123.2025875581105,41.15130448768585],[-123.21936224959488,41.14980750944775],[-123.22698137565777,41.138272463689546],[-123.21782952277997,41.1282343508766],[-123.2010583562674,41.12973023820611]]]},"properties":{"h3_index":"872802791ffffff","station_count":1,"program_id":"klamath_basin","program":"Klamath Basin","resolution":7,"stations":[{"station_id":"767","station_name":"Plummer Creek","lat":41.149942,"lon":-123.213731,"waterbody":"Plummer Creek","subbasin":"Salmon","organization":"Salmon River Restoration Council"}]}},{"type":"Feature","geometry":{"type":"Polygon","coordinates":[[[-123.15073061094057,41.1342041624701],[-123.14309892400551,41.145737449342604],[-123.15224923021492,41.15578167748094],[-123.16903104604717,41.15429157276903],[-123.17665902591406,41.14275832734155],[-123.1675088979757,41.13271514506877],[-123.15073061094057,41.1342041624701]]]},"properties":{"h3_index":"872802792ffffff","station_count":4,"program_id":"klamath_basin","program":"Klamath Basin","resolution":7,"stations":[{"station_id":"682","station_name":"St. Clair Creek","lat":41.140758,"lon":-123.171886,"waterbody":"Sainte Claire Creek","subbasin":"Salmon","organization":"Salmon River Restoration Council"},{"station_id":"2424","station_name":"St Claire Ck","lat":41.139973,"lon":-123.172657,"waterbody":"St Claire Creek","subbasin":"Salmon","organization":"U.S. Forest Service"},{"station_id":"1118","station_name":"St. Clair","lat":41.138999,"lon":-123.172996,"waterbody":"St Clair Creek","subbasin":"Salmon","organization":"U.S. Forest Service"},{"station_id":"2227","station_name":"Cecilville","lat":41.141857,"lon":-123.161189,"waterbody":"South Fork Salmon River","subbasin":"Salmon","organization":"UC Berkeley/Karuk Tribe/Salmon River Restoration Council"}]}},{"type":"Feature","geometry":{"type":"Polygon","coordinates":[[[-123.20411742273909,41.17287386876812],[-123.19649172059468,41.18440517957388],[-123.20564795058193,41.19443837694291],[-123.22242969638086,41.19293921874137],[-123.23005168334896,41.181407952956015],[-123.22089564065193,41.17137580023919],[-123.20411742273909,41.17287386876812]]]},"properties":{"h3_index":"87280279affffff","station_count":5,"program_id":"klamath_basin","program":"Klamath Basin","resolution":7,"stations":[{"station_id":"762","station_name":"Mathews Creek","lat":41.186803,"lon":-123.213933,"waterbody":"Matthews Creek","subbasin":"Salmon","organization":"Salmon River Restoration Council"},{"station_id":"1089","station_name":"Matthews","lat":41.188701,"lon":-123.210998,"waterbody":"Matthews Creek","subbasin":"Salmon","organization":"U.S. Forest Service"},{"station_id":"2377","station_name":"Matthews Ck","lat":41.187764,"lon":-123.213659,"waterbody":"Matthews Creek","subbasin":"Salmon","organization":"U.S. Forest Service"},{"station_id":"2225","station_name":"Below Matthews Creek","lat":41.189043,"lon":-123.217767,"waterbody":"South Fork Salmon River","subbasin":"Salmon","organization":"UC Berkeley/Karuk Tribe/Salmon River Restoration Council"},{"station_id":"2229","station_name":"Cody Bar","lat":41.172463,"lon":-123.220059,"waterbody":"South Fork Salmon River","subbasin":"Salmon","organization":"UC Berkeley/Karuk Tribe/Salmon River Restoration Council"}]}},{"type":"Feature","geometry":{"type":"Polygon","coordinates":[[[-123.2025875581105,41.15130448768585],[-123.19496328847049,41.162837689840394],[-123.20411742273909,41.17287386876812],[-123.22089564065193,41.17137580023919],[-123.22851619691079,41.15984264318592],[-123.21936224959488,41.14980750944775],[-123.2025875581105,41.15130448768585]]]},"properties":{"h3_index":"87280279effffff","station_count":3,"program_id":"klamath_basin","program":"Klamath Basin","resolution":7,"stations":[{"station_id":"55","station_name":"South Fork Salmon River at Plumber Creek","lat":41.154204,"lon":-123.210568,"waterbody":"South Fork Salmon River","subbasin":"Salmon","organization":"Karuk Tribe"},{"station_id":"1104","station_name":"Plummer","lat":41.150501,"lon":-123.211997,"waterbody":"Plummer Creek","subbasin":"Salmon","organization":"U.S. Forest Service"},{"station_id":"2396","station_name":"Plummer Ck","lat":41.15051,"lon":-123.21193,"waterbody":"Plummer Creek","subbasin":"Salmon","organization":"U.S. Forest Service"}]}},{"type":"Feature","geometry":{"type":"Polygon","coordinates":[[[-123.20852020062335,40.519291191594185],[-123.20094599132008,40.53087983028275],[-123.21004146695708,40.54099656681988],[-123.22671096731808,40.53952360329398],[-123.23428151031885,40.52793501501772],[-123.22518622019946,40.51781933974396],[-123.20852020062335,40.519291191594185]]]},"properties":{"h3_index":"872802c03ffffff","station_count":1,"program_id":"klamath_basin","program":"Klamath Basin","resolution":7,"stations":[{"station_id":"480","station_name":"Tule Creek at Tule Cr Rd Br","lat":40.524009,"lon":-123.224961,"waterbody":"Tule Creek","subbasin":"Trinity","organization":"The Watershed Research and Training Center"}]}},{"type":"Feature","geometry":{"type":"Polygon","coordinates":[[[-123.13424680820205,40.536742414678955],[-123.12665878018583,40.548327565081784],[-123.13575271984779,40.558450408075274],[-123.15243451507531,40.55698703944198],[-123.16001888256714,40.54540193385171],[-123.150925116298,40.535280151971556],[-123.13424680820205,40.536742414678955]]]},"properties":{"h3_index":"872802c13ffffff","station_count":1,"program_id":"klamath_basin","program":"Klamath Basin","resolution":7,"stations":[{"station_id":"389","station_name":"Big Ck at Hwy 3","lat":40.553183,"lon":-123.1442,"waterbody":"Big Creek","subbasin":"Trinity","organization":"The Watershed Research and Training Center"}]}},{"type":"Feature","geometry":{"type":"Polygon","coordinates":[[[-123.18427471018815,40.53234885872415],[-123.17669542225319,40.54393573314971],[-123.18579107947956,40.55405353070937],[-123.20246584399132,40.55258339270998],[-123.21004146695708,40.54099656681988],[-123.20094599132008,40.53087983028275],[-123.18427471018815,40.53234885872415]]]},"properties":{"h3_index":"872802c1cffffff","station_count":1,"program_id":"klamath_basin","program":"Klamath Basin","resolution":7,"stations":[{"station_id":"354","station_name":"Salt Ck at Tule Cr Rd Br.","lat":40.548866,"lon":-123.204884,"waterbody":"Salt Creek","subbasin":"Trinity","organization":"The Watershed Research and Training Center"}]}},{"type":"Feature","geometry":{"type":"Polygon","coordinates":[[[-123.21004146695708,40.54099656681988],[-123.20246584399132,40.55258339270998],[-123.21156338851118,40.5626972048028],[-123.2282363710864,40.56122313020904],[-123.23580832598864,40.54963635470147],[-123.22671096731808,40.53952360329398],[-123.21004146695708,40.54099656681988]]]},"properties":{"h3_index":"872802c1dffffff","station_count":2,"program_id":"klamath_basin","program":"Klamath Basin","resolution":7,"stations":[{"station_id":"391","station_name":"Hayfork Ck below Tule Cr Conf (Pig Ranch)","lat":40.551961,"lon":-123.216574,"waterbody":"Hayfork Creek","subbasin":"Trinity","organization":"The Watershed Research and Training Center"},{"station_id":"782","station_name":"Tule Ck @ Confl.","lat":40.551444,"lon":-123.214069,"waterbody":"Tule Creek","subbasin":"Trinity","organization":"The Watershed Research and Training Center"}]}},{"type":"Feature","geometry":{"type":"Polygon","coordinates":[[[-123.16001888256714,40.54540193385171],[-123.15243451507531,40.55698703944198],[-123.16153034995754,40.567105897782646],[-123.17821037561701,40.56563858964121],[-123.18579107947956,40.55405353070937],[-123.17669542225319,40.54393573314971],[-123.16001888256714,40.54540193385171]]]},"properties":{"h3_index":"872802c1effffff","station_count":1,"program_id":"klamath_basin","program":"Klamath Basin","resolution":7,"stations":[{"station_id":"359","station_name":"HF Ck @ Wetland","lat":40.548645,"lon":-123.16859,"waterbody":"Hayfork Creek","subbasin":"Trinity","organization":"The Watershed Research and Training Center"}]}},{"type":"Feature","geometry":{"type":"Polygon","coordinates":[[[-123.15548838428346,40.480261626597056],[-123.14790826832963,40.4918521707522],[-123.15699790014823,40.50197979352729],[-123.17366747218311,40.500515809523066],[-123.18124392978022,40.488925312111874],[-123.17215447463884,40.478798751850306],[-123.15548838428346,40.480261626597056]]]},"properties":{"h3_index":"872802c33ffffff","station_count":1,"program_id":"klamath_basin","program":"Klamath Basin","resolution":7,"stations":[{"station_id":"407","station_name":"Salt Creek at Beaver USFS","lat":40.496758,"lon":-123.171434,"waterbody":"Salt Creek","subbasin":"Trinity","organization":"The Watershed Research and Training Center"}]}},{"type":"Feature","geometry":{"type":"Polygon","coordinates":[[[-123.44037444003679,40.59680053229658],[-123.43283333825697,40.60838865072125],[-123.4419456290294,40.61846948056788],[-123.45859879868839,40.616961133761],[-123.46613620653221,40.605373082391246],[-123.45702413958296,40.59529331066063],[-123.44037444003679,40.59680053229658]]]},"properties":{"h3_index":"872802c48ffffff","station_count":2,"program_id":"klamath_basin","program":"Klamath Basin","resolution":7,"stations":[{"station_id":"1339","station_name":"Hayfork Creek @ Hyampom","lat":40.6161,"lon":-123.449439,"waterbody":"Hayfork Creek","subbasin":"Trinity","organization":"The Watershed Research and Training Center"},{"station_id":"628","station_name":"mouth of Hayfork Creek under bridge","lat":40.615905,"lon":-123.44911,"waterbody":"Hayfork Creek","subbasin":"Trinity","organization":"U.S. Forest Service"}]}},{"type":"Feature","geometry":{"type":"Polygon","coordinates":[[[-123.43723408947201,40.55344840405602],[-123.42969578171602,40.565040139536805],[-123.43880392699559,40.57512683856107],[-123.4554501578482,40.57362074271131],[-123.46298477521728,40.56202907435098],[-123.45387685304951,40.55194343460727],[-123.43723408947201,40.55344840405602]]]},"properties":{"h3_index":"872802c6affffff","station_count":2,"program_id":"klamath_basin","program":"Klamath Basin","resolution":7,"stations":[{"station_id":"1337","station_name":"Butter Creek","lat":40.570926,"lon":-123.441845,"waterbody":"Butter Creek","subbasin":"Trinity","organization":"The Watershed Research and Training Center"},{"station_id":"1338","station_name":"SFTR at Butter Cr","lat":40.571249,"lon":-123.443763,"waterbody":"South Fork Trinity River","subbasin":"Trinity","organization":"The Watershed Research and Training Center"}]}},{"type":"Feature","geometry":{"type":"Polygon","coordinates":[[[-123.43566492703269,40.53176523348347],[-123.42812801554943,40.54335877350539],[-123.43723408947201,40.55344840405602],[-123.45387685304951,40.55194343460727],[-123.4614100759185,40.54034996173593],[-123.45230422475258,40.53026139105013],[-123.43566492703269,40.53176523348347]]]},"properties":{"h3_index":"872802c6effffff","station_count":1,"program_id":"klamath_basin","program":"Klamath Basin","resolution":7,"stations":[{"station_id":"549","station_name":"Above Hitchcock Crk","lat":40.5428,"lon":-123.453958,"waterbody":"Trinity River","subbasin":"Trinity","organization":"U.S. Forest Service"}]}},{"type":"Feature","geometry":{"type":"Polygon","coordinates":[[[-123.33268454526426,40.49734720519003],[-123.32513290984336,40.50894099529526],[-123.3342315540411,40.519046577983694],[-123.35088162882478,40.51755730916897],[-123.3584295878481,40.50596357880725],[-123.34933114941734,40.495859057404864],[-123.33268454526426,40.49734720519003]]]},"properties":{"h3_index":"872802c74ffffff","station_count":1,"program_id":"klamath_basin","program":"Klamath Basin","resolution":7,"stations":[{"station_id":"538","station_name":"Hayfork","lat":40.5,"lon":-123.333,"subbasin":"Trinity","organization":"U.S. Forest Service"}]}},{"type":"Feature","geometry":{"type":"Polygon","coordinates":[[[-122.93831924671113,40.619262451590465],[-122.93069199821664,40.630835108862634],[-122.93978511216241,40.640969358500115],[-122.9565053341487,40.639529891057215],[-122.96412893488069,40.62795726362159],[-122.95503596234227,40.6178240736829],[-122.93831924671113,40.619262451590465]]]},"properties":{"h3_index":"872802c92ffffff","station_count":1,"program_id":"klamath_basin","program":"Klamath Basin","resolution":7,"stations":[{"station_id":"1886","station_name":"Browns Cr Mid","lat":40.626038,"lon":-122.959146,"waterbody":"Browns Creek","subbasin":"Trinity","organization":"U.S. Forest Service"}]}},{"type":"Feature","geometry":{"type":"Polygon","coordinates":[[[-122.99141584353423,40.65834300889991],[-122.9837944596332,40.66991376762845],[-122.99289349928591,40.68003711503463],[-123.00961377350798,40.67858864509694],[-123.01723150158993,40.66701791984292],[-123.00813261222108,40.65689563094219],[-122.99141584353423,40.65834300889991]]]},"properties":{"h3_index":"872802c9affffff","station_count":2,"program_id":"klamath_basin","program":"Klamath Basin","resolution":7,"stations":[{"station_id":"340","station_name":"Browns Creek @ B-Bar-K Bridge","lat":40.667684,"lon":-122.989861,"waterbody":"Browns Creek","subbasin":"Trinity","organization":"The Watershed Research and Training Center"},{"station_id":"422","station_name":"Mouth of Browns Crk","lat":40.664757,"lon":-122.988961,"waterbody":"Browns Creek","subbasin":"Trinity","organization":"U.S. Forest Service"}]}},{"type":"Feature","geometry":{"type":"Polygon","coordinates":[[[-123.01723150158993,40.66701791984292],[-123.00961377350798,40.67858864509694],[-123.01871473525642,40.68870800294181],[-123.03543327146842,40.68725557723603],[-123.04304734058603,40.67568488729537],[-123.0339465334072,40.66556658763706],[-123.01723150158993,40.66701791984292]]]},"properties":{"h3_index":"872802c9bffffff","station_count":1,"program_id":"klamath_basin","program":"Klamath Basin","resolution":7,"stations":[{"station_id":"1355","station_name":"Evens Bar","lat":40.6771,"lon":-123.028,"waterbody":"Trinity River","subbasin":"Trinity","organization":"Trinity River Restoration Program / USBR"}]}},{"type":"Feature","geometry":{"type":"Polygon","coordinates":[[[-122.9899388254596,40.63664413615787],[-122.98231887564246,40.6482167319182],[-122.99141584353423,40.65834300889991],[-123.00813261222108,40.65689563094219],[-123.01574890797548,40.64532306869626],[-123.00665209005736,40.63519785078383],[-122.9899388254596,40.63664413615787]]]},"properties":{"h3_index":"872802c9effffff","station_count":1,"program_id":"klamath_basin","program":"Klamath Basin","resolution":7,"stations":[{"station_id":"1354","station_name":"Browns Creek","lat":40.6477,"lon":-122.986,"waterbody":"Browns Creek","subbasin":"Trinity","organization":"Trinity River Restoration Program / USBR"}]}},{"type":"Feature","geometry":{"type":"Polygon","coordinates":[[[-123.08419786733101,40.541115654562894],[-123.07660110413492,40.5526990707741],[-123.08569331010024,40.56282695846222],[-123.10238211502106,40.56137036863271],[-123.10997522216088,40.54978699351324],[-123.10088318138071,40.53966016702126],[-123.08419786733101,40.541115654562894]]]},"properties":{"h3_index":"872802ca1ffffff","station_count":2,"program_id":"klamath_basin","program":"Klamath Basin","resolution":7,"stations":[{"station_id":"418","station_name":"HF Ck nr Carr Ck (Arnold Br)","lat":40.556859,"lon":-123.101037,"waterbody":"Hayfork Creek","subbasin":"Trinity","organization":"The Watershed Research and Training Center"},{"station_id":"550","station_name":"Above Carr Crk near Arnold Ranch.","lat":40.556228,"lon":-123.100908,"waterbody":"Trinity River","subbasin":"Trinity","organization":"U.S. Forest Service"}]}},{"type":"Feature","geometry":{"type":"Polygon","coordinates":[[[-123.27232032965757,40.71001634296493],[-123.26474216086267,40.72159030276919],[-123.27385798541772,40.73167559156272],[-123.2905517829691,40.730185864449226],[-123.29812626513925,40.71861195845627],[-123.28901063732361,40.70852772565356],[-123.27232032965757,40.71001634296493]]]},"properties":{"h3_index":"872802ccbffffff","station_count":1,"program_id":"klamath_basin","program":"Klamath Basin","resolution":7,"stations":[{"station_id":"112","station_name":"Mud Springs","lat":40.71213,"lon":-123.28921,"subbasin":"Trinity","organization":"CA Dept of Water Resources/DFM-Hydro-SMN"}]}},{"type":"Feature","geometry":{"type":"Polygon","coordinates":[[[-123.19794558739196,40.72751985287008],[-123.19035353786629,40.739090292297114],[-123.19946785139955,40.749181691078114],[-123.21617403083653,40.74770159443817],[-123.22376239950388,40.73613120320538],[-123.21464827053735,40.72604086030678],[-123.19794558739196,40.72751985287008]]]},"properties":{"h3_index":"872802cdbffffff","station_count":1,"program_id":"klamath_basin","program":"Klamath Basin","resolution":7,"stations":[{"station_id":"539","station_name":"Big Bar","lat":40.733,"lon":-123.2,"subbasin":"Trinity","organization":"U.S. Forest Service"}]}},{"type":"Feature","geometry":{"type":"Polygon","coordinates":[[[-123.13876649051284,40.601852163149196],[-123.1311742011139,40.61343185090896],[-123.14027435036752,40.62354591539974],[-123.15696661559741,40.622079232626525],[-123.16455523919356,40.6104995895799],[-123.15545526430648,40.60038658448257],[-123.13876649051284,40.601852163149196]]]},"properties":{"h3_index":"872802cf6ffffff","station_count":1,"program_id":"klamath_basin","program":"Klamath Basin","resolution":7,"stations":[{"station_id":"742","station_name":"Big Ck at 324 Bridge","lat":40.614621,"lon":-123.159854,"waterbody":"Big Creek","subbasin":"Trinity","organization":"The Watershed Research and Training Center"}]}},{"type":"Feature","geometry":{"type":"Polygon","coordinates":[[[-123.2175298173738,40.28890888077791],[-123.2099747721365,40.30051723277335],[-123.21904942751375,40.31066203275453],[-123.23567894293878,40.30919741325781],[-123.24323033809374,40.29758911374135],[-123.23415586883735,40.28744538113196],[-123.2175298173738,40.28890888077791]]]},"properties":{"h3_index":"872802d20ffffff","station_count":2,"program_id":"klamath_basin","program":"Klamath Basin","resolution":7,"stations":[{"station_id":"336","station_name":"SFTR at Smoky Creek","lat":40.304207,"lon":-123.236856,"waterbody":"Smoky Creek","subbasin":"Trinity","organization":"The Watershed Research and Training Center"},{"station_id":"653","station_name":"Smoky Creek","lat":40.304631,"lon":-123.23667,"waterbody":"Smoky Creek","subbasin":"Trinity","organization":"The Watershed Research and Training Center"}]}},{"type":"Feature","geometry":{"type":"Polygon","coordinates":[[[-123.40211174038545,40.414665611200355],[-123.39457812615306,40.42626819933793],[-123.40367200810141,40.43637643908674],[-123.42029928845506,40.434881027422136],[-123.42782922595696,40.42327850470426],[-123.41873556076219,40.41317132811913],[-123.40211174038545,40.414665611200355]]]},"properties":{"h3_index":"872802d41ffffff","station_count":2,"program_id":"klamath_basin","program":"Klamath Basin","resolution":7,"stations":[{"station_id":"1335","station_name":"Little Bear Wallow Creek","lat":40.426699,"lon":-123.40895,"waterbody":"Little Bear Wallow Creek","subbasin":"Trinity","organization":"The Watershed Research and Training Center"},{"station_id":"1336","station_name":"SFTR at Little Bear Wallow","lat":40.426692,"lon":-123.409464,"waterbody":"South Fork Trinity River","subbasin":"Trinity","organization":"The Watershed Research and Training Center"}]}},{"type":"Feature","geometry":{"type":"Polygon","coordinates":[[[-123.40523294640337,40.458082555983324],[-123.39769654052311,40.46968155901525],[-123.40679455572148,40.479783957146346],[-123.42342876027287,40.47828629014941],[-123.43096148589183,40.466687352493935],[-123.42186368814829,40.45658601634669],[-123.40523294640337,40.458082555983324]]]},"properties":{"h3_index":"872802d4affffff","station_count":2,"program_id":"klamath_basin","program":"Klamath Basin","resolution":7,"stations":[{"station_id":"1333","station_name":"Plummer Creek","lat":40.476006,"lon":-123.417146,"waterbody":"Plummer Creek","subbasin":"Trinity","organization":"The Watershed Research and Training Center"},{"station_id":"1334","station_name":"SFTR at Plummer Creek","lat":40.476622,"lon":-123.419271,"waterbody":"South Fork Trinity River","subbasin":"Trinity","organization":"The Watershed Research and Training Center"}]}},{"type":"Feature","geometry":{"type":"Polygon","coordinates":[[[-123.29770464887157,40.35840338498042],[-123.29015776031827,40.37000800485087],[-123.29924214650258,40.380135074471816],[-123.3158732226917,40.37865645895041],[-123.32341644847168,40.367051897097724],[-123.31433226176551,40.356925892637335],[-123.29770464887157,40.35840338498042]]]},"properties":{"h3_index":"872802d76ffffff","station_count":2,"program_id":"klamath_basin","program":"Klamath Basin","resolution":7,"stations":[{"station_id":"622","station_name":"In pool below Hell Gate CG","lat":40.370787,"lon":-123.316621,"waterbody":"Trinity River","subbasin":"Trinity","organization":"U.S. Forest Service"},{"station_id":"537","station_name":"Scott Flat","lat":40.362312,"lon":-123.307389,"waterbody":"Trinity River","subbasin":"Trinity","organization":"U.S. Forest Service"}]}},{"type":"Feature","geometry":{"type":"Polygon","coordinates":[[[-123.05395486646847,40.467262005454835],[-123.04635872444767,40.478850907826285],[-123.05544282503003,40.48899153093145],[-123.07212290860488,40.48754218830858],[-123.07971540294444,40.475953325267874],[-123.0706314623342,40.46581376540934],[-123.05395486646847,40.467262005454835]]]},"properties":{"h3_index":"872802d8effffff","station_count":1,"program_id":"klamath_basin","program":"Klamath Basin","resolution":7,"stations":[{"station_id":"435","station_name":"Hayfork Cr @ Shiel Gulch","lat":40.469897,"lon":-123.059772,"waterbody":"Hayfork Creek","subbasin":"Trinity","organization":"The Watershed Research and Training Center"}]}},{"type":"Feature","geometry":{"type":"Polygon","coordinates":[[[-123.03115994476605,40.50202512421073],[-123.02355730578853,40.51361043541199],[-123.03264362797768,40.52374920541887],[-123.04933243375072,40.522301601697706],[-123.05693142466711,40.51071632792892],[-123.04784525881746,40.500578620338985],[-123.03115994476605,40.50202512421073]]]},"properties":{"h3_index":"872802d99ffffff","station_count":1,"program_id":"klamath_basin","program":"Klamath Basin","resolution":7,"stations":[{"station_id":"777","station_name":"East Fork Hayfork Creek","lat":40.503122,"lon":-123.038475,"waterbody":"East Fork Hayfork Creek","subbasin":"Trinity","organization":"The Watershed Research and Training Center"}]}},{"type":"Feature","geometry":{"type":"Polygon","coordinates":[[[-123.10098277489858,40.41944392692143],[-123.09339819036686,40.43103817145584],[-123.10247990335326,40.44117958009722],[-123.11914603428382,40.43972567975927],[-123.1267269701643,40.428131478319436],[-123.1176454247058,40.41799113401283],[-123.10098277489858,40.41944392692143]]]},"properties":{"h3_index":"872802da8ffffff","station_count":1,"program_id":"klamath_basin","program":"Klamath Basin","resolution":7,"stations":[{"station_id":"372","station_name":"Salt Creek at USFS Campground (13 Dips)","lat":40.425215,"lon":-123.115115,"waterbody":"Salt Creek","subbasin":"Trinity","organization":"The Watershed Research and Training Center"}]}},{"type":"Feature","geometry":{"type":"Polygon","coordinates":[[[-122.43433622576062,41.445118881647986],[-122.42655957881082,41.45660250432346],[-122.43570698439977,41.46668594077561],[-122.45263097897497,41.46528471328077],[-122.46040396680398,41.45380107705133],[-122.45125662017938,41.443718681762995],[-122.43433622576062,41.445118881647986]]]},"properties":{"h3_index":"872811008ffffff","station_count":5,"program_id":"klamath_basin","program":"Klamath Basin","resolution":7,"stations":[{"station_id":"187","station_name":"MWCD Parks Creek Diversion near Edgewood","lat":41.451805,"lon":-122.447647,"waterbody":"Parks Creek Diversion","subbasin":"Shasta","organization":"California Department of Water Resources"},{"station_id":"1611","station_name":"MWCD Parks Cr Diversion NR Edgewood","lat":41.45181,"lon":-122.44765,"waterbody":"Parks Creek Diversion","subbasin":"Shasta","organization":"Eyasco Inc."},{"station_id":"1613","station_name":"Parks Ck blw MWCD Diversion nr Edgewood","lat":41.45293,"lon":-122.44748,"waterbody":"Parks Creek","subbasin":"Shasta","organization":"Eyasco Inc."},{"station_id":"2482","station_name":"Parks Creek Below Montague Diversion","lat":41.458261,"lon":-122.450366,"waterbody":"Parks Creek","subbasin":"Shasta","organization":"Shasta Valley RCD"},{"station_id":"2481","station_name":"Parks Creek Downstream of Hwy 99 Bridge","lat":41.448023,"lon":-122.449016,"waterbody":"Parks Creek","subbasin":"Shasta","organization":"Shasta Valley RCD"}]}},{"type":"Feature","geometry":{"type":"Polygon","coordinates":[[[-122.43570698439977,41.46668594077561],[-122.42792883571195,41.478167603090554],[-122.43707834148894,41.48824805167865],[-122.45400593773245,41.48684579717447],[-122.4617804255293,41.475364121199306],[-122.45263097897497,41.46528471328077],[-122.43570698439977,41.46668594077561]]]},"properties":{"h3_index":"87281100bffffff","station_count":4,"program_id":"klamath_basin","program":"Klamath Basin","resolution":7,"stations":[{"station_id":"173","station_name":"Weed Airport","lat":41.47889,"lon":-122.45472,"subbasin":"Shasta","organization":"CA Dept of Forestry and Fire Protection"},{"station_id":"1603","station_name":"Shasta R nr Edgewood","lat":41.47288,"lon":-122.4394,"waterbody":"Shasta River","subbasin":"Shasta","organization":"CA Dept of Water Resources/North Region Office"},{"station_id":"79","station_name":"Shasta River near Edgewood","lat":41.472881,"lon":-122.4394,"waterbody":"Shasta River","subbasin":"Shasta","organization":"California Department of Water Resources"},{"station_id":"2479","station_name":"Parks Creek Above Fish Passage","lat":41.476438,"lon":-122.459663,"waterbody":"Parks Creek","subbasin":"Shasta","organization":"Shasta Valley RCD"}]}},{"type":"Feature","geometry":{"type":"Polygon","coordinates":[[[-122.45902810860038,41.43223308780217],[-122.45125662017938,41.443718681762995],[-122.46040396680398,41.45380107705133],[-122.47732273972996,41.45239683687813],[-122.48509056746464,41.44091123126809],[-122.47594328395896,41.430829877372574],[-122.45902810860038,41.43223308780217]]]},"properties":{"h3_index":"87281100dffffff","station_count":1,"program_id":"klamath_basin","program":"Klamath Basin","resolution":7,"stations":[{"station_id":"1614","station_name":"Upper Parks Creek","lat":41.43552,"lon":-122.47804,"waterbody":"Parks Creek","subbasin":"Shasta","organization":"Eyasco Inc."}]}},{"type":"Feature","geometry":{"type":"Polygon","coordinates":[[[-122.46315748516795,41.49692221580318],[-122.45538149684324,41.50840192900481],[-122.46453514611201,41.518475356427594],[-122.4814647208041,41.51706803063141],[-122.48923704312601,41.50558830545984],[-122.48008345775976,41.49551591794631],[-122.46315748516795,41.49692221580318]]]},"properties":{"h3_index":"872811052ffffff","station_count":2,"program_id":"klamath_basin","program":"Klamath Basin","resolution":7,"stations":[{"station_id":"2484","station_name":"Parks Creek Fish Passage","lat":41.497751,"lon":-122.465221,"waterbody":"Parks Creek","subbasin":"Shasta","organization":"Shasta Valley RCD"},{"station_id":"1204","station_name":"Parks Creek Fish Passage Project","lat":41.497751,"lon":-122.465221,"waterbody":"Shasta River","subbasin":"Shasta","organization":"Shasta Valley RCD"}]}},{"type":"Feature","geometry":{"type":"Polygon","coordinates":[[[-122.4617804255293,41.475364121199306],[-122.45400593773245,41.48684579717447],[-122.46315748516795,41.49692221580318],[-122.48008345775976,41.49551591794631],[-122.48785428132719,41.48403423010987],[-122.4787027975327,41.473958851883566],[-122.4617804255293,41.475364121199306]]]},"properties":{"h3_index":"872811056ffffff","station_count":1,"program_id":"klamath_basin","program":"Klamath Basin","resolution":7,"stations":[{"station_id":"142","station_name":"Parks Creek near Edgewood","lat":41.4921,"lon":-122.4711,"waterbody":"Parks Creek","subbasin":"Shasta","organization":"California Department of Water Resources"}]}},{"type":"Feature","geometry":{"type":"Polygon","coordinates":[[[-122.51531700456616,41.51424632014412],[-122.50754835158305,41.52572605548682],[-122.51670607436195,41.535791416691104],[-122.53363237837782,41.53437600307757],[-122.54139735869056,41.52289625936289],[-122.53223970865713,41.512831937525156],[-122.51531700456616,41.51424632014412]]]},"properties":{"h3_index":"87281105effffff","station_count":1,"program_id":"klamath_basin","program":"Klamath Basin","resolution":7,"stations":[{"station_id":"1606","station_name":"Gazelle Mountain","lat":41.533989,"lon":-122.532279,"subbasin":"Shasta","organization":"California Department of Water Resources"}]}},{"type":"Feature","geometry":{"type":"Polygon","coordinates":[[[-122.20634998655231,41.474582021944855],[-122.19853296474142,41.48605560996703],[-122.20767231312242,41.49616035627068],[-122.2246286639292,41.494790473447715],[-122.23244204806909,41.48331685517794],[-122.22330272008499,41.47321314987276],[-122.20634998655231,41.474582021944855]]]},"properties":{"h3_index":"872811084ffffff","station_count":1,"program_id":"klamath_basin","program":"Klamath Basin","resolution":7,"stations":[{"station_id":"1706","station_name":"Bolam","lat":41.47609,"lon":-122.20695,"subbasin":"Shasta","organization":"Shasta Valley RCD"}]}},{"type":"Feature","geometry":{"type":"Polygon","coordinates":[[[-122.39036708651716,41.55710649596689],[-122.38257409125336,41.56857828491776],[-122.39173001079067,41.57865183613639],[-122.40867887494437,41.577252559549095],[-122.41646820715688,41.56578075279091],[-122.40731233927328,41.55570824031965],[-122.39036708651716,41.55710649596689]]]},"properties":{"h3_index":"8728110c0ffffff","station_count":3,"program_id":"klamath_basin","program":"Klamath Basin","resolution":7,"stations":[{"station_id":"108","station_name":"Hidden Valley Ranch above Hole in Ground Ranch (RL)","lat":41.561948,"lon":-122.407746,"waterbody":"Shasta River","subbasin":"Shasta","organization":"California Department of Fish and Wildlife_Yreka Office"},{"station_id":"806","station_name":"Hidden Valley downstream bridge","lat":41.561034,"lon":-122.403276,"waterbody":"Shasta River","subbasin":"Shasta","organization":"Shasta Valley RCD"},{"station_id":"661","station_name":"Hidden Valley Ranch Site DS to Hole in the Ground","lat":41.56281,"lon":-122.40828,"waterbody":"Shasta River","subbasin":"Shasta","organization":"Shasta Valley RCD"}]}},{"type":"Feature","geometry":{"type":"Polygon","coordinates":[[[-122.41646820715688,41.56578075279091],[-122.40867887494437,41.577252559549095],[-122.41783684708396,41.58732207601833],[-122.43478409635519,41.585918747137036],[-122.44256976215945,41.57444692436628],[-122.43341184610611,41.564378446381454],[-122.41646820715688,41.56578075279091]]]},"properties":{"h3_index":"8728110c1ffffff","station_count":22,"program_id":"klamath_basin","program":"Klamath Basin","resolution":7,"stations":[{"station_id":"5","station_name":"DS of fenceline and above seep inflow (RL)","lat":41.582403,"lon":-122.428498,"waterbody":"Hole in the Ground Creek","subbasin":"Shasta","organization":"California Department of Fish and Wildlife_Yreka Office"},{"station_id":"168","station_name":"Hole in Ground Creek (RL)","lat":41.582272,"lon":-122.429865,"waterbody":"Hole in the Ground Creek","subbasin":"Shasta","organization":"California Department of Fish and Wildlife_Yreka Office"},{"station_id":"72","station_name":"Hole in Ground Creek (RR)","lat":41.582494,"lon":-122.430246,"waterbody":"Hole in the Ground Creek","subbasin":"Shasta","organization":"California Department of Fish and Wildlife_Yreka Office"},{"station_id":"141","station_name":"Hole in Ground Creek near seep (RL)","lat":41.582289,"lon":-122.430061,"waterbody":"Hole in the Ground Creek","subbasin":"Shasta","organization":"California Department of Fish and Wildlife_Yreka Office"},{"station_id":"6","station_name":"Hole in Ground Creek US of confluence with Shasta (RR)","lat":41.582763,"lon":-122.430419,"waterbody":"Hole in the Ground Creek","subbasin":"Shasta","organization":"California Department of Fish and Wildlife_Yreka Office"},{"station_id":"89","station_name":"Parks Creek immediately US of confluence with Shasta (RL)","lat":41.580774,"lon":-122.429674,"waterbody":"Parks Creek","subbasin":"Shasta","organization":"California Department of Fish and Wildlife_Yreka Office"},{"station_id":"128","station_name":"Shasta River DS of confluence with Hole in Ground Creek (RL)","lat":41.583411,"lon":-122.430637,"waterbody":"Shasta River","subbasin":"Shasta","organization":"California Department of Fish and Wildlife_Yreka Office"},{"station_id":"36","station_name":"Shasta River immediately DS of Hole in Ground Ranch (RR)","lat":41.58054,"lon":-122.428928,"waterbody":"Shasta River","subbasin":"Shasta","organization":"California Department of Fish and Wildlife_Yreka Office"},{"station_id":"68","station_name":"Shasta River US of confluence with Hole in Ground Creek (RL)","lat":41.582508,"lon":-122.430707,"waterbody":"Shasta River","subbasin":"Shasta","organization":"California Department of Fish and Wildlife_Yreka Office"},{"station_id":"152","station_name":"Small channel with water from Hole in Ground Creek (RR)","lat":41.580679,"lon":-122.428801,"waterbody":"Hole in the Ground Creek","subbasin":"Shasta","organization":"California Department of Fish and Wildlife_Yreka Office"},{"station_id":"140","station_name":"Small seep between CSC 3 and 4 (RR)","lat":41.582511,"lon":-122.429201,"waterbody":"Hole in the Ground Creek","subbasin":"Shasta","organization":"California Department of Fish and Wildlife_Yreka Office"},{"station_id":"134","station_name":"US of confluence with Parks Creek (RR)","lat":41.581178,"lon":-122.428966,"waterbody":"Shasta River","subbasin":"Shasta","organization":"California Department of Fish and Wildlife_Yreka Office"},{"station_id":"20","station_name":"US of Hole in Ground Creek, DS of Parks Creek (RL)","lat":41.581851,"lon":-122.430597,"waterbody":"Shasta River","subbasin":"Shasta","organization":"California Department of Fish and Wildlife_Yreka Office"},{"station_id":"131","station_name":"Parks Creek near Big Springs","lat":41.579342,"lon":-122.43309,"waterbody":"Parks Creek","subbasin":"Shasta","organization":"California Department of Water Resources"},{"station_id":"1612","station_name":"Parks Big Springs","lat":41.5735,"lon":-122.4395,"waterbody":"Parks Big Springs","subbasin":"Shasta","organization":"Eyasco Inc."},{"station_id":"1564","station_name":"Parks Creek Mouth","lat":41.580787,"lon":-122.429653,"waterbody":"Parks Creek","subbasin":"Shasta","organization":"NCRWQCB"},{"station_id":"1565","station_name":"Shasta River upstream of Parks Creek","lat":41.580857,"lon":-122.42946,"waterbody":"Shasta River","subbasin":"Shasta","organization":"NCRWQCB"},{"station_id":"763","station_name":"Parks Creek","lat":41.580817,"lon":-122.429661,"waterbody":"Parks Creek","subbasin":"Shasta","organization":"Shasta Valley RCD"},{"station_id":"722","station_name":"TNC @ Hole in the Ground Creek Fence","lat":41.586347,"lon":-122.427471,"waterbody":"Tailwater","subbasin":"Shasta","organization":"Shasta Valley RCD"},{"station_id":"766","station_name":"HIG diffuse","lat":41.582798,"lon":-122.430507,"waterbody":"Hole in the Ground Creek","subbasin":"Shasta","organization":"The Nature Conservancy"},{"station_id":"709","station_name":"Parks Ck abv SR","lat":41.580786,"lon":-122.429852,"waterbody":"Parks Creek","subbasin":"Shasta","organization":"The Nature Conservancy"},{"station_id":"801","station_name":"SR abv Parks Ck","lat":41.581045,"lon":-122.429418,"waterbody":"Shasta River","subbasin":"Shasta","organization":"The Nature Conservancy"}]}},{"type":"Feature","geometry":{"type":"Polygon","coordinates":[[[-122.38900475770484,41.535556188057065],[-122.38121327053598,41.547029950164664],[-122.39036708651716,41.55710649596689],[-122.40731233927328,41.55570824031965],[-122.41510016516344,41.54423446051835],[-122.40594640058185,41.534158953950374],[-122.38900475770484,41.535556188057065]]]},"properties":{"h3_index":"8728110c4ffffff","station_count":5,"program_id":"klamath_basin","program":"Klamath Basin","resolution":7,"stations":[{"station_id":"707","station_name":"Hidden Valley ","lat":41.549884,"lon":-122.395585,"waterbody":"Shasta River","subbasin":"Shasta","organization":"Shasta Valley RCD"},{"station_id":"1202","station_name":"Hidden Valley Downstream of Spring","lat":41.550144,"lon":-122.395775,"waterbody":"Shasta River","subbasin":"Shasta","organization":"Shasta Valley RCD"},{"station_id":"681","station_name":"Hidden Valley East Fencing","lat":41.553223,"lon":-122.398703,"waterbody":"Shasta River","subbasin":"Shasta","organization":"Shasta Valley RCD"},{"station_id":"1203","station_name":"Hidden Valley Fish Alcove","lat":41.549872,"lon":-122.395433,"waterbody":"Shasta River","subbasin":"Shasta","organization":"Shasta Valley RCD"},{"station_id":"1201","station_name":"Hidden Valley South Property Line","lat":41.549109,"lon":-122.39546,"waterbody":"Shasta River","subbasin":"Shasta","organization":"Shasta Valley RCD"}]}},{"type":"Feature","geometry":{"type":"Polygon","coordinates":[[[-122.41510016516344,41.54423446051835],[-122.40731233927328,41.55570824031965],[-122.41646820715688,41.56578075279091],[-122.43341184610611,41.564378446381454],[-122.44119600736256,41.5529046506818],[-122.43204019530823,41.542833177182104],[-122.41510016516344,41.54423446051835]]]},"properties":{"h3_index":"8728110c5ffffff","station_count":2,"program_id":"klamath_basin","program":"Klamath Basin","resolution":7,"stations":[{"station_id":"44","station_name":"Outfall of Kettle Springs impoundment","lat":41.549378,"lon":-122.428424,"waterbody":"Parks Creek","subbasin":"Shasta","organization":"California Department of Fish and Wildlife_Yreka Office"},{"station_id":"770","station_name":"TNC Pasture 06_355","lat":41.562806,"lon":-122.426442,"waterbody":"Tailwater","subbasin":"Shasta","organization":"Shasta Valley RCD"}]}},{"type":"Feature","geometry":{"type":"Polygon","coordinates":[[[-122.36426641106254,41.5484241544131],[-122.35646975610884,41.55989592376241],[-122.36562361931132,41.56997350857229],[-122.38257409125336,41.56857828491776],[-122.39036708651716,41.55710649596689],[-122.38121327053598,41.547029950164664],[-122.36426641106254,41.5484241544131]]]},"properties":{"h3_index":"8728110c6ffffff","station_count":1,"program_id":"klamath_basin","program":"Klamath Basin","resolution":7,"stations":[{"station_id":"1200","station_name":"Hidden Valley point of diversion","lat":41.548325,"lon":-122.382186,"waterbody":"Shasta River","subbasin":"Shasta","organization":"Shasta Valley RCD"}]}},{"type":"Feature","geometry":{"type":"Polygon","coordinates":[[[-122.44394411736187,41.595984227704264],[-122.43615694644693,41.607454075043414],[-122.44531907336197,41.61751655629426],[-122.46226831141767,41.616108152364966],[-122.47005181079393,41.604638290691824],[-122.4608897446582,41.59457684717377],[-122.44394411736187,41.595984227704264]]]},"properties":{"h3_index":"8728110c8ffffff","station_count":5,"program_id":"klamath_basin","program":"Klamath Basin","resolution":7,"stations":[{"station_id":"174","station_name":"Nelson Ranch, location of CDFW screw trap (RR)","lat":41.607643,"lon":-122.455034,"waterbody":"Shasta River","subbasin":"Shasta","organization":"California Department of Fish and Wildlife_Yreka Office"},{"station_id":"716","station_name":"Nelson Ranch","lat":41.607625,"lon":-122.454577,"waterbody":"Shasta River","subbasin":"Shasta","organization":"Shasta Valley RCD"},{"station_id":"729","station_name":"NEL_TH1","lat":41.606396,"lon":-122.452437,"waterbody":"Shasta River","subbasin":"Shasta","organization":"The Nature Conservancy"},{"station_id":"712","station_name":"NEL_TH2","lat":41.607671,"lon":-122.455694,"waterbody":"Shasta River","subbasin":"Shasta","organization":"The Nature Conservancy"},{"station_id":"670","station_name":"NEL_TH4","lat":41.607453,"lon":-122.465179,"waterbody":"Shasta River","subbasin":"Shasta","organization":"The Nature Conservancy"}]}},{"type":"Feature","geometry":{"type":"Polygon","coordinates":[[[-122.47005181079393,41.604638290691824],[-122.46226831141767,41.616108152364966],[-122.47143248415678,41.62616659515652],[-122.48838009206122,41.6247541387022],[-122.49615991654865,41.61328426449011],[-122.48699580902463,41.603226859162845],[-122.47005181079393,41.604638290691824]]]},"properties":{"h3_index":"8728110c9ffffff","station_count":6,"program_id":"klamath_basin","program":"Klamath Basin","resolution":7,"stations":[{"station_id":"1596","station_name":"Shasta R at Grenada Pumping Plant","lat":41.61,"lon":-122.47111,"waterbody":"Shasta River","subbasin":"Shasta","organization":"CA Dept of Water Resources/North Central Region Office"},{"station_id":"730","station_name":"NEL_TH12","lat":41.615715,"lon":-122.483375,"waterbody":"Shasta River","subbasin":"Shasta","organization":"The Nature Conservancy"},{"station_id":"689","station_name":"NEL_TH15","lat":41.622896,"lon":-122.480947,"waterbody":"Shasta River","subbasin":"Shasta","organization":"The Nature Conservancy"},{"station_id":"793","station_name":"NEL_TH5","lat":41.609547,"lon":-122.469474,"waterbody":"Shasta River","subbasin":"Shasta","organization":"The Nature Conservancy"},{"station_id":"786","station_name":"NEL_TH6","lat":41.609933,"lon":-122.473343,"waterbody":"Shasta River","subbasin":"Shasta","organization":"The Nature Conservancy"},{"station_id":"791","station_name":"NEL_TH9","lat":41.614533,"lon":-122.477269,"waterbody":"Shasta River","subbasin":"Shasta","organization":"The Nature Conservancy"}]}},{"type":"Feature","geometry":{"type":"Polygon","coordinates":[[[-122.44256976215945,41.57444692436628],[-122.43478409635519,41.585918747137036],[-122.44394411736187,41.595984227704264],[-122.4608897446582,41.59457684717377],[-122.46867174070155,41.58310501018562],[-122.45951178021394,41.5730405678372],[-122.44256976215945,41.57444692436628]]]},"properties":{"h3_index":"8728110ccffffff","station_count":3,"program_id":"klamath_basin","program":"Klamath Basin","resolution":7,"stations":[{"station_id":"83","station_name":"Shasta Big Springs Ranch DS Big Springs (RL)","lat":41.594078,"lon":-122.444883,"waterbody":"Shasta River","subbasin":"Shasta","organization":"California Department of Fish and Wildlife_Yreka Office"},{"station_id":"65","station_name":"Shasta Big Springs Ranch DS Big Springs (RR)","lat":41.593059,"lon":-122.444089,"waterbody":"Shasta River","subbasin":"Shasta","organization":"California Department of Fish and Wildlife_Yreka Office"},{"station_id":"77","station_name":"Shasta Big Springs Ranch DS Big Springs (RR)","lat":41.594715,"lon":-122.446313,"waterbody":"Shasta River","subbasin":"Shasta","organization":"California Department of Fish and Wildlife_Yreka Office"}]}},{"type":"Feature","geometry":{"type":"Polygon","coordinates":[[[-122.41783684708396,41.58732207601833],[-122.41004600798495,41.59879190722891],[-122.41920608533526,41.60885842579477],[-122.43615694644693,41.607454075043414],[-122.44394411736187,41.595984227704264],[-122.43478409635519,41.585918747137036],[-122.41783684708396,41.58732207601833]]]},"properties":{"h3_index":"8728110ceffffff","station_count":34,"program_id":"klamath_basin","program":"Klamath Basin","resolution":7,"stations":[{"station_id":"1597","station_name":"Big Springs Creek near Grenada","lat":41.59923,"lon":-122.43136,"waterbody":"Big Springs Creek","subbasin":"Shasta","organization":"CA Dept of Water Resources/North Region Office"},{"station_id":"1600","station_name":"Little Springs Creek near Grenada","lat":41.59341,"lon":-122.43166,"waterbody":"Little Springs Creek","subbasin":"Shasta","organization":"CA Dept of Water Resources/North Region Office"},{"station_id":"29","station_name":"Below furthest DS culvert (RR)","lat":41.589473,"lon":-122.428182,"waterbody":"Little Springs Creek","subbasin":"Shasta","organization":"California Department of Fish and Wildlife_Yreka Office"},{"station_id":"113","station_name":"Big Springs between second and third road crossing (RL)","lat":41.602184,"lon":-122.427531,"waterbody":"Big Springs Creek","subbasin":"Shasta","organization":"California Department of Fish and Wildlife_Yreka Office"},{"station_id":"1770","station_name":"Big Springs Complex Snorkel Surveys","lat":41.601733,"lon":-122.420031,"waterbody":"Big Springs Creek","subbasin":"Shasta","organization":"California Department of Fish and Wildlife_Yreka Office"},{"station_id":"90","station_name":"Big Springs DS of Little Springs confluence (RL)","lat":41.595922,"lon":-122.433854,"waterbody":"Big Springs Creek","subbasin":"Shasta","organization":"California Department of Fish and Wildlife_Yreka Office"},{"station_id":"63","station_name":"Big Springs US of confluence with Shasta (RL)","lat":41.594307,"lon":-122.437897,"waterbody":"Big Springs Creek","subbasin":"Shasta","organization":"California Department of Fish and Wildlife_Yreka Office"},{"station_id":"59","station_name":"Big Springs US of Little Springs confluence (RL)","lat":41.596112,"lon":-122.43326,"waterbody":"Big Springs Creek","subbasin":"Shasta","organization":"California Department of Fish and Wildlife_Yreka Office"},{"station_id":"99","station_name":"DS of spring outfall culvert (RL)","lat":41.592249,"lon":-122.420445,"waterbody":"Little Springs Creek","subbasin":"Shasta","organization":"California Department of Fish and Wildlife_Yreka Office"},{"station_id":"122","station_name":"Immediately DS of middle culvert (RR)","lat":41.588153,"lon":-122.425316,"waterbody":"Little Springs Creek","subbasin":"Shasta","organization":"California Department of Fish and Wildlife_Yreka Office"},{"station_id":"1771","station_name":"Left of culvert, if facing opening","lat":41.592139,"lon":-122.420869,"waterbody":"Little Springs Creek","subbasin":"Lower Klamath","organization":"California Department of Fish and Wildlife_Yreka Office"},{"station_id":"53","station_name":"Little Springs at confluence (RR)","lat":41.59582,"lon":-122.433296,"waterbody":"Little Springs Creek","subbasin":"Shasta","organization":"California Department of Fish and Wildlife_Yreka Office"},{"station_id":"186","station_name":"Little Springs Creek DS of Louie Road crossing (RR)","lat":41.593936,"lon":-122.432268,"waterbody":"Little Springs Creek","subbasin":"Shasta","organization":"California Department of Fish and Wildlife_Yreka Office"},{"station_id":"49","station_name":"Little Springs Creek US of Louie Road crossing (RR)","lat":41.590882,"lon":-122.430034,"waterbody":"Little Springs Creek","subbasin":"Shasta","organization":"California Department of Fish and Wildlife_Yreka Office"},{"station_id":"125","station_name":"Little Springs Creek US of Louie Road crossing (RR)","lat":41.592853,"lon":-122.430896,"waterbody":"Little Springs Creek","subbasin":"Shasta","organization":"California Department of Fish and Wildlife_Yreka Office"},{"station_id":"143","station_name":"Old water wheel location (RR)","lat":41.601706,"lon":-122.419895,"waterbody":"Big Springs Creek","subbasin":"Shasta","organization":"California Department of Fish and Wildlife_Yreka Office"},{"station_id":"9","station_name":"Parks Creek overflow (RR)","lat":41.588309,"lon":-122.433826,"waterbody":"Parks Creek","subbasin":"Shasta","organization":"California Department of Fish and Wildlife_Yreka Office"},{"station_id":"41","station_name":"Shasta Big Springs immediately US Big Springs (RR)","lat":41.593145,"lon":-122.438732,"waterbody":"Shasta River","subbasin":"Shasta","organization":"California Department of Fish and Wildlife_Yreka Office"},{"station_id":"3","station_name":"Shasta Big Springs Ranch DS Big Springs (RR)","lat":41.594117,"lon":-122.440466,"waterbody":"Shasta River","subbasin":"Shasta","organization":"California Department of Fish and Wildlife_Yreka Office"},{"station_id":"58","station_name":"Suspended over largest spring in impoundment","lat":41.593874,"lon":-122.419952,"waterbody":"Little Springs Creek","subbasin":"Shasta","organization":"California Department of Fish and Wildlife_Yreka Office"},{"station_id":"87","station_name":"Water entering from opening in bank into Big Springs (RR)","lat":41.599531,"lon":-122.432263,"waterbody":"Big Springs Creek","subbasin":"Shasta","organization":"California Department of Fish and Wildlife_Yreka Office"},{"station_id":"1567","station_name":"Big Spring Creek at the old waterwheel","lat":41.601795,"lon":-122.419888,"waterbody":"Big Springs Creek","subbasin":"Shasta","organization":"NCRWQCB"},{"station_id":"1566","station_name":"Shasta River downstream of Parks Creek","lat":41.591037,"lon":-122.429747,"waterbody":"Shasta River","subbasin":"Shasta","organization":"NCRWQCB"},{"station_id":"671","station_name":"Parks Creek overflow ditch","lat":41.588249,"lon":-122.433962,"waterbody":"Parks Creek","subbasin":"Shasta","organization":"Shasta Valley RCD"},{"station_id":"731","station_name":"Big Springs Creek abv SR","lat":41.59357,"lon":-122.438252,"waterbody":"Big Springs Creek","subbasin":"Shasta","organization":"The Nature Conservancy"},{"station_id":"771","station_name":"Blw. waterwheel","lat":41.601739,"lon":-122.419893,"waterbody":"Big Springs Creek","subbasin":"Shasta","organization":"The Nature Conservancy"},{"station_id":"684","station_name":"Busk bridge","lat":41.598893,"lon":-122.412414,"waterbody":"Big Springs Creek","subbasin":"Shasta","organization":"The Nature Conservancy"},{"station_id":"721","station_name":"Lower Creek","lat":41.600176,"lon":-122.428019,"waterbody":"Big Springs Creek","subbasin":"Shasta","organization":"The Nature Conservancy"},{"station_id":"773","station_name":"Lowest bridge crossing","lat":41.596491,"lon":-122.436967,"waterbody":"Big Springs Creek","subbasin":"Shasta","organization":"The Nature Conservancy"},{"station_id":"673","station_name":"LSC- 1st headgate","lat":41.58799,"lon":-122.425206,"waterbody":"Little Springs Creek","subbasin":"Shasta","organization":"The Nature Conservancy"},{"station_id":"754","station_name":"LSC-Louie Rd","lat":41.593446,"lon":-122.431462,"waterbody":"Little Springs Creek","subbasin":"Shasta","organization":"The Nature Conservancy"},{"station_id":"657","station_name":"LSC-outflow","lat":41.592139,"lon":-122.420748,"waterbody":"Little Springs Creek","subbasin":"Shasta","organization":"The Nature Conservancy"},{"station_id":"787","station_name":"Meteorological station","lat":41.599316,"lon":-122.428537,"waterbody":"Big Springs Creek","subbasin":"Shasta","organization":"The Nature Conservancy"},{"station_id":"808","station_name":"SR abv BSC","lat":41.592789,"lon":-122.439198,"waterbody":"Shasta River","subbasin":"Shasta","organization":"The Nature Conservancy"}]}},{"type":"Feature","geometry":{"type":"Polygon","coordinates":[[[-122.39309353091429,41.60019220415539],[-122.38529751776404,41.611660039277915],[-122.39445764727726,41.621727595621444],[-122.41141373878528,41.62032627895698],[-122.41920608533526,41.60885842579477],[-122.41004600798495,41.59879190722891],[-122.39309353091429,41.60019220415539]]]},"properties":{"h3_index":"8728110ddffffff","station_count":2,"program_id":"klamath_basin","program":"Klamath Basin","resolution":7,"stations":[{"station_id":"176","station_name":"Big Springs outfall (RL)","lat":41.599125,"lon":-122.409542,"waterbody":"Big Springs Creek","subbasin":"Shasta","organization":"California Department of Fish and Wildlife_Yreka Office"},{"station_id":"674","station_name":"Big Springs Dam","lat":41.599089,"lon":-122.409363,"waterbody":"Big Springs Creek","subbasin":"Shasta","organization":"The Nature Conservancy"}]}},{"type":"Feature","geometry":{"type":"Polygon","coordinates":[[[-122.43982285257938,41.531357411059936],[-122.43204019530823,41.542833177182104],[-122.44119600736256,41.5529046506818],[-122.45813441769175,41.551499318756406],[-122.46591340875378,41.54002353864491],[-122.45675765669898,41.52995310434015],[-122.43982285257938,41.531357411059936]]]},"properties":{"h3_index":"8728110eeffffff","station_count":2,"program_id":"klamath_basin","program":"Klamath Basin","resolution":7,"stations":[{"station_id":"67","station_name":"Parks Creek US of confluence with channel from Kettle Springs","lat":41.534206,"lon":-122.441392,"waterbody":"Parks Creek","subbasin":"Shasta","organization":"California Department of Fish and Wildlife_Yreka Office"},{"station_id":"94","station_name":"Parks Creek US of confluence with channel from Kettle Springs","lat":41.535733,"lon":-122.444272,"waterbody":"Parks Creek","subbasin":"Shasta","organization":"California Department of Fish and Wildlife_Yreka Office"}]}},{"type":"Feature","geometry":{"type":"Polygon","coordinates":[[[-122.3629097958018,41.52686983382187],[-122.35511465071369,41.538343576440845],[-122.36426641106254,41.5484241544131],[-122.38121327053598,41.547029950164664],[-122.38900475770484,41.535556188057065],[-122.37985304432604,41.52547664957916],[-122.3629097958018,41.52686983382187]]]},"properties":{"h3_index":"8728110f1ffffff","station_count":3,"program_id":"klamath_basin","program":"Klamath Basin","resolution":7,"stations":[{"station_id":"109","station_name":"Dwinnell Reservoir near Edgewood","lat":41.540894,"lon":-122.37455,"waterbody":"Shasta River","subbasin":"Shasta","organization":"California Department of Water Resources"},{"station_id":"1622","station_name":"Dwinnell Reservoir near Edgewood","lat":41.54089,"lon":-122.37455,"waterbody":"Dwinnell Reservoir","subbasin":"Shasta","organization":"Montague Water Conservation District"},{"station_id":"1623","station_name":"Shasta River below Dwinnell","lat":41.54338,"lon":-122.37683,"waterbody":"Shasta River","subbasin":"Shasta","organization":"Montague Water Conservation District"}]}},{"type":"Feature","geometry":{"type":"Polygon","coordinates":[[[-122.57953108481556,41.32456972873805],[-122.57178835134998,41.336068992623524],[-122.58093114658797,41.3461521426253],[-122.59781659301647,41.344734985095315],[-122.60555566161754,41.333235719278946],[-122.59641294964526,41.32315361281493],[-122.57953108481556,41.32456972873805]]]},"properties":{"h3_index":"872811141ffffff","station_count":9,"program_id":"klamath_basin","program":"Klamath Basin","resolution":7,"stations":[{"station_id":"1992","station_name":"CMMW10","lat":41.337725,"lon":-122.5975,"waterbody":"Cabin Meadows Creek","subbasin":"Scott","organization":"Scott River Watershed Council"},{"station_id":"1993","station_name":"CMMW11","lat":41.339117,"lon":-122.593614,"waterbody":"Cabin Meadows Creek","subbasin":"Scott","organization":"Scott River Watershed Council"},{"station_id":"1994","station_name":"CMMW12","lat":41.334437,"lon":-122.596801,"waterbody":"Cabin Meadows Creek","subbasin":"Scott","organization":"Scott River Watershed Council"},{"station_id":"1995","station_name":"CMMW13","lat":41.334414,"lon":-122.596284,"waterbody":"Cabin Meadows Creek","subbasin":"Scott","organization":"Scott River Watershed Council"},{"station_id":"1996","station_name":"CMMW14","lat":41.333904,"lon":-122.596591,"waterbody":"Cabin Meadows Creek","subbasin":"Scott","organization":"Scott River Watershed Council"},{"station_id":"1997","station_name":"CMMW15","lat":41.332673,"lon":-122.595506,"waterbody":"Cabin Meadows Creek","subbasin":"Scott","organization":"Scott River Watershed Council"},{"station_id":"1998","station_name":"CMMW16","lat":41.335274,"lon":-122.593737,"waterbody":"Cabin Meadows Creek","subbasin":"Scott","organization":"Scott River Watershed Council"},{"station_id":"1999","station_name":"CMMW17","lat":41.334663,"lon":-122.593784,"waterbody":"Cabin Meadows Creek","subbasin":"Scott","organization":"Scott River Watershed Council"},{"station_id":"2007","station_name":"CMMW9","lat":41.340049,"lon":-122.5979,"waterbody":"Cabin Meadows Creek","subbasin":"Scott","organization":"Scott River Watershed Council"}]}},{"type":"Feature","geometry":{"type":"Polygon","coordinates":[[[-122.60696140141773,41.35481411105781],[-122.59922084792038,41.36631143747272],[-122.60836775369886,41.37638758099737],[-122.6252551260303,41.374965355248456],[-122.63299200959484,41.363468028613205],[-122.62384519175103,41.353392927838385],[-122.60696140141773,41.35481411105781]]]},"properties":{"h3_index":"872811148ffffff","station_count":4,"program_id":"klamath_basin","program":"Klamath Basin","resolution":7,"stations":[{"station_id":"1991","station_name":"CMMW1","lat":41.364715,"lon":-122.6135,"waterbody":"Cabin Meadows Creek","subbasin":"Scott","organization":"Scott River Watershed Council"},{"station_id":"2000","station_name":"CMMW2","lat":41.364085,"lon":-122.612558,"waterbody":"Cabin Meadows Creek","subbasin":"Scott","organization":"Scott River Watershed Council"},{"station_id":"2001","station_name":"CMMW3","lat":41.358289,"lon":-122.606932,"waterbody":"Cabin Meadows Creek","subbasin":"Scott","organization":"Scott River Watershed Council"},{"station_id":"2002","station_name":"CMMW4","lat":41.355779,"lon":-122.607308,"waterbody":"Cabin Meadows Creek","subbasin":"Scott","organization":"Scott River Watershed Council"}]}},{"type":"Feature","geometry":{"type":"Polygon","coordinates":[[[-122.63299200959484,41.363468028613205],[-122.6252551260303,41.374965355248456],[-122.63440404192397,41.38503747215868],[-122.65128975004092,41.3836112198586],[-122.65902296038053,41.372113894810255],[-122.6498741368175,41.36204282036606],[-122.63299200959484,41.363468028613205]]]},"properties":{"h3_index":"872811149ffffff","station_count":2,"program_id":"klamath_basin","program":"Klamath Basin","resolution":7,"stations":[{"station_id":"1563","station_name":"Rail Creek downstream of Rock Fence Creek confluence","lat":41.363041,"lon":-122.646751,"waterbody":"Rail Creek","subbasin":"Scott","organization":"NCRWQCB"},{"station_id":"2304","station_name":"Rail Creek","lat":41.36304,"lon":-122.64675,"waterbody":"Rail Creek","subbasin":"Scott","organization":"Quartz Valley Indian Reservation"}]}},{"type":"Feature","geometry":{"type":"Polygon","coordinates":[[[-122.60555566161754,41.333235719278946],[-122.59781659301647,41.344734985095315],[-122.60696140141773,41.35481411105781],[-122.62384519175103,41.353392927838385],[-122.63158059219296,41.34189366189858],[-122.62243587145048,41.331815579192885],[-122.60555566161754,41.333235719278946]]]},"properties":{"h3_index":"87281114cffffff","station_count":13,"program_id":"klamath_basin","program":"Klamath Basin","resolution":7,"stations":[{"station_id":"2005","station_name":"CMMW7","lat":41.345322,"lon":-122.60194,"waterbody":"Cabin Meadows Creek","subbasin":"Scott","organization":"Scott River Watershed Council"},{"station_id":"2006","station_name":"CMMW8","lat":41.345233,"lon":-122.600656,"waterbody":"Cabin Meadows Creek","subbasin":"Scott","organization":"Scott River Watershed Council"},{"station_id":"2032","station_name":"RFMW10","lat":41.343711,"lon":-122.616243,"waterbody":"Rock Fence Creek","subbasin":"Scott","organization":"Scott River Watershed Council"},{"station_id":"2033","station_name":"RFMW11","lat":41.338775,"lon":-122.613468,"waterbody":"Rock Fence Creek","subbasin":"Scott","organization":"Scott River Watershed Council"},{"station_id":"2034","station_name":"RFMW12","lat":41.338748,"lon":-122.613102,"waterbody":"Rock Fence Creek","subbasin":"Scott","organization":"Scott River Watershed Council"},{"station_id":"2035","station_name":"RFMW13","lat":41.338123,"lon":-122.612304,"waterbody":"Rock Fence Creek","subbasin":"Scott","organization":"Scott River Watershed Council"},{"station_id":"2037","station_name":"RFMW3","lat":41.340935,"lon":-122.616896,"waterbody":"Rock Fence Creek","subbasin":"Scott","organization":"Scott River Watershed Council"},{"station_id":"2038","station_name":"RFMW4","lat":41.339639,"lon":-122.617129,"waterbody":"Rock Fence Creek","subbasin":"Scott","organization":"Scott River Watershed Council"},{"station_id":"2039","station_name":"RFMW5","lat":41.345869,"lon":-122.617931,"waterbody":"Rock Fence Creek","subbasin":"Scott","organization":"Scott River Watershed Council"},{"station_id":"2040","station_name":"RFMW6","lat":41.34583,"lon":-122.617295,"waterbody":"Rock Fence Creek","subbasin":"Scott","organization":"Scott River Watershed Council"},{"station_id":"2041","station_name":"RFMW7","lat":41.346027,"lon":-122.616345,"waterbody":"Rock Fence Creek","subbasin":"Scott","organization":"Scott River Watershed Council"},{"station_id":"2042","station_name":"RFMW8","lat":41.343718,"lon":-122.617213,"waterbody":"Rock Fence Creek","subbasin":"Scott","organization":"Scott River Watershed Council"},{"station_id":"2043","station_name":"RFMW9","lat":41.343734,"lon":-122.616717,"waterbody":"Rock Fence Creek","subbasin":"Scott","organization":"Scott River Watershed Council"}]}},{"type":"Feature","geometry":{"type":"Polygon","coordinates":[[[-122.63158059219296,41.34189366189858],[-122.62384519175103,41.353392927838385],[-122.63299200959484,41.363468028613205],[-122.6498741368175,41.36204282036606],[-122.65760586581004,41.350543556110715],[-122.6484591400181,41.340469498309105],[-122.63158059219296,41.34189366189858]]]},"properties":{"h3_index":"87281114dffffff","station_count":2,"program_id":"klamath_basin","program":"Klamath Basin","resolution":7,"stations":[{"station_id":"2031","station_name":"RFMW1","lat":41.359658,"lon":-122.633861,"waterbody":"Rock Fence Creek","subbasin":"Scott","organization":"Scott River Watershed Council"},{"station_id":"2036","station_name":"RFMW2","lat":41.359921,"lon":-122.634594,"waterbody":"Rock Fence Creek","subbasin":"Scott","organization":"Scott River Watershed Council"}]}},{"type":"Feature","geometry":{"type":"Polygon","coordinates":[[[-122.58093114658797,41.3461521426253],[-122.57318692645443,41.357649467013026],[-122.5823318183944,41.367729636006565],[-122.59922084792038,41.36631143747272],[-122.60696140141773,41.35481411105781],[-122.59781659301647,41.344734985095315],[-122.58093114658797,41.3461521426253]]]},"properties":{"h3_index":"87281114effffff","station_count":2,"program_id":"klamath_basin","program":"Klamath Basin","resolution":7,"stations":[{"station_id":"2003","station_name":"CMMW5","lat":41.355455,"lon":-122.606053,"waterbody":"Cabin Meadows Creek","subbasin":"Scott","organization":"Scott River Watershed Council"},{"station_id":"2004","station_name":"CMMW6","lat":41.354898,"lon":-122.606729,"waterbody":"Cabin Meadows Creek","subbasin":"Scott","organization":"Scott River Watershed Council"}]}},{"type":"Feature","geometry":{"type":"Polygon","coordinates":[[[-122.5028426095575,41.32011793704849],[-122.49508740933877,41.3316152445182],[-122.5042262374501,41.34170748299005],[-122.52112019642264,41.34030137002555],[-122.52887173992129,41.32880405511086],[-122.51973298216136,41.31871286049771],[-122.5028426095575,41.32011793704849]]]},"properties":{"h3_index":"872811155ffffff","station_count":1,"program_id":"klamath_basin","program":"Klamath Basin","resolution":7,"stations":[{"station_id":"1890","station_name":"Deadfall Cr","lat":41.334372,"lon":-122.522471,"waterbody":"Deadfall Creek","subbasin":"Trinity","organization":"U.S. Forest Service"}]}},{"type":"Feature","geometry":{"type":"Polygon","coordinates":[[[-122.53165096466361,41.37197019557328],[-122.5238964390915,41.38346362348549],[-122.5330414857273,41.39354587786057],[-122.54994098364682,41.39213366163806],[-122.55769184564953,41.380640227891185],[-122.5485468742963,41.370559016093196],[-122.53165096466361,41.37197019557328]]]},"properties":{"h3_index":"872811158ffffff","station_count":1,"program_id":"klamath_basin","program":"Klamath Basin","resolution":7,"stations":[{"station_id":"1626","station_name":"Sweetwater","lat":41.38197,"lon":-122.53529,"subbasin":"Shasta","organization":"U.S. Forest Service"}]}},{"type":"Feature","geometry":{"type":"Polygon","coordinates":[[[-122.5302610495264,41.35038958649816],[-122.52250801526814,41.361884959181346],[-122.53165096466361,41.37197019557328],[-122.5485468742963,41.370559016093196],[-122.55629624675552,41.359063637673806],[-122.54715337237471,41.34897944436245],[-122.5302610495264,41.35038958649816]]]},"properties":{"h3_index":"87281115cffffff","station_count":1,"program_id":"klamath_basin","program":"Klamath Basin","resolution":7,"stations":[{"station_id":"1625","station_name":"Parks Creek","lat":41.367,"lon":-122.55,"subbasin":"Shasta","organization":"U.S. Forest Service"}]}},{"type":"Feature","geometry":{"type":"Polygon","coordinates":[[[-122.60134211312108,41.26847105772301],[-122.59360749591056,41.27997612648003],[-122.60274601786706,41.29006418812228],[-122.61961907118881,41.2886461361131],[-122.62735002555353,41.277141067513014],[-122.6182115904302,41.26705405065662],[-122.60134211312108,41.26847105772301]]]},"properties":{"h3_index":"872811161ffffff","station_count":1,"program_id":"klamath_basin","program":"Klamath Basin","resolution":7,"stations":[{"station_id":"1908","station_name":"Rattlesnake Mine","lat":41.268143,"lon":-122.608177,"waterbody":"Trinity River","subbasin":"Trinity","organization":"U.S. Forest Service"}]}},{"type":"Feature","geometry":{"type":"Polygon","coordinates":[[[-122.52609493573189,41.28561824334043],[-122.51834637209089,41.29711943508512],[-122.52748303545437,41.307213605894646],[-122.54436818923769,41.305805540252166],[-122.55211309638335,41.29430434305622],[-122.54297650723277,41.28421121684602],[-122.52609493573189,41.28561824334043]]]},"properties":{"h3_index":"872811171ffffff","station_count":1,"program_id":"klamath_basin","program":"Klamath Basin","resolution":7,"stations":[{"station_id":"367","station_name":"Peterson Flat","lat":41.30222,"lon":-122.52778,"subbasin":"Trinity","organization":"U.S. Bureau of Reclamation"}]}},{"type":"Feature","geometry":{"type":"Polygon","coordinates":[[[-122.50145958435415,41.29852347462178],[-122.49370587610703,41.31002272187422],[-122.5028426095575,41.32011793704849],[-122.51973298216136,41.31871286049771],[-122.52748303545437,41.307213605894646],[-122.51834637209089,41.29711943508512],[-122.50145958435415,41.29852347462178]]]},"properties":{"h3_index":"872811173ffffff","station_count":1,"program_id":"klamath_basin","program":"Klamath Basin","resolution":7,"stations":[{"station_id":"1624","station_name":"Deadfall Lake","lat":41.318,"lon":-122.503,"subbasin":"Trinity","organization":"U.S. Forest Service"}]}},{"type":"Feature","geometry":{"type":"Polygon","coordinates":[[[-122.7268399287546,41.62624031650723],[-122.71909778298932,41.637716137600904],[-122.72827587028166,41.64774317247387],[-122.74519599562993,41.64629335003994],[-122.75293443864288,41.63481753474928],[-122.7437564600531,41.62479153597907],[-122.7268399287546,41.62624031650723]]]},"properties":{"h3_index":"872811235ffffff","station_count":1,"program_id":"klamath_basin","program":"Klamath Basin","resolution":7,"stations":[{"station_id":"1453","station_name":"Moffett above Soap Creek","lat":41.632159,"lon":-122.736724,"waterbody":"Moffett Creek","subbasin":"Scott","organization":"Scott River Watershed Council"}]}},{"type":"Feature","geometry":{"type":"Polygon","coordinates":[[[-122.93856743539862,41.737567380786494],[-122.93085206327866,41.74903916617427],[-122.94005029947179,41.759027752906135],[-122.9569637640169,41.75754352147023],[-122.96467540352404,41.74607175606178],[-122.95547731208579,41.73608420199754],[-122.93856743539862,41.737567380786494]]]},"properties":{"h3_index":"872811240ffffff","station_count":2,"program_id":"klamath_basin","program":"Klamath Basin","resolution":7,"stations":[{"station_id":"647","station_name":"Mill Creek (Lower Scott), just upstream from mouth","lat":41.74727,"lon":-122.95848,"waterbody":"Mill Creek","subbasin":"Scott","organization":"U.S. Forest Service"},{"station_id":"1095","station_name":"Millsb2","lat":41.7471,"lon":-122.958,"waterbody":"Mill Creek","subbasin":"Scott","organization":"U.S. Forest Service"}]}},{"type":"Feature","geometry":{"type":"Polygon","coordinates":[[[-122.94005029947179,41.759027752906135],[-122.93233345634957,41.770497565186936],[-122.941533811212,41.78048312629355],[-122.95845086511382,41.77899784282983],[-122.966163973809,41.76752805039973],[-122.9569637640169,41.75754352147023],[-122.94005029947179,41.759027752906135]]]},"properties":{"h3_index":"872811243ffffff","station_count":1,"program_id":"klamath_basin","program":"Klamath Basin","resolution":7,"stations":[{"station_id":"578","station_name":"Collins Baldy ","lat":41.775,"lon":-122.9503,"subbasin":"Scott","organization":"U.S. Forest Service"}]}},{"type":"Feature","geometry":{"type":"Polygon","coordinates":[[[-123.01839193071613,41.7845043560905],[-123.01068630066445,41.795974103407914],[-123.01989256687725,41.80594748393955],[-123.03680430574735,41.80445008582797],[-123.0445061915918,41.79298036377337],[-123.03530008375797,41.783008014454474],[-123.01839193071613,41.7845043560905]]]},"properties":{"h3_index":"872811249ffffff","station_count":1,"program_id":"klamath_basin","program":"Klamath Basin","resolution":7,"stations":[{"station_id":"1511","station_name":"Klamath River above Scott River","lat":41.78741,"lon":-123.029632,"waterbody":"Klamath River","subbasin":"Middle Klamath","organization":"U.S. Fish and Wildlife Service"}]}},{"type":"Feature","geometry":{"type":"Polygon","coordinates":[[[-122.99377278306041,41.79746746407896],[-122.98606194414869,41.80893525954269],[-122.99526836462596,41.81890967112151],[-123.0121854707366,41.817415256076494],[-123.01989256687725,41.80594748393955],[-123.01068630066445,41.795974103407914],[-122.99377278306041,41.79746746407896]]]},"properties":{"h3_index":"87281124bffffff","station_count":4,"program_id":"klamath_basin","program":"Klamath Basin","resolution":7,"stations":[{"station_id":"233","station_name":"JC Boyle Bypass","lat":41.810345,"lon":-123.013657,"waterbody":"Klamath River","subbasin":"Upper Klamath","organization":"Oregon State University"},{"station_id":"236","station_name":"Klamath River at Kinsman Fish Trap","lat":41.810345,"lon":-123.013657,"waterbody":"Klamath River","subbasin":"Middle Klamath","organization":"Oregon State University"},{"station_id":"1719","station_name":"Klamath River At Kinsman Creek","lat":41.810833,"lon":-123.011944,"waterbody":"Klamath River","subbasin":"Middle Klamath","organization":"U.S. Fish and Wildlife Service"},{"station_id":"399","station_name":"Klamath River nr. Kinsman Creek","lat":41.810833,"lon":-123.011944,"waterbody":"Klamath River","subbasin":"Middle Klamath","organization":"U.S. Fish and Wildlife Service"}]}},{"type":"Feature","geometry":{"type":"Polygon","coordinates":[[[-123.01689194959887,41.763056225836294],[-123.00918778510115,41.774527945872926],[-123.01839193071613,41.7845043560905],[-123.03530008375797,41.783008014454474],[-123.04300050586825,41.771536319811126],[-123.03379651830815,41.76156094129754],[-123.01689194959887,41.763056225836294]]]},"properties":{"h3_index":"87281124dffffff","station_count":10,"program_id":"klamath_basin","program":"Klamath Basin","resolution":7,"stations":[{"station_id":"243","station_name":"Scott River near mouth","lat":41.766631,"lon":-123.024386,"waterbody":"Scott River","subbasin":"Scott","organization":"Karuk Tribe"},{"station_id":"504","station_name":"Klamath River above Scott River","lat":41.779236,"lon":-123.033245,"waterbody":"Klamath River","subbasin":"Middle Klamath","organization":"U.S. Fish and Wildlife Service"},{"station_id":"440","station_name":"Scott River at Johnson Bar","lat":41.765479,"lon":-123.022657,"waterbody":"Scott River","subbasin":"Scott","organization":"U.S. Fish and Wildlife Service"},{"station_id":"642","station_name":"Klamath River, upstream of the Scott River","lat":41.78208,"lon":-123.03194,"waterbody":"Klamath River","subbasin":"Middle Klamath","organization":"U.S. Forest Service"},{"station_id":"2409","station_name":"Scott R near Roxbury Bridge","lat":41.775083,"lon":-123.034714,"waterbody":"Scott River","subbasin":"Scott","organization":"U.S. Forest Service"},{"station_id":"2411","station_name":"Scott R under Scott Valley bridge - Road 7F01","lat":41.765223,"lon":-123.021595,"waterbody":"Scott River","subbasin":"Scott","organization":"U.S. Forest Service"},{"station_id":"423","station_name":"Scott River, 100' downstream of 1st bridge near temp gauge site","lat":41.7654,"lon":-123.02192,"waterbody":"Scott River","subbasin":"Scott","organization":"U.S. Forest Service"},{"station_id":"546","station_name":"Scott River, near Roxbury Bridge","lat":41.77521,"lon":-123.03434,"waterbody":"Scott River","subbasin":"Scott","organization":"U.S. Forest Service"},{"station_id":"586","station_name":"Scott River, under Scott Valley Bridge- Road 7F01","lat":41.76518,"lon":-123.02128,"waterbody":"Scott River","subbasin":"Scott","organization":"U.S. Forest Service"},{"station_id":"1005","station_name":"Terwer Creek SPI Station Arrow Mills Pond","lat":41.765122,"lon":-123.021519,"waterbody":"Turwar Creek","subbasin":"Lower Klamath","organization":"Yurok Tribal Fisheries Program"}]}},{"type":"Feature","geometry":{"type":"Polygon","coordinates":[[[-122.88929570610156,41.763466392864295],[-122.88156992877093,41.774934263605125],[-122.89076844210547,41.784924915148515],[-122.9076925972531,41.783446663520785],[-122.91541464488796,41.77197880889558],[-122.90621626806087,41.76198918967044],[-122.88929570610156,41.763466392864295]]]},"properties":{"h3_index":"872811251ffffff","station_count":1,"program_id":"klamath_basin","program":"Klamath Basin","resolution":7,"stations":[{"station_id":"249","station_name":"McKinney Creek Section 33-2","lat":41.782992,"lon":-122.897772,"waterbody":"McKinney Creek","subbasin":"Middle Klamath","organization":"Michigan-California Timber Company"}]}},{"type":"Feature","geometry":{"type":"Polygon","coordinates":[[[-122.8922418216936,41.806378432532924],[-122.88451309240442,41.81784234421438],[-122.893715845286,41.827826940712235],[-122.91064719131924,41.82634659407135],[-122.91837218728524,41.81488269824217],[-122.90916957153227,41.80489913308941],[-122.8922418216936,41.806378432532924]]]},"properties":{"h3_index":"87281125affffff","station_count":1,"program_id":"klamath_basin","program":"Klamath Basin","resolution":7,"stations":[{"station_id":"299","station_name":"McKinney Creek Section 21","lat":41.812874,"lon":-122.906346,"waterbody":"McKinney Creek","subbasin":"Middle Klamath","organization":"Michigan-California Timber Company"}]}},{"type":"Feature","geometry":{"type":"Polygon","coordinates":[[[-122.89076844210547,41.784924915148515],[-122.88304118906657,41.79639080759092],[-122.8922418216936,41.806378432532924],[-122.90916957153227,41.80489913308941],[-122.91689309306234,41.793433256631815],[-122.9076925972531,41.783446663520785],[-122.89076844210547,41.784924915148515]]]},"properties":{"h3_index":"87281125effffff","station_count":1,"program_id":"klamath_basin","program":"Klamath Basin","resolution":7,"stations":[{"station_id":"240","station_name":"McKinney Creek Section 33-1","lat":41.787902,"lon":-122.902455,"waterbody":"McKinney Creek","subbasin":"Middle Klamath","organization":"Michigan-California Timber Company"}]}},{"type":"Feature","geometry":{"type":"Polygon","coordinates":[[[-123.01389395078927,41.72014497534649],[-123.00619271579573,41.7316206334233],[-123.0153926230987,41.74160309748355],[-123.03229360897026,41.740108870663505],[-123.03999110521215,41.728633238235865],[-123.03079135531699,41.718651806866255],[-123.01389395078927,41.72014497534649]]]},"properties":{"h3_index":"872811268ffffff","station_count":1,"program_id":"klamath_basin","program":"Klamath Basin","resolution":7,"stations":[{"station_id":"97","station_name":"DS of rotary screw trap near Cabin Hole","lat":41.727763,"lon":-123.008785,"waterbody":"Scott River","subbasin":"Scott","organization":"California Department of Fish and Wildlife_Yreka Office"}]}},{"type":"Feature","geometry":{"type":"Polygon","coordinates":[[[-122.98928995472913,41.73311082724649],[-122.9815835179336,41.74458454125385],[-122.9907835785374,41.754568037834325],[-123.00768992362029,41.75307678777452],[-123.0153926230987,41.74160309748355],[-123.00619271579573,41.7316206334233],[-122.98928995472913,41.73311082724649]]]},"properties":{"h3_index":"87281126affffff","station_count":1,"program_id":"klamath_basin","program":"Klamath Basin","resolution":7,"stations":[{"station_id":"2383","station_name":"Mill Ck (Scott Bar)","lat":41.741942,"lon":-122.996657,"waterbody":"Mill Creek","subbasin":"Scott","organization":"U.S. Forest Service"}]}},{"type":"Feature","geometry":{"type":"Polygon","coordinates":[[[-122.58291704363992,41.76817184758954],[-122.57513927495854,41.77962984741875],[-122.58432426980323,41.78965404762973],[-122.60128694971822,41.78821921443193],[-122.60906101940246,41.77676120849364],[-122.59987610917302,41.766738041752454],[-122.58291704363992,41.76817184758954]]]},"properties":{"h3_index":"872811280ffffff","station_count":4,"program_id":"klamath_basin","program":"Klamath Basin","resolution":7,"stations":[{"station_id":"92","station_name":"Anderson Grade bridge (RL)","lat":41.772131,"lon":-122.593099,"waterbody":"Shasta River","subbasin":"Shasta","organization":"California Department of Fish and Wildlife_Yreka Office"},{"station_id":"2480","station_name":"Shelley Bridge","lat":41.772133,"lon":-122.593004,"waterbody":"Shasta River","subbasin":"Shasta","organization":"Shasta Valley RCD"},{"station_id":"744","station_name":"Yreka Creek at Anderson Grade","lat":41.771907,"lon":-122.604345,"waterbody":"Yreka Creek","subbasin":"Shasta","organization":"Shasta Valley RCD"},{"station_id":"1708","station_name":"Yreka Creek at Anderson Grade Road","lat":41.77196,"lon":-122.60435,"waterbody":"Yreka Creek","subbasin":"Shasta","organization":"Shasta Valley RCD"}]}},{"type":"Feature","geometry":{"type":"Polygon","coordinates":[[[-122.66277444213479,41.815385655741906],[-122.65500628574812,41.82684167671598],[-122.66419948092657,41.8368506928371],[-122.68116073523102,41.83540265573961],[-122.68892518081299,41.82394663390482],[-122.67973208389725,41.81393864991771],[-122.66277444213479,41.815385655741906]]]},"properties":{"h3_index":"872811289ffffff","station_count":4,"program_id":"klamath_basin","program":"Klamath Basin","resolution":7,"stations":[{"station_id":"1189","station_name":"Tree of Heaven","lat":41.83071,"lon":-122.66141,"waterbody":"Klamath River","subbasin":"Middle Klamath","organization":"Klamath Tribal Water Quality Consortium"},{"station_id":"252","station_name":"Tree of Heaven","lat":41.827081,"lon":-122.661233,"waterbody":"Klamath River","subbasin":"Middle Klamath","organization":"Oregon State University"},{"station_id":"1982","station_name":"Tree of Heaven Campground","lat":41.829127,"lon":-122.661438,"waterbody":"Klamath River","subbasin":"Middle Klamath","organization":"Oregon State University"},{"station_id":"426","station_name":"Klamath River at Trees of Heaven","lat":41.825556,"lon":-122.656389,"waterbody":"Klamath River","subbasin":"Middle Klamath","organization":"U.S. Fish and Wildlife Service"}]}},{"type":"Feature","geometry":{"type":"Polygon","coordinates":[[[-122.61188755052777,41.819712503080275],[-122.60411048366642,41.831166522421675],[-122.6133017441639,41.841180626750806],[-122.63026998289767,41.83973967939573],[-122.6380433438242,41.82828565547206],[-122.62885217295621,41.81827258337559],[-122.61188755052777,41.819712503080275]]]},"properties":{"h3_index":"87281128affffff","station_count":2,"program_id":"klamath_basin","program":"Klamath Basin","resolution":7,"stations":[{"station_id":"1817","station_name":"Tree of Heaven Downstream","lat":41.83135,"lon":-122.62995,"waterbody":"Klamath River","subbasin":"Middle Klamath","organization":"U.S. Geological Survey"},{"station_id":"1818","station_name":"Tree of Heaven Upstream","lat":41.83105,"lon":-122.6299,"waterbody":"Klamath River","subbasin":"Middle Klamath","organization":"U.S. Geological Survey"}]}},{"type":"Feature","geometry":{"type":"Polygon","coordinates":[[[-122.5623830990779,41.84548927250331],[-122.55459562377834,41.85693928032545],[-122.56378705098386,41.86695544854625],[-122.58076587323605,41.865520576985105],[-122.58854964569684,41.85407056072555],[-122.57935829975172,41.84405542435472],[-122.5623830990779,41.84548927250331]]]},"properties":{"h3_index":"87281129bffffff","station_count":8,"program_id":"klamath_basin","program":"Klamath Basin","resolution":7,"stations":[{"station_id":"216","station_name":"Klamath River at I-5 Rest Area","lat":41.856947,"lon":-122.57085,"waterbody":"Klamath River","subbasin":"Middle Klamath","organization":"Karuk Tribe"},{"station_id":"1188","station_name":"Above I5-Bridge","lat":41.8642,"lon":-122.56434,"waterbody":"Klamath River","subbasin":"Middle Klamath","organization":"Klamath Tribal Water Quality Consortium"},{"station_id":"264","station_name":"Klamath River at I5 fish trap","lat":41.863449,"lon":-122.564733,"waterbody":"Klamath River","subbasin":"Middle Klamath","organization":"Oregon State University"},{"station_id":"286","station_name":"Klamath River at I5 fish trap","lat":41.859947,"lon":-122.566644,"waterbody":"Klamath River","subbasin":"Middle Klamath","organization":"Oregon State University"},{"station_id":"293","station_name":"Klamath River at I5 fish trap","lat":41.855935,"lon":-122.572465,"waterbody":"Klamath River","subbasin":"Middle Klamath","organization":"Oregon State University"},{"station_id":"230","station_name":"Klamath River at Tully Creek","lat":41.853611,"lon":-122.572222,"waterbody":"Klamath River","subbasin":"Lower Klamath","organization":"Oregon State University"},{"station_id":"449","station_name":"Klamath River above I-5 Bridge","lat":41.853611,"lon":-122.572222,"waterbody":"Klamath River","subbasin":"Middle Klamath","organization":"U.S. Fish and Wildlife Service"},{"station_id":"1718","station_name":"Klamath River above I-5 Bridge","lat":41.863354,"lon":-122.56474,"waterbody":"Klamath River","subbasin":"Middle Klamath","organization":"U.S. Fish and Wildlife Service"}]}},{"type":"Feature","geometry":{"type":"Polygon","coordinates":[[[-122.58573211193189,41.8111312360437],[-122.5779513424792,41.82258524901059],[-122.58714057042869,41.83260340851271],[-122.60411048366642,41.831166522421675],[-122.61188755052777,41.819712503080275],[-122.60269840774812,41.8096953760945],[-122.58573211193189,41.8111312360437]]]},"properties":{"h3_index":"87281129dffffff","station_count":16,"program_id":"klamath_basin","program":"Klamath Basin","resolution":7,"stations":[{"station_id":"47","station_name":"CDFW fish counting weir facility and rotary screw trap","lat":41.829374,"lon":-122.593767,"waterbody":"Shasta River","subbasin":"Shasta","organization":"California Department of Fish and Wildlife_Yreka Office"},{"station_id":"177","station_name":"CDFW fish counting weir facility and rotary screw trap (RR)","lat":41.829374,"lon":-122.593767,"waterbody":"Shasta River","subbasin":"Shasta","organization":"California Department of Fish and Wildlife_Yreka Office"},{"station_id":"1774","station_name":"Shasta Canyon Snorkel Surveys","lat":41.814736,"lon":-122.587378,"waterbody":"Shasta River","subbasin":"Shasta","organization":"California Department of Fish and Wildlife_Yreka Office"},{"station_id":"153","station_name":"US of trap location, point of release for marked fish","lat":41.824108,"lon":-122.594395,"waterbody":"Shasta River","subbasin":"Shasta","organization":"California Department of Fish and Wildlife_Yreka Office"},{"station_id":"38","station_name":"US Shasta confluence (RL)","lat":41.831202,"lon":-122.593338,"waterbody":"Klamath River","subbasin":"Middle Klamath","organization":"California Department of Fish and Wildlife_Yreka Office"},{"station_id":"298","station_name":"Shasta River near mouth","lat":41.823,"lon":-122.595,"waterbody":"Shasta River","subbasin":"Shasta","organization":"Karuk Tribe"},{"station_id":"1981","station_name":"Shasta River Confluence - immediately above the Shasta River confluence on the Klamath","lat":41.831409,"lon":-122.592522,"waterbody":"Klamath River","subbasin":"Middle Klamath","organization":"Oregon State University"},{"station_id":"809","station_name":"Lower Shasta - Hwy 263","lat":41.824058,"lon":-122.59447,"waterbody":"Shasta River","subbasin":"Shasta","organization":"Shasta Valley RCD"},{"station_id":"761","station_name":"TMDL Monitoring Site- Salmon Heaven","lat":41.824097,"lon":-122.59427,"waterbody":"Shasta River","subbasin":"Shasta","organization":"Shasta Valley RCD"},{"station_id":"474","station_name":"Klamath River above Shasta River ","lat":41.83124,"lon":-122.593382,"waterbody":"Klamath River","subbasin":"Middle Klamath","organization":"U.S. Fish and Wildlife Service"},{"station_id":"1205","station_name":"Shasta River near mouth","lat":41.824759,"lon":-122.593916,"waterbody":"Shasta River","subbasin":"Shasta","organization":"U.S. Fish and Wildlife Service"},{"station_id":"2372","station_name":"Klamath R upstream of Shasta R","lat":41.831922,"lon":-122.590596,"waterbody":"Klamath River","subbasin":"Middle Klamath","organization":"U.S. Forest Service"},{"station_id":"553","station_name":"Klamath River, upstream of the Shasta River","lat":41.83201,"lon":-122.59114,"waterbody":"Klamath River","subbasin":"Middle Klamath","organization":"U.S. Forest Service"},{"station_id":"930","station_name":"Shasta River near Yreka","lat":41.822898,"lon":-122.595001,"waterbody":"Shasta River","subbasin":"Shasta","organization":"U.S. Geological Survey"},{"station_id":"1741","station_name":"Shasta River near Yreka","lat":41.82292,"lon":-122.59558,"waterbody":"Shasta River","subbasin":"Shasta","organization":"U.S. Geological Survey"},{"station_id":"994","station_name":"Terwer Creek SPI Station Farley Pond","lat":41.830525,"lon":-122.593517,"waterbody":"Turwar Creek","subbasin":"Lower Klamath","organization":"Yurok Tribal Fisheries Program"}]}},{"type":"Feature","geometry":{"type":"Polygon","coordinates":[[[-122.62953680755284,41.699395987726355],[-122.6217724206932,41.71086194102985],[-122.63095301398455,41.72089010546143],[-122.64789790274112,41.71945128165339],[-122.65565859111754,41.70798532634378],[-122.6464780902205,41.697958196738405],[-122.62953680755284,41.699395987726355]]]},"properties":{"h3_index":"8728112a5ffffff","station_count":2,"program_id":"klamath_basin","program":"Klamath Basin","resolution":7,"stations":[{"station_id":"1961","station_name":"Camp Creek","lat":41.70838,"lon":-122.64484,"waterbody":"Camp Creek","subbasin":"Lower Klamath","organization":"California Department of Fish and Wildlife_Yreka Office"},{"station_id":"1736","station_name":"Yreka","lat":41.7,"lon":-122.633,"subbasin":"Shasta","organization":"U.S. Forest Service"}]}},{"type":"Feature","geometry":{"type":"Polygon","coordinates":[[[-122.55537255184548,41.738083128712674],[-122.54759258885197,41.749543110499296],[-122.55677343432365,41.75957437821666],[-122.57373416390573,41.758144629808925],[-122.5815104330395,41.746684640249576],[-122.57232966745536,41.736654406761204],[-122.55537255184548,41.738083128712674]]]},"properties":{"h3_index":"8728112b1ffffff","station_count":1,"program_id":"klamath_basin","program":"Klamath Basin","resolution":7,"stations":[{"station_id":"667","station_name":"Yreka-Ager Rd. Bridge","lat":41.746028,"lon":-122.574083,"waterbody":"Shasta River","subbasin":"Shasta","organization":"Shasta Valley RCD"}]}},{"type":"Feature","geometry":{"type":"Polygon","coordinates":[[[-122.52784050465978,41.70797322281067],[-122.52005835372438,41.719435182544224],[-122.52923504839406,41.72947351202337],[-122.54619381983765,41.7280488466734],[-122.5539722820499,41.71658687750102],[-122.54479566254648,41.70654958300827],[-122.52784050465978,41.70797322281067]]]},"properties":{"h3_index":"8728112b4ffffff","station_count":4,"program_id":"klamath_basin","program":"Klamath Basin","resolution":7,"stations":[{"station_id":"704","station_name":"Meamber Ranch","lat":41.70908,"lon":-122.538136,"subbasin":"Shasta","organization":"Shasta Valley RCD"},{"station_id":"798","station_name":"Montague-Grenada Rd. Bridge","lat":41.708592,"lon":-122.537594,"waterbody":"Shasta River","subbasin":"Shasta","organization":"Shasta Valley RCD"},{"station_id":"974","station_name":"Shasta River near Montague","lat":41.708999,"lon":-122.538002,"waterbody":"Shasta River","subbasin":"Shasta","organization":"U.S. Geological Survey"},{"station_id":"1740","station_name":"Shasta River near Montague","lat":41.70903,"lon":-122.53808,"waterbody":"Shasta River","subbasin":"Shasta","organization":"U.S. Geological Survey"}]}},{"type":"Feature","geometry":{"type":"Polygon","coordinates":[[[-122.5539722820499,41.71658687750102],[-122.54619381983765,41.7280488466734],[-122.55537255184548,41.738083128712674],[-122.57232966745536,41.736654406761204],[-122.58010443759981,41.7251924299439],[-122.570925785206,41.71515918261359],[-122.5539722820499,41.71658687750102]]]},"properties":{"h3_index":"8728112b5ffffff","station_count":2,"program_id":"klamath_basin","program":"Klamath Basin","resolution":7,"stations":[{"station_id":"659","station_name":"Araujo - Dam Site","lat":41.730361,"lon":-122.561167,"waterbody":"Shasta River","subbasin":"Shasta","organization":"Shasta Valley RCD"},{"station_id":"734","station_name":"Lemos @ Hwy 3","lat":41.726444,"lon":-122.558611,"waterbody":"Shasta River","subbasin":"Shasta","organization":"Shasta Valley RCD"}]}},{"type":"Feature","geometry":{"type":"Polygon","coordinates":[[[-122.7412276146878,41.84104425121674],[-122.73347060069486,41.85250026938939],[-122.74266984611126,41.862497111122735],[-122.75962599488625,41.86103690332055],[-122.7673792881039,41.84958088967167],[-122.758180154321,41.83958507919003],[-122.7412276146878,41.84104425121674]]]},"properties":{"h3_index":"8728112c2ffffff","station_count":1,"program_id":"klamath_basin","program":"Klamath Basin","resolution":7,"stations":[{"station_id":"1766","station_name":"Gottville River Access","lat":41.858519,"lon":-122.749668,"waterbody":"Klamath River","subbasin":"Middle Klamath","organization":"Cal Poly Humboldt, O'Dowd Lab"}]}},{"type":"Feature","geometry":{"type":"Polygon","coordinates":[[[-122.81968349343646,41.86662982452982],[-122.81193765170809,41.87808582374348],[-122.82114291326616,41.88807048151162],[-122.83809389254456,41.886598109608705],[-122.84583600356797,41.87514212030737],[-122.83663086701429,41.86515849288476],[-122.81968349343646,41.86662982452982]]]},"properties":{"h3_index":"8728112c8ffffff","station_count":5,"program_id":"klamath_basin","program":"Klamath Basin","resolution":7,"stations":[{"station_id":"1763","station_name":"Beaver Creek","lat":41.873924,"lon":-122.818961,"waterbody":"Beaver Creek","subbasin":"Middle Klamath","organization":"Cal Poly Humboldt, O'Dowd Lab"},{"station_id":"157","station_name":"Beaver Creek","lat":41.872851,"lon":-122.818159,"waterbody":"Beaver Creek","subbasin":"Middle Klamath","organization":"Karuk Tribe"},{"station_id":"2321","station_name":"Beaver Ck upstream of Hwy 96 bridge","lat":41.873346,"lon":-122.81855,"waterbody":"Beaver Creek","subbasin":"Middle Klamath","organization":"U.S. Forest Service"},{"station_id":"506","station_name":"Beaver Creek,  near Temp Gauge","lat":41.87454,"lon":-122.81876,"waterbody":"Beaver Creek","subbasin":"Middle Klamath","organization":"U.S. Forest Service"},{"station_id":"636","station_name":"Beaver Creek, 1/4 mile above Klamath River","lat":41.87448,"lon":-122.81871,"waterbody":"Beaver Creek","subbasin":"Middle Klamath","organization":"U.S. Forest Service"}]}},{"type":"Feature","geometry":{"type":"Polygon","coordinates":[[[-122.84437149598331,41.853700512731756],[-122.83663086701429,41.86515849288476],[-122.84583600356797,41.87514212030737],[-122.86278164093049,41.873666736947015],[-122.87051853770949,41.8622087686416],[-122.86131353031077,41.85222617173697],[-122.84437149598331,41.853700512731756]]]},"properties":{"h3_index":"8728112cdffffff","station_count":1,"program_id":"klamath_basin","program":"Klamath Basin","resolution":7,"stations":[{"station_id":"273","station_name":"Barkhouse Creek","lat":41.858163,"lon":-122.858163,"waterbody":"Barkhouse Creek","subbasin":"Middle Klamath","organization":"Michigan-California Timber Company"}]}},{"type":"Feature","geometry":{"type":"Polygon","coordinates":[[[-122.79353125131748,41.858109414215534],[-122.78578168218955,41.86956542154491],[-122.7949849421599,41.87955414168981],[-122.81193765170809,41.87808582374348],[-122.81968349343646,41.86662982452982],[-122.8104803540135,41.85664213503513],[-122.79353125131748,41.858109414215534]]]},"properties":{"h3_index":"8728112ceffffff","station_count":30,"program_id":"klamath_basin","program":"Klamath Basin","resolution":7,"stations":[{"station_id":"1186","station_name":"Beaver Creek confluence","lat":41.87007,"lon":-122.8171,"waterbody":"Beaver Creek","subbasin":"Middle Klamath","organization":"Humboldt State University, Department of Fisheries Biology"},{"station_id":"138","station_name":"Klamath River at Beaver Creek","lat":41.8673,"lon":-122.80992,"waterbody":"Klamath River","subbasin":"Middle Klamath","organization":"Karuk Tribe"},{"station_id":"1190","station_name":"Above Beaver Creek","lat":41.86707,"lon":-122.80956,"waterbody":"Klamath River","subbasin":"Middle Klamath","organization":"Klamath Tribal Water Quality Consortium"},{"station_id":"229","station_name":"Klamath River above Beaver Creek","lat":41.867642,"lon":-122.811681,"waterbody":"Klamath River","subbasin":"Middle Klamath","organization":"Oregon State University"},{"station_id":"301","station_name":"Klamath River above Beaver Creek","lat":41.867238,"lon":-122.809769,"waterbody":"Klamath River","subbasin":"Middle Klamath","organization":"Oregon State University"},{"station_id":"270","station_name":"Klamath River above Beaver Creek","lat":41.86972,"lon":-122.811,"waterbody":"Klamath River","subbasin":"Middle Klamath","organization":"Oregon State University"},{"station_id":"459","station_name":"Beaver Creek Near Mouth","lat":41.870833,"lon":-122.815833,"waterbody":"Beaver Creek","subbasin":"Middle Klamath","organization":"U.S. Fish and Wildlife Service"},{"station_id":"397","station_name":"Fischers RV Park upstream of Beaver Ck","lat":41.868332,"lon":-122.813131,"waterbody":"Klamath River","subbasin":"Middle Klamath","organization":"U.S. Fish and Wildlife Service"},{"station_id":"476","station_name":"Klamath River above Beaver Creek","lat":41.86972,"lon":-122.811,"waterbody":"Klamath River","subbasin":"Middle Klamath","organization":"U.S. Fish and Wildlife Service"},{"station_id":"610","station_name":"Beaver Creek, just downstream from Hwy 96 bridge","lat":41.87009,"lon":-122.81712,"waterbody":"Beaver Creek","subbasin":"Middle Klamath","organization":"U.S. Forest Service"},{"station_id":"1047","station_name":"Beaver1","lat":41.8698,"lon":-122.817001,"waterbody":"Beaver Creek","subbasin":"Upper Klamath","organization":"U.S. Forest Service"},{"station_id":"2119","station_name":"Beaver Creek 1","lat":41.867453,"lon":-122.81071,"waterbody":"Klamath River","subbasin":"Middle Klamath","organization":"U.S. Geological Survey"},{"station_id":"2120","station_name":"Beaver Creek 10","lat":41.867444,"lon":-122.809005,"waterbody":"Klamath River","subbasin":"Middle Klamath","organization":"U.S. Geological Survey"},{"station_id":"2121","station_name":"Beaver Creek 11","lat":41.867448,"lon":-122.808518,"waterbody":"Klamath River","subbasin":"Middle Klamath","organization":"U.S. Geological Survey"},{"station_id":"2122","station_name":"Beaver Creek 12","lat":41.867581,"lon":-122.807995,"waterbody":"Klamath River","subbasin":"Middle Klamath","organization":"U.S. Geological Survey"},{"station_id":"2123","station_name":"Beaver Creek 13","lat":41.867095,"lon":-122.809356,"waterbody":"Klamath River","subbasin":"Middle Klamath","organization":"U.S. Geological Survey"},{"station_id":"2124","station_name":"Beaver Creek 14","lat":41.867169,"lon":-122.808924,"waterbody":"Klamath River","subbasin":"Middle Klamath","organization":"U.S. Geological Survey"},{"station_id":"2125","station_name":"Beaver Creek 15","lat":41.867206,"lon":-122.808447,"waterbody":"Klamath River","subbasin":"Middle Klamath","organization":"U.S. Geological Survey"},{"station_id":"2126","station_name":"Beaver Creek 16","lat":41.867244,"lon":-122.808206,"waterbody":"Klamath River","subbasin":"Middle Klamath","organization":"U.S. Geological Survey"},{"station_id":"2127","station_name":"Beaver Creek 17","lat":41.867374,"lon":-122.807911,"waterbody":"Klamath River","subbasin":"Middle Klamath","organization":"U.S. Geological Survey"},{"station_id":"2128","station_name":"Beaver Creek 2","lat":41.867209,"lon":-122.810989,"waterbody":"Klamath River","subbasin":"Middle Klamath","organization":"U.S. Geological Survey"},{"station_id":"2129","station_name":"Beaver Creek 3","lat":41.867122,"lon":-122.810479,"waterbody":"Klamath River","subbasin":"Middle Klamath","organization":"U.S. Geological Survey"},{"station_id":"2130","station_name":"Beaver Creek 4","lat":41.86735,"lon":-122.810372,"waterbody":"Klamath River","subbasin":"Middle Klamath","organization":"U.S. Geological Survey"},{"station_id":"2131","station_name":"Beaver Creek 5","lat":41.867247,"lon":-122.809905,"waterbody":"Klamath River","subbasin":"Middle Klamath","organization":"U.S. Geological Survey"},{"station_id":"2132","station_name":"Beaver Creek 6","lat":41.867027,"lon":-122.810137,"waterbody":"Klamath River","subbasin":"Middle Klamath","organization":"U.S. Geological Survey"},{"station_id":"2133","station_name":"Beaver Creek 7","lat":41.867375,"lon":-122.809402,"waterbody":"Klamath River","subbasin":"Middle Klamath","organization":"U.S. Geological Survey"},{"station_id":"2134","station_name":"Beaver Creek 8","lat":41.866964,"lon":-122.809791,"waterbody":"Klamath River","subbasin":"Middle Klamath","organization":"U.S. Geological Survey"},{"station_id":"2135","station_name":"Beaver Creek 9","lat":41.867237,"lon":-122.809731,"waterbody":"Klamath River","subbasin":"Middle Klamath","organization":"U.S. Geological Survey"},{"station_id":"1799","station_name":"Beaver Creek Downstream","lat":41.867506,"lon":-122.810772,"waterbody":"Klamath River","subbasin":"Middle Klamath","organization":"U.S. Geological Survey"},{"station_id":"1800","station_name":"Beaver Creek Upstream","lat":41.867323,"lon":-122.809938,"waterbody":"Klamath River","subbasin":"Middle Klamath","organization":"U.S. Geological Survey"}]}},{"type":"Feature","geometry":{"type":"Polygon","coordinates":[[[-122.81676656816086,41.823733446706676],[-122.80902369362201,41.835193425445624],[-122.81822471187357,41.84518414483226],[-122.83516848126128,41.84371385406216],[-122.84290762872153,41.83225388550888],[-122.83370673486783,41.822264197428325],[-122.81676656816086,41.823733446706676]]]},"properties":{"h3_index":"8728112eaffffff","station_count":2,"program_id":"klamath_basin","program":"Klamath Basin","resolution":7,"stations":[{"station_id":"310","station_name":"Klamath Grange","lat":41.840108,"lon":-122.837369,"waterbody":"Klamath River","subbasin":"Middle Klamath","organization":"Oregon State University"},{"station_id":"987","station_name":"Klamath River at Klamath River","lat":41.837317,"lon":-122.839403,"waterbody":"Klamath River","subbasin":"Middle Klamath","organization":"Yurok Tribal Fisheries Program"}]}},{"type":"Feature","geometry":{"type":"Polygon","coordinates":[[[-122.84290762872153,41.83225388550888],[-122.83516848126128,41.84371385406216],[-122.84437149598331,41.853700512731756],[-122.86131353031077,41.85222617173697],[-122.8690489473955,41.84076621516773],[-122.85984606152246,41.83078058749733],[-122.84290762872153,41.83225388550888]]]},"properties":{"h3_index":"8728112ebffffff","station_count":6,"program_id":"klamath_basin","program":"Klamath Basin","resolution":7,"stations":[{"station_id":"280","station_name":"Klamath River at Walker Bridge","lat":41.837411,"lon":-122.864806,"waterbody":"Klamath River","subbasin":"Middle Klamath","organization":"Karuk Tribe"},{"station_id":"1618","station_name":"Klamath River at Walker Bridge","lat":41.837411,"lon":-122.864806,"waterbody":"Klamath River","subbasin":"Middle Klamath","organization":"Karuk Tribe/RES"},{"station_id":"1199","station_name":"Walker Bridge ","lat":41.83807,"lon":-122.8637,"waterbody":"Klamath River","subbasin":"Middle Klamath","organization":"Klamath Tribal Water Quality Consortium"},{"station_id":"2260","station_name":"Between the Klamath River Community Hall and Walker Bridge","lat":41.83736,"lon":-122.8649,"waterbody":"Klamath River","subbasin":"Middle Klamath","organization":"Oregon State University"},{"station_id":"325","station_name":"Klamath River at Walker Creek Bridge","lat":41.83778,"lon":-122.86417,"waterbody":"Klamath River","subbasin":"Middle Klamath","organization":"U.S. Fish and Wildlife Service"},{"station_id":"1878","station_name":"Klamath R nr Baseball field in town of Klamath River","lat":41.837422,"lon":-122.839706,"waterbody":"Klamath River","subbasin":"Middle Klamath","organization":"Yurok Tribal Fisheries Program"}]}},{"type":"Feature","geometry":{"type":"Polygon","coordinates":[[[-122.6860655178033,41.78100962664594],[-122.67830405748518,41.79246962935395],[-122.68749503657052,41.80248063641549],[-122.7044473748315,41.80103060785773],[-122.71220512462398,41.789570606350466],[-122.70301424768095,41.77956063208962],[-122.6860655178033,41.78100962664594]]]},"properties":{"h3_index":"8728112f6ffffff","station_count":2,"program_id":"klamath_basin","program":"Klamath Basin","resolution":7,"stations":[{"station_id":"1078","station_name":"Humbug","lat":41.7999,"lon":-122.686996,"waterbody":"Humbug Creek","subbasin":"Middle Klamath","organization":"U.S. Forest Service"},{"station_id":"603","station_name":"Humbug Creek, 500 m downstream from Trail Gulch","lat":41.79944,"lon":-122.68864,"waterbody":"Humbug Creek","subbasin":"Middle Klamath","organization":"U.S. Forest Service"}]}},{"type":"Feature","geometry":{"type":"Polygon","coordinates":[[[-122.82539101500006,41.57450439591388],[-122.81766960318214,41.58598803273492],[-122.826847230883,41.596010922024234],[-122.84374614618356,41.594549137499534],[-122.85146384929863,41.5830655141659],[-122.84228634680305,41.57304366175852],[-122.82539101500006,41.57450439591388]]]},"properties":{"h3_index":"872811309ffffff","station_count":1,"program_id":"klamath_basin","program":"Klamath Basin","resolution":7,"stations":[{"station_id":"1609","station_name":"Scott Valley \u221a\u00a2\u00ac\u00c4\u00ac\u00ec near Fort Jones","lat":41.577778,"lon":-122.838125,"subbasin":"Scott","organization":"California Department of Water Resources"}]}},{"type":"Feature","geometry":{"type":"Polygon","coordinates":[[[-122.82248048757423,41.53147645827358],[-122.81476202409509,41.54296400499365],[-122.82393543403491,41.55299290653367],[-122.84082718383668,41.55153322336097],[-122.84854194220706,41.5400456903548],[-122.8393686568703,41.53001782669652],[-122.82248048757423,41.53147645827358]]]},"properties":{"h3_index":"87281132bffffff","station_count":2,"program_id":"klamath_basin","program":"Klamath Basin","resolution":7,"stations":[{"station_id":"1555","station_name":"Scott River downstream of Eller Lane","lat":41.541561,"lon":-122.840683,"waterbody":"Scott River","subbasin":"Scott","organization":"NCRWQCB"},{"station_id":"2308","station_name":"Scott River off Eastside RoD","lat":41.54165,"lon":-122.84068,"waterbody":"Scott River","subbasin":"Scott","organization":"Quartz Valley Indian Reservation"}]}},{"type":"Feature","geometry":{"type":"Polygon","coordinates":[[[-122.8456225812765,41.49700604350062],[-122.83791076549005,41.50849747616239],[-122.84708194367877,41.51852834260861],[-122.8639648102307,41.51706673770067],[-122.8716729212352,41.505575320781176],[-122.86250187145352,41.49554549291638],[-122.8456225812765,41.49700604350062]]]},"properties":{"h3_index":"87281132dffffff","station_count":1,"program_id":"klamath_basin","program":"Klamath Basin","resolution":7,"stations":[{"station_id":"1020","station_name":"Scott River @ Black Bridge","lat":41.517056,"lon":-122.850806,"waterbody":"Scott River","subbasin":"Scott","organization":"Quartz Valley Indian Reservations"}]}},{"type":"Feature","geometry":{"type":"Polygon","coordinates":[[[-122.92820548615428,41.58720517524397],[-122.92050039598617,41.598690703016445],[-122.92968382835596,41.60870041711703],[-122.94657220931921,41.60722356719338],[-122.95427357953801,41.5957380602526],[-122.9450902897256,41.58572938229198],[-122.92820548615428,41.58720517524397]]]},"properties":{"h3_index":"872811340ffffff","station_count":1,"program_id":"klamath_basin","program":"Klamath Basin","resolution":7,"stations":[{"station_id":"111","station_name":"Quartz Hill","lat":41.6,"lon":-122.929,"subbasin":"Scott","organization":"CA Dept of Forestry and Fire Protection"}]}},{"type":"Feature","geometry":{"type":"Polygon","coordinates":[[[-122.95427357953801,41.5957380602526],[-122.94657220931921,41.60722356719338],[-122.95575761077721,41.61722923305872],[-122.97264423646521,41.6157483560482],[-122.980341883485,41.604262871747736],[-122.97115662899756,41.594258241705454],[-122.95427357953801,41.5957380602526]]]},"properties":{"h3_index":"872811341ffffff","station_count":10,"program_id":"klamath_basin","program":"Klamath Basin","resolution":7,"stations":[{"station_id":"751","station_name":"#14208 Dangel Lane","lat":41.613889,"lon":-122.960278,"subbasin":"Scott","organization":"Quartz Valley Indian Reservations"},{"station_id":"658","station_name":"100 Quartz Valley Drive","lat":41.603056,"lon":-122.971111,"subbasin":"Scott","organization":"Quartz Valley Indian Reservations"},{"station_id":"760","station_name":"13601 Quartz Valley Road","lat":41.6014,"lon":-122.976132,"subbasin":"Scott","organization":"Quartz Valley Indian Reservations"},{"station_id":"719","station_name":"13616 Quartz Valley Road","lat":41.601616,"lon":-122.974452,"subbasin":"Scott","organization":"Quartz Valley Indian Reservations"},{"station_id":"749","station_name":"13824 Quartz Valley Road","lat":41.604533,"lon":-122.975189,"subbasin":"Scott","organization":"Quartz Valley Indian Reservations"},{"station_id":"741","station_name":"Well #13-QVIR Culture Camp","lat":41.60248,"lon":-122.978279,"subbasin":"Scott","organization":"Quartz Valley Indian Reservations"},{"station_id":"1025","station_name":"Well #16-Big Meadows @ north end","lat":41.597,"lon":-122.972194,"subbasin":"Scott","organization":"Quartz Valley Indian Reservations"},{"station_id":"652","station_name":"Well #2  -Quartz Valley Drive parcel_due north","lat":41.603543,"lon":-122.971139,"subbasin":"Scott","organization":"Quartz Valley Indian Reservations"},{"station_id":"737","station_name":"Well #3-QVIR Admin Building","lat":41.601013,"lon":-122.976144,"subbasin":"Scott","organization":"Quartz Valley Indian Reservations"},{"station_id":"732","station_name":"Well #7-Quartz Valley Drive parcel_due south","lat":41.600886,"lon":-122.971152,"subbasin":"Scott","organization":"Quartz Valley Indian Reservations"}]}},{"type":"Feature","geometry":{"type":"Polygon","coordinates":[[[-122.95279019504676,41.57424192222101],[-122.9450902897256,41.58572938229198],[-122.95427357953801,41.5957380602526],[-122.97115662899756,41.594258241705454],[-122.9788528129255,41.5827708043903],[-122.96966966976831,41.57276316275455],[-122.95279019504676,41.57424192222101]]]},"properties":{"h3_index":"872811345ffffff","station_count":2,"program_id":"klamath_basin","program":"Klamath Basin","resolution":7,"stations":[{"station_id":"146","station_name":"Mill Creek near Mugginsville","lat":41.581528,"lon":-122.960587,"waterbody":"Mill Creek","subbasin":"Scott","organization":"California Department of Water Resources"},{"station_id":"755","station_name":"9117 Sniktaw","lat":41.583461,"lon":-122.975056,"subbasin":"Scott","organization":"Quartz Valley Indian Reservations"}]}},{"type":"Feature","geometry":{"type":"Polygon","coordinates":[[[-123.00790579494388,41.63426263550558],[-123.0002104125513,41.64574613996793],[-123.00940185474693,41.65574068948571],[-123.02628852419741,41.654250699748],[-123.03398017509438,41.642767221425856],[-123.02478888901697,41.63277370658865],[-123.00790579494388,41.63426263550558]]]},"properties":{"h3_index":"872811349ffffff","station_count":7,"program_id":"klamath_basin","program":"Klamath Basin","resolution":7,"stations":[{"station_id":"1557","station_name":"Scott River at USGS Gage","lat":41.640511,"lon":-123.014816,"waterbody":"Scott River","subbasin":"Scott","organization":"NCRWQCB"},{"station_id":"2307","station_name":"Scott Riverr @ USGS gage","lat":41.64051,"lon":-123.01482,"waterbody":"Scott River","subbasin":"Scott","organization":"Quartz Valley Indian Reservation"},{"station_id":"802","station_name":"Scott River @ USGS Gage","lat":41.64,"lon":-123.013889,"waterbody":"Scott River","subbasin":"Scott","organization":"Quartz Valley Indian Reservations"},{"station_id":"2410","station_name":"Scott R near USGS gage stn","lat":41.640485,"lon":-123.014709,"waterbody":"Scott River","subbasin":"Scott","organization":"U.S. Forest Service"},{"station_id":"566","station_name":"Scott River, near USGS Gaging Station","lat":41.6405,"lon":-123.0147,"waterbody":"Scott River","subbasin":"Scott","organization":"U.S. Forest Service"},{"station_id":"874","station_name":"Scott River near Fort Jones","lat":41.640598,"lon":-123.014999,"waterbody":"Scott River","subbasin":"Scott","organization":"U.S. Geological Survey"},{"station_id":"1750","station_name":"Scott River near Fort Jones","lat":41.64069,"lon":-123.01504,"waterbody":"Scott River","subbasin":"Scott","organization":"USGS/Quartz Valley Tribe"}]}},{"type":"Feature","geometry":{"type":"Polygon","coordinates":[[[-122.980341883485,41.604262871747736],[-122.97264423646521,41.6157483560482],[-122.9818316032389,41.62574997262094],[-122.9987164666295,41.62426506927737],[-123.00641038720511,41.61277960942619],[-122.99722317181511,41.60277902835704],[-122.980341883485,41.604262871747736]]]},"properties":{"h3_index":"87281134cffffff","station_count":4,"program_id":"klamath_basin","program":"Klamath Basin","resolution":7,"stations":[{"station_id":"690","station_name":"9009 Big Meadows Drive","lat":41.615117,"lon":-122.979436,"subbasin":"Scott","organization":"Quartz Valley Indian Reservations"},{"station_id":"1017","station_name":"9013 Big Meadows","lat":41.6162,"lon":-122.9788,"subbasin":"Scott","organization":"Quartz Valley Indian Reservations"},{"station_id":"711","station_name":"Lower Sniktaw Creek","lat":41.614732,"lon":-122.981528,"waterbody":"Sniktaw Creek","subbasin":"Scott","organization":"Quartz Valley Indian Reservations"},{"station_id":"1024","station_name":"Well #15- QVR @ Kev's","lat":41.617028,"lon":-122.979389,"subbasin":"Scott","organization":"Quartz Valley Indian Reservations"}]}},{"type":"Feature","geometry":{"type":"Polygon","coordinates":[[[-122.95575761077721,41.61722923305872],[-122.94805477512546,41.62871278437557],[-122.95724228918539,41.63871543627097],[-122.97413249259323,41.637233501414734],[-122.9818316032389,41.62574997262094],[-122.97264423646521,41.6157483560482],[-122.95575761077721,41.61722923305872]]]},"properties":{"h3_index":"87281134effffff","station_count":5,"program_id":"klamath_basin","program":"Klamath Basin","resolution":7,"stations":[{"station_id":"1601","station_name":"Shackleford Ck nr Mugginsville","lat":41.62481,"lon":-122.96567,"waterbody":"Shackleford Creek","subbasin":"Scott","organization":"CA Dept of Water Resources/North Region Office"},{"station_id":"183","station_name":"Shackelford Creek near Mugginsville","lat":41.624813,"lon":-122.965668,"waterbody":"Shackleford Creek","subbasin":"Scott","organization":"California Department of Water Resources"},{"station_id":"698","station_name":"Lower Shackleford Mill","lat":41.624186,"lon":-122.965584,"waterbody":"Shackleford Creek","subbasin":"Scott","organization":"Quartz Valley Indian Reservations"},{"station_id":"2489","station_name":"Meamber_GW","lat":41.629481,"lon":-122.957788,"subbasin":"Scott","organization":"Siskiyou Resource Conservation District"},{"station_id":"2492","station_name":"Meamber_SW","lat":41.629,"lon":-122.957,"waterbody":"Scott River","subbasin":"Scott","organization":"Siskiyou Resource Conservation District"}]}},{"type":"Feature","geometry":{"type":"Polygon","coordinates":[[[-122.85146384929863,41.5830655141659],[-122.84374614618356,41.594549137499534],[-122.85292575869114,41.60456798145192],[-122.86982294567837,41.6031021653841],[-122.87753693682082,41.59161855734419],[-122.86835745393483,41.581600749967116],[-122.85146384929863,41.5830655141659]]]},"properties":{"h3_index":"872811354ffffff","station_count":1,"program_id":"klamath_basin","program":"Klamath Basin","resolution":7,"stations":[{"station_id":"1725","station_name":"Fort Jones RS","lat":41.6,"lon":-122.85,"subbasin":"Scott","organization":"U.S. Forest Service"}]}},{"type":"Feature","geometry":{"type":"Polygon","coordinates":[[[-122.8819416651704,41.65609885916428],[-122.87422325826107,41.66757658433163],[-122.88341118954064,41.67758234110172],[-122.90031739375532,41.67610933781753],[-122.9080320800148,41.66463162939419],[-122.89884428369645,41.65462690739936],[-122.8819416651704,41.65609885916428]]]},"properties":{"h3_index":"87281135affffff","station_count":7,"program_id":"klamath_basin","program":"Klamath Basin","resolution":7,"stations":[{"station_id":"1457","station_name":"Rattlesnake Creek - Temperature","lat":41.671705,"lon":-122.890255,"waterbody":"Rattlesnake Creek","subbasin":"Scott","organization":"Scott River Watershed Council"},{"station_id":"1458","station_name":"RCMW1","lat":41.671439,"lon":-122.890381,"waterbody":"Rattlesnake Creek","subbasin":"Scott","organization":"Scott River Watershed Council"},{"station_id":"1459","station_name":"RCMW2s","lat":41.671484,"lon":-122.89017,"waterbody":"Rattlesnake Creek","subbasin":"Scott","organization":"Scott River Watershed Council"},{"station_id":"1460","station_name":"RCMW3","lat":41.671492,"lon":-122.890117,"waterbody":"Rattlesnake Creek","subbasin":"Scott","organization":"Scott River Watershed Council"},{"station_id":"1461","station_name":"RCMW4","lat":41.671703,"lon":-122.890363,"waterbody":"Rattlesnake Creek","subbasin":"Scott","organization":"Scott River Watershed Council"},{"station_id":"1462","station_name":"RCMW5s","lat":41.671713,"lon":-122.890255,"waterbody":"Rattlesnake Creek","subbasin":"Scott","organization":"Scott River Watershed Council"},{"station_id":"1463","station_name":"RCMW6","lat":41.671715,"lon":-122.890205,"waterbody":"Rattlesnake Creek","subbasin":"Scott","organization":"Scott River Watershed Council"}]}},{"type":"Feature","geometry":{"type":"Polygon","coordinates":[[[-122.90508356169087,41.62165786609959],[-122.89737181620649,41.63313949868905],[-122.90655749929898,41.64314723564984],[-122.92345479009643,41.64167230445371],[-122.93116281527784,41.63019069065408],[-122.92197727094964,41.62018398914898],[-122.90508356169087,41.62165786609959]]]},"properties":{"h3_index":"87281135cffffff","station_count":1,"program_id":"klamath_basin","program":"Klamath Basin","resolution":7,"stations":[{"station_id":"1560","station_name":"Scott River downstream of Rosedale Road","lat":41.62397,"lon":-122.9077,"waterbody":"Scott RIver","subbasin":"Scott","organization":"NCRWQCB"}]}},{"type":"Feature","geometry":{"type":"Polygon","coordinates":[[[-122.97438949219266,41.51826484716748],[-122.96669769433878,41.52975812853845],[-122.97587661770106,41.539771787717115],[-122.99274718978263,41.53829112789279],[-123.0004352684152,41.526797871425295],[-122.991256495166,41.5167852497667],[-122.97438949219266,41.51826484716748]]]},"properties":{"h3_index":"872811365ffffff","station_count":2,"program_id":"klamath_basin","program":"Klamath Basin","resolution":7,"stations":[{"station_id":"1083","station_name":"Kidder","lat":41.522598,"lon":-122.973999,"waterbody":"Kidder Creek","subbasin":"Scott","organization":"U.S. Forest Service"},{"station_id":"2365","station_name":"Kidder Ck downstream of Hayes Ck","lat":41.519237,"lon":-122.987104,"waterbody":"Kidder Creek","subbasin":"Scott","organization":"U.S. Forest Service"}]}},{"type":"Feature","geometry":{"type":"Polygon","coordinates":[[[-123.00342152622422,41.56979865841629],[-122.99573052768454,41.58128802157067],[-123.0049156311065,41.59129161560731],[-123.02179157889191,41.589804810189776],[-123.02947885136452,41.578315473525876],[-123.02029390309748,41.568312915676685],[-123.00342152622422,41.56979865841629]]]},"properties":{"h3_index":"872811368ffffff","station_count":4,"program_id":"klamath_basin","program":"Klamath Basin","resolution":7,"stations":[{"station_id":"2290","station_name":"Big Meadows Creek at Rd","lat":41.575667,"lon":-123.024861,"waterbody":"Big Meadows Creek","subbasin":"Scott","organization":"Quartz Valley Indian Reservation"},{"station_id":"1109","station_name":"Shackleford","lat":41.585998,"lon":-123.003997,"waterbody":"Shackleford Creek","subbasin":"Scott","organization":"U.S. Forest Service"},{"station_id":"2413","station_name":"Shackleford Ck upstream of Alder Gulch","lat":41.587388,"lon":-123.004163,"waterbody":"Shackleford Creek","subbasin":"Scott","organization":"U.S. Forest Service"},{"station_id":"596","station_name":"Shackleford Creek, upstream of Alder Gulch","lat":41.58405,"lon":-123.00552,"waterbody":"Shackleford Creek","subbasin":"Scott","organization":"U.S. Forest Service"}]}},{"type":"Feature","geometry":{"type":"Polygon","coordinates":[[[-122.9788528129255,41.5827708043903],[-122.97115662899756,41.594258241705454],[-122.980341883485,41.604262871747736],[-122.99722317181511,41.60277902835704],[-123.0049156311065,41.59129161560731],[-122.99573052768454,41.58128802157067],[-122.9788528129255,41.5827708043903]]]},"properties":{"h3_index":"87281136affffff","station_count":28,"program_id":"klamath_basin","program":"Klamath Basin","resolution":7,"stations":[{"station_id":"708","station_name":"#12837 Kuut","lat":41.589722,"lon":-122.983056,"subbasin":"Scott","organization":"Quartz Valley Indian Reservations"},{"station_id":"675","station_name":"12808 Yamitch ","lat":41.589542,"lon":-122.980642,"subbasin":"Scott","organization":"Quartz Valley Indian Reservations"},{"station_id":"665","station_name":"12817 Yamitch","lat":41.589539,"lon":-122.980917,"subbasin":"Scott","organization":"Quartz Valley Indian Reservations"},{"station_id":"726","station_name":"12839 Yamitch","lat":41.590278,"lon":-122.980556,"subbasin":"Scott","organization":"Quartz Valley Indian Reservations"},{"station_id":"736","station_name":"12912 Yamitch","lat":41.590278,"lon":-122.980556,"subbasin":"Scott","organization":"Quartz Valley Indian Reservations"},{"station_id":"775","station_name":"12920 Yamitch ","lat":41.591385,"lon":-122.980587,"subbasin":"Scott","organization":"Quartz Valley Indian Reservations"},{"station_id":"768","station_name":"12929 Kuut","lat":41.591016,"lon":-122.983418,"subbasin":"Scott","organization":"Quartz Valley Indian Reservations"},{"station_id":"702","station_name":"13605 Quartz Valley Road","lat":41.601094,"lon":-122.977656,"subbasin":"Scott","organization":"Quartz Valley Indian Reservations"},{"station_id":"784","station_name":"9021 Sniktaw","lat":41.6,"lon":-122.979436,"subbasin":"Scott","organization":"Quartz Valley Indian Reservations"},{"station_id":"679","station_name":"9024 Sniktaw - QVIR Clinic","lat":41.5996,"lon":-122.976744,"subbasin":"Scott","organization":"Quartz Valley Indian Reservations"},{"station_id":"778","station_name":"9301 Thaxtuuy","lat":41.591683,"lon":-122.979825,"subbasin":"Scott","organization":"Quartz Valley Indian Reservations"},{"station_id":"662","station_name":"Mill Creek","lat":41.592962,"lon":-122.989897,"waterbody":"Mill Creek","subbasin":"Scott","organization":"Quartz Valley Indian Reservations"},{"station_id":"706","station_name":"QVIR Gymnasium","lat":41.598455,"lon":-122.976745,"subbasin":"Scott","organization":"Quartz Valley Indian Reservations"},{"station_id":"769","station_name":"Rez swim spot","lat":41.592961,"lon":-122.981078,"waterbody":"Shackleford Creek","subbasin":"Scott","organization":"Quartz Valley Indian Reservations"},{"station_id":"699","station_name":"Shackleford @ Falls","lat":41.590556,"lon":-123.000833,"waterbody":"Shackleford Creek","subbasin":"Scott","organization":"Quartz Valley Indian Reservations"},{"station_id":"783","station_name":"Shackleford @ QVR Bridge","lat":41.594167,"lon":-122.975,"waterbody":"Shackleford Creek","subbasin":"Scott","organization":"Quartz Valley Indian Reservations"},{"station_id":"1022","station_name":"Upper Sniktaw","lat":41.598159,"lon":-122.996401,"waterbody":"Sniktaw Creek","subbasin":"Scott","organization":"Quartz Valley Indian Reservations"},{"station_id":"740","station_name":"Well # 10-Forest parcel_south","lat":41.593501,"lon":-122.977802,"subbasin":"Scott","organization":"Quartz Valley Indian Reservations"},{"station_id":"651","station_name":"Well # 6 -Yamitch","lat":41.589512,"lon":-122.979712,"subbasin":"Scott","organization":"Quartz Valley Indian Reservations"},{"station_id":"714","station_name":"Well #11-Forest parcel_northeast","lat":41.596158,"lon":-122.974358,"subbasin":"Scott","organization":"Quartz Valley Indian Reservations"},{"station_id":"810","station_name":"Well #12-Quartz Valley Road by Shackleford","lat":41.59287,"lon":-122.974647,"subbasin":"Scott","organization":"Quartz Valley Indian Reservations"},{"station_id":"1023","station_name":"Well #14- Shackleford Creek @QVR Bridge upstream left","lat":41.589028,"lon":-122.975194,"subbasin":"Scott","organization":"Quartz Valley Indian Reservations"},{"station_id":"789","station_name":"Well #1-Forest parcel_due north","lat":41.59696,"lon":-122.978029,"subbasin":"Scott","organization":"Quartz Valley Indian Reservations"},{"station_id":"668","station_name":"Well #4-Corner of Kuut and Thaxtuuy","lat":41.591512,"lon":-122.983274,"subbasin":"Scott","organization":"Quartz Valley Indian Reservations"},{"station_id":"774","station_name":"Well #5-Kuut","lat":41.592872,"lon":-122.983838,"subbasin":"Scott","organization":"Quartz Valley Indian Reservations"},{"station_id":"705","station_name":"Well #8-Keet Road","lat":41.589511,"lon":-122.974624,"subbasin":"Scott","organization":"Quartz Valley Indian Reservations"},{"station_id":"739","station_name":"Well #8-Keet Road ","lat":41.589511,"lon":-122.974624,"subbasin":"Scott","organization":"Quartz Valley Indian Reservations"},{"station_id":"715","station_name":"Well #9-Back of Gymnasium","lat":41.598104,"lon":-122.975797,"subbasin":"Scott","organization":"Quartz Valley Indian Reservations"}]}},{"type":"Feature","geometry":{"type":"Polygon","coordinates":[[[-122.60200550026522,41.66929539830511],[-122.59423891377585,41.68076332750203],[-122.6034153704285,41.690798551411],[-122.62035832689695,41.68936481041766],[-122.62812122002248,41.67789687754195],[-122.6189448510436,41.66786268922874],[-122.60200550026522,41.66929539830511]]]},"properties":{"h3_index":"87281138affffff","station_count":1,"program_id":"klamath_basin","program":"Klamath Basin","resolution":7,"stations":[{"station_id":"101","station_name":"Brazie Ranch","lat":41.687,"lon":-122.6,"subbasin":"Shasta","organization":"CA Dept of Forestry and Fire Protection"}]}},{"type":"Feature","geometry":{"type":"Polygon","coordinates":[[[-122.49754630688109,41.63480854189567],[-122.4897649802799,41.64627643841439],[-122.49893330335186,41.65632783758447],[-122.51588288411159,41.654910303419065],[-122.52366053069528,41.6434423960373],[-122.51449227754065,41.63339203357525],[-122.49754630688109,41.63480854189567]]]},"properties":{"h3_index":"872811390ffffff","station_count":4,"program_id":"klamath_basin","program":"Klamath Basin","resolution":7,"stations":[{"station_id":"1602","station_name":"Shasta R blw Cty Rd A-12 nr Grenada","lat":41.64907,"lon":-122.49917,"subbasin":"Shasta","organization":"CA Dept of Water Resources/North Region Office"},{"station_id":"765","station_name":"A-12 Bridge","lat":41.648001,"lon":-122.499318,"waterbody":"Shasta River","subbasin":"Shasta","organization":"Shasta Valley RCD"},{"station_id":"756","station_name":"Novy Ranch downstream end of property","lat":41.641595,"lon":-122.495743,"waterbody":"Shasta River","subbasin":"Shasta","organization":"Shasta Valley RCD"},{"station_id":"800","station_name":"Rice Bootfield 06_074TW","lat":41.64369,"lon":-122.496128,"waterbody":"Tailwater","subbasin":"Shasta","organization":"Shasta Valley RCD"}]}},{"type":"Feature","geometry":{"type":"Polygon","coordinates":[[[-122.49893330335186,41.65632783758447],[-122.49115047407591,41.66779375391783],[-122.50032090635695,41.67784214717897],[-122.51727409873426,41.67642358777361],[-122.52505324620846,41.66495766045586],[-122.51588288411159,41.654910303419065],[-122.49893330335186,41.65632783758447]]]},"properties":{"h3_index":"872811393ffffff","station_count":1,"program_id":"klamath_basin","program":"Klamath Basin","resolution":7,"stations":[{"station_id":"746","station_name":"Root Ranch_downstream","lat":41.667913,"lon":-122.504908,"waterbody":"Shasta River","subbasin":"Shasta","organization":"Shasta Valley RCD"}]}},{"type":"Feature","geometry":{"type":"Polygon","coordinates":[[[-122.47143248415678,41.62616659515652],[-122.46364748088573,41.637634479017294],[-122.47281376118418,41.6476899191902],[-122.4897649802799,41.64627643841439],[-122.49754630688109,41.63480854189567],[-122.48838009206122,41.6247541387022],[-122.47143248415678,41.62616659515652]]]},"properties":{"h3_index":"872811396ffffff","station_count":4,"program_id":"klamath_basin","program":"Klamath Basin","resolution":7,"stations":[{"station_id":"799","station_name":"Novy Ranch","lat":41.63412,"lon":-122.48223,"waterbody":"Shasta River","subbasin":"Shasta","organization":"Shasta Valley RCD"},{"station_id":"724","station_name":"Novy Ranch upstream of diversion","lat":41.634579,"lon":-122.490451,"waterbody":"Shasta River","subbasin":"Shasta","organization":"Shasta Valley RCD"},{"station_id":"703","station_name":"NEL_TH18","lat":41.628714,"lon":-122.478671,"waterbody":"Shasta River","subbasin":"Shasta","organization":"The Nature Conservancy"},{"station_id":"805","station_name":"NEL_TH20","lat":41.632099,"lon":-122.47936,"waterbody":"Shasta River","subbasin":"Shasta","organization":"The Nature Conservancy"}]}},{"type":"Feature","geometry":{"type":"Polygon","coordinates":[[[-122.52644657073067,41.68646793750219],[-122.51866592180602,41.69793188226931],[-122.52784050465978,41.70797322281067],[-122.54479566254648,41.70654958300827],[-122.5525726245367,41.69508562892776],[-122.54339811657887,41.68504532385391],[-122.52644657073067,41.68646793750219]]]},"properties":{"h3_index":"87281139affffff","station_count":1,"program_id":"klamath_basin","program":"Klamath Basin","resolution":7,"stations":[{"station_id":"680","station_name":"SRWA - Dam Site","lat":41.687735,"lon":-122.529959,"waterbody":"Shasta River","subbasin":"Shasta","organization":"Shasta Valley RCD"}]}},{"type":"Feature","geometry":{"type":"Polygon","coordinates":[[[-121.90333409702362,41.54200380687857],[-121.89546134112904,41.55346101993758],[-121.90459221018504,41.56359018092151],[-121.92159586728606,41.5622610888487],[-121.92946501256148,41.55080382322259],[-121.92033411238228,41.540675702132674],[-121.90333409702362,41.54200380687857]]]},"properties":{"h3_index":"87281140cffffff","station_count":3,"program_id":"klamath_basin","program":"Klamath Basin","resolution":7,"stations":[{"station_id":"1589","station_name":"Antelope","lat":41.545398,"lon":-121.917999,"waterbody":"Antelope Creek","subbasin":"Butte","organization":"U.S. Forest Service"},{"station_id":"2319","station_name":"Antelope Ck upstream of Tennant","lat":41.544614,"lon":-121.918412,"waterbody":"Antelope Creek","subbasin":"Butte","organization":"U.S. Forest Service"},{"station_id":"547","station_name":"Antelope Creek, upstream of Tennant","lat":41.55143,"lon":-121.92052,"waterbody":"Antelope Creek","subbasin":"Butte","organization":"U.S. Forest Service"}]}},{"type":"Feature","geometry":{"type":"Polygon","coordinates":[[[-122.03656912091934,41.629050943812686],[-122.02871137727608,41.64050440976027],[-122.03785705392212,41.65060746666274],[-122.0548604836832,41.64925601965665],[-122.06271459597295,41.637802509810655],[-122.05356891087936,41.627700490764106],[-122.03656912091934,41.629050943812686]]]},"properties":{"h3_index":"87281145dffffff","station_count":3,"program_id":"klamath_basin","program":"Klamath Basin","resolution":7,"stations":[{"station_id":"1051","station_name":"Butte","lat":41.636501,"lon":-122.052001,"waterbody":"Butte Creek","subbasin":"Butte","organization":"U.S. Forest Service"},{"station_id":"2326","station_name":"Butte Ck near Soule Ranch","lat":41.636389,"lon":-122.052179,"waterbody":"Butte Creek","subbasin":"Butte","organization":"U.S. Forest Service"},{"station_id":"330","station_name":"Butte Creek, Soule Ranch","lat":41.63607,"lon":-122.05275,"waterbody":"Butte Creek","subbasin":"Butte","organization":"U.S. Forest Service"}]}},{"type":"Feature","geometry":{"type":"Polygon","coordinates":[[[-122.20006822152013,41.789051488117146],[-122.1922246717977,41.80049517053584],[-122.20139350669152,41.81055899342844],[-122.21840587286685,41.80917809968634],[-122.22624576182567,41.797734383421925],[-122.21707694639485,41.78767159463851],[-122.20006822152013,41.789051488117146]]]},"properties":{"h3_index":"872811606ffffff","station_count":1,"program_id":"klamath_basin","program":"Klamath Basin","resolution":7,"stations":[{"station_id":"100","station_name":"In meadow on Martin Dairy Campground (RL)","lat":41.796297,"lon":-122.208927,"waterbody":"Little Shasta River","subbasin":"Shasta","organization":"California Department of Fish and Wildlife_Yreka Office"}]}},{"type":"Feature","geometry":{"type":"Polygon","coordinates":[[[-122.17521074006515,41.801871984824054],[-122.16736200036088,41.813313620025],[-122.17653085047831,41.82337847680475],[-122.1935484261,41.822000664389705],[-122.20139350669152,41.81055899342844],[-122.1922246717977,41.80049517053584],[-122.17521074006515,41.801871984824054]]]},"properties":{"h3_index":"872811615ffffff","station_count":1,"program_id":"klamath_basin","program":"Klamath Basin","resolution":7,"stations":[{"station_id":"1615","station_name":"Little Shasta","lat":41.808,"lon":-122.195,"subbasin":"Shasta","organization":"U.S. Forest Service"}]}},{"type":"Feature","geometry":{"type":"Polygon","coordinates":[[[-122.17917280933004,41.86637637811895],[-122.17131946820794,41.877811963761296],[-122.18049465852873,41.88786777880718],[-122.19752317507445,41.88648697560022],[-122.20537285175547,41.87505135378652],[-122.19619767735735,41.864996571244234],[-122.17917280933004,41.86637637811895]]]},"properties":{"h3_index":"87281161affffff","station_count":1,"program_id":"klamath_basin","program":"Klamath Basin","resolution":7,"stations":[{"station_id":"210","station_name":"Shovel Creek - Upper Shovel","lat":41.878057,"lon":-122.183959,"waterbody":"Shovel Creek","subbasin":"Upper Klamath","organization":"Michigan-California Timber Company"}]}},{"type":"Feature","geometry":{"type":"Polygon","coordinates":[[[-122.20271937320035,41.83206147569571],[-122.19487276115957,41.84350113273458],[-122.20404582142784,41.853558930589145],[-122.22106547482619,41.85217603811575],[-122.22890842255087,41.840736346961016],[-122.2197353822166,41.83067958228859],[-122.20271937320035,41.83206147569571]]]},"properties":{"h3_index":"87281161cffffff","station_count":3,"program_id":"klamath_basin","program":"Klamath Basin","resolution":7,"stations":[{"station_id":"1111","station_name":"Shovel","lat":41.847,"lon":-122.220001,"waterbody":"Shovel Creek","subbasin":"Upper Klamath","organization":"U.S. Forest Service"},{"station_id":"2415","station_name":"Shovel Ck near Kuck Meadow","lat":41.845597,"lon":-122.220408,"waterbody":"Shovel Creek","subbasin":"Upper Klamath","organization":"U.S. Forest Service"},{"station_id":"523","station_name":"Shovel Creek, Kuck Meadow","lat":41.8458,"lon":-122.2207,"waterbody":"Shovel Creek","subbasin":"Upper Klamath","organization":"U.S. Forest Service"}]}},{"type":"Feature","geometry":{"type":"Polygon","coordinates":[[[-122.2484169585313,41.74188060751157],[-122.24058531224107,41.75333037459893],[-122.24975199320183,41.763395137836916],[-122.2667502937859,41.76200909886096],[-122.27457827780806,41.75055930188787],[-122.2654116245326,41.74049557366939],[-122.2484169585313,41.74188060751157]]]},"properties":{"h3_index":"872811620ffffff","station_count":3,"program_id":"klamath_basin","program":"Klamath Basin","resolution":7,"stations":[{"station_id":"21","station_name":"US of dirt road crossing on forest service land (RL)","lat":41.758417,"lon":-122.250577,"waterbody":"Little Shasta River","subbasin":"Shasta","organization":"California Department of Fish and Wildlife_Yreka Office"},{"station_id":"1088","station_name":"L. Shasta","lat":41.7579,"lon":-122.250999,"waterbody":"Little Shasta River","subbasin":"Shasta","organization":"U.S. Forest Service"},{"station_id":"608","station_name":"Little Shasta River, section 12","lat":41.75794,"lon":-122.25191,"waterbody":"Little Shasta River","subbasin":"Shasta","organization":"U.S. Forest Service"}]}},{"type":"Feature","geometry":{"type":"Polygon","coordinates":[[[-122.27457827780806,41.75055930188787],[-122.2667502937859,41.76200909886096],[-122.27591905759412,41.77206981876341],[-122.29291577429314,41.7706797068153],[-122.30074009264197,41.75922988174106],[-122.29157136098269,41.749170196608745],[-122.27457827780806,41.75055930188787]]]},"properties":{"h3_index":"872811621ffffff","station_count":1,"program_id":"klamath_basin","program":"Klamath Basin","resolution":7,"stations":[{"station_id":"145","station_name":"Down a hill from Ball Mountain Little Shasta Road (RR)","lat":41.752407,"lon":-122.278479,"waterbody":"Little Shasta River","subbasin":"Shasta","organization":"California Department of Fish and Wildlife_Yreka Office"}]}},{"type":"Feature","geometry":{"type":"Polygon","coordinates":[[[-122.17389120848762,41.78036047107062],[-122.166044001426,41.79180411786257],[-122.17521074006515,41.801871984824054],[-122.1922246717977,41.80049517053584],[-122.20006822152013,41.789051488117146],[-122.19090149787218,41.77898465550682],[-122.17389120848762,41.78036047107062]]]},"properties":{"h3_index":"872811633ffffff","station_count":1,"program_id":"klamath_basin","program":"Klamath Basin","resolution":7,"stations":[{"station_id":"98","station_name":"DS of Martin Dairy Day Use Area (RR)","lat":41.789633,"lon":-122.197786,"waterbody":"Little Shasta River","subbasin":"Shasta","organization":"California Department of Fish and Wildlife_Yreka Office"}]}},{"type":"Feature","geometry":{"type":"Polygon","coordinates":[[[-122.17125388032291,41.73732239562056],[-122.16340973680353,41.748770058179645],[-122.17257225536653,41.7588439398863],[-122.1895789039433,41.75746912364411],[-122.19741939366682,41.746021425720265],[-122.18825688963115,41.73594857929694],[-122.17125388032291,41.73732239562056]]]},"properties":{"h3_index":"872811634ffffff","station_count":1,"program_id":"klamath_basin","program":"Klamath Basin","resolution":7,"stations":[{"station_id":"28","station_name":"In Bull Meadow Branch of the Little Shasta (RR)","lat":41.745839,"lon":-122.166096,"waterbody":"Little Shasta River","subbasin":"Shasta","organization":"California Department of Fish and Wildlife_Yreka Office"}]}},{"type":"Feature","geometry":{"type":"Polygon","coordinates":[[[-122.46324835298344,41.89698213713643],[-122.45544005124849,41.90842406769265],[-122.46463176151416,41.91844436137986],[-122.48163171007153,41.91702169332665],[-122.48943631524536,41.90557974662313],[-122.48024466943664,41.895560484010886],[-122.46324835298344,41.89698213713643]]]},"properties":{"h3_index":"872811648ffffff","station_count":1,"program_id":"klamath_basin","program":"Klamath Basin","resolution":7,"stations":[{"station_id":"350","station_name":"Klamath River below R-Ranch","lat":41.904167,"lon":-122.475,"waterbody":"Klamath River","subbasin":"Middle Klamath","organization":"U.S. Fish and Wildlife Service"}]}},{"type":"Feature","geometry":{"type":"Polygon","coordinates":[[[-122.43843846440006,41.909842661257734],[-122.43062495410116,41.92128256120552],[-122.43981672460941,41.93130388577189],[-122.45682194618915,41.92988427940225],[-122.46463176151416,41.91844436137986],[-122.45544005124849,41.90842406769265],[-122.43843846440006,41.909842661257734]]]},"properties":{"h3_index":"87281164affffff","station_count":22,"program_id":"klamath_basin","program":"Klamath Basin","resolution":7,"stations":[{"station_id":"1768","station_name":"Iron Gate Dam","lat":41.930849,"lon":-122.442208,"waterbody":"Klamath River","subbasin":"Middle Klamath","organization":"Cal Poly Humboldt, O'Dowd Lab"},{"station_id":"1959","station_name":"Bogus Creek PIT array river left","lat":41.92884,"lon":-122.44167,"waterbody":"Bogus Creek","subbasin":"Middle Klamath","organization":"California Department of Fish and Wildlife_Yreka Office"},{"station_id":"136","station_name":"CDFW fish counting facility near Iron Gate Hatchery (RL)","lat":41.9294,"lon":-122.438258,"waterbody":"Bogus Creek","subbasin":"Middle Klamath","organization":"California Department of Fish and Wildlife_Yreka Office"},{"station_id":"1960","station_name":"CDFW juvenile outmigrant trap on Bogus Creek","lat":41.92924,"lon":-122.43941,"waterbody":"Bogus Creek","subbasin":"Middle Klamath","organization":"California Department of Fish and Wildlife_Yreka Office"},{"station_id":"1185","station_name":"Bogus Creek confluence","lat":41.92916,"lon":-122.44271,"waterbody":"Bogus Creek","subbasin":"Middle Klamath","organization":"Humboldt State University, Department of Fisheries Biology"},{"station_id":"31","station_name":"Bogus Creek","lat":41.929224,"lon":-122.443039,"waterbody":"Bogus Creek","subbasin":"Middle Klamath","organization":"Karuk Tribe"},{"station_id":"296","station_name":"Klamath River below Iron Gate Dam","lat":41.930994,"lon":-122.442068,"waterbody":"Klamath River","subbasin":"Middle Klamath","organization":"Karuk Tribe"},{"station_id":"1619","station_name":"Klamath River below Iron Gate Dam","lat":41.930994,"lon":-122.442068,"waterbody":"Klamath River","subbasin":"Middle Klamath","organization":"Karuk Tribe/RES"},{"station_id":"1979","station_name":"Iron Gate Dam - just below the dam","lat":41.930839,"lon":-122.442282,"waterbody":"Klamath River","subbasin":"Middle Klamath","organization":"Oregon State University"},{"station_id":"258","station_name":"Klamath River below Iron Gate Dam (Baseline)","lat":41.930994,"lon":-122.442068,"waterbody":"Klamath River","subbasin":"Middle Klamath","organization":"PacifiCorp"},{"station_id":"2164","station_name":"Bogus1","lat":41.929151,"lon":-122.439421,"waterbody":"Bogus Creek","subbasin":"Middle Klamath","organization":"RES"},{"station_id":"2175","station_name":"Klamath_Ranch","lat":41.916787,"lon":-122.460282,"waterbody":"Klamath River","subbasin":"Middle Klamath","organization":"RES"},{"station_id":"352","station_name":"Klamath River below Bogus Creek","lat":41.917778,"lon":-122.450833,"waterbody":"Klamath River","subbasin":"Middle Klamath","organization":"U.S. Fish and Wildlife Service"},{"station_id":"1721","station_name":"Klamath River below Bogus Creek","lat":41.917778,"lon":-122.450833,"waterbody":"Klamath River","subbasin":"Middle Klamath","organization":"U.S. Fish and Wildlife Service"},{"station_id":"400","station_name":"Klamath River below Iron Gate Hatchery Bridge","lat":41.931049,"lon":-122.441397,"waterbody":"Klamath River","subbasin":"Middle Klamath","organization":"U.S. Fish and Wildlife Service"},{"station_id":"1539","station_name":"Klamath River below Iron Gate Hatchery Bridge","lat":41.931098,"lon":-122.442037,"waterbody":"Klamath River","subbasin":"Middle Klamath","organization":"U.S. Fish and Wildlife Service"},{"station_id":"2368","station_name":"Klamath R upstream of Bogus Ck","lat":41.929603,"lon":-122.443269,"waterbody":"Klamath River","subbasin":"Middle Klamath","organization":"U.S. Forest Service"},{"station_id":"361","station_name":"Klamath River, highway side -just upstream of where Bogus Ck enters","lat":41.92921,"lon":-122.44384,"waterbody":"Klamath River","subbasin":"Middle Klamath","organization":"U.S. Forest Service"},{"station_id":"1807","station_name":"Iron Gate Hatchery Downstream","lat":41.929722,"lon":-122.443116,"waterbody":"Klamath River","subbasin":"Middle Klamath","organization":"U.S. Geological Survey"},{"station_id":"1808","station_name":"Iron Gate Hatchery Upstream","lat":41.930594,"lon":-122.442691,"waterbody":"Klamath River","subbasin":"Middle Klamath","organization":"U.S. Geological Survey"},{"station_id":"899","station_name":"Klamath River below Iron Gate Dam","lat":41.927898,"lon":-122.444,"waterbody":"Klamath River","subbasin":"Middle Klamath","organization":"U.S. Geological Survey"},{"station_id":"982","station_name":"Klamath River at Iron Gate Dam","lat":41.931175,"lon":-122.441256,"waterbody":"Klamath River","subbasin":"Middle Klamath","organization":"Yurok Tribal Fisheries Program"}]}},{"type":"Feature","geometry":{"type":"Polygon","coordinates":[[[-122.4136181003007,41.92269809089178],[-122.40579938066843,41.934135955716215],[-122.41499120719935,41.94415831096517],[-122.43200169835657,41.9427417705982],[-122.43981672460941,41.93130388577189],[-122.43062495410116,41.92128256120552],[-122.4136181003007,41.92269809089178]]]},"properties":{"h3_index":"872811659ffffff","station_count":7,"program_id":"klamath_basin","program":"Klamath Basin","resolution":7,"stations":[{"station_id":"1764","station_name":"Bogus Creek","lat":41.929448,"lon":-122.437423,"waterbody":"Bogus Creek","subbasin":"Middle Klamath","organization":"Cal Poly Humboldt, O'Dowd Lab"},{"station_id":"1698","station_name":"Iron Gate Reservoir","lat":41.934,"lon":-122.436,"waterbody":"Iron Gate Reservoir","subbasin":"Upper Klamath","organization":"PacifiCorp"},{"station_id":"306","station_name":"IronGate Reservoir at Log Boom","lat":41.938214,"lon":-122.432228,"waterbody":"Iron Gate Reservoir","subbasin":"Upper Klamath","organization":"PacifiCorp"},{"station_id":"1347","station_name":"Klamath River below Iron Gate Dam (Public health)","lat":41.938219,"lon":-122.432241,"waterbody":"Klamath River","subbasin":"Middle Klamath","organization":"PacifiCorp"},{"station_id":"2182","station_name":"Klamath2","lat":41.935503,"lon":-122.43288,"waterbody":"Iron Gate Reservoir","subbasin":"Upper Klamath","organization":"RES"},{"station_id":"2084","station_name":"Klamath River Above Iron Gate","lat":41.932222,"lon":-122.439167,"waterbody":"Klamath River","subbasin":"Middle Klamath","organization":"U.S. Fish and Wildlife Service"},{"station_id":"2085","station_name":"Klamath River Above Iron Gate","lat":41.932222,"lon":-122.438889,"waterbody":"Klamath River","subbasin":"Middle Klamath","organization":"U.S. Fish and Wildlife Service"}]}},{"type":"Feature","geometry":{"type":"Polygon","coordinates":[[[-122.45634039724453,41.78959556843207],[-122.44853965495454,41.80104752486646],[-122.45772077812501,41.81108292748486],[-122.47470258145994,41.8096653401386],[-122.48249963615409,41.798213368243175],[-122.47331857611975,41.7881789990462],[-122.45634039724453,41.78959556843207]]]},"properties":{"h3_index":"872811665ffffff","station_count":1,"program_id":"klamath_basin","program":"Klamath Basin","resolution":7,"stations":[{"station_id":"1608","station_name":"Montague","lat":41.798331,"lon":-122.463425,"subbasin":"Shasta","organization":"California Department of Water Resources"}]}},{"type":"Feature","geometry":{"type":"Polygon","coordinates":[[[-122.15428938909774,41.87918868074308],[-122.14643085022458,41.89062220686058],[-122.15560605221539,41.900679054192054],[-122.1726397824363,41.89930134301372],[-122.18049465852873,41.88786777880718],[-122.17131946820794,41.877811963761296],[-122.15428938909774,41.87918868074308]]]},"properties":{"h3_index":"8728116a9ffffff","station_count":1,"program_id":"klamath_basin","program":"Klamath Basin","resolution":7,"stations":[{"station_id":"202","station_name":"Shovel Creek - Shovel Meadow","lat":41.884182,"lon":-122.159718,"waterbody":"Shovel Creek","subbasin":"Upper Klamath","organization":"Michigan-California Timber Company"}]}},{"type":"Feature","geometry":{"type":"Polygon","coordinates":[[[-122.21068680170923,41.96097064344085],[-122.20283098877168,41.97239816538613],[-122.21201674827178,41.98243784359407],[-122.2290583003821,41.98104896931463],[-122.23691043831568,41.96962141240178],[-122.22772470016997,41.959582764628536],[-122.21068680170923,41.96097064344085]]]},"properties":{"h3_index":"8728116c2ffffff","station_count":4,"program_id":"klamath_basin","program":"Klamath Basin","resolution":7,"stations":[{"station_id":"1974","station_name":"Shovel Creek near mouth","lat":41.97238,"lon":-122.2035,"waterbody":"Shovel Creek","subbasin":"Upper Klamath","organization":"California Department of Fish and Wildlife_Yreka Office"},{"station_id":"1621","station_name":"Klamath River below Shovel Creek","lat":41.9673,"lon":-122.221,"waterbody":"Klamath River","subbasin":"Upper Klamath","organization":"Karuk Tribe/RES"},{"station_id":"2180","station_name":"Klamath16","lat":41.966217,"lon":-122.217698,"waterbody":"Klamath River","subbasin":"Upper Klamath","organization":"RES"},{"station_id":"332","station_name":"Klamath River above Copco 1","lat":41.96592,"lon":-122.21608,"waterbody":"Klamath River","subbasin":"Upper Klamath","organization":"U.S. Fish and Wildlife Service"}]}},{"type":"Feature","geometry":{"type":"Polygon","coordinates":[[[-122.28935924168528,41.986898512747835],[-122.28151446406416,41.998326134266165],[-122.29070650722068,42.008353639950144],[-122.30774329418065,42.00695249432046],[-122.3155843865022,41.995524843165285],[-122.30639237818775,41.9854983671685],[-122.28935924168528,41.986898512747835]]]},"properties":{"h3_index":"8728116c8ffffff","station_count":2,"program_id":"klamath_basin","program":"Klamath Basin","resolution":7,"stations":[{"station_id":"1958","station_name":"Beaver Creek reservoir footprint approx 0.15 RM from Copco Road","lat":41.99316,"lon":-122.3104,"waterbody":"Beaver Creek","subbasin":"Upper Klamath","organization":"California Department of Fish and Wildlife_Yreka Office"},{"station_id":"2163","station_name":"Beaver2","lat":41.995818,"lon":-122.309729,"waterbody":"Beaver Creek","subbasin":"Upper Klamath","organization":"RES"}]}},{"type":"Feature","geometry":{"type":"Polygon","coordinates":[[[-122.28801256769853,41.96543832865114],[-122.28016931965473,41.976867978364],[-122.28935924168528,41.986898512747835],[-122.30639237818775,41.9854983671685],[-122.31423194272256,41.97406868796699],[-122.30504205528767,41.96403918372544],[-122.28801256769853,41.96543832865114]]]},"properties":{"h3_index":"8728116ccffffff","station_count":6,"program_id":"klamath_basin","program":"Klamath Basin","resolution":7,"stations":[{"station_id":"1965","station_name":"Deer Creek near mouth","lat":41.97823,"lon":-122.30131,"waterbody":"Deer Creek","subbasin":"Upper Klamath","organization":"California Department of Fish and Wildlife_Yreka Office"},{"station_id":"1966","station_name":"Deer Creek reservoir footprint approx 0.2 RM from Copco Road","lat":41.97376,"lon":-122.30032,"waterbody":"Deer Creek","subbasin":"Upper Klamath","organization":"California Department of Fish and Wildlife_Yreka Office"},{"station_id":"267","station_name":"Copco Reservoir at Mallard Cove","lat":41.973486,"lon":-122.299494,"waterbody":"Copco Reservoir","subbasin":"Upper Klamath","organization":"PacifiCorp"},{"station_id":"2178","station_name":"Klamath12","lat":41.974399,"lon":-122.289509,"waterbody":"Copco Reservoir","subbasin":"Upper Klamath","organization":"RES"},{"station_id":"2505","station_name":"Klamath12","lat":41.974399,"lon":-122.289509,"waterbody":"Klamath River","subbasin":"Upper Klamath","organization":"RES"},{"station_id":"2179","station_name":"Klamath14","lat":41.974393,"lon":-122.289509,"waterbody":"Klamath River","subbasin":"Upper Klamath","organization":"RES"}]}},{"type":"Feature","geometry":{"type":"Polygon","coordinates":[[[-122.31423194272256,41.97406868796699],[-122.30639237818775,41.9854983671685],[-122.3155843865022,41.995524843165285],[-122.33261592128538,41.99412060996435],[-122.34045179889033,41.9826909030528],[-122.33125982966483,41.97266545694395],[-122.31423194272256,41.97406868796699]]]},"properties":{"h3_index":"8728116cdffffff","station_count":11,"program_id":"klamath_basin","program":"Klamath Basin","resolution":7,"stations":[{"station_id":"2258","station_name":"Copco 1","lat":41.979276,"lon":-122.334528,"waterbody":"Klamath River","subbasin":"Upper Klamath","organization":"Cal Trout"},{"station_id":"1957","station_name":"Beaver Creek near mouth","lat":41.98319,"lon":-122.31708,"waterbody":"Beaver Creek","subbasin":"Upper Klamath","organization":"California Department of Fish and Wildlife_Yreka Office"},{"station_id":"1964","station_name":"Copco Springs mouth","lat":41.98475,"lon":-122.3257,"waterbody":"Copco Springs","subbasin":"Upper Klamath","organization":"California Department of Fish and Wildlife_Yreka Office"},{"station_id":"279","station_name":"Copco Reservoir at Bouy Line","lat":41.98039,"lon":-122.331223,"waterbody":"Copco Reservoir","subbasin":"Upper Klamath","organization":"PacifiCorp"},{"station_id":"190","station_name":"Copco Reservoir at Copco Cove","lat":41.983447,"lon":-122.330722,"waterbody":"Copco Reservoir","subbasin":"Upper Klamath","organization":"PacifiCorp"},{"station_id":"2162","station_name":"Beaver1","lat":41.990129,"lon":-122.31286,"waterbody":"Copco Reservoir","subbasin":"Upper Klamath","organization":"RES"},{"station_id":"2502","station_name":"Beaver1","lat":41.990129,"lon":-122.31286,"waterbody":"Beaver Creek","subbasin":"Upper Klamath","organization":"RES"},{"station_id":"2177","station_name":"Klamath10","lat":41.982551,"lon":-122.328052,"waterbody":"Copco Reservoir","subbasin":"Upper Klamath","organization":"RES"},{"station_id":"2504","station_name":"Klamath10","lat":41.982551,"lon":-122.328052,"waterbody":"Klamath River","subbasin":"Upper Klamath","organization":"RES"},{"station_id":"2082","station_name":"between copco 1 & 2","lat":41.978889,"lon":-122.335,"waterbody":"Klamath River","subbasin":"Upper Klamath","organization":"U.S. Fish and Wildlife Service"},{"station_id":"2083","station_name":"between copco 1 & 2","lat":41.978889,"lon":-122.335278,"waterbody":"Klamath River","subbasin":"Upper Klamath","organization":"U.S. Fish and Wildlife Service"}]}},{"type":"Feature","geometry":{"type":"Polygon","coordinates":[[[-122.18578786269232,41.9737829479306],[-122.1779268408884,41.98520840191076],[-122.18711261748231,41.995249110344396],[-122.20415939981493,41.99386333446494],[-122.21201674827178,41.98243784359407],[-122.20283098877168,41.97239816538613],[-122.18578786269232,41.9737829479306]]]},"properties":{"h3_index":"8728116d1ffffff","station_count":1,"program_id":"klamath_basin","program":"Klamath Basin","resolution":7,"stations":[{"station_id":"2181","station_name":"Klamath18","lat":41.973489,"lon":-122.199983,"waterbody":"Klamath River","subbasin":"Upper Klamath","organization":"RES"}]}},{"type":"Feature","geometry":{"type":"Polygon","coordinates":[[[-122.15824111350888,41.94364467044912],[-122.15037796088984,41.95507211713227],[-122.15955951244428,41.965119904664725],[-122.17660420528284,41.963739214487575],[-122.18446368978366,41.95231172928571],[-122.17528215059303,41.9422649726728],[-122.15824111350888,41.94364467044912]]]},"properties":{"h3_index":"8728116d4ffffff","station_count":1,"program_id":"klamath_basin","program":"Klamath Basin","resolution":7,"stations":[{"station_id":"2206","station_name":"Shovel3","lat":41.950848,"lon":-122.175777,"waterbody":"Shovel Creek","subbasin":"Upper Klamath","organization":"RES"}]}},{"type":"Feature","geometry":{"type":"Polygon","coordinates":[[[-122.18446368978366,41.95231172928571],[-122.17660420528284,41.963739214487575],[-122.18578786269232,41.9737829479306],[-122.20283098877168,41.97239816538613],[-122.21068680170923,41.96097064344085],[-122.2015031611587,41.9509279406763],[-122.18446368978366,41.95231172928571]]]},"properties":{"h3_index":"8728116d5ffffff","station_count":5,"program_id":"klamath_basin","program":"Klamath Basin","resolution":7,"stations":[{"station_id":"1975","station_name":"Shovel Creek pool near barn","lat":41.97121,"lon":-122.20161,"waterbody":"Shovel Creek","subbasin":"Upper Klamath","organization":"California Department of Fish and Wildlife_Yreka Office"},{"station_id":"1181","station_name":"Shovel Creek confluence","lat":41.97178,"lon":-122.20255,"waterbody":"Shovel Creek","subbasin":"Upper Klamath","organization":"Humboldt State University, Department of Fisheries Biology"},{"station_id":"317","station_name":"Klamath River above Shovel Cr.","lat":41.972434,"lon":-122.201601,"waterbody":"Klamath River","subbasin":"Upper Klamath","organization":"PacifiCorp"},{"station_id":"2201","station_name":"Shovel1","lat":41.966406,"lon":-122.193795,"waterbody":"Shovel Creek","subbasin":"Upper Klamath","organization":"RES"},{"station_id":"2202","station_name":"Shovel2","lat":41.957691,"lon":-122.180899,"waterbody":"Shovel Creek","subbasin":"Upper Klamath","organization":"RES"}]}},{"type":"Feature","geometry":{"type":"Polygon","coordinates":[[[-122.13333170850342,41.956448714315805],[-122.12546335035127,41.96787408919115],[-122.13464491000349,41.97792290742917],[-122.15169482074045,41.97654531997952],[-122.15955951244428,41.965119904664725],[-122.15037796088984,41.95507211713227],[-122.13333170850342,41.956448714315805]]]},"properties":{"h3_index":"8728116d6ffffff","station_count":1,"program_id":"klamath_basin","program":"Klamath Basin","resolution":7,"stations":[{"station_id":"1976","station_name":"Shovel Creek at road crossing 1 RKM above mouth","lat":41.96505,"lon":-122.15102,"waterbody":"Shovel Creek","subbasin":"Upper Klamath","organization":"California Department of Fish and Wildlife_Yreka Office"}]}},{"type":"Feature","geometry":{"type":"Polygon","coordinates":[[[-122.18711261748231,41.995249110344396],[-122.17925005779136,42.00667253066557],[-122.18843795453587,42.01671021225434],[-122.20548839467162,42.01532344364028],[-122.2133472792305,42.003899986279364],[-122.20415939981493,41.99386333446494],[-122.18711261748231,41.995249110344396]]]},"properties":{"h3_index":"8728116deffffff","station_count":1,"program_id":"klamath_basin","program":"Klamath Basin","resolution":7,"stations":[{"station_id":"2168","station_name":"Hayden1","lat":42.007551,"lon":-122.188955,"waterbody":"Hayden Creek","subbasin":"Upper Klamath","organization":"RES"}]}},{"type":"Feature","geometry":{"type":"Polygon","coordinates":[[[-122.18314009837448,41.93083545869018],[-122.17528215059303,41.9422649726728],[-122.18446368978366,41.95231172928571],[-122.2015031611587,41.9509279406763],[-122.20935743915932,41.939498390095864],[-122.2001759165931,41.92945266461557],[-122.18314009837448,41.93083545869018]]]},"properties":{"h3_index":"8728116f3ffffff","station_count":1,"program_id":"klamath_basin","program":"Klamath Basin","resolution":7,"stations":[{"station_id":"200","station_name":"Negro Creek","lat":41.950039,"lon":-122.196539,"waterbody":"Negro Creek","subbasin":"Upper Klamath","organization":"Michigan-California Timber Company"}]}},{"type":"Feature","geometry":{"type":"Polygon","coordinates":[[[-122.22092743879638,41.71167025138102],[-122.21309366042877,41.7231219882319],[-122.22225614570573,41.73319379914504],[-122.23925238738423,41.73181283736431],[-122.24708250866595,41.72036106897165],[-122.23792004637379,41.71029029379471],[-122.22092743879638,41.71167025138102]]]},"properties":{"h3_index":"872811719ffffff","station_count":1,"program_id":"klamath_basin","program":"Klamath Basin","resolution":7,"stations":[{"station_id":"1707","station_name":"Goosenest","lat":41.7271,"lon":-122.21774,"subbasin":"Shasta","organization":"Shasta Valley RCD"}]}},{"type":"Feature","geometry":{"type":"Polygon","coordinates":[[[-122.42468902940477,41.69495400254244],[-122.41689064740062,41.706413918576075],[-122.42606126514686,41.71646541924457],[-122.44303020827111,41.71505596818042],[-122.45082491319302,41.703596035412545],[-122.44165435308199,41.69354557033472],[-122.42468902940477,41.69495400254244]]]},"properties":{"h3_index":"872811745ffffff","station_count":1,"program_id":"klamath_basin","program":"Klamath Basin","resolution":7,"stations":[{"station_id":"1599","station_name":"Little Shasta River below Big Springs Rd","lat":41.70674,"lon":-122.43803,"waterbody":"Little Shasta River","subbasin":"Shasta","organization":"CA Dept of Water Resources/North Region Office"}]}},{"type":"Feature","geometry":{"type":"Polygon","coordinates":[[[-122.37377934326864,41.69916509178005],[-122.36597210337246,41.71062297822485],[-122.37514071329869,41.72067955773827],[-122.39211651514397,41.71927721505926],[-122.39992008292063,41.70781930817399],[-122.39075152198295,41.697763764300255],[-122.37377934326864,41.69916509178005]]]},"properties":{"h3_index":"872811746ffffff","station_count":1,"program_id":"klamath_basin","program":"Klamath Basin","resolution":7,"stations":[{"station_id":"1213","station_name":"Lower Little Shasta Rd","lat":41.708849,"lon":-122.387255,"waterbody":"Little Shasta River","subbasin":"Shasta","organization":"UCD Watershed Science/CalTrout"}]}},{"type":"Feature","geometry":{"type":"Polygon","coordinates":[[[-122.32419963063498,41.7248723524538],[-122.3163820201455,41.7363262032042],[-122.3255507154379,41.74638485334774],[-122.34253698165482,41.744988617426664],[-122.3503509232336,41.73353474240529],[-122.34118226852068,41.72347712746833],[-122.32419963063498,41.7248723524538]]]},"properties":{"h3_index":"872811750ffffff","station_count":1,"program_id":"klamath_basin","program":"Klamath Basin","resolution":7,"stations":[{"station_id":"1216","station_name":"Soda Springs Boundary","lat":41.733272,"lon":-122.348811,"waterbody":"Little Shasta River","subbasin":"Shasta","organization":"UCD Watershed Science/CalTrout"}]}},{"type":"Feature","geometry":{"type":"Polygon","coordinates":[[[-122.34899469334295,41.71202125660988],[-122.34118226852068,41.72347712746833],[-122.3503509232336,41.73353474240529],[-122.3673319589951,41.73213545095247],[-122.37514071329869,41.72067955773827],[-122.36597210337246,41.71062297822485],[-122.34899469334295,41.71202125660988]]]},"properties":{"h3_index":"872811755ffffff","station_count":5,"program_id":"klamath_basin","program":"Klamath Basin","resolution":7,"stations":[{"station_id":"27","station_name":"Little Shasta River near Montague","lat":41.733093,"lon":-122.350357,"waterbody":"Little Shasta River","subbasin":"Shasta","organization":"California Department of Water Resources"},{"station_id":"1630","station_name":"Little Shasta R nr Montague","lat":41.73309,"lon":-122.35036,"waterbody":"Little Shasta River","subbasin":"Shasta","organization":"The Nature Conservancy"},{"station_id":"1214","station_name":"Hart-Haight Diversion","lat":41.722968,"lon":-122.369088,"waterbody":"Little Shasta River","subbasin":"Shasta","organization":"UCD Watershed Science/CalTrout"},{"station_id":"1212","station_name":"Little Shasta River near Montague","lat":41.733093,"lon":-122.350357,"waterbody":"Little Shasta River","subbasin":"Shasta","organization":"UCD Watershed Science/CalTrout"},{"station_id":"1215","station_name":"Musgrave Diversion","lat":41.725282,"lon":-122.366299,"waterbody":"Little Shasta River","subbasin":"Shasta","organization":"UCD Watershed Science/CalTrout"}]}},{"type":"Feature","geometry":{"type":"Polygon","coordinates":[[[-122.50170911629259,41.69935146630926],[-122.49392327998314,41.71081341481055],[-122.50309793355547,41.72085579061308],[-122.52005835372438,41.719435182544224],[-122.52784050465978,41.70797322281067],[-122.51866592180602,41.69793188226931],[-122.50170911629259,41.69935146630926]]]},"properties":{"h3_index":"872811769ffffff","station_count":1,"program_id":"klamath_basin","program":"Klamath Basin","resolution":7,"stations":[{"station_id":"1217","station_name":"Little Shasta Near Confluence","lat":41.703911,"lon":-122.509808,"waterbody":"Little Shasta River","subbasin":"Shasta","organization":"UCD Watershed Science/CalTrout"}]}},{"type":"Feature","geometry":{"type":"Polygon","coordinates":[[[-121.99450722565295,41.783899418176446],[-121.98662987669483,41.79533672080133],[-121.99578815869138,41.80542385676768],[-122.01282380634426,41.804072655417805],[-122.02069751677465,41.79263530432181],[-122.0115392191109,41.78254920294168],[-121.99450722565295,41.783899418176446]]]},"properties":{"h3_index":"87281179effffff","station_count":1,"program_id":"klamath_basin","program":"Klamath Basin","resolution":7,"stations":[{"station_id":"1607","station_name":"Macdoel II","lat":41.802476,"lon":-121.996159,"subbasin":"Butte","organization":"California Department of Water Resources"}]}},{"type":"Feature","geometry":{"type":"Polygon","coordinates":[[[-121.99066779732662,41.71929599085198],[-121.98279508514126,41.730739338432265],[-121.99194704533895,41.74083548085805],[-122.00897173505444,41.73948723962929],[-122.01684081399365,41.72804384396996],[-122.00768883749258,41.71794873751353],[-121.99066779732662,41.71929599085198]]]},"properties":{"h3_index":"8728117b3ffffff","station_count":1,"program_id":"klamath_basin","program":"Klamath Basin","resolution":7,"stations":[{"station_id":"184","station_name":"Location of rotary screw trap near Cabin Hole (RL)","lat":41.726425,"lon":-122.009707,"waterbody":"Scott River","subbasin":"Scott","organization":"California Department of Fish and Wildlife_Yreka Office"}]}},{"type":"Feature","geometry":{"type":"Polygon","coordinates":[[[-122.58593939247135,41.03062396268289],[-122.57822105481151,41.04215011161084],[-122.58733659920743,41.052270786578376],[-122.60417039841293,41.05086426201232],[-122.6118850926128,41.03933811413561],[-122.60276963204855,41.02921848966589],[-122.58593939247135,41.03062396268289]]]},"properties":{"h3_index":"87281180cffffff","station_count":2,"program_id":"klamath_basin","program":"Klamath Basin","resolution":7,"stations":[{"station_id":"1906","station_name":"EF Trinity R Upper","lat":41.048369,"lon":-122.599514,"waterbody":"East Fork Trinity River","subbasin":"Trinity","organization":"U.S. Forest Service"},{"station_id":"1885","station_name":"EF Trinity R Upper","lat":41.048655,"lon":-122.599125,"waterbody":"East Fork Trinity River","subbasin":"Trinity","organization":"U.S. Forest Service"}]}},{"type":"Feature","geometry":{"type":"Polygon","coordinates":[[[-122.48766239413683,41.08230943639215],[-122.4799235751345,41.093827940707435],[-122.48903941395689,41.10395281517645],[-122.50589400530788,41.10255813572269],[-122.51362918694693,41.091039624904695],[-122.50451341558562,41.08091579993595],[-122.48766239413683,41.08230943639215]]]},"properties":{"h3_index":"87281181affffff","station_count":1,"program_id":"klamath_basin","program":"Klamath Basin","resolution":7,"stations":[{"station_id":"355","station_name":"Highland Lakes","lat":41.09178,"lon":-122.49156,"subbasin":"Trinity","organization":"U.S. Bureau of Reclamation"}]}},{"type":"Feature","geometry":{"type":"Polygon","coordinates":[[[-122.60908121860712,40.996037917106335],[-122.60136947370995,41.00756786404432],[-122.61048285132487,41.01769044096156],[-122.62730788717845,41.016282019558645],[-122.63501598886415,41.0047520756301],[-122.62590269888706,40.99463054998711],[-122.60908121860712,40.996037917106335]]]},"properties":{"h3_index":"872811828ffffff","station_count":3,"program_id":"klamath_basin","program":"Klamath Basin","resolution":7,"stations":[{"station_id":"1369","station_name":"East Fork","lat":41.01,"lon":-122.619,"waterbody":"East Fork Trinity River","subbasin":"Trinity","organization":"Trinity River Restoration Program / USBR"},{"station_id":"1211","station_name":"East Fork Trinity River near mouth","lat":41.008173,"lon":-122.620356,"waterbody":"East Fork Trinity River","subbasin":"Trinity","organization":"U.S. Fish and Wildlife Service"},{"station_id":"1892","station_name":"EF Trinity R Lower","lat":41.009654,"lon":-122.619686,"waterbody":"East Fork Trinity River","subbasin":"Trinity","organization":"U.S. Forest Service"}]}},{"type":"Feature","geometry":{"type":"Polygon","coordinates":[[[-122.71567127718552,41.074114647254405],[-122.70797118941903,41.085640772752626],[-122.71709669719687,41.095741411253],[-122.73392218811985,41.094314875076286],[-122.74161861615154,41.08278875971818],[-122.73249321397198,41.07268917028777],[-122.71567127718552,41.074114647254405]]]},"properties":{"h3_index":"872811840ffffff","station_count":1,"program_id":"klamath_basin","program":"Klamath Basin","resolution":7,"stations":[{"station_id":"513","station_name":"Coffee Ridge","lat":41.083,"lon":-122.717,"subbasin":"Trinity","organization":"U.S. Bureau of Reclamation"}]}},{"type":"Feature","geometry":{"type":"Polygon","coordinates":[[[-122.74161861615154,41.08278875971818],[-122.73392218811985,41.094314875076286],[-122.74304967749059,41.10441150277864],[-122.75987348591728,41.10298096623722],[-122.76756625097237,41.09145486283818],[-122.75843887155331,41.08135928391237],[-122.74161861615154,41.08278875971818]]]},"properties":{"h3_index":"872811841ffffff","station_count":1,"program_id":"klamath_basin","program":"Klamath Basin","resolution":7,"stations":[{"station_id":"1889","station_name":"Coffee Cr Mid","lat":41.087471,"lon":-122.745174,"waterbody":"Coffee Creek","subbasin":"Trinity","organization":"U.S. Forest Service"}]}},{"type":"Feature","geometry":{"type":"Polygon","coordinates":[[[-122.69114402294396,41.08706330790428],[-122.68343880850037,41.09858753852762],[-122.69256441780567,41.108689225861795],[-122.70939514100549,41.10726563363004],[-122.71709669719687,41.095741411253],[-122.70797118941903,41.085640772752626],[-122.69114402294396,41.08706330790428]]]},"properties":{"h3_index":"872811842ffffff","station_count":1,"program_id":"klamath_basin","program":"Klamath Basin","resolution":7,"stations":[{"station_id":"1594","station_name":"Coffee Creek Ranger Station","lat":41.08944,"lon":-122.70861,"subbasin":"Trinity","organization":"CA Dept of Water Resources/DFM-Hydro-SMN"}]}},{"type":"Feature","geometry":{"type":"Polygon","coordinates":[[[-122.61469140247844,41.082618890098146],[-122.60697375679752,41.09414122855201],[-122.61609547184669,41.10425198373451],[-122.6329347448252,41.102839351188784],[-122.64064874026519,41.091317015454855],[-122.63152711394932,41.08120730943857],[-122.61469140247844,41.082618890098146]]]},"properties":{"h3_index":"872811856ffffff","station_count":1,"program_id":"klamath_basin","program":"Klamath Basin","resolution":7,"stations":[{"station_id":"432","station_name":"Bonanza King","lat":41.08312,"lon":-122.63127,"subbasin":"Trinity","organization":"U.S. Bureau of Reclamation"}]}},{"type":"Feature","geometry":{"type":"Polygon","coordinates":[[[-122.69256441780567,41.108689225861795],[-122.68485773263247,41.12021155070721],[-122.69398542969725,41.13031027526037],[-122.71081971110387,41.12888562655115],[-122.71852273625997,41.1173633098751],[-122.70939514100549,41.10726563363004],[-122.69256441780567,41.108689225861795]]]},"properties":{"h3_index":"87281185cffffff","station_count":3,"program_id":"klamath_basin","program":"Klamath Basin","resolution":7,"stations":[{"station_id":"519","station_name":"Scorpion","lat":41.112,"lon":-122.697,"subbasin":"Trinity","organization":"U.S. Forest Service"},{"station_id":"1907","station_name":"us Coffee Creek","lat":41.108815,"lon":-122.706946,"waterbody":"Trinity River","subbasin":"Trinity","organization":"U.S. Forest Service"},{"station_id":"893","station_name":"Trinity River above Coffee Creek near Trinity Center","lat":41.111198,"lon":-122.705001,"waterbody":"Trinity River","subbasin":"Trinity","organization":"U.S. Geological Survey"}]}},{"type":"Feature","geometry":{"type":"Polygon","coordinates":[[[-122.68830508271029,41.043796884556926],[-122.68060280810275,41.05532491898779],[-122.68972424471208,41.06543252594708],[-122.70654785594341,41.0640110484777],[-122.71424647582472,41.05248302244176],[-122.70512514017807,41.042376465371674],[-122.68830508271029,41.043796884556926]]]},"properties":{"h3_index":"872811871ffffff","station_count":2,"program_id":"klamath_basin","program":"Klamath Basin","resolution":7,"stations":[{"station_id":"1370","station_name":"Carrville","lat":41.0563,"lon":-122.698,"waterbody":"Trinity River","subbasin":"Trinity","organization":"Trinity River Restoration Program / USBR"},{"station_id":"1210","station_name":"Trinity River above Trinity Lake","lat":41.053538,"lon":-122.69754,"waterbody":"Trinity River","subbasin":"Trinity","organization":"U.S. Fish and Wildlife Service"}]}},{"type":"Feature","geometry":{"type":"Polygon","coordinates":[[[-122.43982893000457,41.12976450888376],[-122.43207837468353,41.14127724414689],[-122.4411964218394,41.151401258771266],[-122.45806496580693,41.15001148954548],[-122.46581188510235,41.13849874392353],[-122.45669389744678,41.12837577777923],[-122.43982893000457,41.12976450888376]]]},"properties":{"h3_index":"87281188dffffff","station_count":1,"program_id":"klamath_basin","program":"Klamath Basin","resolution":7,"stations":[{"station_id":"1755","station_name":"Whalan","lat":41.15,"lon":-122.45,"subbasin":"Trinity","organization":"U.S. Forest Service"}]}},{"type":"Feature","geometry":{"type":"Polygon","coordinates":[[[-122.51916349453278,41.177567888212835],[-122.51142237085722,41.18907872733761],[-122.52054857642571,41.19918774982749],[-122.53741583377538,41.197784885926886],[-122.54515330976994,41.18627404179112],[-122.53602717708463,41.17616606645926],[-122.51916349453278,41.177567888212835]]]},"properties":{"h3_index":"8728118c2ffffff","station_count":1,"program_id":"klamath_basin","program":"Klamath Basin","resolution":7,"stations":[{"station_id":"465","station_name":"Mumbo Basin","lat":41.19782,"lon":-122.52596,"subbasin":"Trinity","organization":"U.S. Bureau of Reclamation"}]}},{"type":"Feature","geometry":{"type":"Polygon","coordinates":[[[-122.64487973032912,41.15618964543969],[-122.63716130886323,41.16770624790986],[-122.64629128656766,41.17780410257377],[-122.66313959279452,41.17638430734356],[-122.67085435546554,41.16486770917203],[-122.66172447168702,41.1547709018235],[-122.64487973032912,41.15618964543969]]]},"properties":{"h3_index":"8728118e9ffffff","station_count":1,"program_id":"klamath_basin","program":"Klamath Basin","resolution":7,"stations":[{"station_id":"1348","station_name":"Upper Trinity Pool","lat":41.162,"lon":-122.665,"waterbody":"Trinity River","subbasin":"Trinity","organization":"Trinity River Restoration Program / USBR"}]}},{"type":"Feature","geometry":{"type":"Polygon","coordinates":[[[-122.73304527651857,40.952950355391586],[-122.72535763714727,40.964487834680384],[-122.73447261746601,40.974602202966445],[-122.75127512989884,40.97317803988494],[-122.75895911687144,40.9616405729775],[-122.7498442447824,40.9515272566615],[-122.73304527651857,40.952950355391586]]]},"properties":{"h3_index":"87281194effffff","station_count":1,"program_id":"klamath_basin","program":"Klamath Basin","resolution":7,"stations":[{"station_id":"1368","station_name":"Swift Creek","lat":40.9684,"lon":-122.731,"waterbody":"Swift Creek","subbasin":"Trinity","organization":"Trinity River Restoration Program / USBR"}]}},{"type":"Feature","geometry":{"type":"Polygon","coordinates":[[[-122.80645874860984,40.91404864155736],[-122.79878644735723,40.92559172453337],[-122.80790109084865,40.935702936182224],[-122.82468791620327,40.934270012050376],[-122.83235656068031,40.922726947120005],[-122.82324203754631,40.91261678816667],[-122.80645874860984,40.91404864155736]]]},"properties":{"h3_index":"872811969ffffff","station_count":1,"program_id":"klamath_basin","program":"Klamath Basin","resolution":7,"stations":[{"station_id":"409","station_name":"Taylor Ridge","lat":40.917,"lon":-122.817,"subbasin":"Trinity","organization":"U.S. Bureau of Reclamation"}]}},{"type":"Feature","geometry":{"type":"Polygon","coordinates":[[[-122.83251687717448,41.30308327014735],[-122.82481827633693,41.3145921265226],[-122.83397053301894,41.324649932220176],[-122.85082126582184,41.3231978382566],[-122.85851617798185,41.31168899853192],[-122.849364046995,41.30163223600989],[-122.83251687717448,41.30308327014735]]]},"properties":{"h3_index":"872811a10ffffff","station_count":2,"program_id":"klamath_basin","program":"Klamath Basin","resolution":7,"stations":[{"station_id":"1948","station_name":"WIMW14","lat":41.309535,"lon":-122.832156,"waterbody":"Wildcat Creek","subbasin":"Scott","organization":"Scott River Watershed Council"},{"station_id":"1949","station_name":"WIMW15s","lat":41.309422,"lon":-122.832137,"waterbody":"Wildcat Creek","subbasin":"Scott","organization":"Scott River Watershed Council"}]}},{"type":"Feature","geometry":{"type":"Polygon","coordinates":[[[-122.85851617798185,41.31168899853192],[-122.85082126582184,41.3231978382566],[-122.8599754950993,41.33325161572232],[-122.87682450744022,41.331795510483346],[-122.88451572768186,41.32028668922411],[-122.87536162847854,41.310233954627854],[-122.85851617798185,41.31168899853192]]]},"properties":{"h3_index":"872811a11ffffff","station_count":3,"program_id":"klamath_basin","program":"Klamath Basin","resolution":7,"stations":[{"station_id":"1604","station_name":"Sugar Ck blw Darbee Ditch nr Callahan","lat":41.31568,"lon":-122.86948,"waterbody":"Sugar Creek","subbasin":"Scott","organization":"CA Dept of Water Resources/North Region Office"},{"station_id":"175","station_name":"Darbee Ditch near Callahan","lat":41.316,"lon":-122.8686,"subbasin":"Scott","organization":"California Department of Water Resources"},{"station_id":"181","station_name":"Sugar Creek below Darbee Ditch near Callahan","lat":41.315681,"lon":-122.869484,"waterbody":"Sugar Creek","subbasin":"Scott","organization":"California Department of Water Resources"}]}},{"type":"Feature","geometry":{"type":"Polygon","coordinates":[[[-122.80796583004869,41.31604020850698],[-122.800262075821,41.327547153784735],[-122.80941445411618,41.33760600244562],[-122.8262704660059,41.336156862755224],[-122.83397053301894,41.324649932220176],[-122.82481827633693,41.3145921265226],[-122.80796583004869,41.31604020850698]]]},"properties":{"h3_index":"872811a12ffffff","station_count":5,"program_id":"klamath_basin","program":"Klamath Basin","resolution":7,"stations":[{"station_id":"1467","station_name":"SUMW13s","lat":41.334691,"lon":-122.818287,"waterbody":"Sugar Creek - Scott River Tailings","subbasin":"Scott","organization":"Scott River Watershed Council"},{"station_id":"1943","station_name":"WIMW1","lat":41.320317,"lon":-122.812332,"waterbody":"Wildcat Creek","subbasin":"Scott","organization":"Scott River Watershed Council"},{"station_id":"1950","station_name":"WIMW2s","lat":41.319962,"lon":-122.811604,"waterbody":"Wildcat Creek","subbasin":"Scott","organization":"Scott River Watershed Council"},{"station_id":"1951","station_name":"WIMW3","lat":41.316674,"lon":-122.815384,"waterbody":"Wildcat Creek","subbasin":"Scott","organization":"Scott River Watershed Council"},{"station_id":"1952","station_name":"WIMW4s","lat":41.316588,"lon":-122.814165,"waterbody":"Wildcat Creek","subbasin":"Scott","organization":"Scott River Watershed Council"}]}},{"type":"Feature","geometry":{"type":"Polygon","coordinates":[[[-122.83397053301894,41.324649932220176],[-122.8262704660059,41.336156862755224],[-122.83542482127842,41.346211682880565],[-122.85227911854804,41.34475852970083],[-122.8599754950993,41.33325161572232],[-122.85082126582184,41.3231978382566],[-122.83397053301894,41.324649932220176]]]},"properties":{"h3_index":"872811a13ffffff","station_count":3,"program_id":"klamath_basin","program":"Klamath Basin","resolution":7,"stations":[{"station_id":"1605","station_name":"Sugar Creek nr Callahan","lat":41.32859,"lon":-122.84339,"waterbody":"Sugar Creek","subbasin":"Scott","organization":"CA Dept of Water Resources/North Region Office"},{"station_id":"160","station_name":"Sugar Creek near Callahan","lat":41.328594,"lon":-122.843391,"waterbody":"Sugar Creek","subbasin":"Scott","organization":"California Department of Water Resources"},{"station_id":"600","station_name":"Callahan - USFS","lat":41.333,"lon":-122.833,"subbasin":"Scott","organization":"U.S. Forest Service"}]}},{"type":"Feature","geometry":{"type":"Polygon","coordinates":[[[-122.83106385333447,41.281511701138925],[-122.82336671813535,41.293022480810315],[-122.83251687717448,41.30308327014735],[-122.849364046995,41.30163223600989],[-122.85705749529964,41.290121473081335],[-122.84790746165615,41.28006172743714],[-122.83106385333447,41.281511701138925]]]},"properties":{"h3_index":"872811a14ffffff","station_count":9,"program_id":"klamath_basin","program":"Klamath Basin","resolution":7,"stations":[{"station_id":"2496","station_name":"South Fork Scott River groundwater well 1","lat":41.289605,"lon":-122.833869,"subbasin":"Scott","organization":"Siskiyou Resource Conservation District"},{"station_id":"2497","station_name":"South Fork Scott River groundwater well 2","lat":41.289721,"lon":-122.833275,"subbasin":"Scott","organization":"Siskiyou Resource Conservation District"},{"station_id":"2498","station_name":"South Fork Scott River groundwater well 3","lat":41.290066,"lon":-122.832734,"subbasin":"Scott","organization":"Siskiyou Resource Conservation District"},{"station_id":"2499","station_name":"South Fork Scott River temp station","lat":41.289969,"lon":-122.832668,"waterbody":"South Fork Scott River","subbasin":"Scott","organization":"Siskiyou Resource Conservation District"},{"station_id":"1050","station_name":"Boulder","lat":41.293498,"lon":-122.824996,"waterbody":"Boulder Creek","subbasin":"Scott","organization":"U.S. Forest Service"},{"station_id":"2324","station_name":"Boulder Ck (South Fk Scott R)","lat":41.29396,"lon":-122.825361,"waterbody":"Boulder Creek","subbasin":"Scott","organization":"U.S. Forest Service"},{"station_id":"1116","station_name":"SF Scott Boulder","lat":41.2942,"lon":-122.824996,"waterbody":"South Fork Scott River","subbasin":"Scott","organization":"U.S. Forest Service"},{"station_id":"592","station_name":"SF Scott River, upstream of Boulder Creek","lat":41.29427,"lon":-122.82571,"waterbody":"South Fork Scott River","subbasin":"Scott","organization":"U.S. Forest Service"},{"station_id":"2422","station_name":"South Fk Scott R upstream of Boulder Ck","lat":41.294186,"lon":-122.825324,"waterbody":"South Fork Scott River","subbasin":"Scott","organization":"U.S. Forest Service"}]}},{"type":"Feature","geometry":{"type":"Polygon","coordinates":[[[-122.8065178359631,41.29446950447961],[-122.79881554969337,41.30597837569091],[-122.80796583004869,41.31604020850698],[-122.82481827633693,41.3145921265226],[-122.83251687717448,41.30308327014735],[-122.82336671813535,41.293022480810315],[-122.8065178359631,41.29446950447961]]]},"properties":{"h3_index":"872811a16ffffff","station_count":8,"program_id":"klamath_basin","program":"Klamath Basin","resolution":7,"stations":[{"station_id":"764","station_name":"Scott River @ South Fork","lat":41.295694,"lon":-122.809097,"waterbody":"Scott River","subbasin":"Scott","organization":"Quartz Valley Indian Reservations"},{"station_id":"1944","station_name":"WIMW10","lat":41.313396,"lon":-122.820421,"waterbody":"Wildcat Creek","subbasin":"Scott","organization":"Scott River Watershed Council"},{"station_id":"1945","station_name":"WIMW11","lat":41.309582,"lon":-122.82816,"waterbody":"Wildcat Creek","subbasin":"Scott","organization":"Scott River Watershed Council"},{"station_id":"1946","station_name":"WIMW12s","lat":41.309409,"lon":-122.828103,"waterbody":"Wildcat Creek","subbasin":"Scott","organization":"Scott River Watershed Council"},{"station_id":"1947","station_name":"WIMW13","lat":41.30929,"lon":-122.828082,"waterbody":"Wildcat Creek","subbasin":"Scott","organization":"Scott River Watershed Council"},{"station_id":"1953","station_name":"WIMW6","lat":41.314894,"lon":-122.816231,"waterbody":"Wildcat Creek","subbasin":"Scott","organization":"Scott River Watershed Council"},{"station_id":"1954","station_name":"WIMW8","lat":41.313594,"lon":-122.820084,"waterbody":"Wildcat Creek","subbasin":"Scott","organization":"Scott River Watershed Council"},{"station_id":"1955","station_name":"WIMW9s","lat":41.312903,"lon":-122.82006,"waterbody":"Wildcat Creek","subbasin":"Scott","organization":"Scott River Watershed Council"}]}},{"type":"Feature","geometry":{"type":"Polygon","coordinates":[[[-122.8874463207559,41.36339891394537],[-122.8797521747693,41.37490388136453],[-122.88891257362542,41.38494765077154],[-122.90576698438133,41.38348541111921],[-122.91345743163589,41.37198046378854],[-122.90429716784439,41.36193773591081],[-122.8874463207559,41.36339891394537]]]},"properties":{"h3_index":"872811a1bffffff","station_count":3,"program_id":"klamath_basin","program":"Klamath Basin","resolution":7,"stations":[{"station_id":"1074","station_name":"French","lat":41.377101,"lon":-122.890998,"waterbody":"French Creek","subbasin":"Scott","organization":"U.S. Forest Service"},{"station_id":"2352","station_name":"French Ck upstream of North Fk","lat":41.377147,"lon":-122.891199,"waterbody":"French Creek","subbasin":"Scott","organization":"U.S. Forest Service"},{"station_id":"326","station_name":"French Creek, upstream of NF French","lat":41.37745,"lon":-122.89257,"waterbody":"French Creek","subbasin":"Scott","organization":"U.S. Forest Service"}]}},{"type":"Feature","geometry":{"type":"Polygon","coordinates":[[[-123.06501471026334,41.35871036462706],[-123.05735087334267,41.37022092822058],[-123.06651864537564,41.38024543669578],[-123.08335009052013,41.37875834061908],[-123.0910102115567,41.36724781012236],[-123.08184260430235,41.357224342493346],[-123.06501471026334,41.35871036462706]]]},"properties":{"h3_index":"872811a42ffffff","station_count":2,"program_id":"klamath_basin","program":"Klamath Basin","resolution":7,"stations":[{"station_id":"1099","station_name":"NF Salmon3","lat":41.359401,"lon":-123.074996,"waterbody":"North Fork Salmon River","subbasin":"Salmon","organization":"U.S. Forest Service"},{"station_id":"2392","station_name":"North Fk Salmon R upstream of Mule Bridge","lat":41.359347,"lon":-123.075248,"waterbody":"North Fork Salmon River","subbasin":"Salmon","organization":"U.S. Forest Service"}]}},{"type":"Feature","geometry":{"type":"Polygon","coordinates":[[[-123.06351142858243,41.3371703782725],[-123.05584904066093,41.348682861777036],[-123.06501471026334,41.35871036462706],[-123.08184260430235,41.357224342493346],[-123.0895012781381,41.34571189218182],[-123.0803357729895,41.33568543069888],[-123.06351142858243,41.3371703782725]]]},"properties":{"h3_index":"872811a46ffffff","station_count":1,"program_id":"klamath_basin","program":"Klamath Basin","resolution":7,"stations":[{"station_id":"701","station_name":"North Fork Salmon at Mule Bridge","lat":41.356744,"lon":-123.074053,"waterbody":"North Fork Salmon River","subbasin":"Salmon","organization":"Salmon River Restoration Council"}]}},{"type":"Feature","geometry":{"type":"Polygon","coordinates":[[[-123.16747170591528,41.371288222093376],[-123.15982419349884,41.38280056190643],[-123.1689975911925,41.39281191750763],[-123.18581832032447,41.391309893147735],[-123.19346210589565,41.379797593808576],[-123.18428889014523,41.369787278242505],[-123.16747170591528,41.371288222093376]]]},"properties":{"h3_index":"872811a4dffffff","station_count":3,"program_id":"klamath_basin","program":"Klamath Basin","resolution":7,"stations":[{"station_id":"757","station_name":"Uncles Creek","lat":41.378277,"lon":-123.179636,"waterbody":"Uncles Creek","subbasin":"Salmon","organization":"Salmon River Restoration Council"},{"station_id":"1127","station_name":"Uncles","lat":41.378501,"lon":-123.179,"waterbody":"Uncles Creek","subbasin":"Salmon","organization":"U.S. Forest Service"},{"station_id":"2435","station_name":"Uncles Ck","lat":41.377182,"lon":-123.180602,"waterbody":"Uncles Creek","subbasin":"Salmon","organization":"U.S. Forest Service"}]}},{"type":"Feature","geometry":{"type":"Polygon","coordinates":[[[-122.99000381726982,41.37613941632188],[-122.98232594157895,41.387646220295615],[-122.99149208021657,41.397676846078994],[-123.00833594323325,41.39619962699456],[-123.01601010907318,41.384692850468994],[-123.00684412272088,41.37466326546801],[-122.99000381726982,41.37613941632188]]]},"properties":{"h3_index":"872811a52ffffff","station_count":1,"program_id":"klamath_basin","program":"Klamath Basin","resolution":7,"stations":[{"station_id":"1704","station_name":"Swampy John","lat":41.397,"lon":-122.993,"subbasin":"Scott","organization":"U.S. Forest Service"}]}},{"type":"Feature","geometry":{"type":"Polygon","coordinates":[[[-123.09403004638158,41.41030489481225],[-123.08636702937078,41.42181157809191],[-123.0955409486394,41.4318260526871],[-123.1123777160781,41.43033280441139],[-123.12003701040214,41.418826155848755],[-123.11086326094393,41.40881272073228],[-123.09403004638158,41.41030489481225]]]},"properties":{"h3_index":"872811a59ffffff","station_count":5,"program_id":"klamath_basin","program":"Klamath Basin","resolution":7,"stations":[{"station_id":"686","station_name":"North Fork Salmon above Right Hand Fork","lat":41.429797,"lon":-123.110106,"waterbody":"North Fork Salmon River","subbasin":"Salmon","organization":"Salmon River Restoration Council"},{"station_id":"725","station_name":"Right Hand Fork of North Fork","lat":41.429933,"lon":-123.109669,"waterbody":"Right Hand North Fork Salmon River","subbasin":"Salmon","organization":"Salmon River Restoration Council"},{"station_id":"803","station_name":"Right Hand Fork of North Fork Air","lat":41.429933,"lon":-123.109669,"subbasin":"Salmon","organization":"Salmon River Restoration Council"},{"station_id":"1100","station_name":"NF Salmon5","lat":41.429401,"lon":-123.112998,"waterbody":"North Fork Salmon River","subbasin":"Salmon","organization":"U.S. Forest Service"},{"station_id":"2387","station_name":"North Fk Salmon R above Right Hand Fk","lat":41.429533,"lon":-123.111223,"waterbody":"North Fork Salmon River","subbasin":"Salmon","organization":"U.S. Forest Service"}]}},{"type":"Feature","geometry":{"type":"Polygon","coordinates":[[[-123.11095147292555,41.289620374278684],[-123.10330084943989,41.30113853352392],[-123.11246408525892,41.31116694485786],[-123.12927777331916,41.3096761545557],[-123.13692468172846,41.298158032425086],[-123.12776161811915,41.28813066336973],[-123.11095147292555,41.289620374278684]]]},"properties":{"h3_index":"872811a60ffffff","station_count":6,"program_id":"klamath_basin","program":"Klamath Basin","resolution":7,"stations":[{"station_id":"713","station_name":"Eddy Gulch","lat":41.295697,"lon":-123.120653,"waterbody":"Eddy Gulch","subbasin":"Salmon","organization":"Salmon River Restoration Council"},{"station_id":"1070","station_name":"Eddy","lat":41.296298,"lon":-123.120002,"waterbody":"Eddy Gulch","subbasin":"Salmon","organization":"U.S. Forest Service"},{"station_id":"2347","station_name":"Eddy Gulch","lat":41.296363,"lon":-123.120324,"waterbody":"Eddy Gulch","subbasin":"Salmon","organization":"U.S. Forest Service"},{"station_id":"2389","station_name":"North Fk Salmon R at Sawyers Bar","lat":41.298728,"lon":-123.132596,"waterbody":"North Fork Salmon River","subbasin":"Salmon","organization":"U.S. Forest Service"},{"station_id":"1727","station_name":"Sawyers Bar","lat":41.3,"lon":-123.117,"subbasin":"Salmon","organization":"U.S. Forest Service"},{"station_id":"2231","station_name":"Eddy Gulch Bridge","lat":41.297702,"lon":-123.125809,"waterbody":"North Fork Salmon River","subbasin":"Salmon","organization":"UC Berkeley/Karuk Tribe/Salmon River Restoration Council"}]}},{"type":"Feature","geometry":{"type":"Polygon","coordinates":[[[-123.13692468172846,41.298158032425086],[-123.12927777331916,41.3096761545557],[-123.13844293742962,41.319700532725044],[-123.15525483434016,41.31820574670623],[-123.16289802449089,41.306687663512506],[-123.15373303695398,41.29666432728821],[-123.13692468172846,41.298158032425086]]]},"properties":{"h3_index":"872811a61ffffff","station_count":3,"program_id":"klamath_basin","program":"Klamath Basin","resolution":7,"stations":[{"station_id":"1279","station_name":"NFS1","lat":41.301421,"lon":-123.152877,"subbasin":"Salmon","organization":"Klamath Bird Observatory "},{"station_id":"792","station_name":"North Fork Salmon River at Sawyers Bar","lat":41.299461,"lon":-123.14087,"waterbody":"North Fork Salmon River","subbasin":"Salmon","organization":"Salmon River Restoration Council"},{"station_id":"2250","station_name":"SRRC Hole","lat":41.299881,"lon":-123.138461,"waterbody":"North Fork Salmon River","subbasin":"Salmon","organization":"UC Berkeley/Karuk Tribe/Salmon River Restoration Council"}]}},{"type":"Feature","geometry":{"type":"Polygon","coordinates":[[[-123.08497840875594,41.28107468938348],[-123.07732407338067,41.29259288392143],[-123.0864853771624,41.302625327352445],[-123.10330084943989,41.30113853352392],[-123.11095147292555,41.289620374278684],[-123.1017903369896,41.2795889734572],[-123.08497840875594,41.28107468938348]]]},"properties":{"h3_index":"872811a66ffffff","station_count":3,"program_id":"klamath_basin","program":"Klamath Basin","resolution":7,"stations":[{"station_id":"785","station_name":"Whites Gulch","lat":41.298215,"lon":-123.083676,"waterbody":"Whites Gulch","subbasin":"Salmon","organization":"Salmon River Restoration Council"},{"station_id":"1130","station_name":"Whites","lat":41.297798,"lon":-123.083999,"waterbody":"Whites Gulch","subbasin":"Salmon","organization":"U.S. Forest Service"},{"station_id":"2441","station_name":"Whites Gulch","lat":41.297603,"lon":-123.083335,"waterbody":"Whites Gulch","subbasin":"Salmon","organization":"U.S. Forest Service"}]}},{"type":"Feature","geometry":{"type":"Polygon","coordinates":[[[-123.16442192299377,41.32822609064888],[-123.15677729260734,41.33974226191711],[-123.16594648332554,41.349759611659415],[-123.18276012412198,41.34825974893773],[-123.19040103127038,41.336743618335525],[-123.18123202182434,41.326727309676194],[-123.16442192299377,41.32822609064888]]]},"properties":{"h3_index":"872811a68ffffff","station_count":1,"program_id":"klamath_basin","program":"Klamath Basin","resolution":7,"stations":[{"station_id":"1087","station_name":"Little North Fork","lat":41.330699,"lon":-123.179,"waterbody":"Little North Fork Salmon River","subbasin":"Salmon","organization":"U.S. Forest Service"}]}},{"type":"Feature","geometry":{"type":"Polygon","coordinates":[[[-123.16289802449089,41.306687663512506],[-123.15525483434016,41.31820574670623],[-123.16442192299377,41.32822609064888],[-123.18123202182434,41.326727309676194],[-123.18887149053884,41.315209267242],[-123.17970458282242,41.30518996490826],[-123.16289802449089,41.306687663512506]]]},"properties":{"h3_index":"872811a6cffffff","station_count":11,"program_id":"klamath_basin","program":"Klamath Basin","resolution":7,"stations":[{"station_id":"1280","station_name":"NFS2","lat":41.317176,"lon":-123.170209,"subbasin":"Salmon","organization":"Klamath Bird Observatory "},{"station_id":"759","station_name":"Little North Fork ","lat":41.320582,"lon":-123.17889,"waterbody":"Little North Fork Salmon River","subbasin":"Salmon","organization":"Salmon River Restoration Council"},{"station_id":"687","station_name":"Little North Fork Air","lat":41.32076,"lon":-123.179355,"subbasin":"Salmon","organization":"Salmon River Restoration Council"},{"station_id":"697","station_name":"North Fork Salmon above Little Nork Fork","lat":41.320731,"lon":-123.176185,"waterbody":"North Fork Salmon River","subbasin":"Salmon","organization":"Salmon River Restoration Council"},{"station_id":"710","station_name":"North Fork Salmon at Kelly Gulch","lat":41.315597,"lon":-123.168891,"waterbody":"North Fork Salmon River","subbasin":"Salmon","organization":"Salmon River Restoration Council"},{"station_id":"796","station_name":"North Fork Salmon below Little North Fork","lat":41.316922,"lon":-123.178568,"waterbody":"North Fork Salmon River","subbasin":"Salmon","organization":"Salmon River Restoration Council"},{"station_id":"2375","station_name":"Little North Fk Salmon above Garden Gulch","lat":41.322893,"lon":-123.180918,"waterbody":"Little North Fork Salmon River","subbasin":"Salmon","organization":"U.S. Forest Service"},{"station_id":"2386","station_name":"North Fk Salmon R above Little North Fk","lat":41.320268,"lon":-123.177589,"waterbody":"North Fork Salmon River","subbasin":"Salmon","organization":"U.S. Forest Service"},{"station_id":"2390","station_name":"North Fk Salmon R downstream of Little North Fk","lat":41.314392,"lon":-123.179294,"waterbody":"North Fork Salmon River","subbasin":"Salmon","organization":"U.S. Forest Service"},{"station_id":"2241","station_name":"Kelly Alcove","lat":41.316069,"lon":-123.168884,"waterbody":"North Fork Salmon River","subbasin":"Salmon","organization":"UC Berkeley/Karuk Tribe/Salmon River Restoration Council"},{"station_id":"2242","station_name":"Little North Fork Refugia","lat":41.31954,"lon":-123.1778,"waterbody":"North Fork Salmon River","subbasin":"Salmon","organization":"UC Berkeley/Karuk Tribe/Salmon River Restoration Council"}]}},{"type":"Feature","geometry":{"type":"Polygon","coordinates":[[[-123.03602476455872,41.30707186917331],[-123.02836011602196,41.31858630152073],[-123.0375217433686,41.328620829580224],[-123.05434786046176,41.32713988296493],[-123.06200879990925,41.31562548208505],[-123.0528473323221,41.30559199624113],[-123.03602476455872,41.30707186917331]]]},"properties":{"h3_index":"872811a70ffffff","station_count":1,"program_id":"klamath_basin","program":"Klamath Basin","resolution":7,"stations":[{"station_id":"1102","station_name":"N Russian","lat":41.326099,"lon":-123.055,"waterbody":"North Russian Creek","subbasin":"Salmon","organization":"U.S. Forest Service"}]}},{"type":"Feature","geometry":{"type":"Polygon","coordinates":[[[-123.06200879990925,41.31562548208505],[-123.05434786046176,41.32713988296493],[-123.06351142858243,41.3371703782725],[-123.0803357729895,41.33568543069888],[-123.0879930001483,41.32417106310647],[-123.07882959615702,41.31414160968821],[-123.06200879990925,41.31562548208505]]]},"properties":{"h3_index":"872811a71ffffff","station_count":7,"program_id":"klamath_basin","program":"Klamath Basin","resolution":7,"stations":[{"station_id":"683","station_name":"South Russian Creek","lat":41.32619,"lon":-123.057008,"waterbody":"South Russian Creek","subbasin":"Salmon","organization":"Salmon River Restoration Council"},{"station_id":"2388","station_name":"North Fk Salmon R above Russians","lat":41.323784,"lon":-123.060904,"waterbody":"North Fork Salmon River","subbasin":"Salmon","organization":"U.S. Forest Service"},{"station_id":"2393","station_name":"North Russian Ck upstream of South Russian Ck","lat":41.326381,"lon":-123.055661,"waterbody":"North Russian Creek","subbasin":"Salmon","organization":"U.S. Forest Service"},{"station_id":"1117","station_name":"S Russian","lat":41.325199,"lon":-123.056999,"waterbody":"South Russian Creek","subbasin":"Salmon","organization":"U.S. Forest Service"},{"station_id":"2423","station_name":"South Russian Ck upstream of North Russian Ck","lat":41.325624,"lon":-123.056855,"waterbody":"South Russian Creek","subbasin":"Salmon","organization":"U.S. Forest Service"},{"station_id":"2237","station_name":"Idlewild Campground #1","lat":41.32889,"lon":-123.05975,"waterbody":"North Fork Salmon River","subbasin":"Salmon","organization":"UC Berkeley/Karuk Tribe/Salmon River Restoration Council"},{"station_id":"2238","station_name":"Idlewild Campground #2","lat":41.329511,"lon":-123.059182,"waterbody":"North Fork Salmon River","subbasin":"Salmon","organization":"UC Berkeley/Karuk Tribe/Salmon River Restoration Council"}]}},{"type":"Feature","geometry":{"type":"Polygon","coordinates":[[[-123.0375217433686,41.328620829580224],[-123.02985564456257,41.34013334445848],[-123.03901937276436,41.35016488145962],[-123.05584904066093,41.348682861777036],[-123.06351142858243,41.3371703782725],[-123.05434786046176,41.32713988296493],[-123.0375217433686,41.328620829580224]]]},"properties":{"h3_index":"872811a73ffffff","station_count":2,"program_id":"klamath_basin","program":"Klamath Basin","resolution":7,"stations":[{"station_id":"745","station_name":"North Russian Creek","lat":41.328971,"lon":-123.049537,"subbasin":"Salmon","organization":"Salmon River Restoration Council"},{"station_id":"790","station_name":"North Russian Creek","lat":41.32882,"lon":-123.04938,"waterbody":"North Russian Creek","subbasin":"Salmon","organization":"Salmon River Restoration Council"}]}},{"type":"Feature","geometry":{"type":"Polygon","coordinates":[[[-123.06050682382042,41.294075680525175],[-123.0528473323221,41.30559199624113],[-123.06200879990925,41.31562548208505],[-123.07882959615702,41.31414160968821],[-123.0864853771624,41.302625327352445],[-123.07732407338067,41.29259288392143],[-123.06050682382042,41.294075680525175]]]},"properties":{"h3_index":"872811a75ffffff","station_count":1,"program_id":"klamath_basin","program":"Klamath Basin","resolution":7,"stations":[{"station_id":"2252","station_name":"White's Bridge","lat":41.298642,"lon":-123.081346,"waterbody":"North Fork Salmon River","subbasin":"Salmon","organization":"UC Berkeley/Karuk Tribe/Salmon River Restoration Council"}]}},{"type":"Feature","geometry":{"type":"Polygon","coordinates":[[[-122.78196139689815,41.307422444998174],[-122.77425395870752,41.318929403205196],[-122.78340435629416,41.32899227928565],[-122.800262075821,41.327547153784735],[-122.80796583004869,41.31604020850698],[-122.79881554969337,41.30597837569091],[-122.78196139689815,41.307422444998174]]]},"properties":{"h3_index":"872811aa5ffffff","station_count":4,"program_id":"klamath_basin","program":"Klamath Basin","resolution":7,"stations":[{"station_id":"1628","station_name":"Callahan","lat":41.317,"lon":-122.8,"subbasin":"Scott","organization":"National Weather Service"},{"station_id":"1559","station_name":"East Fork Scott at Callahan","lat":41.306671,"lon":-122.797043,"waterbody":"East Fork Scott River","subbasin":"Scott","organization":"NCRWQCB"},{"station_id":"2302","station_name":"Scott River @ Callahan Station","lat":41.30667,"lon":-122.79704,"waterbody":"EF Scott","subbasin":"Scott","organization":"Quartz Valley Indian Reservation"},{"station_id":"797","station_name":"Scott River @ East Fork","lat":41.306642,"lon":-122.797493,"waterbody":"Scott River","subbasin":"Scott","organization":"Quartz Valley Indian Reservations"}]}},{"type":"Feature","geometry":{"type":"Polygon","coordinates":[[[-122.81086370857506,41.35916688182198],[-122.80315701681522,41.370669967609764],[-122.81231359383493,41.38072284217013],[-122.82917674138729,41.379271588896366],[-122.83687974236382,41.367768517659364],[-122.82772328755247,41.357716685034994],[-122.81086370857506,41.35916688182198]]]},"properties":{"h3_index":"872811aa8ffffff","station_count":12,"program_id":"klamath_basin","program":"Klamath Basin","resolution":7,"stations":[{"station_id":"1920","station_name":"SCMW10","lat":41.361615,"lon":-122.823792,"waterbody":"Scott River - Tailings Reach","subbasin":"Scott","organization":"Scott River Watershed Council"},{"station_id":"1921","station_name":"SCMW11","lat":41.361635,"lon":-122.823379,"waterbody":"Scott River - Tailings Reach","subbasin":"Scott","organization":"Scott River Watershed Council"},{"station_id":"1923","station_name":"SCMW2","lat":41.358754,"lon":-122.823966,"waterbody":"Scott River - Tailings Reach","subbasin":"Scott","organization":"Scott River Watershed Council"},{"station_id":"1924","station_name":"SCMW3","lat":41.359022,"lon":-122.823433,"waterbody":"Scott River - Tailings Reach","subbasin":"Scott","organization":"Scott River Watershed Council"},{"station_id":"1925","station_name":"SCMW4","lat":41.359195,"lon":-122.822972,"waterbody":"Scott River - Tailings Reach","subbasin":"Scott","organization":"Scott River Watershed Council"},{"station_id":"1926","station_name":"SCMW5","lat":41.360709,"lon":-122.824686,"waterbody":"Scott River - Tailings Reach","subbasin":"Scott","organization":"Scott River Watershed Council"},{"station_id":"1927","station_name":"SCMW6","lat":41.360285,"lon":-122.823996,"waterbody":"Scott River - Tailings Reach","subbasin":"Scott","organization":"Scott River Watershed Council"},{"station_id":"1928","station_name":"SCMW7","lat":41.360327,"lon":-122.823334,"waterbody":"Scott River - Tailings Reach","subbasin":"Scott","organization":"Scott River Watershed Council"},{"station_id":"1929","station_name":"SCMW9","lat":41.361373,"lon":-122.824747,"waterbody":"Scott River - Tailings Reach","subbasin":"Scott","organization":"Scott River Watershed Council"},{"station_id":"1385","station_name":"Scott Tailings - Alexander Pond","lat":41.358755,"lon":-122.82399,"waterbody":"Scott River","subbasin":"Scott","organization":"Scott River Watershed Council"},{"station_id":"1930","station_name":"STMW1","lat":41.36095,"lon":-122.825318,"waterbody":"Scott River Tailings Pond","subbasin":"Scott","organization":"Scott River Watershed Council"},{"station_id":"1942","station_name":"WCMW2s","lat":41.360794,"lon":-122.827315,"waterbody":"Westside Channel","subbasin":"Scott","organization":"Scott River Watershed Council"}]}},{"type":"Feature","geometry":{"type":"Polygon","coordinates":[[[-122.81231359383493,41.38072284217013],[-122.80460543250038,41.39222399440873],[-122.81376411030593,41.40227387903176],[-122.83063082792138,41.400821569881366],[-122.83833529668641,41.389320432094976],[-122.82917674138729,41.379271588896366],[-122.81231359383493,41.38072284217013]]]},"properties":{"h3_index":"872811aabffffff","station_count":2,"program_id":"klamath_basin","program":"Klamath Basin","resolution":7,"stations":[{"station_id":"2491","station_name":"Fay_GW","lat":41.393873,"lon":-122.83348,"subbasin":"Scott","organization":"Siskiyou Resource Conservation District"},{"station_id":"2494","station_name":"Fay_SW","lat":41.396,"lon":-122.833,"waterbody":"Scott River","subbasin":"Scott","organization":"Siskiyou Resource Conservation District"}]}},{"type":"Feature","geometry":{"type":"Polygon","coordinates":[[[-122.80941445411618,41.33760600244562],[-122.80170923139192,41.34911101924766],[-122.81086370857506,41.35916688182198],[-122.82772328755247,41.357716685034994],[-122.83542482127842,41.346211682880565],[-122.8262704660059,41.336156862755224],[-122.80941445411618,41.33760600244562]]]},"properties":{"h3_index":"872811aacffffff","station_count":42,"program_id":"klamath_basin","program":"Klamath Basin","resolution":7,"stations":[{"station_id":"1983","station_name":"BHMW1","lat":41.337564,"lon":-122.826142,"waterbody":"Sugar Creek","subbasin":"Scott","organization":"Scott River Watershed Council"},{"station_id":"1984","station_name":"BHMW2s","lat":41.337644,"lon":-122.826546,"waterbody":"Sugar Creek","subbasin":"Scott","organization":"Scott River Watershed Council"},{"station_id":"1985","station_name":"BHMW3","lat":41.337667,"lon":-122.826748,"waterbody":"Sugar Creek","subbasin":"Scott","organization":"Scott River Watershed Council"},{"station_id":"1986","station_name":"BHMW4","lat":41.33768,"lon":-122.826881,"waterbody":"Sugar Creek","subbasin":"Scott","organization":"Scott River Watershed Council"},{"station_id":"1987","station_name":"BHMW5s","lat":41.337728,"lon":-122.827021,"waterbody":"Sugar Creek","subbasin":"Scott","organization":"Scott River Watershed Council"},{"station_id":"1988","station_name":"BHMW6","lat":41.338311,"lon":-122.826251,"waterbody":"Sugar Creek","subbasin":"Scott","organization":"Scott River Watershed Council"},{"station_id":"1989","station_name":"BHMW7s","lat":41.338321,"lon":-122.826623,"waterbody":"Sugar Creek","subbasin":"Scott","organization":"Scott River Watershed Council"},{"station_id":"1990","station_name":"BHMW8","lat":41.338321,"lon":-122.826794,"waterbody":"Sugar Creek","subbasin":"Scott","organization":"Scott River Watershed Council"},{"station_id":"1914","station_name":"MGMW1s","lat":41.353086,"lon":-122.82555,"waterbody":"Scott River Tailings Pond","subbasin":"Scott","organization":"Scott River Watershed Council"},{"station_id":"1915","station_name":"MGMW2s","lat":41.355934,"lon":-122.824682,"waterbody":"Scott River Tailings Pond","subbasin":"Scott","organization":"Scott River Watershed Council"},{"station_id":"1916","station_name":"MGMW3s","lat":41.352275,"lon":-122.825026,"waterbody":"Scott River Tailings Pond","subbasin":"Scott","organization":"Scott River Watershed Council"},{"station_id":"1917","station_name":"MGMW4s","lat":41.35458,"lon":-122.823358,"waterbody":"Scott River Tailings Pond","subbasin":"Scott","organization":"Scott River Watershed Council"},{"station_id":"1918","station_name":"MGMW5s","lat":41.355659,"lon":-122.823191,"waterbody":"Scott River Tailings Pond","subbasin":"Scott","organization":"Scott River Watershed Council"},{"station_id":"1919","station_name":"SCMW00","lat":41.338035,"lon":-122.818206,"waterbody":"Scott River - Tailings Reach","subbasin":"Scott","organization":"Scott River Watershed Council"},{"station_id":"1922","station_name":"SCMW12s","lat":41.352192,"lon":-122.824106,"waterbody":"Scott River - Tailings Reach","subbasin":"Scott","organization":"Scott River Watershed Council"},{"station_id":"1931","station_name":"STMW2s","lat":41.349466,"lon":-122.827637,"waterbody":"Scott River Tailings Pond","subbasin":"Scott","organization":"Scott River Watershed Council"},{"station_id":"1932","station_name":"STMW3s","lat":41.357088,"lon":-122.823427,"waterbody":"Scott River Tailings Pond","subbasin":"Scott","organization":"Scott River Watershed Council"},{"station_id":"1478","station_name":"Sugar Creek - BP2 Above OCP Channel","lat":41.340274,"lon":-122.825272,"waterbody":"Sugar Creek","subbasin":"Scott","organization":"Scott River Watershed Council"},{"station_id":"1477","station_name":"Sugar Creek below Highway 3","lat":41.339554,"lon":-122.825958,"waterbody":"Sugar Creek","subbasin":"Scott","organization":"Scott River Watershed Council"},{"station_id":"1384","station_name":"Sugar Long Pond","lat":41.337361,"lon":-122.820223,"waterbody":"Sugar Creek","subbasin":"Scott","organization":"Scott River Watershed Council"},{"station_id":"1383","station_name":"Sugar OCP","lat":41.339565,"lon":-122.824623,"waterbody":"Sugar Creek","subbasin":"Scott","organization":"Scott River Watershed Council"},{"station_id":"1475","station_name":"Sugar OCP - Bottom","lat":41.339609,"lon":-122.824648,"waterbody":"Sugar Creek","subbasin":"Scott","organization":"Scott River Watershed Council"},{"station_id":"1476","station_name":"Sugar OCP - Outlet Channel","lat":41.340067,"lon":-122.824846,"waterbody":"Sugar Creek","subbasin":"Scott","organization":"Scott River Watershed Council"},{"station_id":"1464","station_name":"SUMW10s","lat":41.338696,"lon":-122.822769,"waterbody":"Sugar Creek - Scott River Tailings","subbasin":"Scott","organization":"Scott River Watershed Council"},{"station_id":"1465","station_name":"SUMW11S","lat":41.338368,"lon":-122.821591,"waterbody":"Sugar Creek - Scott River Tailings","subbasin":"Scott","organization":"Scott River Watershed Council"},{"station_id":"1466","station_name":"SUMW12s","lat":41.337376,"lon":-122.82026,"waterbody":"Sugar Creek - Scott River Tailings","subbasin":"Scott","organization":"Scott River Watershed Council"},{"station_id":"1468","station_name":"SUMW14","lat":41.338867,"lon":-122.823728,"waterbody":"Sugar Creek - Scott River Tailings","subbasin":"Scott","organization":"Scott River Watershed Council"},{"station_id":"1469","station_name":"SUMW15","lat":41.339022,"lon":-122.824587,"waterbody":"Sugar Creek - Scott River Tailings","subbasin":"Scott","organization":"Scott River Watershed Council"},{"station_id":"1933","station_name":"SUMW16","lat":41.341902,"lon":-122.824613,"waterbody":"Sugar Creek - Scott River Tailings","subbasin":"Scott","organization":"Scott River Watershed Council"},{"station_id":"1934","station_name":"SUMW17s","lat":41.339423,"lon":-122.826072,"waterbody":"Sugar Creek - Scott River Tailings","subbasin":"Scott","organization":"Scott River Watershed Council"},{"station_id":"1935","station_name":"SUMW18","lat":41.33941,"lon":-122.825871,"waterbody":"Sugar Creek - Scott River Tailings","subbasin":"Scott","organization":"Scott River Watershed Council"},{"station_id":"1936","station_name":"SUMW19","lat":41.339528,"lon":-122.826268,"waterbody":"Sugar Creek - Scott River Tailings","subbasin":"Scott","organization":"Scott River Watershed Council"},{"station_id":"1470","station_name":"SUMW1s","lat":41.33954,"lon":-122.824488,"waterbody":"Sugar Creek - Scott River Tailings","subbasin":"Scott","organization":"Scott River Watershed Council"},{"station_id":"1937","station_name":"SUMW20","lat":41.339818,"lon":-122.826793,"waterbody":"Sugar Creek - Scott River Tailings","subbasin":"Scott","organization":"Scott River Watershed Council"},{"station_id":"1938","station_name":"SUMW21","lat":41.340811,"lon":-122.825346,"waterbody":"Sugar Creek - Scott River Tailings","subbasin":"Scott","organization":"Scott River Watershed Council"},{"station_id":"1939","station_name":"SUMW22","lat":41.339473,"lon":-122.825156,"waterbody":"Sugar Creek - Scott River Tailings","subbasin":"Scott","organization":"Scott River Watershed Council"},{"station_id":"1940","station_name":"SUMW23","lat":41.339059,"lon":-122.824004,"waterbody":"Sugar Creek - Scott River Tailings","subbasin":"Scott","organization":"Scott River Watershed Council"},{"station_id":"1471","station_name":"SUMW6s","lat":41.341502,"lon":-122.825878,"waterbody":"Sugar Creek - Scott River Tailings","subbasin":"Scott","organization":"Scott River Watershed Council"},{"station_id":"1472","station_name":"SUMW7s","lat":41.343586,"lon":-122.826538,"waterbody":"Sugar Creek - Scott River Tailings","subbasin":"Scott","organization":"Scott River Watershed Council"},{"station_id":"1473","station_name":"SUMW8S","lat":41.344515,"lon":-122.827338,"waterbody":"Sugar Creek - Scott River Tailings","subbasin":"Scott","organization":"Scott River Watershed Council"},{"station_id":"1474","station_name":"SUMW9S","lat":41.339616,"lon":-122.823088,"waterbody":"Sugar Creek - Scott River Tailings","subbasin":"Scott","organization":"Scott River Watershed Council"},{"station_id":"1941","station_name":"WCMW1s","lat":41.356047,"lon":-122.828424,"waterbody":"Westside Channel","subbasin":"Scott","organization":"Scott River Watershed Council"}]}},{"type":"Feature","geometry":{"type":"Polygon","coordinates":[[[-122.682209319852,41.33761417234831],[-122.67448274461822,41.34911536968325],[-122.68363147173616,41.3591854014405],[-122.70050667452001,41.357753192846396],[-122.70822957351523,41.34625200091015],[-122.69908094695148,41.336183012060026],[-122.682209319852,41.33761417234831]]]},"properties":{"h3_index":"872811ab0ffffff","station_count":2,"program_id":"klamath_basin","program":"Klamath Basin","resolution":7,"stations":[{"station_id":"1561","station_name":"Kangaroo Creek","lat":41.346329,"lon":-122.690468,"waterbody":"Kangaroo Creek","subbasin":"Scott","organization":"NCRWQCB"},{"station_id":"2303","station_name":"Kangaroo Creek","lat":41.34633,"lon":-122.69047,"waterbody":"Kangaroo Creek","subbasin":"Scott","organization":"Quartz Valley Indian Reservation"}]}},{"type":"Feature","geometry":{"type":"Polygon","coordinates":[[[-122.70680236924584,41.3246798861867],[-122.69908094695148,41.336183012060026],[-122.70822957351523,41.34625200091015],[-122.72509951870013,41.344816820651054],[-122.73281726325952,41.33331370208233],[-122.72366874135379,41.32324575635865],[-122.70680236924584,41.3246798861867]]]},"properties":{"h3_index":"872811ab5ffffff","station_count":4,"program_id":"klamath_basin","program":"Klamath Basin","resolution":7,"stations":[{"station_id":"733","station_name":"Kangaroo Creek","lat":41.338611,"lon":-122.705833,"waterbody":"Kangaroo Creek","subbasin":"Scott","organization":"Quartz Valley Indian Reservations"},{"station_id":"2008","station_name":"EFMW1","lat":41.32438,"lon":-122.722618,"waterbody":"East Fork Scott River","subbasin":"Scott","organization":"Scott River Watershed Council"},{"station_id":"2010","station_name":"EFMW2","lat":41.324391,"lon":-122.721794,"waterbody":"East Fork Scott River","subbasin":"Scott","organization":"Scott River Watershed Council"},{"station_id":"2011","station_name":"EFMW3","lat":41.323452,"lon":-122.723405,"waterbody":"East Fork Scott River","subbasin":"Scott","organization":"Scott River Watershed Council"}]}},{"type":"Feature","geometry":{"type":"Polygon","coordinates":[[[-122.94242457725638,41.42363029822616],[-122.93473491125256,41.43513136008001],[-122.94390344627159,41.44516106988331],[-122.96076150381329,41.4436886778452],[-122.96844746102845,41.43218763950745],[-122.95927907046764,41.42215896958022],[-122.94242457725638,41.42363029822616]]]},"properties":{"h3_index":"872811ac5ffffff","station_count":1,"program_id":"klamath_basin","program":"Klamath Basin","resolution":7,"stations":[{"station_id":"1018","station_name":"Etna Creek","lat":41.428972,"lon":-122.947111,"waterbody":"Etna Creek","subbasin":"Scott","organization":"Quartz Valley Indian Reservations"}]}},{"type":"Feature","geometry":{"type":"Polygon","coordinates":[[[-122.84270576319531,41.45394660884057],[-122.83499688783436,41.46544193111199],[-122.84416385458648,41.47547879743925],[-122.86103956988029,41.474019301791515],[-122.86874474404702,41.4625239954763],[-122.85957790509678,41.452488168741795],[-122.84270576319531,41.45394660884057]]]},"properties":{"h3_index":"872811ad0ffffff","station_count":10,"program_id":"klamath_basin","program":"Klamath Basin","resolution":7,"stations":[{"station_id":"2045","station_name":"WHMW10","lat":41.467105,"lon":-122.851339,"waterbody":"Scott River","subbasin":"Scott","organization":"Scott River Watershed Council"},{"station_id":"2046","station_name":"WHMW11","lat":41.467889,"lon":-122.850797,"waterbody":"Scott River","subbasin":"Scott","organization":"Scott River Watershed Council"},{"station_id":"2047","station_name":"WHMW12","lat":41.468761,"lon":-122.850148,"waterbody":"Scott River","subbasin":"Scott","organization":"Scott River Watershed Council"},{"station_id":"2048","station_name":"WHMW13","lat":41.472214,"lon":-122.850583,"waterbody":"Scott River","subbasin":"Scott","organization":"Scott River Watershed Council"},{"station_id":"2049","station_name":"WHMW14","lat":41.471733,"lon":-122.850009,"waterbody":"Scott River","subbasin":"Scott","organization":"Scott River Watershed Council"},{"station_id":"2050","station_name":"WHMW15","lat":41.471442,"lon":-122.849071,"waterbody":"Scott River","subbasin":"Scott","organization":"Scott River Watershed Council"},{"station_id":"2060","station_name":"WHMW8","lat":41.474345,"lon":-122.849164,"waterbody":"Scott River","subbasin":"Scott","organization":"Scott River Watershed Council"},{"station_id":"2061","station_name":"WHMW9","lat":41.474327,"lon":-122.849933,"waterbody":"Scott River","subbasin":"Scott","organization":"Scott River Watershed Council"},{"station_id":"2490","station_name":"Horn_GW","lat":41.457168,"lon":-122.851486,"subbasin":"Scott","organization":"Siskiyou Resource Conservation District"},{"station_id":"2493","station_name":"Horn_SW","lat":41.456,"lon":-122.853,"waterbody":"Scott River","subbasin":"Scott","organization":"Siskiyou Resource Conservation District"}]}},{"type":"Feature","geometry":{"type":"Polygon","coordinates":[[[-122.84416385458648,41.47547879743925],[-122.83645350928244,41.48697217616341],[-122.8456225812765,41.49700604350062],[-122.86250187145352,41.49554549291638],[-122.87020851377008,41.48405213004232],[-122.86103956988029,41.474019301791515],[-122.84416385458648,41.47547879743925]]]},"properties":{"h3_index":"872811ad3ffffff","station_count":10,"program_id":"klamath_basin","program":"Klamath Basin","resolution":7,"stations":[{"station_id":"2044","station_name":"WHMW1","lat":41.476537,"lon":-122.848927,"waterbody":"Scott River","subbasin":"Scott","organization":"Scott River Watershed Council"},{"station_id":"2051","station_name":"WHMW16","lat":41.47574,"lon":-122.851134,"waterbody":"Scott River","subbasin":"Scott","organization":"Scott River Watershed Council"},{"station_id":"2052","station_name":"WHMW17","lat":41.47711,"lon":-122.851198,"waterbody":"Scott River","subbasin":"Scott","organization":"Scott River Watershed Council"},{"station_id":"2053","station_name":"WHMW18","lat":41.478381,"lon":-122.850076,"waterbody":"Scott River","subbasin":"Scott","organization":"Scott River Watershed Council"},{"station_id":"2054","station_name":"WHMW19","lat":41.478176,"lon":-122.849608,"waterbody":"Scott River","subbasin":"Scott","organization":"Scott River Watershed Council"},{"station_id":"2055","station_name":"WHMW3","lat":41.476237,"lon":-122.851073,"waterbody":"Scott River","subbasin":"Scott","organization":"Scott River Watershed Council"},{"station_id":"2056","station_name":"WHMW4","lat":41.475726,"lon":-122.848675,"waterbody":"Scott River","subbasin":"Scott","organization":"Scott River Watershed Council"},{"station_id":"2057","station_name":"WHMW5","lat":41.475682,"lon":-122.848942,"waterbody":"Scott River","subbasin":"Scott","organization":"Scott River Watershed Council"},{"station_id":"2058","station_name":"WHMW6","lat":41.475569,"lon":-122.849381,"waterbody":"Scott River","subbasin":"Scott","organization":"Scott River Watershed Council"},{"station_id":"2059","station_name":"WHMW7","lat":41.475432,"lon":-122.849871,"waterbody":"Scott River","subbasin":"Scott","organization":"Scott River Watershed Council"}]}},{"type":"Feature","geometry":{"type":"Polygon","coordinates":[[[-122.84124830668999,41.43240948212822],[-122.83354090073303,41.44390674542817],[-122.84270576319531,41.45394660884057],[-122.85957790509678,41.452488168741795],[-122.86728161165144,41.440990921502404],[-122.85811687668895,41.43095209819047],[-122.84124830668999,41.43240948212822]]]},"properties":{"h3_index":"872811ad4ffffff","station_count":3,"program_id":"klamath_basin","program":"Klamath Basin","resolution":7,"stations":[{"station_id":"1562","station_name":"Scott River Below Young's Dam","lat":41.44231,"lon":-122.850433,"waterbody":"Scott RIver","subbasin":"Scott","organization":"NCRWQCB"},{"station_id":"2309","station_name":"Scott below Young's Dam","lat":41.44231,"lon":-122.85043,"waterbody":"Scott River","subbasin":"Scott","organization":"Quartz Valley Indian Reservation"},{"station_id":"2495","station_name":"Youngs Dam","lat":41.438708,"lon":-122.846176,"waterbody":"Scott River","subbasin":"Scott","organization":"Siskiyou Resource Conservation District"}]}},{"type":"Feature","geometry":{"type":"Polygon","coordinates":[[[-122.92229855616499,41.50117461196001],[-122.91459932958618,41.51266793770387],[-122.92377432367729,41.522689683373976],[-122.94064840401782,41.52121706503422],[-122.94834391785531,41.509723760571276],[-122.93916906507393,41.49970305305562],[-122.92229855616499,41.50117461196001]]]},"properties":{"h3_index":"872811ad9ffffff","station_count":4,"program_id":"klamath_basin","program":"Klamath Basin","resolution":7,"stations":[{"station_id":"1019","station_name":"Patterson Creek","lat":41.509639,"lon":-122.9345,"waterbody":"Patterson Creek","subbasin":"Scott","organization":"Quartz Valley Indian Reservations"},{"station_id":"1454","station_name":"PCTEMP1","lat":41.507859,"lon":-122.930777,"waterbody":"Patterson Creek","subbasin":"Scott","organization":"Scott River Watershed Council"},{"station_id":"1455","station_name":"PCTEMP2","lat":41.506663,"lon":-122.929545,"waterbody":"Patterson Creek","subbasin":"Scott","organization":"Scott River Watershed Council"},{"station_id":"1456","station_name":"PCTEMP3","lat":41.504772,"lon":-122.925783,"waterbody":"Patterson Creek","subbasin":"Scott","organization":"Scott River Watershed Council"}]}},{"type":"Feature","geometry":{"type":"Polygon","coordinates":[[[-122.93799182889448,41.3590084209786],[-122.93030654316713,41.37051527440024],[-122.93946876898548,41.38055396933332],[-122.95631613798439,41.37908476931488],[-122.96399772030588,41.367577939709264],[-122.95483563800967,41.3575402861948],[-122.93799182889448,41.3590084209786]]]},"properties":{"h3_index":"872811ae4ffffff","station_count":2,"program_id":"klamath_basin","program":"Klamath Basin","resolution":7,"stations":[{"station_id":"1404","station_name":"mmmw1rp","lat":41.376191,"lon":-122.957599,"waterbody":"Meeks Meadow","subbasin":"Scott","organization":"Scott River Watershed Council"},{"station_id":"1405","station_name":"mmmw2rp","lat":41.376433,"lon":-122.957806,"waterbody":"Meeks Meadow","subbasin":"Scott","organization":"Scott River Watershed Council"}]}},{"type":"Feature","geometry":{"type":"Polygon","coordinates":[[[-122.96399772030588,41.367577939709264],[-122.95631613798439,41.37908476931488],[-122.96548032208557,41.389119430214706],[-122.98232594157895,41.387646220295615],[-122.99000381726982,41.37613941632188],[-122.98083978107235,41.36610579652389],[-122.96399772030588,41.367577939709264]]]},"properties":{"h3_index":"872811ae5ffffff","station_count":9,"program_id":"klamath_basin","program":"Klamath Basin","resolution":7,"stations":[{"station_id":"1411","station_name":"mmmw10rp","lat":41.378422,"lon":-122.96232,"waterbody":"Meeks Meadow","subbasin":"Scott","organization":"Scott River Watershed Council"},{"station_id":"1410","station_name":"mmmw11rp","lat":41.378835,"lon":-122.96285,"waterbody":"Meeks Meadow","subbasin":"Scott","organization":"Scott River Watershed Council"},{"station_id":"1406","station_name":"mmmw3rp","lat":41.376769,"lon":-122.958119,"waterbody":"Meeks Meadow","subbasin":"Scott","organization":"Scott River Watershed Council"},{"station_id":"1407","station_name":"mmmw4rp","lat":41.377107,"lon":-122.958436,"waterbody":"Meeks Meadow","subbasin":"Scott","organization":"Scott River Watershed Council"},{"station_id":"1408","station_name":"mmmw5rp","lat":41.377457,"lon":-122.958724,"waterbody":"Meeks Meadow","subbasin":"Scott","organization":"Scott River Watershed Council"},{"station_id":"1409","station_name":"mmmw6rp","lat":41.377799,"lon":-122.958408,"waterbody":"Meeks Meadow","subbasin":"Scott","organization":"Scott River Watershed Council"},{"station_id":"1414","station_name":"mmmw7rp","lat":41.378149,"lon":-122.958179,"waterbody":"Meeks Meadow","subbasin":"Scott","organization":"Scott River Watershed Council"},{"station_id":"1412","station_name":"mmmw8rp","lat":41.378796,"lon":-122.963451,"waterbody":"Meeks Meadow","subbasin":"Scott","organization":"Scott River Watershed Council"},{"station_id":"1413","station_name":"mmmw9rp","lat":41.378266,"lon":-122.963101,"waterbody":"Meeks Meadow","subbasin":"Scott","organization":"Scott River Watershed Council"}]}},{"type":"Feature","geometry":{"type":"Polygon","coordinates":[[[-122.99149208021657,41.397676846078994],[-122.98381274855404,41.409181722255944],[-122.99298099058173,41.41920935211157],[-123.00982841264334,41.417731065412106],[-123.01750403265828,41.4062262165838],[-123.00833594323325,41.39619962699456],[-122.99149208021657,41.397676846078994]]]},"properties":{"h3_index":"872811aecffffff","station_count":1,"program_id":"klamath_basin","program":"Klamath Basin","resolution":7,"stations":[{"station_id":"1702","station_name":"Etna Mountain","lat":41.4,"lon":-123.001,"subbasin":"Scott","organization":"U.S. Forest Service"}]}},{"type":"Feature","geometry":{"type":"Polygon","coordinates":[[[-122.96696356885344,41.41065599829406],[-122.95927907046764,41.42215896958022],[-122.96844746102845,41.43218763950745],[-122.98530020241752,41.4307122979653],[-122.99298099058173,41.41920935211157],[-122.98381274855404,41.409181722255944],[-122.96696356885344,41.41065599829406]]]},"properties":{"h3_index":"872811aeeffffff","station_count":3,"program_id":"klamath_basin","program":"Klamath Basin","resolution":7,"stations":[{"station_id":"2381","station_name":"Mill Ck (Etna Ck)","lat":41.429528,"lon":-122.967769,"waterbody":"Mill Creek","subbasin":"Scott","organization":"U.S. Forest Service"},{"station_id":"543","station_name":"Mill Creek (Etna), upstream of road above confluence with Etna Ck","lat":41.42851,"lon":-122.96684,"waterbody":"Mill Creek","subbasin":"Scott","organization":"U.S. Forest Service"},{"station_id":"1094","station_name":"Mill/Etna","lat":41.4286,"lon":-122.967002,"waterbody":"Mill Creek","subbasin":"Scott","organization":"U.S. Forest Service"}]}},{"type":"Feature","geometry":{"type":"Polygon","coordinates":[[[-122.86435725718596,41.39790997304624],[-122.85665648424327,41.40941109456844],[-122.86581911616905,41.41945291254754],[-122.88268239073015,41.41799256808067],[-122.89037946460226,41.40649146463499],[-122.88121696396375,41.39645068746884],[-122.86435725718596,41.39790997304624]]]},"properties":{"h3_index":"872811af0ffffff","station_count":34,"program_id":"klamath_basin","program":"Klamath Basin","resolution":7,"stations":[{"station_id":"1598","station_name":"French Creek at Hwy 3 near Callahan","lat":41.41175,"lon":-122.85883,"waterbody":"French Creek","subbasin":"Scott","organization":"CA Dept of Water Resources/North Region Office"},{"station_id":"162","station_name":"French Creek at HWY 3 near Callahan","lat":41.411747,"lon":-122.858826,"waterbody":"French Creek","subbasin":"Scott","organization":"California Department of Water Resources"},{"station_id":"1421","station_name":"French Below Sidechannel Outlet - RKM 3.1","lat":41.400405,"lon":-122.867222,"waterbody":"French Creek","subbasin":"Scott","organization":"Scott River Watershed Council"},{"station_id":"1417","station_name":"French Creek below Sidechannel Outlet","lat":41.400352,"lon":-122.86725,"waterbody":"French Creek","subbasin":"Scott","organization":"Scott River Watershed Council"},{"station_id":"1420","station_name":"French Pool 3 - RKM 3.5","lat":41.397572,"lon":-122.869892,"waterbody":"French Creek","subbasin":"Scott","organization":"Scott River Watershed Council"},{"station_id":"1438","station_name":"MFMW16","lat":41.401585,"lon":-122.868027,"waterbody":"French Creek","subbasin":"Scott","organization":"Scott River Watershed Council"},{"station_id":"1439","station_name":"MFMW17","lat":41.40168,"lon":-122.868618,"waterbody":"French Creek","subbasin":"Scott","organization":"Scott River Watershed Council"},{"station_id":"1440","station_name":"MFMW18","lat":41.402203,"lon":-122.867912,"waterbody":"French Creek","subbasin":"Scott","organization":"Scott River Watershed Council"},{"station_id":"1441","station_name":"MFMW19","lat":41.402204,"lon":-122.868023,"waterbody":"French Creek","subbasin":"Scott","organization":"Scott River Watershed Council"},{"station_id":"1442","station_name":"MFMW20","lat":41.402247,"lon":-122.868412,"waterbody":"French Creek","subbasin":"Scott","organization":"Scott River Watershed Council"},{"station_id":"1445","station_name":"MFMW21","lat":41.397533,"lon":-122.869108,"waterbody":"French Creek","subbasin":"Scott","organization":"Scott River Watershed Council"},{"station_id":"1423","station_name":"MFRMW1","lat":41.398449,"lon":-122.86969,"waterbody":"French Creek","subbasin":"Scott","organization":"Scott River Watershed Council"},{"station_id":"1422","station_name":"MFRMW12","lat":41.400167,"lon":-122.867572,"waterbody":"French Creek","subbasin":"Scott","organization":"Scott River Watershed Council"},{"station_id":"1434","station_name":"MFRMW12s","lat":41.399831,"lon":-122.867574,"waterbody":"French Creek","subbasin":"Scott","organization":"Scott River Watershed Council"},{"station_id":"1435","station_name":"MFRMW13","lat":41.400176,"lon":-122.868266,"waterbody":"French Creek","subbasin":"Scott","organization":"Scott River Watershed Council"},{"station_id":"1436","station_name":"MFRMW14","lat":41.400333,"lon":-122.868989,"waterbody":"French Creek","subbasin":"Scott","organization":"Scott River Watershed Council"},{"station_id":"1437","station_name":"MFRMW15s","lat":41.401593,"lon":-122.867664,"waterbody":"French Creek","subbasin":"Scott","organization":"Scott River Watershed Council"},{"station_id":"1424","station_name":"MFRMW2s","lat":41.398282,"lon":-122.869545,"waterbody":"French Creek","subbasin":"Scott","organization":"Scott River Watershed Council"},{"station_id":"1425","station_name":"MFRMW3","lat":41.398232,"lon":-122.869522,"waterbody":"French Creek","subbasin":"Scott","organization":"Scott River Watershed Council"},{"station_id":"1426","station_name":"MFRMW4","lat":41.398138,"lon":-122.870429,"waterbody":"French Creek","subbasin":"Scott","organization":"Scott River Watershed Council"},{"station_id":"1427","station_name":"MFRMW5s","lat":41.398017,"lon":-122.870248,"waterbody":"French Creek","subbasin":"Scott","organization":"Scott River Watershed Council"},{"station_id":"1428","station_name":"MFRMW6","lat":41.397845,"lon":-122.870031,"waterbody":"French Creek","subbasin":"Scott","organization":"Scott River Watershed Council"},{"station_id":"1429","station_name":"MFRMW7","lat":41.397768,"lon":-122.871113,"waterbody":"French Creek","subbasin":"Scott","organization":"Scott River Watershed Council"},{"station_id":"1430","station_name":"MFRMW8","lat":41.397538,"lon":-122.870831,"waterbody":"French Creek","subbasin":"Scott","organization":"Scott River Watershed Council"},{"station_id":"1448","station_name":"Mid French Creek RKM 3.5","lat":41.397617,"lon":-122.869847,"waterbody":"French Creek","subbasin":"Scott","organization":"Scott River Watershed Council"},{"station_id":"1380","station_name":"Mid French FRGP Sidechannel","lat":41.400251,"lon":-122.867434,"waterbody":"French Creek","subbasin":"Scott","organization":"Scott River Watershed Council"},{"station_id":"1447","station_name":"Mid French Sidechannel BDA Pond 1","lat":41.398073,"lon":-122.87009,"waterbody":"French Creek","subbasin":"Scott","organization":"Scott River Watershed Council"},{"station_id":"1449","station_name":"Mid French Sidechannel BDA Pond 2","lat":41.397818,"lon":-122.870447,"waterbody":"French Creek","subbasin":"Scott","organization":"Scott River Watershed Council"},{"station_id":"1450","station_name":"Mid French Sidechannel BDA Pond WF","lat":41.397572,"lon":-122.871103,"waterbody":"French Creek","subbasin":"Scott","organization":"Scott River Watershed Council"},{"station_id":"1381","station_name":"Mid French Sidechannel BDA1","lat":41.398108,"lon":-122.869989,"waterbody":"French Creek","subbasin":"Scott","organization":"Scott River Watershed Council"},{"station_id":"1382","station_name":"Mid French Sidechannel BDA2","lat":41.397841,"lon":-122.870413,"waterbody":"French Creek","subbasin":"Scott","organization":"Scott River Watershed Council"},{"station_id":"1446","station_name":"Mid French Sidechannel Below BDAs","lat":41.39823,"lon":-122.869674,"waterbody":"French Creek","subbasin":"Scott","organization":"Scott River Watershed Council"},{"station_id":"1415","station_name":"Sidechannel Bottom","lat":41.400266,"lon":-122.867377,"waterbody":"French Creek","subbasin":"Scott","organization":"Scott River Watershed Council"},{"station_id":"1416","station_name":"Sidechannel Outlet","lat":41.400092,"lon":-122.86749,"waterbody":"French Creek","subbasin":"Scott","organization":"Scott River Watershed Council"}]}},{"type":"Feature","geometry":{"type":"Polygon","coordinates":[[[-122.86289603428874,41.37636210744055],[-122.8551967273464,41.3878651623142],[-122.86435725718596,41.39790997304624],[-122.88121696396375,41.39645068746884],[-122.88891257362542,41.38494765077154],[-122.8797521747693,41.37490388136453],[-122.86289603428874,41.37636210744055]]]},"properties":{"h3_index":"872811af4ffffff","station_count":27,"program_id":"klamath_basin","program":"Klamath Basin","resolution":7,"stations":[{"station_id":"1386","station_name":"French above Miners","lat":41.388271,"lon":-122.872634,"waterbody":"French Creek","subbasin":"Scott","organization":"Scott River Watershed Council"},{"station_id":"1418","station_name":"French Above Pool 4 - RKM 3.6","lat":41.396754,"lon":-122.870121,"waterbody":"French Creek","subbasin":"Scott","organization":"Scott River Watershed Council"},{"station_id":"1419","station_name":"French BAS - RKM 4.0","lat":41.393847,"lon":-122.872241,"waterbody":"French Creek","subbasin":"Scott","organization":"Scott River Watershed Council"},{"station_id":"1387","station_name":"French below Miners","lat":41.389225,"lon":-122.871458,"waterbody":"French Creek","subbasin":"Scott","organization":"Scott River Watershed Council"},{"station_id":"1444","station_name":"MFMW22","lat":41.397118,"lon":-122.869371,"waterbody":"French Creek","subbasin":"Scott","organization":"Scott River Watershed Council"},{"station_id":"1443","station_name":"MFMW23","lat":41.396579,"lon":-122.869799,"waterbody":"French Creek","subbasin":"Scott","organization":"Scott River Watershed Council"},{"station_id":"1432","station_name":"MFRMW10","lat":41.396804,"lon":-122.871364,"waterbody":"French Creek","subbasin":"Scott","organization":"Scott River Watershed Council"},{"station_id":"1433","station_name":"MFRMW11","lat":41.395372,"lon":-122.871987,"waterbody":"French Creek","subbasin":"Scott","organization":"Scott River Watershed Council"},{"station_id":"1431","station_name":"MFRMW9","lat":41.397162,"lon":-122.870409,"waterbody":"French Creek","subbasin":"Scott","organization":"Scott River Watershed Council"},{"station_id":"1451","station_name":"Mid French Sidechannel BDA Pond EF","lat":41.397316,"lon":-122.870628,"waterbody":"French Creek","subbasin":"Scott","organization":"Scott River Watershed Council"},{"station_id":"1452","station_name":"Mid French Sidechannel BDA UC Davis Control","lat":41.3966,"lon":-122.871169,"waterbody":"French Creek","subbasin":"Scott","organization":"Scott River Watershed Council"},{"station_id":"1395","station_name":"MIMW10RP","lat":41.386559,"lon":-122.870631,"waterbody":"Miners Creek","subbasin":"Scott","organization":"Scott River Watershed Council"},{"station_id":"1397","station_name":"MIMW11RP","lat":41.385933,"lon":-122.871103,"waterbody":"Miners Creek","subbasin":"Scott","organization":"Scott River Watershed Council"},{"station_id":"1396","station_name":"MIMW12RP","lat":41.385639,"lon":-122.87072,"waterbody":"Miners Creek","subbasin":"Scott","organization":"Scott River Watershed Council"},{"station_id":"1403","station_name":"MIMW1RP","lat":41.38752,"lon":-122.871524,"waterbody":"Miners Creek","subbasin":"Scott","organization":"Scott River Watershed Council"},{"station_id":"1392","station_name":"MIMW2RP","lat":41.387791,"lon":-122.870875,"waterbody":"Miners Creek","subbasin":"Scott","organization":"Scott River Watershed Council"},{"station_id":"1393","station_name":"MIMW3RP","lat":41.387582,"lon":-122.871185,"waterbody":"Miners Creek","subbasin":"Scott","organization":"Scott River Watershed Council"},{"station_id":"1401","station_name":"MIMW4RP","lat":41.387144,"lon":-122.871515,"waterbody":"Miners Creek","subbasin":"Scott","organization":"Scott River Watershed Council"},{"station_id":"1402","station_name":"MIMW5RP","lat":41.387247,"lon":-122.871111,"waterbody":"Miners Creek","subbasin":"Scott","organization":"Scott River Watershed Council"},{"station_id":"1394","station_name":"MIMW6RP","lat":41.387193,"lon":-122.870783,"waterbody":"Miners Creek","subbasin":"Scott","organization":"Scott River Watershed Council"},{"station_id":"1400","station_name":"MIMW7RP","lat":41.386798,"lon":-122.871173,"waterbody":"Miners Creek","subbasin":"Scott","organization":"Scott River Watershed Council"},{"station_id":"1398","station_name":"MIMW8RP","lat":41.386425,"lon":-122.871239,"waterbody":"Miners Creek","subbasin":"Scott","organization":"Scott River Watershed Council"},{"station_id":"1399","station_name":"MIMW9RP","lat":41.386572,"lon":-122.870963,"waterbody":"Miners Creek","subbasin":"Scott","organization":"Scott River Watershed Council"},{"station_id":"1390","station_name":"Miners above BDA RKM 0.2","lat":41.387252,"lon":-122.871095,"waterbody":"Miners Creek","subbasin":"Scott","organization":"Scott River Watershed Council"},{"station_id":"1388","station_name":"Miners above BDA RKM 0.3","lat":41.385741,"lon":-122.870959,"waterbody":"Miners Creek","subbasin":"Scott","organization":"Scott River Watershed Council"},{"station_id":"1389","station_name":"Miners below BDA RKM 0.2","lat":41.3881,"lon":-122.871624,"waterbody":"Miners Creek","subbasin":"Scott","organization":"Scott River Watershed Council"},{"station_id":"1391","station_name":"Miners Below BDA RKM 0.3","lat":41.386668,"lon":-122.871055,"waterbody":"Miners Creek","subbasin":"Scott","organization":"Scott River Watershed Council"}]}},{"type":"Feature","geometry":{"type":"Polygon","coordinates":[[[-122.94330878536736,41.065482722290305],[-122.93564755614291,41.07701627495924],[-122.94478240110573,41.08709265632572],[-122.96157833272038,41.085634436446604],[-122.96923588030864,41.07410091061193],[-122.96010117888478,41.064025577711575],[-122.94330878536736,41.065482722290305]]]},"properties":{"h3_index":"872811b25ffffff","station_count":2,"program_id":"klamath_basin","program":"Klamath Basin","resolution":7,"stations":[{"station_id":"339","station_name":"Big Flat","lat":41.0776,"lon":-122.94223,"subbasin":"Trinity","organization":"U.S. Bureau of Reclamation"},{"station_id":"1754","station_name":"Big Flat (Course)","lat":41.077,"lon":-122.938,"subbasin":"Trinity","organization":"U.S. Forest Service"}]}},{"type":"Feature","geometry":{"type":"Polygon","coordinates":[[[-123.07895707244734,41.194823204896885],[-123.07130851436466,41.20634902276035],[-123.08046142677371,41.21639340693738],[-123.09726273168583,41.21491092841514],[-123.10490758505145,41.20338514619357],[-123.09575483918597,41.19334180674055],[-123.07895707244734,41.194823204896885]]]},"properties":{"h3_index":"872811b40ffffff","station_count":2,"program_id":"klamath_basin","program":"Klamath Basin","resolution":7,"stations":[{"station_id":"1110","station_name":"Shadow","lat":41.206798,"lon":-123.072998,"waterbody":"Shadow Creek","subbasin":"Salmon","organization":"U.S. Forest Service"},{"station_id":"2414","station_name":"Shadow Ck","lat":41.205874,"lon":-123.072556,"waterbody":"Shadow Creek","subbasin":"Salmon","organization":"U.S. Forest Service"}]}},{"type":"Feature","geometry":{"type":"Polygon","coordinates":[[[-123.05300671735078,41.18625324878566],[-123.04535445773503,41.197779100466946],[-123.05450543685494,41.20782751003577],[-123.07130851436466,41.20634902276035],[-123.07895707244734,41.194823204896885],[-123.06980625551823,41.18477584037945],[-123.05300671735078,41.18625324878566]]]},"properties":{"h3_index":"872811b46ffffff","station_count":3,"program_id":"klamath_basin","program":"Klamath Basin","resolution":7,"stations":[{"station_id":"660","station_name":"Shadow Creek","lat":41.201075,"lon":-123.071739,"waterbody":"Shadow Creek","subbasin":"Salmon","organization":"Salmon River Restoration Council"},{"station_id":"2345","station_name":"East Fk South Fk Salmon R upstream of Shadow Ck","lat":41.20222,"lon":-123.066862,"waterbody":"East Fork South Fork Salmon River","subbasin":"Salmon","organization":"U.S. Forest Service"},{"station_id":"1069","station_name":"EF SF Salmon2","lat":41.202899,"lon":-123.066001,"waterbody":"East Fork South Fork Salmon River","subbasin":"Salmon","organization":"U.S. Forest Service"}]}},{"type":"Feature","geometry":{"type":"Polygon","coordinates":[[[-123.10038154679033,41.13865745778183],[-123.09274101554638,41.15018893039587],[-123.10188957204481,41.16023822751797],[-123.11867849083347,41.158755005919296],[-123.12631531955242,41.147223571017015],[-123.11716693296901,41.137175319889856],[-123.10038154679033,41.13865745778183]]]},"properties":{"h3_index":"872811b60ffffff","station_count":6,"program_id":"klamath_basin","program":"Klamath Basin","resolution":7,"stations":[{"station_id":"319","station_name":"South Fork Salmon River above East Fork","lat":41.14632,"lon":-123.10688,"waterbody":"South Fork Salmon River","subbasin":"Salmon","organization":"Karuk Tribe"},{"station_id":"676","station_name":"South Fork Salmon above East Fork","lat":41.152527,"lon":-123.111358,"waterbody":"South Fork Salmon River","subbasin":"Salmon","organization":"Salmon River Restoration Council"},{"station_id":"2346","station_name":"East Fk South Fk Salmon R upstream of South Fk","lat":41.15443,"lon":-123.107085,"waterbody":"East Fork South Fork Salmon River","subbasin":"Salmon","organization":"U.S. Forest Service"},{"station_id":"1068","station_name":"EF SF Salmon1","lat":41.154499,"lon":-123.107002,"waterbody":"East Fork South Fork Salmon River","subbasin":"Salmon","organization":"U.S. Forest Service"},{"station_id":"2437","station_name":"Upper South Fk Salmon R upstream of East Fk","lat":41.146359,"lon":-123.106953,"waterbody":"Upper South Fork Salmon River","subbasin":"Salmon","organization":"U.S. Forest Service"},{"station_id":"1114","station_name":"USF Salmon1","lat":41.1464,"lon":-123.107002,"waterbody":"South Fork Salmon River","subbasin":"Salmon","organization":"U.S. Forest Service"}]}},{"type":"Feature","geometry":{"type":"Polygon","coordinates":[[[-123.07595032075952,41.15166816597595],[-123.06830464819022,41.163197780161894],[-123.07745337058338,41.173248123073414],[-123.09424760061391,41.171767805897886],[-123.10188957204481,41.16023822751797],[-123.09274101554638,41.15018893039587],[-123.07595032075952,41.15166816597595]]]},"properties":{"h3_index":"872811b62ffffff","station_count":5,"program_id":"klamath_basin","program":"Klamath Basin","resolution":7,"stations":[{"station_id":"688","station_name":"East Fork Salmon below Taylor Creek","lat":41.1638,"lon":-123.093696,"waterbody":"East Fork South Fork Salmon River","subbasin":"Salmon","organization":"Salmon River Restoration Council"},{"station_id":"758","station_name":"East Fork Salmon below Taylor Creek Air","lat":41.1638,"lon":-123.093696,"subbasin":"Salmon","organization":"Salmon River Restoration Council"},{"station_id":"738","station_name":"South Taylor Creek","lat":41.171544,"lon":-123.093611,"waterbody":"Taylor Creek","subbasin":"Salmon","organization":"Salmon River Restoration Council"},{"station_id":"1120","station_name":"Taylor","lat":41.170799,"lon":-123.089996,"waterbody":"Taylor Creek","subbasin":"Salmon","organization":"U.S. Forest Service"},{"station_id":"2426","station_name":"Taylor Ck","lat":41.171657,"lon":-123.092796,"waterbody":"Taylor Creek","subbasin":"Salmon","organization":"U.S. Forest Service"}]}},{"type":"Feature","geometry":{"type":"Polygon","coordinates":[[[-123.12480232380886,41.125641993399945],[-123.11716693296901,41.137175319889856],[-123.12631531955242,41.147223571017015],[-123.14309892400551,41.145737449342604],[-123.15073061094057,41.1342041624701],[-123.1415823982871,41.124156957542645],[-123.12480232380886,41.125641993399945]]]},"properties":{"h3_index":"872811b65ffffff","station_count":8,"program_id":"klamath_basin","program":"Klamath Basin","resolution":7,"stations":[{"station_id":"779","station_name":"Cecil Creek","lat":41.139214,"lon":-123.127483,"waterbody":"Cecil Creek","subbasin":"Salmon","organization":"Salmon River Restoration Council"},{"station_id":"727","station_name":"Cecil Creek Air","lat":41.139214,"lon":-123.127483,"subbasin":"Salmon","organization":"Salmon River Restoration Council"},{"station_id":"811","station_name":"Crawfod Creek","lat":41.140583,"lon":-123.138394,"waterbody":"Crawford Creek","subbasin":"Salmon","organization":"Salmon River Restoration Council"},{"station_id":"1056","station_name":"Cecil","lat":41.136901,"lon":-123.126998,"waterbody":"Cecil Creek","subbasin":"Salmon","organization":"U.S. Forest Service"},{"station_id":"2331","station_name":"Cecil Ck","lat":41.138276,"lon":-123.127506,"waterbody":"Cecil Creek","subbasin":"Salmon","organization":"U.S. Forest Service"},{"station_id":"1063","station_name":"Crawford","lat":41.146099,"lon":-123.136001,"waterbody":"Crawford Creek","subbasin":"Salmon","organization":"U.S. Forest Service"},{"station_id":"2339","station_name":"Crawford Ck (South Fk Salmon R)","lat":41.139397,"lon":-123.139269,"waterbody":"Crawford Creek","subbasin":"Salmon","organization":"U.S. Forest Service"},{"station_id":"2228","station_name":"Cecilville Community Center","lat":41.140832,"lon":-123.125455,"waterbody":"South Fork Salmon River","subbasin":"Salmon","organization":"UC Berkeley/Karuk Tribe/Salmon River Restoration Council"}]}},{"type":"Feature","geometry":{"type":"Polygon","coordinates":[[[-122.62594106386511,41.25554705293297],[-122.6182115904302,41.26705405065662],[-122.62735002555353,41.277141067513014],[-122.6442178441578,41.27572004152141],[-122.65194365323283,41.26421304585517],[-122.64280530904989,41.25412707401441],[-122.62594106386511,41.25554705293297]]]},"properties":{"h3_index":"872811b92ffffff","station_count":1,"program_id":"klamath_basin","program":"Klamath Basin","resolution":7,"stations":[{"station_id":"1898","station_name":"ds Little Trinity River","lat":41.25639,"lon":-122.628791,"waterbody":"Trinity River","subbasin":"Trinity","organization":"U.S. Forest Service"}]}},{"type":"Feature","geometry":{"type":"Polygon","coordinates":[[[-122.72995338289178,41.29016280031226],[-122.72223858654802,41.30166977893911],[-122.73138501153399,41.311740706489005],[-122.74824612537896,41.3103036114438],[-122.75595724427642,41.298796642120564],[-122.74681092775799,41.28872675842936],[-122.72995338289178,41.29016280031226]]]},"properties":{"h3_index":"872811b99ffffff","station_count":1,"program_id":"klamath_basin","program":"Klamath Basin","resolution":7,"stations":[{"station_id":"677","station_name":"Mule Creek","lat":41.293611,"lon":-122.734167,"waterbody":"Mule Creek","subbasin":"Scott","organization":"Quartz Valley Indian Reservations"}]}},{"type":"Feature","geometry":{"type":"Polygon","coordinates":[[[-122.70537578602588,41.30310285772981],[-122.69765583988817,41.31460791499834],[-122.70680236924584,41.3246798861867],[-122.72366874135379,41.32324575635865],[-122.73138501153399,41.311740706489005],[-122.72223858654802,41.30166977893911],[-122.70537578602588,41.30310285772981]]]},"properties":{"h3_index":"872811b9bffffff","station_count":24,"program_id":"klamath_basin","program":"Klamath Basin","resolution":7,"stations":[{"station_id":"693","station_name":"Grouse Creek","lat":41.314444,"lon":-122.705833,"waterbody":"Grouse Creek","subbasin":"Scott","organization":"Quartz Valley Indian Reservations"},{"station_id":"2009","station_name":"EFMW10","lat":41.31566,"lon":-122.726896,"waterbody":"East Fork Scott River","subbasin":"Scott","organization":"Scott River Watershed Council"},{"station_id":"2012","station_name":"EFMW4","lat":41.323216,"lon":-122.723037,"waterbody":"East Fork Scott River","subbasin":"Scott","organization":"Scott River Watershed Council"},{"station_id":"2013","station_name":"EFMW5","lat":41.32117,"lon":-122.723572,"waterbody":"East Fork Scott River","subbasin":"Scott","organization":"Scott River Watershed Council"},{"station_id":"2014","station_name":"EFMW6","lat":41.321188,"lon":-122.722902,"waterbody":"East Fork Scott River","subbasin":"Scott","organization":"Scott River Watershed Council"},{"station_id":"2015","station_name":"EFMW7","lat":41.318189,"lon":-122.72379,"waterbody":"East Fork Scott River","subbasin":"Scott","organization":"Scott River Watershed Council"},{"station_id":"2016","station_name":"EFMW8","lat":41.317934,"lon":-122.723215,"waterbody":"East Fork Scott River","subbasin":"Scott","organization":"Scott River Watershed Council"},{"station_id":"2017","station_name":"EFMW9","lat":41.315897,"lon":-122.727393,"waterbody":"East Fork Scott River","subbasin":"Scott","organization":"Scott River Watershed Council"},{"station_id":"2018","station_name":"GRMW1","lat":41.314449,"lon":-122.715428,"waterbody":"Grouse Creek","subbasin":"Scott","organization":"Scott River Watershed Council"},{"station_id":"2019","station_name":"GRMW10","lat":41.31476,"lon":-122.705851,"waterbody":"Grouse Creek","subbasin":"Scott","organization":"Scott River Watershed Council"},{"station_id":"2020","station_name":"GRMW11","lat":41.313932,"lon":-122.705324,"waterbody":"Grouse Creek","subbasin":"Scott","organization":"Scott River Watershed Council"},{"station_id":"2021","station_name":"GRMW12","lat":41.315145,"lon":-122.703915,"waterbody":"Grouse Creek","subbasin":"Scott","organization":"Scott River Watershed Council"},{"station_id":"2022","station_name":"GRMW13","lat":41.314544,"lon":-122.70435,"waterbody":"Grouse Creek","subbasin":"Scott","organization":"Scott River Watershed Council"},{"station_id":"2023","station_name":"GRMW2","lat":41.314088,"lon":-122.71534,"waterbody":"Grouse Creek","subbasin":"Scott","organization":"Scott River Watershed Council"},{"station_id":"2024","station_name":"GRMW3","lat":41.31453,"lon":-122.712544,"waterbody":"Grouse Creek","subbasin":"Scott","organization":"Scott River Watershed Council"},{"station_id":"2025","station_name":"GRMW4","lat":41.314549,"lon":-122.711262,"waterbody":"Grouse Creek","subbasin":"Scott","organization":"Scott River Watershed Council"},{"station_id":"2026","station_name":"GRMW5","lat":41.313929,"lon":-122.711251,"waterbody":"Grouse Creek","subbasin":"Scott","organization":"Scott River Watershed Council"},{"station_id":"2027","station_name":"GRMW6","lat":41.314641,"lon":-122.710182,"waterbody":"Grouse Creek","subbasin":"Scott","organization":"Scott River Watershed Council"},{"station_id":"2028","station_name":"GRMW7","lat":41.314295,"lon":-122.710019,"waterbody":"Grouse Creek","subbasin":"Scott","organization":"Scott River Watershed Council"},{"station_id":"2029","station_name":"GRMW8","lat":41.314942,"lon":-122.707519,"waterbody":"Grouse Creek","subbasin":"Scott","organization":"Scott River Watershed Council"},{"station_id":"2030","station_name":"GRMW9","lat":41.314532,"lon":-122.707382,"waterbody":"Grouse Creek","subbasin":"Scott","organization":"Scott River Watershed Council"},{"station_id":"1076","station_name":"Grouse","lat":41.314701,"lon":-122.706001,"waterbody":"Grouse Creek","subbasin":"Scott","organization":"U.S. Forest Service"},{"station_id":"2355","station_name":"Grouse Ck at section line 19/20","lat":41.314742,"lon":-122.706285,"waterbody":"Grouse Creek","subbasin":"Scott","organization":"U.S. Forest Service"},{"station_id":"514","station_name":"Grouse Creek (Scott), at Sec line 19/20","lat":41.31493,"lon":-122.70632,"waterbody":"Grouse Creek","subbasin":"Scott","organization":"U.S. Forest Service"}]}},{"type":"Feature","geometry":{"type":"Polygon","coordinates":[[[-122.70252448112063,41.25993407755645],[-122.69480748566447,41.27144298997538],[-122.70394982345188,41.28152092002278],[-122.72080905387841,41.28008889287536],[-122.72852237692818,41.26857998803867],[-122.71938014294086,41.25850310265788],[-122.70252448112063,41.25993407755645]]]},"properties":{"h3_index":"872811b9cffffff","station_count":1,"program_id":"klamath_basin","program":"Klamath Basin","resolution":7,"stations":[{"station_id":"446","station_name":"Scott Mountain","lat":41.2722,"lon":-122.71948,"subbasin":"Scott","organization":"U.S. Bureau of Reclamation"}]}},{"type":"Feature","geometry":{"type":"Polygon","coordinates":[[[-122.80073215126534,41.20813767721865],[-122.79303573144655,41.219654226670336],[-122.80217762950971,41.229727976714045],[-122.81901582823714,41.228284131640756],[-122.82670856974083,41.21676759738126],[-122.8175667918092,41.20669489289304],[-122.80073215126534,41.20813767721865]]]},"properties":{"h3_index":"872811ba8ffffff","station_count":2,"program_id":"klamath_basin","program":"Klamath Basin","resolution":7,"stations":[{"station_id":"329","station_name":"Middle Boulder 3","lat":41.22484,"lon":-122.80616,"subbasin":"Scott","organization":"U.S. Bureau of Reclamation"},{"station_id":"1703","station_name":"Middle Boulder 1","lat":41.217,"lon":-122.807,"subbasin":"Scott","organization":"U.S. Forest Service"}]}},{"type":"Feature","geometry":{"type":"Polygon","coordinates":[[[-122.80217762950971,41.229727976714045],[-122.79447974388479,41.24124261043692],[-122.8036237361021,41.25131338409066],[-122.82046549449485,41.249868478877254],[-122.82815970002733,41.23835386026014],[-122.81901582823714,41.228284131640756],[-122.80217762950971,41.229727976714045]]]},"properties":{"h3_index":"872811babffffff","station_count":1,"program_id":"klamath_basin","program":"Klamath Basin","resolution":7,"stations":[{"station_id":"1701","station_name":"Dynamite Meadow","lat":41.233,"lon":-122.817,"subbasin":"Scott","organization":"U.S. Forest Service"}]}},{"type":"Feature","geometry":{"type":"Polygon","coordinates":[[[-122.8252580698201,41.19517644554966],[-122.8175667918092,41.20669489289304],[-122.82670856974083,41.21676759738126],[-122.84354150245784,41.21532080864034],[-122.85122910069373,41.2038023783915],[-122.84208744696312,41.19373071967907],[-122.8252580698201,41.19517644554966]]]},"properties":{"h3_index":"872811badffffff","station_count":1,"program_id":"klamath_basin","program":"Klamath Basin","resolution":7,"stations":[{"station_id":"1705","station_name":"Wolford Cabin","lat":41.2,"lon":-122.833,"subbasin":"Trinity","organization":"U.S. Forest Service"}]}},{"type":"Feature","geometry":{"type":"Polygon","coordinates":[[[-121.05497991123713,42.03829555115204],[-121.04692670007482,42.04967428066258],[-121.05606025902857,42.05982963829759],[-121.07324720842108,42.05860523705572],[-121.0812968661871,42.04722639026375],[-121.07216312903648,42.037072061897476],[-121.05497991123713,42.03829555115204]]]},"properties":{"h3_index":"872813016ffffff","station_count":1,"program_id":"klamath_basin","program":"Klamath Basin","resolution":7,"stations":[{"station_id":"144","station_name":"Antelope Creek, upper","lat":42.039783,"lon":-121.066896,"waterbody":"Antelope Creek","subbasin":"Lost","organization":"Bureau of Land Management"}]}},{"type":"Feature","geometry":{"type":"Polygon","coordinates":[[[-121.20843994982695,42.005664724087524],[-121.20041457772219,42.017052469074905],[-121.20955335004959,42.027195643352755],[-121.22671764700549,42.02595004241278],[-121.23473945063269,42.01456219117685],[-121.22560052685361,42.00442004703053],[-121.20843994982695,42.005664724087524]]]},"properties":{"h3_index":"87281302effffff","station_count":4,"program_id":"klamath_basin","program":"Klamath Basin","resolution":7,"stations":[{"station_id":"2287","station_name":"Lost River at Malone Dam","lat":42.0068,"lon":-121.2241,"waterbody":"Lost River","subbasin":"Lost","organization":"Oregon Department of Environmental Quality"},{"station_id":"2477","station_name":"MALONE RESERVOIR NR LANGELL VALLEY, OR","lat":42.005833,"lon":-121.223611,"waterbody":"Malone Reservoir","subbasin":"Lost","organization":"Oregon Water Resources Department"},{"station_id":"503","station_name":"Lost River @ Malone Dam","lat":42.006267,"lon":-121.22395,"waterbody":"Lost River","subbasin":"Lost","organization":"U.S. Bureau of Reclamation"},{"station_id":"488","station_name":"Lost River @ Malone Dam ","lat":42.006267,"lon":-121.22395,"waterbody":"Lost River","subbasin":"Lost","organization":"U.S. Bureau of Reclamation"}]}},{"type":"Feature","geometry":{"type":"Polygon","coordinates":[[[-121.10434165502699,41.991539745481845],[-121.09630042367984,42.00292496667748],[-121.10543223030942,42.013081266089166],[-121.12260543882071,42.01185131394878],[-121.13064311458136,42.00046597939933],[-121.12151113849318,41.99031071024613],[-121.10434165502699,41.991539745481845]]]},"properties":{"h3_index":"872813030ffffff","station_count":2,"program_id":"klamath_basin","program":"Klamath Basin","resolution":7,"stations":[{"station_id":"155","station_name":"Lost River, East Branch","lat":42.004613,"lon":-121.117155,"waterbody":"East Branch Lost River","subbasin":"Lost","organization":"Bureau of Land Management"},{"station_id":"2286","station_name":"East Branch Lost River downstream of Willow Valley Reservoir","lat":42.0047,"lon":-121.1161,"waterbody":"E. Branch Lost River","subbasin":"Lost","organization":"Oregon Department of Environmental Quality"}]}},{"type":"Feature","geometry":{"type":"Polygon","coordinates":[[[-121.07912593603236,42.004150774740275],[-121.07107952857528,42.01553379684702],[-121.08021116132562,42.025691126229766],[-121.09738937648972,42.02446440343696],[-121.10543223030942,42.013081266089166],[-121.09630042367984,42.00292496667748],[-121.07912593603236,42.004150774740275]]]},"properties":{"h3_index":"872813032ffffff","station_count":1,"program_id":"klamath_basin","program":"Klamath Basin","resolution":7,"stations":[{"station_id":"2285","station_name":"Antelope Creek upstream of Willow Valley Reservoir","lat":42.0221,"lon":-121.0867,"waterbody":"Antelope Creek","subbasin":"Lost","organization":"Oregon Department of Environmental Quality"}]}},{"type":"Feature","geometry":{"type":"Polygon","coordinates":[[[-121.03511817002249,42.15850803923158],[-121.02705162209843,42.16987406360301],[-121.03619553593786,42.18001541312554],[-121.05340618088718,42.17878971123814],[-121.06146916878978,42.167423566899394],[-121.05232507284896,42.15728324431761],[-121.03511817002249,42.15850803923158]]]},"properties":{"h3_index":"872813088ffffff","station_count":2,"program_id":"klamath_basin","program":"Klamath Basin","resolution":7,"stations":[{"station_id":"66","station_name":"Barnes Valley Creek, lower","lat":42.173996,"lon":-121.044495,"waterbody":"Barnes Valley Creek","subbasin":"Lost","organization":"Bureau of Land Management"},{"station_id":"2280","station_name":"Barnes Valley Creek upstream BLM 40-15E-17","lat":42.1731,"lon":-121.0436,"waterbody":"Barnes Valley Creek","subbasin":"Lost","organization":"Oregon Department of Environmental Quality"}]}},{"type":"Feature","geometry":{"type":"Polygon","coordinates":[[[-121.00983971235704,42.171095605731516],[-121.00176797294256,42.182459402085605],[-121.01091170022755,42.19260177826824],[-121.02812735456735,42.191379331339085],[-121.03619553593786,42.18001541312554],[-121.02705162209843,42.16987406360301],[-121.00983971235704,42.171095605731516]]]},"properties":{"h3_index":"87281308affffff","station_count":2,"program_id":"klamath_basin","program":"Klamath Basin","resolution":7,"stations":[{"station_id":"57","station_name":"Long Branch Creek","lat":42.186868,"lon":-121.013218,"waterbody":"Long Branch Creek","subbasin":"Lost","organization":"Bureau of Land Management"},{"station_id":"2281","station_name":"Long Branch Creek downstream of Barnes Valley Rd","lat":42.1872,"lon":-121.013,"waterbody":"Long Branch Creek","subbasin":"Lost","organization":"Oregon Department of Environmental Quality"}]}},{"type":"Feature","geometry":{"type":"Polygon","coordinates":[[[-120.98455106035094,42.183677687242245],[-120.9764741290601,42.19503925111141],[-120.9856176653325,42.205182653672466],[-121.00283832499572,42.203963465888556],[-121.01091170022755,42.19260177826824],[-121.00176797294256,42.182459402085605],[-120.98455106035094,42.183677687242245]]]},"properties":{"h3_index":"872813099ffffff","station_count":1,"program_id":"klamath_basin","program":"Klamath Basin","resolution":7,"stations":[{"station_id":"614","station_name":"Lost Subbasin LB5190 ","lat":42.203905,"lon":-120.997205,"waterbody":"Long Branch Creek","subbasin":"Lost","organization":"U.S. Forest Service"}]}},{"type":"Feature","geometry":{"type":"Polygon","coordinates":[[[-120.95713119236522,42.153231396807854],[-120.94905234797683,42.16459494426402],[-120.95819147027211,42.174745395734114],[-120.97540963371426,42.17353127275312],[-120.9834849274694,42.16216759998505],[-120.97434560950315,42.15201817541287],[-120.95713119236522,42.153231396807854]]]},"properties":{"h3_index":"87281309cffffff","station_count":2,"program_id":"klamath_basin","program":"Klamath Basin","resolution":7,"stations":[{"station_id":"1036","station_name":"Lost Subbasin BV5135","lat":42.169244,"lon":-120.967761,"waterbody":"Barnes Valley Creek","subbasin":"Lost","organization":"U.S. Forest Service"},{"station_id":"634","station_name":"Lost Subbasin BV5135","lat":42.169244,"lon":-120.967761,"waterbody":"Barnes Valley Creek","subbasin":"Lost","organization":"U.S. Forest Service"}]}},{"type":"Feature","geometry":{"type":"Polygon","coordinates":[[[-120.9834849274694,42.16216759998505],[-120.97540963371426,42.17353127275312],[-120.98455106035094,42.183677687242245],[-121.00176797294256,42.182459402085605],[-121.00983971235704,42.171095605731516],[-121.00069809460727,42.16095021802279],[-120.9834849274694,42.16216759998505]]]},"properties":{"h3_index":"87281309dffffff","station_count":1,"program_id":"klamath_basin","program":"Klamath Basin","resolution":7,"stations":[{"station_id":"88","station_name":"Barnes Valley Creek, upper","lat":42.165216,"lon":-120.999139,"waterbody":"Barnes Valley Creek","subbasin":"Lost","organization":"Bureau of Land Management"}]}},{"type":"Feature","geometry":{"type":"Polygon","coordinates":[[[-121.03296486778217,42.1154779511096],[-121.02490158480177,42.12684818055138],[-121.03404128074243,42.13699555047113],[-121.05124444306026,42.13577166309885],[-121.05930416945891,42.12440131401424],[-121.05016429120455,42.114254971847096],[-121.03296486778217,42.1154779511096]]]},"properties":{"h3_index":"8728130aaffffff","station_count":1,"program_id":"klamath_basin","program":"Klamath Basin","resolution":7,"stations":[{"station_id":"2079","station_name":"above jc boyle","lat":42.134167,"lon":-121.031944,"waterbody":"Klamath River","subbasin":"Upper Klamath","organization":"U.S. Fish and Wildlife Service"}]}},{"type":"Feature","geometry":{"type":"Polygon","coordinates":[[[-121.13942793125975,42.17262416615072],[-121.13137727146321,42.183992763103596],[-121.14052821980273,42.19412096363167],[-121.15772999300606,42.19287954028105],[-121.16577707976397,42.181510830445916],[-121.15662596743775,42.17138365674487],[-121.13942793125975,42.17262416615072]]]},"properties":{"h3_index":"8728130c6ffffff","station_count":1,"program_id":"klamath_basin","program":"Klamath Basin","resolution":7,"stations":[{"station_id":"48","station_name":"Miller Creek, upper","lat":42.18607,"lon":-121.135721,"waterbody":"Miller Creek","subbasin":"Lost","organization":"Bureau of Land Management"}]}},{"type":"Feature","geometry":{"type":"Polygon","coordinates":[[[-121.22071445229123,42.24222443608764],[-121.21267128057616,42.25358915891284],[-121.22183327969563,42.26369918159376],[-121.23903860166783,42.26244345575285],[-121.24707818586056,42.25107862490655],[-121.23791603668293,42.24096962782253],[-121.22071445229123,42.24222443608764]]]},"properties":{"h3_index":"8728130cbffffff","station_count":1,"program_id":"klamath_basin","program":"Klamath Basin","resolution":7,"stations":[{"station_id":"2278","station_name":"Horse Canyon Creek at FS Rd 024","lat":42.2583,"lon":-121.2254,"waterbody":"Horse Canyon Creek","subbasin":"Lost","organization":"Oregon Department of Environmental Quality"}]}},{"type":"Feature","geometry":{"type":"Polygon","coordinates":[[[-121.11526912789834,42.20672563615416],[-121.1072116428386,42.21808990957934],[-121.11636453571917,42.2282161193921],[-121.1335750830543,42.226977029530175],[-121.14162899529784,42.21561264115907],[-121.13247593410519,42.20548745749716],[-121.11526912789834,42.20672563615416]]]},"properties":{"h3_index":"8728130d1ffffff","station_count":2,"program_id":"klamath_basin","program":"Klamath Basin","resolution":7,"stations":[{"station_id":"137","station_name":"Gerber Reservoir North Campground","lat":42.22,"lon":-121.135,"waterbody":"Gerber Reservoir","subbasin":"Lost","organization":"Bureau of Land Management"},{"station_id":"1244","station_name":"Gerber Reservoir @ North Boat Ramp","lat":42.218151,"lon":-121.133306,"waterbody":"Gerber Reservoir","subbasin":"Lost","organization":"U.S. Bureau of Reclamation"}]}},{"type":"Feature","geometry":{"type":"Polygon","coordinates":[[[-121.08782118406972,42.17633089744731],[-121.07976175988144,42.18769716002465],[-121.08891025480524,42.197830429228844],[-121.10611834798651,42.196596409070914],[-121.11417420477173,42.185230029984425],[-121.10502553686159,42.17509778746672],[-121.08782118406972,42.17633089744731]]]},"properties":{"h3_index":"8728130d4ffffff","station_count":1,"program_id":"klamath_basin","program":"Klamath Basin","resolution":7,"stations":[{"station_id":"2146","station_name":"Gerber Lake Net Pen","lat":42.183493,"lon":-121.102187,"waterbody":"Gerber Lake","subbasin":"Lost","organization":"U.S. Fish and Wildlife Service"}]}},{"type":"Feature","geometry":{"type":"Polygon","coordinates":[[[-121.11417420477173,42.185230029984425],[-121.10611834798651,42.196596409070914],[-121.11526912789834,42.20672563615416],[-121.13247593410519,42.20548745749716],[-121.14052821980273,42.19412096363167],[-121.13137727146321,42.183992763103596],[-121.11417420477173,42.185230029984425]]]},"properties":{"h3_index":"8728130d5ffffff","station_count":4,"program_id":"klamath_basin","program":"Klamath Basin","resolution":7,"stations":[{"station_id":"10","station_name":"Gerber Reservoir South Campground","lat":42.202,"lon":-121.128,"waterbody":"Gerber Reservoir","subbasin":"Lost","organization":"Bureau of Land Management"},{"station_id":"1711","station_name":"Gerber","lat":42.205,"lon":-121.13,"waterbody":"Gerber Reservoir","subbasin":"Lost","organization":"U.S. Bureau of Reclamation"},{"station_id":"1233","station_name":"Gerber Reservoir @ South Boat Ramp","lat":42.201977,"lon":-121.123429,"waterbody":"Gerber Reservoir","subbasin":"Lost","organization":"U.S. Bureau of Reclamation"},{"station_id":"338","station_name":"Miller Creek @ Round Valley Rd","lat":42.187439,"lon":-121.133564,"waterbody":"Miller Creek","subbasin":"Lost","organization":"U.S. Bureau of Reclamation"}]}},{"type":"Feature","geometry":{"type":"Polygon","coordinates":[[[-121.14162899529784,42.21561264115907],[-121.1335750830543,42.226977029530175],[-121.14273025806754,42.23709919449247],[-121.15993951015597,42.23585594496816],[-121.1679898459006,42.22449144338126],[-121.15883450713766,42.21437030443553],[-121.14162899529784,42.21561264115907]]]},"properties":{"h3_index":"8728130dcffffff","station_count":2,"program_id":"klamath_basin","program":"Klamath Basin","resolution":7,"stations":[{"station_id":"164","station_name":"Ben Hall Creek","lat":42.224557,"lon":-121.151625,"waterbody":"Ben Hall Creek","subbasin":"Lost","organization":"Bureau of Land Management"},{"station_id":"2279","station_name":"Ben Hall Creek upstream of bridge","lat":42.2257,"lon":-121.1527,"waterbody":"Ben Hall Creek","subbasin":"Lost","organization":"Oregon Department of Environmental Quality"}]}},{"type":"Feature","geometry":{"type":"Polygon","coordinates":[[[-121.18879418575898,42.125891803791475],[-121.18075553918196,42.13726691858218],[-121.18990469941198,42.147396079397595],[-121.20709266254009,42.14614909754484],[-121.21512773392918,42.134773873828706],[-121.20597841845503,42.124645740791685],[-121.18879418575898,42.125891803791475]]]},"properties":{"h3_index":"8728130e0ffffff","station_count":1,"program_id":"klamath_basin","program":"Klamath Basin","resolution":7,"stations":[{"station_id":"333","station_name":"Miller Creek @ N. Canal Diversion","lat":42.134684,"lon":-121.198513,"waterbody":"Miller Creek","subbasin":"Lost","organization":"U.S. Bureau of Reclamation"}]}},{"type":"Feature","geometry":{"type":"Polygon","coordinates":[[[-121.16356627045381,42.138509749627836],[-121.15552243010933,42.14988265807499],[-121.16467143066745,42.16001284639732],[-121.18186443232034,42.15876909866671],[-121.18990469941198,42.147396079397595],[-121.18075553918196,42.13726691858218],[-121.16356627045381,42.138509749627836]]]},"properties":{"h3_index":"8728130e2ffffff","station_count":1,"program_id":"klamath_basin","program":"Klamath Basin","resolution":7,"stations":[{"station_id":"154","station_name":"Miller Creek, lower (sec 33)","lat":42.143193,"lon":-121.179456,"waterbody":"Miller Creek","subbasin":"Lost","organization":"Bureau of Land Management"}]}},{"type":"Feature","geometry":{"type":"Polygon","coordinates":[[[-121.12516834660748,41.89270182669551],[-121.1171387650062,41.904097543041026],[-121.12626233399428,41.91426479415124],[-121.14341565116271,41.9130352965838],[-121.15144168209723,41.90163946935684],[-121.14231794760184,41.89147325048091],[-121.12516834660748,41.89270182669551]]]},"properties":{"h3_index":"872813102ffffff","station_count":1,"program_id":"klamath_basin","program":"Klamath Basin","resolution":7,"stations":[{"station_id":"2137","station_name":"Clear Lake Straits Array","lat":41.895602,"lon":-121.140512,"waterbody":"Clear Lake","subbasin":"Lost","organization":"U.S. Geological Survey"}]}},{"type":"Feature","geometry":{"type":"Polygon","coordinates":[[[-121.07478982420764,41.91793858057012],[-121.06674990963869,41.92932992399146],[-121.07587313439429,41.93949923869073],[-121.09303644911442,41.93827617822359],[-121.10107281689935,41.92688472015404],[-121.09194941782287,41.91671643710237],[-121.07478982420764,41.91793858057012]]]},"properties":{"h3_index":"872813113ffffff","station_count":2,"program_id":"klamath_basin","program":"Klamath Basin","resolution":7,"stations":[{"station_id":"1240","station_name":"Clear Lake Dam","lat":41.926073,"lon":-121.075919,"waterbody":"Clear Lake","subbasin":"Lost","organization":"U.S. Bureau of Reclamation"},{"station_id":"1710","station_name":"Clear Lake- Klamath River","lat":41.927,"lon":-121.075,"waterbody":"Clear Lake","subbasin":"Lost","organization":"U.S. Bureau of Reclamation"}]}},{"type":"Feature","geometry":{"type":"Polygon","coordinates":[[[-121.04743082390121,41.88741465004721],[-121.0393889895317,41.89880795142527],[-121.04850783709523,41.90898427967304],[-121.06566869905242,41.90776627424924],[-121.07370699200754,41.89637285662833],[-121.06458796549465,41.886197560576946],[-121.04743082390121,41.88741465004721]]]},"properties":{"h3_index":"872813116ffffff","station_count":1,"program_id":"klamath_basin","program":"Klamath Basin","resolution":7,"stations":[{"station_id":"1549","station_name":"Clear Lake Willow Creek Array","lat":41.901195,"lon":-121.04689,"waterbody":"Clear Lake","subbasin":"Lost","organization":"U.S. Geological Survey"}]}},{"type":"Feature","geometry":{"type":"Polygon","coordinates":[[[-121.19955041216711,41.833234816185005],[-121.19153793675471,41.84463911946007],[-121.20065989004968,41.854806262484885],[-121.2177944722728,41.85356806859857],[-121.2258033929646,41.84216366023372],[-121.21668128722055,41.8319975507466],[-121.19955041216711,41.833234816185005]]]},"properties":{"h3_index":"872813121ffffff","station_count":1,"program_id":"klamath_basin","program":"Klamath Basin","resolution":7,"stations":[{"station_id":"2476","station_name":"CLEAR LAKE, WEST LOBE, OR","lat":41.846667,"lon":-121.209722,"waterbody":"Clear Lake","subbasin":"Lost","organization":"Oregon Water Resources Department"}]}},{"type":"Feature","geometry":{"type":"Polygon","coordinates":[[[-120.94972236738278,42.00249041603817],[-120.94165497946821,42.01386865910053],[-120.9507793673681,42.02404013200496],[-120.96797134061323,42.02283233200012],[-120.97603518987277,42.011453964728766],[-120.96691060562489,42.00128352157475],[-120.94972236738278,42.00249041603817]]]},"properties":{"h3_index":"87281319cffffff","station_count":3,"program_id":"klamath_basin","program":"Klamath Basin","resolution":7,"stations":[{"station_id":"15","station_name":"Antelope Creek, lower","lat":42.019441,"lon":-120.968522,"waterbody":"Antelope Creek","subbasin":"Lost","organization":"Bureau of Land Management"},{"station_id":"46","station_name":"Rock Creek","lat":42.00995,"lon":-120.965527,"waterbody":"Rock Creek","subbasin":"Lost","organization":"Bureau of Land Management"},{"station_id":"2284","station_name":"Rock Creek downstream of BLM 41-14E-13","lat":42.0103,"lon":-120.9653,"waterbody":"Rock Creek","subbasin":"Lost","organization":"Oregon Department of Environmental Quality"}]}},{"type":"Feature","geometry":{"type":"Polygon","coordinates":[[[-121.79593139586832,42.349518978031],[-121.78797431676576,42.360894066159965],[-121.79717679864412,42.37092690789498],[-121.81433641094695,42.36958363799421],[-121.82228982998936,42.35820848085235],[-121.81308729784732,42.348176662519],[-121.79593139586832,42.349518978031]]]},"properties":{"h3_index":"872813268ffffff","station_count":5,"program_id":"klamath_basin","program":"Klamath Basin","resolution":7,"stations":[{"station_id":"1323","station_name":"Algoma: Field 1 to 3","lat":42.363521,"lon":-121.805245,"subbasin":"Upper Klamath Lake","organization":"Oregon Department of Agriculture"},{"station_id":"1324","station_name":"Algoma: Field 2 to 3","lat":42.3687,"lon":-121.805103,"subbasin":"Upper Klamath Lake","organization":"Oregon Department of Agriculture"},{"station_id":"1325","station_name":"Algoma: Plum Valley @ Road","lat":42.35468,"lon":-121.80672,"subbasin":"Upper Klamath Lake","organization":"Oregon Department of Agriculture"},{"station_id":"1326","station_name":"Algoma: Road to Big Canal","lat":42.355673,"lon":-121.807041,"subbasin":"Upper Klamath Lake","organization":"Oregon Department of Agriculture"},{"station_id":"1327","station_name":"Algoma: top end of Big Canal","lat":42.355786,"lon":-121.807219,"subbasin":"Upper Klamath Lake","organization":"Oregon Department of Agriculture"}]}},{"type":"Feature","geometry":{"type":"Polygon","coordinates":[[[-121.82228982998936,42.35820848085235],[-121.81433641094695,42.36958363799421],[-121.82354107423126,42.379612408537795],[-121.84069920331385,42.378264998638016],[-121.84864895873271,42.36688977423341],[-121.83944424974989,42.3568620268859],[-121.82228982998936,42.35820848085235]]]},"properties":{"h3_index":"872813269ffffff","station_count":1,"program_id":"klamath_basin","program":"Klamath Basin","resolution":7,"stations":[{"station_id":"1328","station_name":"Lake Background @ Algoma","lat":42.363816,"lon":-121.821953,"waterbody":"Upper Klamath Lake","subbasin":"Upper Klamath Lake","organization":"Oregon Department of Agriculture"}]}},{"type":"Feature","geometry":{"type":"Polygon","coordinates":[[[-121.79717679864412,42.37092690789498],[-121.7892181387724,42.38229990202961],[-121.79842275198705,42.392329695560996],[-121.81558607620192,42.39098547186475],[-121.82354107423126,42.379612408537795],[-121.81433641094695,42.36958363799421],[-121.79717679864412,42.37092690789498]]]},"properties":{"h3_index":"87281326bffffff","station_count":3,"program_id":"klamath_basin","program":"Klamath Basin","resolution":7,"stations":[{"station_id":"1650","station_name":"Hagelstein Spring (East side ukl spring)","lat":42.382126,"lon":-121.813364,"waterbody":"Upper Klamath Lake","subbasin":"Upper Klamath Lake","organization":"Oregon State University"},{"station_id":"1238","station_name":"Barkley Springs ","lat":42.382306,"lon":-121.811311,"subbasin":"Upper Klamath Lake","organization":"U.S. Bureau of Reclamation"},{"station_id":"1545","station_name":"Hagelstein Pond","lat":42.383548,"lon":-121.812616,"waterbody":"Hagelstein Pond","subbasin":"Upper Klamath Lake","organization":"U.S. Geological Survey"}]}},{"type":"Feature","geometry":{"type":"Polygon","coordinates":[[[-121.82103913851391,42.336799413936134],[-121.81308729784732,42.348176662519],[-121.82228982998936,42.35820848085235],[-121.83944424974989,42.3568620268859],[-121.847392428576,42.345484711218695],[-121.83818985053874,42.33545391649696],[-121.82103913851391,42.336799413936134]]]},"properties":{"h3_index":"87281326dffffff","station_count":3,"program_id":"klamath_basin","program":"Klamath Basin","resolution":7,"stations":[{"station_id":"1321","station_name":"Algoma 1: Pump Outlet","lat":42.354865,"lon":-121.824551,"subbasin":"Upper Klamath Lake","organization":"Oregon Department of Agriculture"},{"station_id":"1322","station_name":"Algoma 2: Pump Outlet","lat":42.35355,"lon":-121.824795,"subbasin":"Upper Klamath Lake","organization":"Oregon Department of Agriculture"},{"station_id":"841","station_name":"UPPER KLAMATH LAKE AT RATTLESNAKE POINT","lat":42.348475,"lon":-121.827508,"waterbody":"Upper Klamath Lake","subbasin":"Upper Klamath Lake","organization":"U.S. Geological Survey"}]}},{"type":"Feature","geometry":{"type":"Polygon","coordinates":[[[-121.54428114355068,42.4764191103764],[-121.53627164788047,42.48777234768212],[-121.54547338567971,42.497815411689956],[-121.56268471446535,42.49650421703609],[-121.57069056828561,42.485150891446594],[-121.56148873624376,42.4751088486914],[-121.54428114355068,42.4764191103764]]]},"properties":{"h3_index":"8728132c3ffffff","station_count":1,"program_id":"klamath_basin","program":"Klamath Basin","resolution":7,"stations":[{"station_id":"1133","station_name":"Sprague River Mile 43.5","lat":42.49181,"lon":-121.55038,"subbasin":"Sprague","organization":"The Freshwater Trust"}]}},{"type":"Feature","geometry":{"type":"Polygon","coordinates":[[[-121.62230250652586,42.48120024599584],[-121.6143055460779,42.49255585949283],[-121.62351181955565,42.502589755209975],[-121.64071513519517,42.50126701622245],[-121.6487084446991,42.48991131984486],[-121.63950209057785,42.479878445231364],[-121.62230250652586,42.48120024599584]]]},"properties":{"h3_index":"8728132cdffffff","station_count":5,"program_id":"klamath_basin","program":"Klamath Basin","resolution":7,"stations":[{"station_id":"1794","station_name":"Trout Cr","lat":42.48841,"lon":-121.61851,"waterbody":"Trout Creek","subbasin":"Sprague","organization":"Klamath Tribes"},{"station_id":"191","station_name":"TROUT CREEK","lat":42.488201,"lon":-121.617996,"waterbody":"Trout Creek","subbasin":"Sprague","organization":"Klamath Tribes"},{"station_id":"1137","station_name":"Trout Creek near Lone Pine","lat":42.488611,"lon":-121.618392,"waterbody":"Trout Creek","subbasin":"Sprague","organization":"Oregon Water Resources Department "},{"station_id":"2219","station_name":"Sprague Subbasin (Trout Creek)","lat":42.483726,"lon":-121.622585,"waterbody":"SFK Trout Creek","subbasin":"Sprague","organization":"U.S. Forest Service"},{"station_id":"2220","station_name":"Sprague Subbasin (Trout Creek)","lat":42.484258,"lon":-121.630208,"waterbody":"NFK Trout Creek","subbasin":"Sprague","organization":"U.S. Forest Service"}]}},{"type":"Feature","geometry":{"type":"Polygon","coordinates":[[[-121.49146475180332,42.45893085307793],[-121.48344798333623,42.47028390860767],[-121.49264525540653,42.48033511524931],[-121.50985940044185,42.479032244653915],[-121.51787253432907,42.46767909736833],[-121.50867515883606,42.45762891233115],[-121.49146475180332,42.45893085307793]]]},"properties":{"h3_index":"8728132d5ffffff","station_count":3,"program_id":"klamath_basin","program":"Klamath Basin","resolution":7,"stations":[{"station_id":"269","station_name":"SPRAGUE R. @ TINKERS","lat":42.466028,"lon":-121.515278,"waterbody":"Sprague River","subbasin":"Sprague","organization":"Klamath Tribes"},{"station_id":"194","station_name":"Sprague River at Sprague River Rd","lat":42.4634,"lon":-121.5066,"waterbody":"Sprague River","subbasin":"Sprague","organization":"Oregon Department of Environmental Quality"},{"station_id":"1645","station_name":"Drew's Road Bridge","lat":42.463041,"lon":-121.5062,"waterbody":"Sprague River","subbasin":"Sprague","organization":"Oregon State University"}]}},{"type":"Feature","geometry":{"type":"Polygon","coordinates":[[[-121.54547338567971,42.497815411689956],[-121.53746228526745,42.509166529522496],[-121.5466661561896,42.51920654127815],[-121.56388122267482,42.51789441424266],[-121.5718886794641,42.50654320793655],[-121.56268471446535,42.49650421703609],[-121.54547338567971,42.497815411689956]]]},"properties":{"h3_index":"8728132ddffffff","station_count":1,"program_id":"klamath_basin","program":"Klamath Basin","resolution":7,"stations":[{"station_id":"2101","station_name":"35.00S/10.00E-29ACC01","lat":42.509583,"lon":-121.554944,"subbasin":"Sprague","organization":"U.S. Geological Survey"}]}},{"type":"Feature","geometry":{"type":"Polygon","coordinates":[[[-121.61988548639614,42.43840573063373],[-121.61189172165759,42.44976557016858],[-121.6210937289242,42.459805569762246],[-121.63828958299104,42.45848470781019],[-121.64627970033861,42.44712478576982],[-121.63707761207928,42.43708580808314],[-121.61988548639614,42.43840573063373]]]},"properties":{"h3_index":"8728132e8ffffff","station_count":1,"program_id":"klamath_basin","program":"Klamath Basin","resolution":7,"stations":[{"station_id":"2218","station_name":"Sprague Subbasin (Trout Creek)","lat":42.457844,"lon":-121.638089,"waterbody":"Trout Creek","subbasin":"Sprague","organization":"U.S. Forest Service"}]}},{"type":"Feature","geometry":{"type":"Polygon","coordinates":[[[-121.45100268055577,42.19287391498083],[-121.44300155249854,42.20425213230428],[-121.45217109407578,42.21434384655156],[-121.46934187465375,42.21305631672359],[-121.47733939287157,42.201678008029745],[-121.46816974141883,42.19158732043263],[-121.45100268055577,42.19287391498083]]]},"properties":{"h3_index":"872813313ffffff","station_count":1,"program_id":"klamath_basin","program":"Klamath Basin","resolution":7,"stations":[{"station_id":"2277","station_name":"Buck Creek at first bridge upstream of Lost River","lat":42.195,"lon":-121.454,"waterbody":"Buck Creek","subbasin":"Lost","organization":"Oregon Department of Environmental Quality"}]}},{"type":"Feature","geometry":{"type":"Polygon","coordinates":[[[-121.4486674016536,42.149918714616255],[-121.44066947667699,42.161301107655106],[-121.44983478319534,42.1713988695906],[-121.46699812593985,42.17011321090329],[-121.47499244457602,42.15873072682363],[-121.46582702787481,42.14863399237063],[-121.4486674016536,42.149918714616255]]]},"properties":{"h3_index":"872813314ffffff","station_count":2,"program_id":"klamath_basin","program":"Klamath Basin","resolution":7,"stations":[{"station_id":"1249","station_name":"Lost River Below Harpold Dam","lat":42.169649,"lon":-121.453469,"waterbody":"Lost River","subbasin":"Lost","organization":"U.S. Bureau of Reclamation"},{"station_id":"464","station_name":"Lost River @ Harpold Dam","lat":42.169571,"lon":-121.453473,"waterbody":"Lost River","subbasin":"Lost","organization":"U.S. Bureau of Reclamation-USGS"}]}},{"type":"Feature","geometry":{"type":"Polygon","coordinates":[[[-121.78971262777972,42.242402341487654],[-121.78176344334365,42.253787863879836],[-121.79095528316834,42.2638359198402],[-121.80809635971357,42.26249742781121],[-121.81604189298106,42.25111183727797],[-121.80685000192688,42.241064806810016],[-121.78971262777972,42.242402341487654]]]},"properties":{"h3_index":"87281334dffffff","station_count":1,"program_id":"klamath_basin","program":"Klamath Basin","resolution":7,"stations":[{"station_id":"1717","station_name":"Upper Klamath","lat":42.25,"lon":-121.815,"waterbody":"Upper Klamath Lake","subbasin":"Upper Klamath Lake","organization":"U.S. Bureau of Reclamation"}]}},{"type":"Feature","geometry":{"type":"Polygon","coordinates":[[[-121.73336649489778,42.160603410564015],[-121.72541475888892,42.17199502427239],[-121.73459586355766,42.18206030399157],[-121.75172876617626,42.1807329427349],[-121.75967686344154,42.16934125787903],[-121.75049569788652,42.15927700532332],[-121.73336649489778,42.160603410564015]]]},"properties":{"h3_index":"872813360ffffff","station_count":1,"program_id":"klamath_basin","program":"Klamath Basin","resolution":7,"stations":[{"station_id":"1226","station_name":"Summers North Drain","lat":42.172405,"lon":-121.737469,"subbasin":"Keno","organization":"U.S. Bureau of Reclamation"}]}},{"type":"Feature","geometry":{"type":"Polygon","coordinates":[[[-121.73213766844272,42.139141415082065],[-121.7241875112388,42.15053510159655],[-121.73336649489778,42.160603410564015],[-121.75049569788652,42.15927700532332],[-121.75844221811332,42.14788324782414],[-121.74926317338252,42.137815966446404],[-121.73213766844272,42.139141415082065]]]},"properties":{"h3_index":"872813364ffffff","station_count":3,"program_id":"klamath_basin","program":"Klamath Basin","resolution":7,"stations":[{"station_id":"2478","station_name":"MILLER HILL PUMP PLANT ON LOST R DIV CH NR KLAMATH FALLS, OR","lat":42.142778,"lon":-121.751389,"waterbody":"Lost River Diversion Canal","subbasin":"Keno","organization":"Oregon Water Resources Department"},{"station_id":"1228","station_name":"Klamath & Lost River Diversion Channel at Springlake Rd","lat":42.140709,"lon":-121.742839,"waterbody":"Lost River Diversion Channel","subbasin":"Keno","organization":"U.S. Bureau of Reclamation"},{"station_id":"1223","station_name":"Springlake Drain SW","lat":42.141479,"lon":-121.742568,"subbasin":"Keno","organization":"U.S. Bureau of Reclamation"}]}},{"type":"Feature","geometry":{"type":"Polygon","coordinates":[[[-121.75844221811332,42.14788324782414],[-121.75049569788652,42.15927700532332],[-121.75967686344154,42.16934125787903],[-121.77680460681135,42.168010725439835],[-121.78474748650831,42.15661689871083],[-121.7755662644185,42.146553673546634],[-121.75844221811332,42.14788324782414]]]},"properties":{"h3_index":"872813365ffffff","station_count":5,"program_id":"klamath_basin","program":"Klamath Basin","resolution":7,"stations":[{"station_id":"2465","station_name":"LOST R DIVERSION AT TINGLEY LN NR KLAMATH FALLS","lat":42.167778,"lon":-121.775278,"waterbody":"Lost River Diversion Canal","subbasin":"Lost","organization":"Oregon Water Resources Department"},{"station_id":"323","station_name":"Lost River Diversion Channel @ Tingley Lane","lat":42.16779,"lon":-121.776666,"waterbody":"Lost River Diversion Channel","subbasin":"Lost","organization":"U.S. Bureau of Reclamation"},{"station_id":"1232","station_name":"Washburn Rd SW Drain","lat":42.151781,"lon":-121.758157,"subbasin":"Keno","organization":"U.S. Bureau of Reclamation"},{"station_id":"1227","station_name":"Washburn West Drain","lat":42.160789,"lon":-121.757378,"subbasin":"Keno","organization":"U.S. Bureau of Reclamation"},{"station_id":"900","station_name":"Lost River at Tingley Lane near Klamath Falls","lat":42.167783,"lon":-121.775292,"waterbody":"Lost River Diversion Channel","subbasin":"Lost","organization":"U.S. Geological Survey"}]}},{"type":"Feature","geometry":{"type":"Polygon","coordinates":[[[-121.70705685594129,42.15185737908208],[-121.69910148474808,42.16324891988936],[-121.70828040298115,42.173318256215964],[-121.72541475888892,42.17199502427239],[-121.73336649489778,42.160603410564015],[-121.7241875112388,42.15053510159655],[-121.70705685594129,42.15185737908208]]]},"properties":{"h3_index":"872813366ffffff","station_count":2,"program_id":"klamath_basin","program":"Klamath Basin","resolution":7,"stations":[{"station_id":"1224","station_name":"Henley East Drain","lat":42.151615,"lon":-121.720394,"subbasin":"Keno","organization":"U.S. Bureau of Reclamation"},{"station_id":"1230","station_name":"Homedale East Drain","lat":42.158149,"lon":-121.722821,"subbasin":"Keno","organization":"U.S. Bureau of Reclamation"}]}},{"type":"Feature","geometry":{"type":"Polygon","coordinates":[[[-121.78722896181046,42.199519837555414],[-121.7792829309639,42.21090951691932],[-121.788470520781,42.22096364599181],[-121.80560419411226,42.21962706925713],[-121.81354657733796,42.20823732208892],[-121.80435893590693,42.198184219355085],[-121.78722896181046,42.199519837555414]]]},"properties":{"h3_index":"872813368ffffff","station_count":6,"program_id":"klamath_basin","program":"Klamath Basin","resolution":7,"stations":[{"station_id":"295","station_name":"Link River at mouth (Klamath Falls)","lat":42.2188,"lon":-121.7884,"waterbody":"Link River","subbasin":"Keno","organization":"Oregon Department of Environmental Quality"},{"station_id":"1266","station_name":"Veteran's Park Boat Ramp @ Lake Ewauna","lat":42.218607,"lon":-121.788179,"waterbody":"Lake Ewauna","subbasin":"Keno","organization":"U.S. Bureau of Reclamation"},{"station_id":"408","station_name":"Below Link Dam above Lake Ewauna","lat":42.219369,"lon":-121.79018,"waterbody":"Klamath River","subbasin":"Keno","organization":"U.S. Bureau of Reclamation-USGS"},{"station_id":"895","station_name":"Link River","lat":42.219444,"lon":-121.790278,"waterbody":"Link River","subbasin":"Keno","organization":"U.S. Geological Survey"},{"station_id":"2111","station_name":"Link River Below Keno Canal, Near Klamath Falls, OR","lat":42.219311,"lon":-121.790282,"waterbody":"Link River","subbasin":"Keno","organization":"U.S. Geological Survey"},{"station_id":"2139","station_name":"Lower Link River Submersibles","lat":42.219272,"lon":-121.790104,"waterbody":"Link River","subbasin":"Keno","organization":"U.S. Geological Survey"}]}},{"type":"Feature","geometry":{"type":"Polygon","coordinates":[[[-121.788470520781,42.22096364599181],[-121.78052291344488,42.232351248068824],[-121.78971262777972,42.242402341487654],[-121.80685000192688,42.241064806810016],[-121.81479395986896,42.22967713676117],[-121.80560419411226,42.21962706925713],[-121.788470520781,42.22096364599181]]]},"properties":{"h3_index":"87281336bffffff","station_count":18,"program_id":"klamath_basin","program":"Klamath Basin","resolution":7,"stations":[{"station_id":"2445","station_name":"UKL at Fremont Bridge","lat":42.23861,"lon":-121.80588,"waterbody":"Upper Klamath Lake","subbasin":"Upper Klamath Lake","organization":"Klamath Tribes"},{"station_id":"1346","station_name":"Upper Klamath Lake at Moore Park ","lat":42.235544,"lon":-121.808286,"waterbody":"Upper Klamath Lake","subbasin":"Upper Klamath Lake","organization":"Oregon Department of Environmental Quality"},{"station_id":"1657","station_name":"Link River","lat":42.221397,"lon":-121.793096,"waterbody":"Link River","subbasin":"Keno","organization":"Oregon State University"},{"station_id":"1671","station_name":"Moore Park","lat":42.239241,"lon":-121.807465,"waterbody":"Upper Klamath Lake","subbasin":"Upper Klamath Lake","organization":"Oregon State University"},{"station_id":"2474","station_name":"A CANAL HEADWORKS AT UPPER KLAMATH LAKE NEAR KLAMATH FALLS, OR","lat":42.238611,"lon":-121.801944,"waterbody":"A Canal","subbasin":"Upper Klamath Lake","organization":"Oregon Water Resources Department"},{"station_id":"1248","station_name":"Link River below Dam","lat":42.231923,"lon":-121.800804,"waterbody":"Link River","subbasin":"Keno","organization":"U.S. Bureau of Reclamation"},{"station_id":"396","station_name":"Upper Klamath Lake at Freemont Bridge","lat":42.238564,"lon":-121.80635,"waterbody":"Upper Klamath Lake","subbasin":"Upper Klamath Lake","organization":"U.S. Bureau of Reclamation"},{"station_id":"360","station_name":"Upper Klamath Lake at Link River Dam","lat":42.233611,"lon":-121.8025,"waterbody":"Upper Klamath Lake","subbasin":"Upper Klamath Lake","organization":"U.S. Bureau of Reclamation"},{"station_id":"370","station_name":"Upper Klamath Lake at Link River Dam","lat":42.233611,"lon":-121.8025,"waterbody":"Upper Klamath Lake","subbasin":"Upper Klamath Lake","organization":"U.S. Bureau of Reclamation-USGS"},{"station_id":"2087","station_name":"Klamath River Above Link River Dam","lat":42.235775,"lon":-121.803462,"waterbody":"Klamath River","subbasin":"Upper Klamath Lake","organization":"U.S. Fish and Wildlife Service"},{"station_id":"2088","station_name":"Klamath River Above Link River Dam","lat":42.23609,"lon":-121.803379,"waterbody":"Klamath River","subbasin":"Upper Klamath Lake","organization":"U.S. Fish and Wildlife Service"},{"station_id":"2091","station_name":"Klamath River Below Link River Dam","lat":42.231783,"lon":-121.800285,"waterbody":"Klamath River","subbasin":"Keno","organization":"U.S. Fish and Wildlife Service"},{"station_id":"2092","station_name":"Klamath River Below Link River Dam","lat":42.232511,"lon":-121.80044,"waterbody":"Klamath River","subbasin":"Keno","organization":"U.S. Fish and Wildlife Service"},{"station_id":"2118","station_name":"A-Canal Submersibles","lat":42.23841,"lon":-121.803911,"waterbody":"Upper Klamath Lake","subbasin":"Upper Klamath Lake","organization":"U.S. Geological Survey"},{"station_id":"1737","station_name":"Keno Canal at Klamath Falls, OR","lat":42.22111,"lon":-121.79305,"waterbody":"Keno Canal","subbasin":"Keno","organization":"U.S. Geological Survey"},{"station_id":"2138","station_name":"Link River Array","lat":42.221762,"lon":-121.793622,"waterbody":"Link River","subbasin":"Keno","organization":"U.S. Geological Survey"},{"station_id":"815","station_name":"LINK RIVER AT KLAMATH FALLS","lat":42.223478,"lon":-121.794171,"waterbody":"Link River","subbasin":"Keno","organization":"U.S. Geological Survey"},{"station_id":"940","station_name":"Link River Dam","lat":42.2318,"lon":-121.80156,"waterbody":"Upper Klamath Lake","subbasin":"Keno","organization":"U.S. Geological Survey"}]}},{"type":"Feature","geometry":{"type":"Polygon","coordinates":[[[-121.7859879505066,42.178070920389],[-121.77804349553969,42.18946267463814],[-121.78722896181046,42.199519837555414],[-121.80435893590693,42.198184219355085],[-121.81229974502497,42.18679239746746],[-121.80311422694845,42.17673626131411],[-121.7859879505066,42.178070920389]]]},"properties":{"h3_index":"87281336cffffff","station_count":1,"program_id":"klamath_basin","program":"Klamath Basin","resolution":7,"stations":[{"station_id":"469","station_name":"Klamath River @ South Side Bypass","lat":42.191714,"lon":-121.784589,"waterbody":"Klamath River","subbasin":"Keno","organization":"U.S. Bureau of Reclamation"}]}},{"type":"Feature","geometry":{"type":"Polygon","coordinates":[[[-121.76091205352525,42.19079416464913],[-121.75296237861052,42.20218377445456],[-121.76214778872385,42.21224196391186],[-121.7792829309639,42.21090951691932],[-121.78722896181046,42.199519837555414],[-121.77804349553969,42.18946267463814],[-121.76091205352525,42.19079416464913]]]},"properties":{"h3_index":"87281336effffff","station_count":1,"program_id":"klamath_basin","program":"Klamath Basin","resolution":7,"stations":[{"station_id":"1655","station_name":"Lake Ewauna","lat":42.20924,"lon":-121.778681,"waterbody":"Lake Ewauna","subbasin":"Keno","organization":"Oregon State University"}]}},{"type":"Feature","geometry":{"type":"Polygon","coordinates":[[[-121.39948855456883,42.19671899208004],[-121.39147861171621,42.208094929636],[-121.4006458020211,42.2181917220241],[-121.41782305507998,42.21691155018825],[-121.42582939358883,42.20553551761167],[-121.41666208445295,42.19543975179038],[-121.39948855456883,42.19671899208004]]]},"properties":{"h3_index":"8728133a1ffffff","station_count":4,"program_id":"klamath_basin","program":"Klamath Basin","resolution":7,"stations":[{"station_id":"223","station_name":"Lost River above Bonanza","lat":42.1986,"lon":-121.3989,"waterbody":"Lost River","subbasin":"Lost","organization":"Oregon Department of Environmental Quality"},{"station_id":"2463","station_name":"BONANZA BIG SPRINGS PARK","lat":42.196629,"lon":-121.400934,"waterbody":"Lost River","subbasin":"Lost","organization":"Oregon Water Resources Department"},{"station_id":"2464","station_name":"BONANZA SPRING WELL","lat":42.196629,"lon":-121.400934,"waterbody":"Lost River","subbasin":"Lost","organization":"Oregon Water Resources Department"},{"station_id":"242","station_name":"Lost River at Bonanza","lat":42.196634,"lon":-121.400911,"waterbody":"Lost River","subbasin":"Lost","organization":"Oregon Water Resources Department "}]}},{"type":"Feature","geometry":{"type":"Polygon","coordinates":[[[-120.82847303217129,42.17301264296199],[-120.82037154499446,42.184369201115175],[-120.82950540636516,42.19453080216486],[-120.84674097420721,42.19333481872042],[-120.85483892423113,42.181978126149104],[-120.84570484465942,42.1718175513445],[-120.82847303217129,42.17301264296199]]]},"properties":{"h3_index":"872813463ffffff","station_count":1,"program_id":"klamath_basin","program":"Klamath Basin","resolution":7,"stations":[{"station_id":"353","station_name":"Lost Subbasin LP5540","lat":42.181215,"lon":-120.841938,"waterbody":"Lapham Creek","subbasin":"Lost","organization":"U.S. Forest Service"}]}},{"type":"Feature","geometry":{"type":"Polygon","coordinates":[[[-120.85483892423113,42.181978126149104],[-120.84674097420721,42.19333481872042],[-120.85587716097739,42.20349238513709],[-120.87311151250232,42.20229223274525],[-120.8812059216388,42.190935407475905],[-120.87206952123053,42.18077886720029],[-120.85483892423113,42.181978126149104]]]},"properties":{"h3_index":"87281346effffff","station_count":3,"program_id":"klamath_basin","program":"Klamath Basin","resolution":7,"stations":[{"station_id":"2282","station_name":"Lapham Creek at FS Rd 397","lat":42.1875,"lon":-120.8733,"waterbody":"Lapham Creek","subbasin":"Lost","organization":"Oregon Department of Environmental Quality"},{"station_id":"1032","station_name":"Lost Subbasin LP5200","lat":42.187671,"lon":-120.874167,"waterbody":"Lapham Creek","subbasin":"Lost","organization":"U.S. Forest Service"},{"station_id":"567","station_name":"Lost Subbasin LP5200","lat":42.187671,"lon":-120.874167,"waterbody":"Lapham Creek","subbasin":"Lost","organization":"U.S. Forest Service"}]}},{"type":"Feature","geometry":{"type":"Polygon","coordinates":[[[-120.79391250360278,41.99167853522893],[-120.78582067108593,42.00305180832737],[-120.79493538685256,42.013241434337985],[-120.81214215961926,42.01205675758615],[-120.82023047232538,42.00068334961083],[-120.81111553316427,41.99049475316918],[-120.79391250360278,41.99167853522893]]]},"properties":{"h3_index":"872813566ffffff","station_count":3,"program_id":"klamath_basin","program":"Klamath Basin","resolution":7,"stations":[{"station_id":"2283","station_name":"North Fork Willow Creek upstream of OR/CA border","lat":41.9961,"lon":-120.8048,"waterbody":"N. Fork Willow Creek","subbasin":"Lost","organization":"Oregon Department of Environmental Quality"},{"station_id":"1034","station_name":"Lost Subbasin NFW5200","lat":41.996283,"lon":-120.803622,"waterbody":"North Fork Willow Creek","subbasin":"Lost","organization":"U.S. Forest Service"},{"station_id":"590","station_name":"Lost Subbasin NFW5200","lat":41.996283,"lon":-120.803622,"waterbody":"North Fork Willow Creek","subbasin":"Lost","organization":"U.S. Forest Service"}]}},{"type":"Feature","geometry":{"type":"Polygon","coordinates":[[[-120.97095151661055,42.432512846712065],[-120.96285131080205,42.44384878932409],[-120.97201792257941,42.45395996184492],[-120.98928493565097,42.45273416986905],[-120.99738156842092,42.44139809967452],[-120.98821476225434,42.43128794894045],[-120.97095151661055,42.432512846712065]]]},"properties":{"h3_index":"872813602ffffff","station_count":1,"program_id":"klamath_basin","program":"Klamath Basin","resolution":7,"stations":[{"station_id":"625","station_name":"Sprague Subbasin DG4680","lat":42.442184,"lon":-120.978056,"waterbody":"Deming Creek","subbasin":"Sprague","organization":"U.S. Forest Service"}]}},{"type":"Feature","geometry":{"type":"Polygon","coordinates":[[[-121.02165773853758,42.40738108991223],[-121.01356796921714,42.41872155837089],[-121.02273496527802,42.428830687053384],[-121.0399919171575,42.427598324863524],[-121.04807810943882,42.41625773262742],[-121.03891092797333,42.406149626260294],[-121.02165773853758,42.40738108991223]]]},"properties":{"h3_index":"872813605ffffff","station_count":2,"program_id":"klamath_basin","program":"Klamath Basin","resolution":7,"stations":[{"station_id":"1781","station_name":"SF Sprague R at Demming US","lat":42.41524,"lon":-121.01744,"waterbody":"South Fork Sprague River","subbasin":"Sprague","organization":"Klamath Tribes"},{"station_id":"309","station_name":"SPRAGUE RIVER @ POWER STATION","lat":42.415,"lon":-121.017,"waterbody":"Sprague River","subbasin":"Sprague","organization":"Klamath Tribes"}]}},{"type":"Feature","geometry":{"type":"Polygon","coordinates":[[[-121.07667797877997,42.46800443417554],[-121.06859208753269,42.47934087681424],[-121.07776793957784,42.48943581945854],[-121.09502985995722,42.488193298074876],[-121.10311216324173,42.476856734725025],[-121.09393613520292,42.46676281337095],[-121.07667797877997,42.46800443417554]]]},"properties":{"h3_index":"872813609ffffff","station_count":2,"program_id":"klamath_basin","program":"Klamath Basin","resolution":7,"stations":[{"station_id":"291","station_name":"N.F. SPRAGUE R.@ IVORY PINE RD.","lat":42.485199,"lon":-121.095001,"waterbody":"North Fork Sprague River","subbasin":"Sprague","organization":"Klamath Tribes"},{"station_id":"1778","station_name":"NF Sprague R at Ivory Pine Rd","lat":42.485079,"lon":-121.095791,"waterbody":"North Fork Sprague River","subbasin":"Sprague","organization":"Klamath Tribes"}]}},{"type":"Feature","geometry":{"type":"Polygon","coordinates":[[[-120.92020433320168,42.45762238602123],[-120.9120936893922,42.46895378497412],[-120.92125989888567,42.479067000270085],[-120.93853695668265,42.477847795261475],[-120.94664403148433,42.466516264922745],[-120.93747761859632,42.456404070880915],[-120.92020433320168,42.45762238602123]]]},"properties":{"h3_index":"872813613ffffff","station_count":1,"program_id":"klamath_basin","program":"Klamath Basin","resolution":7,"stations":[{"station_id":"575","station_name":"Sprague Subbasin DG5260 near quarry","lat":42.45828,"lon":-120.936342,"waterbody":"Deming Creek","subbasin":"Sprague","organization":"U.S. Forest Service"}]}},{"type":"Feature","geometry":{"type":"Polygon","coordinates":[[[-120.99952663394622,42.48427929854484],[-120.99142670840656,42.49561108651295],[-121.00059988130955,42.50571213061169],[-121.0178731704346,42.50448036574218],[-121.0259695157283,42.49314845153199],[-121.01679615324002,42.48304842833499],[-120.99952663394622,42.48427929854484]]]},"properties":{"h3_index":"872813619ffffff","station_count":7,"program_id":"klamath_basin","program":"Klamath Basin","resolution":7,"stations":[{"station_id":"308","station_name":"N . FORK SPRAGUE @ 3411 ROAD","lat":42.497002,"lon":-121.005997,"waterbody":"North Fork Sprague River","subbasin":"Sprague","organization":"Klamath Tribes"},{"station_id":"1777","station_name":"NF Sprague R at 3411 Road","lat":42.4968,"lon":-121.0063,"waterbody":"North Fork Sprague River","subbasin":"Sprague","organization":"Klamath Tribes"},{"station_id":"1674","station_name":"North Fork Sprague River @ elbow crossing/campground","lat":42.496932,"lon":-121.008282,"waterbody":"North Fork Sprague River","subbasin":"Sprague","organization":"Oregon State University"},{"station_id":"2467","station_name":"SPRAGUE R IRRIG CO CN AT HEADGATE NR BLY","lat":42.497895,"lon":-121.012073,"waterbody":"Canal","subbasin":"Sprague","organization":"Oregon Water Resources Department"},{"station_id":"207","station_name":"North Fork Sprague River above Sprague River irrigation canal near Bly","lat":42.496533,"lon":-121.006921,"waterbody":"North Fork Sprague River","subbasin":"Sprague","organization":"Oregon Water Resources Department "},{"station_id":"1254","station_name":"North Fork Sprague River","lat":42.496737,"lon":-121.007949,"waterbody":"Sprague River","subbasin":"Sprague","organization":"U.S. Bureau of Reclamation"},{"station_id":"447","station_name":"Sprague Subbasin NS4560  elbow","lat":42.496671,"lon":-121.005833,"waterbody":"North Fork Sprague River","subbasin":"Sprague","organization":"U.S. Forest Service"}]}},{"type":"Feature","geometry":{"type":"Polygon","coordinates":[[[-121.0205809896395,42.385926328554696],[-121.01249286267213,42.39726892965869],[-121.02165773853758,42.40738108991223],[-121.03891092797333,42.406149626260294],[-121.04699547963459,42.39480690156174],[-121.03783041825905,42.38469576401139],[-121.0205809896395,42.385926328554696]]]},"properties":{"h3_index":"872813623ffffff","station_count":1,"program_id":"klamath_basin","program":"Klamath Basin","resolution":7,"stations":[{"station_id":"1775","station_name":"Fishhole Cr","lat":42.39609,"lon":-121.03635,"waterbody":"Fishhole Creek","subbasin":"Sprague","organization":"Klamath Tribes"}]}},{"type":"Feature","geometry":{"type":"Polygon","coordinates":[[[-121.04807810943882,42.41625773262742],[-121.0399919171575,42.427598324863524],[-121.04916121968576,42.437703398247876],[-121.06641689639955,42.43646685710732],[-121.07449950791734,42.42512614281342],[-121.06533002457763,42.41502209161927],[-121.04807810943882,42.41625773262742]]]},"properties":{"h3_index":"87281362affffff","station_count":1,"program_id":"klamath_basin","program":"Klamath Basin","resolution":7,"stations":[{"station_id":"276","station_name":"South Fork Sprague River below Fishhole Creek near Bly","lat":42.419956,"lon":-121.05644,"waterbody":"South Fork Sprague River","subbasin":"Sprague","organization":"Oregon Water Resources Department "}]}},{"type":"Feature","geometry":{"type":"Polygon","coordinates":[[[-121.07449950791734,42.42512614281342],[-121.06641689639955,42.43646685710732],[-121.07558850166684,42.44656787390978],[-121.09284289576141,42.44532715425719],[-121.10092192279538,42.43398631962583],[-121.09175014131051,42.423886324885615],[-121.07449950791734,42.42512614281342]]]},"properties":{"h3_index":"87281362bffffff","station_count":2,"program_id":"klamath_basin","program":"Klamath Basin","resolution":7,"stations":[{"station_id":"222","station_name":"S.F. SPRAGUE @ IVORY PINE RD.","lat":42.439499,"lon":-121.094002,"waterbody":"South Fork Sprague River","subbasin":"Sprague","organization":"Klamath Tribes"},{"station_id":"1782","station_name":"SF Sprague R at Ivory Pine Rd","lat":42.43941,"lon":-121.09544,"waterbody":"South Fork Sprague River","subbasin":"Sprague","organization":"Klamath Tribes"}]}},{"type":"Feature","geometry":{"type":"Polygon","coordinates":[[[-120.96882012416488,42.389603110331464],[-120.96072321195587,42.40094332607938],[-120.96988558391048,42.41106056148446],[-120.9871450637577,42.40983655848653],[-120.99523840638882,42.398496215524155],[-120.98607583984572,42.38838000267638],[-120.96882012416488,42.389603110331464]]]},"properties":{"h3_index":"872813631ffffff","station_count":1,"program_id":"klamath_basin","program":"Klamath Basin","resolution":7,"stations":[{"station_id":"1779","station_name":"SF Sprague R at 34 Road","lat":42.39846,"lon":-120.99227,"waterbody":"South Fork Sprague River","subbasin":"Sprague","organization":"Klamath Tribes"}]}},{"type":"Feature","geometry":{"type":"Polygon","coordinates":[[[-120.96775513705988,42.36814049743021],[-120.95965987066313,42.37948284618716],[-120.96882012416488,42.389603110331464],[-120.98607583984572,42.38838000267638],[-120.99416753839294,42.37703752688646],[-120.98500709020334,42.36691828568688],[-120.96775513705988,42.36814049743021]]]},"properties":{"h3_index":"872813635ffffff","station_count":6,"program_id":"klamath_basin","program":"Klamath Basin","resolution":7,"stations":[{"station_id":"237","station_name":"S. FORK SPRAGUE @ PICNIC AREA","lat":42.375999,"lon":-120.969002,"waterbody":"South Fork Sprague River","subbasin":"Sprague","organization":"Klamath Tribes"},{"station_id":"1783","station_name":"SF Sprague R at Picnic","lat":42.37391,"lon":-120.96975,"waterbody":"South Fork Sprague River","subbasin":"Sprague","organization":"Klamath Tribes"},{"station_id":"1682","station_name":"South Fork Sprague River @ campground along HWY 140 (or 190?)","lat":42.373201,"lon":-120.967896,"waterbody":"South Fork Sprague River","subbasin":"Sprague","organization":"Oregon State University"},{"station_id":"205","station_name":"South Fork Sprague River at Sprague River Park near Bly","lat":42.373875,"lon":-120.969789,"waterbody":"South Fork Sprague River","subbasin":"Sprague","organization":"Oregon Water Resources Department "},{"station_id":"1260","station_name":"South Fork Sprague River","lat":42.372718,"lon":-120.966512,"waterbody":"Sprague River","subbasin":"Sprague","organization":"U.S. Bureau of Reclamation"},{"station_id":"2215","station_name":"Sprague Subbasin (Middle SFK Sprague)","lat":42.373035,"lon":-120.96807,"waterbody":"SFK Sprague River","subbasin":"Sprague","organization":"U.S. Forest Service"}]}},{"type":"Feature","geometry":{"type":"Polygon","coordinates":[[[-121.10420801273537,42.49828418005443],[-121.09612407034676,42.509618604224855],[-121.10530434884011,42.51970644504759],[-121.12256874209271,42.51845884082552],[-121.13064909105418,42.507124297473545],[-121.12146864128336,42.497037477425806],[-121.10420801273537,42.49828418005443]]]},"properties":{"h3_index":"872813650ffffff","station_count":1,"program_id":"klamath_basin","program":"Klamath Basin","resolution":7,"stations":[{"station_id":"2068","station_name":"Meryl Creek","lat":42.502167,"lon":-121.10368,"waterbody":"Meryl Creek","subbasin":"Sprague","organization":"Trout Unlimited"}]}},{"type":"Feature","geometry":{"type":"Polygon","coordinates":[[[-121.07776793957784,42.48943581945854],[-121.06968040748501,42.500770122728426],[-121.0788583843818,42.51086202561433],[-121.09612407034676,42.509618604224855],[-121.10420801273537,42.49828418005443],[-121.09502985995722,42.488193298074876],[-121.07776793957784,42.48943581945854]]]},"properties":{"h3_index":"872813656ffffff","station_count":1,"program_id":"klamath_basin","program":"Klamath Basin","resolution":7,"stations":[{"station_id":"2069","station_name":"Meryl Creek","lat":42.508907,"lon":-121.09483,"waterbody":"Meryl Creek","subbasin":"Sprague","organization":"Trout Unlimited"}]}},{"type":"Feature","geometry":{"type":"Polygon","coordinates":[[[-121.13285403536582,42.54995575349816],[-121.1247704097275,42.56128601181807],[-121.13395724215812,42.57136369888536],[-121.15122786775613,42.57011010765628],[-121.15930789275279,42.5587797314879],[-121.15012089388681,42.54870306429726],[-121.13285403536582,42.54995575349816]]]},"properties":{"h3_index":"87281365affffff","station_count":1,"program_id":"klamath_basin","program":"Klamath Basin","resolution":7,"stations":[{"station_id":"588","station_name":"Sprague Subbasin SWP4640","lat":42.558727,"lon":-121.12982,"waterbody":"Swamp Creek","subbasin":"Sprague","organization":"U.S. Forest Service"}]}},{"type":"Feature","geometry":{"type":"Polygon","coordinates":[[[-121.13175131843963,42.5285426183208],[-121.12366933146586,42.539875020331046],[-121.13285403536582,42.54995575349816],[-121.15012089388681,42.54870306429726],[-121.15819928196737,42.53737054463274],[-121.1490144115132,42.52729083172362],[-121.13175131843963,42.5285426183208]]]},"properties":{"h3_index":"87281365effffff","station_count":2,"program_id":"klamath_basin","program":"Klamath Basin","resolution":7,"stations":[{"station_id":"1647","station_name":"Five Mile Creek (Foster Field)","lat":42.540116,"lon":-121.124883,"waterbody":"Fivemile Creek","subbasin":"Sprague","organization":"Oregon State University"},{"station_id":"1038","station_name":"Sprague Subbbasin FV4600","lat":42.540061,"lon":-121.124903,"waterbody":"Fivemile Creek","subbasin":"Sprague","organization":"U.S. Forest Service"}]}},{"type":"Feature","geometry":{"type":"Polygon","coordinates":[[[-121.23080175883541,42.43531203434868],[-121.22274396608282,42.44665770480196],[-121.23192505615383,42.456740439259015],[-121.24916408896192,42.455476481146924],[-121.2572182784981,42.44413070106855],[-121.2480370395283,42.43404898862697],[-121.23080175883541,42.43531203434868]]]},"properties":{"h3_index":"872813661ffffff","station_count":3,"program_id":"klamath_basin","program":"Klamath Basin","resolution":7,"stations":[{"station_id":"1784","station_name":"Sprague R at Beatty Gap USGS","lat":42.44772,"lon":-121.23858,"waterbody":"Sprague River","subbasin":"Sprague","organization":"Klamath Tribes"},{"station_id":"1665","station_name":"Mainstem Sprague BELOW Sherry boat ramp","lat":42.447582,"lon":-121.237768,"waterbody":"Sprague River","subbasin":"Sprague","organization":"Oregon State University"},{"station_id":"241","station_name":"Sprague River near Beatty","lat":42.447587,"lon":-121.238487,"waterbody":"Sprague River","subbasin":"Sprague","organization":"Oregon Water Resources Department "}]}},{"type":"Feature","geometry":{"type":"Polygon","coordinates":[[[-121.17908311988079,42.439086306955055],[-121.17101650049874,42.45042962380715],[-121.18019515401063,42.46051744155555],[-121.19744058595107,42.459260920440784],[-121.20550360775667,42.44791749032685],[-121.19632479628622,42.43783069448962],[-121.17908311988079,42.439086306955055]]]},"properties":{"h3_index":"872813662ffffff","station_count":3,"program_id":"klamath_basin","program":"Klamath Basin","resolution":7,"stations":[{"station_id":"244","station_name":"SPRAGUE R. ABOVE BEATTY GAP","lat":42.442,"lon":-121.199,"waterbody":"Sprague River","subbasin":"Sprague","organization":"Klamath Tribes"},{"station_id":"1664","station_name":"Mainstem Sprague ABOVE Sherry boat ramp","lat":42.441269,"lon":-121.186712,"waterbody":"Sprague River","subbasin":"Sprague","organization":"Oregon State University"},{"station_id":"1680","station_name":"Sheri's Springs in Beatty Gap","lat":42.441492,"lon":-121.199582,"waterbody":"Sprague River","subbasin":"Sprague","organization":"Oregon State University"}]}},{"type":"Feature","geometry":{"type":"Polygon","coordinates":[[[-121.25834745388696,42.46555515297354],[-121.25029163832139,42.476898804436466],[-121.25947713017754,42.486974433865214],[-121.27671858285785,42.48570539025301],[-121.28477078976829,42.474361630704294],[-121.27558515373907,42.46428702275285],[-121.25834745388696,42.46555515297354]]]},"properties":{"h3_index":"872813668ffffff","station_count":1,"program_id":"klamath_basin","program":"Klamath Basin","resolution":7,"stations":[{"station_id":"248","station_name":"SYCAN R. @ DREWS RD.","lat":42.485298,"lon":-121.277,"waterbody":"Sycan River","subbasin":"Sprague","organization":"Klamath Tribes"}]}},{"type":"Feature","geometry":{"type":"Polygon","coordinates":[[[-121.28477078976829,42.474361630704294],[-121.27671858285785,42.48570539025301],[-121.28590634666153,42.495776954417266],[-121.30314645803685,42.49450373760476],[-121.31119505260764,42.48315987169707],[-121.30200714922744,42.47308932885989],[-121.28477078976829,42.474361630704294]]]},"properties":{"h3_index":"872813669ffffff","station_count":3,"program_id":"klamath_basin","program":"Klamath Basin","resolution":7,"stations":[{"station_id":"1791","station_name":"Sycan R at Drews Rd","lat":42.48522,"lon":-121.27843,"waterbody":"Sycan River","subbasin":"Sprague","organization":"Klamath Tribes"},{"station_id":"1687","station_name":"Sycan River @ Drews Road bridge","lat":42.485315,"lon":-121.278523,"waterbody":"Sycan River","subbasin":"Sprague","organization":"Oregon State University"},{"station_id":"189","station_name":"Sycan River below Snake Creek near Beatty","lat":42.486403,"lon":-121.278715,"waterbody":"Sycan River","subbasin":"Sprague","organization":"Oregon Water Resources Department "}]}},{"type":"Feature","geometry":{"type":"Polygon","coordinates":[[[-121.2572182784981,42.44413070106855],[-121.24916408896192,42.455476481146924],[-121.25834745388696,42.46555515297354],[-121.27558515373907,42.46428702275285],[-121.28363573637243,42.45294113477612],[-121.27445222714135,42.44286348481776],[-121.2572182784981,42.44413070106855]]]},"properties":{"h3_index":"87281366cffffff","station_count":4,"program_id":"klamath_basin","program":"Klamath Basin","resolution":7,"stations":[{"station_id":"1785","station_name":"Sprague R at Godowa","lat":42.46009,"lon":-121.27133,"waterbody":"Sprague River","subbasin":"Sprague","organization":"Klamath Tribes"},{"station_id":"215","station_name":"Sprague River @ Godowa Springs Road","lat":42.455056,"lon":-121.249917,"waterbody":"Sprague River","subbasin":"Sprague","organization":"Klamath Tribes"},{"station_id":"1649","station_name":"Gadowa Springs Road bridge","lat":42.459942,"lon":-121.270985,"waterbody":"Sprague River","subbasin":"Sprague","organization":"Oregon State University"},{"station_id":"251","station_name":"Sprague River below Brown Creek near Beatty","lat":42.459791,"lon":-121.271283,"waterbody":"Sprague River","subbasin":"Sprague","organization":"Oregon Water Resources Department "}]}},{"type":"Feature","geometry":{"type":"Polygon","coordinates":[[[-121.28363573637243,42.45294113477612],[-121.27558515373907,42.46428702275285],[-121.28477078976829,42.474361630704294],[-121.30200714922744,42.47308932885989],[-121.31005412127577,42.46174333471223],[-121.30086834553397,42.45166974847903],[-121.28363573637243,42.45294113477612]]]},"properties":{"h3_index":"87281366dffffff","station_count":2,"program_id":"klamath_basin","program":"Klamath Basin","resolution":7,"stations":[{"station_id":"204","station_name":"SYCAN @ LOWER YAINAX","lat":42.468694,"lon":-121.279972,"waterbody":"Sycan River","subbasin":"Sprague","organization":"Klamath Tribes"},{"station_id":"1793","station_name":"Sycan R at Lower Yainix","lat":42.46846,"lon":-121.28102,"waterbody":"Sycan River","subbasin":"Sprague","organization":"Klamath Tribes"}]}},{"type":"Feature","geometry":{"type":"Polygon","coordinates":[[[-121.102016800036,42.45542411319952],[-121.09393613520292,42.46676281337095],[-121.10311216324173,42.476856734725025],[-121.1203690287134,42.475610934263955],[-121.12844610360536,42.46427211528946],[-121.11926990405858,42.45417921547986],[-121.102016800036,42.45542411319952]]]},"properties":{"h3_index":"872813672ffffff","station_count":1,"program_id":"klamath_basin","program":"Klamath Basin","resolution":7,"stations":[{"station_id":"1672","station_name":"NF Sprague; North Fork Campbell Road bridge","lat":42.456021,"lon":-121.11274,"waterbody":"North Fork Sprague River","subbasin":"Sprague","organization":"Oregon State University"}]}},{"type":"Feature","geometry":{"type":"Polygon","coordinates":[[[-120.87359782954452,42.56844688437131],[-120.86547011286885,42.57976510649988],[-120.87464439485638,42.58986821019107],[-120.89194660669108,42.588652072436446],[-120.900070751501,42.577333714348],[-120.89089625744727,42.56723162987662],[-120.87359782954452,42.56844688437131]]]},"properties":{"h3_index":"87281368bffffff","station_count":6,"program_id":"klamath_basin","program":"Klamath Basin","resolution":7,"stations":[{"station_id":"2062","station_name":"Cold Creek @ 3411 Rd","lat":42.58813,"lon":-120.89209,"waterbody":"Cold Creek","subbasin":"Sprague","organization":"Trout Unlimited"},{"station_id":"2064","station_name":"Cold Creek at confluence with North Fork Sprague","lat":42.58607,"lon":-120.88095,"waterbody":"Cold Creek","subbasin":"Sprague","organization":"Trout Unlimited"},{"station_id":"2073","station_name":"North Fork Sprague River upstream of Cold Creek","lat":42.5861,"lon":-120.88061,"waterbody":"North Fork Sprague River","subbasin":"Sprague","organization":"Trout Unlimited"},{"station_id":"1728","station_name":"Sprague Subbasin (Upper NFK Sprague) CD6040","lat":42.58607,"lon":-120.88095,"waterbody":"Cold Creek","subbasin":"Sprague","organization":"U.S. Forest Service"},{"station_id":"1729","station_name":"Sprague Subbasin (Upper NFK Sprague) CD6160","lat":42.58813,"lon":-120.89209,"waterbody":"Cold Creek","subbasin":"Sprague","organization":"U.S. Forest Service"},{"station_id":"1731","station_name":"Sprague Subbasin (Upper NFK Sprague) NS6040","lat":42.5861,"lon":-120.88061,"waterbody":"North Fork Sprague River","subbasin":"Sprague","organization":"U.S. Forest Service"}]}},{"type":"Feature","geometry":{"type":"Polygon","coordinates":[[[-120.84089178447239,42.430891311606075],[-120.83277045618144,42.4422223061259],[-120.8419296687697,42.452347680913334],[-120.85921042794719,42.45114103950306],[-120.86732819850538,42.43980990846039],[-120.85816876872073,42.429685555254146],[-120.84089178447239,42.430891311606075]]]},"properties":{"h3_index":"8728136a4ffffff","station_count":2,"program_id":"klamath_basin","program":"Klamath Basin","resolution":7,"stations":[{"station_id":"544","station_name":"Sprague Subbasin BW5920","lat":42.447979,"lon":-120.840412,"waterbody":"Brownsworth Creek","subbasin":"Sprague","organization":"U.S. Forest Service"},{"station_id":"528","station_name":"Sprague Subbasin LE5440","lat":42.432172,"lon":-120.855653,"waterbody":"Leonard Creek","subbasin":"Sprague","organization":"U.S. Forest Service"}]}},{"type":"Feature","geometry":{"type":"Polygon","coordinates":[[[-120.92231593356274,42.500506434402084],[-120.91420198395208,42.51183354055933],[-120.92337243754484,42.521940684270476],[-120.94065704505525,42.52071970123081],[-120.94876742219687,42.50939246330885],[-120.93959676539795,42.4992863400936],[-120.92231593356274,42.500506434402084]]]},"properties":{"h3_index":"8728136a9ffffff","station_count":2,"program_id":"klamath_basin","program":"Klamath Basin","resolution":7,"stations":[{"station_id":"1027","station_name":"Sprague Subbasin BC5450","lat":42.515621,"lon":-120.927905,"waterbody":"Boulder Creek","subbasin":"Sprague","organization":"U.S. Forest Service"},{"station_id":"345","station_name":"Sprague Subbasin BC5450","lat":42.515621,"lon":-120.927905,"waterbody":"Boulder Creek","subbasin":"Sprague","organization":"U.S. Forest Service"}]}},{"type":"Feature","geometry":{"type":"Polygon","coordinates":[[[-120.92125989888567,42.479067000270085],[-120.91314760250688,42.490396254004374],[-120.92231593356274,42.500506434402084],[-120.93959676539795,42.4992863400936],[-120.94770549103893,42.48795695478487],[-120.93853695668265,42.477847795261475],[-120.92125989888567,42.479067000270085]]]},"properties":{"h3_index":"8728136adffffff","station_count":1,"program_id":"klamath_basin","program":"Klamath Basin","resolution":7,"stations":[{"station_id":"554","station_name":"Sprague Subbasin BC5960","lat":42.497169,"lon":-120.919483,"waterbody":"Boulder Creek","subbasin":"Sprague","organization":"U.S. Forest Service"}]}},{"type":"Feature","geometry":{"type":"Polygon","coordinates":[[[-120.76363014999907,42.4470171213356],[-120.75549484465526,42.45834340098557],[-120.76465126036052,42.46847486884243],[-120.78194321335437,42.46727903582649],[-120.79007496884421,42.45595261415304],[-120.78091832229977,42.44582216742297],[-120.76363014999907,42.4470171213356]]]},"properties":{"h3_index":"8728136b4ffffff","station_count":3,"program_id":"klamath_basin","program":"Klamath Basin","resolution":7,"stations":[{"station_id":"612","station_name":"Sprague Subbasin CR5960","lat":42.456977,"lon":-120.783571,"waterbody":"Corral Creek","subbasin":"Sprague","organization":"U.S. Forest Service"},{"station_id":"1033","station_name":"Sprague Subbasin SS5870 34 road xing ","lat":42.452956,"lon":-120.783554,"waterbody":"South Fork Sprague River","subbasin":"Sprague","organization":"U.S. Forest Service"},{"station_id":"585","station_name":"Sprague Subbasin SS5960 upstream Corral Cr. conf","lat":42.457199,"lon":-120.780052,"waterbody":"South Fork Sprague River","subbasin":"Sprague","organization":"U.S. Forest Service"}]}},{"type":"Feature","geometry":{"type":"Polygon","coordinates":[[[-120.900070751501,42.577333714348],[-120.89194660669108,42.588652072436446],[-120.9011232263012,42.598751114508104],[-120.9184241992728,42.597530779283936],[-120.92654476844467,42.586212286943756],[-120.9173679413875,42.57611426398177],[-120.900070751501,42.577333714348]]]},"properties":{"h3_index":"8728136d6ffffff","station_count":3,"program_id":"klamath_basin","program":"Klamath Basin","resolution":7,"stations":[{"station_id":"2063","station_name":"Cold Creek above 3411 Rd","lat":42.58873,"lon":-120.89825,"waterbody":"Cold Creek","subbasin":"Sprague","organization":"Trout Unlimited"},{"station_id":"1730","station_name":"Sprague Subbasin (Upper NFK Sprague) CD6180","lat":42.58873,"lon":-120.89825,"waterbody":"Cold Creek","subbasin":"Sprague","organization":"U.S. Forest Service"},{"station_id":"529","station_name":"Sprague Subbasin CD6160","lat":42.588238,"lon":-120.892534,"waterbody":"Cold Creek","subbasin":"Sprague","organization":"U.S. Forest Service"}]}},{"type":"Feature","geometry":{"type":"Polygon","coordinates":[[[-121.08104072729506,42.553698884005705],[-121.07294826873812,42.56502675504965],[-121.0821326260485,42.575109527991394],[-121.0994096185553,42.57386341002643],[-121.10749848217642,42.562535417503646],[-121.09831394932264,42.55245366432532],[-121.08104072729506,42.553698884005705]]]},"properties":{"h3_index":"8728136e8ffffff","station_count":1,"program_id":"klamath_basin","program":"Klamath Basin","resolution":7,"stations":[{"station_id":"2096","station_name":"sprage river","lat":42.563611,"lon":-121.096111,"waterbody":"Sprague Rver","subbasin":"Sprague","organization":"U.S. Fish and Wildlife Service"}]}},{"type":"Feature","geometry":{"type":"Polygon","coordinates":[[[-121.1064011718792,42.54112352557219],[-121.09831394932264,42.55245366432532],[-121.10749848217642,42.562535417503646],[-121.1247704097275,42.56128601181807],[-121.13285403536582,42.54995575349816],[-121.12366933146586,42.539875020331046],[-121.1064011718792,42.54112352557219]]]},"properties":{"h3_index":"8728136edffffff","station_count":2,"program_id":"klamath_basin","program":"Klamath Basin","resolution":7,"stations":[{"station_id":"262","station_name":"FIVE MILE","lat":42.544102,"lon":-121.119003,"waterbody":"Fivemile Creek","subbasin":"Sprague","organization":"Klamath Tribes"},{"station_id":"1776","station_name":"Fivemile Cr","lat":42.54405,"lon":-121.11922,"waterbody":"Fivemile Creek","subbasin":"Sprague","organization":"Klamath Tribes"}]}},{"type":"Feature","geometry":{"type":"Polygon","coordinates":[[[-120.94876742219687,42.50939246330885],[-120.94065704505525,42.52071970123081],[-120.94982982527172,42.53082278635218],[-120.9671131823275,42.52959761307278],[-120.97521998324528,42.51827024509854],[-120.96604700443118,42.50816818035803],[-120.94876742219687,42.50939246330885]]]},"properties":{"h3_index":"8728136f4ffffff","station_count":2,"program_id":"klamath_basin","program":"Klamath Basin","resolution":7,"stations":[{"station_id":"344","station_name":"Sprague Subbasin BC5120 mouth","lat":42.516562,"lon":-120.951305,"waterbody":"Boulder Creek","subbasin":"Sprague","organization":"U.S. Forest Service"},{"station_id":"522","station_name":"Sprague Subbasin NS5120 abv Boulder Creek","lat":42.516792,"lon":-120.951756,"waterbody":"North Fork Sprague River","subbasin":"Sprague","organization":"U.S. Forest Service"}]}},{"type":"Feature","geometry":{"type":"Polygon","coordinates":[[[-120.93816929522066,42.294804717518154],[-120.9300754033714,42.306153322802366],[-120.9392269932067,42.3162867080219],[-120.9564726755476,42.315070463628395],[-120.9645630084527,42.30372173012525],[-120.95541121905414,42.29358936913731],[-120.93816929522066,42.294804717518154]]]},"properties":{"h3_index":"872813711ffffff","station_count":2,"program_id":"klamath_basin","program":"Klamath Basin","resolution":7,"stations":[{"station_id":"1646","station_name":"Fish Hole Cr.","lat":42.305859,"lon":-120.957837,"waterbody":"Fishhole Creek","subbasin":"Sprague","organization":"Oregon State University"},{"station_id":"2209","station_name":"Sprague Subbasin (Middle Fishhole Creek)","lat":42.305415,"lon":-120.957766,"waterbody":"Fishhole Creek","subbasin":"Sprague","organization":"U.S. Forest Service"}]}},{"type":"Feature","geometry":{"type":"Polygon","coordinates":[[[-120.90862397529122,42.22139093534291],[-120.90053146612424,42.23274577496594],[-120.90967440255874,42.24289225496239],[-120.92691005366986,42.241682869711575],[-120.93499901277724,42.23032790066479],[-120.92585587192495,42.22018244619583],[-120.90862397529122,42.22139093534291]]]},"properties":{"h3_index":"872813736ffffff","station_count":1,"program_id":"klamath_basin","program":"Klamath Basin","resolution":7,"stations":[{"station_id":"1037","station_name":"Sprague Subbbasin FH5140","lat":42.235506,"lon":-120.912291,"waterbody":"Fishhole Creek","subbasin":"Sprague","organization":"U.S. Forest Service"}]}},{"type":"Feature","geometry":{"type":"Polygon","coordinates":[[[-120.83778089548261,42.366491186804694],[-120.82966453643353,42.37782860444605],[-120.8388173981349,42.38796306037265],[-120.8560868374351,42.38675907583367],[-120.86419964391304,42.37542152221867],[-120.8550465647617,42.36528808901983],[-120.83778089548261,42.366491186804694]]]},"properties":{"h3_index":"872813781ffffff","station_count":2,"program_id":"klamath_basin","program":"Klamath Basin","resolution":7,"stations":[{"station_id":"235","station_name":"S.F. SPRAGUE @ BLAISDELL","lat":42.373722,"lon":-120.844139,"waterbody":"South Fork Sprague River","subbasin":"Sprague","organization":"Klamath Tribes"},{"station_id":"1780","station_name":"SF Sprague R at Blaisdell","lat":42.37437,"lon":-120.84576,"waterbody":"South Fork Sprague River","subbasin":"Sprague","organization":"Klamath Tribes"}]}},{"type":"Feature","geometry":{"type":"Polygon","coordinates":[[[-120.86628488392134,42.41835228098341],[-120.85816876872073,42.429685555254146],[-120.86732819850538,42.43980990846039],[-120.8846039572755,42.438599965443025],[-120.89271651270505,42.42726655654647],[-120.88355687023595,42.41714322519617],[-120.86628488392134,42.41835228098341]]]},"properties":{"h3_index":"87281378bffffff","station_count":1,"program_id":"klamath_basin","program":"Klamath Basin","resolution":7,"stations":[{"station_id":"630","station_name":"Sprague Subbasin HM5320 below Leonard conf.","lat":42.427177,"lon":-120.863535,"waterbody":"Hammond Creek","subbasin":"Sprague","organization":"U.S. Forest Service"}]}},{"type":"Feature","geometry":{"type":"Polygon","coordinates":[[[-120.89061949813878,42.3843436283107],[-120.88251024798748,42.39568131618563],[-120.89166777269503,42.4058076756247],[-120.90893475692015,42.40459532457817],[-120.91704044699348,42.393257504157724],[-120.90788271401784,42.38313216723229],[-120.89061949813878,42.3843436283107]]]},"properties":{"h3_index":"87281378dffffff","station_count":1,"program_id":"klamath_basin","program":"Klamath Basin","resolution":7,"stations":[{"station_id":"472","station_name":"Sprague Subbasin BW4800","lat":42.40309,"lon":-120.890763,"waterbody":"Brownsworth Creek","subbasin":"Sprague","organization":"U.S. Forest Service"}]}},{"type":"Feature","geometry":{"type":"Polygon","coordinates":[[[-120.7890484159366,42.4344935972316],[-120.78091832229977,42.44582216742297],[-120.79007496884421,42.45595261415304],[-120.80736193644427,42.45475346918932],[-120.81548847816725,42.443424758869135],[-120.80633160530815,42.433295333545246],[-120.7890484159366,42.4344935972316]]]},"properties":{"h3_index":"87281379bffffff","station_count":2,"program_id":"klamath_basin","program":"Klamath Basin","resolution":7,"stations":[{"station_id":"1690","station_name":"Upper South Fork below camp Creek","lat":42.444652,"lon":-120.794926,"waterbody":"South Fork Sprague River","subbasin":"Sprague","organization":"Oregon State University"},{"station_id":"374","station_name":"Sprague Subbasin CP5880","lat":42.446589,"lon":-120.796291,"waterbody":"Camp Creek","subbasin":"Sprague","organization":"U.S. Forest Service"}]}},{"type":"Feature","geometry":{"type":"Polygon","coordinates":[[[-121.7485846236505,41.976035958385],[-121.74065069778038,41.98744620992975],[-121.7498149238384,41.997534641780256],[-121.76691313484805,41.99621179112813],[-121.77484343429126,41.984801471599724],[-121.76567915019973,41.97471407060347],[-121.7485846236505,41.976035958385]]]},"properties":{"h3_index":"872813a0bffffff","station_count":1,"program_id":"klamath_basin","program":"Klamath Basin","resolution":7,"stations":[{"station_id":"2147","station_name":"Lower Klamath NWR, unit 3 at Stateline Rd","lat":41.994,"lon":-121.75806,"waterbody":"LKNWR Unit 3","subbasin":"Lost","organization":"U.S. Fish and Wildlife Service"}]}},{"type":"Feature","geometry":{"type":"Polygon","coordinates":[[[-121.69728787730631,41.9799870895097],[-121.68934513351937,41.991395146256636],[-121.69850711706216,42.00148865408711],[-121.71561191232088,42.00017307426032],[-121.72355103500219,41.98876494586142],[-121.71438898458076,41.9786724688381],[-121.69728787730631,41.9799870895097]]]},"properties":{"h3_index":"872813a19ffffff","station_count":2,"program_id":"klamath_basin","program":"Klamath Basin","resolution":7,"stations":[{"station_id":"428","station_name":"Lower Klamath National Wildlife Refuge","lat":41.999,"lon":-121.7,"subbasin":"Lost","organization":"U.S. Fish and Wildlife Service"},{"station_id":"1723","station_name":"Lower Klamath NWR","lat":41.999,"lon":-121.7,"subbasin":"Lost","organization":"U.S. Fish and Wildlife Service"}]}},{"type":"Feature","geometry":{"type":"Polygon","coordinates":[[[-121.8011029542628,41.993558826010556],[-121.79317628477783,42.004969211761754],[-121.80234485090118,42.01504954962048],[-121.81944013656195,42.01371847117087],[-121.82736317256166,42.00230802095826],[-121.81819455743215,41.99222871355256],[-121.8011029542628,41.993558826010556]]]},"properties":{"h3_index":"872813a50ffffff","station_count":4,"program_id":"klamath_basin","program":"Klamath Basin","resolution":7,"stations":[{"station_id":"1257","station_name":"Rangeline Drain at S-16 Drain","lat":42.002413,"lon":-121.815893,"subbasin":"Lost","organization":"U.S. Bureau of Reclamation"},{"station_id":"2148","station_name":"Sheepy Lake at Stateline Rd boat ramp","lat":42.0016,"lon":-121.82508,"waterbody":"Sheepy Lake","subbasin":"Lost","organization":"U.S. Fish and Wildlife Service"},{"station_id":"2149","station_name":"Sheepy Lake at Stateline Road and Ady Canal inflow","lat":42.0016,"lon":-121.82508,"waterbody":"Sheepy Lake","subbasin":"Lost","organization":"U.S. Fish and Wildlife Service"},{"station_id":"1277","station_name":"RANGELINE DRAIN AT S-16 DRAIN, NEAR DORRIS, CA","lat":42.002422,"lon":-121.815847,"waterbody":"Rangeline Drain","subbasin":"Lost","organization":"U.S. Geological Survey"}]}},{"type":"Feature","geometry":{"type":"Polygon","coordinates":[[[-121.82736317256166,42.00230802095826],[-121.81944013656195,42.01371847117087],[-121.82861086710798,42.023794760221726],[-121.84570467919093,42.02245956870737],[-121.85362407818265,42.011049055795446],[-121.84445330314477,42.000973796992845],[-121.82736317256166,42.00230802095826]]]},"properties":{"h3_index":"872813a51ffffff","station_count":1,"program_id":"klamath_basin","program":"Klamath Basin","resolution":7,"stations":[{"station_id":"935","station_name":"Ady Canal above Lower Klamath NWR near Worden","lat":42.004037,"lon":-121.826945,"waterbody":"Ady Canal","subbasin":"Lost","organization":"U.S. Geological Survey"}]}},{"type":"Feature","geometry":{"type":"Polygon","coordinates":[[[-121.77484343429126,41.984801471599724],[-121.76691313484805,41.99621179112813],[-121.77607953280774,42.00629617658858],[-121.79317628477783,42.004969211761754],[-121.8011029542628,41.993558826010556],[-121.79193650278306,41.9834754712051],[-121.77484343429126,41.984801471599724]]]},"properties":{"h3_index":"872813a56ffffff","station_count":3,"program_id":"klamath_basin","program":"Klamath Basin","resolution":7,"stations":[{"station_id":"419","station_name":"Klamath Straits Drain @ Stateline Rd","lat":41.996707,"lon":-121.777911,"waterbody":"Klamath Straits Drain","subbasin":"Lost","organization":"U.S. Bureau of Reclamation"},{"station_id":"1259","station_name":"S-16 Drain @ Klamath straits Drain","lat":42.001864,"lon":-121.778391,"subbasin":"Lost","organization":"U.S. Bureau of Reclamation"},{"station_id":"1276","station_name":"S-16 DRAIN AT KLAMATH STRAITS DRAIN, NR DORRIS, CA","lat":42.001894,"lon":-121.778347,"waterbody":"S-16 Drain","subbasin":"Lost","organization":"U.S. Geological Survey"}]}},{"type":"Feature","geometry":{"type":"Polygon","coordinates":[[[-121.79862080043948,41.95056218069487],[-121.79069726642805,41.961976665036445],[-121.79986160422877,41.972063034938294],[-121.816949526476,41.97073388906095],[-121.82486943052375,41.959319340555105],[-121.81570504333288,41.94923400198691],[-121.79862080043948,41.95056218069487]]]},"properties":{"h3_index":"872813a72ffffff","station_count":1,"program_id":"klamath_basin","program":"Klamath Basin","resolution":7,"stations":[{"station_id":"2157","station_name":"West Sheepy Lake, near bird island","lat":41.96461,"lon":-121.79619,"waterbody":"Sheepy Lake","subbasin":"Lost","organization":"U.S. Fish and Wildlife Service"}]}},{"type":"Feature","geometry":{"type":"Polygon","coordinates":[[[-121.54327975309275,41.991709459531094],[-121.53531059512012,42.003110871494016],[-121.54446574847225,42.01321960065108],[-121.56159015432728,42.01192588712986],[-121.56955570730442,42.0005243925308],[-121.56040046047936,41.9904166939872],[-121.54327975309275,41.991709459531094]]]},"properties":{"h3_index":"872813a85ffffff","station_count":3,"program_id":"klamath_basin","program":"Klamath Basin","resolution":7,"stations":[{"station_id":"302","station_name":"Lost River at Anderson Rose Dam","lat":42.0102,"lon":-121.561,"waterbody":"Lost River","subbasin":"Lost","organization":"Oregon Department of Environmental Quality"},{"station_id":"490","station_name":"Lost River at Anderson Rose Dam","lat":42.010517,"lon":-121.561542,"waterbody":"Lost River","subbasin":"Lost","organization":"U.S. Bureau of Reclamation"},{"station_id":"2113","station_name":"Lost Rvr at Anderson Rose Dvrsn Dam at Malone, OR","lat":42.010403,"lon":-121.561422,"waterbody":"Lost River","subbasin":"Lost","organization":"U.S. Geological Survey"}]}},{"type":"Feature","geometry":{"type":"Polygon","coordinates":[[[-121.5970300732231,42.03083337935715],[-121.58906654368116,42.042232890935665],[-121.59822821628276,42.052330519540426],[-121.61535350374253,42.05102760664061],[-121.62331341939459,42.0396280157804],[-121.61415166253317,42.029531416999234],[-121.5970300732231,42.03083337935715]]]},"properties":{"h3_index":"872813a8dffffff","station_count":1,"program_id":"klamath_basin","program":"Klamath Basin","resolution":7,"stations":[{"station_id":"285","station_name":"Lost River at Hwy 39 (Merrill)","lat":42.0404,"lon":-121.6227,"waterbody":"Lost River","subbasin":"Lost","organization":"Oregon Department of Environmental Quality"}]}},{"type":"Feature","geometry":{"type":"Polygon","coordinates":[[[-121.5205467242038,42.04741342604565],[-121.51256919183162,42.05880855323995],[-121.5217284718063,42.06891228598174],[-121.53886538272539,42.067619861925145],[-121.54683930844415,42.05622464988536],[-121.53767993095747,42.04612194664581],[-121.5205467242038,42.04741342604565]]]},"properties":{"h3_index":"872813a9dffffff","station_count":1,"program_id":"klamath_basin","program":"Klamath Basin","resolution":7,"stations":[{"station_id":"2103","station_name":"40.00S/11.00E-28DDD01","lat":42.054833,"lon":-121.523861,"subbasin":"Sprague","organization":"U.S. Geological Survey"}]}},{"type":"Feature","geometry":{"type":"Polygon","coordinates":[[[-121.56598344105328,41.93597542579374],[-121.55802264501787,41.94738309791819],[-121.56717367188992,41.95749681408912],[-121.58428558530119,41.9562018262978],[-121.59224277800494,41.94479407373589],[-121.58309166168372,41.93468138930083],[-121.56598344105328,41.93597542579374]]]},"properties":{"h3_index":"872813aa5ffffff","station_count":1,"program_id":"klamath_basin","program":"Klamath Basin","resolution":7,"stations":[{"station_id":"457","station_name":"Klamath National Wildlife Refuge","lat":41.953,"lon":-121.582,"subbasin":"Lost","organization":"U.S. Fish and Wildlife Service"}]}},{"type":"Feature","geometry":{"type":"Polygon","coordinates":[[[-121.46445678078842,41.96521567722165],[-121.45647682931549,41.97661683076332],[-121.46562534567279,41.98673767904246],[-121.48275392159736,41.98545634254759],[-121.49073027882208,41.97405510111399],[-121.4815816554303,41.963935283966094],[-121.46445678078842,41.96521567722165]]]},"properties":{"h3_index":"872813ab0ffffff","station_count":1,"program_id":"klamath_basin","program":"Klamath Basin","resolution":7,"stations":[{"station_id":"1709","station_name":"Tule Lake","lat":41.967,"lon":-121.467,"subbasin":"Lost","organization":"Tule Lake Irrigation District"}]}},{"type":"Feature","geometry":{"type":"Polygon","coordinates":[[[-121.4632887308764,41.943688607306875],[-121.4553103726354,41.95509182306026],[-121.46445678078842,41.96521567722165],[-121.4815816554303,41.963935283966094],[-121.48955642116165,41.952531980468265],[-121.48040990581995,41.94240915786939],[-121.4632887308764,41.943688607306875]]]},"properties":{"h3_index":"872813ab4ffffff","station_count":1,"program_id":"klamath_basin","program":"Klamath Basin","resolution":7,"stations":[{"station_id":"1610","station_name":"Tulelake \u221a\u00a2\u00ac\u00c4\u00ac\u00ec UC Field Office near Tulelake","lat":41.958869,"lon":-121.47237,"subbasin":"Lost","organization":"California Department of Water Resources"}]}},{"type":"Feature","geometry":{"type":"Polygon","coordinates":[[[-121.48955642116165,41.952531980468265],[-121.4815816554303,41.963935283966094],[-121.49073027882208,41.97405510111399],[-121.50785377167527,41.97277058326988],[-121.51582494131249,41.961367193779544],[-121.50667621524902,41.951248408024526],[-121.48955642116165,41.952531980468265]]]},"properties":{"h3_index":"872813ab5ffffff","station_count":2,"program_id":"klamath_basin","program":"Klamath Basin","resolution":7,"stations":[{"station_id":"442","station_name":"Lost River @ East-West Road","lat":41.953831,"lon":-121.505053,"waterbody":"Lost River","subbasin":"Lost","organization":"U.S. Bureau of Reclamation"},{"station_id":"1222","station_name":"Lost River Near Hatfield","lat":41.953656,"lon":-121.504952,"waterbody":"Lost River","subbasin":"Lost","organization":"U.S.BoR & USF&W"}]}},{"type":"Feature","geometry":{"type":"Polygon","coordinates":[[[-121.70583384855519,42.130391401127696],[-121.69788005793116,42.14178501490322],[-121.70705685594129,42.15185737908208],[-121.7241875112388,42.15053510159655],[-121.73213766844272,42.139141415082065],[-121.72296080482413,42.12907007868838],[-121.70583384855519,42.130391401127696]]]},"properties":{"h3_index":"872813ad9ffffff","station_count":3,"program_id":"klamath_basin","program":"Klamath Basin","resolution":7,"stations":[{"station_id":"1225","station_name":"Homedale SE Drain","lat":42.144389,"lon":-121.718027,"subbasin":"Keno","organization":"U.S. Bureau of Reclamation"},{"station_id":"1229","station_name":"Klamath & Lost River Diversion Channel at Homedale Rd","lat":42.140615,"lon":-121.718312,"waterbody":"Lost River Diversion Channel","subbasin":"Lost","organization":"U.S. Bureau of Reclamation"},{"station_id":"1231","station_name":"Klamath & Lost River Diversion Channel at Runway","lat":42.13966,"lon":-121.725872,"waterbody":"Lost River Diversion Channel","subbasin":"Lost","organization":"U.S. Bureau of Reclamation"}]}},{"type":"Feature","geometry":{"type":"Polygon","coordinates":[[[-121.65443981104542,42.13434076622865],[-121.64647718017807,42.145732155975466],[-121.65565171428598,42.15580960190204],[-121.67278895482222,42.15449463023632],[-121.68074795763638,42.143103164083115],[-121.67157334902481,42.13302674589874],[-121.65443981104542,42.13434076622865]]]},"properties":{"h3_index":"872813adaffffff","station_count":2,"program_id":"klamath_basin","program":"Klamath Basin","resolution":7,"stations":[{"station_id":"384","station_name":"Lost River @ Wilson Reservior","lat":42.155044,"lon":-121.663539,"waterbody":"Lost River","subbasin":"Lost","organization":"U.S. Bureau of Reclamation"},{"station_id":"2112","station_name":"Lost River at Wilson Dam, at Henley, OR","lat":42.142589,"lon":-121.672186,"waterbody":"Lost River","subbasin":"Lost","organization":"U.S. Geological Survey"}]}},{"type":"Feature","geometry":{"type":"Polygon","coordinates":[[[-121.75350907717625,42.06200025947753],[-121.74556885900138,42.073402283404796],[-121.7547415470712,42.083478640291794],[-121.77185451165272,42.08215194403606],[-121.77979109635935,42.070749851515735],[-121.77061835100331,42.06067452374028],[-121.75350907717625,42.06200025947753]]]},"properties":{"h3_index":"872813aeaffffff","station_count":1,"program_id":"klamath_basin","program":"Klamath Basin","resolution":7,"stations":[{"station_id":"2102","station_name":"40.00S/09.00E-28ADB01","lat":42.063083,"lon":-121.761139,"subbasin":"Sprague","organization":"U.S. Geological Survey"}]}},{"type":"Feature","geometry":{"type":"Polygon","coordinates":[[[-121.53617474361309,41.86254225288269],[-121.52821510442313,41.873955998728455],[-121.5373576084835,41.88408276095953],[-121.55445984723572,41.88279474401736],[-121.56241589188178,41.87138091640681],[-121.55327329337295,41.86125518740177],[-121.53617474361309,41.86254225288269]]]},"properties":{"h3_index":"872813b81ffffff","station_count":1,"program_id":"klamath_basin","program":"Klamath Basin","resolution":7,"stations":[{"station_id":"1219","station_name":"DRAIN 102 A PUMP 9","lat":41.873268,"lon":-121.543596,"waterbody":"Tule Lake","subbasin":"Lost","organization":"U.S.BoR & USF&W"}]}},{"type":"Feature","geometry":{"type":"Polygon","coordinates":[[[-121.48486615889504,41.866388890434365],[-121.47689775292709,41.877800417686785],[-121.4860379498863,41.88793224540554],[-121.50314665716722,41.88665151263787],[-121.51111147399146,41.87523989996841],[-121.50197117373422,41.86510910538264],[-121.48486615889504,41.866388890434365]]]},"properties":{"h3_index":"872813b82ffffff","station_count":1,"program_id":"klamath_basin","program":"Klamath Basin","resolution":7,"stations":[{"station_id":"1220","station_name":"PUMP 10","lat":41.871544,"lon":-121.495597,"waterbody":"Tule Lake","subbasin":"Lost","organization":"U.S.BoR & USF&W"}]}},{"type":"Feature","geometry":{"type":"Polygon","coordinates":[[[-121.51111147399146,41.87523989996841],[-121.50314665716722,41.88665151263787],[-121.51228906243509,41.89677930783033],[-121.52939638437462,41.895494457290674],[-121.5373576084835,41.88408276095953],[-121.52821510442313,41.873955998728455],[-121.51111147399146,41.87523989996841]]]},"properties":{"h3_index":"872813b83ffffff","station_count":1,"program_id":"klamath_basin","program":"Klamath Basin","resolution":7,"stations":[{"station_id":"1218","station_name":"Tule Lake Donut Hole","lat":41.890166,"lon":-121.530223,"waterbody":"Tule Lake","subbasin":"Lost","organization":"U.S.BoR & USF&W"}]}},{"type":"Feature","geometry":{"type":"Polygon","coordinates":[[[-121.56360455139414,41.892917472626486],[-121.55564692356798,41.90432925086334],[-121.56479373433635,41.914448977198795],[-121.58189826376403,41.91315589258565],[-121.58985229174424,41.901744034199716],[-121.58070539119599,41.89162534047423],[-121.56360455139414,41.892917472626486]]]},"properties":{"h3_index":"872813b88ffffff","station_count":1,"program_id":"klamath_basin","program":"Klamath Basin","resolution":7,"stations":[{"station_id":"1264","station_name":"Tule Lake West Boat Launch","lat":41.907245,"lon":-121.564862,"waterbody":"Tule Lake","subbasin":"Lost","organization":"U.S. Bureau of Reclamation"}]}},{"type":"Feature","geometry":{"type":"Polygon","coordinates":[[[-121.53854099424659,41.905618218686854],[-121.5305781846013,41.91702786304541],[-121.53972490124544,41.927148621730375],[-121.55683452271388,41.92585870360569],[-121.56479373433635,41.914448977198795],[-121.55564692356798,41.90432925086334],[-121.53854099424659,41.905618218686854]]]},"properties":{"h3_index":"872813b8affffff","station_count":1,"program_id":"klamath_basin","program":"Klamath Basin","resolution":7,"stations":[{"station_id":"2144","station_name":"A portion of the northwestern shoreline of Tule Lake 1A","lat":41.923821,"lon":-121.543904,"waterbody":"Tule Lake","subbasin":"Lost","organization":"U.S. Fish and Wildlife Service"}]}},{"type":"Feature","geometry":{"type":"Polygon","coordinates":[[[-121.56479373433635,41.914448977198795],[-121.55683452271388,41.92585870360569],[-121.56598344105328,41.93597542579374],[-121.58309166168372,41.93468138930083],[-121.59104727171805,41.92327158260149],[-121.58189826376403,41.91315589258565],[-121.56479373433635,41.914448977198795]]]},"properties":{"h3_index":"872813b8bffffff","station_count":2,"program_id":"klamath_basin","program":"Klamath Basin","resolution":7,"stations":[{"station_id":"439","station_name":"Tule Lake Tunnel(Pumping Plant D)","lat":41.924908,"lon":-121.566519,"waterbody":"Tule Lake Tunnel","subbasin":"Lost","organization":"U.S. Bureau of Reclamation"},{"station_id":"393","station_name":"Tule Lake Tunnel(Pumping Plant D)","lat":41.924908,"lon":-121.566519,"waterbody":"Tule Lake Tunnel","subbasin":"Lost","organization":"U.S. Bureau of Reclamation"}]}},{"type":"Feature","geometry":{"type":"Polygon","coordinates":[[[-121.5373576084835,41.88408276095953],[-121.52939638437462,41.895494457290674],[-121.53854099424659,41.905618218686854],[-121.55564692356798,41.90432925086334],[-121.56360455139414,41.892917472626486],[-121.55445984723572,41.88279474401736],[-121.5373576084835,41.88408276095953]]]},"properties":{"h3_index":"872813b8effffff","station_count":1,"program_id":"klamath_basin","program":"Klamath Basin","resolution":7,"stations":[{"station_id":"2155","station_name":"Tule Lake 1A, middle of \"Donut Hole\"","lat":41.88872,"lon":-121.53925,"waterbody":"Tule Lake","subbasin":"Lost","organization":"U.S. Fish and Wildlife Service"}]}},{"type":"Feature","geometry":{"type":"Polygon","coordinates":[[[-121.4883830806793,41.93100379475382],[-121.48040990581995,41.94240915786939],[-121.48955642116165,41.952531980468265],[-121.50667621524902,41.951248408024526],[-121.51464579575368,41.939842959062915],[-121.50549917758336,41.92972116828985],[-121.4883830806793,41.93100379475382]]]},"properties":{"h3_index":"872813b9bffffff","station_count":1,"program_id":"klamath_basin","program":"Klamath Basin","resolution":7,"stations":[{"station_id":"2154","station_name":"Tule Lake 1A, Lost River inflow","lat":41.93492,"lon":-121.50613,"waterbody":"Tule Lake","subbasin":"Lost","organization":"U.S. Fish and Wildlife Service"}]}},{"type":"Feature","geometry":{"type":"Polygon","coordinates":[[[-121.4860379498863,41.88793224540554],[-121.4780679549083,41.899341720402106],[-121.48721025703432,41.909470548290415],[-121.50432265833656,41.90818886838523],[-121.51228906243509,41.89677930783033],[-121.50314665716722,41.88665151263787],[-121.4860379498863,41.88793224540554]]]},"properties":{"h3_index":"872813b9cffffff","station_count":1,"program_id":"klamath_basin","program":"Klamath Basin","resolution":7,"stations":[{"station_id":"1221","station_name":"Pump11","lat":41.900532,"lon":-121.495461,"waterbody":"Tule Lake","subbasin":"Lost","organization":"U.S.BoR & USF&W"}]}},{"type":"Feature","geometry":{"type":"Polygon","coordinates":[[[-120.73723962658657,41.8873109398569],[-120.72914735734349,41.89869230619687],[-120.738249039942,41.90890191010384],[-120.75544322562584,41.907729116172256],[-120.76353198926465,41.89634761209074],[-120.75443007391141,41.886139039588144],[-120.73723962658657,41.8873109398569]]]},"properties":{"h3_index":"872813cf3ffffff","station_count":1,"program_id":"klamath_basin","program":"Klamath Basin","resolution":7,"stations":[{"station_id":"132","station_name":"Crowder Flat","lat":41.8934,"lon":-120.7519,"subbasin":"Lost","organization":"Natural Resources Conservation Service"}]}},{"type":"Feature","geometry":{"type":"Polygon","coordinates":[[[-122.74038691312504,40.679780358019855],[-122.73272187928602,40.69134212354513],[-122.7418118377816,40.70149069761211],[-122.75856672223972,40.700076447280914],[-122.76622812324328,40.688514696668],[-122.75713827358821,40.67836718136575],[-122.74038691312504,40.679780358019855]]]},"properties":{"h3_index":"87281520bffffff","station_count":1,"program_id":"klamath_basin","program":"Klamath Basin","resolution":7,"stations":[{"station_id":"337","station_name":"Hoadley","lat":40.683,"lon":-122.75,"subbasin":"Trinity","organization":"U.S. Bureau of Reclamation"}]}},{"type":"Feature","geometry":{"type":"Polygon","coordinates":[[[-122.73611583280255,40.61462070441731],[-122.72845515997788,40.62618801404988],[-122.73753891103274,40.63634535671389],[-122.75428322788574,40.63493432920439],[-122.76194027310447,40.62336703460554],[-122.7528566300385,40.613210752374485],[-122.73611583280255,40.61462070441731]]]},"properties":{"h3_index":"87281522affffff","station_count":3,"program_id":"klamath_basin","program":"Klamath Basin","resolution":7,"stations":[{"station_id":"324","station_name":"Grass Valley Creek","lat":40.625,"lon":-122.76,"waterbody":"Grass Valley Creek","subbasin":"Trinity","organization":"U.S. Bureau of Reclamation"},{"station_id":"1712","station_name":"Grass Valley Creek","lat":40.625,"lon":-122.76,"waterbody":"Grass Valley Creek","subbasin":"Trinity","organization":"U.S. Bureau of Reclamation"},{"station_id":"405","station_name":"Grass Valley Creek - Inflow","lat":40.621,"lon":-122.752,"subbasin":"Trinity","organization":"U.S. Bureau of Reclamation"}]}},{"type":"Feature","geometry":{"type":"Polygon","coordinates":[[[-122.84230673681027,40.69297088797525],[-122.83465770069793,40.704534433373325],[-122.8437534121181,40.71466999043203],[-122.86049803486492,40.71324094385555],[-122.86814342712763,40.7016774207449],[-122.85904784145306,40.69154292181439],[-122.84230673681027,40.69297088797525]]]},"properties":{"h3_index":"872815242ffffff","station_count":2,"program_id":"klamath_basin","program":"Klamath Basin","resolution":7,"stations":[{"station_id":"1375","station_name":"Above Grass Valley Creek","lat":40.698,"lon":-122.8534,"waterbody":"Trinity River","subbasin":"Trinity","organization":"Trinity River Restoration Program / USBR"},{"station_id":"1362","station_name":"Bucktail","lat":40.708,"lon":-122.847,"waterbody":"Trinity River","subbasin":"Trinity","organization":"Trinity River Restoration Program / USBR"}]}},{"type":"Feature","geometry":{"type":"Polygon","coordinates":[[[-122.84086068652546,40.671267008803305],[-122.83321309710085,40.68283240207264],[-122.84230673681027,40.69297088797525],[-122.85904784145306,40.69154292181439],[-122.86669178877847,40.67997755087547],[-122.85759827451962,40.66984012365814],[-122.84086068652546,40.671267008803305]]]},"properties":{"h3_index":"872815246ffffff","station_count":2,"program_id":"klamath_basin","program":"Klamath Basin","resolution":7,"stations":[{"station_id":"463","station_name":"Grass Valley Creek near Lewiston","lat":40.6867,"lon":-122.86,"waterbody":"Grass Valley Creek","subbasin":"Trinity","organization":"U.S. Bureau of Reclamation"},{"station_id":"850","station_name":"Grass Valley Creek near Lewiston","lat":40.6865,"lon":-122.861,"waterbody":"Grass Valley Creek","subbasin":"Trinity","organization":"U.S. Geological Survey"}]}},{"type":"Feature","geometry":{"type":"Polygon","coordinates":[[[-122.9456549073009,40.7277493020193],[-122.93802046564225,40.73931274726144],[-122.94712394146192,40.749432343426456],[-122.96386171696226,40.74798743734418],[-122.97149250208241,40.736424021728176],[-122.96238916919705,40.72630548245856],[-122.9456549073009,40.7277493020193]]]},"properties":{"h3_index":"872815249ffffff","station_count":2,"program_id":"klamath_basin","program":"Klamath Basin","resolution":7,"stations":[{"station_id":"1341","station_name":"West Weaver Creek @ USFS Boundary","lat":40.739112,"lon":-122.967956,"waterbody":"West Weaver Creek","subbasin":"Trinity","organization":"The Watershed Research and Training Center"},{"station_id":"1735","station_name":"Weaverville RS","lat":40.733,"lon":-122.95,"subbasin":"Trinity","organization":"U.S. Forest Service"}]}},{"type":"Feature","geometry":{"type":"Polygon","coordinates":[[[-122.92128096806847,40.740753689464235],[-122.91364143108308,40.752315312117716],[-122.9227450458437,40.7624359649338],[-122.93948805960652,40.76099393833572],[-122.94712394146192,40.749432343426456],[-122.93802046564225,40.73931274726144],[-122.92128096806847,40.740753689464235]]]},"properties":{"h3_index":"87281524bffffff","station_count":1,"program_id":"klamath_basin","program":"Klamath Basin","resolution":7,"stations":[{"station_id":"598","station_name":"Five Cent","lat":40.7597,"lon":-122.9308,"subbasin":"Trinity","organization":"U.S. Forest Service"}]}},{"type":"Feature","geometry":{"type":"Polygon","coordinates":[[[-122.94418650769943,40.706061478142054],[-122.93655350571582,40.7176267710795],[-122.9456549073009,40.7277493020193],[-122.96238916919705,40.72630548245856],[-122.9700185163998,40.71474021919281],[-122.96091725744294,40.70461874570642],[-122.94418650769943,40.706061478142054]]]},"properties":{"h3_index":"87281524dffffff","station_count":1,"program_id":"klamath_basin","program":"Klamath Basin","resolution":7,"stations":[{"station_id":"1340","station_name":"West Weaver Creek @ Mill Street Br","lat":40.721673,"lon":-122.940706,"waterbody":"West Weaver Creek","subbasin":"Trinity","organization":"The Watershed Research and Training Center"}]}},{"type":"Feature","geometry":{"type":"Polygon","coordinates":[[[-122.79206961678747,40.69724108199269],[-122.78441185181735,40.708802815861226],[-122.79350573041577,40.71894341836755],[-122.81025725750584,40.71752122872295],[-122.8179113832489,40.70595951343118],[-122.80881762209123,40.69581996909867],[-122.79206961678747,40.69724108199269]]]},"properties":{"h3_index":"872815250ffffff","station_count":5,"program_id":"klamath_basin","program":"Klamath Basin","resolution":7,"stations":[{"station_id":"1366","station_name":"Deadwood Creek","lat":40.717,"lon":-122.801,"waterbody":"Deadwood Creek","subbasin":"Trinity","organization":"Trinity River Restoration Program / USBR"},{"station_id":"1364","station_name":"Lewiston","lat":40.7081,"lon":-122.808,"waterbody":"Trinity River","subbasin":"Trinity","organization":"Trinity River Restoration Program / USBR"},{"station_id":"1374","station_name":"Lewiston","lat":40.7079,"lon":-122.808,"waterbody":"Trinity River","subbasin":"Trinity","organization":"Trinity River Restoration Program / USBR"},{"station_id":"1209","station_name":"Trinity River below Lewiston Dam","lat":40.718038,"lon":-122.802942,"waterbody":"Trinity River","subbasin":"Trinity","organization":"U.S. Fish and Wildlife Service"},{"station_id":"406","station_name":"near mouth of Deadwood Crk in culvert pool","lat":40.717189,"lon":-122.801728,"waterbody":"Deadwood Creek","subbasin":"Trinity","organization":"U.S. Forest Service"}]}},{"type":"Feature","geometry":{"type":"Polygon","coordinates":[[[-122.8179113832489,40.70595951343118],[-122.81025725750584,40.71752122872295],[-122.81935309066684,40.72765784365613],[-122.8361029287914,40.7262316853143],[-122.8437534121181,40.71466999043203],[-122.83465770069793,40.704534433373325],[-122.8179113832489,40.70595951343118]]]},"properties":{"h3_index":"872815251ffffff","station_count":3,"program_id":"klamath_basin","program":"Klamath Basin","resolution":7,"stations":[{"station_id":"495","station_name":"Trinity River above Rush Creek","lat":40.72089,"lon":-122.82898,"waterbody":"Trinity River","subbasin":"Trinity","organization":"U.S. Fish and Wildlife Service"},{"station_id":"934","station_name":"Rush Creek near Lewiston","lat":40.724498,"lon":-122.834999,"waterbody":"Rush Creek","subbasin":"Trinity","organization":"U.S. Geological Survey"},{"station_id":"1743","station_name":"Rush Creek near Lewiston","lat":40.725,"lon":-122.834,"waterbody":"Rush Creek","subbasin":"Trinity","organization":"US Geological Survey/US Bureau of Reclamation"}]}},{"type":"Feature","geometry":{"type":"Polygon","coordinates":[[[-122.79350573041577,40.71894341836755],[-122.78584651420402,40.73050329898817],[-122.79494246509584,40.74064097154129],[-122.81169751543139,40.73921770574524],[-122.81935309066684,40.72765784365613],[-122.81025725750584,40.71752122872295],[-122.79350573041577,40.71894341836755]]]},"properties":{"h3_index":"872815253ffffff","station_count":11,"program_id":"klamath_basin","program":"Klamath Basin","resolution":7,"stations":[{"station_id":"1373","station_name":"Lewiston Dam","lat":40.7265,"lon":-122.795,"waterbody":"Trinity River","subbasin":"Trinity","organization":"Trinity River Restoration Program / USBR"},{"station_id":"1365","station_name":"Weir Pool","lat":40.7197,"lon":-122.802,"waterbody":"Trinity River","subbasin":"Trinity","organization":"Trinity River Restoration Program / USBR"},{"station_id":"433","station_name":"Lewiston","lat":40.719311,"lon":-122.803635,"waterbody":"Trinity River","subbasin":"Trinity","organization":"U.S. Bureau of Reclamation"},{"station_id":"351","station_name":"Lewiston","lat":40.727,"lon":-122.793,"waterbody":"Trinity River","subbasin":"Trinity","organization":"U.S. Bureau of Reclamation"},{"station_id":"1713","station_name":"Lewiston","lat":40.727,"lon":-122.793,"waterbody":"Lewiston Reservoir","subbasin":"Trinity","organization":"U.S. Bureau of Reclamation"},{"station_id":"451","station_name":"Lewiston Fish Hatchery","lat":40.727,"lon":-122.793,"subbasin":"Trinity","organization":"U.S. Bureau of Reclamation"},{"station_id":"1714","station_name":"Lewiston Fish Hatchery","lat":40.727,"lon":-122.793,"subbasin":"Trinity","organization":"U.S. Bureau of Reclamation"},{"station_id":"1716","station_name":"Trinity R at Lewiston","lat":40.719,"lon":-122.802,"waterbody":"Trinity River","subbasin":"Trinity","organization":"U.S. Bureau of Reclamation"},{"station_id":"1208","station_name":"Trinity River below Lewiston Dam","lat":40.719745,"lon":-122.803133,"waterbody":"Trinity River","subbasin":"Trinity","organization":"U.S. Fish and Wildlife Service"},{"station_id":"871","station_name":"Trinity River at Lewiston","lat":40.719299,"lon":-122.803001,"waterbody":"Trinity River","subbasin":"Trinity","organization":"U.S. Geological Survey"},{"station_id":"1742","station_name":"Lewiston (Water Quality)","lat":40.71931,"lon":-122.80363,"waterbody":"Lewiston Reservoir","subbasin":"Trinity","organization":"US Geological Survey/US Bureau of Reclamation"}]}},{"type":"Feature","geometry":{"type":"Polygon","coordinates":[[[-122.81935309066684,40.72765784365613],[-122.81169751543139,40.73921770574524],[-122.8207954215261,40.74935138923768],[-122.83754878178438,40.74792415321189],[-122.84520071285237,40.736364311486405],[-122.8361029287914,40.7262316853143],[-122.81935309066684,40.72765784365613]]]},"properties":{"h3_index":"87281525effffff","station_count":1,"program_id":"klamath_basin","program":"Klamath Basin","resolution":7,"stations":[{"station_id":"1363","station_name":"Rush Creek","lat":40.7383,"lon":-122.84,"waterbody":"Rush Creek","subbasin":"Trinity","organization":"Trinity River Restoration Program / USBR"}]}},{"type":"Feature","geometry":{"type":"Polygon","coordinates":[[[-122.91397005980438,40.6322706200505],[-122.906337727362,40.64384146817327],[-122.91543097873378,40.653976777257284],[-122.93215642607682,40.65254017866269],[-122.93978511216241,40.640969358500115],[-122.93069199821664,40.630835108862634],[-122.91397005980438,40.6322706200505]]]},"properties":{"h3_index":"872815261ffffff","station_count":1,"program_id":"klamath_basin","program":"Klamath Basin","resolution":7,"stations":[{"station_id":"831","station_name":"Indian Creek near Douglas City","lat":40.651798,"lon":-122.914001,"waterbody":"Indian Creek","subbasin":"Trinity","organization":"U.S. Geological Survey"}]}},{"type":"Feature","geometry":{"type":"Polygon","coordinates":[[[-122.88670051948762,40.60184901111227],[-122.8790659849425,40.61342172254267],[-122.88815523030279,40.623563940124576],[-122.90487887832263,40.62213238584914],[-122.91250977142293,40.61055970057883],[-122.90342065890346,40.60041854331485],[-122.88670051948762,40.60184901111227]]]},"properties":{"h3_index":"872815264ffffff","station_count":1,"program_id":"klamath_basin","program":"Klamath Basin","resolution":7,"stations":[{"station_id":"445","station_name":"Upr Indian thermal refugia","lat":40.620491,"lon":-122.896564,"waterbody":"Indian Creek","subbasin":"Trinity","organization":"U.S. Forest Service"}]}},{"type":"Feature","geometry":{"type":"Polygon","coordinates":[[[-122.91689252861782,40.67567816749499],[-122.90925731592559,40.68724533336573],[-122.91835470986334,40.69737478606692],[-122.93508717941842,40.695936014463655],[-122.9427187422483,40.68436887647198],[-122.93362148634147,40.67424048209512],[-122.91689252861782,40.67567816749499]]]},"properties":{"h3_index":"87281526affffff","station_count":2,"program_id":"klamath_basin","program":"Klamath Basin","resolution":7,"stations":[{"station_id":"346","station_name":"Little Browns Cr @ Highway 3 bridge","lat":40.694851,"lon":-122.926729,"waterbody":"Little Browns Creek","subbasin":"Trinity","organization":"The Watershed Research and Training Center"},{"station_id":"1360","station_name":"Steelbridge","lat":40.6756,"lon":-122.918,"waterbody":"Trinity River","subbasin":"Trinity","organization":"Trinity River Restoration Program / USBR"}]}},{"type":"Feature","geometry":{"type":"Polygon","coordinates":[[[-122.93978511216241,40.640969358500115],[-122.93215642607682,40.65254017866269],[-122.94125161053879,40.66267150169389],[-122.95797534032825,40.6612309453176],[-122.96560037689862,40.649660154953],[-122.9565053341487,40.639529891057215],[-122.93978511216241,40.640969358500115]]]},"properties":{"h3_index":"87281526cffffff","station_count":7,"program_id":"klamath_basin","program":"Klamath Basin","resolution":7,"stations":[{"station_id":"1377","station_name":"Near Douglas City","lat":40.6467,"lon":-122.9565,"waterbody":"Trinity River","subbasin":"Trinity","organization":"Trinity River Restoration Program / USBR"},{"station_id":"1357","station_name":"Weaver Creek","lat":40.6529,"lon":-122.94,"waterbody":"Weaver Creek","subbasin":"Trinity","organization":"Trinity River Restoration Program / USBR"},{"station_id":"1207","station_name":"Trinity River at Douglas City (USGS station)","lat":40.646797,"lon":-122.9562,"waterbody":"Trinity River","subbasin":"Trinity","organization":"U.S. Fish and Wildlife Service"},{"station_id":"365","station_name":"Mouth of Reading Crk","lat":40.64277,"lon":-122.952494,"waterbody":"Reading Creek","subbasin":"Trinity","organization":"U.S. Forest Service"},{"station_id":"499","station_name":"Mouth of Weaver Crk","lat":40.656382,"lon":-122.941995,"waterbody":"Weaver Creek","subbasin":"Trinity","organization":"U.S. Forest Service"},{"station_id":"838","station_name":"Trinity River at Douglas City","lat":40.646999,"lon":-122.956001,"waterbody":"Trinity River","subbasin":"Trinity","organization":"U.S. Geological Survey"},{"station_id":"1745","station_name":"Trinity River at Douglas City","lat":40.64528,"lon":-122.95667,"waterbody":"Trinity River","subbasin":"Trinity","organization":"US Geological Survey/US Bureau of Reclamation"}]}},{"type":"Feature","geometry":{"type":"Polygon","coordinates":[[[-122.96560037689862,40.649660154953],[-122.95797534032825,40.6612309453176],[-122.967072454218,40.67135828112104],[-122.9837944596332,40.66991376762845],[-122.99141584353423,40.65834300889991],[-122.98231887564246,40.6482167319182],[-122.96560037689862,40.649660154953]]]},"properties":{"h3_index":"87281526dffffff","station_count":1,"program_id":"klamath_basin","program":"Klamath Basin","resolution":7,"stations":[{"station_id":"1356","station_name":"Lorenz Gulch","lat":40.6649,"lon":-122.967,"waterbody":"Trinity River","subbasin":"Trinity","organization":"Trinity River Restoration Program / USBR"}]}},{"type":"Feature","geometry":{"type":"Polygon","coordinates":[[[-122.91543097873378,40.653976777257284],[-122.90779720642755,40.66554578557901],[-122.91689252861782,40.67567816749499],[-122.93362148634147,40.67424048209512],[-122.94125161053879,40.66267150169389],[-122.93215642607682,40.65254017866269],[-122.91543097873378,40.653976777257284]]]},"properties":{"h3_index":"87281526effffff","station_count":7,"program_id":"klamath_basin","program":"Klamath Basin","resolution":7,"stations":[{"station_id":"1358","station_name":"Above Weaver","lat":40.654,"lon":-122.933,"waterbody":"Trinity River","subbasin":"Trinity","organization":"Trinity River Restoration Program / USBR"},{"station_id":"1359","station_name":"Indian Creek","lat":40.6568,"lon":-122.914,"waterbody":"Indian Creek","subbasin":"Trinity","organization":"Trinity River Restoration Program / USBR"},{"station_id":"1376","station_name":"Near Limekiln Gulch","lat":40.6731,"lon":-122.9208,"waterbody":"Trinity River","subbasin":"Trinity","organization":"Trinity River Restoration Program / USBR"},{"station_id":"448","station_name":"Indian Creek near mouth (Trinity River)","lat":40.656452,"lon":-122.913884,"waterbody":"Indian Creek","subbasin":"Trinity","organization":"U.S. Fish and Wildlife Service"},{"station_id":"644","station_name":"Mouth of Indian Crk","lat":40.657594,"lon":-122.913707,"waterbody":"Indian Creek","subbasin":"Trinity","organization":"U.S. Forest Service"},{"station_id":"946","station_name":"Trinity River below Limekiln Gulch near Douglas City","lat":40.672599,"lon":-122.919998,"waterbody":"Trinity River","subbasin":"Trinity","organization":"U.S. Geological Survey"},{"station_id":"1746","station_name":"Trinity River below Limekiln Gulch","lat":40.673,"lon":-122.919,"waterbody":"Trinity River","subbasin":"Trinity","organization":"US Geological Survey/US Bureau of Reclamation"}]}},{"type":"Feature","geometry":{"type":"Polygon","coordinates":[[[-122.81502983712831,40.66254851779507],[-122.80737860878585,40.674113931560456],[-122.81647029887006,40.68425640324694],[-122.83321309710085,40.68283240207264],[-122.84086068652546,40.671267008803305],[-122.8317691175973,40.66112559610354],[-122.81502983712831,40.66254851779507]]]},"properties":{"h3_index":"872815273ffffff","station_count":1,"program_id":"klamath_basin","program":"Klamath Basin","resolution":7,"stations":[{"station_id":"43","station_name":"Trinity Camp","lat":40.679,"lon":-122.833,"subbasin":"Trinity","organization":"CA Dept of Forestry and Fire Protection"}]}},{"type":"Feature","geometry":{"type":"Polygon","coordinates":[[[-122.74751770309649,40.788284206060965],[-122.73984539026031,40.799836678495275],[-122.7489457130905,40.80997059730103],[-122.7657182394572,40.80855098755288],[-122.77338691071753,40.79699852979365],[-122.76428669815397,40.78686566699905],[-122.74751770309649,40.788284206060965]]]},"properties":{"h3_index":"8728152ccffffff","station_count":2,"program_id":"klamath_basin","program":"Klamath Basin","resolution":7,"stations":[{"station_id":"394","station_name":"Trinity Lake","lat":40.801,"lon":-122.762,"waterbody":"Trinity Lake","subbasin":"Trinity","organization":"U.S. Bureau of Reclamation"},{"station_id":"1715","station_name":"Trinity Lake","lat":40.801,"lon":-122.762,"subbasin":"Trinity","organization":"U.S. Bureau of Reclamation"}]}},{"type":"Feature","geometry":{"type":"Polygon","coordinates":[[[-122.6482624573258,40.81844000993902],[-122.64057121556898,40.8299869147147],[-122.64966986325854,40.84012799232326],[-122.66645965984038,40.83872110951513],[-122.67414726765641,40.82717421194766],[-122.66504871380363,40.817034189872345],[-122.6482624573258,40.81844000993902]]]},"properties":{"h3_index":"8728152deffffff","station_count":1,"program_id":"klamath_basin","program":"Klamath Basin","resolution":7,"stations":[{"station_id":"484","station_name":"Trinity Guard Station","lat":40.825,"lon":-122.66,"subbasin":"Trinity","organization":"U.S. Bureau of Reclamation"}]}},{"type":"Feature","geometry":{"type":"Polygon","coordinates":[[[-122.90959108467945,40.56712359369544],[-122.90196306869882,40.57869994528608],[-122.91105011318326,40.58884402355408],[-122.9277650380802,40.587410688982416],[-122.93538941295317,40.57583436546055],[-122.92630250499005,40.565691348332436],[-122.90959108467945,40.56712359369544]]]},"properties":{"h3_index":"872815348ffffff","station_count":2,"program_id":"klamath_basin","program":"Klamath Basin","resolution":7,"stations":[{"station_id":"458","station_name":"Big Browns Creek @ Hazel Valley Bridge","lat":40.572088,"lon":-122.927626,"waterbody":"Browns Creek","subbasin":"Trinity","organization":"The Watershed Research and Training Center"},{"station_id":"436","station_name":"Browns Creek at Hazel (Smith Lane Bridge)","lat":40.572088,"lon":-122.927626,"waterbody":"Browns Creek","subbasin":"Trinity","organization":"The Watershed Research and Training Center"}]}},{"type":"Feature","geometry":{"type":"Polygon","coordinates":[[[-121.87022907149604,43.167907542037014],[-121.8622152181825,43.17920149945557],[-121.87150159454661,43.18911317276072],[-121.88880186332243,43.18772988007109],[-121.89681198429709,43.17643584735931],[-121.88752556991754,43.166525182521774],[-121.87022907149604,43.167907542037014]]]},"properties":{"h3_index":"87281ad94ffffff","station_count":1,"program_id":"klamath_basin","program":"Klamath Basin","resolution":7,"stations":[{"station_id":"2114","station_name":"Miller Creek Near Beaver Marsh, OR","lat":43.183333,"lon":-121.873556,"waterbody":"Miller Creek","subbasin":"Williamson","organization":"U.S. Geological Survey"}]}},{"type":"Feature","geometry":{"type":"Polygon","coordinates":[[[-123.46235062717702,41.92749515246062],[-123.45470908761662,41.93896422457537],[-123.46394820375546,41.948868412113875],[-123.48082862665446,41.94730250211752],[-123.48846636737477,41.93583348600224],[-123.47922748500406,41.92593032376721],[-123.46235062717702,41.92749515246062]]]},"properties":{"h3_index":"87281c082ffffff","station_count":1,"program_id":"klamath_basin","program":"Klamath Basin","resolution":7,"stations":[{"station_id":"2363","station_name":"Indian Ck upstream of West Branch","lat":41.928653,"lon":-123.471209,"waterbody":"Indian Creek","subbasin":"Middle Klamath","organization":"U.S. Forest Service"}]}},{"type":"Feature","geometry":{"type":"Polygon","coordinates":[[[-123.46075374731001,41.906116870172916],[-123.45311364211618,41.917587912705685],[-123.46235062717702,41.92749515246062],[-123.47922748500406,41.92593032376721],[-123.48686379320866,41.91445933737469],[-123.47762704154273,41.9045531234188],[-123.46075374731001,41.906116870172916]]]},"properties":{"h3_index":"87281c086ffffff","station_count":1,"program_id":"klamath_basin","program":"Klamath Basin","resolution":7,"stations":[{"station_id":"2382","station_name":"Mill Ck (Indian Ck)","lat":41.921473,"lon":-123.469287,"waterbody":"Mill Creek","subbasin":"Middle Klamath","organization":"U.S. Forest Service"}]}},{"type":"Feature","geometry":{"type":"Polygon","coordinates":[[[-123.50815323077724,41.85865356377541],[-123.50052501166293,41.870130388014374],[-123.50975939651555,41.88003862546762],[-123.52662176032653,41.878469012013625],[-123.53424618167244,41.86699224795503],[-123.52501203793939,41.85708503705333],[-123.50815323077724,41.85865356377541]]]},"properties":{"h3_index":"87281c0a0ffffff","station_count":5,"program_id":"klamath_basin","program":"Klamath Basin","resolution":7,"stations":[{"station_id":"2417","station_name":"South Fk Indian Ck upstream of Twins Valley Ck","lat":41.868225,"lon":-123.51947,"waterbody":"South Fork Indian Creek","subbasin":"Middle Klamath","organization":"U.S. Forest Service"},{"station_id":"386","station_name":"South Fork Indian , 55ft upstream of Twins Valley Cr confluence","lat":41.86827,"lon":-123.51958,"waterbody":"South Fork Indian Creek","subbasin":"Middle Klamath","organization":"U.S. Forest Service"},{"station_id":"1125","station_name":"Twin Valley","lat":41.8689,"lon":-123.522003,"waterbody":"Twin Valley Creek","subbasin":"Middle Klamath","organization":"U.S. Forest Service"},{"station_id":"2433","station_name":"Twin Valley Ck","lat":41.870425,"lon":-123.524959,"waterbody":"Twin Valley Creek","subbasin":"Middle Klamath","organization":"U.S. Forest Service"},{"station_id":"633","station_name":"Twins Valley Creek, just upstream from mouth","lat":41.86821,"lon":-123.5201,"waterbody":"Twin Valley Creek","subbasin":"Middle Klamath","organization":"U.S. Forest Service"}]}},{"type":"Feature","geometry":{"type":"Polygon","coordinates":[[[-123.48206026109452,41.85030679106423],[-123.47442824737134,41.8617836736694],[-123.48366074052267,41.871695985664765],[-123.50052501166293,41.870130388014374],[-123.50815323077724,41.85865356377541],[-123.49892097432476,41.84874227870412],[-123.48206026109452,41.85030679106423]]]},"properties":{"h3_index":"87281c0a6ffffff","station_count":1,"program_id":"klamath_basin","program":"Klamath Basin","resolution":7,"stations":[{"station_id":"2376","station_name":"Little South Fk Indian Ck","lat":41.869022,"lon":-123.500173,"waterbody":"Little South Fork Indian Creek","subbasin":"Middle Klamath","organization":"U.S. Forest Service"}]}},{"type":"Feature","geometry":{"type":"Polygon","coordinates":[[[-123.43305321119655,41.87637887587257],[-123.42541074788983,41.88785194085461],[-123.43464370228594,41.8977663063082],[-123.45151889236153,41.896206579999586],[-123.45915756370118,41.884733569484595],[-123.44992483790011,41.874820230694915],[-123.43305321119655,41.87637887587257]]]},"properties":{"h3_index":"87281c0b0ffffff","station_count":3,"program_id":"klamath_basin","program":"Klamath Basin","resolution":7,"stations":[{"station_id":"606","station_name":"Indian Creek, just below bridge to SF","lat":41.88255,"lon":-123.42896,"waterbody":"Indian Creek","subbasin":"Middle Klamath","organization":"U.S. Forest Service"},{"station_id":"1113","station_name":"SF Indian","lat":41.878799,"lon":-123.433998,"waterbody":"South Fork Indian Creek","subbasin":"Middle Klamath","organization":"U.S. Forest Service"},{"station_id":"594","station_name":"South Fork Indian, 200 feet downstream of SF Bridge","lat":41.87968,"lon":-123.43147,"waterbody":"South Fork Indian Creek","subbasin":"Middle Klamath","organization":"U.S. Forest Service"}]}},{"type":"Feature","geometry":{"type":"Polygon","coordinates":[[[-123.40694887106619,41.86801608841731],[-123.39930261896973,41.87948920605452],[-123.40853366898101,41.889407645845786],[-123.42541074788983,41.88785194085461],[-123.43305321119655,41.87637887587257],[-123.42382238535298,41.86646146311049],[-123.40694887106619,41.86801608841731]]]},"properties":{"h3_index":"87281c0b6ffffff","station_count":5,"program_id":"klamath_basin","program":"Klamath Basin","resolution":7,"stations":[{"station_id":"2343","station_name":"East Fk Indian Ck ~1 mi upstream from mouth","lat":41.888414,"lon":-123.414176,"waterbody":"East Fork Indian Creek","subbasin":"Middle Klamath","organization":"U.S. Forest Service"},{"station_id":"1067","station_name":"EF Indian","lat":41.880298,"lon":-123.418998,"waterbody":"East Fork Indian Creek","subbasin":"Middle Klamath","organization":"U.S. Forest Service"},{"station_id":"392","station_name":"EF Indian Creek, just upstream from mouth","lat":41.88866,"lon":-123.41433,"waterbody":"East Fork Elk Creek","subbasin":"Middle Klamath","organization":"U.S. Forest Service"},{"station_id":"1080","station_name":"Indian","lat":41.882099,"lon":-123.428001,"waterbody":"Indian Creek","subbasin":"Middle Klamath","organization":"U.S. Forest Service"},{"station_id":"2360","station_name":"Indian Ck below bridge to South Fork","lat":41.882112,"lon":-123.428141,"waterbody":"Indian Creek","subbasin":"Middle Klamath","organization":"U.S. Forest Service"}]}},{"type":"Feature","geometry":{"type":"Polygon","coordinates":[[[-123.59303317387747,41.6351479672561],[-123.58543718618667,41.646647896137246],[-123.59465359422443,41.65657634042206],[-123.61146573674304,41.655003824550825],[-123.6190579362619,41.64350396464749],[-123.60984178238697,41.63357655152102],[-123.59303317387747,41.6351479672561]]]},"properties":{"h3_index":"87281c130ffffff","station_count":3,"program_id":"klamath_basin","program":"Klamath Basin","resolution":7,"stations":[{"station_id":"2318","station_name":"(AIR) North Fork Dillon Ck upstream of Vann Ck","lat":41.655635,"lon":-123.598659,"subbasin":"Middle Klamath","organization":"U.S. Forest Service"},{"station_id":"1097","station_name":"NF Dillon2","lat":41.652599,"lon":-123.594001,"waterbody":"North Fork Dillon Creek","subbasin":"Middle Klamath","organization":"U.S. Forest Service"},{"station_id":"569","station_name":"North Fork Dillon, upstream of Vann Creek","lat":41.65326,"lon":-123.59558,"waterbody":"North Fork Dillon Creek","subbasin":"Middle Klamath","organization":"U.S. Forest Service"}]}},{"type":"Feature","geometry":{"type":"Polygon","coordinates":[[[-123.37453501809328,41.77401241685274],[-123.36689073279845,41.78549343443539],[-123.37611137095446,41.795428115455934],[-123.39297607708517,41.79388074938794],[-123.40061658413586,41.78239978318093],[-123.39139616426746,41.77246613155078],[-123.37453501809328,41.77401241685274]]]},"properties":{"h3_index":"87281c196ffffff","station_count":16,"program_id":"klamath_basin","program":"Klamath Basin","resolution":7,"stations":[{"station_id":"34","station_name":"Elk Creek","lat":41.780953,"lon":-123.393684,"waterbody":"Elk Creek","subbasin":"Middle Klamath","organization":"Karuk Tribe"},{"station_id":"161","station_name":"Indian Creek","lat":41.790191,"lon":-123.378799,"waterbody":"Indian Creek","subbasin":"Middle Klamath","organization":"Karuk Tribe"},{"station_id":"117","station_name":"Little Grider Creek","lat":41.783848,"lon":-123.395181,"waterbody":"Little Grider Creek","subbasin":"Middle Klamath","organization":"Karuk Tribe"},{"station_id":"1194","station_name":"Happy Camp","lat":41.78677,"lon":-123.39106,"waterbody":"Klamath River","subbasin":"Middle Klamath","organization":"Klamath Tribal Water Quality Consortium"},{"station_id":"2348","station_name":"Elk Ck above mouth","lat":41.776696,"lon":-123.384699,"waterbody":"Elk Creek","subbasin":"Middle Klamath","organization":"U.S. Forest Service"},{"station_id":"363","station_name":"Elk Creek, 100ft downstream of Curly Jack bridge","lat":41.78093,"lon":-123.39368,"waterbody":"Elk Creek","subbasin":"Middle Klamath","organization":"U.S. Forest Service"},{"station_id":"577","station_name":"Elk Creek, just above water plant","lat":41.7758,"lon":-123.38337,"waterbody":"Elk Creek","subbasin":"Middle Klamath","organization":"U.S. Forest Service"},{"station_id":"2361","station_name":"Indian Ck near 2nd St bridge","lat":41.792863,"lon":-123.379427,"waterbody":"Indian Creek","subbasin":"Middle Klamath","organization":"U.S. Forest Service"},{"station_id":"375","station_name":"Indian Creek, 30 ft downstream of HWY 96 Bridge","lat":41.790878,"lon":-123.378877,"waterbody":"Indian Creek","subbasin":"Middle Klamath","organization":"U.S. Forest Service"},{"station_id":"500","station_name":"Indian Creek, near mouth - above 2nd street bridge","lat":41.79285,"lon":-123.37946,"waterbody":"Indian Creek","subbasin":"Middle Klamath","organization":"U.S. Forest Service"},{"station_id":"2370","station_name":"Klamath R upstream of Indian Ck","lat":41.790449,"lon":-123.376525,"waterbody":"Klamath River","subbasin":"Middle Klamath","organization":"U.S. Forest Service"},{"station_id":"639","station_name":"Klamath River, upstream of Indian Creek","lat":41.79079,"lon":-123.37676,"waterbody":"Klamath River","subbasin":"Middle Klamath","organization":"U.S. Forest Service"},{"station_id":"1086","station_name":"Little Grider","lat":41.783699,"lon":-123.399002,"waterbody":"Little Grider Creek","subbasin":"Middle Klamath","organization":"U.S. Forest Service"},{"station_id":"2374","station_name":"Little Grider Ck","lat":41.783902,"lon":-123.395247,"waterbody":"Little Grider Creek","subbasin":"Middle Klamath","organization":"U.S. Forest Service"},{"station_id":"530","station_name":"Little Grider Creek, just upstream from mouth","lat":41.78377,"lon":-123.39684,"waterbody":"Little Grider Creek","subbasin":"Middle Klamath","organization":"U.S. Forest Service"},{"station_id":"377","station_name":"Little Grider Creek, Under hwy 96 bridge","lat":41.78378,"lon":-123.39693,"waterbody":"Little Grider Creek","subbasin":"Middle Klamath","organization":"U.S. Forest Service"}]}},{"type":"Feature","geometry":{"type":"Polygon","coordinates":[[[-123.54903605312089,41.72554527895747],[-123.54142539655457,41.73703565037913],[-123.55064866653184,41.74695704951446],[-123.56748234674502,41.74538704776898],[-123.57508921217907,41.73389674107549],[-123.5658661894898,41.72397637128278],[-123.54903605312089,41.72554527895747]]]},"properties":{"h3_index":"87281c1acffffff","station_count":6,"program_id":"klamath_basin","program":"Klamath Basin","resolution":7,"stations":[{"station_id":"2335","station_name":"Clear Ck upstream of Tenmile Ck","lat":41.734686,"lon":-123.547036,"waterbody":"Clear Creek","subbasin":"Middle Klamath","organization":"U.S. Forest Service"},{"station_id":"356","station_name":"Clear Creek, upstream of Tenmile Creek","lat":41.73461,"lon":-123.5474,"waterbody":"Clear Creek","subbasin":"Middle Klamath","organization":"U.S. Forest Service"},{"station_id":"1060","station_name":"Clear2","lat":41.7346,"lon":-123.549003,"waterbody":"Clear Creek","subbasin":"Middle Klamath","organization":"U.S. Forest Service"},{"station_id":"637","station_name":"Ten Mile Creek, just upstream from mouth","lat":41.73575,"lon":-123.5472,"waterbody":"Tenmile Creek","subbasin":"Middle Klamath","organization":"U.S. Forest Service"},{"station_id":"1121","station_name":"Tenmile","lat":41.736301,"lon":-123.547996,"waterbody":"Tenmile Creek","subbasin":"Middle Klamath","organization":"U.S. Forest Service"},{"station_id":"2427","station_name":"Tenmile Ck","lat":41.735208,"lon":-123.547125,"waterbody":"Tenmile Creek","subbasin":"Middle Klamath","organization":"U.S. Forest Service"}]}},{"type":"Feature","geometry":{"type":"Polygon","coordinates":[[[-123.42193916254634,41.72652673786846],[-123.41430673478891,41.73801351114139],[-123.42352480954104,41.74794916963772],[-123.44037508699701,41.74639702456604],[-123.44800373568486,41.73491030668167],[-123.43878588695007,41.72497567836471],[-123.42193916254634,41.72652673786846]]]},"properties":{"h3_index":"87281c1b0ffffff","station_count":11,"program_id":"klamath_basin","program":"Klamath Basin","resolution":7,"stations":[{"station_id":"217","station_name":"Klamath River below Happy Camp","lat":41.729654,"lon":-123.429207,"waterbody":"Klamath River","subbasin":"Middle Klamath","organization":"Karuk Tribe"},{"station_id":"95","station_name":"Oak Flat Creek","lat":41.729795,"lon":-123.435593,"waterbody":"Oak Flat Creek","subbasin":"Middle Klamath","organization":"Karuk Tribe"},{"station_id":"1722","station_name":"Klamath River below Happy Camp","lat":41.729593,"lon":-123.426319,"waterbody":"Klamath River","subbasin":"Middle Klamath","organization":"U.S. Fish and Wildlife Service"},{"station_id":"510","station_name":"Klamath River below Happy Camp ","lat":41.729647,"lon":-123.425579,"waterbody":"Klamath River","subbasin":"Middle Klamath","organization":"U.S. Fish and Wildlife Service"},{"station_id":"1538","station_name":"Klamath River below Happy Camp ","lat":41.729429,"lon":-123.42664,"waterbody":"Klamath River","subbasin":"Middle Klamath","organization":"U.S. Fish and Wildlife Service"},{"station_id":"2371","station_name":"Klamath R upstream of Oak Flat Ck","lat":41.729683,"lon":-123.4294,"waterbody":"Klamath River","subbasin":"Middle Klamath","organization":"U.S. Forest Service"},{"station_id":"533","station_name":"Klamath River, upstream of Oak Flat Creek","lat":41.7303,"lon":-123.43421,"waterbody":"Klamath River","subbasin":"Middle Klamath","organization":"U.S. Forest Service"},{"station_id":"1103","station_name":"Oak Flat","lat":41.7313,"lon":-123.435997,"waterbody":"Oak Flat Creek","subbasin":"Middle Klamath","organization":"U.S. Forest Service"},{"station_id":"2394","station_name":"Oak Flat Ck","lat":41.73136,"lon":-123.436108,"waterbody":"Oak Flat Creek","subbasin":"Middle Klamath","organization":"U.S. Forest Service"},{"station_id":"460","station_name":"Oak Flat Creek, 200 ft  upstream Hwy 96 bridge","lat":41.72983,"lon":-123.43551,"waterbody":"Oak Flat Creek","subbasin":"Middle Klamath","organization":"U.S. Forest Service"},{"station_id":"611","station_name":"Oak Flat Creek, just upstream from mouth","lat":41.73011,"lon":-123.43561,"waterbody":"Oak Flat Creek","subbasin":"Middle Klamath","organization":"U.S. Forest Service"}]}},{"type":"Feature","geometry":{"type":"Polygon","coordinates":[[[-123.1289478116268,41.90403676058592],[-123.121251339537,41.91549848273932],[-123.13047393652663,41.925443449718216],[-123.14739282912014,41.923925666494455],[-123.15508553670472,41.91246397627688],[-123.14586311718408,41.902520037233],[-123.1289478116268,41.90403676058592]]]},"properties":{"h3_index":"87281c422ffffff","station_count":2,"program_id":"klamath_basin","program":"Klamath Basin","resolution":7,"stations":[{"station_id":"2344","station_name":"East Fk Seiad Ck","lat":41.906239,"lon":-123.142743,"waterbody":"East Fork Seiad Creek","subbasin":"Middle Klamath","organization":"U.S. Forest Service"},{"station_id":"2440","station_name":"West Fk Seiad Ck","lat":41.905987,"lon":-123.14308,"waterbody":"West Fork Seiad Creek","subbasin":"Middle Klamath","organization":"U.S. Forest Service"}]}},{"type":"Feature","geometry":{"type":"Polygon","coordinates":[[[-123.1274223533317,41.8826250471174],[-123.11972734162602,41.89408875126018],[-123.1289478116268,41.90403676058592],[-123.14586311718408,41.902520037233],[-123.15355436621701,41.891056365165845],[-123.14433407334795,41.88110938426185],[-123.1274223533317,41.8826250471174]]]},"properties":{"h3_index":"87281c426ffffff","station_count":1,"program_id":"klamath_basin","program":"Klamath Basin","resolution":7,"stations":[{"station_id":"4","station_name":"Seiad Creek (above diversion)","lat":41.901564,"lon":-123.140006,"waterbody":"Seiad Creek","subbasin":"Middle Klamath","organization":"Karuk Tribe"}]}},{"type":"Feature","geometry":{"type":"Polygon","coordinates":[[[-123.3349109974122,41.928464758974535],[-123.3272476226424,41.939930134383346],[-123.33648145075927,41.949848605174196],[-123.35337844229996,41.94830067430529],[-123.36103803047011,41.936835345563495],[-123.35180441467325,41.92691790090786],[-123.3349109974122,41.928464758974535]]]},"properties":{"h3_index":"87281c464ffffff","station_count":5,"program_id":"klamath_basin","program":"Klamath Basin","resolution":7,"stations":[{"station_id":"1057","station_name":"Cedar","lat":41.938301,"lon":-123.356002,"waterbody":"Cedar Creek","subbasin":"Middle Klamath","organization":"U.S. Forest Service"},{"station_id":"2332","station_name":"Cedar Ck","lat":41.937287,"lon":-123.357194,"waterbody":"Cedar Creek","subbasin":"Middle Klamath","organization":"U.S. Forest Service"},{"station_id":"541","station_name":"Cedar Creek, just upstream from Thompson Creek","lat":41.93635,"lon":-123.35729,"waterbody":"Cedar Creek","subbasin":"Middle Klamath","organization":"U.S. Forest Service"},{"station_id":"2430","station_name":"Thompson Ck upstream of Cedar Ck","lat":41.937636,"lon":-123.357823,"waterbody":"Thompson Creek","subbasin":"Middle Klamath","organization":"U.S. Forest Service"},{"station_id":"650","station_name":"Thompson Creek, just upstream of Cedar Cr.","lat":41.93694,"lon":-123.35795,"waterbody":"Thompson Creek","subbasin":"Middle Klamath","organization":"U.S. Forest Service"}]}},{"type":"Feature","geometry":{"type":"Polygon","coordinates":[[[-123.12132717751412,41.79692803517745],[-123.11363800204182,41.80839964280634],[-123.12284997373159,41.81835980332376],[-123.139750946087,41.81684732571603],[-123.14743636620341,41.805375750704854],[-123.13822457030035,41.79541662056986],[-123.12132717751412,41.79692803517745]]]},"properties":{"h3_index":"87281c500ffffff","station_count":7,"program_id":"klamath_basin","program":"Klamath Basin","resolution":7,"stations":[{"station_id":"120","station_name":"O'Neil Creek","lat":41.81044,"lon":-123.115922,"waterbody":"O'Neil Creek","subbasin":"Middle Klamath","organization":"Karuk Tribe"},{"station_id":"1192","station_name":"Rocky Point","lat":41.81597,"lon":-123.12736,"waterbody":"Klamath River","subbasin":"Middle Klamath","organization":"Klamath Tribal Water Quality Consortium"},{"station_id":"2395","station_name":"O'Neil Ck","lat":41.810129,"lon":-123.117139,"waterbody":"O'Neil Creek","subbasin":"Middle Klamath","organization":"U.S. Forest Service"},{"station_id":"431","station_name":"O'Neil Creek, 75' upstream of Hwy 96 bridge","lat":41.81034,"lon":-123.11625,"waterbody":"O'Neil Creek","subbasin":"Middle Klamath","organization":"U.S. Forest Service"},{"station_id":"509","station_name":"O'Neil Creek, just upstream from HWY 96 bridge","lat":41.8102,"lon":-123.11728,"waterbody":"O'Neil Creek","subbasin":"Middle Klamath","organization":"U.S. Forest Service"},{"station_id":"1877","station_name":"Klamath R d/s Rocky Point boat laucnh (u/s Seiad Valley)","lat":41.816475,"lon":-123.127969,"waterbody":"Klamath River","subbasin":"Middle Klamath","organization":"Yurok Tribal Fisheries Program"},{"station_id":"985","station_name":"Klamath River at Rocky Point","lat":41.816242,"lon":-123.127575,"waterbody":"Klamath River","subbasin":"Middle Klamath","organization":"Yurok Tribal Fisheries Program"}]}},{"type":"Feature","geometry":{"type":"Polygon","coordinates":[[[-123.14743636620341,41.805375750704854],[-123.139750946087,41.81684732571603],[-123.14896486478683,41.82680342128261],[-123.16586402436288,41.825286911678496],[-123.17354568589282,41.813815371092126],[-123.16433194741231,41.80386030557102],[-123.14743636620341,41.805375750704854]]]},"properties":{"h3_index":"87281c501ffffff","station_count":3,"program_id":"klamath_basin","program":"Klamath Basin","resolution":7,"stations":[{"station_id":"148","station_name":"Walker Creek","lat":41.821359,"lon":-123.164545,"waterbody":"Walker Creek","subbasin":"Middle Klamath","organization":"Karuk Tribe"},{"station_id":"1128","station_name":"Walker","lat":41.8246,"lon":-123.166,"waterbody":"Walker Creek","subbasin":"Middle Klamath","organization":"U.S. Forest Service"},{"station_id":"427","station_name":"Walker Creek, Directly underneath FS Bridge","lat":41.82131,"lon":-123.16443,"waterbody":"Walker Creek","subbasin":"Middle Klamath","organization":"U.S. Forest Service"}]}},{"type":"Feature","geometry":{"type":"Polygon","coordinates":[[[-123.17507988626431,41.83523894129484],[-123.1673967701273,41.84670850995416],[-123.17661475641263,41.85665750183944],[-123.19351567482057,41.85513589573788],[-123.20119502731431,41.84366636317669],[-123.19197722602215,41.83371840050459],[-123.17507988626431,41.83523894129484]]]},"properties":{"h3_index":"87281c508ffffff","station_count":3,"program_id":"klamath_basin","program":"Klamath Basin","resolution":7,"stations":[{"station_id":"259","station_name":"Seiad Creek (below diversion)","lat":41.842252,"lon":-123.197251,"waterbody":"Seiad Creek","subbasin":"Middle Klamath","organization":"Karuk Tribe"},{"station_id":"2369","station_name":"Klamath R upstream of Grider Ck","lat":41.835129,"lon":-123.181462,"waterbody":"Klamath River","subbasin":"Middle Klamath","organization":"U.S. Forest Service"},{"station_id":"425","station_name":"Seiad Creek, 250' upstream of mouth","lat":41.84256,"lon":-123.19717,"waterbody":"Seiad Creek","subbasin":"Middle Klamath","organization":"U.S. Forest Service"}]}},{"type":"Feature","geometry":{"type":"Polygon","coordinates":[[[-123.20119502731431,41.84366636317669],[-123.19351567482057,41.85513589573788],[-123.20273560111845,41.86508081934794],[-123.21963469145946,41.86355518141152],[-123.22731027708672,41.85208568675577],[-123.21809054021723,41.842141792016456],[-123.20119502731431,41.84366636317669]]]},"properties":{"h3_index":"87281c509ffffff","station_count":1,"program_id":"klamath_basin","program":"Klamath Basin","resolution":7,"stations":[{"station_id":"1769","station_name":"Seiad Cr","lat":41.84338,"lon":-123.20722,"waterbody":"Seiad Creek","subbasin":"Middle Klamath","organization":"Cal Poly Humboldt, O'Dowd Lab"}]}},{"type":"Feature","geometry":{"type":"Polygon","coordinates":[[[-123.15049403069354,41.84822608340252],[-123.14280569717634,41.85969371183978],[-123.15202386435848,41.86964373278694],[-123.1689301851414,41.868125096120735],[-123.17661475641263,41.85665750183944],[-123.1673967701273,41.84670850995416],[-123.15049403069354,41.84822608340252]]]},"properties":{"h3_index":"87281c50affffff","station_count":3,"program_id":"klamath_basin","program":"Klamath Basin","resolution":7,"stations":[{"station_id":"1054","station_name":"Canyon","lat":41.861301,"lon":-123.165,"waterbody":"Canyon Creek","subbasin":"Middle Klamath","organization":"U.S. Forest Service"},{"station_id":"2330","station_name":"Canyon Ck (Seiad Ck) upstream of private","lat":41.859726,"lon":-123.164351,"waterbody":"Canyon Creek","subbasin":"Middle Klamath","organization":"U.S. Forest Service"},{"station_id":"613","station_name":"Canyon Creek, upstream of private land","lat":41.8603,"lon":-123.1645,"waterbody":"Canyon Creek","subbasin":"Middle Klamath","organization":"U.S. Forest Service"}]}},{"type":"Feature","geometry":{"type":"Polygon","coordinates":[[[-123.17354568589282,41.813815371092126],[-123.16586402436288,41.825286911678496],[-123.17507988626431,41.83523894129484],[-123.19197722602215,41.83371840050459],[-123.1996551257397,41.822246896150524],[-123.19043944849,41.81229589624014],[-123.17354568589282,41.813815371092126]]]},"properties":{"h3_index":"87281c50cffffff","station_count":3,"program_id":"klamath_basin","program":"Klamath Basin","resolution":7,"stations":[{"station_id":"1762","station_name":"Klamath at Grider Road","lat":41.82776,"lon":-123.19087,"waterbody":"Klamath River","subbasin":"Middle Klamath","organization":"Cal Poly Humboldt, O'Dowd Lab"},{"station_id":"582","station_name":"Klamath River, upstream of Grider Creek","lat":41.82636,"lon":-123.1887,"waterbody":"Klamath River","subbasin":"Middle Klamath","organization":"U.S. Forest Service"},{"station_id":"2438","station_name":"Walker Ck above FS boundary","lat":41.826091,"lon":-123.166625,"waterbody":"Walker Creek","subbasin":"Middle Klamath","organization":"U.S. Forest Service"}]}},{"type":"Feature","geometry":{"type":"Polygon","coordinates":[[[-123.1996551257397,41.822246896150524],[-123.19197722602215,41.83371840050459],[-123.20119502731431,41.84366636317669],[-123.21809054021723,41.842141792016456],[-123.22576467490114,41.83067032570261],[-123.21654706269297,41.82072339239429],[-123.1996551257397,41.822246896150524]]]},"properties":{"h3_index":"87281c50dffffff","station_count":5,"program_id":"klamath_basin","program":"Klamath Basin","resolution":7,"stations":[{"station_id":"278","station_name":"Grider Creek","lat":41.837389,"lon":-123.207935,"waterbody":"Grider Creek","subbasin":"Middle Klamath","organization":"Karuk Tribe"},{"station_id":"255","station_name":"Klamath River at Seiad Valley","lat":41.834393,"lon":-123.196261,"waterbody":"Klamath River","subbasin":"Middle Klamath","organization":"Oregon State University"},{"station_id":"508","station_name":"Grider Creek,  200' upstream lower Grider Creek Ranch Bridge","lat":41.83708,"lon":-123.20786,"waterbody":"Grider Creek","subbasin":"Middle Klamath","organization":"U.S. Forest Service"},{"station_id":"1815","station_name":"Seiad Downstream","lat":41.831307,"lon":-123.195524,"waterbody":"Klamath River","subbasin":"Middle Klamath","organization":"U.S. Geological Survey"},{"station_id":"1816","station_name":"Seiad Upstream","lat":41.830949,"lon":-123.195281,"waterbody":"Klamath River","subbasin":"Middle Klamath","organization":"U.S. Geological Survey"}]}},{"type":"Feature","geometry":{"type":"Polygon","coordinates":[[[-123.14896486478683,41.82680342128261],[-123.14127798823425,41.838273024233196],[-123.15049403069354,41.84822608340252],[-123.1673967701273,41.84670850995416],[-123.17507988626431,41.83523894129484],[-123.16586402436288,41.825286911678496],[-123.14896486478683,41.82680342128261]]]},"properties":{"h3_index":"87281c50effffff","station_count":1,"program_id":"klamath_basin","program":"Klamath Basin","resolution":7,"stations":[{"station_id":"527","station_name":"Walker Creek, just above FS boundary","lat":41.82659,"lon":-123.16691,"waterbody":"Walker Creek","subbasin":"Middle Klamath","organization":"U.S. Forest Service"}]}},{"type":"Feature","geometry":{"type":"Polygon","coordinates":[[[-123.02139385850931,41.82738560508441],[-123.01368529574448,41.83885139958327],[-123.02289580603986,41.84881871523362],[-123.03981472105748,41.8473192060375],[-123.04751953597142,41.835853436535324],[-123.03830918470439,41.82588715111936],[-123.02139385850931,41.82738560508441]]]},"properties":{"h3_index":"87281c512ffffff","station_count":4,"program_id":"klamath_basin","program":"Klamath Basin","resolution":7,"stations":[{"station_id":"1767","station_name":"Horse Creek","lat":41.84391,"lon":-123.04045,"waterbody":"Horse Creek","subbasin":"Middle Klamath","organization":"Cal Poly Humboldt, O'Dowd Lab"},{"station_id":"305","station_name":"Horse Creek","lat":41.843322,"lon":-123.038084,"waterbody":"Horse Creek","subbasin":"Middle Klamath","organization":"Karuk Tribe"},{"station_id":"2357","station_name":"Horse Ck near 46N60 bridge","lat":41.843165,"lon":-123.037906,"waterbody":"Horse Creek","subbasin":"Middle Klamath","organization":"U.S. Forest Service"},{"station_id":"521","station_name":"Horse Creek, near FS boundary at 46N60 Bridge","lat":41.84337,"lon":-123.0382,"waterbody":"Horse Creek","subbasin":"Middle Klamath","organization":"U.S. Forest Service"}]}},{"type":"Feature","geometry":{"type":"Polygon","coordinates":[[[-123.04751953597142,41.835853436535324],[-123.03981472105748,41.8473192060375],[-123.04902719548527,41.85728245675315],[-123.06594432234165,41.855778907946025],[-123.07364538615015,41.84431316524416],[-123.06443307519251,41.834350944435684],[-123.04751953597142,41.835853436535324]]]},"properties":{"h3_index":"87281c513ffffff","station_count":1,"program_id":"klamath_basin","program":"Klamath Basin","resolution":7,"stations":[{"station_id":"1077","station_name":"Horse1","lat":41.846099,"lon":-123.045997,"waterbody":"Horse Creek","subbasin":"Middle Klamath","organization":"U.S. Forest Service"}]}},{"type":"Feature","geometry":{"type":"Polygon","coordinates":[[[-123.01989256687725,41.80594748393955],[-123.0121854707366,41.817415256076494],[-123.02139385850931,41.82738560508441],[-123.03830918470439,41.82588715111936],[-123.04601253481661,41.81441940411301],[-123.03680430574735,41.80445008582797],[-123.01989256687725,41.80594748393955]]]},"properties":{"h3_index":"87281c516ffffff","station_count":2,"program_id":"klamath_basin","program":"Klamath Basin","resolution":7,"stations":[{"station_id":"1809","station_name":"Kinsman Downstream","lat":41.81632,"lon":-123.014334,"waterbody":"Klamath River","subbasin":"Middle Klamath","organization":"U.S. Geological Survey"},{"station_id":"1810","station_name":"Kinsman Upstream","lat":41.817016,"lon":-123.01449,"waterbody":"Klamath River","subbasin":"Middle Klamath","organization":"U.S. Geological Survey"}]}},{"type":"Feature","geometry":{"type":"Polygon","coordinates":[[[-123.12589756120683,41.861208313571815],[-123.11820400935464,41.87267399726045],[-123.1274223533317,41.8826250471174],[-123.14433407334795,41.88110938426185],[-123.15202386435848,41.86964373278694],[-123.14280569717634,41.85969371183978],[-123.12589756120683,41.861208313571815]]]},"properties":{"h3_index":"87281c519ffffff","station_count":4,"program_id":"klamath_basin","program":"Klamath Basin","resolution":7,"stations":[{"station_id":"1108","station_name":"Seiad","lat":41.8722,"lon":-123.133003,"waterbody":"Seiad Creek","subbasin":"Middle Klamath","organization":"U.S. Forest Service"},{"station_id":"2412","station_name":"Seiad Ck at FS boundary","lat":41.872141,"lon":-123.133449,"waterbody":"Seiad Creek","subbasin":"Middle Klamath","organization":"U.S. Forest Service"},{"station_id":"487","station_name":"Seiad Creek, at FS boundary","lat":41.87239,"lon":-123.13368,"waterbody":"Seiad Creek","subbasin":"Middle Klamath","organization":"U.S. Forest Service"},{"station_id":"525","station_name":"Seiad Creek, at FS boundary","lat":41.8721,"lon":-123.13335,"waterbody":"Seiad Creek","subbasin":"Middle Klamath","organization":"U.S. Forest Service"}]}},{"type":"Feature","geometry":{"type":"Polygon","coordinates":[[[-123.19811589595699,41.800822422546055],[-123.19043944849,41.81229589624014],[-123.1996551257397,41.822246896150524],[-123.21654706269297,41.82072339239429],[-123.22421974695779,41.809249956873494],[-123.21500425844812,41.799299986821275],[-123.19811589595699,41.800822422546055]]]},"properties":{"h3_index":"87281c52bffffff","station_count":3,"program_id":"klamath_basin","program":"Klamath Basin","resolution":7,"stations":[{"station_id":"1075","station_name":"Grider","lat":41.819198,"lon":-123.209999,"waterbody":"Grider Creek","subbasin":"Middle Klamath","organization":"U.S. Forest Service"},{"station_id":"2354","station_name":"Grider Ck near 46N66 bridge","lat":41.819246,"lon":-123.210134,"waterbody":"Grider Creek","subbasin":"Middle Klamath","organization":"U.S. Forest Service"},{"station_id":"556","station_name":"Grider Creek, near 46N66 bridge","lat":41.81908,"lon":-123.21028,"waterbody":"Grider Creek","subbasin":"Middle Klamath","organization":"U.S. Forest Service"}]}},{"type":"Feature","geometry":{"type":"Polygon","coordinates":[[[-123.04300050586825,41.771536319811126],[-123.03530008375797,41.783008014454474],[-123.0445061915918,41.79298036377337],[-123.06141256003092,41.79147998695821],[-123.06910923650477,41.780008319513655],[-123.05990329115895,41.770037001572284],[-123.04300050586825,41.771536319811126]]]},"properties":{"h3_index":"87281c532ffffff","station_count":3,"program_id":"klamath_basin","program":"Klamath Basin","resolution":7,"stations":[{"station_id":"24","station_name":"Klamath River at Sarah Totten Campground","lat":41.787869,"lon":-123.05345,"waterbody":"Klamath River","subbasin":"Middle Klamath","organization":"Karuk Tribe"},{"station_id":"40","station_name":"Tom Martin Creek","lat":41.783997,"lon":-123.042123,"waterbody":"Tom Martin Creek","subbasin":"Middle Klamath","organization":"Karuk Tribe"},{"station_id":"357","station_name":"Tom Martin Creek, just upstream of Hwy 96 Culvert","lat":41.784,"lon":-123.04256,"waterbody":"Tom Martin Creek","subbasin":"Middle Klamath","organization":"U.S. Forest Service"}]}},{"type":"Feature","geometry":{"type":"Polygon","coordinates":[[[-123.06910923650477,41.780008319513655],[-123.06141256003092,41.79147998695821],[-123.07062062628518,41.80144827435723],[-123.08752520307428,41.79994386314982],[-123.09521813066723,41.78847222470997],[-123.08601023133403,41.77850496835939],[-123.06910923650477,41.780008319513655]]]},"properties":{"h3_index":"87281c533ffffff","station_count":3,"program_id":"klamath_basin","program":"Klamath Basin","resolution":7,"stations":[{"station_id":"438","station_name":"Klamath River below Scott River","lat":41.788333,"lon":-123.078333,"waterbody":"Klamath River","subbasin":"Middle Klamath","organization":"U.S. Fish and Wildlife Service"},{"station_id":"468","station_name":"Kuntz Creek, 15' upstream of hwy 96 culvert","lat":41.79075,"lon":-123.08508,"waterbody":"Kuntz Creek","subbasin":"Middle Klamath","organization":"U.S. Forest Service"},{"station_id":"410","station_name":"Mill Creek, 5' upstream Hwy 96 culvert","lat":41.78747,"lon":-123.07947,"waterbody":"Mill Creek","subbasin":"Middle Klamath","organization":"U.S. Forest Service"}]}},{"type":"Feature","geometry":{"type":"Polygon","coordinates":[[[-123.30409386983936,41.85589203971509],[-123.29643104953749,41.867363381057025],[-123.30565657023418,41.87729506612092],[-123.32254470539482,41.87575438175854],[-123.33020374782451,41.864283085692314],[-123.32097843393899,41.854352428597466],[-123.30409386983936,41.85589203971509]]]},"properties":{"h3_index":"87281c540ffffff","station_count":3,"program_id":"klamath_basin","program":"Klamath Basin","resolution":7,"stations":[{"station_id":"218","station_name":"Thompson Creek","lat":41.863521,"lon":-123.31063,"waterbody":"Thompson Creek","subbasin":"Middle Klamath","organization":"Karuk Tribe"},{"station_id":"2429","station_name":"Thompson Ck near Hwy 96 bridge","lat":41.863467,"lon":-123.310816,"waterbody":"Thompson Creek","subbasin":"Middle Klamath","organization":"U.S. Forest Service"},{"station_id":"395","station_name":"Thompson Creek, 200 ft downstream of HWY96 Bridge","lat":41.86352,"lon":-123.31027,"waterbody":"Thompson Creek","subbasin":"Middle Klamath","organization":"U.S. Forest Service"}]}},{"type":"Feature","geometry":{"type":"Polygon","coordinates":[[[-123.30565657023418,41.87729506612092],[-123.29799230449828,41.888764436212696],[-123.30721995266136,41.898693076918946],[-123.32411166036715,41.897151319943],[-123.33177214639083,41.885681994989746],[-123.32254470539482,41.87575438175854],[-123.30565657023418,41.87729506612092]]]},"properties":{"h3_index":"87281c543ffffff","station_count":3,"program_id":"klamath_basin","program":"Klamath Basin","resolution":7,"stations":[{"station_id":"1122","station_name":"Thompson","lat":41.878101,"lon":-123.321998,"waterbody":"Thompson Creek","subbasin":"Middle Klamath","organization":"U.S. Forest Service"},{"station_id":"2428","station_name":"Thompson Ck near 18N02 bridge","lat":41.877353,"lon":-123.321404,"waterbody":"Thompson Creek","subbasin":"Middle Klamath","organization":"U.S. Forest Service"},{"station_id":"574","station_name":"Thompson Creek, near 18N02 bridge","lat":41.8804,"lon":-123.32393,"waterbody":"Thompson Creek","subbasin":"Middle Klamath","organization":"U.S. Forest Service"}]}},{"type":"Feature","geometry":{"type":"Polygon","coordinates":[[[-123.22731027708672,41.85208568675577],[-123.21963469145946,41.86355518141152],[-123.2288565539538,41.87349603576064],[-123.24575380918888,41.87196636681351],[-123.25342562473126,41.86049691187089],[-123.24420395610025,41.850557086047516],[-123.22731027708672,41.85208568675577]]]},"properties":{"h3_index":"87281c554ffffff","station_count":9,"program_id":"klamath_basin","program":"Klamath Basin","resolution":7,"stations":[{"station_id":"1","station_name":"Portuguese Creek","lat":41.85924,"lon":-123.245397,"waterbody":"Portuguese Creek","subbasin":"Middle Klamath","organization":"Karuk Tribe"},{"station_id":"1193","station_name":"Below Seiad Valley","lat":41.85465,"lon":-123.23254,"waterbody":"Klamath River","subbasin":"Middle Klamath","organization":"Klamath Tribal Water Quality Consortium"},{"station_id":"388","station_name":"Klamath River at Seiad Valley","lat":41.854087,"lon":-123.231469,"waterbody":"Klamath River","subbasin":"Middle Klamath","organization":"U.S. Fish and Wildlife Service"},{"station_id":"1509","station_name":"Klamath River at Seiad Valley","lat":41.855721,"lon":-123.232442,"waterbody":"Klamath River","subbasin":"Middle Klamath","organization":"U.S. Fish and Wildlife Service"},{"station_id":"1105","station_name":"Portuguese","lat":41.859401,"lon":-123.244003,"waterbody":"Portuguese Creek","subbasin":"Middle Klamath","organization":"U.S. Forest Service"},{"station_id":"2397","station_name":"Portuguese Ck (Klamath R)","lat":41.859194,"lon":-123.245362,"waterbody":"Portuguese Creek","subbasin":"Middle Klamath","organization":"U.S. Forest Service"},{"station_id":"443","station_name":"Portuguese Creek   , just upstream from mouth","lat":41.85927,"lon":-123.24514,"waterbody":"Portuguese Creek","subbasin":"Middle Klamath","organization":"U.S. Forest Service"},{"station_id":"362","station_name":"Portuguese Creek, 250' downstream of Hwy 96 culvert","lat":41.85852,"lon":-123.246,"waterbody":"Portuguese Creek","subbasin":"Middle Klamath","organization":"U.S. Forest Service"},{"station_id":"936","station_name":"Klamath River near Seiad Valley","lat":41.853698,"lon":-123.232002,"waterbody":"Klamath River","subbasin":"Middle Klamath","organization":"U.S. Geological Survey"}]}},{"type":"Feature","geometry":{"type":"Polygon","coordinates":[[[-123.25342562473126,41.86049691187089],[-123.24575380918888,41.87196636681351],[-123.2549776040612,41.88190315092141],[-123.27187301715364,41.8803694517936],[-123.27954105939735,41.86890003837216],[-123.27031746282314,41.85896428244238],[-123.25342562473126,41.86049691187089]]]},"properties":{"h3_index":"87281c555ffffff","station_count":5,"program_id":"klamath_basin","program":"Klamath Basin","resolution":7,"stations":[{"station_id":"7","station_name":"Fort Goff Creek","lat":41.864622,"lon":-123.257929,"waterbody":"Fort Goff Creek","subbasin":"Middle Klamath","organization":"Karuk Tribe"},{"station_id":"1073","station_name":"Fort Goff","lat":41.8647,"lon":-123.258003,"waterbody":"Fort Goff Creek","subbasin":"Middle Klamath","organization":"U.S. Forest Service"},{"station_id":"411","station_name":"Fort Goff Creek,  60ft upstream of Bridge","lat":41.86574,"lon":-123.26014,"waterbody":"Fort Goff Creek","subbasin":"Middle Klamath","organization":"U.S. Forest Service"},{"station_id":"641","station_name":"Fort Goff Creek, 100 ft downstream of Hwy 96","lat":41.86521,"lon":-123.2588,"waterbody":"Fort Goff Creek","subbasin":"Middle Klamath","organization":"U.S. Forest Service"},{"station_id":"2353","station_name":"Ft Goff Ck","lat":41.864741,"lon":-123.258143,"waterbody":"Fort Goff Creek","subbasin":"Middle Klamath","organization":"U.S. Forest Service"}]}},{"type":"Feature","geometry":{"type":"Polygon","coordinates":[[[-123.32550265455875,41.80005629966522],[-123.31784793979799,41.81153349438981],[-123.32706900235333,41.82147023376347],[-123.34394457047152,41.81992874919224],[-123.35159550967995,41.80845160195631],[-123.3423746572931,41.798515891687664],[-123.32550265455875,41.80005629966522]]]},"properties":{"h3_index":"87281c560ffffff","station_count":5,"program_id":"klamath_basin","program":"Klamath Basin","resolution":7,"stations":[{"station_id":"151","station_name":"Cade Creek","lat":41.807824,"lon":-123.34783,"waterbody":"Cade Creek","subbasin":"Middle Klamath","organization":"Karuk Tribe"},{"station_id":"1052","station_name":"Cade","lat":41.8082,"lon":-123.347,"waterbody":"Cade Creek","subbasin":"Middle Klamath","organization":"U.S. Forest Service"},{"station_id":"2327","station_name":"Cade Ck","lat":41.808123,"lon":-123.347362,"waterbody":"Cade Creek","subbasin":"Middle Klamath","organization":"U.S. Forest Service"},{"station_id":"545","station_name":"Cade Creek , just upstream from mouth","lat":41.80843,"lon":-123.34678,"waterbody":"Cade Creek","subbasin":"Middle Klamath","organization":"U.S. Forest Service"},{"station_id":"485","station_name":"Cade Creek,  30ft upstream of Hwy 96","lat":41.80789,"lon":-123.34793,"waterbody":"Cade Creek","subbasin":"Middle Klamath","organization":"U.S. Forest Service"}]}},{"type":"Feature","geometry":{"type":"Polygon","coordinates":[[[-123.35159550967995,41.80845160195631],[-123.34394457047152,41.81992874919224],[-123.35316754768428,41.82986141972929],[-123.37004125048419,41.82831591416691],[-123.37768841095244,41.81683881623163],[-123.3684656483306,41.80690717444259],[-123.35159550967995,41.80845160195631]]]},"properties":{"h3_index":"87281c561ffffff","station_count":2,"program_id":"klamath_basin","program":"Klamath Basin","resolution":7,"stations":[{"station_id":"1803","station_name":"Happy Camp Downstream","lat":41.81075,"lon":-123.35858,"waterbody":"Klamath River","subbasin":"Middle Klamath","organization":"U.S. Geological Survey"},{"station_id":"1804","station_name":"Happy Camp Upstream","lat":41.81088,"lon":-123.35771,"waterbody":"Klamath River","subbasin":"Middle Klamath","organization":"U.S. Geological Survey"}]}},{"type":"Feature","geometry":{"type":"Polygon","coordinates":[[[-123.35002415681873,41.78703678326878],[-123.3423746572931,41.798515891687664],[-123.35159550967995,41.80845160195631],[-123.3684656483306,41.80690717444259],[-123.37611137095446,41.795428115455934],[-123.36689073279845,41.78549343443539],[-123.35002415681873,41.78703678326878]]]},"properties":{"h3_index":"87281c565ffffff","station_count":1,"program_id":"klamath_basin","program":"Klamath Basin","resolution":7,"stations":[{"station_id":"1726","station_name":"Happy Camp RS","lat":41.8,"lon":-123.367,"subbasin":"Middle Klamath","organization":"U.S. Forest Service"}]}},{"type":"Feature","geometry":{"type":"Polygon","coordinates":[[[-123.2994098564118,41.7916529094835],[-123.29175136929119,41.80313014988512],[-123.30097051337145,41.81307095712554],[-123.31784793979799,41.81153349438981],[-123.32550265455875,41.80005629966522],[-123.3162837162244,41.790116521884244],[-123.2994098564118,41.7916529094835]]]},"properties":{"h3_index":"87281c566ffffff","station_count":5,"program_id":"klamath_basin","program":"Klamath Basin","resolution":7,"stations":[{"station_id":"61","station_name":"China Creek","lat":41.794107,"lon":-123.303687,"waterbody":"China Creek","subbasin":"Middle Klamath","organization":"Karuk Tribe"},{"station_id":"1058","station_name":"China","lat":41.793899,"lon":-123.301002,"waterbody":"China Creek","subbasin":"Middle Klamath","organization":"U.S. Forest Service"},{"station_id":"2333","station_name":"China Ck near 46N03 bridge","lat":41.794893,"lon":-123.305706,"waterbody":"China Creek","subbasin":"Middle Klamath","organization":"U.S. Forest Service"},{"station_id":"371","station_name":"China Creek, 20ft downstream ofChina Grade  Culvert","lat":41.79442,"lon":-123.30435,"waterbody":"China Creek","subbasin":"Middle Klamath","organization":"U.S. Forest Service"},{"station_id":"471","station_name":"China Creek, 25 ft upstream of China Grade Rd Culvert","lat":41.79426,"lon":-123.30369,"waterbody":"China Creek","subbasin":"Middle Klamath","organization":"U.S. Forest Service"}]}},{"type":"Feature","geometry":{"type":"Polygon","coordinates":[[[-123.35474027127755,41.85126623231409],[-123.34708645115238,41.86273944982733],[-123.35631368090598,41.872666035444645],[-123.37319451644325,41.87111837568107],[-123.38084455414744,41.85964520720027],[-123.37161753970605,41.84971964933498],[-123.35474027127755,41.85126623231409]]]},"properties":{"h3_index":"87281c56affffff","station_count":1,"program_id":"klamath_basin","program":"Klamath Basin","resolution":7,"stations":[{"station_id":"536","station_name":"Slater Butte","lat":41.858,"lon":-123.354,"subbasin":"Middle Klamath","organization":"U.S. Forest Service"}]}},{"type":"Feature","geometry":{"type":"Polygon","coordinates":[[[-123.37768841095244,41.81683881623163],[-123.37004125048419,41.82831591416691],[-123.37926613853433,41.838244514902854],[-123.39613796900832,41.836694989199465],[-123.4037813475533,41.825217942377236],[-123.39455667851618,41.81529037002968],[-123.37768841095244,41.81683881623163]]]},"properties":{"h3_index":"87281c56cffffff","station_count":7,"program_id":"klamath_basin","program":"Klamath Basin","resolution":7,"stations":[{"station_id":"1065","station_name":"Doolittle","lat":41.8185,"lon":-123.387001,"waterbody":"Doolittle Creek","subbasin":"Middle Klamath","organization":"U.S. Forest Service"},{"station_id":"2341","station_name":"Doolittle Ck (Indian Ck)","lat":41.82536,"lon":-123.397887,"waterbody":"Doolittle Creek","subbasin":"Middle Klamath","organization":"U.S. Forest Service"},{"station_id":"601","station_name":"Doolittle Creek (Indian), just upstream from mouth","lat":41.81997,"lon":-123.39112,"waterbody":"Doolittle Creek","subbasin":"Middle Klamath","organization":"U.S. Forest Service"},{"station_id":"2362","station_name":"Indian Ck near USGS gage stn","lat":41.835238,"lon":-123.382917,"waterbody":"Indian Creek","subbasin":"Middle Klamath","organization":"U.S. Forest Service"},{"station_id":"1081","station_name":"Indian Creek Gage","lat":41.835399,"lon":-123.383003,"waterbody":"Indian Creek","subbasin":"Middle Klamath","organization":"U.S. Forest Service"},{"station_id":"420","station_name":"Indian Creek, near USGS gaging station","lat":41.83557,"lon":-123.38308,"waterbody":"Indian Creek","subbasin":"Middle Klamath","organization":"U.S. Forest Service"},{"station_id":"851","station_name":"Indian Creek near Happy Camp","lat":41.835125,"lon":-123.38311,"waterbody":"Indian Creek","subbasin":"Middle Klamath","organization":"U.S. Geological Survey"}]}},{"type":"Feature","geometry":{"type":"Polygon","coordinates":[[[-123.22576467490114,41.83067032570261],[-123.21809054021723,41.842141792016456],[-123.22731027708672,41.85208568675577],[-123.24420395610025,41.850557086047516],[-123.25187432253387,41.839085659582146],[-123.24265477918048,41.82914279386188],[-123.22576467490114,41.83067032570261]]]},"properties":{"h3_index":"87281c572ffffff","station_count":5,"program_id":"klamath_basin","program":"Klamath Basin","resolution":7,"stations":[{"station_id":"316","station_name":"Klamath River below Seiad","lat":41.842331,"lon":-123.220106,"waterbody":"Klamath River","subbasin":"Middle Klamath","organization":"Karuk Tribe"},{"station_id":"1620","station_name":"Klamath River below Seiad","lat":41.842331,"lon":-123.220106,"waterbody":"Klamath River","subbasin":"Middle Klamath","organization":"Karuk Tribe/RES"},{"station_id":"195","station_name":"Klamath River at Seiad Valley","lat":41.849149,"lon":-123.227904,"waterbody":"Klamath River","subbasin":"Middle Klamath","organization":"Oregon State University"},{"station_id":"297","station_name":"Klamath River at Seiad Valley","lat":41.847422,"lon":-123.227817,"waterbody":"Klamath River","subbasin":"Middle Klamath","organization":"Oregon State University"},{"station_id":"1510","station_name":"Klamath River at Seiad Valley","lat":41.849201,"lon":-123.227828,"waterbody":"Klamath River","subbasin":"Middle Klamath","organization":"U.S. Fish and Wildlife Service"}]}},{"type":"Feature","geometry":{"type":"Polygon","coordinates":[[[-122.96914306518295,41.81042563488806],[-122.96142701649869,41.82189147397104],[-122.97063358712029,41.83186691643079],[-122.98755605726946,41.83037548881384],[-122.99526836462596,41.81890967112151],[-122.98606194414869,41.80893525954269],[-122.96914306518295,41.81042563488806]]]},"properties":{"h3_index":"87281c5a4ffffff","station_count":1,"program_id":"klamath_basin","program":"Klamath Basin","resolution":7,"stations":[{"station_id":"289","station_name":"Collins Creek","lat":41.821341,"lon":-122.981179,"waterbody":"Collins Creek","subbasin":"Middle Klamath","organization":"Michigan-California Timber Company"}]}},{"type":"Feature","geometry":{"type":"Polygon","coordinates":[[[-122.99526836462596,41.81890967112151],[-122.98755605726946,41.83037548881384],[-122.99676459962859,41.84034686838069],[-123.01368529574448,41.83885139958327],[-123.02139385850931,41.82738560508441],[-123.0121854707366,41.817415256076494],[-122.99526836462596,41.81890967112151]]]},"properties":{"h3_index":"87281c5a5ffffff","station_count":1,"program_id":"klamath_basin","program":"Klamath Basin","resolution":7,"stations":[{"station_id":"501","station_name":"Horse Creek, 200ft upstream of Mouth","lat":41.82512,"lon":-123.00519,"waterbody":"Horse Creek","subbasin":"Middle Klamath","organization":"U.S. Forest Service"}]}},{"type":"Feature","geometry":{"type":"Polygon","coordinates":[[[-122.94450277938323,41.8233788596316],[-122.93678152001988,41.834842737807605],[-122.94598823666027,41.8448192109812],[-122.96291606763445,41.84333077515228],[-122.97063358712029,41.83186691643079],[-122.96142701649869,41.82189147397104],[-122.94450277938323,41.8233788596316]]]},"properties":{"h3_index":"87281c5a6ffffff","station_count":3,"program_id":"klamath_basin","program":"Klamath Basin","resolution":7,"stations":[{"station_id":"1765","station_name":"Brown Bear River Access","lat":41.823147,"lon":-122.961755,"waterbody":"Klamath River","subbasin":"Middle Klamath","organization":"Cal Poly Humboldt, O'Dowd Lab"},{"station_id":"197","station_name":"Klamath River at Brown Bear River Access","lat":41.823067,"lon":-122.961967,"waterbody":"Klamath River","subbasin":"Middle Klamath","organization":"Karuk Tribe"},{"station_id":"1191","station_name":"Brown Bear ","lat":41.82336,"lon":-122.96172,"waterbody":"Klamath River","subbasin":"Middle Klamath","organization":"Klamath Tribal Water Quality Consortium"}]}},{"type":"Feature","geometry":{"type":"Polygon","coordinates":[[[-123.0243984098967,41.87024681010334],[-123.01668691227675,41.88170864196772],[-123.02590167050813,41.89166988541734],[-123.04282776766723,41.89016826762763],[-123.05053551378755,41.87870646048696],[-123.04132091523537,41.8687462462989],[-123.0243984098967,41.87024681010334]]]},"properties":{"h3_index":"87281c5a8ffffff","station_count":3,"program_id":"klamath_basin","program":"Klamath Basin","resolution":7,"stations":[{"station_id":"2379","station_name":"Middle Ck (Horse Ck) near FS boundary","lat":41.879975,"lon":-123.042496,"waterbody":"Middle Creek","subbasin":"Middle Klamath","organization":"U.S. Forest Service"},{"station_id":"1092","station_name":"Middle Horse","lat":41.880001,"lon":-123.041999,"waterbody":"Middle Creek","subbasin":"Middle Klamath","organization":"U.S. Forest Service"},{"station_id":"564","station_name":"Middle Horse Creeek, NW FS boundary Sec 32","lat":41.88016,"lon":-123.04239,"waterbody":"Middle Creek","subbasin":"Middle Klamath","organization":"U.S. Forest Service"}]}},{"type":"Feature","geometry":{"type":"Polygon","coordinates":[[[-122.893715845286,41.827826940712235],[-122.88598563920428,41.83928886917381],[-122.89519051330298,41.84927043538875],[-122.91212545703547,41.847789042169225],[-122.91985192797834,41.83632712942568],[-122.91064719131924,41.82634659407135],[-122.893715845286,41.827826940712235]]]},"properties":{"h3_index":"87281c5b4ffffff","station_count":3,"program_id":"klamath_basin","program":"Klamath Basin","resolution":7,"stations":[{"station_id":"1090","station_name":"McKinney","lat":41.838298,"lon":-122.892997,"waterbody":"McKinney Creek","subbasin":"Middle Klamath","organization":"U.S. Forest Service"},{"station_id":"483","station_name":"McKinney Creek, 35ft downstreamstream of culvert.","lat":41.84173,"lon":-122.89278,"waterbody":"McKinney Creek","subbasin":"Middle Klamath","organization":"U.S. Forest Service"},{"station_id":"583","station_name":"McKinnney Creek, 200 feet upstream of Walker Road","lat":41.84125,"lon":-122.89313,"waterbody":"McKinney Creek","subbasin":"Middle Klamath","organization":"U.S. Forest Service"}]}},{"type":"Feature","geometry":{"type":"Polygon","coordinates":[[[-123.82820983021584,41.396947180332184],[-123.82067276342885,41.408475013690335],[-123.82987588381495,41.41840825023242],[-123.84661578006002,41.41681261810828],[-123.8541490554647,41.405284873634656],[-123.8449462269412,41.39535267228331],[-123.82820983021584,41.396947180332184]]]},"properties":{"h3_index":"87281c823ffffff","station_count":1,"program_id":"klamath_basin","program":"Klamath Basin","resolution":7,"stations":[{"station_id":"823","station_name":"upper west Fork pecwan","lat":41.397876,"lon":-123.832335,"waterbody":"Pecwan Creek","subbasin":"Lower Klamath","organization":"Yurok Tribal Environmental Department"}]}},{"type":"Feature","geometry":{"type":"Polygon","coordinates":[[[-123.82487988578617,41.35401032052121],[-123.81734559736165,41.36554193487872],[-123.82654449769463,41.37548120229555],[-123.84327739633301,41.37388781896123],[-123.85080789704969,41.362356293680726],[-123.8416092877694,41.352418062540366],[-123.82487988578617,41.35401032052121]]]},"properties":{"h3_index":"87281c824ffffff","station_count":1,"program_id":"klamath_basin","program":"Klamath Basin","resolution":7,"stations":[{"station_id":"904","station_name":"Pec_West fork2","lat":41.3585,"lon":-123.83549,"waterbody":"Pecwan Creek","subbasin":"Lower Klamath","organization":"Yurok Tribal Environmental Department"}]}},{"type":"Feature","geometry":{"type":"Polygon","coordinates":[[[-123.85080789704969,41.362356293680726],[-123.84327739633301,41.37388781896123],[-123.85247811476056,41.38382303614728],[-123.86920903945156,41.3822256920622],[-123.87673574942163,41.37069425769474],[-123.86753532637982,41.36076007638192],[-123.85080789704969,41.362356293680726]]]},"properties":{"h3_index":"87281c825ffffff","station_count":3,"program_id":"klamath_basin","program":"Klamath Basin","resolution":7,"stations":[{"station_id":"944","station_name":"Achelth, above intake","lat":41.362446,"lon":-123.867657,"waterbody":"Achelth Creek","subbasin":"Lower Klamath","organization":"Yurok Tribal Environmental Department"},{"station_id":"879","station_name":"halagow 2","lat":41.367319,"lon":-123.872956,"waterbody":"Halagow Creek","subbasin":"Lower Klamath","organization":"Yurok Tribal Environmental Department"},{"station_id":"1530","station_name":"Owl, above intake","lat":41.36245,"lon":-123.867657,"waterbody":"Owl Creek","subbasin":"Lower Klamath","organization":"Yurok Tribal Environmental Department"}]}},{"type":"Feature","geometry":{"type":"Polygon","coordinates":[[[-123.88176539428908,41.43506733582128],[-123.87423452708155,41.446593095498116],[-123.88344339457304,41.456515204396325],[-123.9001828292544,41.45491051966056],[-123.9077098971575,41.443384852438186],[-123.89850133061675,41.433463777379295],[-123.88176539428908,41.43506733582128]]]},"properties":{"h3_index":"87281c82bffffff","station_count":4,"program_id":"klamath_basin","program":"Klamath Basin","resolution":7,"stations":[{"station_id":"103","station_name":"Blue_(above_WF)","lat":41.448532,"lon":-123.892773,"waterbody":"Blue Creek","subbasin":"Lower Klamath","organization":"Green Diamond Resource Company"},{"station_id":"918","station_name":"Lower Blue 1","lat":41.448611,"lon":-123.901111,"waterbody":"Blue Creek","subbasin":"Lower Klamath","organization":"Yurok Tribal Environmental Department"},{"station_id":"834","station_name":"Lower Blue 2","lat":41.448572,"lon":-123.902026,"waterbody":"Blue Creek","subbasin":"Lower Klamath","organization":"Yurok Tribal Environmental Department"},{"station_id":"1013","station_name":"Blue Creek Rotary Screw Trap","lat":41.44422,"lon":-123.907029,"waterbody":"Blue Creek","subbasin":"Lower Klamath","organization":"Yurok Tribal Fisheries Program"}]}},{"type":"Feature","geometry":{"type":"Polygon","coordinates":[[[-123.90434485933395,41.40048266808329],[-123.89682055972014,41.412012120749516],[-123.90602701413506,41.42193621617951],[-123.92275746463103,41.42032982431054],[-123.93027796559318,41.40880046613299],[-123.92107181564197,41.39887740521789],[-123.90434485933395,41.40048266808329]]]},"properties":{"h3_index":"87281c82dffffff","station_count":1,"program_id":"klamath_basin","program":"Klamath Basin","resolution":7,"stations":[{"station_id":"931","station_name":"above mouth, third pool","lat":41.403307,"lon":-123.923248,"waterbody":"Bear Creek","subbasin":"Lower Klamath","organization":"Yurok Tribal Environmental Department"}]}},{"type":"Feature","geometry":{"type":"Polygon","coordinates":[[[-123.8541490554647,41.405284873634656],[-123.84661578006002,41.41681261810828],[-123.85582071962885,41.4267418017485],[-123.87255863933464,41.425142206010584],[-123.88008812031485,41.413614552256334],[-123.87088347694728,41.40368640340309],[-123.8541490554647,41.405284873634656]]]},"properties":{"h3_index":"87281c82effffff","station_count":1,"program_id":"klamath_basin","program":"Klamath Basin","resolution":7,"stations":[{"station_id":"814","station_name":"bear creek west upper 3","lat":41.414443,"lon":-123.861512,"waterbody":"Bear Creek","subbasin":"Lower Klamath","organization":"Yurok Tribal Environmental Department"}]}},{"type":"Feature","geometry":{"type":"Polygon","coordinates":[[[-123.98724270999548,41.48972055556649],[-123.97972567886912,41.50124403823962],[-123.98894388765906,41.511146889308755],[-124.00567880977198,41.50952522593934],[-124.01319202763449,41.498001842957315],[-124.0039741375775,41.488100023534976],[-123.98724270999548,41.48972055556649]]]},"properties":{"h3_index":"87281c840ffffff","station_count":6,"program_id":"klamath_basin","program":"Klamath Basin","resolution":7,"stations":[{"station_id":"843","station_name":"McGarvey, mouth","lat":41.498866,"lon":-124.000938,"waterbody":"McGarvey Creek","subbasin":"Lower Klamath","organization":"Yurok Tribal Environmental Department"},{"station_id":"1026","station_name":"McGarvey Creek BDA SPI Station","lat":41.494205,"lon":-124.004604,"waterbody":"McGarvey Creek","subbasin":"Lower Klamath","organization":"Yurok Tribal Fisheries Program"},{"station_id":"1015","station_name":"McGarvey Creek D/S Pipe Trap","lat":41.499361,"lon":-123.999,"waterbody":"McGarvey Creek","subbasin":"Lower Klamath","organization":"Yurok Tribal Fisheries Program"},{"station_id":"1011","station_name":"McGarvey Creek Lower SPI Station","lat":41.50038,"lon":-123.99769,"waterbody":"McGarvey Creek","subbasin":"Lower Klamath","organization":"Yurok Tribal Fisheries Program"},{"station_id":"1016","station_name":"McGarvey Creek U/S Marking Fyke Trap","lat":41.49437,"lon":-124.004355,"waterbody":"McGarvey Creek","subbasin":"Lower Klamath","organization":"Yurok Tribal Fisheries Program"},{"station_id":"1009","station_name":"McGarvey Creek U/S Recapture Fyke Trap","lat":41.498972,"lon":-124.000889,"waterbody":"McGarvey Creek","subbasin":"Lower Klamath","organization":"Yurok Tribal Fisheries Program"}]}},{"type":"Feature","geometry":{"type":"Polygon","coordinates":[[[-124.01319202763449,41.498001842957315],[-124.00567880977198,41.50952522593934],[-124.01489881598728,41.5194240159946],[-124.03163171791924,41.51779839172168],[-124.03914111950088,41.506275110266],[-124.02992143635998,41.49637735143809],[-124.01319202763449,41.498001842957315]]]},"properties":{"h3_index":"87281c841ffffff","station_count":13,"program_id":"klamath_basin","program":"Klamath Basin","resolution":7,"stations":[{"station_id":"700","station_name":"Junior Creek approx. 0.5 mile east on Klamath bch Rd from 101 HWY","lat":41.511667,"lon":-124.019444,"waterbody":"Junior Creek","subbasin":"Lower Klamath","organization":"Resighini Rancheria "},{"station_id":"735","station_name":"Klamath River","lat":41.5167,"lon":-124.0279,"waterbody":"Klamath River","subbasin":"Lower Klamath","organization":"Resighini Rancheria "},{"station_id":"795","station_name":"Klamath River R-2","lat":41.51005,"lon":-124.01665,"waterbody":"Klamath River","subbasin":"Lower Klamath","organization":"Resighini Rancheria "},{"station_id":"655","station_name":"Pond one West end of Klamath River overflow Channel","lat":41.5175,"lon":-124.023333,"waterbody":"Pond","subbasin":"Lower Klamath","organization":"Resighini Rancheria "},{"station_id":"656","station_name":"Pond three East on Klamath Beach Rd Riparian to the Racheria","lat":41.512222,"lon":-124.023611,"waterbody":"Pond","subbasin":"Lower Klamath","organization":"Resighini Rancheria "},{"station_id":"776","station_name":"Unnamed Creek runs parallel with Klamath bch RD","lat":41.512222,"lon":-124.023889,"waterbody":"Creek","subbasin":"Lower Klamath","organization":"Resighini Rancheria "},{"station_id":"691","station_name":"Unnamed stream about 1.25 miles east on Klamath bch Rd","lat":41.513611,"lon":-124.0125,"waterbody":"Creek","subbasin":"Lower Klamath","organization":"Resighini Rancheria "},{"station_id":"804","station_name":"Waukell Creek near HWY 101 on Klamath bch RD","lat":41.511111,"lon":-124.027778,"waterbody":"Waukell Creek","subbasin":"Lower Klamath","organization":"Resighini Rancheria "},{"station_id":"872","station_name":"down st of wetland_YTFP site","lat":41.511025,"lon":-124.027345,"waterbody":"Waukell Creek","subbasin":"Lower Klamath","organization":"Yurok Tribal Environmental Department"},{"station_id":"932","station_name":"Waukel mouth, above culvert","lat":41.511025,"lon":-124.027345,"waterbody":"Waukell Creek","subbasin":"Lower Klamath","organization":"Yurok Tribal Environmental Department"},{"station_id":"837","station_name":"wc2","lat":41.500646,"lon":-124.033886,"waterbody":"Waukell Creek","subbasin":"Lower Klamath","organization":"Yurok Tribal Environmental Department"},{"station_id":"1002","station_name":"Trinity River near Weitchpec","lat":41.51292,"lon":-124.03465,"waterbody":"Trinity River","subbasin":"Trinity","organization":"Yurok Tribal Fisheries Program"},{"station_id":"991","station_name":"Waukell Creek Upper U/S & D/S Fyke Trap","lat":41.51292,"lon":-124.03465,"waterbody":"Waukell Creek","subbasin":"Lower Klamath","organization":"Yurok Tribal Fisheries Program"}]}},{"type":"Feature","geometry":{"type":"Polygon","coordinates":[[[-123.96298874340953,41.502861739763134],[-123.95546652039033,41.51438342151241],[-123.96468504399185,41.52428730410575],[-123.98142547673213,41.52266847330709],[-123.98894388765906,41.511146889308755],[-123.97972567886912,41.50124403823962],[-123.96298874340953,41.502861739763134]]]},"properties":{"h3_index":"87281c842ffffff","station_count":10,"program_id":"klamath_basin","program":"Klamath Basin","resolution":7,"stations":[{"station_id":"1198","station_name":"Klamath at Klamath Glen","lat":41.5108,"lon":-123.9784,"waterbody":"Klamath River","subbasin":"Lower Klamath","organization":"Klamath Tribal Water Quality Consortium"},{"station_id":"515","station_name":"Klamath River at Blakes Riffle (above Turwar)","lat":41.511184,"lon":-123.978439,"waterbody":"Klamath River","subbasin":"Lower Klamath","organization":"U.S. Fish and Wildlife Service"},{"station_id":"870","station_name":"Klamath River near Klamath ","lat":41.510898,"lon":-123.978996,"waterbody":"Klamath River","subbasin":"Lower Klamath","organization":"U.S. Geological Survey"},{"station_id":"1811","station_name":"Mouth Downstream Downstream","lat":41.5129,"lon":-123.97345,"waterbody":"Klamath River","subbasin":"Lower Klamath","organization":"U.S. Geological Survey"},{"station_id":"1812","station_name":"Mouth Downstream Upstream","lat":41.5129,"lon":-123.97328,"waterbody":"Klamath River","subbasin":"Lower Klamath","organization":"U.S. Geological Survey"},{"station_id":"1813","station_name":"Mouth Upstream Downstream","lat":41.51319,"lon":-123.97097,"waterbody":"Klamath River","subbasin":"Lower Klamath","organization":"U.S. Geological Survey"},{"station_id":"1814","station_name":"Mouth Upstream Upstream","lat":41.5132,"lon":-123.97074,"waterbody":"Klamath River","subbasin":"Lower Klamath","organization":"U.S. Geological Survey"},{"station_id":"1756","station_name":"Klamath River at Turwar","lat":41.510949,"lon":-123.979502,"waterbody":"Klamath River","subbasin":"Lower Klamath","organization":"Yuork Tribe/RES"},{"station_id":"885","station_name":"Klamth River above Turwar","lat":41.509492,"lon":-123.981292,"waterbody":"Klamath River","subbasin":"Lower Klamath","organization":"Yurok Tribal Environmental Department"},{"station_id":"1759","station_name":"KLAMATH R. NR KLAMATH-WATER QUALITY","lat":41.511,"lon":-123.9781,"waterbody":"Klamath River","subbasin":"Lower Klamath","organization":"Yurok Tribe"}]}},{"type":"Feature","geometry":{"type":"Polygon","coordinates":[[[-123.98894388765906,41.511146889308755],[-123.98142547673213,41.52266847330709],[-123.99064580210366,41.53256829446939],[-124.007384220176,41.53094550040761],[-124.01489881598728,41.5194240159946],[-124.00567880977198,41.50952522593934],[-123.98894388765906,41.511146889308755]]]},"properties":{"h3_index":"87281c843ffffff","station_count":6,"program_id":"klamath_basin","program":"Klamath Basin","resolution":7,"stations":[{"station_id":"1748","station_name":"Klamath River near Klamath (Turwar Creek)","lat":41.51523,"lon":-123.99912,"waterbody":"Klamath River","subbasin":"Lower Klamath","organization":"USGS/DWR-DFM-Hydro-SMN"},{"station_id":"883","station_name":"Klamth River at Turwar Gage","lat":41.515789,"lon":-124.000919,"waterbody":"Klamath River","subbasin":"Lower Klamath","organization":"Yurok Tribal Environmental Department"},{"station_id":"926","station_name":"Lower Turwar 0","lat":41.519722,"lon":-123.995,"waterbody":"Turwar Creek","subbasin":"Lower Klamath","organization":"Yurok Tribal Environmental Department"},{"station_id":"833","station_name":"turwar mouth_GAGE","lat":41.521693,"lon":-123.996422,"waterbody":"Turwar Creek","subbasin":"Lower Klamath","organization":"Yurok Tribal Environmental Department"},{"station_id":"1537","station_name":"Turwar, mouth above bridge","lat":41.5219,"lon":-123.99622,"waterbody":"Turwar Creek","subbasin":"Lower Klamath","organization":"Yurok Tribal Environmental Department"},{"station_id":"1007","station_name":"Trinity River at Weitchpec","lat":41.525925,"lon":-123.986135,"waterbody":"Trinity River","subbasin":"Trinity","organization":"Yurok Tribal Fisheries Program"}]}},{"type":"Feature","geometry":{"type":"Polygon","coordinates":[[[-124.01148597796671,41.476574744480885],[-124.0039741375775,41.488100023534976],[-124.01319202763449,41.498001842957315],[-124.02992143635998,41.49637735143809],[-124.03742946232045,41.48485217401499],[-124.02821189491218,41.47495138636139],[-124.01148597796671,41.476574744480885]]]},"properties":{"h3_index":"87281c845ffffff","station_count":6,"program_id":"klamath_basin","program":"Klamath Basin","resolution":7,"stations":[{"station_id":"845","station_name":"McGarvey Creek","lat":41.486111,"lon":-124.00944,"waterbody":"McGarvey Creek","subbasin":"Lower Klamath","organization":"Yurok Tribal Environmental Department"},{"station_id":"933","station_name":"McGarvey Creek","lat":41.486111,"lon":-124.00944,"waterbody":"McGarvey Creek","subbasin":"Lower Klamath","organization":"Yurok Tribal Environmental Department"},{"station_id":"961","station_name":"McGarvey, east fork, YTFP site","lat":41.48565,"lon":-124.010863,"waterbody":"McGarvey Creek","subbasin":"Lower Klamath","organization":"Yurok Tribal Environmental Department"},{"station_id":"967","station_name":"McGarvey, west fork, YTFP site","lat":41.485723,"lon":-124.011217,"waterbody":"McGarvey Creek","subbasin":"Lower Klamath","organization":"Yurok Tribal Environmental Department"},{"station_id":"993","station_name":"McGarvey Creek Upper Main SPI Station","lat":41.48605,"lon":-124.01102,"waterbody":"McGarvey Creek","subbasin":"Lower Klamath","organization":"Yurok Tribal Fisheries Program"},{"station_id":"1008","station_name":"McGarvey Creek West Fork SPI Station","lat":41.48604,"lon":-124.01148,"waterbody":"McGarvey Creek","subbasin":"Lower Klamath","organization":"Yurok Tribal Fisheries Program"}]}},{"type":"Feature","geometry":{"type":"Polygon","coordinates":[[[-124.04085351774467,41.52769311987333],[-124.0333427400677,41.539214502866336],[-124.04256665753017,41.54910619849507],[-124.05930102575351,41.54747548074661],[-124.06680798228234,41.5359542010085],[-124.05758439266401,41.52606353564488],[-124.04085351774467,41.52769311987333]]]},"properties":{"h3_index":"87281c848ffffff","station_count":5,"program_id":"klamath_basin","program":"Klamath Basin","resolution":7,"stations":[{"station_id":"945","station_name":"Klamath River Below wastewater treatment plant","lat":41.539722,"lon":-124.049444,"waterbody":"Klamath River","subbasin":"Lower Klamath","organization":"Yurok Tribal Environmental Department"},{"station_id":"1513","station_name":"Klamath River Estuary - South Slough","lat":41.535,"lon":-124.065278,"waterbody":"Klamath River","subbasin":"Lower Klamath","organization":"Yurok Tribal Environmental Department"},{"station_id":"1536","station_name":"Spruce, mouth off McMillan Rd","lat":41.54411,"lon":-124.04824,"waterbody":"Spruce Creek","subbasin":"Lower Klamath","organization":"Yurok Tribal Environmental Department"},{"station_id":"1879","station_name":"Klamath R off dock at Jet Boat Tours in Klamath, CA","lat":41.53855,"lon":-124.04981,"waterbody":"Klamath River","subbasin":"Lower Klamath","organization":"Yurok Tribal Fisheries Program"},{"station_id":"999","station_name":"Klamath River at Jet Boat Tours","lat":41.538761,"lon":-124.049708,"waterbody":"Klamath River","subbasin":"Lower Klamath","organization":"Yurok Tribal Fisheries Program"}]}},{"type":"Feature","geometry":{"type":"Polygon","coordinates":[[[-124.06680798228234,41.5359542010085],[-124.05930102575351,41.54747548074661],[-124.06852673353264,41.55736311228353],[-124.0852590665803,41.55572843412272],[-124.09276219895192,41.54420725947469],[-124.08353682336009,41.53432065777814],[-124.06680798228234,41.5359542010085]]]},"properties":{"h3_index":"87281c849ffffff","station_count":6,"program_id":"klamath_basin","program":"Klamath Basin","resolution":7,"stations":[{"station_id":"172","station_name":"Klamath_(below_Hunter)","lat":41.545677,"lon":-124.061429,"waterbody":"Klamath River","subbasin":"Lower Klamath","organization":"Green Diamond Resource Company"},{"station_id":"1757","station_name":"Klamath River Estuary","lat":41.546877,"lon":-124.062284,"waterbody":"Klamath River","subbasin":"Lower Klamath","organization":"Yuork Tribe/RES"},{"station_id":"853","station_name":"john van.spring 70ft up","lat":41.551274,"lon":-124.071732,"waterbody":"John Van Spring","subbasin":"Lower Klamath","organization":"Yurok Tribal Environmental Department"},{"station_id":"1758","station_name":"Klamath River at Salt Creek","lat":41.547019,"lon":-124.062336,"waterbody":"Klamath River","subbasin":"Lower Klamath","organization":"Yurok Tribal Environmental Department"},{"station_id":"835","station_name":"Klamath River Estuary","lat":41.546111,"lon":-124.0725,"waterbody":"Klamath River","subbasin":"Lower Klamath","organization":"Yurok Tribal Environmental Department"},{"station_id":"939","station_name":"Lower Estuary Surface","lat":41.545308,"lon":-124.072956,"waterbody":"Klamath River","subbasin":"Lower Klamath","organization":"Yurok Tribal Environmental Department"}]}},{"type":"Feature","geometry":{"type":"Polygon","coordinates":[[[-124.04256665753017,41.54910619849507],[-124.03505450328348,41.560625680533754],[-124.04428053933607,41.570514341796866],[-124.0610184022905,41.56888249117598],[-124.06852673353264,41.55736311228353],[-124.05930102575351,41.54747548074661],[-124.04256665753017,41.54910619849507]]]},"properties":{"h3_index":"87281c84bffffff","station_count":11,"program_id":"klamath_basin","program":"Klamath Basin","resolution":7,"stations":[{"station_id":"1514","station_name":"Hunter, mouth from 101 bridge","lat":41.55823,"lon":-124.05901,"waterbody":"Hunter Creek","subbasin":"Lower Klamath","organization":"Yurok Tribal Environmental Department"},{"station_id":"896","station_name":"mouth at RV park","lat":41.549262,"lon":-124.059958,"waterbody":"Salt Creek","subbasin":"Lower Klamath","organization":"Yurok Tribal Environmental Department"},{"station_id":"1529","station_name":"Mynot, at Reservation Boundary","lat":41.556711,"lon":-124.044019,"waterbody":"Mynot Creek","subbasin":"Lower Klamath","organization":"Yurok Tribal Environmental Department"},{"station_id":"1528","station_name":"Mynot, mouth up Mynot Rd","lat":41.55481,"lon":-124.05273,"waterbody":"Mynot Creek","subbasin":"Lower Klamath","organization":"Yurok Tribal Environmental Department"},{"station_id":"887","station_name":"Salt, mouth at bridge, above tidal influence","lat":41.555112,"lon":-124.063564,"waterbody":"Salt Creek","subbasin":"Lower Klamath","organization":"Yurok Tribal Environmental Department"},{"station_id":"988","station_name":"Panther Creek SPI Station","lat":41.553611,"lon":-124.057028,"waterbody":"Panther Creek","subbasin":"Lower Klamath","organization":"Yurok Tribal Fisheries Program"},{"station_id":"984","station_name":"Panther Creek U/S & D/S Fyke Traps","lat":41.553611,"lon":-124.057028,"waterbody":"Panther Creek","subbasin":"Lower Klamath","organization":"Yurok Tribal Fisheries Program"},{"station_id":"996","station_name":"Salt Creek SPI Station","lat":41.554064,"lon":-124.061396,"waterbody":"Salt Creek","subbasin":"Lower Klamath","organization":"Yurok Tribal Fisheries Program"},{"station_id":"990","station_name":"Salt Creek U/S & D/S Fyke Traps","lat":41.55425,"lon":-124.061583,"waterbody":"Salt Creek","subbasin":"Lower Klamath","organization":"Yurok Tribal Fisheries Program"},{"station_id":"1004","station_name":"Scott River at Roxbury Bridge","lat":41.55425,"lon":-124.061583,"waterbody":"Scott River","subbasin":"Scott","organization":"Yurok Tribal Fisheries Program"},{"station_id":"1010","station_name":"Shasta River First Pool","lat":41.55425,"lon":-124.061583,"waterbody":"Shasta River","subbasin":"Shasta","organization":"Yurok Tribal Fisheries Program"}]}},{"type":"Feature","geometry":{"type":"Polygon","coordinates":[[[-124.03914111950088,41.506275110266],[-124.03163171791924,41.51779839172168],[-124.04085351774467,41.52769311987333],[-124.05758439266401,41.52606353564488],[-124.06508997495258,41.51454035755105],[-124.05586850254241,41.50464666020482],[-124.03914111950088,41.506275110266]]]},"properties":{"h3_index":"87281c84cffffff","station_count":6,"program_id":"klamath_basin","program":"Klamath Basin","resolution":7,"stations":[{"station_id":"849","station_name":"below fork confluence-2","lat":41.520505,"lon":-124.056226,"waterbody":"Richardson Creek","subbasin":"Lower Klamath","organization":"Yurok Tribal Environmental Department"},{"station_id":"906","station_name":"Klamath River Above wastewater treatment plant","lat":41.525833,"lon":-124.041111,"waterbody":"Klamath River","subbasin":"Lower Klamath","organization":"Yurok Tribal Environmental Department"},{"station_id":"965","station_name":"Richardson, mouth","lat":41.524309,"lon":-124.046214,"waterbody":"Richardson Creek","subbasin":"Lower Klamath","organization":"Yurok Tribal Environmental Department"},{"station_id":"983","station_name":"South Fork Trinity River near mouth","lat":41.513,"lon":-124.035528,"waterbody":"South Fork Trinity River","subbasin":"Trinity","organization":"Yurok Tribal Fisheries Program"},{"station_id":"998","station_name":"Waukell Creek Lower U/S & D/S Fyke Trap","lat":41.513278,"lon":-124.036028,"waterbody":"Waukell Creek","subbasin":"Lower Klamath","organization":"Yurok Tribal Fisheries Program"},{"station_id":"1012","station_name":"Waukell Creek SPI Station","lat":41.513,"lon":-124.035528,"waterbody":"Waukell Creek","subbasin":"Lower Klamath","organization":"Yurok Tribal Fisheries Program"}]}},{"type":"Feature","geometry":{"type":"Polygon","coordinates":[[[-124.01489881598728,41.5194240159946],[-124.007384220176,41.53094550040761],[-124.0166063435019,41.54084125924657],[-124.0333427400677,41.539214502866336],[-124.04085351774467,41.52769311987333],[-124.03163171791924,41.51779839172168],[-124.01489881598728,41.5194240159946]]]},"properties":{"h3_index":"87281c84effffff","station_count":2,"program_id":"klamath_basin","program":"Klamath Basin","resolution":7,"stations":[{"station_id":"1145","station_name":"Hoppaw_Creek_13","lat":41.531477,"lon":-124.007989,"waterbody":"Hoppaw Creek","subbasin":"Lower Klamath","organization":"Green Diamond Resource Company"},{"station_id":"986","station_name":"Hoppaw Creek U/S & D/S Fyke Traps","lat":41.524673,"lon":-124.037649,"waterbody":"Hoppaw Creek","subbasin":"Lower Klamath","organization":"Yurok Tribal Fisheries Program"}]}},{"type":"Feature","geometry":{"type":"Polygon","coordinates":[[[-123.96638207944765,41.5457079367266],[-123.95885709169174,41.557225813429014],[-123.96807985025164,41.56712363328594],[-123.98482728184561,41.56550254587247],[-123.99234845380505,41.55398476670543],[-123.98312601089911,41.544087977297835],[-123.96638207944765,41.5457079367266]]]},"properties":{"h3_index":"87281c858ffffff","station_count":2,"program_id":"klamath_basin","program":"Klamath Basin","resolution":7,"stations":[{"station_id":"816","station_name":"Upper Turwar","lat":41.546389,"lon":-123.968333,"waterbody":"Turwar Creek","subbasin":"Lower Klamath","organization":"Yurok Tribal Environmental Department"},{"station_id":"950","station_name":"Upper Turwar","lat":41.546389,"lon":-123.968333,"waterbody":"Turwar Creek","subbasin":"Lower Klamath","organization":"Yurok Tribal Environmental Department"}]}},{"type":"Feature","geometry":{"type":"Polygon","coordinates":[[[-123.96807985025164,41.56712363328594],[-123.96055347940928,41.57863960372865],[-123.9697783568788,41.58853438945151],[-123.98652929004757,41.586912174699094],[-123.99405184323933,41.575396301681465],[-123.98482728184561,41.56550254587247],[-123.96807985025164,41.56712363328594]]]},"properties":{"h3_index":"87281c85bffffff","station_count":3,"program_id":"klamath_basin","program":"Klamath Basin","resolution":7,"stations":[{"station_id":"905","station_name":"TURWAR 3","lat":41.575182,"lon":-123.966578,"waterbody":"Turwar Creek","subbasin":"Lower Klamath","organization":"Yurok Tribal Environmental Department"},{"station_id":"822","station_name":"turwar east Fork 4","lat":41.577748,"lon":-123.961603,"waterbody":"Turwar Creek","subbasin":"Lower Klamath","organization":"Yurok Tribal Environmental Department"},{"station_id":"962","station_name":"turwar west Fork 5","lat":41.578148,"lon":-123.961356,"waterbody":"Turwar Creek","subbasin":"Lower Klamath","organization":"Yurok Tribal Environmental Department"}]}},{"type":"Feature","geometry":{"type":"Polygon","coordinates":[[[-123.96468504399185,41.52428730410575],[-123.95716143884358,41.535807084578224],[-123.96638207944765,41.5457079367266],[-123.98312601089911,41.544087977297835],[-123.99064580210366,41.53256829446939],[-123.98142547673213,41.52266847330709],[-123.96468504399185,41.52428730410575]]]},"properties":{"h3_index":"87281c85cffffff","station_count":2,"program_id":"klamath_basin","program":"Klamath Basin","resolution":7,"stations":[{"station_id":"1143","station_name":"Dandy","lat":41.536489,"lon":-123.959085,"waterbody":"Dandy Creek","subbasin":"Lower Klamath","organization":"Green Diamond Resource Company"},{"station_id":"957","station_name":"Lower Turwar  1","lat":41.531111,"lon":-123.984167,"waterbody":"Turwar Creek","subbasin":"Lower Klamath","organization":"Yurok Tribal Environmental Department"}]}},{"type":"Feature","geometry":{"type":"Polygon","coordinates":[[[-124.00978066650751,41.45514272491895],[-124.00227020311634,41.46666989754462],[-124.01148597796671,41.476574744480885],[-124.02821189491218,41.47495138636139],[-124.03571854572552,41.46342431546963],[-124.02650309309868,41.453520500844846],[-124.00978066650751,41.45514272491895]]]},"properties":{"h3_index":"87281c863ffffff","station_count":1,"program_id":"klamath_basin","program":"Klamath Basin","resolution":7,"stations":[{"station_id":"937","station_name":"McGarvey, East fork uper","lat":41.468994,"lon":-124.01076,"waterbody":"McGarvey Creek","subbasin":"Lower Klamath","organization":"Yurok Tribal Environmental Department"}]}},{"type":"Feature","geometry":{"type":"Polygon","coordinates":[[[-124.06337271106362,41.49312158624876],[-124.05586850254241,41.50464666020482],[-124.06508997495258,41.51454035755105],[-124.08181532548552,41.51290794989923],[-124.08931571356162,41.501382981246564],[-124.08009457247589,41.491490314823224],[-124.06337271106362,41.49312158624876]]]},"properties":{"h3_index":"87281c86bffffff","station_count":1,"program_id":"klamath_basin","program":"Klamath Basin","resolution":7,"stations":[{"station_id":"861","station_name":"upper3","lat":41.512825,"lon":-124.072968,"waterbody":"Richardson Creek","subbasin":"Lower Klamath","organization":"Yurok Tribal Environmental Department"}]}},{"type":"Feature","geometry":{"type":"Polygon","coordinates":[[[-124.03571854572552,41.46342431546963],[-124.02821189491218,41.47495138636139],[-124.03742946232045,41.48485217401499],[-124.05415335490954,41.48322485876793],[-124.06165619013605,41.471697891446716],[-124.05243894928668,41.4617981356832],[-124.03571854572552,41.46342431546963]]]},"properties":{"h3_index":"87281c86effffff","station_count":1,"program_id":"klamath_basin","program":"Klamath Basin","resolution":7,"stations":[{"station_id":"979","station_name":"MCG_W2","lat":41.47003,"lon":-124.039064,"waterbody":"McGarvey Creek","subbasin":"Lower Klamath","organization":"Yurok Tribal Environmental Department"}]}},{"type":"Feature","geometry":{"type":"Polygon","coordinates":[[[-123.53616035982526,41.554072180419766],[-123.52856106024791,41.56557802598949],[-123.53776737436286,41.57552367376315],[-123.55457274474867,41.57396244237605],[-123.56216826790484,41.56245666248133],[-123.55296219804958,41.552512048182756],[-123.53616035982526,41.554072180419766]]]},"properties":{"h3_index":"87281c892ffffff","station_count":2,"program_id":"klamath_basin","program":"Klamath Basin","resolution":7,"stations":[{"station_id":"1064","station_name":"Dillon","lat":41.574901,"lon":-123.541,"waterbody":"Dillon Creek","subbasin":"Middle Klamath","organization":"U.S. Forest Service"},{"station_id":"342","station_name":"Dillon Creek, 10 ft downstream of last campsite swimming hole","lat":41.57276,"lon":-123.544,"waterbody":"Dillon Creek","subbasin":"Middle Klamath","organization":"U.S. Forest Service"}]}},{"type":"Feature","geometry":{"type":"Polygon","coordinates":[[[-123.53455404310748,41.53261574123565],[-123.52695616088904,41.54412350988937],[-123.53616035982526,41.554072180419766],[-123.55296219804958,41.552512048182756],[-123.56055630567987,41.541004345314676],[-123.55135235062662,41.53105670878209],[-123.53455404310748,41.53261574123565]]]},"properties":{"h3_index":"87281c896ffffff","station_count":1,"program_id":"klamath_basin","program":"Klamath Basin","resolution":7,"stations":[{"station_id":"2367","station_name":"Klamath R at Persido Bar","lat":41.541631,"lon":-123.528693,"waterbody":"Klamath River","subbasin":"Middle Klamath","organization":"U.S. Forest Service"}]}},{"type":"Feature","geometry":{"type":"Polygon","coordinates":[[[-123.58979444475118,41.59227634135219],[-123.58220128694404,41.603780128395236],[-123.59141345753842,41.61371463278982],[-123.6082185334956,41.61214431782698],[-123.61580790681029,41.60064059999396],[-123.606595989612,41.59070712779736],[-123.58979444475118,41.59227634135219]]]},"properties":{"h3_index":"87281c89affffff","station_count":2,"program_id":"klamath_basin","program":"Klamath Basin","resolution":7,"stations":[{"station_id":"1098","station_name":"NF Dillon1","lat":41.594299,"lon":-123.589996,"waterbody":"North Fork Dillon Creek","subbasin":"Middle Klamath","organization":"U.S. Forest Service"},{"station_id":"591","station_name":"North Fork Dillon, upstream of MS Dillon","lat":41.60286,"lon":-123.5942,"waterbody":"North Fork Dillon Creek","subbasin":"Middle Klamath","organization":"U.S. Forest Service"}]}},{"type":"Feature","geometry":{"type":"Polygon","coordinates":[[[-123.79397901492531,41.28120191251777],[-123.78644511124972,41.29273926695634],[-123.79563586836993,41.30269161181082],[-123.81236024458269,41.30110556379476],[-123.81989036909093,41.28956829687146],[-123.81069989748663,41.279616990332116],[-123.79397901492531,41.28120191251777]]]},"properties":{"h3_index":"87281c900ffffff","station_count":2,"program_id":"klamath_basin","program":"Klamath Basin","resolution":7,"stations":[{"station_id":"1521","station_name":"Devil's at Reservation boundary","lat":41.286716,"lon":-123.802423,"waterbody":"Devil Creek","subbasin":"Lower Klamath","organization":"Yurok Tribal Environmental Department"},{"station_id":"878","station_name":"Upper Devil Creek","lat":41.289705,"lon":-123.806972,"waterbody":"Devil Creek","subbasin":"Lower Klamath","organization":"Yurok Tribal Environmental Department"}]}},{"type":"Feature","geometry":{"type":"Polygon","coordinates":[[[-123.81989036909093,41.28956829687146],[-123.81236024458269,41.30110556379476],[-123.82155282194854,41.31105386339171],[-123.83827523491348,41.30946385803312],[-123.84580157721591,41.297926680462595],[-123.83660928969108,41.287979418780886],[-123.81989036909093,41.28956829687146]]]},"properties":{"h3_index":"87281c901ffffff","station_count":2,"program_id":"klamath_basin","program":"Klamath Basin","resolution":7,"stations":[{"station_id":"922","station_name":"cappell west -old intake- SPRING","lat":41.296738,"lon":-123.831879,"waterbody":"Cappell Creek","subbasin":"Lower Klamath","organization":"Yurok Tribal Environmental Department"},{"station_id":"830","station_name":"Kepel above intake","lat":41.298126,"lon":-123.82851,"waterbody":"Kepel Creek","subbasin":"Lower Klamath","organization":"Yurok Tribal Environmental Department"}]}},{"type":"Feature","geometry":{"type":"Polygon","coordinates":[[[-123.76971877861166,41.29432135674273],[-123.76217970766281,41.3058569150213],[-123.7713707463711,41.31581029804118],[-123.78810057537456,41.31422708450037],[-123.79563586836993,41.30269161181082],[-123.78644511124972,41.29273926695634],[-123.76971877861166,41.29432135674273]]]},"properties":{"h3_index":"87281c902ffffff","station_count":1,"program_id":"klamath_basin","program":"Klamath Basin","resolution":7,"stations":[{"station_id":"925","station_name":"Upper East Fork Cappell creek","lat":41.303874,"lon":-123.785798,"waterbody":"Cappell Creek","subbasin":"Lower Klamath","organization":"Yurok Tribal Environmental Department"}]}},{"type":"Feature","geometry":{"type":"Polygon","coordinates":[[[-123.79563586836993,41.30269161181082],[-123.78810057537456,41.31422708450037],[-123.79729343865692,41.32417642186509],[-123.81402130995157,41.322589248655596],[-123.82155282194854,41.31105386339171],[-123.81236024458269,41.30110556379476],[-123.79563586836993,41.30269161181082]]]},"properties":{"h3_index":"87281c903ffffff","station_count":2,"program_id":"klamath_basin","program":"Klamath Basin","resolution":7,"stations":[{"station_id":"862","station_name":"Cappell Confluence","lat":41.307772,"lon":-123.80342,"waterbody":"Cappell Creek","subbasin":"Lower Klamath","organization":"Yurok Tribal Environmental Department"},{"station_id":"910","station_name":"Cappell West Fork upper","lat":41.313246,"lon":-123.798139,"waterbody":"Cappell Creek","subbasin":"Lower Klamath","organization":"Yurok Tribal Environmental Department"}]}},{"type":"Feature","geometry":{"type":"Polygon","coordinates":[[[-123.79232287786095,41.25970732841893],[-123.78479036302082,41.271246562070914],[-123.79397901492531,41.28120191251777],[-123.81069989748663,41.279616990332116],[-123.81822863498917,41.26807784428329],[-123.80904026820033,41.25812353270023],[-123.79232287786095,41.25970732841893]]]},"properties":{"h3_index":"87281c904ffffff","station_count":3,"program_id":"klamath_basin","program":"Klamath Basin","resolution":7,"stations":[{"station_id":"867","station_name":"Devil mouth","lat":41.276524,"lon":-123.80414,"waterbody":"Devil Creek","subbasin":"Lower Klamath","organization":"Yurok Tribal Environmental Department"},{"station_id":"855","station_name":"Harp's SPRING","lat":41.27107,"lon":-123.7852,"waterbody":"Mawah Creek","subbasin":"Lower Klamath","organization":"Yurok Tribal Environmental Department"},{"station_id":"1526","station_name":"Mawah, mouth","lat":41.26911,"lon":-123.78663,"waterbody":"Mawah Creek","subbasin":"Lower Klamath","organization":"Yurok Tribal Environmental Department"}]}},{"type":"Feature","geometry":{"type":"Polygon","coordinates":[[[-123.81822863498917,41.26807784428329],[-123.81069989748663,41.279616990332116],[-123.81989036909093,41.28956829687146],[-123.83660928969108,41.287979418780886],[-123.84413424681921,41.27644036217334],[-123.83494406465293,41.266490094098174],[-123.81822863498917,41.26807784428329]]]},"properties":{"h3_index":"87281c905ffffff","station_count":3,"program_id":"klamath_basin","program":"Klamath Basin","resolution":7,"stations":[{"station_id":"1156","station_name":"Morek","lat":41.274997,"lon":-123.832317,"waterbody":"Morek Creek","subbasin":"Lower Klamath","organization":"Green Diamond Resource Company"},{"station_id":"1524","station_name":"Kepel, mouth","lat":41.28403,"lon":-123.8229,"waterbody":"Kepel Creek","subbasin":"Lower Klamath","organization":"Yurok Tribal Environmental Department"},{"station_id":"892","station_name":"mouth at LA site","lat":41.283256,"lon":-123.823113,"waterbody":"Cappell Creek","subbasin":"Lower Klamath","organization":"Yurok Tribal Environmental Department"}]}},{"type":"Feature","geometry":{"type":"Polygon","coordinates":[[[-123.76806752531667,41.272827527466774],[-123.76052984551691,41.2843649675834],[-123.76971877861166,41.29432135674273],[-123.78644511124972,41.29273926695634],[-123.79397901492531,41.28120191251777],[-123.78479036302082,41.271246562070914],[-123.76806752531667,41.272827527466774]]]},"properties":{"h3_index":"87281c906ffffff","station_count":4,"program_id":"klamath_basin","program":"Klamath Basin","resolution":7,"stations":[{"station_id":"817","station_name":"East Fork Mareep","lat":41.287878,"lon":-123.770858,"waterbody":"Mareep Creek","subbasin":"Lower Klamath","organization":"Yurok Tribal Environmental Department"},{"station_id":"860","station_name":"mareep creek confidence","lat":41.278687,"lon":-123.78726,"waterbody":"Mareep Creek","subbasin":"Lower Klamath","organization":"Yurok Tribal Environmental Department"},{"station_id":"975","station_name":"mereep west Fork","lat":41.284155,"lon":-123.786705,"waterbody":"Mareep Creek","subbasin":"Lower Klamath","organization":"Yurok Tribal Environmental Department"},{"station_id":"971","station_name":"upper est mereep","lat":41.280801,"lon":-123.780112,"waterbody":"Mareep Creek","subbasin":"Lower Klamath","organization":"Yurok Tribal Environmental Department"}]}},{"type":"Feature","geometry":{"type":"Polygon","coordinates":[[[-123.84746962874311,41.31940811142525],[-123.83994190078461,41.33094340742655],[-123.84913840186586,41.34088465063692],[-123.86586233726499,41.339289560763795],[-123.87338627814944,41.32775435586229],[-123.86419007164022,41.31781414961685],[-123.84746962874311,41.31940811142525]]]},"properties":{"h3_index":"87281c908ffffff","station_count":1,"program_id":"klamath_basin","program":"Klamath Basin","resolution":7,"stations":[{"station_id":"889","station_name":"klamath river","lat":41.336523,"lon":-123.855513,"waterbody":"Klamath River","subbasin":"Lower Klamath","organization":"Yurok Tribal Environmental Department"}]}},{"type":"Feature","geometry":{"type":"Polygon","coordinates":[[[-123.87338627814944,41.32775435586229],[-123.86586233726499,41.339289560763795],[-123.87506065156664,41.34922675548575],[-123.89178260878413,41.347627708629],[-123.89930275956385,41.3360925966647],[-123.89010474416123,41.3261564385025],[-123.87338627814944,41.32775435586229]]]},"properties":{"h3_index":"87281c909ffffff","station_count":1,"program_id":"klamath_basin","program":"Klamath Basin","resolution":7,"stations":[{"station_id":"1148","station_name":"Johnson_(T251)","lat":41.328351,"lon":-123.888336,"waterbody":"Johnson Creek","subbasin":"Lower Klamath","organization":"Green Diamond Resource Company"}]}},{"type":"Feature","geometry":{"type":"Polygon","coordinates":[[[-123.82321599402562,41.33253453941536],[-123.81568309405662,41.344068040489454],[-123.82487988578617,41.35401032052121],[-123.8416092877694,41.352418062540366],[-123.84913840186586,41.34088465063692],[-123.83994190078461,41.33094340742655],[-123.82321599402562,41.33253453941536]]]},"properties":{"h3_index":"87281c90affffff","station_count":5,"program_id":"klamath_basin","program":"Klamath Basin","resolution":7,"stations":[{"station_id":"868","station_name":"East Fork Pecwan Creek","lat":41.343056,"lon":-123.844167,"waterbody":"East Fork Pecwan Creek","subbasin":"Lower Klamath","organization":"Yurok Tribal Environmental Department"},{"station_id":"852","station_name":"East fork2, previous site","lat":41.345558,"lon":-123.821615,"waterbody":"Pecwan Creek","subbasin":"Lower Klamath","organization":"Yurok Tribal Environmental Department"},{"station_id":"948","station_name":"Mainstem Pecwan Creek","lat":41.343056,"lon":-123.845556,"waterbody":"Pecwan Creek","subbasin":"Lower Klamath","organization":"Yurok Tribal Environmental Department"},{"station_id":"866","station_name":"pec.est lower","lat":41.343158,"lon":-123.845649,"waterbody":"Pecwan Creek","subbasin":"Lower Klamath","organization":"Yurok Tribal Environmental Department"},{"station_id":"821","station_name":"pec.west lower fork","lat":41.342952,"lon":-123.845406,"waterbody":"Pecwan Creek","subbasin":"Lower Klamath","organization":"Yurok Tribal Environmental Department"}]}},{"type":"Feature","geometry":{"type":"Polygon","coordinates":[[[-123.84913840186586,41.34088465063692],[-123.8416092877694,41.352418062540366],[-123.85080789704969,41.362356293680726],[-123.86753532637982,41.36076007638192],[-123.87506065156664,41.34922675548575],[-123.86586233726499,41.339289560763795],[-123.84913840186586,41.34088465063692]]]},"properties":{"h3_index":"87281c90bffffff","station_count":5,"program_id":"klamath_basin","program":"Klamath Basin","resolution":7,"stations":[{"station_id":"836","station_name":"Johnson Creek mouth","lat":41.34511,"lon":-123.868785,"waterbody":"Johnson Creek","subbasin":"Lower Klamath","organization":"Yurok Tribal Environmental Department"},{"station_id":"1590","station_name":"Johnsons Creek","lat":41.343889,"lon":-123.867778,"waterbody":"Johnson Creek","subbasin":"Lower Klamath","organization":"Yurok Tribal Environmental Department"},{"station_id":"1525","station_name":"Kotep, mouth by house","lat":41.348465,"lon":-123.8637,"waterbody":"Kotep Creek","subbasin":"Lower Klamath","organization":"Yurok Tribal Environmental Department"},{"station_id":"847","station_name":"mcneal spring","lat":41.352157,"lon":-123.863331,"waterbody":"McNeal Spring","subbasin":"Lower Klamath","organization":"Yurok Tribal Environmental Department"},{"station_id":"846","station_name":"Pec mouth-existing LA probe site","lat":41.343288,"lon":-123.85222,"waterbody":"Pecwan Creek","subbasin":"Lower Klamath","organization":"Yurok Tribal Environmental Department"}]}},{"type":"Feature","geometry":{"type":"Polygon","coordinates":[[[-123.84580157721591,41.297926680462595],[-123.83827523491348,41.30946385803312],[-123.84746962874311,41.31940811142525],[-123.86419007164022,41.31781414961685],[-123.87171262870297,41.3062770632369],[-123.86251852903918,41.296333847357594],[-123.84580157721591,41.297926680462595]]]},"properties":{"h3_index":"87281c90cffffff","station_count":1,"program_id":"klamath_basin","program":"Klamath Basin","resolution":7,"stations":[{"station_id":"1527","station_name":"Millers source water at PM 16.65","lat":41.316036,"lon":-123.84844,"waterbody":"Unnamed creek","subbasin":"Lower Klamath","organization":"Yurok Tribal Environmental Department"}]}},{"type":"Feature","geometry":{"type":"Polygon","coordinates":[[[-123.87171262870297,41.3062770632369],[-123.86419007164022,41.31781414961685],[-123.87338627814944,41.32775435586229],[-123.89010474416123,41.3261564385025],[-123.89762351295528,41.314619445151166],[-123.88842760493617,41.30468027601362],[-123.87171262870297,41.3062770632369]]]},"properties":{"h3_index":"87281c90dffffff","station_count":1,"program_id":"klamath_basin","program":"Klamath Basin","resolution":7,"stations":[{"station_id":"824","station_name":"Mettah Creek","lat":41.308611,"lon":-123.8725,"waterbody":"Mettah Creek","subbasin":"Lower Klamath","organization":"Yurok Tribal Environmental Department"}]}},{"type":"Feature","geometry":{"type":"Polygon","coordinates":[[[-123.69523781773131,41.31216031928906],[-123.68768463651428,41.32369235150112],[-123.69687438957212,41.3336518558833],[-123.71361705540457,41.332078289682656],[-123.72116646417827,41.3205463373717],[-123.7119769805013,41.31058787124405],[-123.69523781773131,41.31216031928906]]]},"properties":{"h3_index":"87281c912ffffff","station_count":1,"program_id":"klamath_basin","program":"Klamath Basin","resolution":7,"stations":[{"station_id":"1822","station_name":"Bluff Creek at Dragon Bar","lat":41.314835,"lon":-123.703186,"waterbody":"Bluff Creek","subbasin":"Lower Klamath","organization":"U.S. Forest Service"}]}},{"type":"Feature","geometry":{"type":"Polygon","coordinates":[[[-123.77467682712798,41.35877349899372],[-123.76713357981562,41.37030339656949],[-123.77633094104868,41.38024774981069],[-123.79307126774577,41.3786611688269],[-123.80061073160874,41.36713135656275],[-123.79141365316008,41.35718803985385],[-123.77467682712798,41.35877349899372]]]},"properties":{"h3_index":"87281c91bffffff","station_count":1,"program_id":"klamath_basin","program":"Klamath Basin","resolution":7,"stations":[{"station_id":"880","station_name":"upper East Fork pecwan","lat":41.372667,"lon":-123.779544,"waterbody":"Pecwan Creek","subbasin":"Lower Klamath","organization":"Yurok Tribal Environmental Department"}]}},{"type":"Feature","geometry":{"type":"Polygon","coordinates":[[[-123.84246763708825,41.25494916098934],[-123.83494406465293,41.266490094098174],[-123.84413424681921,41.27644036217334],[-123.86084770899592,41.27484865841001],[-123.86836749985645,41.26330781666815],[-123.85917761104484,41.25335858720561],[-123.84246763708825,41.25494916098934]]]},"properties":{"h3_index":"87281c92effffff","station_count":2,"program_id":"klamath_basin","program":"Klamath Basin","resolution":7,"stations":[{"station_id":"927","station_name":"Roach Creek","lat":41.275278,"lon":-123.850556,"waterbody":"Roach Creek","subbasin":"Lower Klamath","organization":"Yurok Tribal Environmental Department"},{"station_id":"908","station_name":"Roach Creek mouth","lat":41.275319,"lon":-123.851917,"waterbody":"Roach Creek","subbasin":"Lower Klamath","organization":"Yurok Tribal Environmental Department"}]}},{"type":"Feature","geometry":{"type":"Polygon","coordinates":[[[-123.7405109700736,41.24294230305982],[-123.73297090968744,41.254481706404874],[-123.74215591086288,41.26444514179483],[-123.75888069688918,41.26286813406793],[-123.76641698602545,41.25132881465062],[-123.7572322613196,41.24136641891612],[-123.7405109700736,41.24294230305982]]]},"properties":{"h3_index":"87281c930ffffff","station_count":1,"program_id":"klamath_basin","program":"Klamath Basin","resolution":7,"stations":[{"station_id":"827","station_name":"Miners Upper(2)","lat":41.253402,"lon":-123.740651,"waterbody":"Miners Creek","subbasin":"Lower Klamath","organization":"Yurok Tribal Environmental Department"}]}},{"type":"Feature","geometry":{"type":"Polygon","coordinates":[[[-123.76641698602545,41.25132881465062],[-123.75888069688918,41.26286813406793],[-123.76806752531667,41.272827527466774],[-123.78479036302082,41.271246562070914],[-123.79232287786095,41.25970732841893],[-123.78313633022636,41.24974897428097],[-123.76641698602545,41.25132881465062]]]},"properties":{"h3_index":"87281c931ffffff","station_count":7,"program_id":"klamath_basin","program":"Klamath Basin","resolution":7,"stations":[{"station_id":"1520","station_name":"Chiqui, mouth","lat":41.26649,"lon":-123.78031,"waterbody":"Chiqui Creek","subbasin":"Lower Klamath","organization":"Yurok Tribal Environmental Department"},{"station_id":"826","station_name":"coon Creek mouth","lat":41.261585,"lon":-123.779677,"waterbody":"Coon Creek","subbasin":"Lower Klamath","organization":"Yurok Tribal Environmental Department"},{"station_id":"820","station_name":"coon Creek north fork mouth","lat":41.265656,"lon":-123.768651,"waterbody":"Coon Creek","subbasin":"Lower Klamath","organization":"Yurok Tribal Environmental Department"},{"station_id":"920","station_name":"coon mid reach below fork","lat":41.265484,"lon":-123.768847,"waterbody":"Coon Creek","subbasin":"Lower Klamath","organization":"Yurok Tribal Environmental Department"},{"station_id":"1956","station_name":"Coon, mouth off Upeer Kepel Rd","lat":41.26434,"lon":-123.77148,"waterbody":"Coon Creek","subbasin":"Lower Klamath","organization":"Yurok Tribal Environmental Department"},{"station_id":"1876","station_name":"Klamath R d/s Coon Creek falls","lat":41.262906,"lon":-123.781811,"waterbody":"Klamath River","subbasin":"Lower Klamath","organization":"Yurok Tribal Fisheries Program"},{"station_id":"1000","station_name":"Klamath River at Coon Creek","lat":41.262778,"lon":-123.781711,"waterbody":"Klamath River","subbasin":"Lower Klamath","organization":"Yurok Tribal Fisheries Program"}]}},{"type":"Feature","geometry":{"type":"Polygon","coordinates":[[[-123.71624418216227,41.2560547555893],[-123.7086989592625,41.26759236155136],[-123.71788423297578,41.277556836440894],[-123.73461445798686,41.27598266575252],[-123.74215591086288,41.26444514179483],[-123.73297090968744,41.254481706404874],[-123.71624418216227,41.2560547555893]]]},"properties":{"h3_index":"87281c932ffffff","station_count":1,"program_id":"klamath_basin","program":"Klamath Basin","resolution":7,"stations":[{"station_id":"966","station_name":"divided lake feeds miners creek","lat":41.258303,"lon":-123.715043,"waterbody":"Miners Creek","subbasin":"Lower Klamath","organization":"Yurok Tribal Environmental Department"}]}},{"type":"Feature","geometry":{"type":"Polygon","coordinates":[[[-123.74215591086288,41.26444514179483],[-123.73461445798686,41.27598266575252],[-123.74380156327855,41.28594309825868],[-123.76052984551691,41.2843649675834],[-123.76806752531667,41.272827527466774],[-123.75888069688918,41.26286813406793],[-123.74215591086288,41.26444514179483]]]},"properties":{"h3_index":"87281c933ffffff","station_count":2,"program_id":"klamath_basin","program":"Klamath Basin","resolution":7,"stations":[{"station_id":"921","station_name":"south fork coon","lat":41.267024,"lon":-123.760432,"waterbody":"Coon Creek","subbasin":"Lower Klamath","organization":"Yurok Tribal Environmental Department"},{"station_id":"877","station_name":"Upper South Fork Coon Creek","lat":41.273828,"lon":-123.755249,"waterbody":"Coon Creek","subbasin":"Lower Klamath","organization":"Yurok Tribal Environmental Department"}]}},{"type":"Feature","geometry":{"type":"Polygon","coordinates":[[[-123.73886674045191,41.221434586502774],[-123.73132807206898,41.23297586669253],[-123.7405109700736,41.24294230305982],[-123.7572322613196,41.24136641891612],[-123.76476716027774,41.22982522273909],[-123.7555845383485,41.21985982657673],[-123.73886674045191,41.221434586502774]]]},"properties":{"h3_index":"87281c934ffffff","station_count":3,"program_id":"klamath_basin","program":"Klamath Basin","resolution":7,"stations":[{"station_id":"1519","station_name":"Burill, South Fork at Reservation Boundary","lat":41.221131,"lon":-123.752907,"waterbody":"Burill Creek","subbasin":"Lower Klamath","organization":"Yurok Tribal Environmental Department"},{"station_id":"977","station_name":"new rock chutt upper vanfleet","lat":41.222412,"lon":-123.741225,"waterbody":"Rock Chute Creek","subbasin":"Lower Klamath","organization":"Yurok Tribal Environmental Department"},{"station_id":"1532","station_name":"Rock Chute, south branch at boundary","lat":41.222317,"lon":-123.741214,"waterbody":"Rock Chute Creek","subbasin":"Lower Klamath","organization":"Yurok Tribal Environmental Department"}]}},{"type":"Feature","geometry":{"type":"Polygon","coordinates":[[[-123.76476716027774,41.22982522273909],[-123.7572322613196,41.24136641891612],[-123.76641698602545,41.25132881465062],[-123.78313633022636,41.24974897428097],[-123.79066745671516,41.2382078639548],[-123.78148301240515,41.228246508030956],[-123.76476716027774,41.22982522273909]]]},"properties":{"h3_index":"87281c935ffffff","station_count":6,"program_id":"klamath_basin","program":"Klamath Basin","resolution":7,"stations":[{"station_id":"864","station_name":"Gilbert Myers' domestic source","lat":41.230431,"lon":-123.777642,"waterbody":"Pools Creek","subbasin":"Lower Klamath","organization":"Yurok Tribal Environmental Department"},{"station_id":"1523","station_name":"Kenek, mouth above intake","lat":41.23536,"lon":-123.77644,"waterbody":"Kenek Creek","subbasin":"Lower Klamath","organization":"Yurok Tribal Environmental Department"},{"station_id":"857","station_name":"Miners' mouth at pool above 169","lat":41.247896,"lon":-123.772398,"waterbody":"Miners Creek","subbasin":"Lower Klamath","organization":"Yurok Tribal Environmental Department"},{"station_id":"915","station_name":"moody springs","lat":41.231998,"lon":-123.770211,"waterbody":"Moody Springs","subbasin":"Lower Klamath","organization":"Yurok Tribal Environmental Department"},{"station_id":"1534","station_name":"Rube, mouth","lat":41.24026,"lon":-123.7682,"waterbody":"Rube Creek","subbasin":"Lower Klamath","organization":"Yurok Tribal Environmental Department"},{"station_id":"812","station_name":"Tully Creek mouth","lat":41.228894,"lon":-123.77492,"waterbody":"Tully Creek","subbasin":"Lower Klamath","organization":"Yurok Tribal Environmental Department"}]}},{"type":"Feature","geometry":{"type":"Polygon","coordinates":[[[-123.95113517600402,41.35274506726827],[-123.94362261450726,41.36427998784471],[-123.95282634572858,41.37420503152081],[-123.9695423274965,41.37259411917351],[-123.97705108982456,41.361059297048236],[-123.96784767048078,41.35113528870113],[-123.95113517600402,41.35274506726827]]]},"properties":{"h3_index":"87281c942ffffff","station_count":2,"program_id":"klamath_basin","program":"Klamath Basin","resolution":7,"stations":[{"station_id":"1164","station_name":"Surpur_B700A_(Rhva)","lat":41.367603,"lon":-123.964195,"waterbody":"Surpur Creek","subbasin":"Lower Klamath","organization":"Green Diamond Resource Company"},{"station_id":"1166","station_name":"Surpur_West_(Astr)","lat":41.366409,"lon":-123.952877,"waterbody":"Surpur Creek","subbasin":"Lower Klamath","organization":"Green Diamond Resource Company"}]}},{"type":"Feature","geometry":{"type":"Polygon","coordinates":[[[-123.9494447373702,41.33128020628166],[-123.94193355418201,41.34281700806062],[-123.95113517600402,41.35274506726827],[-123.96784767048078,41.35113528870113],[-123.97535505634121,41.339598585466454],[-123.96615374597945,41.329671562136745],[-123.9494447373702,41.33128020628166]]]},"properties":{"h3_index":"87281c946ffffff","station_count":2,"program_id":"klamath_basin","program":"Klamath Basin","resolution":7,"stations":[{"station_id":"1161","station_name":"Surpur_A400A_(Rhva)","lat":41.348941,"lon":-123.955399,"waterbody":"Surpur Creek","subbasin":"Lower Klamath","organization":"Green Diamond Resource Company"},{"station_id":"1165","station_name":"Surpur_South_(Astr)","lat":41.349165,"lon":-123.956143,"waterbody":"Surpur Creek","subbasin":"Lower Klamath","organization":"Green Diamond Resource Company"}]}},{"type":"Feature","geometry":{"type":"Polygon","coordinates":[[[-123.9009827325174,41.35756085392886],[-123.89346119927266,41.369094081980876],[-123.9026634322845,41.379024212535285],[-123.91938689583304,41.37742007931499],[-123.92690463410797,41.36588694594419],[-123.9177027047341,41.35595785099475],[-123.9009827325174,41.35756085392886]]]},"properties":{"h3_index":"87281c950ffffff","station_count":5,"program_id":"klamath_basin","program":"Klamath Basin","resolution":7,"stations":[{"station_id":"1175","station_name":"Little Surpur Creek (WY 2013-present)","lat":41.373452,"lon":-123.906626,"waterbody":"Little Surpur Creek","subbasin":"Lower Klamath","organization":"Green Diamond Resource Company"},{"station_id":"1150","station_name":"Little_Surpur","lat":41.372273,"lon":-123.907758,"waterbody":"Little Surpur Creek","subbasin":"Lower Klamath","organization":"Green Diamond Resource Company"},{"station_id":"45","station_name":"Little_Surpur_1","lat":41.36966,"lon":-123.914753,"waterbody":"Little Surpur Creek","subbasin":"Lower Klamath","organization":"Green Diamond Resource Company"},{"station_id":"818","station_name":"Tectah mouth","lat":41.365248,"lon":-123.901299,"waterbody":"Tectah Creek","subbasin":"Lower Klamath","organization":"Yurok Tribal Environmental Department"},{"station_id":"1014","station_name":"Klamath River at Tectah Creek","lat":41.365487,"lon":-123.900001,"waterbody":"Klamath River","subbasin":"Lower Klamath","organization":"Yurok Tribal Fisheries Program"}]}},{"type":"Feature","geometry":{"type":"Polygon","coordinates":[[[-123.92690463410797,41.36588694594419],[-123.91938689583304,41.37742007931499],[-123.92859093502125,41.38734615818554],[-123.94531240544643,41.38573806837297],[-123.95282634572858,41.37420503152081],[-123.94362261450726,41.36427998784471],[-123.92690463410797,41.36588694594419]]]},"properties":{"h3_index":"87281c951ffffff","station_count":2,"program_id":"klamath_basin","program":"Klamath Basin","resolution":7,"stations":[{"station_id":"1160","station_name":"Surpur","lat":41.374552,"lon":-123.937513,"waterbody":"Surpur Creek","subbasin":"Lower Klamath","organization":"Green Diamond Resource Company"},{"station_id":"1163","station_name":"Surpur_B1042B_(Rhva)","lat":41.375421,"lon":-123.951529,"waterbody":"Surpur Creek","subbasin":"Lower Klamath","organization":"Green Diamond Resource Company"}]}},{"type":"Feature","geometry":{"type":"Polygon","coordinates":[[[-123.87673574942163,41.37069425769474],[-123.86920903945156,41.3822256920622],[-123.87841157218176,41.39215685808411],[-123.89514051609514,41.39055555415347],[-123.9026634322845,41.379024212535285],[-123.89346119927266,41.369094081980876],[-123.87673574942163,41.37069425769474]]]},"properties":{"h3_index":"87281c952ffffff","station_count":3,"program_id":"klamath_basin","program":"Klamath Basin","resolution":7,"stations":[{"station_id":"1516","station_name":"Bear, at bridge","lat":41.37619,"lon":-123.896167,"waterbody":"Bear Creek","subbasin":"Lower Klamath","organization":"Yurok Tribal Environmental Department"},{"station_id":"839","station_name":"SF lower","lat":41.376268,"lon":-123.896469,"waterbody":"Bear Creek","subbasin":"Lower Klamath","organization":"Yurok Tribal Environmental Department"},{"station_id":"863","station_name":"south fk- south branch-upper","lat":41.375543,"lon":-123.892263,"waterbody":"Bear Creek","subbasin":"Lower Klamath","organization":"Yurok Tribal Environmental Department"}]}},{"type":"Feature","geometry":{"type":"Polygon","coordinates":[[[-123.89930275956385,41.3360925966647],[-123.89178260878413,41.347627708629],[-123.9009827325174,41.35756085392886],[-123.9177027047341,41.35595785099475],[-123.925219062383,41.344422833805396],[-123.91601924187542,41.33449072465758],[-123.89930275956385,41.3360925966647]]]},"properties":{"h3_index":"87281c954ffffff","station_count":1,"program_id":"klamath_basin","program":"Klamath Basin","resolution":7,"stations":[{"station_id":"1167","station_name":"Tectah_(CM_reach)","lat":41.356885,"lon":-123.904477,"waterbody":"Tectah Creek","subbasin":"Lower Klamath","organization":"Green Diamond Resource Company"}]}},{"type":"Feature","geometry":{"type":"Polygon","coordinates":[[[-123.925219062383,41.344422833805396],[-123.9177027047341,41.35595785099475],[-123.92690463410797,41.36588694594419],[-123.94362261450726,41.36427998784471],[-123.95113517600402,41.35274506726827],[-123.94193355418201,41.34281700806062],[-123.925219062383,41.344422833805396]]]},"properties":{"h3_index":"87281c955ffffff","station_count":1,"program_id":"klamath_basin","program":"Klamath Basin","resolution":7,"stations":[{"station_id":"1162","station_name":"Surpur_A400B_(Rhva)","lat":41.352127,"lon":-123.95015,"waterbody":"Surpur Creek","subbasin":"Lower Klamath","organization":"Green Diamond Resource Company"}]}},{"type":"Feature","geometry":{"type":"Polygon","coordinates":[[[-123.87506065156664,41.34922675548575],[-123.86753532637982,41.36076007638192],[-123.87673574942163,41.37069425769474],[-123.89346119927266,41.369094081980876],[-123.9009827325174,41.35756085392886],[-123.89178260878413,41.347627708629],[-123.87506065156664,41.34922675548575]]]},"properties":{"h3_index":"87281c956ffffff","station_count":2,"program_id":"klamath_basin","program":"Klamath Basin","resolution":7,"stations":[{"station_id":"972","station_name":"Achelth,  mouth","lat":41.35344,"lon":-123.875636,"waterbody":"Achelth Creek","subbasin":"Lower Klamath","organization":"Yurok Tribal Environmental Department"},{"station_id":"928","station_name":"Halagow mouth","lat":41.360178,"lon":-123.883953,"waterbody":"Halagow Creek","subbasin":"Lower Klamath","organization":"Yurok Tribal Environmental Department"}]}},{"type":"Feature","geometry":{"type":"Polygon","coordinates":[[[-123.95451824701532,41.3956600946396],[-123.94700292747073,41.40719124524932],[-123.95621088033599,41.41711025223247],[-123.97293384096064,41.4154970742526],[-123.98044535765052,41.40396602190258],[-123.9712377174989,41.394048049154605],[-123.95451824701532,41.3956600946396]]]},"properties":{"h3_index":"87281c958ffffff","station_count":7,"program_id":"klamath_basin","program":"Klamath Basin","resolution":7,"stations":[{"station_id":"1173","station_name":"Ah Pah Creek (WY 2008-present)","lat":41.412297,"lon":-123.952856,"waterbody":"Ah Pah Creek","subbasin":"Lower Klamath","organization":"Green Diamond Resource Company"},{"station_id":"1140","station_name":"Ah_Pah_SF_(CM_reach)","lat":41.408401,"lon":-123.951036,"waterbody":"South Fork Ah Pah Creek","subbasin":"Lower Klamath","organization":"Green Diamond Resource Company"},{"station_id":"1141","station_name":"Ah_Pah_SF_(rock_pit)","lat":41.407123,"lon":-123.951617,"waterbody":"South Fork Ah Pah Creek","subbasin":"Lower Klamath","organization":"Green Diamond Resource Company"},{"station_id":"1142","station_name":"Ah_Pah_SF_(Yurok)","lat":41.402879,"lon":-123.950073,"waterbody":"South Fork Ah Pah Creek","subbasin":"Lower Klamath","organization":"Green Diamond Resource Company"},{"station_id":"1152","station_name":"Middle_Fork_Ah_Pah_1","lat":41.40229,"lon":-123.973419,"waterbody":"Ah Pah Creek","subbasin":"Lower Klamath","organization":"Green Diamond Resource Company"},{"station_id":"1154","station_name":"Middle_Fork_Ah_Pah_3","lat":41.402873,"lon":-123.973572,"waterbody":"Ah Pah Creek","subbasin":"Lower Klamath","organization":"Green Diamond Resource Company"},{"station_id":"1176","station_name":"SF Ah Pah Creek (WY 2017-present)","lat":41.408838,"lon":-123.95103,"waterbody":"South Fork Ah Pah Creek","subbasin":"Lower Klamath","organization":"Green Diamond Resource Company"}]}},{"type":"Feature","geometry":{"type":"Polygon","coordinates":[[[-123.98044535765052,41.40396602190258],[-123.97293384096064,41.4154970742526],[-123.98214359293941,41.42541202639195],[-123.99886454549119,41.42379489224363],[-124.00637225631128,41.412263939990616],[-123.99716282137688,41.40235002167061],[-123.98044535765052,41.40396602190258]]]},"properties":{"h3_index":"87281c959ffffff","station_count":2,"program_id":"klamath_basin","program":"Klamath Basin","resolution":7,"stations":[{"station_id":"1180","station_name":"Ah Pah Creek","lat":41.411105,"lon":-123.977191,"subbasin":"Lower Klamath","organization":"Green Diamond Resource Company"},{"station_id":"1155","station_name":"Middle_Fork_Ah_Pah_4","lat":41.407846,"lon":-123.997525,"waterbody":"Ah Pah Creek","subbasin":"Lower Klamath","organization":"Green Diamond Resource Company"}]}},{"type":"Feature","geometry":{"type":"Polygon","coordinates":[[[-123.93027796559318,41.40880046613299],[-123.92275746463103,41.42032982431054],[-123.93196572629454,41.43024986539753],[-123.94869418105188,41.428639514085106],[-123.95621088033599,41.41711025223247],[-123.94700292747073,41.40719124524932],[-123.93027796559318,41.40880046613299]]]},"properties":{"h3_index":"87281c95affffff","station_count":7,"program_id":"klamath_basin","program":"Klamath Basin","resolution":7,"stations":[{"station_id":"1138","station_name":"Ah_Pah_Moon","lat":41.416697,"lon":-123.951544,"waterbody":"Moon Creek","subbasin":"Lower Klamath","organization":"Green Diamond Resource Company"},{"station_id":"424","station_name":"Klamath River above Blue Creek","lat":41.423077,"lon":-123.929328,"waterbody":"Klamath River","subbasin":"Lower Klamath","organization":"U.S. Fish and Wildlife Service"},{"station_id":"1515","station_name":"AhPah, mouth","lat":41.42097,"lon":-123.94164,"waterbody":"Ah Pah Creek","subbasin":"Lower Klamath","organization":"Yurok Tribal Environmental Department"},{"station_id":"873","station_name":"Blue creek mouth","lat":41.424324,"lon":-123.927719,"waterbody":"Blue Creek","subbasin":"Lower Klamath","organization":"Yurok Tribal Environmental Department"},{"station_id":"828","station_name":"Klamth River above Blue Creek","lat":41.424444,"lon":-123.928056,"waterbody":"Klamath River","subbasin":"Lower Klamath","organization":"Yurok Tribal Environmental Department"},{"station_id":"1881","station_name":"Klamath R u/s mouth of Blue Creek","lat":41.423614,"lon":-123.929189,"waterbody":"Klamath River","subbasin":"Lower Klamath","organization":"Yurok Tribal Fisheries Program"},{"station_id":"995","station_name":"Klamath River at Blue Creek","lat":41.424347,"lon":-123.929231,"waterbody":"Klamath River","subbasin":"Lower Klamath","organization":"Yurok Tribal Fisheries Program"}]}},{"type":"Feature","geometry":{"type":"Polygon","coordinates":[[[-123.95621088033599,41.41711025223247],[-123.94869418105188,41.428639514085106],[-123.95790424616293,41.43855549991471],[-123.97463069835483,41.43694119008322],[-123.98214359293941,41.42541202639195],[-123.97293384096064,41.4154970742526],[-123.95621088033599,41.41711025223247]]]},"properties":{"h3_index":"87281c95bffffff","station_count":1,"program_id":"klamath_basin","program":"Klamath Basin","resolution":7,"stations":[{"station_id":"1139","station_name":"Ah_Pah_Moon_1RME","lat":41.423374,"lon":-123.975872,"waterbody":"Moon Creek","subbasin":"Lower Klamath","organization":"Green Diamond Resource Company"}]}},{"type":"Feature","geometry":{"type":"Polygon","coordinates":[[[-123.97874785677001,41.38251511065873],[-123.9712377174989,41.394048049154605],[-123.98044535765052,41.40396602190258],[-123.99716282137688,41.40235002167061],[-124.00466915662348,41.3908171833689],[-123.99546183309516,41.38090024498677],[-123.97874785677001,41.38251511065873]]]},"properties":{"h3_index":"87281c95dffffff","station_count":1,"program_id":"klamath_basin","program":"Klamath Basin","resolution":7,"stations":[{"station_id":"1153","station_name":"Middle_Fork_Ah_Pah_2","lat":41.389697,"lon":-123.980272,"waterbody":"Ah Pah Creek","subbasin":"Lower Klamath","organization":"Green Diamond Resource Company"}]}},{"type":"Feature","geometry":{"type":"Polygon","coordinates":[[[-123.92859093502125,41.38734615818554],[-123.92107181564197,41.39887740521789],[-123.93027796559318,41.40880046613299],[-123.94700292747073,41.40719124524932],[-123.95451824701532,41.3956600946396],[-123.94531240544643,41.38573806837297],[-123.92859093502125,41.38734615818554]]]},"properties":{"h3_index":"87281c95effffff","station_count":1,"program_id":"klamath_basin","program":"Klamath Basin","resolution":7,"stations":[{"station_id":"84","station_name":"Ah_Pah_SF_1","lat":41.395667,"lon":-123.950202,"waterbody":"South Fork Ah Pah Creek","subbasin":"Lower Klamath","organization":"Green Diamond Resource Company"}]}},{"type":"Feature","geometry":{"type":"Polygon","coordinates":[[[-123.94606605149093,41.288335811742236],[-123.9385576234906,41.299876368346816],[-123.94775502935605,41.309810452968094],[-123.96446055352064,41.30820294388715],[-123.97196518787133,41.29666248600799],[-123.96276809263284,41.28672943836659],[-123.94606605149093,41.288335811742236]]]},"properties":{"h3_index":"87281c975ffffff","station_count":4,"program_id":"klamath_basin","program":"Klamath Basin","resolution":7,"stations":[{"station_id":"1168","station_name":"Tectah_T100_(Astr)","lat":41.294872,"lon":-123.950544,"waterbody":"Tectah Creek","subbasin":"Lower Klamath","organization":"Green Diamond Resource Company"},{"station_id":"1169","station_name":"Tectah_T190_(Astr)","lat":41.297088,"lon":-123.950065,"waterbody":"Tectah Creek","subbasin":"Lower Klamath","organization":"Green Diamond Resource Company"},{"station_id":"955","station_name":"tec-2","lat":41.301639,"lon":-123.941633,"waterbody":"Tectah Creek","subbasin":"Lower Klamath","organization":"Yurok Tribal Environmental Department"},{"station_id":"1592","station_name":"Tectah Creek","lat":41.301111,"lon":-123.940833,"waterbody":"Tectah Creek","subbasin":"Lower Klamath","organization":"Yurok Tribal Environmental Department"}]}},{"type":"Feature","geometry":{"type":"Polygon","coordinates":[[[-123.89594499222372,41.29314140380397],[-123.88842760493617,41.30468027601362],[-123.89762351295528,41.314619445151166],[-123.91433650678769,41.31301870471139],[-123.92185010461853,41.30147992745889],[-123.912654499002,41.29154179557154],[-123.89594499222372,41.29314140380397]]]},"properties":{"h3_index":"87281c976ffffff","station_count":1,"program_id":"klamath_basin","program":"Klamath Basin","resolution":7,"stations":[{"station_id":"856","station_name":"johnson creek upper 2","lat":41.309977,"lon":-123.916076,"waterbody":"Johnson Creek","subbasin":"Lower Klamath","organization":"Yurok Tribal Environmental Department"}]}},{"type":"Feature","geometry":{"type":"Polygon","coordinates":[[[-123.52332932712525,41.38228255060756],[-123.51574135236466,41.39380371072039],[-123.52493077173631,41.40377348817096],[-123.54170792555898,41.40222106769831],[-123.54929213852611,41.39069997409729],[-123.54010296041272,41.38073123434173],[-123.52332932712525,41.38228255060756]]]},"properties":{"h3_index":"87281c996ffffff","station_count":1,"program_id":"klamath_basin","program":"Klamath Basin","resolution":7,"stations":[{"station_id":"1854","station_name":"Teneyck Creek above 13N14","lat":41.400146,"lon":-123.526744,"waterbody":"Teneyck Creek","subbasin":"Middle Klamath","organization":"U.S. Forest Service"}]}},{"type":"Feature","geometry":{"type":"Polygon","coordinates":[[[-123.5704210028537,41.33463178635081],[-123.56284478238966,41.346158512469245],[-123.57203160845376,41.35612922104584],[-123.58879440709575,41.35457216483806],[-123.59636686503498,41.34304550917858],[-123.58718028780216,41.33307583915239],[-123.5704210028537,41.33463178635081]]]},"properties":{"h3_index":"87281c9b0ffffff","station_count":1,"program_id":"klamath_basin","program":"Klamath Basin","resolution":7,"stations":[{"station_id":"1827","station_name":"Camp Creek above 3rd Creek","lat":41.347754,"lon":-123.590321,"waterbody":"Camp Creek","subbasin":"Lower Klamath","organization":"U.S. Forest Service"}]}},{"type":"Feature","geometry":{"type":"Polygon","coordinates":[[[-124.06852673353264,41.55736311228353],[-124.0610184022905,41.56888249117598],[-124.07024622918372,41.57876708704605],[-124.08698205562723,41.57713127460322],[-124.0944865608541,41.56561200069163],[-124.0852590665803,41.55572843412272],[-124.06852673353264,41.55736311228353]]]},"properties":{"h3_index":"87281cb16ffffff","station_count":2,"program_id":"klamath_basin","program":"Klamath Basin","resolution":7,"stations":[{"station_id":"923","station_name":"salt3","lat":41.567237,"lon":-124.072239,"waterbody":"Salt Creek","subbasin":"Lower Klamath","organization":"Yurok Tribal Environmental Department"},{"station_id":"964","station_name":"upper 1-4 m above gate","lat":41.570249,"lon":-124.07436,"waterbody":"Salt Creek","subbasin":"Lower Klamath","organization":"Yurok Tribal Environmental Department"}]}},{"type":"Feature","geometry":{"type":"Polygon","coordinates":[[[-124.02344385472963,41.62646084774037],[-124.01592236203425,41.63797280197885],[-124.02515508522016,41.647853377135554],[-124.04190897639543,41.646220969926944],[-124.0494266416696,41.63470911655093],[-124.0401942441215,41.62482956940182],[-124.02344385472963,41.62646084774037]]]},"properties":{"h3_index":"87281cb85ffffff","station_count":1,"program_id":"klamath_basin","program":"Klamath Basin","resolution":7,"stations":[{"station_id":"1149","station_name":"Kurowitz","lat":41.637192,"lon":-124.023122,"waterbody":"Kurwitz Creek","subbasin":"Lower Klamath","organization":"Green Diamond Resource Company"}]}},{"type":"Feature","geometry":{"type":"Polygon","coordinates":[[[-124.02002361792604,41.58366093904746],[-124.01250488541322,41.595176712807366],[-124.02173336579122,41.60506336694145],[-124.03848025483124,41.60343321812108],[-124.0459951636415,41.591917545451814],[-124.036767008045,41.58203192039313],[-124.02002361792604,41.58366093904746]]]},"properties":{"h3_index":"87281cba0ffffff","station_count":1,"program_id":"klamath_basin","program":"Klamath Basin","resolution":7,"stations":[{"station_id":"1147","station_name":"Hunter_EF","lat":41.59793,"lon":-124.021187,"waterbody":"Hunter Creek","subbasin":"Lower Klamath","organization":"Green Diamond Resource Company"}]}},{"type":"Feature","geometry":{"type":"Polygon","coordinates":[[[-124.02173336579122,41.60506336694145],[-124.01421325342541,41.6165772321802],[-124.02344385472963,41.62646084774037],[-124.0401942441215,41.62482956940182],[-124.04771053092603,41.613315805140466],[-124.03848025483124,41.60343321812108],[-124.02173336579122,41.60506336694145]]]},"properties":{"h3_index":"87281cba3ffffff","station_count":1,"program_id":"klamath_basin","program":"Klamath Basin","resolution":7,"stations":[{"station_id":"1146","station_name":"Hunter_(H300)","lat":41.614257,"lon":-124.033199,"waterbody":"West Fork Hunter Creek","subbasin":"Lower Klamath","organization":"Green Diamond Resource Company"}]}},{"type":"Feature","geometry":{"type":"Polygon","coordinates":[[[-124.01831461065564,41.56225356837459],[-124.0107972575194,41.57377124817299],[-124.02002361792604,41.58366093904746],[-124.036767008045,41.58203192039313],[-124.04428053933607,41.570514341796866],[-124.03505450328348,41.560625680533754],[-124.01831461065564,41.56225356837459]]]},"properties":{"h3_index":"87281cba4ffffff","station_count":1,"program_id":"klamath_basin","program":"Klamath Basin","resolution":7,"stations":[{"station_id":"1157","station_name":"Mynot_(02)","lat":41.566209,"lon":-124.027422,"waterbody":"Mynot Creek","subbasin":"Lower Klamath","organization":"Green Diamond Resource Company"}]}},{"type":"Feature","geometry":{"type":"Polygon","coordinates":[[[-124.04771053092603,41.613315805140466],[-124.0401942441215,41.62482956940182],[-124.0494266416696,41.63470911655093],[-124.06617499738813,41.63307387120186],[-124.07368745561101,41.62156020975054],[-124.0644553876272,41.61168169071891],[-124.04771053092603,41.613315805140466]]]},"properties":{"h3_index":"87281cbaeffffff","station_count":1,"program_id":"klamath_basin","program":"Klamath Basin","resolution":7,"stations":[{"station_id":"1179","station_name":"Hunter Creek","lat":41.614527,"lon":-124.058305,"subbasin":"Lower Klamath","organization":"Green Diamond Resource Company"}]}},{"type":"Feature","geometry":{"type":"Polygon","coordinates":[[[-123.46450091221543,41.61469614058623],[-123.45688460567756,41.62619445363635],[-123.46609374578097,41.636140174778966],[-123.48291896077718,41.63458655024113],[-123.49053149295516,41.62308829694307],[-123.48132258545522,41.61314360831514],[-123.46450091221543,41.61469614058623]]]},"properties":{"h3_index":"87281cc40ffffff","station_count":5,"program_id":"klamath_basin","program":"Klamath Basin","resolution":7,"stations":[{"station_id":"165","station_name":"Kings Creek","lat":41.618149,"lon":-123.472065,"waterbody":"King Creek","subbasin":"Middle Klamath","organization":"Karuk Tribe"},{"station_id":"1084","station_name":"King","lat":41.617298,"lon":-123.472,"waterbody":"King Creek","subbasin":"Middle Klamath","organization":"U.S. Forest Service"},{"station_id":"2366","station_name":"King Ck","lat":41.61725,"lon":-123.472176,"waterbody":"King Creek","subbasin":"Middle Klamath","organization":"U.S. Forest Service"},{"station_id":"348","station_name":"Kings Creek, 200ft upstream of mouth","lat":41.61756,"lon":-123.47213,"waterbody":"King Creek","subbasin":"Middle Klamath","organization":"U.S. Forest Service"},{"station_id":"627","station_name":"Kings Creek, just upstream from mouth","lat":41.61817,"lon":-123.47204,"waterbody":"King Creek","subbasin":"Middle Klamath","organization":"U.S. Forest Service"}]}},{"type":"Feature","geometry":{"type":"Polygon","coordinates":[[[-123.46609374578097,41.636140174778966],[-123.45847601386018,41.64763655195781],[-123.46768727217079,41.657579245079894],[-123.48451603038752,41.65602452890786],[-123.49212998611414,41.64452821136366],[-123.48291896077718,41.63458655024113],[-123.46609374578097,41.636140174778966]]]},"properties":{"h3_index":"87281cc43ffffff","station_count":3,"program_id":"klamath_basin","program":"Klamath Basin","resolution":7,"stations":[{"station_id":"2338","station_name":"Crawford Ck (Klamath R)","lat":41.648969,"lon":-123.46441,"waterbody":"Crawford Creek","subbasin":"Middle Klamath","organization":"U.S. Forest Service"},{"station_id":"532","station_name":"Crawford Creek, 50 ft upstream of HWY 96","lat":41.64903,"lon":-123.46428,"waterbody":"Crawford Creek","subbasin":"Middle Klamath","organization":"U.S. Forest Service"},{"station_id":"382","station_name":"Crawford,  1 ft upstream of HWY 96","lat":41.64895,"lon":-123.46433,"waterbody":"Crawford Creek","subbasin":"Middle Klamath","organization":"U.S. Forest Service"}]}},{"type":"Feature","geometry":{"type":"Polygon","coordinates":[[[-123.48893369459084,41.601643421746104],[-123.48132258545522,41.61314360831514],[-123.49053149295516,41.62308829694307],[-123.50735127392744,41.62153176622451],[-123.51495860739772,41.61003164134459],[-123.5057499365179,41.60008798537835],[-123.48893369459084,41.601643421746104]]]},"properties":{"h3_index":"87281cc45ffffff","station_count":16,"program_id":"klamath_basin","program":"Klamath Basin","resolution":7,"stations":[{"station_id":"74","station_name":"Coon Creek","lat":41.61302,"lon":-123.49717,"waterbody":"Coon Creek","subbasin":"Lower Klamath","organization":"Karuk Tribe"},{"station_id":"18","station_name":"Swillup Creek","lat":41.60825,"lon":-123.501322,"waterbody":"Swillup Creek","subbasin":"Middle Klamath","organization":"Karuk Tribe"},{"station_id":"16","station_name":"Ukonom Creek","lat":41.615072,"lon":-123.483545,"waterbody":"Ukonom Creek","subbasin":"Middle Klamath","organization":"Karuk Tribe"},{"station_id":"2336","station_name":"Coon Ck","lat":41.613889,"lon":-123.498089,"waterbody":"Coon Creek","subbasin":"Lower Klamath","organization":"U.S. Forest Service"},{"station_id":"417","station_name":"Coon Creek, 20ft upstream of HWY 96","lat":41.61302,"lon":-123.49709,"waterbody":"Coon Creek","subbasin":"Middle Klamath","organization":"U.S. Forest Service"},{"station_id":"624","station_name":"Coon Creek, 50 ft upstream of HWY 96","lat":41.61381,"lon":-123.49782,"waterbody":"Coon Creek","subbasin":"Middle Klamath","organization":"U.S. Forest Service"},{"station_id":"1119","station_name":"Swillup","lat":41.608798,"lon":-123.502998,"waterbody":"Swillup Creek","subbasin":"Middle Klamath","organization":"U.S. Forest Service"},{"station_id":"2425","station_name":"Swillup Ck","lat":41.608817,"lon":-123.502514,"waterbody":"Swillup Creek","subbasin":"Middle Klamath","organization":"U.S. Forest Service"},{"station_id":"343","station_name":"Swillup Creek, 100ft upstream of HWY 96 Bridge","lat":41.60816,"lon":-123.50122,"waterbody":"Swillup Creek","subbasin":"Middle Klamath","organization":"U.S. Forest Service"},{"station_id":"615","station_name":"Swillup Creek, just upstream from mouth","lat":41.60862,"lon":-123.50269,"waterbody":"Swillup Creek","subbasin":"Middle Klamath","organization":"U.S. Forest Service"},{"station_id":"1126","station_name":"Ukonom","lat":41.614799,"lon":-123.483001,"waterbody":"Ukonom Creek","subbasin":"Middle Klamath","organization":"U.S. Forest Service"},{"station_id":"2434","station_name":"Ukonom Ck","lat":41.614781,"lon":-123.483332,"waterbody":"Ukonom Creek","subbasin":"Middle Klamath","organization":"U.S. Forest Service"},{"station_id":"531","station_name":"Ukonom Creek, just upstream from mouth","lat":41.61527,"lon":-123.48375,"waterbody":"Ukonom Creek","subbasin":"Middle Klamath","organization":"U.S. Forest Service"},{"station_id":"380","station_name":"Ukonom Creek, Tailout of pool approx. 200 ft. up from mouth","lat":41.61482,"lon":-123.48348,"waterbody":"Ukonom Creek","subbasin":"Middle Klamath","organization":"U.S. Forest Service"},{"station_id":"1801","station_name":"Coon Creek Downstream","lat":41.612186,"lon":-123.497118,"waterbody":"Klamath River","subbasin":"Middle Klamath","organization":"U.S. Geological Survey"},{"station_id":"1802","station_name":"Coon Creek Upstream","lat":41.612202,"lon":-123.497102,"waterbody":"Klamath River","subbasin":"Middle Klamath","organization":"U.S. Geological Survey"}]}},{"type":"Feature","geometry":{"type":"Polygon","coordinates":[[[-123.44482316826073,41.69205873759191],[-123.43719737859011,41.703549349739355],[-123.44641310587423,41.713487012114655],[-123.46325439410474,41.71193303139612],[-123.47087640522237,41.700442476702776],[-123.46166090762415,41.69050584515809],[-123.44482316826073,41.69205873759191]]]},"properties":{"h3_index":"87281cc5bffffff","station_count":7,"program_id":"klamath_basin","program":"Klamath Basin","resolution":7,"stations":[{"station_id":"1059","station_name":"Clear Bridge","lat":41.7098,"lon":-123.450996,"waterbody":"Clear Creek","subbasin":"Middle Klamath","organization":"U.S. Forest Service"},{"station_id":"2334","station_name":"Clear Ck near mouth","lat":41.709919,"lon":-123.448921,"waterbody":"Clear Creek","subbasin":"Middle Klamath","organization":"U.S. Forest Service"},{"station_id":"441","station_name":"Clear Creek,  2 ft upstream of HWY 96 Bridge","lat":41.71002,"lon":-123.44939,"waterbody":"Clear Creek","subbasin":"Middle Klamath","organization":"U.S. Forest Service"},{"station_id":"520","station_name":"Clear Creek, just upstream from mouth","lat":41.70973,"lon":-123.44899,"waterbody":"Clear Creek","subbasin":"Middle Klamath","organization":"U.S. Forest Service"},{"station_id":"1112","station_name":"SF Clear","lat":41.705001,"lon":-123.461997,"waterbody":"South Fork Clear Creek","subbasin":"Middle Klamath","organization":"U.S. Forest Service"},{"station_id":"2416","station_name":"South Fk Clear Ck","lat":41.706554,"lon":-123.459427,"waterbody":"South Fork Clear Creek","subbasin":"Middle Klamath","organization":"U.S. Forest Service"},{"station_id":"335","station_name":"South Fork Clear, just upstream from mouth","lat":41.7069,"lon":-123.45948,"waterbody":"South Fork Clear Creek","subbasin":"Middle Klamath","organization":"U.S. Forest Service"}]}},{"type":"Feature","geometry":{"type":"Polygon","coordinates":[[[-123.44164536782837,41.64918726592443],[-123.4340224351354,41.66068176244729],[-123.4432339223951,41.67062548742284],[-123.46006811435923,41.66907368390645],[-123.46768727217079,41.657579245079894],[-123.45847601386018,41.64763655195781],[-123.44164536782837,41.64918726592443]]]},"properties":{"h3_index":"87281cc5cffffff","station_count":9,"program_id":"klamath_basin","program":"Klamath Basin","resolution":7,"stations":[{"station_id":"26","station_name":"Independence Creek","lat":41.657402,"lon":-123.451239,"waterbody":"Independence Creek","subbasin":"Middle Klamath","organization":"Karuk Tribe"},{"station_id":"169","station_name":"Klamath River at Independednce Creek","lat":41.659037,"lon":-123.449533,"waterbody":"Klamath River","subbasin":"Middle Klamath","organization":"Karuk Tribe"},{"station_id":"1079","station_name":"Independence","lat":41.655601,"lon":-123.449996,"waterbody":"Independence Creek","subbasin":"Middle Klamath","organization":"U.S. Forest Service"},{"station_id":"2359","station_name":"Independence Ck","lat":41.655537,"lon":-123.450333,"waterbody":"Independence Creek","subbasin":"Middle Klamath","organization":"U.S. Forest Service"},{"station_id":"579","station_name":"Independence Creek, 400m upstream of mouth","lat":41.65714,"lon":-123.45108,"waterbody":"Independence Creek","subbasin":"Middle Klamath","organization":"U.S. Forest Service"},{"station_id":"494","station_name":"Independence Creek, end of trail, upstream 10'","lat":41.65734,"lon":-123.45119,"waterbody":"Independence Creek","subbasin":"Middle Klamath","organization":"U.S. Forest Service"},{"station_id":"2239","station_name":"Independence Creek","lat":41.65825,"lon":-123.45128,"waterbody":"Independence Creek","subbasin":"Middle Klamath","organization":"UC Berkeley/Karuk Tribe/Salmon River Restoration Council"},{"station_id":"1882","station_name":"Klamath R under Independence Bridge","lat":41.65935,"lon":-123.449197,"waterbody":"Klamath River","subbasin":"Middle Klamath","organization":"Yurok Tribal Fisheries Program"},{"station_id":"992","station_name":"Klamath River at Independence Bridge","lat":41.659653,"lon":-123.448661,"waterbody":"Klamath River","subbasin":"Middle Klamath","organization":"Yurok Tribal Fisheries Program"}]}},{"type":"Feature","geometry":{"type":"Polygon","coordinates":[[[-123.41718636106786,41.662229561453486],[-123.4095582265792,41.673722172784196],[-123.41876993875769,41.683666929466405],[-123.43560956146813,41.68211804299575],[-123.4432339223951,41.67062548742284],[-123.4340224351354,41.66068176244729],[-123.41718636106786,41.662229561453486]]]},"properties":{"h3_index":"87281cc5effffff","station_count":5,"program_id":"klamath_basin","program":"Klamath Basin","resolution":7,"stations":[{"station_id":"185","station_name":"Titus Creek","lat":41.670883,"lon":-123.430011,"waterbody":"Titus Creek","subbasin":"Middle Klamath","organization":"Karuk Tribe"},{"station_id":"1123","station_name":"Titus","lat":41.6707,"lon":-123.43,"waterbody":"Titus Creek","subbasin":"Middle Klamath","organization":"U.S. Forest Service"},{"station_id":"2431","station_name":"Titus Ck","lat":41.670711,"lon":-123.429884,"waterbody":"Titus Creek","subbasin":"Middle Klamath","organization":"U.S. Forest Service"},{"station_id":"497","station_name":"Titus Creek, 20ft upstream of old cabin","lat":41.67,"lon":-123.42954,"waterbody":"Titus Creek","subbasin":"Middle Klamath","organization":"U.S. Forest Service"},{"station_id":"649","station_name":"Titus Creek, just upstream from mouth","lat":41.6705,"lon":-123.42963,"waterbody":"Titus Creek","subbasin":"Middle Klamath","organization":"U.S. Forest Service"}]}},{"type":"Feature","geometry":{"type":"Polygon","coordinates":[[[-123.51175378748273,41.56713526499574],[-123.50414929491374,41.57863924872709],[-123.51335584928529,41.588585929828554],[-123.53016665692387,41.58702759375507],[-123.53776737436286,41.57552367376315],[-123.52856106024791,41.56557802598949],[-123.51175378748273,41.56713526499574]]]},"properties":{"h3_index":"87281cc61ffffff","station_count":2,"program_id":"klamath_basin","program":"Klamath Basin","resolution":7,"stations":[{"station_id":"69","station_name":"Aubrey Creek","lat":41.586183,"lon":-123.517243,"waterbody":"Aubrey Creek","subbasin":"Middle Klamath","organization":"Karuk Tribe"},{"station_id":"385","station_name":"Aubrey Creek,  20ft upstream of HWY 96","lat":41.58644,"lon":-123.51716,"waterbody":"Aubrey Creek","subbasin":"Middle Klamath","organization":"U.S. Forest Service"}]}},{"type":"Feature","geometry":{"type":"Polygon","coordinates":[[[-123.48733659057072,41.58019359011132],[-123.47972690397141,41.59169570746483],[-123.48893369459084,41.601643421746104],[-123.5057499365179,41.60008798537835],[-123.51335584928529,41.588585929828554],[-123.50414929491374,41.57863924872709],[-123.48733659057072,41.58019359011132]]]},"properties":{"h3_index":"87281cc63ffffff","station_count":1,"program_id":"klamath_basin","program":"Klamath Basin","resolution":7,"stations":[{"station_id":"115","station_name":"Elliot Creek","lat":41.594014,"lon":-123.508826,"waterbody":"Elliott Creek","subbasin":"Middle Klamath","organization":"Karuk Tribe"}]}},{"type":"Feature","geometry":{"type":"Polygon","coordinates":[[[-123.53776737436286,41.57552367376315],[-123.53016665692387,41.58702759375507],[-123.53937508717249,41.59697021691323],[-123.55618399117706,41.59540788700972],[-123.56378093036055,41.58390403258046],[-123.55457274474867,41.57396244237605],[-123.53776737436286,41.57552367376315]]]},"properties":{"h3_index":"87281cc6cffffff","station_count":2,"program_id":"klamath_basin","program":"Klamath Basin","resolution":7,"stations":[{"station_id":"19","station_name":"Dillon Creek","lat":41.576119,"lon":-123.539194,"waterbody":"Dillon Creek","subbasin":"Middle Klamath","organization":"Karuk Tribe"},{"station_id":"548","station_name":"Dillon Creek, just upstream from mouth","lat":41.57545,"lon":-123.54026,"waterbody":"Dillon Creek","subbasin":"Middle Klamath","organization":"U.S. Forest Service"}]}},{"type":"Feature","geometry":{"type":"Polygon","coordinates":[[[-123.51335584928529,41.588585929828554],[-123.5057499365179,41.60008798537835],[-123.51495860739772,41.61003164134459],[-123.531772951369,41.60847220883705],[-123.53937508717249,41.59697021691323],[-123.53016665692387,41.58702759375507],[-123.51335584928529,41.588585929828554]]]},"properties":{"h3_index":"87281cc6effffff","station_count":2,"program_id":"klamath_basin","program":"Klamath Basin","resolution":7,"stations":[{"station_id":"2351","station_name":"Elliott Ck","lat":41.59471,"lon":-123.510912,"waterbody":"Elliott Creek","subbasin":"Middle Klamath","organization":"U.S. Forest Service"},{"station_id":"638","station_name":"Elliott Creek, 100 ft downstream of Hwy 96","lat":41.59484,"lon":-123.51123,"waterbody":"Elliott Creek","subbasin":"Middle Klamath","organization":"U.S. Forest Service"}]}},{"type":"Feature","geometry":{"type":"Polygon","coordinates":[[[-123.11068618399818,41.64676581630663],[-123.10300720155965,41.6582511602626],[-123.11220433823593,41.6682325147025],[-123.129080284879,41.66672749120625],[-123.13675552471612,41.655242180750584],[-123.1275585614876,41.64526186017758],[-123.11068618399818,41.64676581630663]]]},"properties":{"h3_index":"87281cc80ffffff","station_count":7,"program_id":"klamath_basin","program":"Klamath Basin","resolution":7,"stations":[{"station_id":"1773","station_name":"Scott River Juvenile Snorkel Surveys","lat":41.648433,"lon":-123.114061,"waterbody":"Scott River","subbasin":"Scott","organization":"California Department of Fish and Wildlife_Yreka Office"},{"station_id":"1556","station_name":"Scott River at Bridge Flat","lat":41.649029,"lon":-123.112389,"waterbody":"Scott River","subbasin":"Scott","organization":"NCRWQCB"},{"station_id":"2305","station_name":"Scott River","lat":41.64903,"lon":-123.11239,"waterbody":"Scott River","subbasin":"Scott","organization":"Quartz Valley Indian Reservation"},{"station_id":"752","station_name":"Deep Creek","lat":41.665,"lon":-123.112222,"waterbody":"Deep Creek","subbasin":"Scott","organization":"Quartz Valley Indian Reservations"},{"station_id":"2198","station_name":"Scott1","lat":41.663986,"lon":-123.113895,"waterbody":"Scott River","subbasin":"Scott","organization":"RES"},{"station_id":"2407","station_name":"Scott R downstream of Bridge Flat Campground","lat":41.651598,"lon":-123.113826,"waterbody":"Scott River","subbasin":"Scott","organization":"U.S. Forest Service"},{"station_id":"605","station_name":"Scott River, below Bridge Flat CG","lat":41.64968,"lon":-123.11262,"waterbody":"Scott River","subbasin":"Scott","organization":"U.S. Forest Service"}]}},{"type":"Feature","geometry":{"type":"Polygon","coordinates":[[[-123.08612945753922,41.65975216128284],[-123.07844527934243,41.67123558189657],[-123.087642585384,41.68121797003424],[-123.10452390123461,41.679715903747244],[-123.11220433823593,41.6682325147025],[-123.10300720155965,41.6582511602626],[-123.08612945753922,41.65975216128284]]]},"properties":{"h3_index":"87281cc82ffffff","station_count":3,"program_id":"klamath_basin","program":"Klamath Basin","resolution":7,"stations":[{"station_id":"2380","station_name":"Middle Ck (Scott R)","lat":41.668094,"lon":-123.110119,"waterbody":"Middle Creek","subbasin":"Scott","organization":"U.S. Forest Service"},{"station_id":"1093","station_name":"Middle Creek","lat":41.667999,"lon":-123.11,"waterbody":"Middle Creek","subbasin":"Middle Klamath","organization":"U.S. Forest Service"},{"station_id":"486","station_name":"Middle Creek (Scott R), 75m up from Scott R RD","lat":41.66816,"lon":-123.11027,"waterbody":"Middle Creek","subbasin":"Scott","organization":"U.S. Forest Service"}]}},{"type":"Feature","geometry":{"type":"Polygon","coordinates":[[[-123.10916869117592,41.62529414518469],[-123.10149116277252,41.636781441568466],[-123.11068618399818,41.64676581630663],[-123.1275585614876,41.64526186017758],[-123.13523234910646,41.633774597413314],[-123.12603750099596,41.62379125704534],[-123.10916869117592,41.62529414518469]]]},"properties":{"h3_index":"87281cc84ffffff","station_count":7,"program_id":"klamath_basin","program":"Klamath Basin","resolution":7,"stations":[{"station_id":"2173","station_name":"Kelsey1","lat":41.645058,"lon":-123.117974,"waterbody":"Kelsey Creek","subbasin":"Scott","organization":"RES"},{"station_id":"2174","station_name":"Kelsey2","lat":41.643235,"lon":-123.124907,"waterbody":"Kelsey Creek","subbasin":"Scott","organization":"RES"},{"station_id":"2199","station_name":"Scott2","lat":41.644645,"lon":-123.113597,"waterbody":"Scott River","subbasin":"Scott","organization":"RES"},{"station_id":"2329","station_name":"Canyon Ck (Scott R) near mouth","lat":41.633007,"lon":-123.104116,"waterbody":"Canyon Creek","subbasin":"Scott","organization":"U.S. Forest Service"},{"station_id":"1082","station_name":"Kelsey","lat":41.645999,"lon":-123.115997,"waterbody":"Kelsey Creek","subbasin":"Scott","organization":"U.S. Forest Service"},{"station_id":"2364","station_name":"Kelsey Ck","lat":41.645948,"lon":-123.116253,"waterbody":"Kelsey Creek","subbasin":"Scott","organization":"U.S. Forest Service"},{"station_id":"643","station_name":"Kelsey Creek, just upstream from mouth","lat":41.64624,"lon":-123.11611,"waterbody":"Kelsey Creek","subbasin":"Scott","organization":"U.S. Forest Service"}]}},{"type":"Feature","geometry":{"type":"Polygon","coordinates":[[[-123.06156217193946,41.67273362344465],[-123.05387279705191,41.68421511618292],[-123.06307026837078,41.694198537848536],[-123.07995695027901,41.69269943313492],[-123.087642585384,41.68121797003424],[-123.07844527934243,41.67123558189657],[-123.06156217193946,41.67273362344465]]]},"properties":{"h3_index":"87281cc91ffffff","station_count":1,"program_id":"klamath_basin","program":"Klamath Basin","resolution":7,"stations":[{"station_id":"2408","station_name":"Scott R downstream of Townsend Gulch","lat":41.688187,"lon":-123.079499,"waterbody":"Scott River","subbasin":"Scott","organization":"U.S. Forest Service"}]}},{"type":"Feature","geometry":{"type":"Polygon","coordinates":[[[-123.03698432942628,41.68571019389701],[-123.0292897569214,41.69718975422727],[-123.03848738942412,41.707174209250255],[-123.05537943422854,41.70567807047272],[-123.06307026837078,41.694198537848536],[-123.05387279705191,41.68421511618292],[-123.03698432942628,41.68571019389701]]]},"properties":{"h3_index":"87281cc93ffffff","station_count":2,"program_id":"klamath_basin","program":"Klamath Basin","resolution":7,"stations":[{"station_id":"2406","station_name":"Scott R at Sugarpine Gulch","lat":41.696265,"lon":-123.050583,"waterbody":"Scott River","subbasin":"Scott","organization":"U.S. Forest Service"},{"station_id":"557","station_name":"Scott River, at Sugarpine Gulch","lat":41.69438,"lon":-123.05308,"waterbody":"Scott River","subbasin":"Scott","organization":"U.S. Forest Service"}]}},{"type":"Feature","geometry":{"type":"Polygon","coordinates":[[[-123.087642585384,41.68121797003424],[-123.07995695027901,41.69269943313492],[-123.0891563730596,41.702678798614905],[-123.10604126222759,41.70117566768345],[-123.11372315431943,41.68969423602972],[-123.10452390123461,41.679715903747244],[-123.087642585384,41.68121797003424]]]},"properties":{"h3_index":"87281cc9cffffff","station_count":6,"program_id":"klamath_basin","program":"Klamath Basin","resolution":7,"stations":[{"station_id":"1772","station_name":"Scott River Adult Dive","lat":41.681828,"lon":-123.095383,"waterbody":"Scott River","subbasin":"Scott","organization":"California Department of Fish and Wildlife_Yreka Office"},{"station_id":"1021","station_name":"Scott River @ Townsend","lat":41.687344,"lon":-123.08389,"waterbody":"Scott River","subbasin":"Scott","organization":"Quartz Valley Indian Reservations"},{"station_id":"587","station_name":"Scott River, downstream of Townsend Gulch","lat":41.68746,"lon":-123.08449,"waterbody":"Scott River","subbasin":"Scott","organization":"U.S. Forest Service"},{"station_id":"1124","station_name":"Tompkins","lat":41.6916,"lon":-123.107002,"waterbody":"Tompkins Creek","subbasin":"Scott","organization":"U.S. Forest Service"},{"station_id":"2432","station_name":"Tompkins Ck at FS boundary","lat":41.691623,"lon":-123.107251,"waterbody":"Tompkins Creek","subbasin":"Scott","organization":"U.S. Forest Service"},{"station_id":"373","station_name":"Tompkins Creek, FS property line Sec 3","lat":41.69184,"lon":-123.10738,"waterbody":"Tompkins Creek","subbasin":"Scott","organization":"U.S. Forest Service"}]}},{"type":"Feature","geometry":{"type":"Polygon","coordinates":[[[-123.15671356261643,41.577826691183525],[-123.14904786704935,41.58931976016661],[-123.15824042414384,41.59930508341858],[-123.1750984968558,41.597796302356656],[-123.182760450665,41.58630327096856],[-123.17356807449201,41.576318982933955],[-123.15671356261643,41.577826691183525]]]},"properties":{"h3_index":"87281cca5ffffff","station_count":4,"program_id":"klamath_basin","program":"Klamath Basin","resolution":7,"stations":[{"station_id":"1700","station_name":"Box Camp","lat":41.597,"lon":-123.165,"subbasin":"Scott","organization":"U.S. Forest Service"},{"station_id":"2328","station_name":"Canyon Ck (Scott R) above Red Rock Ck","lat":41.582895,"lon":-123.155885,"waterbody":"Canyon Creek","subbasin":"Scott","organization":"U.S. Forest Service"},{"station_id":"602","station_name":"Canyon Creek (Scott R), upstream of Red Rock Creek","lat":41.5858,"lon":-123.15156,"waterbody":"Canyon Creek","subbasin":"Scott","organization":"U.S. Forest Service"},{"station_id":"1053","station_name":"Canyon2","lat":41.5843,"lon":-123.152999,"waterbody":"Canyon Creek","subbasin":"Scott","organization":"U.S. Forest Service"}]}},{"type":"Feature","geometry":{"type":"Polygon","coordinates":[[[-123.08310517962563,41.616805620632455],[-123.07542391365807,41.62829294882417],[-123.08461698909606,41.63828137669994],[-123.10149116277252,41.636781441568466],[-123.10916869117592,41.62529414518469],[-123.09997578444346,41.6153067520114],[-123.08310517962563,41.616805620632455]]]},"properties":{"h3_index":"87281ccb1ffffff","station_count":7,"program_id":"klamath_basin","program":"Klamath Basin","resolution":7,"stations":[{"station_id":"2165","station_name":"Canyon1","lat":41.632412,"lon":-123.104275,"waterbody":"Canyon Creek","subbasin":"Scott","organization":"RES"},{"station_id":"2200","station_name":"Scott3","lat":41.63494,"lon":-123.098128,"waterbody":"Scott River","subbasin":"Scott","organization":"RES"},{"station_id":"631","station_name":"Boulder Creek (Scott R), just upstream from mouth","lat":41.63421,"lon":-123.09914,"waterbody":"Boulder Creek","subbasin":"Scott","organization":"U.S. Forest Service"},{"station_id":"595","station_name":"Canyon Creek (Scott R), just upstream from mouth","lat":41.63263,"lon":-123.10421,"waterbody":"Canyon Creek","subbasin":"Scott","organization":"U.S. Forest Service"},{"station_id":"1055","station_name":"Canyon1","lat":41.629299,"lon":-123.105003,"waterbody":"Canyon Creek","subbasin":"Scott","organization":"U.S. Forest Service"},{"station_id":"2405","station_name":"Scott R (lower) upstream of Boulder Ck","lat":41.635168,"lon":-123.095523,"waterbody":"Scott River","subbasin":"Scott","organization":"U.S. Forest Service"},{"station_id":"617","station_name":"Scott River, upstream of Boulder Creek","lat":41.63527,"lon":-123.09602,"waterbody":"Scott River","subbasin":"Scott","organization":"U.S. Forest Service"}]}},{"type":"Feature","geometry":{"type":"Polygon","coordinates":[[[-123.05854795080192,41.62978886217715],[-123.05086149283194,41.64127426770116],[-123.06005473289238,41.65126373010634],[-123.07693426727832,41.64976675234523],[-123.08461698909606,41.63828137669994],[-123.07542391365807,41.62829294882417],[-123.05854795080192,41.62978886217715]]]},"properties":{"h3_index":"87281ccb3ffffff","station_count":3,"program_id":"klamath_basin","program":"Klamath Basin","resolution":7,"stations":[{"station_id":"1558","station_name":"Indian Scotty Campground","lat":41.635719,"lon":-123.076378,"waterbody":"Scott RIver","subbasin":"Scott","organization":"NCRWQCB"},{"station_id":"2306","station_name":"Scott River @ Indian Scotty","lat":41.63572,"lon":-123.07638,"waterbody":"Scott River","subbasin":"Scott","organization":"Quartz Valley Indian Reservation"},{"station_id":"753","station_name":"Scott River @ Jones Beach","lat":41.639444,"lon":-123.059167,"waterbody":"Scott River","subbasin":"Scott","organization":"Quartz Valley Indian Reservations"}]}},{"type":"Feature","geometry":{"type":"Polygon","coordinates":[[[-123.34688350474413,41.74419216028256],[-123.33923688303442,41.75567518369238],[-123.34845348865512,41.765616967947956],[-123.36531650344146,41.764074698426136],[-123.3729593519224,41.752591724706505],[-123.36374295981366,41.742650970703274],[-123.34688350474413,41.74419216028256]]]},"properties":{"h3_index":"87281ccc8ffffff","station_count":3,"program_id":"klamath_basin","program":"Klamath Basin","resolution":7,"stations":[{"station_id":"2349","station_name":"Elk Ck at 5-Mile Bridge","lat":41.74947,"lon":-123.358797,"waterbody":"Elk Creek","subbasin":"Middle Klamath","organization":"U.S. Forest Service"},{"station_id":"563","station_name":"Elk Creek, at Five Mile Bridge","lat":41.74926,"lon":-123.35828,"waterbody":"Elk Creek","subbasin":"Middle Klamath","organization":"U.S. Forest Service"},{"station_id":"1072","station_name":"Elk2","lat":41.749401,"lon":-123.358001,"waterbody":"Elk Creek","subbasin":"Middle Klamath","organization":"U.S. Forest Service"}]}},{"type":"Feature","geometry":{"type":"Polygon","coordinates":[[[-123.34531420464104,41.72276236456898],[-123.3376690210649,41.73424734177956],[-123.34688350474413,41.74419216028256],[-123.36374295981366,41.742650970703274],[-123.37138437199555,41.731166043309315],[-123.36217010146946,41.72122225556283],[-123.34531420464104,41.72276236456898]]]},"properties":{"h3_index":"87281ccccffffff","station_count":4,"program_id":"klamath_basin","program":"Klamath Basin","resolution":7,"stations":[{"station_id":"283","station_name":"East Fork Elk Creek (Tributary of Elk Creek)","lat":41.740889,"lon":-123.355254,"waterbody":"East Fork Elk Creek","subbasin":"Middle Klamath","organization":"Karuk Tribe"},{"station_id":"2342","station_name":"East Fk Elk Ck","lat":41.740865,"lon":-123.354107,"waterbody":"East Fork Elk Creek","subbasin":"Middle Klamath","organization":"U.S. Forest Service"},{"station_id":"1066","station_name":"EF Elk","lat":41.740898,"lon":-123.353996,"waterbody":"East Fork Elk Creek","subbasin":"Middle Klamath","organization":"U.S. Forest Service"},{"station_id":"565","station_name":"EF Elk Creek, 70 ft upstream of mouth","lat":41.74076,"lon":-123.35433,"waterbody":"East Fork Elk Creek","subbasin":"Middle Klamath","organization":"U.S. Forest Service"}]}},{"type":"Feature","geometry":{"type":"Polygon","coordinates":[[[-123.29784987971121,41.77022986331707],[-123.2901928359449,41.781709065162914],[-123.2994098564118,41.7916529094835],[-123.3162837162244,41.790116521884244],[-123.32393698946568,41.77863736584576],[-123.31472017439037,41.768694551484174],[-123.29784987971121,41.77022986331707]]]},"properties":{"h3_index":"87281ccd9ffffff","station_count":4,"program_id":"klamath_basin","program":"Klamath Basin","resolution":7,"stations":[{"station_id":"158","station_name":"Horse Creek (Near China Cr.)","lat":41.782085,"lon":-123.317525,"waterbody":"Horse Creek","subbasin":"Middle Klamath","organization":"Karuk Tribe"},{"station_id":"2356","station_name":"Horse Ck (Happy Camp)","lat":41.77818,"lon":-123.317563,"waterbody":"Horse Creek","subbasin":"Middle Klamath","organization":"U.S. Forest Service"},{"station_id":"526","station_name":"Horse Creek, 250 upstream of China Grade Bridge","lat":41.78163,"lon":-123.31759,"waterbody":"Horse Creek","subbasin":"Middle Klamath","organization":"U.S. Forest Service"},{"station_id":"429","station_name":"Little Horse Creek, 10ft downstream of China Grade Rd. Bridge","lat":41.78191,"lon":-123.31769,"waterbody":"Little Horse Creek","subbasin":"Middle Klamath","organization":"U.S. Forest Service"}]}},{"type":"Feature","geometry":{"type":"Polygon","coordinates":[[[-123.28850428020264,41.64158685806305],[-123.28085588566607,41.653077776776676],[-123.29006018462503,41.66303980502577],[-123.30691267581376,41.66150988146147],[-123.3145573108069,41.650019009301346],[-123.3053532151223,41.64005801403747],[-123.28850428020264,41.64158685806305]]]},"properties":{"h3_index":"87281cce6ffffff","station_count":5,"program_id":"klamath_basin","program":"Klamath Basin","resolution":7,"stations":[{"station_id":"2320","station_name":"Bear Ck (Elk Ck)","lat":41.644057,"lon":-123.307045,"waterbody":"Bear Creek","subbasin":"Lower Klamath","organization":"U.S. Forest Service"},{"station_id":"584","station_name":"Bear Creek, just upstream of Elk Creek","lat":41.64414,"lon":-123.3066,"waterbody":"Bear Creek","subbasin":"Lower Klamath","organization":"U.S. Forest Service"},{"station_id":"2350","station_name":"Elk Ck upstream of Bear Ck","lat":41.64356,"lon":-123.307415,"waterbody":"Elk Creek","subbasin":"Middle Klamath","organization":"U.S. Forest Service"},{"station_id":"555","station_name":"Elk Creek, just upstream of Bear Creek","lat":41.64334,"lon":-123.30644,"waterbody":"Elk Creek","subbasin":"Middle Klamath","organization":"U.S. Forest Service"},{"station_id":"1071","station_name":"Elk4","lat":41.6436,"lon":-123.306999,"waterbody":"Elk Creek","subbasin":"Middle Klamath","organization":"U.S. Forest Service"}]}},{"type":"Feature","geometry":{"type":"Polygon","coordinates":[[[-123.34374558790152,41.70132758511108],[-123.33610184194305,41.71281451365449],[-123.34531420464104,41.72276236456898],[-123.36217010146946,41.72122225556283],[-123.36981007786684,41.70973537696075],[-123.36059792796365,41.69978855730835],[-123.34374558790152,41.70132758511108]]]},"properties":{"h3_index":"87281cceaffffff","station_count":2,"program_id":"klamath_basin","program":"Klamath Basin","resolution":7,"stations":[{"station_id":"73","station_name":"Cougar Creek (Tributary of Elk Creek)","lat":41.702396,"lon":-123.353677,"waterbody":"Cougar Creek","subbasin":"Middle Klamath","organization":"Karuk Tribe"},{"station_id":"518","station_name":"Elk Creek, 8.5 mile Elk Creek (near the Crockett cable crossing)","lat":41.71135,"lon":-123.35351,"waterbody":"Elk Creek","subbasin":"Middle Klamath","organization":"U.S. Forest Service"}]}},{"type":"Feature","geometry":{"type":"Polygon","coordinates":[[[-123.34217765408172,41.67988782622033],[-123.33453534522525,41.69137670362501],[-123.34374558790152,41.70132758511108],[-123.36059792796365,41.69978855730835],[-123.3682364690909,41.688299729968],[-123.35902643885142,41.678349880251],[-123.34217765408172,41.67988782622033]]]},"properties":{"h3_index":"87281cceeffffff","station_count":2,"program_id":"klamath_basin","program":"Klamath Basin","resolution":7,"stations":[{"station_id":"2340","station_name":"Doolittle Ck (Elk Ck)","lat":41.687211,"lon":-123.353741,"waterbody":"Doolittle Creek","subbasin":"Middle Klamath","organization":"U.S. Forest Service"},{"station_id":"635","station_name":"Doolittle Creek (Elk), 70 ft upstream of mouth","lat":41.68715,"lon":-123.35396,"waterbody":"Doolittle Creek","subbasin":"Middle Klamath","organization":"U.S. Forest Service"}]}},{"type":"Feature","geometry":{"type":"Polygon","coordinates":[[[-123.34940645966944,41.430685053936685],[-123.34178510175879,41.442197072175894],[-123.35097187881887,41.452180129949205],[-123.36777980220498,41.45065013176455],[-123.37539741111692,41.43913816675473],[-123.36621084659986,41.42915614658583],[-123.34940645966944,41.430685053936685]]]},"properties":{"h3_index":"87281cd0dffffff","station_count":3,"program_id":"klamath_basin","program":"Klamath Basin","resolution":7,"stations":[{"station_id":"1857","station_name":"Wooley Creek above Bridge Creek","lat":41.441224,"lon":-123.357314,"waterbody":"Wooley Creek","subbasin":"Salmon","organization":"U.S. Forest Service"},{"station_id":"621","station_name":"Wooley Creek, downstream of Bridge Creek","lat":41.44041,"lon":-123.35924,"waterbody":"Wooley Creek","subbasin":"Salmon","organization":"U.S. Forest Service"},{"station_id":"1132","station_name":"Wooley2","lat":41.440101,"lon":-123.359001,"waterbody":"Wooley Creek","subbasin":"Salmon","organization":"U.S. Forest Service"}]}},{"type":"Feature","geometry":{"type":"Polygon","coordinates":[[[-123.27608138607668,41.46978478797064],[-123.26844449486336,41.48129119003612],[-123.27763188542497,41.49127735960953],[-123.29445596768913,41.48975608990635],[-123.30208911392832,41.47824973529294],[-123.29290192384043,41.46826460281667],[-123.27608138607668,41.46978478797064]]]},"properties":{"h3_index":"87281cd19ffffff","station_count":4,"program_id":"klamath_basin","program":"Klamath Basin","resolution":7,"stations":[{"station_id":"1101","station_name":"NF Wooley","lat":41.473098,"lon":-123.277999,"waterbody":"North Fork Wooley Creek","subbasin":"Salmon","organization":"U.S. Forest Service"},{"station_id":"607","station_name":"North Fork Wooley Creek, upstream of MS Wooley","lat":41.47054,"lon":-123.27854,"waterbody":"North Fork Wooley Creek","subbasin":"Salmon","organization":"U.S. Forest Service"},{"station_id":"524","station_name":"Wooley Creek, upstream of NF Wooley","lat":41.47059,"lon":-123.27804,"waterbody":"Wooley Creek","subbasin":"Salmon","organization":"U.S. Forest Service"},{"station_id":"1131","station_name":"Wooley3","lat":41.472,"lon":-123.276,"waterbody":"Wooley Creek","subbasin":"Salmon","organization":"U.S. Forest Service"}]}},{"type":"Feature","geometry":{"type":"Polygon","coordinates":[[[-123.47776852250418,41.45139075901925],[-123.47016736051,41.462904408662055],[-123.479361469896,41.472870237748424],[-123.49615650820591,41.47132138075962],[-123.50375390734142,41.45980779357188],[-123.49456003197864,41.44984300080262],[-123.47776852250418,41.45139075901925]]]},"properties":{"h3_index":"87281cd45ffffff","station_count":3,"program_id":"klamath_basin","program":"Klamath Basin","resolution":7,"stations":[{"station_id":"76","station_name":"Irving Creek","lat":41.469202,"lon":-123.493952,"waterbody":"Irving Creek","subbasin":"Middle Klamath","organization":"Karuk Tribe"},{"station_id":"123","station_name":"Stanshaw Diversion","lat":41.469708,"lon":-123.497081,"waterbody":"Stanshaw Diversion","subbasin":"Middle Klamath","organization":"Karuk Tribe"},{"station_id":"1829","station_name":"Irving Creek near mouth","lat":41.469239,"lon":-123.49545,"waterbody":"Irving Creek","subbasin":"Middle Klamath","organization":"U.S. Forest Service"}]}},{"type":"Feature","geometry":{"type":"Polygon","coordinates":[[[-123.50695177542481,41.50275359412809],[-123.49935154042666,41.514263347437875],[-123.50855175100305,41.52421909278484],[-123.52535195839553,41.52266404981123],[-123.53294842375755,41.511154360570934],[-123.52374845231624,41.50119965011916],[-123.50695177542481,41.50275359412809]]]},"properties":{"h3_index":"87281cd48ffffff","station_count":1,"program_id":"klamath_basin","program":"Klamath Basin","resolution":7,"stations":[{"station_id":"166","station_name":"Rock Creek (mouth)","lat":41.51291,"lon":-123.531144,"waterbody":"Rock Creek","subbasin":"Middle Klamath","organization":"Karuk Tribe"}]}},{"type":"Feature","geometry":{"type":"Polygon","coordinates":[[[-123.50855175100305,41.52421909278484],[-123.50095009731845,41.53572692539977],[-123.51015242153893,41.54567965119552],[-123.52695616088904,41.54412350988937],[-123.53455404310748,41.53261574123565],[-123.52535195839553,41.52266404981123],[-123.50855175100305,41.52421909278484]]]},"properties":{"h3_index":"87281cd4bffffff","station_count":3,"program_id":"klamath_basin","program":"Klamath Basin","resolution":7,"stations":[{"station_id":"71","station_name":"Ti Creek","lat":41.524988,"lon":-123.523537,"waterbody":"Ti Creek","subbasin":"Middle Klamath","organization":"Karuk Tribe"},{"station_id":"496","station_name":"Klamath River, downstream end of Persido bar","lat":41.54151,"lon":-123.52795,"waterbody":"Klamath River","subbasin":"Middle Klamath","organization":"U.S. Forest Service"},{"station_id":"1855","station_name":"Ti Creek near USFS station","lat":41.524451,"lon":-123.522938,"waterbody":"Ti Creek","subbasin":"Middle Klamath","organization":"U.S. Forest Service"}]}},{"type":"Feature","geometry":{"type":"Polygon","coordinates":[[[-123.50535249435414,41.48128315959726],[-123.49775367753891,41.49279483109919],[-123.50695177542481,41.50275359412809],[-123.52374845231624,41.50119965011916],[-123.5313435013239,41.48968804279334],[-123.52214564220019,41.47973031518481],[-123.50535249435414,41.48128315959726]]]},"properties":{"h3_index":"87281cd4cffffff","station_count":3,"program_id":"klamath_basin","program":"Klamath Basin","resolution":7,"stations":[{"station_id":"121","station_name":"Sandy Bar Creek","lat":41.487583,"lon":-123.514731,"waterbody":"Sandy Bar Creek","subbasin":"Middle Klamath","organization":"Karuk Tribe"},{"station_id":"1851","station_name":"Sandybar Creek Above HWY 96","lat":41.487693,"lon":-123.514526,"waterbody":"Sandy Bar Creek","subbasin":"Middle Klamath","organization":"U.S. Forest Service"},{"station_id":"2249","station_name":"Sandy Bar Creek","lat":41.48623,"lon":-123.51711,"waterbody":"Sandy Bar Creek","subbasin":"Middle Klamath","organization":"UC Berkeley/Karuk Tribe/Salmon River Restoration Council"}]}},{"type":"Feature","geometry":{"type":"Polygon","coordinates":[[[-123.50055881369339,41.41684228459314],[-123.49296424840851,41.428359695619186],[-123.50215601393748,41.43832750043896],[-123.51894210805634,41.43677685711333],[-123.52653291101188,41.425259510572815],[-123.5173413831287,41.4152927427571],[-123.50055881369339,41.41684228459314]]]},"properties":{"h3_index":"87281cd61ffffff","station_count":1,"program_id":"klamath_basin","program":"Klamath Basin","resolution":7,"stations":[{"station_id":"106","station_name":"Reynolds Creek","lat":41.429166,"lon":-123.504686,"waterbody":"Reynolds Creek","subbasin":"Middle Klamath","organization":"Karuk Tribe"}]}},{"type":"Feature","geometry":{"type":"Polygon","coordinates":[[[-123.47617626631454,41.42990635443345],[-123.46857652332135,41.44142191735471],[-123.47776852250418,41.45139075901925],[-123.49456003197864,41.44984300080262],[-123.50215601393748,41.43832750043896],[-123.49296424840851,41.428359695619186],[-123.47617626631454,41.42990635443345]]]},"properties":{"h3_index":"87281cd63ffffff","station_count":2,"program_id":"klamath_basin","program":"Klamath Basin","resolution":7,"stations":[{"station_id":"180","station_name":"Rogers Creek","lat":41.444671,"lon":-123.490251,"waterbody":"Rogers Creek","subbasin":"Middle Klamath","organization":"Karuk Tribe"},{"station_id":"2461","station_name":"Rogers Creek near Mouth","lat":41.444306,"lon":-123.489722,"waterbody":"Rogers Creek","subbasin":"Middle Klamath","organization":"U.S. Forest Service"}]}},{"type":"Feature","geometry":{"type":"Polygon","coordinates":[[[-123.49896230616078,41.39535215043647],[-123.49136915704736,41.40687146960783],[-123.50055881369339,41.41684228459314],[-123.5173413831287,41.4152927427571],[-123.52493077173631,41.40377348817096],[-123.51574135236466,41.39380371072039],[-123.49896230616078,41.39535215043647]]]},"properties":{"h3_index":"87281cd65ffffff","station_count":2,"program_id":"klamath_basin","program":"Klamath Basin","resolution":7,"stations":[{"station_id":"62","station_name":"Natuket Creek","lat":41.401287,"lon":-123.503411,"waterbody":"Natuket Creek","subbasin":"Middle Klamath","organization":"Karuk Tribe"},{"station_id":"178","station_name":"Teneyck Creek","lat":41.403132,"lon":-123.504021,"waterbody":"Teneyck Creek","subbasin":"Middle Klamath","organization":"Karuk Tribe"}]}},{"type":"Feature","geometry":{"type":"Polygon","coordinates":[[[-123.50375390734142,41.45980779357188],[-123.49615650820591,41.47132138075962],[-123.50535249435414,41.48128315959726],[-123.52214564220019,41.47973031518481],[-123.52973927535554,41.468216792278035],[-123.52054352759694,41.45825604938729],[-123.50375390734142,41.45980779357188]]]},"properties":{"h3_index":"87281cd6affffff","station_count":3,"program_id":"klamath_basin","program":"Klamath Basin","resolution":7,"stations":[{"station_id":"52","station_name":"Stanshaw Creek","lat":41.47579,"lon":-123.506782,"waterbody":"Stanshaw Creek","subbasin":"Middle Klamath","organization":"Karuk Tribe"},{"station_id":"1195","station_name":"Stanshaw Creek","lat":41.47537,"lon":-123.51257,"waterbody":"Klamath River","subbasin":"Middle Klamath","organization":"Klamath Tribal Water Quality Consortium"},{"station_id":"1853","station_name":"Stanshaw Creek below HWY 96 Culvert","lat":41.476181,"lon":-123.50859,"waterbody":"Stanshaw Creek","subbasin":"Middle Klamath","organization":"U.S. Forest Service"}]}},{"type":"Feature","geometry":{"type":"Polygon","coordinates":[[[-123.50215601393748,41.43832750043896],[-123.49456003197864,41.44984300080262],[-123.50375390734142,41.45980779357188],[-123.52054352759694,41.45825604938729],[-123.52813574540164,41.44674061340776],[-123.51894210805634,41.43677685711333],[-123.50215601393748,41.43832750043896]]]},"properties":{"h3_index":"87281cd6effffff","station_count":3,"program_id":"klamath_basin","program":"Klamath Basin","resolution":7,"stations":[{"station_id":"110","station_name":"Halverson Creek","lat":41.459173,"lon":-123.504937,"waterbody":"Halverson Creek","subbasin":"Middle Klamath","organization":"Karuk Tribe"},{"station_id":"1834","station_name":"Klamath River at Green Riffle","lat":41.441247,"lon":-123.507071,"waterbody":"Klamath River","subbasin":"Middle Klamath","organization":"U.S. Forest Service"},{"station_id":"1003","station_name":"Klamath River at Stuarts Bar","lat":41.445425,"lon":-123.497942,"waterbody":"Klamath River","subbasin":"Lower Klamath","organization":"Yurok Tribal Fisheries Program"}]}},{"type":"Feature","geometry":{"type":"Polygon","coordinates":[[[-123.4257977451199,41.43453258295846],[-123.41818906679121,41.446046352035104],[-123.42737941130216,41.45602027865601],[-123.4441782098069,41.45447939903568],[-123.45178313153376,41.44296568876332],[-123.44259301231251,41.43299279919217],[-123.4257977451199,41.43453258295846]]]},"properties":{"h3_index":"87281cd71ffffff","station_count":1,"program_id":"klamath_basin","program":"Klamath Basin","resolution":7,"stations":[{"station_id":"1847","station_name":"Rogers Creek at 15N17","lat":41.441751,"lon":-123.428259,"waterbody":"Rogers Creek","subbasin":"Middle Klamath","organization":"U.S. Forest Service"}]}},{"type":"Feature","geometry":{"type":"Polygon","coordinates":[[[-123.10159113325848,41.517861351203834],[-123.09392086712616,41.529358372349186],[-123.1031053254464,41.539357820552524],[-123.11995987941354,41.537859210590355],[-123.12762641382628,41.526362223634834],[-123.11844212696403,41.51636381233878],[-123.10159113325848,41.517861351203834]]]},"properties":{"h3_index":"87281cd83ffffff","station_count":1,"program_id":"klamath_basin","program":"Klamath Basin","resolution":7,"stations":[{"station_id":"2291","station_name":"Campbell Lake tributary above inlet for Campbell Lake","lat":41.532,"lon":-123.1075,"subbasin":"Scott","organization":"Quartz Valley Indian Reservation"}]}},{"type":"Feature","geometry":{"type":"Polygon","coordinates":[[[-122.99894311464266,41.50529005039798],[-122.991256495166,41.5167852497667],[-123.0004352684152,41.526797871425295],[-123.01730050792303,41.525314255896305],[-123.02498340674956,41.513819083352814],[-123.01580478769534,41.50380749940098],[-122.99894311464266,41.50529005039798]]]},"properties":{"h3_index":"87281cd96ffffff","station_count":1,"program_id":"klamath_basin","program":"Klamath Basin","resolution":7,"stations":[{"station_id":"581","station_name":"Kidder Creek, downstream of Hayes Creek","lat":41.50678,"lon":-123.01071,"waterbody":"Kidder Creek","subbasin":"Scott","organization":"U.S. Forest Service"}]}},{"type":"Feature","geometry":{"type":"Polygon","coordinates":[[[-123.07706452290782,41.53085296871892],[-123.06938907505746,41.542348082172836],[-123.07857370076816,41.55234856710462],[-123.09543360791291,41.550852901741315],[-123.1031053254464,41.539357820552524],[-123.09392086712616,41.529358372349186],[-123.07706452290782,41.53085296871892]]]},"properties":{"h3_index":"87281cd9cffffff","station_count":8,"program_id":"klamath_basin","program":"Klamath Basin","resolution":7,"stations":[{"station_id":"2292","station_name":"Campbell Lake tributary above Shackleford Creek- cross Shackleford Creek and go up trail to creek 300 feet to creek, before switchback starts","lat":41.5434,"lon":-123.0924,"subbasin":"Scott","organization":"Quartz Valley Indian Reservation"},{"station_id":"2293","station_name":"Campbell Lake tributary below Campbell Lake and above unnamed tributary","lat":41.53941,"lon":-123.09877,"subbasin":"Scott","organization":"Quartz Valley Indian Reservation"},{"station_id":"2294","station_name":"Isolates Emerald Tributary, ungrazed without heavy recreation","lat":41.5445,"lon":-123.0891,"subbasin":"Scott","organization":"Quartz Valley Indian Reservation"},{"station_id":"2295","station_name":"Isolates unnamed tributary above confluence with Shackleford Creek, near trail split for Calf Lake","lat":41.5457,"lon":-123.0963,"subbasin":"Scott","organization":"Quartz Valley Indian Reservation"},{"station_id":"2297","station_name":"Shackleford Creek above Campbell Lake tributary (directly above log crossing)","lat":41.5443,"lon":-123.0922,"waterbody":"Shackleford Creek","subbasin":"Scott","organization":"Quartz Valley Indian Reservation"},{"station_id":"2300","station_name":"Shackleford Creek below Log Lake Meadow complex and slightly above Lake","lat":41.5443,"lon":-123.0996,"waterbody":"Shackleford Creek","subbasin":"Scott","organization":"Quartz Valley Indian Reservation"},{"station_id":"748","station_name":"Campbell Lake Outlet","lat":41.542222,"lon":-123.0925,"waterbody":"Shackleford Creek","subbasin":"Scott","organization":"Quartz Valley Indian Reservations"},{"station_id":"672","station_name":"Summit Lake Outlet","lat":41.543611,"lon":-123.093611,"waterbody":"Summit Lake","subbasin":"Scott","organization":"Quartz Valley Indian Reservations"}]}},{"type":"Feature","geometry":{"type":"Polygon","coordinates":[[[-123.1031053254464,41.539357820552524],[-123.09543360791291,41.550852901741315],[-123.1046201769034,41.56084933900163],[-123.12147829261187,41.5593496585631],[-123.12914627661537,41.54785461145356],[-123.11995987941354,41.537859210590355],[-123.1031053254464,41.539357820552524]]]},"properties":{"h3_index":"87281cd9dffffff","station_count":1,"program_id":"klamath_basin","program":"Klamath Basin","resolution":7,"stations":[{"station_id":"2301","station_name":"Shackleford Creek in Log Lake Meadow, below trail junction","lat":41.5424,"lon":-123.106,"waterbody":"Shackleford Creek","subbasin":"Scott","organization":"Quartz Valley Indian Reservation"}]}},{"type":"Feature","geometry":{"type":"Polygon","coordinates":[[[-123.05252738346599,41.543839731688934],[-123.04484675297107,41.55533293291341],[-123.05403154199918,41.565334454394055],[-123.07089679918047,41.56384173798876],[-123.07857370076816,41.55234856710462],[-123.06938907505746,41.542348082172836],[-123.05252738346599,41.543839731688934]]]},"properties":{"h3_index":"87281cd9effffff","station_count":4,"program_id":"klamath_basin","program":"Klamath Basin","resolution":7,"stations":[{"station_id":"2296","station_name":"Long High Creek above confluence with Shackleford Creek and above trail crossing","lat":41.5511,"lon":-123.0739,"waterbody":"Long High Creek","subbasin":"Scott","organization":"Quartz Valley Indian Reservation"},{"station_id":"2298","station_name":"Shackleford Creek above confluence with Long High Creek","lat":41.5509,"lon":-123.0744,"waterbody":"Shackleford Creek","subbasin":"Scott","organization":"Quartz Valley Indian Reservation"},{"station_id":"2299","station_name":"Shackleford Creek at green gate below meadow complex, directly below rock wall","lat":41.5573,"lon":-123.0635,"waterbody":"Shackleford Creek","subbasin":"Scott","organization":"Quartz Valley Indian Reservation"},{"station_id":"772","station_name":"Shackleford @ Trailhead","lat":41.560833,"lon":-123.050833,"waterbody":"Shackleford Creek","subbasin":"Scott","organization":"Quartz Valley Indian Reservations"}]}},{"type":"Feature","geometry":{"type":"Polygon","coordinates":[[[-123.0955409486394,41.4318260526871],[-123.08787648285464,41.44333080857177],[-123.09705250802911,41.45334228167824],[-123.11389282981943,41.45184795982576],[-123.12155357111344,41.44034323855616],[-123.1123777160781,41.43033280441139],[-123.0955409486394,41.4318260526871]]]},"properties":{"h3_index":"87281cda6ffffff","station_count":2,"program_id":"klamath_basin","program":"Klamath Basin","resolution":7,"stations":[{"station_id":"1106","station_name":"RH NF Salmon","lat":41.431999,"lon":-123.111,"waterbody":"Right Hand North Fork Salmon River","subbasin":"Salmon","organization":"U.S. Forest Service"},{"station_id":"2399","station_name":"Right Hand North Fk Salmon R above mouth","lat":41.430786,"lon":-123.109968,"waterbody":"Right Hand North Fork Salmon River","subbasin":"Salmon","organization":"U.S. Forest Service"}]}},{"type":"Feature","geometry":{"type":"Polygon","coordinates":[[[-122.24142410762599,42.453429216173475],[-122.23353282975278,42.46480941375155],[-122.24276759300695,42.47477902825062],[-122.25989360827374,42.47336742468957],[-122.26778116974451,42.46198718830956],[-122.25854643339267,42.45201859418328],[-122.24142410762599,42.453429216173475]]]},"properties":{"h3_index":"87281e198ffffff","station_count":3,"program_id":"klamath_basin","program":"Klamath Basin","resolution":7,"stations":[{"station_id":"2262","station_name":"Fourmile Lake at Fourmile Lake Campground Beach","lat":42.45487,"lon":-122.2473,"waterbody":"Fourmile Lake","subbasin":"Upper Klamath Lake","organization":"Oregon Department of Environmental Quality"},{"station_id":"2470","station_name":"CASCADE CN AT FOURMILE LAKE NR LAKECREEK, OR","lat":42.45528,"lon":-122.242775,"waterbody":"Canal","subbasin":"Upper Klamath Lake","organization":"Oregon Water Resources Department"},{"station_id":"2469","station_name":"FOURMILE LAKE NR RECREATION, OR","lat":42.456669,"lon":-122.242775,"waterbody":"Fourmile Lake","subbasin":"Upper Klamath Lake","organization":"Oregon Water Resources Department"}]}},{"type":"Feature","geometry":{"type":"Polygon","coordinates":[[[-122.20972284841883,42.35939615750759],[-122.2018340549877,42.37078463630248],[-122.2110581427559,42.38077058456677],[-122.22817100362197,42.37936703161052],[-122.23605609137923,42.36797851298159],[-122.22683202498438,42.35799358703429],[-122.20972284841883,42.35939615750759]]]},"properties":{"h3_index":"87281e1b0ffffff","station_count":1,"program_id":"klamath_basin","program":"Klamath Basin","resolution":7,"stations":[{"station_id":"2263","station_name":"Lake of the Woods at Rainbox Day Use Area","lat":42.37899,"lon":-122.21107,"waterbody":"Lake of the Woods","subbasin":"Upper Klamath Lake","organization":"Oregon Department of Environmental Quality"}]}},{"type":"Feature","geometry":{"type":"Polygon","coordinates":[[[-121.93922218484143,42.585189724647506],[-121.93126927324165,42.59654621774943],[-121.94050187654894,42.60653113384773],[-121.95768741805685,42.60515853807404],[-121.96563663564153,42.59380198301042],[-121.9564040067932,42.58381808557504],[-121.93922218484143,42.585189724647506]]]},"properties":{"h3_index":"87281e401ffffff","station_count":8,"program_id":"klamath_basin","program":"Klamath Basin","resolution":7,"stations":[{"station_id":"1045","station_name":"Wood River Control Structure","lat":42.604571,"lon":-121.951947,"waterbody":"Wood River Wetland","subbasin":"Wood","organization":"Bureau of Land Management"},{"station_id":"118","station_name":"Wood River Pump Discharge","lat":42.605155,"lon":-121.953242,"waterbody":"Wood River Wetland","subbasin":"Wood","organization":"Bureau of Land Management"},{"station_id":"81","station_name":"Wood River Top Channel","lat":42.596217,"lon":-121.942982,"waterbody":"Wood River","subbasin":"Wood","organization":"Bureau of Land Management"},{"station_id":"1585","station_name":"Wood River - Below Crooked Creek","lat":42.595356,"lon":-121.943135,"waterbody":"Wood River","subbasin":"Wood","organization":"Oregon State University"},{"station_id":"188","station_name":"Crooked Creek nr Klamath Agency, OR","lat":42.602787,"lon":-121.940683,"waterbody":"Crooked Creek","subbasin":"Wood","organization":"Oregon Water Resources Department "},{"station_id":"209","station_name":"Wood River above Crooked Creek near Klamath Agency","lat":42.598858,"lon":-121.946243,"waterbody":"Wood River","subbasin":"Wood","organization":"Oregon Water Resources Department "},{"station_id":"1550","station_name":"Crooked Creek Array","lat":42.598684,"lon":-121.94521,"waterbody":"Crooked Creek","subbasin":"Wood","organization":"U.S. Geological Survey"},{"station_id":"2143","station_name":"Wood River Array","lat":42.598565,"lon":-121.945553,"waterbody":"Wood River","subbasin":"Wood","organization":"U.S. Geological Survey"}]}},{"type":"Feature","geometry":{"type":"Polygon","coordinates":[[[-121.91408220989386,42.59791466215348],[-121.90612402873569,42.609268977122646],[-121.91535660211649,42.619254911700516],[-121.93254738764325,42.617885512722665],[-121.94050187654894,42.60653113384773],[-121.93126927324165,42.59654621774943],[-121.91408220989386,42.59791466215348]]]},"properties":{"h3_index":"87281e403ffffff","station_count":1,"program_id":"klamath_basin","program":"Klamath Basin","resolution":7,"stations":[{"station_id":"2207","station_name":"Upper Klamath Lake Subbasin (Crooked Creek-Wood River)","lat":42.608194,"lon":-121.933472,"waterbody":"Agency Creek","subbasin":"Wood","organization":"U.S. Forest Service"}]}},{"type":"Feature","geometry":{"type":"Polygon","coordinates":[[[-121.93794305950715,42.563843134555796],[-121.9299917246042,42.57520173955114],[-121.93922218484143,42.585189724647506],[-121.9564040067932,42.58381808557504],[-121.96435164948426,42.5724594188143],[-121.95512116349452,42.56247245278437],[-121.93794305950715,42.563843134555796]]]},"properties":{"h3_index":"87281e405ffffff","station_count":10,"program_id":"klamath_basin","program":"Klamath Basin","resolution":7,"stations":[{"station_id":"39","station_name":"Wood River Dike Bridge","lat":42.580995,"lon":-121.941716,"waterbody":"Wood River","subbasin":"Wood","organization":"Bureau of Land Management"},{"station_id":"135","station_name":"Wood River New Mouth","lat":42.570344,"lon":-121.936218,"waterbody":"Wood River","subbasin":"Wood","organization":"Bureau of Land Management"},{"station_id":"30","station_name":"Wood River Old Mouth","lat":42.577896,"lon":-121.940635,"waterbody":"Wood River","subbasin":"Wood","organization":"Bureau of Land Management"},{"station_id":"206","station_name":"WOOD R. @ DIKE RD","lat":42.583,"lon":-121.942001,"waterbody":"Wood River","subbasin":"Wood","organization":"Klamath Tribes"},{"station_id":"2448","station_name":"Wood River at Wetlands","lat":42.58147,"lon":-121.94165,"waterbody":"Wood River","subbasin":"Wood","organization":"Klamath Tribes"},{"station_id":"1662","station_name":"Lower Wood River mainstem","lat":42.573451,"lon":-121.93733,"waterbody":"Wood River","subbasin":"Wood","organization":"Oregon State University"},{"station_id":"1695","station_name":"Wood Mouth","lat":42.56558,"lon":-121.93733,"waterbody":"Wood River","subbasin":"Wood","organization":"Oregon State University"},{"station_id":"1586","station_name":"Wood River - Wood Road","lat":42.581588,"lon":-121.941546,"waterbody":"Wood River","subbasin":"Wood","organization":"Oregon State University"},{"station_id":"2099","station_name":"Wood River","lat":42.581389,"lon":-121.941944,"waterbody":"Wood River","subbasin":"Wood","organization":"U.S. Fish and Wildlife Service"},{"station_id":"938","station_name":"Wood River near Klamath Agency","lat":42.581561,"lon":-121.941717,"waterbody":"Wood River","subbasin":"Wood","organization":"U.S. Geological Survey"}]}},{"type":"Feature","geometry":{"type":"Polygon","coordinates":[[[-121.96692219074752,42.61513936518137],[-121.95897139766144,42.626493806215976],[-121.96820831517883,42.63647156126572],[-121.98539604757353,42.635093857134144],[-121.99334314127732,42.623739355686624],[-121.98410620302826,42.61376261867612],[-121.96692219074752,42.61513936518137]]]},"properties":{"h3_index":"87281e408ffffff","station_count":1,"program_id":"klamath_basin","program":"Klamath Basin","resolution":7,"stations":[{"station_id":"12","station_name":"Wood River Above Pump","lat":42.619164,"lon":-121.966713,"waterbody":"Wood River","subbasin":"Wood","organization":"Bureau of Land Management"}]}},{"type":"Feature","geometry":{"type":"Polygon","coordinates":[[[-121.94178213500464,42.62786735809079],[-121.9338260681837,42.639219620408845],[-121.94306296058389,42.64919839331869],[-121.9602559459833,42.64782388594308],[-121.96820831517883,42.63647156126572],[-121.95897139766144,42.626493806215976],[-121.94178213500464,42.62786735809079]]]},"properties":{"h3_index":"87281e40affffff","station_count":5,"program_id":"klamath_basin","program":"Klamath Basin","resolution":7,"stations":[{"station_id":"2449","station_name":"Crooked","lat":42.64403,"lon":-121.94514,"waterbody":"Crooked Creek","subbasin":"Wood","organization":"Klamath Tribes"},{"station_id":"2456","station_name":"Tecumseh","lat":42.64231,"lon":-121.94344,"waterbody":"Tecumseh Spring","subbasin":"Wood","organization":"Klamath Tribes"},{"station_id":"1643","station_name":"Crooked Creek","lat":42.643892,"lon":-121.944992,"waterbody":"Crooked Creek","subbasin":"Wood","organization":"Oregon State University"},{"station_id":"1644","station_name":"Crooked Creek below hatchery","lat":42.643892,"lon":-121.944992,"waterbody":"Crooked Creek","subbasin":"Wood","organization":"Oregon State University"},{"station_id":"1242","station_name":"Crooked Creek","lat":42.643742,"lon":-121.945076,"waterbody":"Crooked Creek","subbasin":"Wood","organization":"U.S. Bureau of Reclamation"}]}},{"type":"Feature","geometry":{"type":"Polygon","coordinates":[[[-121.96563663564153,42.59380198301042],[-121.95768741805685,42.60515853807404],[-121.96692219074752,42.61513936518137],[-121.98410620302826,42.61376261867612],[-121.99205172303732,42.602406003398194],[-121.98281692940014,42.592426194732425],[-121.96563663564153,42.59380198301042]]]},"properties":{"h3_index":"87281e40cffffff","station_count":2,"program_id":"klamath_basin","program":"Klamath Basin","resolution":7,"stations":[{"station_id":"1046","station_name":"WRW North Half 1","lat":42.603332,"lon":-121.95973,"waterbody":"Wood River Wetland","subbasin":"Wood","organization":"Bureau of Land Management"},{"station_id":"1043","station_name":"WRW South Half 1","lat":42.599464,"lon":-121.964029,"waterbody":"Wood River Wetland","subbasin":"Wood","organization":"Bureau of Land Management"}]}},{"type":"Feature","geometry":{"type":"Polygon","coordinates":[[[-121.99205172303732,42.602406003398194],[-121.98410620302826,42.61376261867612],[-121.99334314127732,42.623739355686624],[-122.010525616945,42.62235845909406],[-122.01846743582239,42.61100178534982],[-122.00923048122173,42.60102606655681],[-121.99205172303732,42.602406003398194]]]},"properties":{"h3_index":"87281e40dffffff","station_count":1,"program_id":"klamath_basin","program":"Klamath Basin","resolution":7,"stations":[{"station_id":"56","station_name":"Sevenmile Canal Fish Screen","lat":42.607731,"lon":-122.000757,"waterbody":"Sevenmile Canal","subbasin":"Wood","organization":"Bureau of Land Management"}]}},{"type":"Feature","geometry":{"type":"Polygon","coordinates":[[[-121.83482720728722,42.572015809759996],[-121.82685797081884,42.58336992254163],[-121.83608399934077,42.59336811804169],[-121.85327930911097,42.592011181534495],[-121.86124486405488,42.58065699961261],[-121.85201879181704,42.57065982323197],[-121.83482720728722,42.572015809759996]]]},"properties":{"h3_index":"87281e414ffffff","station_count":4,"program_id":"klamath_basin","program":"Klamath Basin","resolution":7,"stations":[{"station_id":"265","station_name":"SPRAGUE R. @ CHILOQUIN RIDGE RD.","lat":42.584598,"lon":-121.842003,"waterbody":"Sprague River","subbasin":"Sprague","organization":"Klamath Tribes"},{"station_id":"1639","station_name":"Below Narrows @ Goose Rock","lat":42.58799,"lon":-121.833929,"waterbody":"Sprague River","subbasin":"Sprague","organization":"Oregon State University"},{"station_id":"1261","station_name":"Sprague River","lat":42.58434,"lon":-121.842689,"waterbody":"Sprague River","subbasin":"Sprague","organization":"U.S. Bureau of Reclamation"},{"station_id":"909","station_name":"SPRAGUE RIVER NEAR CHILOQUIN","lat":42.584581,"lon":-121.849737,"waterbody":"Sprague River","subbasin":"Sprague","organization":"U.S. Geological Survey"}]}},{"type":"Feature","geometry":{"type":"Polygon","coordinates":[[[-121.86124486405488,42.58065699961261],[-121.85327930911097,42.592011181534495],[-121.86250752306896,42.60200529118387],[-121.87970133215379,42.600644199896],[-121.88766320199288,42.58928995057805],[-121.87843494891501,42.57929685983756],[-121.86124486405488,42.58065699961261]]]},"properties":{"h3_index":"87281e415ffffff","station_count":2,"program_id":"klamath_basin","program":"Klamath Basin","resolution":7,"stations":[{"station_id":"1661","station_name":"Lower Williamson pinecone bridge","lat":42.594122,"lon":-121.861083,"waterbody":"Williamson River","subbasin":"Williamson","organization":"Oregon State University"},{"station_id":"1577","station_name":"Pine Ridge Bridge","lat":42.594035,"lon":-121.86092,"waterbody":"Williamson River","subbasin":"Williamson","organization":"Oregon State University"}]}},{"type":"Feature","geometry":{"type":"Polygon","coordinates":[[[-121.8096611677609,42.584722703652574],[-121.80168666644101,42.59607462800494],[-121.81091264684811,42.606073842432615],[-121.82811317775547,42.60472011347428],[-121.83608399934077,42.59336811804169],[-121.82685797081884,42.58336992254163],[-121.8096611677609,42.584722703652574]]]},"properties":{"h3_index":"87281e416ffffff","station_count":1,"program_id":"klamath_basin","program":"Klamath Basin","resolution":7,"stations":[{"station_id":"1637","station_name":"Above Narrows","lat":42.60475,"lon":-121.812453,"waterbody":"Sprague River","subbasin":"Sprague","organization":"Oregon State University"}]}},{"type":"Feature","geometry":{"type":"Polygon","coordinates":[[[-121.86503451961929,42.644686313406424],[-121.85706421287487,42.65603413688251],[-121.86629885789704,42.66601903593946],[-121.8835038492391,42.6646550937005],[-121.89147046547669,42.653307202230145],[-121.88223578194406,42.64332332088633],[-121.86503451961929,42.644686313406424]]]},"properties":{"h3_index":"87281e41affffff","station_count":2,"program_id":"klamath_basin","program":"Klamath Basin","resolution":7,"stations":[{"station_id":"1580","station_name":"Upper Spring Creek","lat":42.648477,"lon":-121.882825,"waterbody":"Spring Creek","subbasin":"Williamson","organization":"Oregon State University"},{"station_id":"2466","station_name":"SPRING CR NR CHILOQUIN, OR","lat":42.643814,"lon":-121.880167,"waterbody":"Spring Creek","subbasin":"Williamson","organization":"Oregon Water Resources Department"}]}},{"type":"Feature","geometry":{"type":"Polygon","coordinates":[[[-121.86377074146688,42.62334839713614],[-121.85580201926983,42.63469834242288],[-121.86503451961929,42.644686313406424],[-121.88223578194406,42.64332332088633],[-121.89020081543629,42.631973307806405],[-121.88096827637294,42.621986354933156],[-121.86377074146688,42.62334839713614]]]},"properties":{"h3_index":"87281e41effffff","station_count":11,"program_id":"klamath_basin","program":"Klamath Basin","resolution":7,"stations":[{"station_id":"1789","station_name":"Spring Cr","lat":42.64315,"lon":-121.87946,"waterbody":"Spring Creek","subbasin":"Williamson","organization":"Klamath Tribes"},{"station_id":"2447","station_name":"Williamson below Collier","lat":42.63261,"lon":-121.87806,"waterbody":"Williamson River","subbasin":"Williamson","organization":"Klamath Tribes"},{"station_id":"1797","station_name":"Williamson R below Spring Cr","lat":42.63261,"lon":-121.87806,"waterbody":"Williamson River","subbasin":"Williamson","organization":"Klamath Tribes"},{"station_id":"1640","station_name":"Below Spring Cr.","lat":42.632739,"lon":-121.8779,"waterbody":"Williamson River","subbasin":"Williamson","organization":"Oregon State University"},{"station_id":"1569","station_name":"Collier State Park (Spring Creek)","lat":42.641497,"lon":-121.877415,"waterbody":"Spring Creek","subbasin":"Williamson","organization":"Oregon State University"},{"station_id":"1570","station_name":"Collier State Park (WMR)","lat":42.640544,"lon":-121.879081,"waterbody":"Williamson River","subbasin":"Williamson","organization":"Oregon State University"},{"station_id":"1571","station_name":"Collier State Park campground","lat":42.640501,"lon":-121.875563,"waterbody":"Williamson River","subbasin":"Williamson","organization":"Oregon State University"},{"station_id":"1670","station_name":"Mainstem Williamson above Spring Creek below Sunny Brook","lat":42.637772,"lon":-121.872153,"waterbody":"Williamson River","subbasin":"Williamson","organization":"Oregon State University"},{"station_id":"1684","station_name":"Spring Creek at confluence of Willy","lat":42.6414,"lon":-121.87742,"waterbody":"Spring Creek","subbasin":"Williamson","organization":"Oregon State University"},{"station_id":"1686","station_name":"Sunnybrook (lower)","lat":42.635548,"lon":-121.866148,"waterbody":"Larkin Spring","subbasin":"Williamson","organization":"Oregon State University"},{"station_id":"1262","station_name":"Spring Creek","lat":42.643125,"lon":-121.879206,"waterbody":"Spring Creek","subbasin":"Williamson","organization":"U.S. Bureau of Reclamation"}]}},{"type":"Feature","geometry":{"type":"Polygon","coordinates":[[[-121.93538650646005,42.52113442799922],[-121.92743832312509,42.53249724976567],[-121.93666450017147,42.542491367646],[-121.95383888778515,42.541121643775185],[-121.96178338251073,42.52975876063086],[-121.95255717928978,42.519765662628345],[-121.93538650646005,42.52113442799922]]]},"properties":{"h3_index":"87281e420ffffff","station_count":3,"program_id":"klamath_basin","program":"Klamath Basin","resolution":7,"stations":[{"station_id":"1506","station_name":"AGENCY LAKE AT HENZEL PARK BOAT LAUNCH","lat":42.529518,"lon":-121.9298,"waterbody":"Agency Lake","subbasin":"Upper Klamath Lake","organization":"Klamath Tribes"},{"station_id":"2261","station_name":"Agency Lake at Henzel Boat Launch","lat":42.52968,"lon":-121.929516,"waterbody":"Agency Lake","subbasin":"Upper Klamath Lake","organization":"Oregon Department of Environmental Quality"},{"station_id":"1246","station_name":"Henzel Park Boat Ramp on Agency Lake(UKL)","lat":42.529842,"lon":-121.929309,"waterbody":"Agency Lake ","subbasin":"Upper Klamath Lake","organization":"U.S. Bureau of Reclamation"}]}},{"type":"Feature","geometry":{"type":"Polygon","coordinates":[[[-121.91026241675634,42.53386282685394],[-121.9023089710923,42.54522347808653],[-121.91153511758692,42.55521861565638],[-121.92871474135671,42.55385208219741],[-121.93666450017147,42.542491367646],[-121.92743832312509,42.53249724976567],[-121.91026241675634,42.53386282685394]]]},"properties":{"h3_index":"87281e422ffffff","station_count":1,"program_id":"klamath_basin","program":"Klamath Basin","resolution":7,"stations":[{"station_id":"2100","station_name":"Wood River","lat":42.538889,"lon":-121.916389,"waterbody":"Wood River","subbasin":"Wood","organization":"U.S. Fish and Wildlife Service"}]}},{"type":"Feature","geometry":{"type":"Polygon","coordinates":[[[-121.93666450017147,42.542491367646],[-121.92871474135671,42.55385208219741],[-121.93794305950715,42.563843134555796],[-121.95512116349452,42.56247245278437],[-121.96306723189929,42.55111167666217],[-121.95383888778515,42.541121643775185],[-121.93666450017147,42.542491367646]]]},"properties":{"h3_index":"87281e423ffffff","station_count":1,"program_id":"klamath_basin","program":"Klamath Basin","resolution":7,"stations":[{"station_id":"227","station_name":"AGENCY NORTH","lat":42.5606,"lon":-121.946999,"waterbody":"Upper Klamath Lake","subbasin":"Upper Klamath Lake","organization":"Klamath Tribes"}]}},{"type":"Feature","geometry":{"type":"Polygon","coordinates":[[[-121.93410907799894,42.49977231970432],[-121.92616246953575,42.51113724634102],[-121.93538650646005,42.52113442799922],[-121.95255717928978,42.519765662628345],[-121.96050010094288,42.50840067480498],[-121.95127603763342,42.49840451343239],[-121.93410907799894,42.49977231970432]]]},"properties":{"h3_index":"87281e424ffffff","station_count":1,"program_id":"klamath_basin","program":"Klamath Basin","resolution":7,"stations":[{"station_id":"290","station_name":"BOULDER CREEK","lat":42.517167,"lon":-121.94025,"waterbody":"Boulder Creek","subbasin":"Sprague","organization":"Klamath Tribes"}]}},{"type":"Feature","geometry":{"type":"Polygon","coordinates":[[[-121.90899027897744,42.512501866460134],[-121.90103841059165,42.523864625099996],[-121.91026241675634,42.53386282685394],[-121.92743832312509,42.53249724976567],[-121.93538650646005,42.52113442799922],[-121.92616246953575,42.51113724634102],[-121.90899027897744,42.512501866460134]]]},"properties":{"h3_index":"87281e426ffffff","station_count":9,"program_id":"klamath_basin","program":"Klamath Basin","resolution":7,"stations":[{"station_id":"2444","station_name":"Williamson River at Modoc Point Road","lat":42.51452,"lon":-121.915806,"waterbody":"Williamson River","subbasin":"Williamson","organization":"Klamath Tribes"},{"station_id":"193","station_name":"WOOD R. @ WILLIAMSON","lat":42.5149,"lon":-121.917,"waterbody":"Williamson River","subbasin":"Williamson","organization":"Klamath Tribes"},{"station_id":"256","station_name":"Williamson River at Williamson River Store","lat":42.5146,"lon":-121.9162,"waterbody":"Williamson River","subbasin":"Williamson","organization":"Oregon Department of Environmental Quality"},{"station_id":"1588","station_name":"Cleos Childcare Center","lat":42.521747,"lon":-121.91595,"waterbody":"Williamson River","subbasin":"Williamson","organization":"Oregon State University"},{"station_id":"1572","station_name":"Fishing Guide Property (replacement for Cleos Childcare WCC)","lat":42.521694,"lon":-121.915923,"waterbody":"Williamson River ","subbasin":"Williamson","organization":"Oregon State University"},{"station_id":"1669","station_name":"Mainstem Williamson above Sportsman RV Park boat ramp at lowest riffle","lat":42.523489,"lon":-121.904151,"waterbody":"Williamson River","subbasin":"Williamson","organization":"Oregon State University"},{"station_id":"1583","station_name":"Williamson River Resort","lat":42.514425,"lon":-121.917029,"waterbody":"Williamson River ","subbasin":"Williamson","organization":"Oregon State University"},{"station_id":"213","station_name":"Williamson River at Modoc Point Road, near Chiloquin","lat":42.514384,"lon":-121.916754,"waterbody":"Williamson River","subbasin":"Williamson","organization":"Oregon Water Resources Department "},{"station_id":"1554","station_name":"Williamson Weir Array","lat":42.522997,"lon":-121.903523,"waterbody":"Williamson Weir","subbasin":"Williamson","organization":"U.S. Geological Survey"}]}},{"type":"Feature","geometry":{"type":"Polygon","coordinates":[[[-121.96435164948426,42.5724594188143],[-121.9564040067932,42.58381808557504],[-121.96563663564153,42.59380198301042],[-121.98281692940014,42.592426194732425],[-121.99076087632092,42.58106746795432],[-121.98152822631154,42.57108458936427],[-121.96435164948426,42.5724594188143]]]},"properties":{"h3_index":"87281e42affffff","station_count":8,"program_id":"klamath_basin","program":"Klamath Basin","resolution":7,"stations":[{"station_id":"8","station_name":"Sevenmile Canal Pump Discharge","lat":42.582513,"lon":-121.97095,"waterbody":"Wood River Wetland","subbasin":"Wood","organization":"Bureau of Land Management"},{"station_id":"1044","station_name":"WRW South Half 2","lat":42.584477,"lon":-121.971951,"waterbody":"Wood River Wetland","subbasin":"Wood","organization":"Bureau of Land Management"},{"station_id":"2443","station_name":"Sevenmile Canal at Dike Road","lat":42.58192,"lon":-121.970969,"waterbody":"Sevenmile Canal","subbasin":"Wood","organization":"Klamath Tribes"},{"station_id":"212","station_name":"WOOD R. @ Seven Mile","lat":42.581299,"lon":-121.971001,"waterbody":"Sevenmile Canal","subbasin":"Wood","organization":"Klamath Tribes"},{"station_id":"1635","station_name":"7 Mile Bridge at lake","lat":42.581928,"lon":-121.970806,"waterbody":"Sevenmile Creek","subbasin":"Wood","organization":"Oregon State University"},{"station_id":"1234","station_name":"7Mile @ Agency Lake Ranch","lat":42.582526,"lon":-121.972347,"waterbody":"Sevenmile Creek","subbasin":"Wood","organization":"U.S. Bureau of Reclamation"},{"station_id":"869","station_name":"Agency Lake near Klamath Agency","lat":42.58208,"lon":-121.970689,"waterbody":"Agency Lake","subbasin":"Upper Klamath Lake","organization":"U.S. Geological Survey"},{"station_id":"2117","station_name":"Sevenmile Cnl at Dike RD Br, NR Klamath Agency, OR","lat":42.581667,"lon":-121.971389,"waterbody":"Sevenmile Canal","subbasin":"Wood","organization":"U.S. Geological Survey"}]}},{"type":"Feature","geometry":{"type":"Polygon","coordinates":[[[-122.01457903558556,42.54698273723379],[-122.00664192873658,42.558345737885325],[-122.01587459553244,42.5683275974485],[-122.03304438264965,42.56694543704494],[-122.04097779024025,42.55558238026532],[-122.03174511102702,42.545601539909704],[-122.01457903558556,42.54698273723379]]]},"properties":{"h3_index":"87281e42dffffff","station_count":1,"program_id":"klamath_basin","program":"Klamath Basin","resolution":7,"stations":[{"station_id":"2150","station_name":"Directly west of the pump station along the levee road at the gate; collect water from the south side of the existing levee.","lat":42.56417,"lon":-122.01276,"waterbody":"Wetland","subbasin":"Wood","organization":"U.S. Fish and Wildlife Service"}]}},{"type":"Feature","geometry":{"type":"Polygon","coordinates":[[[-121.96306723189929,42.55111167666217],[-121.95512116349452,42.56247245278437],[-121.96435164948426,42.5724594188143],[-121.98152822631154,42.57108458936427],[-121.9894706007501,42.55972375341992],[-121.98024009338513,42.54973780664052],[-121.96306723189929,42.55111167666217]]]},"properties":{"h3_index":"87281e42effffff","station_count":1,"program_id":"klamath_basin","program":"Klamath Basin","resolution":7,"stations":[{"station_id":"2153","station_name":"The Agency-Barnes pump station; collect water in canal just west of the pump station.","lat":42.56417,"lon":-121.98025,"waterbody":"Canal","subbasin":"Upper Klamath Lake","organization":"U.S. Fish and Wildlife Service"}]}},{"type":"Feature","geometry":{"type":"Polygon","coordinates":[[[-121.85998276405448,42.559303526493046],[-121.85201879181704,42.57065982323197],[-121.86124486405488,42.58065699961261],[-121.87843494891501,42.57929685983756],[-121.88639523784563,42.567940495898604],[-121.87716912628538,42.557944338828335],[-121.85998276405448,42.559303526493046]]]},"properties":{"h3_index":"87281e433ffffff","station_count":12,"program_id":"klamath_basin","program":"Klamath Basin","resolution":7,"stations":[{"station_id":"1787","station_name":"Sprague R at Kirchers","lat":42.56688,"lon":-121.86423,"waterbody":"Sprague River","subbasin":"Sprague","organization":"Klamath Tribes"},{"station_id":"2457","station_name":"Sprague R at Kirchers Bridge","lat":42.5678,"lon":-121.864472,"waterbody":"Sprague River","subbasin":"Sprague","organization":"Klamath Tribes"},{"station_id":"253","station_name":"WOOD R. @ Sprague- WQ, flow, YSI","lat":42.567001,"lon":-121.864998,"waterbody":"Sprague River","subbasin":"Sprague","organization":"Klamath Tribes"},{"station_id":"1568","station_name":"Chiloquin Bridge","lat":42.577291,"lon":-121.865731,"waterbody":"Williamson River","subbasin":"Williamson","organization":"Oregon State University"},{"station_id":"1574","station_name":"Klamath County Park","lat":42.570672,"lon":-121.878707,"waterbody":"Williamson River","subbasin":"Williamson","organization":"Oregon State University"},{"station_id":"1576","station_name":"Lower Sprague River","lat":42.564112,"lon":-121.863001,"waterbody":"Sprague River","subbasin":"Sprague","organization":"Oregon State University"},{"station_id":"1683","station_name":"Sprague High School under bridge","lat":42.567581,"lon":-121.865521,"waterbody":"Sprague River","subbasin":"Sprague","organization":"Oregon State University"},{"station_id":"1693","station_name":"Willamson River ODFW Boat Ramp","lat":42.570361,"lon":-121.878932,"waterbody":"Williamson River","subbasin":"Williamson","organization":"Oregon State University"},{"station_id":"307","station_name":"Williamson River above Sprague River at Chiloquin","lat":42.576442,"lon":-121.866419,"waterbody":"Williamson River","subbasin":"Williamson","organization":"Oregon Water Resources Department "},{"station_id":"2095","station_name":"sprage river","lat":42.563889,"lon":-121.863056,"waterbody":"Sprague Rver","subbasin":"Sprague","organization":"U.S. Fish and Wildlife Service"},{"station_id":"1548","station_name":"Sprague River Dam Array","lat":42.563125,"lon":-121.862912,"waterbody":"Sprague River","subbasin":"Sprague","organization":"U.S. Geological Survey"},{"station_id":"912","station_name":"WILLIAMSON RIVER BLW SPRAGUE RIVER NR CHILOQUIN","lat":42.564859,"lon":-121.879459,"waterbody":"Williamson River","subbasin":"Williamson","organization":"U.S. Geological Survey"}]}},{"type":"Feature","geometry":{"type":"Polygon","coordinates":[[[-121.8838609928421,42.52522605478016],[-121.8759038638939,42.536586640946474],[-121.88512783491913,42.54658586260536],[-121.9023089710923,42.54522347808653],[-121.91026241675634,42.53386282685394],[-121.90103841059165,42.523864625099996],[-121.8838609928421,42.52522605478016]]]},"properties":{"h3_index":"87281e435ffffff","station_count":2,"program_id":"klamath_basin","program":"Klamath Basin","resolution":7,"stations":[{"station_id":"1795","station_name":"Williamson R at 97","lat":42.525904,"lon":-121.884786,"waterbody":"Williamson River","subbasin":"Williamson","organization":"Klamath Tribes"},{"station_id":"1575","station_name":"Lonesome Duck","lat":42.53949,"lon":-121.880138,"waterbody":"Williamson River","subbasin":"Williamson","organization":"Oregon State University"}]}},{"type":"Feature","geometry":{"type":"Polygon","coordinates":[[[-122.09771821442574,42.636739696152944],[-122.08978752023508,42.64809653480201],[-122.09903308240732,42.65805690047703],[-122.11620933779317,42.65665941010063],[-122.12413631667269,42.64530251998338],[-122.1148907565318,42.635343171602045],[-122.09771821442574,42.636739696152944]]]},"properties":{"h3_index":"87281e440ffffff","station_count":4,"program_id":"klamath_basin","program":"Klamath Basin","resolution":7,"stations":[{"station_id":"2216","station_name":"Upper Klamath Lake Subbasin (Threemile Creek)","lat":42.638619,"lon":-122.097176,"waterbody":"Threemile Creek","subbasin":"Wood","organization":"U.S. Forest Service"},{"station_id":"572","station_name":"Upper Klamath Lake Subbasin TM4600","lat":42.639082,"lon":-122.096133,"waterbody":"Threemile Creek","subbasin":"Wood","organization":"U.S. Forest Service"},{"station_id":"1029","station_name":"Upper Klamath Lake Subbasin TM4900","lat":42.636027,"lon":-122.10891,"waterbody":"Threemile Creek","subbasin":"Wood","organization":"U.S. Forest Service"},{"station_id":"452","station_name":"Upper Klamath Lake Subbasin TM4900","lat":42.636027,"lon":-122.10891,"waterbody":"Threemile Creek","subbasin":"Wood","organization":"U.S. Forest Service"}]}},{"type":"Feature","geometry":{"type":"Polygon","coordinates":[[[-122.07260969870725,42.64948987772954],[-122.0646737244816,42.660844549929294],[-122.07391928431606,42.67080593272988],[-122.09110082176984,42.66941162609663],[-122.09903308240732,42.65805690047703],[-122.08978752023508,42.64809653480201],[-122.07260969870725,42.64948987772954]]]},"properties":{"h3_index":"87281e442ffffff","station_count":2,"program_id":"klamath_basin","program":"Klamath Basin","resolution":7,"stations":[{"station_id":"1689","station_name":"Upper 7-mile Creek @ Volcanic Legacy HWY Bridge Crossing","lat":42.668486,"lon":-122.073514,"waterbody":"Sevenmile Creek","subbasin":"Wood","organization":"Oregon State University"},{"station_id":"1252","station_name":"Mares Egg Spring","lat":42.660306,"lon":-122.088144,"subbasin":"Wood","organization":"U.S. Bureau of Reclamation"}]}},{"type":"Feature","geometry":{"type":"Polygon","coordinates":[[[-122.1228161713817,42.62398417097896],[-122.1148907565318,42.635343171602045],[-122.12413631667269,42.64530251998338],[-122.14130728632121,42.643901850171794],[-122.14922898414444,42.632542800032375],[-122.1399834303986,42.622584469112034],[-122.1228161713817,42.62398417097896]]]},"properties":{"h3_index":"87281e445ffffff","station_count":2,"program_id":"klamath_basin","program":"Klamath Basin","resolution":7,"stations":[{"station_id":"2217","station_name":"Upper Klamath Lake Subbasin (Threemile Creek)","lat":42.638932,"lon":-122.129686,"waterbody":"Threemile Creek","subbasin":"Wood","organization":"U.S. Forest Service"},{"station_id":"478","station_name":"Upper Klamath Lake Subbasin TM5210","lat":42.639171,"lon":-122.128611,"waterbody":"Threemile Creek","subbasin":"Wood","organization":"U.S. Forest Service"}]}},{"type":"Feature","geometry":{"type":"Polygon","coordinates":[[[-122.07130069272691,42.62816863215902],[-122.0633662867632,42.63952541758946],[-122.07260969870725,42.64948987772954],[-122.08978752023508,42.64809653480201],[-122.09771821442574,42.636739696152944],[-122.08847479991684,42.62677625354163],[-122.07130069272691,42.62816863215902]]]},"properties":{"h3_index":"87281e446ffffff","station_count":5,"program_id":"klamath_basin","program":"Klamath Basin","resolution":7,"stations":[{"station_id":"2067","station_name":"Crane Creek","lat":42.637901,"lon":-122.066403,"waterbody":"Crane Creek","subbasin":"Wood","organization":"Trout Unlimited"},{"station_id":"2078","station_name":"Threemile Creek","lat":42.644953,"lon":-122.069346,"waterbody":"Threemile Creek","subbasin":"Wood","organization":"Trout Unlimited"},{"station_id":"1241","station_name":"Crane Creek Canal","lat":42.637873,"lon":-122.0656,"waterbody":"Crane Creek Canal","subbasin":"Wood","organization":"U.S. Bureau of Reclamation"},{"station_id":"1040","station_name":"Upper Klamath Lake Subbasin FR4144","lat":42.632811,"lon":-122.074569,"waterbody":"Fourmile Spring","subbasin":"Wood","organization":"U.S. Forest Service"},{"station_id":"1030","station_name":"Upper Klamath Lake Subbasin TM4240","lat":42.64245,"lon":-122.08618,"waterbody":"Threemile Creek","subbasin":"Wood","organization":"U.S. Forest Service"}]}},{"type":"Feature","geometry":{"type":"Polygon","coordinates":[[[-122.04749062721166,42.66223470692818],[-122.03954937226332,42.67358720820456],[-122.04879492538532,42.68354960796167],[-122.06598174122554,42.68215848937753],[-122.07391928431606,42.67080593272988],[-122.0646737244816,42.660844549929294],[-122.04749062721166,42.66223470692818]]]},"properties":{"h3_index":"87281e451ffffff","station_count":8,"program_id":"klamath_basin","program":"Klamath Basin","resolution":7,"stations":[{"station_id":"260","station_name":"Sevenmile DSTW#1A (formerly SM Treatment Wetland B)","lat":42.67425,"lon":-122.05496,"waterbody":"Irrigation Ditch off of Sevenmile Creek","subbasin":"Wood","organization":"Klamath Basin Rangeland Trust"},{"station_id":"292","station_name":"Sevenmile DSTW#1B","lat":42.67376,"lon":-122.05495,"waterbody":"Irrigation Ditch off of Sevenmile Creek","subbasin":"Wood","organization":"Klamath Basin Rangeland Trust"},{"station_id":"284","station_name":"Sevenmile DSTW#2A (formerly SM Treatment Wetland C)","lat":42.67124,"lon":-122.05497,"waterbody":"Irrigation Ditch off of Sevenmile Creek","subbasin":"Wood","organization":"Klamath Basin Rangeland Trust"},{"station_id":"320","station_name":"Sevenmile DSTW#2B","lat":42.67061,"lon":-122.05497,"waterbody":"Irrigation Ditch off of Sevenmile Creek","subbasin":"Wood","organization":"Klamath Basin Rangeland Trust"},{"station_id":"238","station_name":"Sevenmile DSTW#3A","lat":42.67362,"lon":-122.05947,"waterbody":"Irrigation Ditch off of Sevenmile Creek","subbasin":"Wood","organization":"Klamath Basin Rangeland Trust"},{"station_id":"201","station_name":"Sevenmile DSTW#4A","lat":42.66288,"lon":-122.06458,"waterbody":"Irrigation Ditch off of Sevenmile Creek","subbasin":"Wood","organization":"Klamath Basin Rangeland Trust"},{"station_id":"221","station_name":"Sevenmile DSTW#5A","lat":42.66126,"lon":-122.06227,"waterbody":"Irrigation Ditch off of Sevenmile Creek","subbasin":"Wood","organization":"Klamath Basin Rangeland Trust"},{"station_id":"234","station_name":"Sevenmile DSTW#6A","lat":42.66994,"lon":-122.04533,"waterbody":"Irrigation Ditch off of Sevenmile Creek","subbasin":"Wood","organization":"Klamath Basin Rangeland Trust"}]}},{"type":"Feature","geometry":{"type":"Polygon","coordinates":[[[-122.04618690647345,42.64091461239931],[-122.03824722220438,42.65226922943002],[-122.04749062721166,42.66223470692818],[-122.0646737244816,42.660844549929294],[-122.07260969870725,42.64948987772954],[-122.0633662867632,42.63952541758946],[-122.04618690647345,42.64091461239931]]]},"properties":{"h3_index":"87281e455ffffff","station_count":5,"program_id":"klamath_basin","program":"Klamath Basin","resolution":7,"stations":[{"station_id":"219","station_name":"7 mile Creek (Wood River Valley)","lat":42.6466,"lon":-122.0512,"waterbody":"7 mile Creek","subbasin":"Wood","organization":"Oregon Department of Environmental Quality"},{"station_id":"1679","station_name":"sevenmile","lat":42.646483,"lon":-122.051134,"waterbody":"Sevenmile Creek","subbasin":"Wood","organization":"Oregon State University"},{"station_id":"2065","station_name":"Crane Creek","lat":42.651521,"lon":-122.0662,"waterbody":"Crane Creek","subbasin":"Wood","organization":"Trout Unlimited"},{"station_id":"2066","station_name":"Crane Creek","lat":42.644893,"lon":-122.065542,"waterbody":"Crane Creek","subbasin":"Wood","organization":"Trout Unlimited"},{"station_id":"2077","station_name":"Threemile Creek","lat":42.645188,"lon":-122.066449,"waterbody":"Threemile Creek","subbasin":"Wood","organization":"Trout Unlimited"}]}},{"type":"Feature","geometry":{"type":"Polygon","coordinates":[[[-121.99463513141927,42.645067520762424],[-121.98668646341393,42.656419906053046],[-121.99592769384182,42.66639049457611],[-122.01311760924978,42.66500768028693],[-122.02106257250452,42.653655236129765],[-122.01182132616111,42.643685665020506],[-121.99463513141927,42.645067520762424]]]},"properties":{"h3_index":"87281e456ffffff","station_count":3,"program_id":"klamath_basin","program":"Klamath Basin","resolution":7,"stations":[{"station_id":"214","station_name":"WOOD R. @ WEED RD","lat":42.646,"lon":-121.995003,"waterbody":"Wood River","subbasin":"Wood","organization":"Klamath Tribes"},{"station_id":"314","station_name":"Wood River at Weed Rd","lat":42.6464,"lon":-121.9949,"waterbody":"Wood River","subbasin":"Wood","organization":"Oregon Department of Environmental Quality"},{"station_id":"1270","station_name":"Wood River ","lat":42.646385,"lon":-121.99487,"waterbody":"Wood River ","subbasin":"Wood","organization":"U.S. Bureau of Reclamation"}]}},{"type":"Feature","geometry":{"type":"Polygon","coordinates":[[[-122.07522944993694,42.692116793123276],[-122.0672903373784,42.7034672319011],[-122.07654019595397,42.71342245488066],[-122.09372917002803,42.71202622265031],[-122.10166456536413,42.70067573004517],[-122.09241470490579,42.690721523389016],[-122.07522944993694,42.692116793123276]]]},"properties":{"h3_index":"87281e458ffffff","station_count":2,"program_id":"klamath_basin","program":"Klamath Basin","resolution":7,"stations":[{"station_id":"1288","station_name":"7MIL - Sevenmile Guard Station CES (USFS)","lat":42.7051,"lon":-122.07463,"subbasin":"Wood","organization":"Klamath Bird Observatory "},{"station_id":"1235","station_name":"7Mile @ Guard Station","lat":42.704909,"lon":-122.074673,"waterbody":"Sevenmile Creek","subbasin":"Wood","organization":"U.S. Bureau of Reclamation"}]}},{"type":"Feature","geometry":{"type":"Polygon","coordinates":[[[-122.07654019595397,42.71342245488066],[-122.06859951332386,42.724770773474695],[-122.07785152275153,42.73472291398067],[-122.09504421752196,42.733325719859394],[-122.10298118111052,42.72197734723181],[-122.09372917002803,42.71202622265031],[-122.07654019595397,42.71342245488066]]]},"properties":{"h3_index":"87281e45bffffff","station_count":1,"program_id":"klamath_basin","program":"Klamath Basin","resolution":7,"stations":[{"station_id":"1135","station_name":"Sevenmile Creek below Dry Creek","lat":42.725139,"lon":-122.087106,"waterbody":"Sevenmile Creek","subbasin":"Wood","organization":"Oregon Water Resources Department "}]}},{"type":"Feature","geometry":{"type":"Polygon","coordinates":[[[-122.07391928431606,42.67080593272988],[-122.06598174122554,42.68215848937753],[-122.07522944993694,42.692116793123276],[-122.09241470490579,42.690721523389016],[-122.10034853259162,42.67936891311864],[-122.09110082176984,42.66941162609663],[-122.07391928431606,42.67080593272988]]]},"properties":{"h3_index":"87281e45cffffff","station_count":1,"program_id":"klamath_basin","program":"Klamath Basin","resolution":7,"stations":[{"station_id":"1681","station_name":"Short creek (seven mile creek drainage)","lat":42.679967,"lon":-122.080779,"waterbody":"Sevenmile Creek","subbasin":"Wood","organization":"Oregon State University"}]}},{"type":"Feature","geometry":{"type":"Polygon","coordinates":[[[-122.09509022353105,42.594089728625875],[-122.08716266043075,42.605450786359704],[-122.09640392826189,42.61541730418657],[-122.11357275867437,42.61402174606623],[-122.12149661009423,42.60266063726281],[-122.11225534383509,42.59269513754084],[-122.09509022353105,42.594089728625875]]]},"properties":{"h3_index":"87281e462ffffff","station_count":4,"program_id":"klamath_basin","program":"Klamath Basin","resolution":7,"stations":[{"station_id":"1642","station_name":"Cherry Creek just above diversion","lat":42.59881,"lon":-122.094807,"waterbody":"Cherry Creek","subbasin":"Wood","organization":"Oregon State University"},{"station_id":"2468","station_name":"CHERRY CR NR KLAMATH AGENCY, OR","lat":42.598333,"lon":-122.095556,"waterbody":"Cherry Creek","subbasin":"Wood","organization":"Oregon Water Resources Department"},{"station_id":"1239","station_name":"Cherry Creek","lat":42.59892,"lon":-122.094723,"waterbody":"Cherry Creek","subbasin":"Wood","organization":"U.S. Bureau of Reclamation"},{"station_id":"1039","station_name":"Upper Klamath Lake Subbasin CHR4360","lat":42.598339,"lon":-122.095653,"waterbody":"Cherry Creek","subbasin":"Wood","organization":"U.S. Forest Service"}]}},{"type":"Feature","geometry":{"type":"Polygon","coordinates":[[[-122.04358119577581,42.59825885902699],[-122.03564465105298,42.60961770059331],[-122.04488376278873,42.61958932841599],[-122.06205942768737,42.61820109639876],[-122.06999226599157,42.606842200062836],[-122.06075314687133,42.59687159040567],[-122.04358119577581,42.59825885902699]]]},"properties":{"h3_index":"87281e470ffffff","station_count":2,"program_id":"klamath_basin","program":"Klamath Basin","resolution":7,"stations":[{"station_id":"1237","station_name":"Artesian Well @ Area S","lat":42.60892,"lon":-122.058676,"subbasin":"Wood","organization":"U.S. Bureau of Reclamation"},{"station_id":"1250","station_name":"Lower Fourmile Cr","lat":42.613533,"lon":-122.055845,"waterbody":"Lower Fourmile Creek","subbasin":"Wood","organization":"U.S. Bureau of Reclamation"}]}},{"type":"Feature","geometry":{"type":"Polygon","coordinates":[[[-122.04488376278873,42.61958932841599],[-122.03694564859467,42.63094605887793],[-122.04618690647345,42.64091461239931],[-122.0633662867632,42.63952541758946],[-122.07130069272691,42.62816863215902],[-122.06205942768737,42.61820109639876],[-122.04488376278873,42.61958932841599]]]},"properties":{"h3_index":"87281e473ffffff","station_count":1,"program_id":"klamath_basin","program":"Klamath Basin","resolution":7,"stations":[{"station_id":"1265","station_name":"Upper Fourmile Cr","lat":42.628226,"lon":-122.070538,"waterbody":"Upper Fourmile Creek","subbasin":"Wood","organization":"U.S. Bureau of Reclamation"}]}},{"type":"Feature","geometry":{"type":"Polygon","coordinates":[[[-121.75929765309974,42.610120288317184],[-121.7513126202418,42.62146782240016],[-121.76053849120072,42.63146907410395],[-121.77774945301515,42.63012177307783],[-121.78573080974058,42.61877416403547],[-121.77650488185267,42.608773930872935],[-121.75929765309974,42.610120288317184]]]},"properties":{"h3_index":"87281e4a0ffffff","station_count":1,"program_id":"klamath_basin","program":"Klamath Basin","resolution":7,"stations":[{"station_id":"1694","station_name":"Williamson River Road Boat Ramp","lat":42.610828,"lon":-121.775015,"waterbody":"Williamson River","subbasin":"Williamson","organization":"Oregon State University"}]}},{"type":"Feature","geometry":{"type":"Polygon","coordinates":[[[-121.75805736478397,42.58876631333536],[-121.75007392365941,42.600115970026835],[-121.75929765309974,42.610120288317184],[-121.77650488185267,42.608773930872935],[-121.78448464863803,42.59742419942056],[-121.77526086207756,42.587420900067755],[-121.75805736478397,42.58876631333536]]]},"properties":{"h3_index":"87281e4a4ffffff","station_count":1,"program_id":"klamath_basin","program":"Klamath Basin","resolution":7,"stations":[{"station_id":"1579","station_name":"Upper Sprague River","lat":42.601386,"lon":-121.778387,"waterbody":"Sprague River","subbasin":"Sprague","organization":"Oregon State University"}]}},{"type":"Feature","geometry":{"type":"Polygon","coordinates":[[[-121.78448464863803,42.59742419942056],[-121.77650488185267,42.608773930872935],[-121.78573080974058,42.61877416403547],[-121.80293655800006,42.61742364690492],[-121.81091264684811,42.606073842432615],[-121.80168666644101,42.59607462800494],[-121.78448464863803,42.59742419942056]]]},"properties":{"h3_index":"87281e4a5ffffff","station_count":2,"program_id":"klamath_basin","program":"Klamath Basin","resolution":7,"stations":[{"station_id":"1786","station_name":"Sprague R at Hatchery","lat":42.60675,"lon":-121.81036,"waterbody":"Sprague River","subbasin":"Sprague","organization":"Klamath Tribes"},{"station_id":"274","station_name":"SPRAGUE R. @ HATCHERY","lat":42.606861,"lon":-121.809167,"waterbody":"Sprague River","subbasin":"Sprague","organization":"Klamath Tribes"}]}},{"type":"Feature","geometry":{"type":"Polygon","coordinates":[[[-121.83985771779524,42.657393919744955],[-121.83188213716828,42.66873954914802],[-121.84111673927532,42.67872546573377],[-121.85832696599104,42.67736473528114],[-121.86629885789704,42.66601903593946],[-121.85706421287487,42.65603413688251],[-121.83985771779524,42.657393919744955]]]},"properties":{"h3_index":"87281e4a9ffffff","station_count":5,"program_id":"klamath_basin","program":"Klamath Basin","resolution":7,"stations":[{"station_id":"1796","station_name":"Williamson R at Knapps Dam","lat":42.66591,"lon":-121.84452,"waterbody":"Williamson River","subbasin":"Williamson","organization":"Klamath Tribes"},{"station_id":"1678","station_name":"Rifflezilla","lat":42.663711,"lon":-121.846328,"waterbody":"Williamson River","subbasin":"Williamson","organization":"Oregon State University"},{"station_id":"1584","station_name":"Winema Bridge","lat":42.66372,"lon":-121.846333,"waterbody":"Williamson River ","subbasin":"Williamson","organization":"Oregon State University"},{"station_id":"1031","station_name":"Williamson Subbasin WM4200","lat":42.65822,"lon":-121.849666,"waterbody":"Williamson River","subbasin":"Williamson","organization":"U.S. Forest Service"},{"station_id":"517","station_name":"Williamson Subbasin WM4200","lat":42.65822,"lon":-121.849666,"waterbody":"Williamson River","subbasin":"Williamson","organization":"U.S. Forest Service"}]}},{"type":"Feature","geometry":{"type":"Polygon","coordinates":[[[-121.81467041311271,42.67009611806988],[-121.80668955797955,42.68143954893193],[-121.8159241127614,42.69142648286125],[-121.8331395710698,42.69006896847858],[-121.84111673927532,42.67872546573377],[-121.83188213716828,42.66873954914802],[-121.81467041311271,42.67009611806988]]]},"properties":{"h3_index":"87281e4abffffff","station_count":2,"program_id":"klamath_basin","program":"Klamath Basin","resolution":7,"stations":[{"station_id":"1654","station_name":"Kirk Springs","lat":42.678091,"lon":-121.834855,"waterbody":"Kirk Springs","subbasin":"Williamson","organization":"Oregon State University"},{"station_id":"1668","station_name":"Mainstem Williamson above Kirk Springs","lat":42.679726,"lon":-121.834314,"waterbody":"Williamson River","subbasin":"Williamson","organization":"Oregon State University"}]}},{"type":"Feature","geometry":{"type":"Polygon","coordinates":[[[-121.83859925422571,42.636057177097534],[-121.83062526056148,42.6474049308371],[-121.83985771779524,42.657393919744955],[-121.85706421287487,42.65603413688251],[-121.86503451961929,42.644686313406424],[-121.85580201926983,42.63469834242288],[-121.83859925422571,42.636057177097534]]]},"properties":{"h3_index":"87281e4adffffff","station_count":4,"program_id":"klamath_basin","program":"Klamath Basin","resolution":7,"stations":[{"station_id":"1656","station_name":"Larkin Creek","lat":42.651092,"lon":-121.856474,"waterbody":"Larkin Creek","subbasin":"Williamson","organization":"Oregon State University"},{"station_id":"1582","station_name":"Williamson River campground","lat":42.656145,"lon":-121.851594,"waterbody":"Williamson River ","subbasin":"Williamson","organization":"Oregon State University"},{"station_id":"271","station_name":"Larkin Creek near Chiloquin","lat":42.651569,"lon":-121.858983,"waterbody":"Larkin Creek","subbasin":"Williamson","organization":"Oregon Water Resources Department "},{"station_id":"239","station_name":"Williamson River above Spring Creek near Klamath Agency, OR","lat":42.656061,"lon":-121.851014,"waterbody":"Williamson River","subbasin":"Williamson","organization":"Oregon Water Resources Department "}]}},{"type":"Feature","geometry":{"type":"Polygon","coordinates":[[[-122.00110367392305,42.751630396489766],[-121.99314712529683,42.76297216622885],[-122.0023991034403,42.772927353520366],[-122.01960764609284,42.77153975553487],[-122.02756048089846,42.76019792589916],[-122.01830848793476,42.75024375403733],[-122.00110367392305,42.751630396489766]]]},"properties":{"h3_index":"87281e4cdffffff","station_count":3,"program_id":"klamath_basin","program":"Klamath Basin","resolution":7,"stations":[{"station_id":"1685","station_name":"Sun Creek","lat":42.761699,"lon":-122.015341,"waterbody":"Sun Creek","subbasin":"Wood","organization":"Oregon State University"},{"station_id":"1136","station_name":"Sun Creek at Ranger Station","lat":42.765892,"lon":-122.019058,"waterbody":"Sun Creek","subbasin":"Wood","organization":"Oregon Water Resources Department "},{"station_id":"1263","station_name":"Sun Creek ","lat":42.762115,"lon":-122.015743,"waterbody":"Sun Creek ","subbasin":"Wood","organization":"U.S. Bureau of Reclamation"}]}},{"type":"Feature","geometry":{"type":"Polygon","coordinates":[[[-121.81843318061009,42.7340715975574],[-121.8104475536336,42.74540863393243],[-121.81968854954809,42.75538633940415],[-121.83691522023926,42.75402599222368],[-121.84489715487979,42.742688883346304],[-121.83565611223527,42.732712194045156],[-121.81843318061009,42.7340715975574]]]},"properties":{"h3_index":"87281e4d6ffffff","station_count":2,"program_id":"klamath_basin","program":"Klamath Basin","resolution":7,"stations":[{"station_id":"1267","station_name":"Williamson River","lat":42.740711,"lon":-121.834139,"waterbody":"Williamson River","subbasin":"Williamson","organization":"U.S. Bureau of Reclamation"},{"station_id":"919","station_name":"WILLIAMSON RIVER NEAR KLAMATH AGENCY","lat":42.740135,"lon":-121.834462,"waterbody":"Williamson River","subbasin":"Williamson","organization":"U.S. Geological Survey"}]}},{"type":"Feature","geometry":{"type":"Polygon","coordinates":[[[-121.9707822735258,42.67912037896734],[-121.9628267502858,42.690468463960656],[-121.97207010819638,42.70043699250032],[-121.98926901049398,42.69905641909812],[-121.99722082892397,42.6877082730859],[-121.98797745092789,42.677740761387064],[-121.9707822735258,42.67912037896734]]]},"properties":{"h3_index":"87281e4e1ffffff","station_count":2,"program_id":"klamath_basin","program":"Klamath Basin","resolution":7,"stations":[{"station_id":"2451","station_name":"Fort Creek","lat":42.68122,"lon":-121.97311,"waterbody":"Fort Creek","subbasin":"Wood","organization":"Klamath Tribes"},{"station_id":"1648","station_name":"Fort Creek","lat":42.681198,"lon":-121.972996,"waterbody":"Fort Creek","subbasin":"Wood","organization":"Oregon State University"}]}},{"type":"Feature","geometry":{"type":"Polygon","coordinates":[[[-121.94562631461574,42.69184488053578],[-121.9376655103894,42.70319077924127],[-121.94690884382065,42.71316032444759],[-121.96411300702066,42.711782954174225],[-121.97207010819638,42.70043699250032],[-121.9628267502858,42.690468463960656],[-121.94562631461574,42.69184488053578]]]},"properties":{"h3_index":"87281e4e3ffffff","station_count":1,"program_id":"klamath_basin","program":"Klamath Basin","resolution":7,"stations":[{"station_id":"1243","station_name":"Fort Creek","lat":42.702402,"lon":-121.963005,"waterbody":"Fort Creek","subbasin":"Wood","organization":"U.S. Bureau of Reclamation"}]}},{"type":"Feature","geometry":{"type":"Polygon","coordinates":[[[-121.96949500931252,42.6577985672097],[-121.9615410633991,42.66914877320542],[-121.9707822735258,42.67912037896734],[-121.98797745092789,42.677740761387064],[-121.99592769384182,42.66639049457611],[-121.98668646341393,42.656419906053046],[-121.96949500931252,42.6577985672097]]]},"properties":{"h3_index":"87281e4e5ffffff","station_count":2,"program_id":"klamath_basin","program":"Klamath Basin","resolution":7,"stations":[{"station_id":"2450","station_name":"Wood at Loosley","lat":42.66908,"lon":-121.97905,"waterbody":"Wood River","subbasin":"Wood","organization":"Klamath Tribes"},{"station_id":"220","station_name":"Fort Creek at mouth, nr Fort Klamath, OR","lat":42.675102,"lon":-121.978814,"waterbody":"Fort Creek","subbasin":"Wood","organization":"Oregon Water Resources Department "}]}},{"type":"Feature","geometry":{"type":"Polygon","coordinates":[[[-121.97335851370227,42.72174840377805],[-121.96539983398141,42.73309223981929],[-121.97464749042176,42.743054608777626],[-121.99185384729897,42.741672125537804],[-121.99980881858475,42.730328228065225],[-121.99056114249122,42.720366875155925],[-121.97335851370227,42.72174840377805]]]},"properties":{"h3_index":"87281e4eaffffff","station_count":4,"program_id":"klamath_basin","program":"Klamath Basin","resolution":7,"stations":[{"station_id":"1798","station_name":"Wood R at Kimball","lat":42.7389,"lon":-121.98001,"waterbody":"Wood River","subbasin":"Wood","organization":"Klamath Tribes"},{"station_id":"1697","station_name":"Wood River Dixon Road","lat":42.73379,"lon":-121.98831,"waterbody":"Wood River","subbasin":"Wood","organization":"Oregon State University"},{"station_id":"272","station_name":"Wood River below Sun Creek Near Fort Klamath","lat":42.732208,"lon":-121.988521,"waterbody":"Wood River","subbasin":"Wood","organization":"Oregon Water Resources Department "},{"station_id":"1271","station_name":"Wood River @ Kimball ","lat":42.737739,"lon":-121.978166,"waterbody":"Wood River ","subbasin":"Wood","organization":"U.S. Bureau of Reclamation"}]}},{"type":"Feature","geometry":{"type":"Polygon","coordinates":[[[-121.99980881858475,42.730328228065225],[-121.99185384729897,42.741672125537804],[-122.00110367392305,42.751630396489766],[-122.01830848793476,42.75024375403733],[-122.02625974721657,42.73889979687754],[-122.01700990555258,42.728942541749234],[-121.99980881858475,42.730328228065225]]]},"properties":{"h3_index":"87281e4ebffffff","station_count":1,"program_id":"klamath_basin","program":"Klamath Basin","resolution":7,"stations":[{"station_id":"2446","station_name":"Annie Creek at Dixon Bridge","lat":42.73369,"lon":-122.0066,"waterbody":"Annie Creek","subbasin":"Wood","organization":"Klamath Tribes"}]}},{"type":"Feature","geometry":{"type":"Polygon","coordinates":[[[-121.97207010819638,42.70043699250032],[-121.96411300702066,42.711782954174225],[-121.97335851370227,42.72174840377805],[-121.99056114249122,42.720366875155925],[-121.99851453704505,42.70902085225772],[-121.98926901049398,42.69905641909812],[-121.97207010819638,42.70043699250032]]]},"properties":{"h3_index":"87281e4eeffffff","station_count":1,"program_id":"klamath_basin","program":"Klamath Basin","resolution":7,"stations":[{"station_id":"1696","station_name":"Wood River day use","lat":42.7091,"lon":-121.99232,"waterbody":"Wood River","subbasin":"Wood","organization":"Oregon State University"}]}},{"type":"Feature","geometry":{"type":"Polygon","coordinates":[[[-121.92900500918896,42.414272282089904],[-121.92106469413976,42.42564560468525],[-121.9302801803823,42.43565502393478],[-121.94743600995326,42.434290098551294],[-121.95537264537676,42.42291671551723],[-121.94615713190947,42.41290831819888],[-121.92900500918896,42.414272282089904]]]},"properties":{"h3_index":"87281e505ffffff","station_count":1,"program_id":"klamath_basin","program":"Klamath Basin","resolution":7,"stations":[{"station_id":"277","station_name":"EAGLE RIDGE","lat":42.4221,"lon":-121.943001,"waterbody":"Upper Klamath Lake","subbasin":"Upper Klamath Lake","organization":"Klamath Tribes"}]}},{"type":"Feature","geometry":{"type":"Polygon","coordinates":[[[-121.95793523976828,42.465669010146385],[-121.94999546244135,42.47703820028364],[-121.95921738682038,42.48703742327683],[-121.97637911181052,42.48566643514035],[-121.98431520237438,42.47429718594508],[-121.97509325576607,42.464298983837416],[-121.95793523976828,42.465669010146385]]]},"properties":{"h3_index":"87281e508ffffff","station_count":1,"program_id":"klamath_basin","program":"Klamath Basin","resolution":7,"stations":[{"station_id":"1692","station_name":"Willamson River mouth","lat":42.47504,"lon":-121.956442,"waterbody":"Williamson River","subbasin":"Williamson","organization":"Oregon State University"}]}},{"type":"Feature","geometry":{"type":"Polygon","coordinates":[[[-121.93283221441442,42.47840504685783],[-121.9248871802154,42.489772076016244],[-121.93410907799894,42.49977231970432],[-121.95127603763342,42.49840451343239],[-121.95921738682038,42.48703742327683],[-121.94999546244135,42.47703820028364],[-121.93283221441442,42.47840504685783]]]},"properties":{"h3_index":"87281e50affffff","station_count":2,"program_id":"klamath_basin","program":"Klamath Basin","resolution":7,"stations":[{"station_id":"312","station_name":"Williamson River - Nature Conservatory (Klamath River Rkm441)","lat":42.493899,"lon":-121.936598,"waterbody":"Williamson River ","subbasin":"Williamson","organization":"Oregon State University"},{"station_id":"1269","station_name":"Williamson River TNC","lat":42.494216,"lon":-121.935758,"waterbody":"Williamson River","subbasin":"Williamson","organization":"U.S. Bureau of Reclamation"}]}},{"type":"Feature","geometry":{"type":"Polygon","coordinates":[[[-121.95665365941186,42.44429543952138],[-121.94871545333932,42.45566672728603],[-121.95793523976828,42.465669010146385],[-121.97509325576607,42.464298983837416],[-121.98302777687313,42.452927637201505],[-121.9738079680021,42.44292637563901],[-121.95665365941186,42.44429543952138]]]},"properties":{"h3_index":"87281e50cffffff","station_count":2,"program_id":"klamath_basin","program":"Klamath Basin","resolution":7,"stations":[{"station_id":"1544","station_name":"Williamson River Mouth","lat":42.463783,"lon":-121.96155,"waterbody":"Williamson River","subbasin":"Williamson","organization":"U.S. Geological Survey"},{"station_id":"894","station_name":"Williamson River Outlet - WMR","lat":42.455389,"lon":-121.953611,"waterbody":"Upper Klamath Lake","subbasin":"Upper Klamath Lake","organization":"U.S. Geological Survey"}]}},{"type":"Feature","geometry":{"type":"Polygon","coordinates":[[[-121.90771870387785,42.49113573856807],[-121.89976841216105,42.50250060226872],[-121.90899027897744,42.512501866460134],[-121.92616246953575,42.51113724634102],[-121.93410907799894,42.49977231970432],[-121.9248871802154,42.489772076016244],[-121.90771870387785,42.49113573856807]]]},"properties":{"h3_index":"87281e519ffffff","station_count":2,"program_id":"klamath_basin","program":"Klamath Basin","resolution":7,"stations":[{"station_id":"245","station_name":"Lonesome Duck","lat":42.494731,"lon":-121.925786,"waterbody":"Williamson River","subbasin":"Williamson","organization":"Oregon State University"},{"station_id":"2098","station_name":"williamson river","lat":42.505278,"lon":-121.925278,"waterbody":"Williamson River","subbasin":"Williamson","organization":"U.S. Fish and Wildlife Service"}]}},{"type":"Feature","geometry":{"type":"Polygon","coordinates":[[[-121.88259471124356,42.50386107651266],[-121.87463916136994,42.51522377027786],[-121.8838609928421,42.52522605478016],[-121.90103841059165,42.523864625099996],[-121.90899027897744,42.512501866460134],[-121.89976841216105,42.50250060226872],[-121.88259471124356,42.50386107651266]]]},"properties":{"h3_index":"87281e51bffffff","station_count":1,"program_id":"klamath_basin","program":"Klamath Basin","resolution":7,"stations":[{"station_id":"1581","station_name":"Water Wheel Campground","lat":42.523947,"lon":-121.887874,"waterbody":"Williamson River","subbasin":"Williamson","organization":"Oregon State University"}]}},{"type":"Feature","geometry":{"type":"Polygon","coordinates":[[[-121.92645635658612,42.37149135827043],[-121.9185191846046,42.382868864679615],[-121.92773040138088,42.39288439215676],[-121.94487881883467,42.39152139035586],[-121.95281231477489,42.38014382387175],[-121.94360107035581,42.370129319157115],[-121.92645635658612,42.37149135827043]]]},"properties":{"h3_index":"87281e520ffffff","station_count":2,"program_id":"klamath_basin","program":"Klamath Basin","resolution":7,"stations":[{"station_id":"968","station_name":"Mid-Trench Lower - MDTL","lat":42.384689,"lon":-121.928624,"waterbody":"Upper Klamath Lake","subbasin":"Upper Klamath Lake","organization":"U.S. Geological Survey"},{"station_id":"829","station_name":"Mid-Trench Upper - MDTU","lat":42.384689,"lon":-121.928624,"waterbody":"Upper Klamath Lake","subbasin":"Upper Klamath Lake","organization":"U.S. Geological Survey"}]}},{"type":"Feature","geometry":{"type":"Polygon","coordinates":[[[-122.00681769482054,42.418805105527525],[-121.9988899957263,42.43018069672104],[-122.00810982268143,42.44018093679422],[-122.02525736351345,42.438804563886876],[-122.03318137416414,42.427428917698876],[-122.02396153347752,42.41742969930554],[-122.00681769482054,42.418805105527525]]]},"properties":{"h3_index":"87281e529ffffff","station_count":3,"program_id":"klamath_basin","program":"Klamath Basin","resolution":7,"stations":[{"station_id":"1541","station_name":"Mid-North","lat":42.439312,"lon":-122.010403,"waterbody":"Upper Klamath Lake","subbasin":"Upper Klamath Lake","organization":"U.S. Geological Survey"},{"station_id":"981","station_name":"Mid-North Lower - MDNL","lat":42.439165,"lon":-122.012239,"waterbody":"Upper Klamath Lake","subbasin":"Upper Klamath Lake","organization":"U.S. Geological Survey"},{"station_id":"891","station_name":"Mid-North Upper - MDNU","lat":42.439165,"lon":-122.012239,"waterbody":"Upper Klamath Lake","subbasin":"Upper Klamath Lake","organization":"U.S. Geological Survey"}]}},{"type":"Feature","geometry":{"type":"Polygon","coordinates":[[[-121.98174092025646,42.431552933918766],[-121.9738079680021,42.44292637563901],[-121.98302777687313,42.452927637201505],[-122.0001805571353,42.451554435447456],[-122.00810982268143,42.44018093679422],[-121.9988899957263,42.43018069672104],[-121.98174092025646,42.431552933918766]]]},"properties":{"h3_index":"87281e52bffffff","station_count":1,"program_id":"klamath_basin","program":"Klamath Basin","resolution":7,"stations":[{"station_id":"304","station_name":"MID NORTH","lat":42.441399,"lon":-121.999,"waterbody":"Upper Klamath Lake","subbasin":"Upper Klamath Lake","organization":"Klamath Tribes"}]}},{"type":"Feature","geometry":{"type":"Polygon","coordinates":[[[-121.97916891217427,42.38878808021898],[-121.97123909581455,42.40016570502416],[-121.98045463214858,42.410173080215735],[-121.99760000440807,42.40880180817376],[-122.00552613765251,42.39742412680197],[-121.99631058280418,42.38741777393193],[-121.97916891217427,42.38878808021898]]]},"properties":{"h3_index":"87281e52cffffff","station_count":1,"program_id":"klamath_basin","program":"Klamath Basin","resolution":7,"stations":[{"station_id":"1329","station_name":"Ball Bay South: Pump Outlet","lat":42.396736,"lon":-122.003023,"subbasin":"Upper Klamath Lake","organization":"Oregon Department of Agriculture"}]}},{"type":"Feature","geometry":{"type":"Polygon","coordinates":[[[-121.95409219728901,42.40153284225706],[-121.94615713190947,42.41290831819888],[-121.95537264537676,42.42291671551723],[-121.97252324814326,42.42154861466032],[-121.98045463214858,42.410173080215735],[-121.97123909581455,42.40016570502416],[-121.95409219728901,42.40153284225706]]]},"properties":{"h3_index":"87281e52effffff","station_count":3,"program_id":"klamath_basin","program":"Klamath Basin","resolution":7,"stations":[{"station_id":"203","station_name":"SHOALWATER BAY","lat":42.4072,"lon":-121.962997,"waterbody":"Upper Klamath Lake","subbasin":"Upper Klamath Lake","organization":"Klamath Tribes"},{"station_id":"1344","station_name":"Upper Klamath Lake at Eagle Ridge County Park","lat":42.405634,"lon":-121.953405,"waterbody":"Upper Klamath Lake","subbasin":"Upper Klamath Lake","organization":"Oregon Department of Environmental Quality"},{"station_id":"1272","station_name":"Shoalwater Bay - SHB","lat":42.407111,"lon":-121.964181,"waterbody":"Upper Klamath Lake","subbasin":"Upper Klamath Lake","organization":"U.S. Geological Survey"}]}},{"type":"Feature","geometry":{"type":"Polygon","coordinates":[[[-121.87627169746729,42.396958772217566],[-121.86832403381466,42.40833196868018],[-121.87753518222642,42.41834954108216],[-121.89469403171096,42.41699289455346],[-121.90263802283803,42.4056196341488],[-121.89342683806238,42.39560308410893],[-121.87627169746729,42.396958772217566]]]},"properties":{"h3_index":"87281e531ffffff","station_count":1,"program_id":"klamath_basin","program":"Klamath Basin","resolution":7,"stations":[{"station_id":"2142","station_name":"Upper Klamath Lake- Telemetry","lat":42.40771,"lon":-121.899862,"waterbody":"Upper Klamath Lake","subbasin":"Upper Klamath Lake","organization":"U.S. Geological Survey"}]}},{"type":"Feature","geometry":{"type":"Polygon","coordinates":[[[-121.82479287160498,42.40101119284029],[-121.81683629397729,42.41238215998217],[-121.82604522247618,42.42240482961539],[-121.84321077496568,42.42105550963184],[-121.85116368539998,42.40968447486528],[-121.84195471159687,42.39966282760139],[-121.82479287160498,42.40101119284029]]]},"properties":{"h3_index":"87281e532ffffff","station_count":2,"program_id":"klamath_basin","program":"Klamath Basin","resolution":7,"stations":[{"station_id":"2136","station_name":"Boulder Springs","lat":42.4168,"lon":-121.84,"waterbody":"Upper Klamath Lake","subbasin":"Upper Klamath Lake","organization":"U.S. Geological Survey"},{"station_id":"1547","station_name":"Cinder Springs Remote Site","lat":42.4107,"lon":-121.834901,"waterbody":"Cinder Springs","subbasin":"Upper Klamath Lake","organization":"U.S. Geological Survey"}]}},{"type":"Feature","geometry":{"type":"Polygon","coordinates":[[[-121.84864895873271,42.36688977423341],[-121.84069920331385,42.378264998638016],[-121.84990604421837,42.38828969683156],[-121.86706268273126,42.38693814752711],[-121.87500877096774,42.375562857610504],[-121.86580188893024,42.36553918240467],[-121.84864895873271,42.36688977423341]]]},"properties":{"h3_index":"87281e534ffffff","station_count":1,"program_id":"klamath_basin","program":"Klamath Basin","resolution":7,"stations":[{"station_id":"263","station_name":"MID LAKE","lat":42.369099,"lon":-121.848999,"waterbody":"Upper Klamath Lake","subbasin":"Upper Klamath Lake","organization":"Klamath Tribes"}]}},{"type":"Feature","geometry":{"type":"Polygon","coordinates":[[[-121.82354107423126,42.379612408537795],[-121.81558607620192,42.39098547186475],[-121.82479287160498,42.40101119284029],[-121.84195471159687,42.39966282760139],[-121.84990604421837,42.38828969683156],[-121.84069920331385,42.378264998638016],[-121.82354107423126,42.379612408537795]]]},"properties":{"h3_index":"87281e536ffffff","station_count":3,"program_id":"klamath_basin","program":"Klamath Basin","resolution":7,"stations":[{"station_id":"1551","station_name":"Ouxy Springs Remote Site","lat":42.39888,"lon":-121.823592,"waterbody":"Ouxy Springs","subbasin":"Upper Klamath Lake","organization":"U.S. Geological Survey"},{"station_id":"1552","station_name":"Silver Springs Remote Site","lat":42.392544,"lon":-121.819639,"waterbody":"Silver Springs","subbasin":"Upper Klamath Lake","organization":"U.S. Geological Survey"},{"station_id":"1553","station_name":"Sucker Springs Remote Site","lat":42.391704,"lon":-121.819131,"waterbody":"Sucker Springs","subbasin":"Upper Klamath Lake","organization":"U.S. Geological Survey"}]}},{"type":"Feature","geometry":{"type":"Polygon","coordinates":[[[-122.06345880759612,42.50013238379248],[-122.05553379856315,42.51150179964817],[-122.06476434384501,42.52148468758033],[-122.08191990313209,42.52009713957081],[-122.08984121125565,42.50872767166825],[-122.08061066205288,42.49874580371416],[-122.06345880759612,42.50013238379248]]]},"properties":{"h3_index":"87281e542ffffff","station_count":1,"program_id":"klamath_basin","program":"Klamath Basin","resolution":7,"stations":[{"station_id":"2104","station_name":"Crystal Creek Near Rocky Point, OR","lat":42.512694,"lon":-122.076139,"waterbody":"Crystal Creek","subbasin":"Upper Klamath Lake","organization":"U.S. Geological Survey"}]}},{"type":"Feature","geometry":{"type":"Polygon","coordinates":[[[-122.08722018373847,42.46601564743598],[-122.07930199950665,42.47738930636302],[-122.08853040793113,42.487374239124584],[-122.10567700143524,42.485984492278476],[-122.11359148484723,42.474610783437214],[-122.10436307662408,42.46462687124828],[-122.08722018373847,42.46601564743598]]]},"properties":{"h3_index":"87281e544ffffff","station_count":6,"program_id":"klamath_basin","program":"Klamath Basin","resolution":7,"stations":[{"station_id":"1651","station_name":"Harriman Springs","lat":42.46954,"lon":-122.09237,"waterbody":"Pelican Bay","subbasin":"Upper Klamath Lake","organization":"Oregon State University"},{"station_id":"1677","station_name":"Recreation Creek","lat":42.48089,"lon":-122.08434,"waterbody":"Recreation Creek","subbasin":"Upper Klamath Lake","organization":"Oregon State University"},{"station_id":"1245","station_name":"Harriman Springs","lat":42.468496,"lon":-122.099903,"subbasin":"Upper Klamath Lake","organization":"U.S. Bureau of Reclamation"},{"station_id":"1258","station_name":"Rocky Point Boat Ramp on UKL","lat":42.477668,"lon":-122.086946,"waterbody":"Upper Klamath Lake","subbasin":"Upper Klamath Lake","organization":"U.S. Bureau of Reclamation"},{"station_id":"2141","station_name":"Pelican Bay Submersibles","lat":42.470339,"lon":-122.0848,"waterbody":"Upper Klamath Lake","subbasin":"Upper Klamath Lake","organization":"U.S. Geological Survey"},{"station_id":"969","station_name":"UPPER KLAMATH LAKE AT ROCKY POINT","lat":42.477635,"lon":-122.087797,"waterbody":"Upper Klamath Lake","subbasin":"Upper Klamath Lake","organization":"U.S. Geological Survey"}]}},{"type":"Feature","geometry":{"type":"Polygon","coordinates":[[[-122.0621538482991,42.478774917907565],[-122.05423040331749,42.49014643063964],[-122.06345880759612,42.50013238379248],[-122.08061066205288,42.49874580371416],[-122.08853040793113,42.487374239124584],[-122.07930199950665,42.47738930636302],[-122.0621538482991,42.478774917907565]]]},"properties":{"h3_index":"87281e546ffffff","station_count":1,"program_id":"klamath_basin","program":"Klamath Basin","resolution":7,"stations":[{"station_id":"1287","station_name":"CABN - Rocky Point Field Station CES (USFWS)","lat":42.49729,"lon":-122.07983,"subbasin":"Upper Klamath Lake","organization":"Klamath Bird Observatory "}]}},{"type":"Feature","geometry":{"type":"Polygon","coordinates":[[[-122.14393082956545,42.547233769424324],[-122.13601537460896,42.55860123750844],[-122.14525448970626,42.568568791628664],[-122.16240905076118,42.56716785869977],[-122.17032079243177,42.55580034364047],[-122.16108168738255,42.54583380837651],[-122.14393082956545,42.547233769424324]]]},"properties":{"h3_index":"87281e54bffffff","station_count":1,"program_id":"klamath_basin","program":"Klamath Basin","resolution":7,"stations":[{"station_id":"1041","station_name":"Upper Klamath Lake Subbasin RCK5200","lat":42.55895,"lon":-122.149653,"waterbody":"Rock Creek","subbasin":"Upper Klamath Lake","organization":"U.S. Forest Service"}]}},{"type":"Feature","geometry":{"type":"Polygon","coordinates":[[[-122.03837668681984,42.51288520865812],[-122.03044641395029,42.52425247129895],[-122.03967695095587,42.5342363790286],[-122.05683777016017,42.53285200421218],[-122.06476434384501,42.52148468758033],[-122.05553379856315,42.51150179964817],[-122.03837668681984,42.51288520865812]]]},"properties":{"h3_index":"87281e551ffffff","station_count":1,"program_id":"klamath_basin","program":"Klamath Basin","resolution":7,"stations":[{"station_id":"2500","station_name":"Southwest corner of the unit, along levee 1; collect water from the north side of levee 1.","lat":42.53076,"lon":-122.04633,"waterbody":"Wetland","subbasin":"Upper Klamath Lake","organization":"U.S. Fish and Wildlife Service"}]}},{"type":"Feature","geometry":{"type":"Polygon","coordinates":[[[-121.9868917615349,42.517020803377726],[-121.97895253024389,42.52838585063778],[-121.9881808959472,42.538374863867624],[-122.0053485112171,42.53699780988811],[-122.01328404859859,42.52563270494192],[-122.00405566567505,42.51564471155409],[-121.9868917615349,42.517020803377726]]]},"properties":{"h3_index":"87281e552ffffff","station_count":1,"program_id":"klamath_basin","program":"Klamath Basin","resolution":7,"stations":[{"station_id":"318","station_name":"AGENCY SOUTH","lat":42.523601,"lon":-121.984001,"waterbody":"Upper Klamath Lake","subbasin":"Upper Klamath Lake","organization":"Klamath Tribes"}]}},{"type":"Feature","geometry":{"type":"Polygon","coordinates":[[[-122.01328404859859,42.52563270494192],[-122.0053485112171,42.53699780988811],[-122.01457903558556,42.54698273723379],[-122.03174511102702,42.545601539909704],[-122.03967695095587,42.5342363790286],[-122.03044641395029,42.52425247129895],[-122.01328404859859,42.52563270494192]]]},"properties":{"h3_index":"87281e553ffffff","station_count":1,"program_id":"klamath_basin","program":"Klamath Basin","resolution":7,"stations":[{"station_id":"2160","station_name":"Southeast corner of the unit, along levee 1; collect water from north-south running canal on the north side of levee 1.","lat":42.53155,"lon":-122.01275,"waterbody":"Canal","subbasin":"Upper Klamath Lake","organization":"U.S. Fish and Wildlife Service"}]}},{"type":"Feature","geometry":{"type":"Polygon","coordinates":[[[-122.09246455683132,42.551419042951785],[-122.08454012241917,42.56278431044673],[-122.0937770998489,42.57275697352651],[-122.11093851162862,42.57136335008128],[-122.11885923798575,42.55999803190865],[-122.1096222616699,42.55002638775065],[-122.09246455683132,42.551419042951785]]]},"properties":{"h3_index":"87281e559ffffff","station_count":1,"program_id":"klamath_basin","program":"Klamath Basin","resolution":7,"stations":[{"station_id":"2212","station_name":"Upper Klamath Lake Subbasin (Rock Creek-Frontal Upper Klamath Lake)","lat":42.554005,"lon":-122.096778,"waterbody":"Rock Creek","subbasin":"Upper Klamath Lake","organization":"U.S. Forest Service"}]}},{"type":"Feature","geometry":{"type":"Polygon","coordinates":[[[-122.04097779024025,42.55558238026532],[-122.03304438264965,42.56694543704494],[-122.04227920505333,42.57692320828874],[-122.05944744393273,42.57553690366634],[-122.06737714872423,42.564173792509784],[-122.05814231848957,42.554197040244674],[-122.04097779024025,42.55558238026532]]]},"properties":{"h3_index":"87281e55affffff","station_count":1,"program_id":"klamath_basin","program":"Klamath Basin","resolution":7,"stations":[{"station_id":"2105","station_name":"Fourmile Canal Near Klamath Agency, OR","lat":42.5745,"lon":-122.051361,"waterbody":"Fourmile Canal","subbasin":"Wood","organization":"U.S. Geological Survey"}]}},{"type":"Feature","geometry":{"type":"Polygon","coordinates":[[[-122.06476434384501,42.52148468758033],[-122.05683777016017,42.53285200421218],[-122.06607045742714,42.54283182518045],[-122.08322972312662,42.541443309842585],[-122.09115259409471,42.5300759409728],[-122.08191990313209,42.52009713957081],[-122.06476434384501,42.52148468758033]]]},"properties":{"h3_index":"87281e55cffffff","station_count":2,"program_id":"klamath_basin","program":"Klamath Basin","resolution":7,"stations":[{"station_id":"1663","station_name":"Mainstem Recreation/Crystal Creek near/above Malogne Springs","lat":42.530847,"lon":-122.082574,"waterbody":"Upper Klamath Lake","subbasin":"Upper Klamath Lake","organization":"Oregon State University"},{"station_id":"1251","station_name":"Malone Springs Ramp","lat":42.530497,"lon":-122.085715,"subbasin":"Upper Klamath Lake","organization":"U.S. Bureau of Reclamation"}]}},{"type":"Feature","geometry":{"type":"Polygon","coordinates":[[[-122.03967695095587,42.5342363790286],[-122.03174511102702,42.545601539909704],[-122.04097779024025,42.55558238026532],[-122.05814231848957,42.554197040244674],[-122.06607045742714,42.54283182518045],[-122.05683777016017,42.53285200421218],[-122.03967695095587,42.5342363790286]]]},"properties":{"h3_index":"87281e55effffff","station_count":1,"program_id":"klamath_basin","program":"Klamath Basin","resolution":7,"stations":[{"station_id":"2161","station_name":"Southwest side of the unit along levee 2; collect water from the east side of levee 2.","lat":42.54328,"lon":-122.05116,"waterbody":"Wetland","subbasin":"Wood","organization":"U.S. Fish and Wildlife Service"}]}},{"type":"Feature","geometry":{"type":"Polygon","coordinates":[[[-122.06084946557297,42.457412294023996],[-122.05292758404255,42.46878590128123],[-122.0621538482991,42.478774917907565],[-122.07930199950665,42.47738930636302],[-122.08722018373847,42.46601564743598],[-122.07799391511138,42.45602765161555],[-122.06084946557297,42.457412294023996]]]},"properties":{"h3_index":"87281e571ffffff","station_count":1,"program_id":"klamath_basin","program":"Klamath Basin","resolution":7,"stations":[{"station_id":"1540","station_name":"Fish Banks","lat":42.471313,"lon":-122.056694,"waterbody":"Upper Klamath Lake","subbasin":"Upper Klamath Lake","organization":"U.S. Geological Survey"}]}},{"type":"Feature","geometry":{"type":"Polygon","coordinates":[[[-122.03318137416414,42.427428917698876],[-122.02525736351345,42.438804563886876],[-122.0344793415035,42.44880072365497],[-122.0516253403579,42.44742021567535],[-122.05954565903701,42.436044516247875],[-122.05032367188358,42.42604937793207],[-122.03318137416414,42.427428917698876]]]},"properties":{"h3_index":"87281e574ffffff","station_count":1,"program_id":"klamath_basin","program":"Klamath Basin","resolution":7,"stations":[{"station_id":"199","station_name":"COON POINT","lat":42.435699,"lon":-122.028,"waterbody":"Upper Klamath Lake","subbasin":"Upper Klamath Lake","organization":"Klamath Tribes"}]}},{"type":"Feature","geometry":{"type":"Polygon","coordinates":[[[-122.05954565903701,42.436044516247875],[-122.0516253403579,42.44742021567535],[-122.06084946557297,42.457412294023996],[-122.07799391511138,42.45602765161555],[-122.08591053829534,42.44465190070426],[-122.0766864084854,42.43466084357756],[-122.05954565903701,42.436044516247875]]]},"properties":{"h3_index":"87281e575ffffff","station_count":1,"program_id":"klamath_basin","program":"Klamath Basin","resolution":7,"stations":[{"station_id":"1542","station_name":"Pelican Bay","lat":42.455333,"lon":-122.073183,"waterbody":"Upper Klamath Lake","subbasin":"Upper Klamath Lake","organization":"U.S. Geological Survey"}]}},{"type":"Feature","geometry":{"type":"Polygon","coordinates":[[[-121.65235559720304,42.55405234923777],[-121.6443574947897,42.56540168948894],[-121.65357239238787,42.57542233681674],[-121.67078546899005,42.57409262406831],[-121.67877991150017,42.56274320209887],[-121.6695649383828,42.552723574491594],[-121.65235559720304,42.55405234923777]]]},"properties":{"h3_index":"87281e593ffffff","station_count":1,"program_id":"klamath_basin","program":"Klamath Basin","resolution":7,"stations":[{"station_id":"1676","station_name":"Potter's Park Boat Ramp","lat":42.559517,"lon":-121.66779,"waterbody":"Sprague River","subbasin":"Sprague","organization":"Oregon State University"}]}},{"type":"Feature","geometry":{"type":"Polygon","coordinates":[[[-121.68000258025029,42.5841091908689],[-121.67200654064013,42.59545648963836],[-121.68122579102527,42.605469993886565],[-121.69844115283003,42.60413518012711],[-121.70643352713473,42.592787801181245],[-121.69721420601137,42.58277531606632],[-121.68000258025029,42.5841091908689]]]},"properties":{"h3_index":"87281e59affffff","station_count":2,"program_id":"klamath_basin","program":"Klamath Basin","resolution":7,"stations":[{"station_id":"1653","station_name":"Kamkaun Spring","lat":42.591437,"lon":-121.702679,"waterbody":"Kamkaun Spring","subbasin":"Sprague","organization":"Oregon State University"},{"station_id":"1666","station_name":"Mainstem Sprague River above Kamkaun Springs","lat":42.591278,"lon":-121.701196,"waterbody":"Sprague River","subbasin":"Sprague","organization":"Oregon State University"}]}},{"type":"Feature","geometry":{"type":"Polygon","coordinates":[[[-122.0923145593125,42.96868344629223],[-122.08435498862657,42.98000614354601],[-122.09363288558174,42.98992116264053],[-122.1108703531839,42.98851247312249],[-122.11882618289643,42.97718971922925],[-122.10954828704595,42.96727571138374],[-122.0923145593125,42.96868344629223]]]},"properties":{"h3_index":"87281e69cffffff","station_count":1,"program_id":"klamath_basin","program":"Klamath Basin","resolution":7,"stations":[{"station_id":"888","station_name":"CRATER LAKE NEAR CRATER LAKE","lat":42.975684,"lon":-122.089194,"waterbody":"Crater Lake","subbasin":"Crater Lake","organization":"U.S. Geological Survey"}]}},{"type":"Feature","geometry":{"type":"Polygon","coordinates":[[[-122.13869656984983,42.879461017062724],[-122.13075234697759,42.89079453919662],[-122.1400237534174,42.90071683631913],[-122.15723937458017,42.89930459850374],[-122.16517985852187,42.88797102433302],[-122.15590846129194,42.87804973990469],[-122.13869656984983,42.879461017062724]]]},"properties":{"h3_index":"87281e6a0ffffff","station_count":1,"program_id":"klamath_basin","program":"Klamath Basin","resolution":7,"stations":[{"station_id":"1289","station_name":"MUVA- Munson Valley/Crater Lake National Park (NPS)","lat":42.89113,"lon":-122.137983,"subbasin":"Wood","organization":"Klamath Bird Observatory "}]}},{"type":"Feature","geometry":{"type":"Polygon","coordinates":[[[-122.16384737641934,42.86671403011248],[-122.15590846129194,42.87804973990469],[-122.16517985852187,42.88797102433302],[-122.18239015833706,42.88655558601848],[-122.19032533281624,42.875219826154016],[-122.18105394918743,42.86529955456638],[-122.16384737641934,42.86671403011248]]]},"properties":{"h3_index":"87281e6a5ffffff","station_count":1,"program_id":"klamath_basin","program":"Klamath Basin","resolution":7,"stations":[{"station_id":"916","station_name":"Annie Spring near Crater Lake","lat":42.871522,"lon":-122.168931,"waterbody":"Annie Spring","subbasin":"Wood","organization":"U.S. Geological Survey"}]}},{"type":"Feature","geometry":{"type":"Polygon","coordinates":[[[-122.10298118111052,42.72197734723181],[-122.09504421752196,42.733325719859394],[-122.10429838021682,42.743273760661445],[-122.12148950460347,42.74187241303842],[-122.12942274560386,42.73052398812518],[-122.12016858586271,42.72057696301162],[-122.10298118111052,42.72197734723181]]]},"properties":{"h3_index":"87281e7a6ffffff","station_count":4,"program_id":"klamath_basin","program":"Klamath Basin","resolution":7,"stations":[{"station_id":"1035","station_name":"Upper Klamath Lake Subbasin SM4420","lat":42.725761,"lon":-122.106628,"waterbody":"Sevenmile Creek","subbasin":"Wood","organization":"U.S. Forest Service"},{"station_id":"593","station_name":"Upper Klamath Lake Subbasin SM4420","lat":42.725761,"lon":-122.106628,"waterbody":"Sevenmile Creek","subbasin":"Wood","organization":"U.S. Forest Service"},{"station_id":"1028","station_name":"Upper Klamath Lake Subbasin SMT4420","lat":42.725761,"lon":-122.106628,"waterbody":"Sevenmile Creek tributary","subbasin":"Wood","organization":"U.S. Forest Service"},{"station_id":"349","station_name":"Upper Klamath Lake Subbasin SMT4420","lat":42.725761,"lon":-122.106628,"waterbody":"Sevenmile Creek","subbasin":"Wood","organization":"U.S. Forest Service"}]}},{"type":"Feature","geometry":{"type":"Polygon","coordinates":[[[-122.05271128834468,42.74746310979508],[-122.04476374463123,42.75880712489735],[-122.05401790008737,42.76875719659089],[-122.07121960612922,42.76736223770897],[-122.07916343071436,42.756018166409625],[-122.06990926944601,42.746069110080626],[-122.05271128834468,42.74746310979508]]]},"properties":{"h3_index":"87281e7b0ffffff","station_count":4,"program_id":"klamath_basin","program":"Klamath Basin","resolution":7,"stations":[{"station_id":"198","station_name":"WOOD R. @ ANNIE","lat":42.766701,"lon":-122.059998,"waterbody":"Annie Creek","subbasin":"Wood","organization":"Klamath Tribes"},{"station_id":"1638","station_name":"Annie Creek","lat":42.764105,"lon":-122.05906,"waterbody":"Annie Creek","subbasin":"Wood","organization":"Oregon State University"},{"station_id":"1134","station_name":"Annie Creek near Fort Klamath","lat":42.763625,"lon":-122.05835,"waterbody":"Annie Creek","subbasin":"Wood","organization":"Oregon Water Resources Department "},{"station_id":"1236","station_name":"Annie Creek","lat":42.763586,"lon":-122.058318,"waterbody":"Annie Creek","subbasin":"Wood","organization":"U.S. Bureau of Reclamation"}]}},{"type":"Feature","geometry":{"type":"Polygon","coordinates":[[[-122.05401790008737,42.76875719659089],[-122.0460687826689,42.780099084379074],[-122.05532509118073,42.79004606980182],[-122.07253052375822,42.78865015235749],[-122.0804759202275,42.77730820816157],[-122.07121960612922,42.76736223770897],[-122.05401790008737,42.76875719659089]]]},"properties":{"h3_index":"87281e7b3ffffff","station_count":2,"program_id":"klamath_basin","program":"Klamath Basin","resolution":7,"stations":[{"station_id":"2442","station_name":"Annie creek at Snow Park","lat":42.76844,"lon":-122.059471,"waterbody":"Annie Creek","subbasin":"Wood","organization":"Klamath Tribes"},{"station_id":"2208","station_name":"Upper Klamath Lake Subbasin (Lower Annie Creek)","lat":42.769167,"lon":-122.059167,"waterbody":"Annie Creek","subbasin":"Wood","organization":"U.S. Forest Service"}]}},{"type":"Feature","geometry":{"type":"Polygon","coordinates":[[[-122.45501757913584,42.1670435868856],[-122.4471858397476,42.17845914499805],[-122.45640312100849,42.188444016035554],[-122.47345207926561,42.1870123034404],[-122.4812801020404,42.175596725418835],[-122.47206288419414,42.16561287979151],[-122.45501757913584,42.1670435868856]]]},"properties":{"h3_index":"87281e881ffffff","station_count":1,"program_id":"klamath_basin","program":"Klamath Basin","resolution":7,"stations":[{"station_id":"2471","station_name":"HYATT RES NR ASHLAND, OR","lat":42.171947,"lon":-122.467781,"waterbody":"Hyatt Reservoir","subbasin":"Upper Klamath","organization":"Oregon Water Resources Department"}]}},{"type":"Feature","geometry":{"type":"Polygon","coordinates":[[[-122.3277831600643,42.188402115012984],[-122.31992829164722,42.19981140473571],[-122.32914156202875,42.20980749826282],[-122.34620966025969,42.20839327655996],[-122.3540608237629,42.19698395756208],[-122.34484759497822,42.18698888943317],[-122.3277831600643,42.188402115012984]]]},"properties":{"h3_index":"87281e892ffffff","station_count":1,"program_id":"klamath_basin","program":"Klamath Basin","resolution":7,"stations":[{"station_id":"2266","station_name":"Grizzly Creek downstream of Soda Creek","lat":42.1969,"lon":-122.347,"waterbody":"Grizzly Creek","subbasin":"Upper Klamath","organization":"Oregon Department of Environmental Quality"}]}},{"type":"Feature","geometry":{"type":"Polygon","coordinates":[[[-122.38170894480555,42.226954919334254],[-122.37385995969244,42.238362213962525],[-122.38307953865382,42.24834710931303],[-122.40014805285406,42.24692368549051],[-122.4079933243748,42.235516364965946],[-122.39877379631564,42.22553249405057],[-122.38170894480555,42.226954919334254]]]},"properties":{"h3_index":"87281e89affffff","station_count":1,"program_id":"klamath_basin","program":"Klamath Basin","resolution":7,"stations":[{"station_id":"2265","station_name":"Hoxie Creek upstream of Howard Prairie Lake","lat":42.235,"lon":-122.3868,"waterbody":"Hoxie Creek","subbasin":"Upper Klamath","organization":"Oregon Department of Environmental Quality"}]}},{"type":"Feature","geometry":{"type":"Polygon","coordinates":[[[-122.4079933243748,42.235516364965946],[-122.40014805285406,42.24692368549051],[-122.40936971461636,42.25690450421216],[-122.42643659349758,42.2554769781292],[-122.43427814799615,42.24406963348154],[-122.4250565416627,42.23408983893007],[-122.4079933243748,42.235516364965946]]]},"properties":{"h3_index":"87281e89bffffff","station_count":1,"program_id":"klamath_basin","program":"Klamath Basin","resolution":7,"stations":[{"station_id":"2264","station_name":"Howard Prairie at resort boat ramp","lat":42.2402,"lon":-122.41137,"waterbody":"Howard Prairie Lake","subbasin":"Upper Klamath","organization":"Oregon Department of Environmental Quality"}]}},{"type":"Feature","geometry":{"type":"Polygon","coordinates":[[[-122.477109788496,42.1113770743036],[-122.46928632527677,42.12279876997448],[-122.478499282165,42.132788708375934],[-122.49553563616894,42.13135592450946],[-122.50335538479992,42.119934211190355],[-122.49414249503508,42.10994529927595],[-122.477109788496,42.1113770743036]]]},"properties":{"h3_index":"87281e8a1ffffff","station_count":1,"program_id":"klamath_basin","program":"Klamath Basin","resolution":7,"stations":[{"station_id":"2473","station_name":"GREEN SPRINGS POWERPLANT DIV NR ASHLAND, OR","lat":42.130276,"lon":-122.487221,"waterbody":"Canal","subbasin":"Upper Klamath","organization":"Oregon Water Resources Department"}]}},{"type":"Feature","geometry":{"type":"Polygon","coordinates":[[[-122.4494814976275,42.08139101715264],[-122.44165584373914,42.09281472795239],[-122.45086460590618,42.10281177914215],[-122.46789896062967,42.10138409221177],[-122.47572090513837,42.08996036214175],[-122.4665122053234,42.079964338162696],[-122.4494814976275,42.08139101715264]]]},"properties":{"h3_index":"87281e8a4ffffff","station_count":1,"program_id":"klamath_basin","program":"Klamath Basin","resolution":7,"stations":[{"station_id":"2273","station_name":"South Fork Keene Creek at BLM 40-3E-2","lat":42.098,"lon":-122.453,"waterbody":"S. Fork Keene Creek","subbasin":"Upper Klamath","organization":"Oregon Department of Environmental Quality"}]}},{"type":"Feature","geometry":{"type":"Polygon","coordinates":[[[-122.42461984803406,42.094238326088416],[-122.41678896584924,42.10565998112576],[-122.42599778612728,42.1156580593427],[-122.44303743150081,42.114233455385595],[-122.45086460590618,42.10281177914215],[-122.44165584373914,42.09281472795239],[-122.42461984803406,42.094238326088416]]]},"properties":{"h3_index":"87281e8a6ffffff","station_count":1,"program_id":"klamath_basin","program":"Klamath Basin","resolution":7,"stations":[{"station_id":"2272","station_name":"Mill Creek off Mill Creek Rd.","lat":42.099,"lon":-122.427,"waterbody":"Mill Creek","subbasin":"Upper Klamath","organization":"Oregon Department of Environmental Quality"}]}},{"type":"Feature","geometry":{"type":"Polygon","coordinates":[[[-122.4798893865461,42.15419526014855],[-122.47206288419414,42.16561287979151],[-122.4812801020404,42.175596725418835],[-122.49832375559903,42.17416192570671],[-122.50614653974182,42.16274428809482],[-122.4969293895562,42.15276146805383],[-122.4798893865461,42.15419526014855]]]},"properties":{"h3_index":"87281e8aaffffff","station_count":1,"program_id":"klamath_basin","program":"Klamath Basin","resolution":7,"stations":[{"station_id":"2472","station_name":"KEENE CR NR ASHLAND, OR","lat":42.170834,"lon":-122.477226,"waterbody":"Keene Creek","subbasin":"Upper Klamath","organization":"Oregon Water Resources Department"}]}},{"type":"Feature","geometry":{"type":"Polygon","coordinates":[[[-122.37623259572052,42.14133517402676],[-122.36838972698585,42.152750661753366],[-122.37760077983755,42.162747749784444],[-122.39465465257926,42.16132832376926],[-122.40249381495192,42.14991281080479],[-122.39328281197031,42.139916748984064],[-122.37623259572052,42.14133517402676]]]},"properties":{"h3_index":"87281e8b3ffffff","station_count":1,"program_id":"klamath_basin","program":"Klamath Basin","resolution":7,"stations":[{"station_id":"2475","station_name":"BEAVER CREEK AND BEAVER SIPHON AT HOWARD PRARIE CANAL","lat":42.150556,"lon":-122.395833,"waterbody":"Beaver Creek","subbasin":"Upper Klamath","organization":"Oregon Water Resources Department"}]}},{"type":"Feature","geometry":{"type":"Polygon","coordinates":[[[-122.34861003457662,42.11132766829476],[-122.34076499236089,42.1227451714347],[-122.34997183309282,42.13274937195584],[-122.36702367196493,42.13133504230929],[-122.3748650130472,42.11991751231606],[-122.36565821741654,42.10991433871368],[-122.34861003457662,42.11132766829476]]]},"properties":{"h3_index":"87281e8b6ffffff","station_count":9,"program_id":"klamath_basin","program":"Klamath Basin","resolution":7,"stations":[{"station_id":"1859","station_name":"Beaver Creek above Corral Creek","lat":42.118889,"lon":-122.37,"waterbody":"Beaver Creek","subbasin":"Upper Klamath","organization":"Bureau of Land Management"},{"station_id":"1860","station_name":"Beaver Creek above Corral Creek (site operated by Friends of Grennsprings)","lat":42.118889,"lon":-122.37,"waterbody":"Beaver Creek","subbasin":"Upper Klamath","organization":"Bureau of Land Management"},{"station_id":"1861","station_name":"Beaver Creek above Corral Creek (site operated by Southern Oregon University)","lat":42.118889,"lon":-122.37,"waterbody":"Beaver Creek","subbasin":"Upper Klamath","organization":"Bureau of Land Management"},{"station_id":"1865","station_name":"Corral Creek @ confluence with Beaver Creek","lat":42.118611,"lon":-122.370278,"waterbody":"Corral Creek","subbasin":"Upper Klamath","organization":"Bureau of Land Management"},{"station_id":"1866","station_name":"Corral Creek @ confluence with Beaver Creek (site operated by Friends of Grennsprings)","lat":42.118611,"lon":-122.370278,"waterbody":"Corral Creek","subbasin":"Upper Klamath","organization":"Bureau of Land Management"},{"station_id":"1867","station_name":"Corral Creek @ confluence with Beaver Creek (site operated by Southern Oregon University)","lat":42.118611,"lon":-122.370278,"waterbody":"Corral Creek","subbasin":"Upper Klamath","organization":"Bureau of Land Management"},{"station_id":"1870","station_name":"Jenny Creek above Beaver Creek, Sec.33 SW1/4 SE1/4","lat":42.128056,"lon":-122.353056,"waterbody":"Jenny Creek","subbasin":"Upper Klamath","organization":"Bureau of Land Management"},{"station_id":"2270","station_name":"Corral Creek downstream of Beaver Cr. at OR66","lat":42.118,"lon":-122.37,"waterbody":"Corral Creek","subbasin":"Upper Klamath","organization":"Oregon Department of Environmental Quality"},{"station_id":"2269","station_name":"Jenny Creek at OR66 Green Springs Hwy","lat":42.119,"lon":-122.366,"waterbody":"Jenny Creek","subbasin":"Upper Klamath","organization":"Oregon Department of Environmental Quality"}]}},{"type":"Feature","geometry":{"type":"Polygon","coordinates":[[[-122.53761513905329,41.85837008620458],[-122.52982245833039,41.869818081487274],[-122.5390139626036,41.87983528136551],[-122.55599807154107,41.87840345419391],[-122.56378705098386,41.86695544854625],[-122.55459562377834,41.85693928032545],[-122.53761513905329,41.85837008620458]]]},"properties":{"h3_index":"87281e934ffffff","station_count":3,"program_id":"klamath_basin","program":"Klamath Basin","resolution":7,"stations":[{"station_id":"1980","station_name":"Klamath River in Hornbrook - 10 km above the Shasta River Confluence","lat":41.873604,"lon":-122.557557,"waterbody":"Klamath River","subbasin":"Middle Klamath","organization":"Oregon State University"},{"station_id":"1805","station_name":"I-5 Downstream","lat":41.868237,"lon":-122.561736,"waterbody":"Klamath River","subbasin":"Middle Klamath","organization":"U.S. Geological Survey"},{"station_id":"1806","station_name":"I-5 Upstream","lat":41.868415,"lon":-122.561593,"waterbody":"Klamath River","subbasin":"Middle Klamath","organization":"U.S. Geological Survey"}]}},{"type":"Feature","geometry":{"type":"Polygon","coordinates":[[[-122.7746254364027,41.95677457684301],[-122.76686469748003,41.96822059745956],[-122.77607657056933,41.97819820640445],[-122.79304906599874,41.97672876604331],[-122.8008060717623,41.965282751039176],[-122.79159431625682,41.95530617067196],[-122.7746254364027,41.95677457684301]]]},"properties":{"h3_index":"87281e944ffffff","station_count":1,"program_id":"klamath_basin","program":"Klamath Basin","resolution":7,"stations":[{"station_id":"2358","station_name":"Hungry Ck","lat":41.973057,"lon":-122.776338,"waterbody":"Hungry Creek","subbasin":"Middle Klamath","organization":"U.S. Forest Service"}]}},{"type":"Feature","geometry":{"type":"Polygon","coordinates":[[[-122.67562228283944,42.00838992175792],[-122.66784064904186,42.01982790627088],[-122.67705295066355,42.02980962781986],[-122.69404678623863,42.02835233685119],[-122.70182469295273,42.01691435019657],[-122.69261249218269,42.006933656541065],[-122.67562228283944,42.00838992175792]]]},"properties":{"h3_index":"87281e952ffffff","station_count":3,"program_id":"klamath_basin","program":"Klamath Basin","resolution":7,"stations":[{"station_id":"516","station_name":"Cotton Creek, upstream of FS boundary","lat":42.01915,"lon":-122.68215,"waterbody":"Cottonwood Creek","subbasin":"Upper Klamath","organization":"U.S. Forest Service"},{"station_id":"1061","station_name":"Cottonwood","lat":42.0191,"lon":-122.681999,"waterbody":"Cottonwood Creek","subbasin":"Upper Klamath","organization":"U.S. Forest Service"},{"station_id":"2337","station_name":"Cottonwood Ck upstream of FS boundary","lat":42.018401,"lon":-122.679263,"waterbody":"Cottonwood Creek","subbasin":"Upper Klamath","organization":"U.S. Forest Service"}]}},{"type":"Feature","geometry":{"type":"Polygon","coordinates":[[[-122.79789423288226,41.92242851501618],[-122.79014020342105,41.93387853427475],[-122.79934983359433,41.94385815232232],[-122.8163133727768,41.94238672177892],[-122.82406366939489,41.93093671021505],[-122.81485416067274,41.92095812138805],[-122.79789423288226,41.92242851501618]]]},"properties":{"h3_index":"87281e960ffffff","station_count":2,"program_id":"klamath_basin","program":"Klamath Basin","resolution":7,"stations":[{"station_id":"2322","station_name":"Beaver Ck upstream of West Fk","lat":41.936521,"lon":-122.819578,"waterbody":"Beaver Creek","subbasin":"Middle Klamath","organization":"U.S. Forest Service"},{"station_id":"551","station_name":"Beaver Creek, just upstream of WF Beaver","lat":41.93674,"lon":-122.81746,"waterbody":"Beaver Creek","subbasin":"Middle Klamath","organization":"U.S. Forest Service"}]}},{"type":"Feature","geometry":{"type":"Polygon","coordinates":[[[-122.82406366939489,41.93093671021505],[-122.8163133727768,41.94238672177892],[-122.82552500652915,41.952362273399345],[-122.84248681198096,41.950886784428725],[-122.8502333724448,41.93943678235436],[-122.8410218646093,41.92946225964907],[-122.82406366939489,41.93093671021505]]]},"properties":{"h3_index":"87281e961ffffff","station_count":6,"program_id":"klamath_basin","program":"Klamath Basin","resolution":7,"stations":[{"station_id":"261","station_name":"Beaver Creek","lat":41.942299,"lon":-122.823766,"waterbody":"Beaver Creek","subbasin":"Middle Klamath","organization":"Michigan-California Timber Company"},{"station_id":"1048","station_name":"Beaver2","lat":41.936401,"lon":-122.820999,"waterbody":"Beaver Creek","subbasin":"Upper Klamath","organization":"U.S. Forest Service"},{"station_id":"2439","station_name":"West Fk Beaver Ck","lat":41.940407,"lon":-122.822088,"waterbody":"West Fork Beaver Creek","subbasin":"Middle Klamath","organization":"U.S. Forest Service"},{"station_id":"618","station_name":"West Fork Beaver Creek, just upstream from mouth","lat":41.94043,"lon":-122.82178,"waterbody":"West Fork Beaver Creek","subbasin":"Middle Klamath","organization":"U.S. Forest Service"},{"station_id":"1129","station_name":"WF Beaver","lat":41.936798,"lon":-122.821998,"waterbody":"West Fork Beaver Creek","subbasin":"Middle Klamath","organization":"U.S. Forest Service"},{"station_id":"2251","station_name":"West Fork Beaver Creek","lat":41.9376,"lon":-122.82203,"waterbody":"West Fork Beaver Creek","subbasin":"Middle Klamath","organization":"UC Berkeley/Karuk Tribe/Salmon River Restoration Council"}]}},{"type":"Feature","geometry":{"type":"Polygon","coordinates":[[[-122.34452822864301,42.04703209096282],[-122.33668777132749,42.05845570689347],[-122.34588823274451,42.06846902357045],[-122.36292910816049,42.06705769593951],[-122.37076586974189,42.055634053624445],[-122.3615654526653,42.04562176521597],[-122.34452822864301,42.04703209096282]]]},"properties":{"h3_index":"87281e993ffffff","station_count":1,"program_id":"klamath_basin","program":"Klamath Basin","resolution":7,"stations":[{"station_id":"1864","station_name":"Jenny Creek below Oregon Gulch, @ Box O Ranch south boundary","lat":42.053056,"lon":-122.358611,"waterbody":"Jenny Creek","subbasin":"Upper Klamath","organization":"Bureau of Land Management"}]}},{"type":"Feature","geometry":{"type":"Polygon","coordinates":[[[-122.34181001210766,42.004143026453185],[-122.33397260850866,42.01557070546722],[-122.34316882189472,42.025590090508075],[-122.36020239606754,42.024180767250925],[-122.36803610752551,42.012753062156534],[-122.35883993797431,42.00273470629104],[-122.34181001210766,42.004143026453185]]]},"properties":{"h3_index":"87281e994ffffff","station_count":4,"program_id":"klamath_basin","program":"Klamath Basin","resolution":7,"stations":[{"station_id":"1873","station_name":"Jenny Creek below Spring Creek, @ Road 41-2E-10.1","lat":42.023056,"lon":-122.358889,"waterbody":"Jenny Creek","subbasin":"Upper Klamath","organization":"Bureau of Land Management"},{"station_id":"2274","station_name":"Jenny Creek downstream of Spring Creek at BLM 41-2E-10.1","lat":42.0233,"lon":-122.3581,"waterbody":"Jenny Creek","subbasin":"Upper Klamath","organization":"Oregon Department of Environmental Quality"},{"station_id":"2167","station_name":"Fall2","lat":42.017598,"lon":-122.346042,"waterbody":"Fall Creek","subbasin":"Upper Klamath","organization":"RES"},{"station_id":"2172","station_name":"Jenny4","lat":42.023226,"lon":-122.358247,"waterbody":"Jenny Creek","subbasin":"Upper Klamath","organization":"RES"}]}},{"type":"Feature","geometry":{"type":"Polygon","coordinates":[[[-122.37213165045229,42.07706694789137],[-122.36429336294636,42.088488555182536],[-122.37349803142267,42.09849476886435],[-122.39054093932906,42.09707834758941],[-122.39837552588229,42.085656715536345],[-122.3891709065053,42.07565152941107],[-122.37213165045229,42.07706694789137]]]},"properties":{"h3_index":"87281e99affffff","station_count":2,"program_id":"klamath_basin","program":"Klamath Basin","resolution":7,"stations":[{"station_id":"1862","station_name":"Keene Creek below Lincoln Creek, @ lower BLM line Sec.17 NW1/4","lat":42.093611,"lon":-122.383611,"waterbody":"Keene Creek","subbasin":"Upper Klamath","organization":"Bureau of Land Management"},{"station_id":"2271","station_name":"Keene Creek ds of Lincoln Creek","lat":42.0946,"lon":-122.3852,"waterbody":"Keene Creek","subbasin":"Upper Klamath","organization":"Oregon Department of Environmental Quality"}]}},{"type":"Feature","geometry":{"type":"Polygon","coordinates":[[[-122.44119558943778,41.952760067382094],[-122.43337904666168,41.96419593464472],[-122.44257505928157,41.97421120181257],[-122.45958755492605,41.97278957165492],[-122.46740039913453,41.96135368602903],[-122.45820444728261,41.95133944881483],[-122.44119558943778,41.952760067382094]]]},"properties":{"h3_index":"87281e9a0ffffff","station_count":2,"program_id":"klamath_basin","program":"Klamath Basin","resolution":7,"stations":[{"station_id":"1962","station_name":"Camp Creek reservoir footprint","lat":41.96756,"lon":-122.43729,"waterbody":"Camp Creek","subbasin":"Upper Klamath","organization":"California Department of Fish and Wildlife_Yreka Office"},{"station_id":"208","station_name":"Iron Gate Reservoir at Williams Boat Ramp","lat":41.962236,"lon":-122.440461,"waterbody":"Iron Gate Reservoir","subbasin":"Upper Klamath","organization":"PacifiCorp"}]}},{"type":"Feature","geometry":{"type":"Polygon","coordinates":[[[-122.41636491661207,41.96561348508602],[-122.40854315977138,41.97704731205372],[-122.41773922893404,41.98706360898189],[-122.43475699941258,41.98564504907296],[-122.44257505928157,41.97421120181257],[-122.43337904666168,41.96419593464472],[-122.41636491661207,41.96561348508602]]]},"properties":{"h3_index":"87281e9a2ffffff","station_count":6,"program_id":"klamath_basin","program":"Klamath Basin","resolution":7,"stations":[{"station_id":"1963","station_name":"Camp Creek right below Copco Road","lat":41.97359,"lon":-122.4366,"waterbody":"Camp Creek","subbasin":"Upper Klamath","organization":"California Department of Fish and Wildlife_Yreka Office"},{"station_id":"1184","station_name":"Camp Creek confluence","lat":41.97411,"lon":-122.43571,"waterbody":"Camp Creek","subbasin":"Upper Klamath","organization":"Humboldt State University, Department of Fisheries Biology"},{"station_id":"1187","station_name":"Scotch Creek confluence","lat":41.97559,"lon":-122.44007,"waterbody":"Scotch Creek","subbasin":"Upper Klamath","organization":"Humboldt State University, Department of Fisheries Biology"},{"station_id":"257","station_name":"Iron Gate Reservoir at Camp Creek","lat":41.972514,"lon":-122.436461,"waterbody":"Iron Gate Reservoir","subbasin":"Upper Klamath","organization":"PacifiCorp"},{"station_id":"2192","station_name":"Klamath4","lat":41.96539,"lon":-122.424687,"waterbody":"Iron Gate Reservoir","subbasin":"Upper Klamath","organization":"RES"},{"station_id":"2196","station_name":"Scotch2","lat":41.975464,"lon":-122.439984,"waterbody":"Scotch Creek","subbasin":"Upper Klamath","organization":"RES"}]}},{"type":"Feature","geometry":{"type":"Polygon","coordinates":[[[-122.44257505928157,41.97421120181257],[-122.43475699941258,41.98564504907296],[-122.44395513453742,41.9956572847952],[-122.46097126951715,41.994234643654735],[-122.46878562901976,41.982800777884165],[-122.45958755492605,41.97278957165492],[-122.44257505928157,41.97421120181257]]]},"properties":{"h3_index":"87281e9a3ffffff","station_count":1,"program_id":"klamath_basin","program":"Klamath Basin","resolution":7,"stations":[{"station_id":"2197","station_name":"Scotch3","lat":41.981442,"lon":-122.452116,"waterbody":"Scotch Creek","subbasin":"Upper Klamath","organization":"RES"}]}},{"type":"Feature","geometry":{"type":"Polygon","coordinates":[[[-122.43981672460941,41.93130388577189],[-122.43200169835657,41.9427417705982],[-122.44119558943778,41.952760067382094],[-122.45820444728261,41.95133944881483],[-122.46601577676535,41.939901545770425],[-122.45682194618915,41.92988427940225],[-122.43981672460941,41.93130388577189]]]},"properties":{"h3_index":"87281e9a4ffffff","station_count":2,"program_id":"klamath_basin","program":"Klamath Basin","resolution":7,"stations":[{"station_id":"2257","station_name":"Iron Gate","lat":41.931222,"lon":-122.441523,"waterbody":"Klamath River","subbasin":"Middle Klamath","organization":"Cal Trout"},{"station_id":"2176","station_name":"Klamath1","lat":41.93121,"lon":-122.44189,"waterbody":"Klamath River","subbasin":"Middle Klamath","organization":"RES"}]}},{"type":"Feature","geometry":{"type":"Polygon","coordinates":[[[-122.41499120719935,41.94415831096517],[-122.40717096924828,41.95559415808138],[-122.41636491661207,41.96561348508602],[-122.43337904666168,41.96419593464472],[-122.44119558943778,41.952760067382094],[-122.43200169835657,41.9427417705982],[-122.41499120719935,41.94415831096517]]]},"properties":{"h3_index":"87281e9a6ffffff","station_count":2,"program_id":"klamath_basin","program":"Klamath Basin","resolution":7,"stations":[{"station_id":"2195","station_name":"Scotch1","lat":41.958801,"lon":-122.433725,"waterbody":"Iron Gate Reservoir","subbasin":"Upper Klamath","organization":"RES"},{"station_id":"2509","station_name":"Scotch1","lat":41.958801,"lon":-122.433725,"waterbody":"Scotch Creek","subbasin":"Upper Klamath","organization":"RES"}]}},{"type":"Feature","geometry":{"type":"Polygon","coordinates":[[[-122.47017146681928,42.00424281707201],[-122.46235559145396,42.01567466055407],[-122.47155791293173,42.02567979933639],[-122.48857604500557,42.02425206576351],[-122.49638821481236,42.01282020540502],[-122.48718595912057,42.00281609538621],[-122.47017146681928,42.00424281707201]]]},"properties":{"h3_index":"87281e9aaffffff","station_count":1,"program_id":"klamath_basin","program":"Klamath Basin","resolution":7,"stations":[{"station_id":"1868","station_name":"Dutch Oven Creek above confluence with Camp Creek","lat":42.023333,"lon":-122.469722,"waterbody":"Dutch Oven Creek","subbasin":"Upper Klamath","organization":"Bureau of Land Management"}]}},{"type":"Feature","geometry":{"type":"Polygon","coordinates":[[[-122.36530874162646,41.969851828432816],[-122.35747807799305,41.98128358659067],[-122.36667212523282,41.991304973448585],[-122.38369678930508,41.98989357221166],[-122.39152376097537,41.978461790050986],[-122.38232976155692,41.96844143302139],[-122.36530874162646,41.969851828432816]]]},"properties":{"h3_index":"87281e9b0ffffff","station_count":7,"program_id":"klamath_basin","program":"Klamath Basin","resolution":7,"stations":[{"station_id":"1968","station_name":"Fall Creek below culvert at Copco Village","lat":41.97319,"lon":-122.36667,"waterbody":"Fall Creek","subbasin":"Upper Klamath","organization":"California Department of Fish and Wildlife_Yreka Office"},{"station_id":"1967","station_name":"Fall Creek near mouth river left","lat":41.9727,"lon":-122.36647,"waterbody":"Fall Creek","subbasin":"Upper Klamath","organization":"California Department of Fish and Wildlife_Yreka Office"},{"station_id":"1183","station_name":"Fall Creek confluence","lat":41.97302,"lon":-122.36657,"waterbody":"Fall Creek","subbasin":"Upper Klamath","organization":"Humboldt State University, Department of Fisheries Biology"},{"station_id":"1616","station_name":"Klamath River at Daggett Bridge","lat":41.972871,"lon":-122.364402,"waterbody":"Klamath River","subbasin":"Upper Klamath","organization":"Karuk Tribe/RES"},{"station_id":"254","station_name":"Below Copco 2","lat":41.972895,"lon":-122.364403,"waterbody":"Klamath River","subbasin":"Upper Klamath","organization":"PacifiCorp"},{"station_id":"2166","station_name":"Fall1","lat":41.981696,"lon":-122.362778,"waterbody":"Fall Creek","subbasin":"Upper Klamath","organization":"RES"},{"station_id":"2171","station_name":"Jenny3","lat":41.983218,"lon":-122.382413,"waterbody":"Jenny Creek","subbasin":"Upper Klamath","organization":"RES"}]}},{"type":"Feature","geometry":{"type":"Polygon","coordinates":[[[-122.39152376097537,41.978461790050986],[-122.38369678930508,41.98989357221166],[-122.39289291078003,41.999910898705984],[-122.40991595263247,41.99849541336455],[-122.41773922893404,41.98706360898189],[-122.40854315977138,41.97704731205372],[-122.39152376097537,41.978461790050986]]]},"properties":{"h3_index":"87281e9b1ffffff","station_count":1,"program_id":"klamath_basin","program":"Klamath Basin","resolution":7,"stations":[{"station_id":"2170","station_name":"Jenny2","lat":41.979179,"lon":-122.392281,"waterbody":"Jenny Creek","subbasin":"Upper Klamath","organization":"RES"}]}},{"type":"Feature","geometry":{"type":"Polygon","coordinates":[[[-122.39015521197025,41.95700762812834],[-122.38232976155692,41.96844143302139],[-122.39152376097537,41.978461790050986],[-122.40854315977138,41.97704731205372],[-122.41636491661207,41.96561348508602],[-122.40717096924828,41.95559415808138],[-122.39015521197025,41.95700762812834]]]},"properties":{"h3_index":"87281e9b5ffffff","station_count":10,"program_id":"klamath_basin","program":"Klamath Basin","resolution":7,"stations":[{"station_id":"1869","station_name":"Jenny Creek @ Irongate Reservoir","lat":41.977222,"lon":-122.398333,"waterbody":"Jenny Creek","subbasin":"Upper Klamath","organization":"Bureau of Land Management"},{"station_id":"1970","station_name":"Jenny Creek","lat":41.972764,"lon":-122.403805,"waterbody":"Jenny Creek","subbasin":"Upper Klamath","organization":"California Department of Fish and Wildlife_Yreka Office"},{"station_id":"1969","station_name":"Jenny Creek mouth","lat":41.97176,"lon":-122.40501,"waterbody":"Jenny Creek","subbasin":"Upper Klamath","organization":"California Department of Fish and Wildlife_Yreka Office"},{"station_id":"1972","station_name":"Jenny Creek near CalFire water intake off Copco Road","lat":41.97692,"lon":-122.39848,"waterbody":"Jenny Creek","subbasin":"Upper Klamath","organization":"California Department of Fish and Wildlife_Yreka Office"},{"station_id":"1971","station_name":"Jenny Creek reservoir footprint river left approx 200m below Copco road bridge","lat":41.97339,"lon":-122.4015,"waterbody":"Jenny Creek","subbasin":"Upper Klamath","organization":"California Department of Fish and Wildlife_Yreka Office"},{"station_id":"1182","station_name":"Jenny Creek confluence","lat":41.97701,"lon":-122.39896,"waterbody":"Jenny Creek","subbasin":"Upper Klamath","organization":"Humboldt State University, Department of Fisheries Biology"},{"station_id":"2169","station_name":"Jenny1","lat":41.973406,"lon":-122.401986,"waterbody":"Iron Gate Reservoir","subbasin":"Upper Klamath","organization":"RES"},{"station_id":"2503","station_name":"Jenny1","lat":41.973406,"lon":-122.401986,"waterbody":"Jenny Creek","subbasin":"Upper Klamath","organization":"RES"},{"station_id":"2193","station_name":"Klamath6","lat":41.968896,"lon":-122.385668,"waterbody":"Iron Gate Reservoir","subbasin":"Upper Klamath","organization":"RES"},{"station_id":"2508","station_name":"Klamath6","lat":41.968896,"lon":-122.385668,"waterbody":"Klamath River","subbasin":"Upper Klamath","organization":"RES"}]}},{"type":"Feature","geometry":{"type":"Polygon","coordinates":[[[-122.3390941818513,41.96123372456923],[-122.33125982966483,41.97266545694395],[-122.34045179889033,41.9826909030528],[-122.35747807799305,41.98128358659067],[-122.36530874162646,41.969851828432816],[-122.35611681573153,41.9598274124118],[-122.3390941818513,41.96123372456923]]]},"properties":{"h3_index":"87281e9b6ffffff","station_count":1,"program_id":"klamath_basin","program":"Klamath Basin","resolution":7,"stations":[{"station_id":"2194","station_name":"Klamath8","lat":41.973183,"lon":-122.362636,"waterbody":"Klamath River","subbasin":"Upper Klamath","organization":"RES"}]}},{"type":"Feature","geometry":{"type":"Polygon","coordinates":[[[-122.07023979672122,42.18788635014433],[-122.06234185954479,42.199287019963144],[-122.0715425268718,42.20931163464646],[-122.08864113514745,42.20793455330889],[-122.09653539487549,42.19653383586977],[-122.08733472481703,42.18651024728156],[-122.07023979672122,42.18788635014433]]]},"properties":{"h3_index":"87281ec00ffffff","station_count":2,"program_id":"klamath_basin","program":"Klamath Basin","resolution":7,"stations":[{"station_id":"85","station_name":"Spencer Creek (Sec 11)","lat":42.194547,"lon":-122.074366,"waterbody":"Spencer Creek","subbasin":"Upper Klamath","organization":"Bureau of Land Management"},{"station_id":"102","station_name":"Spencer Creek (sec. 2)","lat":42.205853,"lon":-122.088229,"waterbody":"Spencer Creek","subbasin":"Upper Klamath","organization":"Bureau of Land Management"}]}},{"type":"Feature","geometry":{"type":"Polygon","coordinates":[[[-122.0715425268718,42.20931163464646],[-122.06364303580433,42.22071024100934],[-122.07284583120969,42.23073181392823],[-122.08994812123152,42.22935375471542],[-122.09784393306043,42.21795510056599],[-122.08864113514745,42.20793455330889],[-122.0715425268718,42.20931163464646]]]},"properties":{"h3_index":"87281ec03ffffff","station_count":1,"program_id":"klamath_basin","program":"Klamath Basin","resolution":7,"stations":[{"station_id":"78","station_name":"Miners Creek, lower (Sec 34)","lat":42.218001,"lon":-122.095966,"waterbody":"Miners Creek","subbasin":"Upper Klamath","organization":"Bureau of Land Management"}]}},{"type":"Feature","geometry":{"type":"Polygon","coordinates":[[[-122.09915304797167,42.23937125884353],[-122.0912556834485,42.250767847307216],[-122.10046273998918,42.26078230651242],[-122.11756715983884,42.25939915215025],[-122.12546083983841,42.248002517495365],[-122.11625378555307,42.23798908328649],[-122.09915304797167,42.23937125884353]]]},"properties":{"h3_index":"87281ec0affffff","station_count":2,"program_id":"klamath_basin","program":"Klamath Basin","resolution":7,"stations":[{"station_id":"114","station_name":"Spencer Creek (sec 28)","lat":42.238308,"lon":-122.115419,"waterbody":"Spencer Creek","subbasin":"Upper Klamath","organization":"Bureau of Land Management"},{"station_id":"129","station_name":"Spencer Creek, upper (sec 21)","lat":42.246185,"lon":-122.123237,"waterbody":"Spencer Creek","subbasin":"Upper Klamath","organization":"Bureau of Land Management"}]}},{"type":"Feature","geometry":{"type":"Polygon","coordinates":[[[-122.09784393306043,42.21795510056599],[-122.08994812123152,42.22935375471542],[-122.09915304797167,42.23937125884353],[-122.11625378555307,42.23798908328649],[-122.12414591465188,42.22659038311447],[-122.11494098993988,42.2165739044148],[-122.09784393306043,42.21795510056599]]]},"properties":{"h3_index":"87281ec0effffff","station_count":1,"program_id":"klamath_basin","program":"Klamath Basin","resolution":7,"stations":[{"station_id":"17","station_name":"Miners Creek, upper (Sec 33)","lat":42.222848,"lon":-122.115938,"waterbody":"Miners Creek","subbasin":"Upper Klamath","organization":"Bureau of Land Management"}]}},{"type":"Feature","geometry":{"type":"Polygon","coordinates":[[[-122.0926132368833,42.13223944528393],[-122.08472362990139,42.1436463381788],[-122.0939200471661,42.15367600401954],[-122.11100607132785,42.152297749687385],[-122.1188920027405,42.14089081142733],[-122.10969558659856,42.13086217275767],[-122.0926132368833,42.13223944528393]]]},"properties":{"h3_index":"87281ec20ffffff","station_count":1,"program_id":"klamath_basin","program":"Klamath Basin","resolution":7,"stations":[{"station_id":"2081","station_name":"below jc boyle","lat":42.139167,"lon":-122.106111,"waterbody":"Klamath River","subbasin":"Upper Klamath","organization":"U.S. Fish and Wildlife Service"}]}},{"type":"Feature","geometry":{"type":"Polygon","coordinates":[[[-122.01635982725863,42.149128425294926],[-122.00845610253963,42.160531055963325],[-122.01765037174415,42.170566839304385],[-122.03474837872332,42.169198964883215],[-122.04264843477087,42.157796283230304],[-122.03345415355255,42.14776152687668],[-122.01635982725863,42.149128425294926]]]},"properties":{"h3_index":"87281ec30ffffff","station_count":11,"program_id":"klamath_basin","program":"Klamath Basin","resolution":7,"stations":[{"station_id":"42","station_name":"Spencer Creek at mouth","lat":42.154234,"lon":-122.027397,"waterbody":"Spencer Creek","subbasin":"Upper Klamath","organization":"Bureau of Land Management"},{"station_id":"182","station_name":"Spencer Creek, above mouth","lat":42.159352,"lon":-122.028711,"waterbody":"Spencer Creek","subbasin":"Upper Klamath","organization":"Bureau of Land Management"},{"station_id":"2276","station_name":"Spencer Creek at mouth","lat":42.15621,"lon":-122.02731,"waterbody":"Spencer Creek","subbasin":"Upper Klamath","organization":"Oregon Department of Environmental Quality"},{"station_id":"303","station_name":"Spencer Creek at RM 0.6","lat":42.1563,"lon":-122.0273,"waterbody":"Spencer Creek","subbasin":"Upper Klamath","organization":"Oregon Department of Environmental Quality"},{"station_id":"1659","station_name":"Lower Keno stretch Klamath River","lat":42.150409,"lon":-122.016504,"waterbody":"Klamath River","subbasin":"Upper Klamath","organization":"Oregon State University"},{"station_id":"1660","station_name":"Lower Spencer Creek","lat":42.156275,"lon":-122.027347,"waterbody":"Spencer Creek","subbasin":"Upper Klamath","organization":"Oregon State University"},{"station_id":"1578","station_name":"Spencer Creek","lat":42.156082,"lon":-122.027259,"waterbody":"Spencer Creek","subbasin":"Upper Klamath","organization":"Oregon State University"},{"station_id":"300","station_name":"Spencer Creek near Keno","lat":42.156401,"lon":-122.027228,"waterbody":"Spencer Creek","subbasin":"Upper Klamath","organization":"Oregon Water Resources Department "},{"station_id":"2191","station_name":"Klamath36","lat":42.14956,"lon":-122.02372,"waterbody":"J.C. Boyle Reservoir","subbasin":"Upper Klamath","organization":"RES"},{"station_id":"2507","station_name":"Klamath36","lat":42.14956,"lon":-122.02372,"waterbody":"Klamath River","subbasin":"Upper Klamath","organization":"RES"},{"station_id":"2203","station_name":"Spencer1","lat":42.158374,"lon":-122.028851,"waterbody":"Spencer Creek","subbasin":"Upper Klamath","organization":"RES"}]}},{"type":"Feature","geometry":{"type":"Polygon","coordinates":[[[-122.04264843477087,42.157796283230304],[-122.03474837872332,42.169198964883215],[-122.0439447853253,42.17923068444991],[-122.06104125650032,42.17785869549709],[-122.06893764038008,42.166455964623765],[-122.0597412262936,42.15642527181706],[-122.04264843477087,42.157796283230304]]]},"properties":{"h3_index":"87281ec31ffffff","station_count":2,"program_id":"klamath_basin","program":"Klamath Basin","resolution":7,"stations":[{"station_id":"2204","station_name":"Spencer2","lat":42.162863,"lon":-122.040605,"waterbody":"Spencer Creek","subbasin":"Upper Klamath","organization":"RES"},{"station_id":"2205","station_name":"Spencer3","lat":42.174088,"lon":-122.051376,"waterbody":"Spencer Creek","subbasin":"Upper Klamath","organization":"RES"}]}},{"type":"Feature","geometry":{"type":"Polygon","coordinates":[[[-122.01506985113187,42.12768491690083],[-122.00716768268437,42.139089606542306],[-122.01635982725863,42.149128425294926],[-122.03345415355255,42.14776152687668],[-122.0413526551119,42.136356786412264],[-122.03216049830667,42.12631899508275],[-122.01506985113187,42.12768491690083]]]},"properties":{"h3_index":"87281ec34ffffff","station_count":3,"program_id":"klamath_basin","program":"Klamath Basin","resolution":7,"stations":[{"station_id":"211","station_name":"JC BOYLE RESERVOIR AT HWY 66 BRIDGE","lat":42.1351,"lon":-122.0313,"waterbody":"JC Boyle Reservoir","subbasin":"Upper Klamath","organization":"PacifiCorp"},{"station_id":"2190","station_name":"Klamath34","lat":42.133503,"lon":-122.031851,"waterbody":"J.C. Boyle Reservoir","subbasin":"Upper Klamath","organization":"RES"},{"station_id":"2506","station_name":"Klamath34","lat":42.133503,"lon":-122.031851,"waterbody":"Klamath River","subbasin":"Upper Klamath","organization":"RES"}]}},{"type":"Feature","geometry":{"type":"Polygon","coordinates":[[[-121.99007182889105,42.14045239135207],[-121.98216443900128,42.15185496927246],[-121.99135656703284,42.161894815237225],[-122.00845610253963,42.160531055963325],[-122.01635982725863,42.149128425294926],[-122.00716768268437,42.139089606542306],[-121.99007182889105,42.14045239135207]]]},"properties":{"h3_index":"87281ec36ffffff","station_count":4,"program_id":"klamath_basin","program":"Klamath Basin","resolution":7,"stations":[{"station_id":"1573","station_name":"Keno Eddy","lat":42.14968,"lon":-122.015618,"waterbody":"Klamath River","subbasin":"Upper Klamath","organization":"Oregon State University"},{"station_id":"250","station_name":"Klamath River at  Keno Eddy","lat":42.149625,"lon":-122.015656,"waterbody":"Klamath River","subbasin":"Upper Klamath","organization":"Oregon State University"},{"station_id":"288","station_name":"Klamath River at Keno Eddy","lat":42.149625,"lon":-122.015656,"waterbody":"Klamath River","subbasin":"Upper Klamath","organization":"Oregon State University"},{"station_id":"246","station_name":"KLAMATH RIVER ABV JC BOYLE RESERVOIR","lat":42.1499,"lon":-122.0154,"waterbody":"Klamath River","subbasin":"Upper Klamath","organization":"PacifiCorp"}]}},{"type":"Feature","geometry":{"type":"Polygon","coordinates":[[[-122.25297789804594,42.22684474875188],[-122.24510731686563,42.23824777472531],[-122.25432068637468,42.248246943337335],[-122.271404609338,42.24684206102483],[-122.27927149053951,42.2354389999643],[-122.27005814979029,42.225440856194815],[-122.25297789804594,42.22684474875188]]]},"properties":{"h3_index":"87281ec44ffffff","station_count":1,"program_id":"klamath_basin","program":"Klamath Basin","resolution":7,"stations":[{"station_id":"11","station_name":"Johnson Creek, lower (Sec. 29)","lat":42.231867,"lon":-122.253226,"waterbody":"Johnson Creek","subbasin":"Upper Klamath","organization":"Bureau of Land Management"}]}},{"type":"Feature","geometry":{"type":"Polygon","coordinates":[[[-122.22802179993934,42.239648547650404],[-122.22014597970816,42.25104947671063],[-122.22935937368713,42.26104966997831],[-122.24644856446271,42.25964790942173],[-122.25432068637468,42.248246943337335],[-122.24510731686563,42.23824777472531],[-122.22802179993934,42.239648547650404]]]},"properties":{"h3_index":"87281ec46ffffff","station_count":1,"program_id":"klamath_basin","program":"Klamath Basin","resolution":7,"stations":[{"station_id":"149","station_name":"Johnson Creek, upper (sec 28)","lat":42.239985,"lon":-122.240138,"waterbody":"Johnson Creek","subbasin":"Upper Klamath","organization":"Bureau of Land Management"}]}},{"type":"Feature","geometry":{"type":"Polygon","coordinates":[[[-122.2030552011672,42.25244712569478],[-122.1951741411643,42.263845953345175],[-122.20438755531778,42.27384717108082],[-122.22148201033649,42.272448536589835],[-122.22935937368713,42.26104966997831],[-122.22014597970816,42.25104947671063],[-122.2030552011672,42.25244712569478]]]},"properties":{"h3_index":"87281ec55ffffff","station_count":1,"program_id":"klamath_basin","program":"Klamath Basin","resolution":7,"stations":[{"station_id":"13","station_name":"Buck Lake Springs, at control gate","lat":42.267418,"lon":-122.199054,"waterbody":"Spencer Creek","subbasin":"Upper Klamath","organization":"Bureau of Land Management"}]}},{"type":"Feature","geometry":{"type":"Polygon","coordinates":[[[-122.15176919573567,42.256625589398986],[-122.14387920374895,42.268022268481204],[-122.15309051307781,42.278028584009384],[-122.17019180409878,42.276637195826424],[-122.17807810458783,42.2652404740813],[-122.16886680659289,42.2552351830742],[-122.15176919573567,42.256625589398986]]]},"properties":{"h3_index":"87281ec56ffffff","station_count":5,"program_id":"klamath_basin","program":"Klamath Basin","resolution":7,"stations":[{"station_id":"2275","station_name":"Spencer Creek below Buck Lake","lat":42.263,"lon":-122.167,"waterbody":"Spencer Creek","subbasin":"Upper Klamath","organization":"Oregon Department of Environmental Quality"},{"station_id":"1691","station_name":"Upper Spencer Creek","lat":42.263727,"lon":-122.158376,"waterbody":"Spencer Creek","subbasin":"Upper Klamath","organization":"Oregon State University"},{"station_id":"2213","station_name":"Upper Klamath Subbasin (Upper Spencer Creek)","lat":42.263333,"lon":-122.157778,"waterbody":"Spencer Creek","subbasin":"Upper Klamath","organization":"U.S. Forest Service"},{"station_id":"2214","station_name":"Upper Klamath Subbasin (Upper Spencer Creek)","lat":42.26416,"lon":-122.164595,"waterbody":"Spencer Creek","subbasin":"Upper Klamath","organization":"U.S. Forest Service"},{"station_id":"1512","station_name":"Upper Klamath Subbasin SP4800","lat":42.260783,"lon":-122.154431,"waterbody":"Spencer Creek","subbasin":"Upper Klamath","organization":"U.S. Forest Service"}]}},{"type":"Feature","geometry":{"type":"Polygon","coordinates":[[[-121.92136580011031,42.28586786616578],[-121.91343490699933,42.29725371172283],[-121.92263759656582,42.30728143435934],[-121.9397712087694,42.305922286890535],[-121.94769843299252,42.29453638196576],[-121.9384957149505,42.2845096837715],[-121.92136580011031,42.28586786616578]]]},"properties":{"h3_index":"87281ec81ffffff","station_count":4,"program_id":"klamath_basin","program":"Klamath Basin","resolution":7,"stations":[{"station_id":"1307","station_name":"Caledonia - West pump into Geary Canal ","lat":42.293453,"lon":-121.928891,"subbasin":"Upper Klamath Lake","organization":"Oregon Department of Agriculture"},{"station_id":"1302","station_name":"Caledonia Inlet 2","lat":42.300028,"lon":-121.927649,"waterbody":"Upper Klamath Lake","subbasin":"Upper Klamath Lake","organization":"Oregon Department of Agriculture"},{"station_id":"1303","station_name":"Caledonia Pump 2 - Outgoing","lat":42.300028,"lon":-121.927649,"subbasin":"Upper Klamath Lake","organization":"Oregon Department of Agriculture"},{"station_id":"1298","station_name":"Geary Bridge @ Hwy 140","lat":42.292675,"lon":-121.92893,"waterbody":"Upper Klamath Lake","subbasin":"Upper Klamath Lake","organization":"Oregon Department of Agriculture"}]}},{"type":"Feature","geometry":{"type":"Polygon","coordinates":[[[-121.89629978728173,42.29860872929558],[-121.88836365822337,42.3099924323377],[-121.89756631496748,42.320021179210144],[-121.9147051346445,42.318665198698696],[-121.92263759656582,42.30728143435934],[-121.91343490699933,42.29725371172283],[-121.89629978728173,42.29860872929558]]]},"properties":{"h3_index":"87281ec83ffffff","station_count":5,"program_id":"klamath_basin","program":"Klamath Basin","resolution":7,"stations":[{"station_id":"1306","station_name":"Caledonia 3 Background","lat":42.316145,"lon":-121.89685,"waterbody":"Upper Klamath Lake","subbasin":"Upper Klamath Lake","organization":"Oregon Department of Agriculture"},{"station_id":"1299","station_name":"Caledonia Inlet 1","lat":42.312805,"lon":-121.906171,"waterbody":"Upper Klamath Lake","subbasin":"Upper Klamath Lake","organization":"Oregon Department of Agriculture"},{"station_id":"1304","station_name":"Caledonia Inlet 3","lat":42.316145,"lon":-121.89685,"waterbody":"Upper Klamath Lake","subbasin":"Upper Klamath Lake","organization":"Oregon Department of Agriculture"},{"station_id":"1300","station_name":"Caledonia Pump 1 - Outgoing","lat":42.312805,"lon":-121.906171,"subbasin":"Upper Klamath Lake","organization":"Oregon Department of Agriculture"},{"station_id":"1305","station_name":"Caledonia Pump 3 - Outgoing","lat":42.3161,"lon":-121.8968,"subbasin":"Upper Klamath Lake","organization":"Oregon Department of Agriculture"}]}},{"type":"Feature","geometry":{"type":"Polygon","coordinates":[[[-121.92009456481281,42.26444917481033],[-121.91216523990792,42.27583709919936],[-121.92136580011031,42.28586786616578],[-121.9384957149505,42.2845096837715],[-121.94642137275271,42.27312170018728],[-121.93722078386735,42.2630919580866],[-121.92009456481281,42.26444917481033]]]},"properties":{"h3_index":"87281ec85ffffff","station_count":6,"program_id":"klamath_basin","program":"Klamath Basin","resolution":7,"stations":[{"station_id":"1293","station_name":"RY Inlet (near fish screen intake,  Farm Side of Fish Screen)","lat":42.280915,"lon":-121.927202,"subbasin":"Upper Klamath Lake","organization":"Oregon Department of Agriculture"},{"station_id":"1292","station_name":"RY Inlet (near fish screen intake, in Geary Canal)","lat":42.281215,"lon":-121.927326,"waterbody":"Upper Klamath Lake","subbasin":"Upper Klamath Lake","organization":"Oregon Department of Agriculture"},{"station_id":"1294","station_name":"RY Inlet in Fish Screen","lat":42.281098,"lon":-121.927271,"subbasin":"Upper Klamath Lake","organization":"Oregon Department of Agriculture"},{"station_id":"1295","station_name":"RY Tailwater (water in upstream end of tailwater pipe)","lat":42.280749,"lon":-121.92745,"subbasin":"Upper Klamath Lake","organization":"Oregon Department of Agriculture"},{"station_id":"1296","station_name":"RY: Pump 1 - outgoing","lat":42.279192,"lon":-121.92881,"subbasin":"Upper Klamath Lake","organization":"Oregon Department of Agriculture"},{"station_id":"1297","station_name":"RY: Pump 2 - outgoing","lat":42.279239,"lon":-121.928976,"subbasin":"Upper Klamath Lake","organization":"Oregon Department of Agriculture"}]}},{"type":"Feature","geometry":{"type":"Polygon","coordinates":[[[-121.86870249947079,42.26850624373554],[-121.86076427919379,42.27989196529003],[-121.8699626401963,42.28992782474598],[-121.88709926010642,42.28857693767138],[-121.89503381857013,42.27719115323798],[-121.88583541998936,42.26715631865255],[-121.86870249947079,42.26850624373554]]]},"properties":{"h3_index":"87281ec86ffffff","station_count":1,"program_id":"klamath_basin","program":"Klamath Basin","resolution":7,"stations":[{"station_id":"1308","station_name":"Caledonia - East Outlet - RY resort boat ramp","lat":42.289352,"lon":-121.876662,"subbasin":"Upper Klamath Lake","organization":"Oregon Department of Agriculture"}]}},{"type":"Feature","geometry":{"type":"Polygon","coordinates":[[[-121.92263759656582,42.30728143435934],[-121.9147051346445,42.318665198698696],[-121.92390995454979,42.328689875217336],[-121.94104726569536,42.32732976327034],[-121.9489760569424,42.31594593938901],[-121.9397712087694,42.305922286890535],[-121.92263759656582,42.30728143435934]]]},"properties":{"h3_index":"87281ec8effffff","station_count":4,"program_id":"klamath_basin","program":"Klamath Basin","resolution":7,"stations":[{"station_id":"1309","station_name":"Background Lake Level: Howard Bay Boat Ramp","lat":42.313762,"lon":-121.942146,"waterbody":"Upper Klamath Lake","subbasin":"Upper Klamath Lake","organization":"Oregon Department of Agriculture"},{"station_id":"1301","station_name":"Caledonia middle pump - Outgoing","lat":42.30938,"lon":-121.922702,"subbasin":"Upper Klamath Lake","organization":"Oregon Department of Agriculture"},{"station_id":"1345","station_name":"Upper Klamath Lake at Howard\u00ac\u00eds Bay Park ","lat":42.314441,"lon":-121.942275,"waterbody":"Upper Klamath Lake","subbasin":"Upper Klamath Lake","organization":"Oregon Department of Environmental Quality"},{"station_id":"1247","station_name":"Howard Bay Boat Ramp on UKL","lat":42.314612,"lon":-121.942243,"waterbody":"Upper Klamath Lake","subbasin":"Upper Klamath Lake","organization":"U.S. Bureau of Reclamation"}]}},{"type":"Feature","geometry":{"type":"Polygon","coordinates":[[[-121.8185394124026,42.29396587905888],[-121.81059072665575,42.30534730338711],[-121.81978899943991,42.315385211949106],[-121.83693600531424,42.314040671630856],[-121.84488103278287,42.30265918057005],[-121.83568271371078,42.292622296454915],[-121.8185394124026,42.29396587905888]]]},"properties":{"h3_index":"87281ec90ffffff","station_count":8,"program_id":"klamath_basin","program":"Klamath Basin","resolution":7,"stations":[{"station_id":"1313","station_name":"Cove Point 1: Pump Outlet","lat":42.301055,"lon":-121.818685,"subbasin":"Upper Klamath Lake","organization":"Oregon Department of Agriculture"},{"station_id":"1314","station_name":"Cove Point 2: Secondary pump","lat":42.301055,"lon":-121.818851,"subbasin":"Upper Klamath Lake","organization":"Oregon Department of Agriculture"},{"station_id":"1316","station_name":"Cove Point/Hanks Marsh","lat":42.301051,"lon":-121.83033,"waterbody":"Upper Klamath Lake","subbasin":"Upper Klamath Lake","organization":"Oregon Department of Agriculture"},{"station_id":"1319","station_name":"Shady Pine Farm Field Outlet","lat":42.312243,"lon":-121.817016,"subbasin":"Upper Klamath Lake","organization":"Oregon Department of Agriculture"},{"station_id":"1320","station_name":"Shady Pine Pump Outlet (to Lake)","lat":42.30251,"lon":-121.817522,"subbasin":"Upper Klamath Lake","organization":"Oregon Department of Agriculture"},{"station_id":"2145","station_name":"East canal, northeast","lat":42.301126,"lon":-121.818049,"waterbody":"Canal","subbasin":"Upper Klamath Lake","organization":"U.S. Fish and Wildlife Service"},{"station_id":"2501","station_name":"North canal, northeast","lat":42.30127,"lon":-121.81814,"waterbody":"Canal","subbasin":"Upper Klamath Lake","organization":"U.S. Fish and Wildlife Service"},{"station_id":"2159","station_name":"Wetland, northeast","lat":42.300373,"lon":-121.81886,"waterbody":"Wetland","subbasin":"Upper Klamath Lake","organization":"U.S. Fish and Wildlife Service"}]}},{"type":"Feature","geometry":{"type":"Polygon","coordinates":[[[-121.84488103278287,42.30265918057005],[-121.83693600531424,42.314040671630856],[-121.84613645338149,42.32407451194313],[-121.8632819717034,42.322725836850026],[-121.87122333734123,42.311344280809365],[-121.86202284754252,42.30131146473627],[-121.84488103278287,42.30265918057005]]]},"properties":{"h3_index":"87281ec91ffffff","station_count":2,"program_id":"klamath_basin","program":"Klamath Basin","resolution":7,"stations":[{"station_id":"311","station_name":"NORTH BUCK IS.","lat":42.308399,"lon":-121.856003,"waterbody":"Upper Klamath Lake","subbasin":"Upper Klamath Lake","organization":"Klamath Tribes"},{"station_id":"1273","station_name":"Upper Klamath Lake near Buck Island, OR","lat":42.308222,"lon":-121.857222,"waterbody":"Upper Klamath Lake","subbasin":"Upper Klamath Lake","organization":"U.S. Geological Survey"}]}},{"type":"Feature","geometry":{"type":"Polygon","coordinates":[[[-121.81978899943991,42.315385211949106],[-121.81183873653838,42.32676454959534],[-121.82103913851391,42.336799413936134],[-121.83818985053874,42.33545391649696],[-121.84613645338149,42.32407451194313],[-121.83693600531424,42.314040671630856],[-121.81978899943991,42.315385211949106]]]},"properties":{"h3_index":"87281ec93ffffff","station_count":1,"program_id":"klamath_basin","program":"Klamath Basin","resolution":7,"stations":[{"station_id":"1318","station_name":"Shady Pine Inlet","lat":42.330013,"lon":-121.818501,"waterbody":"Upper Klamath Lake","subbasin":"Upper Klamath Lake","organization":"Oregon Department of Agriculture"}]}},{"type":"Feature","geometry":{"type":"Polygon","coordinates":[[[-121.81729037703768,42.272541419440806],[-121.80934326783536,42.28392492806594],[-121.8185394124026,42.29396587905888],[-121.83568271371078,42.292622296454915],[-121.84362616641404,42.28123872127052],[-121.83442997536292,42.271198795144265],[-121.81729037703768,42.272541419440806]]]},"properties":{"h3_index":"87281ec94ffffff","station_count":6,"program_id":"klamath_basin","program":"Klamath Basin","resolution":7,"stations":[{"station_id":"1315","station_name":"Cove Point 3: Spring","lat":42.286997,"lon":-121.819756,"subbasin":"Upper Klamath Lake","organization":"Oregon Department of Agriculture"},{"station_id":"1317","station_name":"Cove Point: Eastern Drainage Area to downslope farm ","lat":42.288189,"lon":-121.816462,"subbasin":"Upper Klamath Lake","organization":"Oregon Department of Agriculture"},{"station_id":"2151","station_name":"Spring pond, north","lat":42.288347,"lon":-121.820066,"waterbody":"Pond","subbasin":"Upper Klamath Lake","organization":"U.S. Fish and Wildlife Service"},{"station_id":"2152","station_name":"Sucker pond, north","lat":42.288718,"lon":-121.818508,"waterbody":"Pond","subbasin":"Upper Klamath Lake","organization":"U.S. Fish and Wildlife Service"},{"station_id":"2156","station_name":"West canal","lat":42.293353,"lon":-121.820596,"waterbody":"Wetland","subbasin":"Upper Klamath Lake","organization":"U.S. Fish and Wildlife Service"},{"station_id":"2158","station_name":"Wetland, middle","lat":42.293392,"lon":-121.820231,"waterbody":"Wetland","subbasin":"Upper Klamath Lake","organization":"U.S. Fish and Wildlife Service"}]}},{"type":"Feature","geometry":{"type":"Polygon","coordinates":[[[-121.847392428576,42.345484711218695],[-121.83944424974989,42.3568620268859],[-121.84864895873271,42.36688977423341],[-121.86580188893024,42.36553918240467],[-121.87374640235905,42.354161801404565],[-121.8645416520435,42.34413507746052],[-121.847392428576,42.345484711218695]]]},"properties":{"h3_index":"87281ec9affffff","station_count":1,"program_id":"klamath_basin","program":"Klamath Basin","resolution":7,"stations":[{"station_id":"914","station_name":"Rattlesnake Point - RPT","lat":42.344752,"lon":-121.859732,"waterbody":"Upper Klamath Lake","subbasin":"Upper Klamath Lake","organization":"U.S. Geological Survey"}]}},{"type":"Feature","geometry":{"type":"Polygon","coordinates":[[[-121.89756631496748,42.320021179210144],[-121.88962861470856,42.3314027984773],[-121.89883340199646,42.34142849881141],[-121.91597592321347,42.34007155595698],[-121.92390995454979,42.328689875217336],[-121.9147051346445,42.318665198698696],[-121.89756631496748,42.320021179210144]]]},"properties":{"h3_index":"87281ec9dffffff","station_count":2,"program_id":"klamath_basin","program":"Klamath Basin","resolution":7,"stations":[{"station_id":"275","station_name":"WOCUS BAY","lat":42.326401,"lon":-121.919998,"waterbody":"Upper Klamath Lake","subbasin":"Upper Klamath Lake","organization":"Klamath Tribes"},{"station_id":"1652","station_name":"Howard Bay","lat":42.331052,"lon":-121.907202,"waterbody":"Upper Klamath Lake","subbasin":"Upper Klamath Lake","organization":"Oregon State University"}]}},{"type":"Feature","geometry":{"type":"Polygon","coordinates":[[[-121.84613645338149,42.32407451194313],[-121.83818985053874,42.33545391649696],[-121.847392428576,42.345484711218695],[-121.8645416520435,42.34413507746052],[-121.87248459127291,42.332755607751174],[-121.8632819717034,42.322725836850026],[-121.84613645338149,42.32407451194313]]]},"properties":{"h3_index":"87281ec9effffff","station_count":1,"program_id":"klamath_basin","program":"Klamath Basin","resolution":7,"stations":[{"station_id":"1543","station_name":"Rattlesnake Point","lat":42.34435,"lon":-121.85975,"waterbody":"Upper Klamath Lake","subbasin":"Upper Klamath Lake","organization":"U.S. Geological Survey"}]}},{"type":"Feature","geometry":{"type":"Polygon","coordinates":[[[-121.8411180949032,42.23838243561504],[-121.83317778990563,42.24977017188163],[-121.84237185390928,42.259813138223336],[-121.85950626629058,42.25846734268984],[-121.86744291479751,42.247079541960225],[-121.85824880846636,42.23703760112194],[-121.8411180949032,42.23838243561504]]]},"properties":{"h3_index":"87281ecb0ffffff","station_count":3,"program_id":"klamath_basin","program":"Klamath Basin","resolution":7,"stations":[{"station_id":"1312","station_name":"Background Lake Level: McCornack Boat Ramp","lat":42.254526,"lon":-121.840547,"waterbody":"Upper Klamath Lake","subbasin":"Upper Klamath Lake","organization":"Oregon Department of Agriculture"},{"station_id":"1310","station_name":"McCornack Outlet 1 Farm Side, Not Pumping (NP) (south pump)","lat":42.256818,"lon":-121.844736,"subbasin":"Upper Klamath Lake","organization":"Oregon Department of Agriculture"},{"station_id":"1633","station_name":"McCornack Outlet 1 Farm Side, PUMPING (south pump)","lat":42.256818,"lon":-121.844736,"subbasin":"Upper Klamath Lake","organization":"Oregon Department of Agriculture"}]}},{"type":"Feature","geometry":{"type":"Polygon","coordinates":[[[-121.81604189298106,42.25111183727797],[-121.80809635971357,42.26249742781121],[-121.81729037703768,42.272541419440806],[-121.83442997536292,42.271198795144265],[-121.84237185390928,42.259813138223336],[-121.83317778990563,42.24977017188163],[-121.81604189298106,42.25111183727797]]]},"properties":{"h3_index":"87281ecb2ffffff","station_count":1,"program_id":"klamath_basin","program":"Klamath Basin","resolution":7,"stations":[{"station_id":"2140","station_name":"ODOT Pond","lat":42.26169,"lon":-121.812797,"waterbody":"ODOT Pond","subbasin":"Upper Klamath Lake","organization":"U.S. Geological Survey"}]}},{"type":"Feature","geometry":{"type":"Polygon","coordinates":[[[-121.84237185390928,42.259813138223336],[-121.83442997536292,42.271198795144265],[-121.84362616641404,42.28123872127052],[-121.86076427919379,42.27989196529003],[-121.86870249947079,42.26850624373554],[-121.85950626629058,42.25846734268984],[-121.84237185390928,42.259813138223336]]]},"properties":{"h3_index":"87281ecb3ffffff","station_count":1,"program_id":"klamath_basin","program":"Klamath Basin","resolution":7,"stations":[{"station_id":"1311","station_name":"McCornack Outlet 2  Lake Side, NP (north pump/inlet)","lat":42.267049,"lon":-121.850827,"waterbody":"Upper Klamath Lake","subbasin":"Upper Klamath Lake","organization":"Oregon Department of Agriculture"}]}},{"type":"Feature","geometry":{"type":"Polygon","coordinates":[[[-121.81479395986896,42.22967713676117],[-121.80685000192688,42.241064806810016],[-121.81604189298106,42.25111183727797],[-121.83317778990563,42.24977017188163],[-121.8411180949032,42.23838243561504],[-121.83192615697412,42.22833643085759],[-121.81479395986896,42.22967713676117]]]},"properties":{"h3_index":"87281ecb6ffffff","station_count":4,"program_id":"klamath_basin","program":"Klamath Basin","resolution":7,"stations":[{"station_id":"266","station_name":"PELICAN MARINA","lat":42.237999,"lon":-121.809998,"waterbody":"Upper Klamath Lake","subbasin":"Upper Klamath Lake","organization":"Klamath Tribes"},{"station_id":"1253","station_name":"Moore Park Boat Marina 2 on UKL","lat":42.234734,"lon":-121.814969,"waterbody":"Upper Klamath Lake","subbasin":"Upper Klamath Lake","organization":"U.S. Bureau of Reclamation"},{"station_id":"907","station_name":"UPPER KLAMATH LAKE NEAR KLAMATH FALLS","lat":42.249866,"lon":-121.816395,"waterbody":"Upper Klamath Lake","subbasin":"Upper Klamath Lake","organization":"U.S. Geological Survey"},{"station_id":"913","station_name":"Upper Klamath Lake near Klamath Falls","lat":42.249866,"lon":-121.816395,"waterbody":"Upper Klamath Lake","subbasin":"Upper Klamath Lake","organization":"U.S. Geological Survey"}]}},{"type":"Feature","geometry":{"type":"Polygon","coordinates":[[[-122.0029447338885,42.35464674350225],[-121.99502173053862,42.36602859812958],[-122.0042351508006,42.37603800474764],[-122.02137158984628,42.37466453369622],[-122.02929091014249,42.36328262461833],[-122.02007747549592,42.3532742409355],[-122.0029447338885,42.35464674350225]]]},"properties":{"h3_index":"87281ecd0ffffff","station_count":2,"program_id":"klamath_basin","program":"Klamath Basin","resolution":7,"stations":[{"station_id":"1331","station_name":"Ball Bay South: Powerhouse","lat":42.365399,"lon":-122.002413,"waterbody":"Rock Creek","subbasin":"Upper Klamath Lake","organization":"Oregon Department of Agriculture"},{"station_id":"1330","station_name":"Ball Bay South: Rock Creek Upstream","lat":42.365342,"lon":-122.002576,"waterbody":"Rock Creek","subbasin":"Upper Klamath Lake","organization":"Oregon Department of Agriculture"}]}},{"type":"Feature","geometry":{"type":"Polygon","coordinates":[[[-122.05824242831088,42.41467158869299],[-122.05032367188358,42.42604937793207],[-122.05954565903701,42.436044516247875],[-122.0766864084854,42.43466084357756],[-122.0846014712197,42.42328300303899],[-122.07537947924735,42.41328888636262],[-122.05824242831088,42.41467158869299]]]},"properties":{"h3_index":"87281ecdbffffff","station_count":2,"program_id":"klamath_basin","program":"Klamath Basin","resolution":7,"stations":[{"station_id":"1675","station_name":"Odessa Spring","lat":42.432292,"lon":-122.059068,"waterbody":"Upper Klamath Lake","subbasin":"Upper Klamath Lake","organization":"Oregon State University"},{"station_id":"1255","station_name":"Odessa Springs","lat":42.430912,"lon":-122.060529,"subbasin":"Upper Klamath Lake","organization":"U.S. Bureau of Reclamation"}]}},{"type":"Feature","geometry":{"type":"Polygon","coordinates":[[[-122.0305871588618,42.384669864050935],[-122.02266627571437,42.39604968786539],[-122.03188398007636,42.406051963122266],[-122.04902257823987,42.40467339216921],[-122.05693977301458,42.393293515480885],[-122.04772205904747,42.383292262512235],[-122.0305871588618,42.384669864050935]]]},"properties":{"h3_index":"87281ecdeffffff","station_count":1,"program_id":"klamath_basin","program":"Klamath Basin","resolution":7,"stations":[{"station_id":"1332","station_name":"Ball Bay North: pump outlet (not pumping)","lat":42.401096,"lon":-122.029891,"subbasin":"Upper Klamath Lake","organization":"Oregon Department of Agriculture"}]}},{"type":"Feature","geometry":{"type":"Polygon","coordinates":[[[-122.08739174406665,42.046442356845134],[-122.07950833245964,42.05785744991169],[-122.08869625577965,42.06789924850705],[-122.1057675915199,42.06652492499288],[-122.11364733469799,42.0551097871912],[-122.10445941160009,42.04506901753217],[-122.08739174406665,42.046442356845134]]]},"properties":{"h3_index":"87281ed01ffffff","station_count":1,"program_id":"klamath_basin","program":"Klamath Basin","resolution":7,"stations":[{"station_id":"2186","station_name":"Klamath26","lat":42.055849,"lon":-122.089232,"waterbody":"Klamath River","subbasin":"Upper Klamath","organization":"RES"}]}},{"type":"Feature","geometry":{"type":"Polygon","coordinates":[[[-122.08608780605185,42.02498039256117],[-122.07820594181104,42.03639752961576],[-122.08739174406665,42.046442356845134],[-122.10445941160009,42.04506901753217],[-122.11233760919394,42.033651835895704],[-122.10315180693598,42.0236080380475],[-122.08608780605185,42.02498039256117]]]},"properties":{"h3_index":"87281ed05ffffff","station_count":2,"program_id":"klamath_basin","program":"Klamath Basin","resolution":7,"stations":[{"station_id":"1286","station_name":"TOPS - Frain Ranch Campground/Topsy Grade CES (BLM)","lat":42.026815,"lon":-122.099552,"subbasin":"Upper Klamath","organization":"Klamath Bird Observatory "},{"station_id":"2185","station_name":"Klamath24","lat":42.025283,"lon":-122.103767,"waterbody":"Klamath River","subbasin":"Upper Klamath","organization":"RES"}]}},{"type":"Feature","geometry":{"type":"Polygon","coordinates":[[[-122.04005744597274,42.114912198217375],[-122.03216049830667,42.12631899508275],[-122.0413526551119,42.136356786412264],[-122.05844176854754,42.13498675313669],[-122.0663350476154,42.12357990737359],[-122.0571428828855,42.113543143677305],[-122.04005744597274,42.114912198217375]]]},"properties":{"h3_index":"87281ed1bffffff","station_count":5,"program_id":"klamath_basin","program":"Klamath Basin","resolution":7,"stations":[{"station_id":"86","station_name":"Klamath River below springs","lat":42.115576,"lon":-122.055,"waterbody":"Klamath River","subbasin":"Upper Klamath","organization":"Bureau of Land Management"},{"station_id":"75","station_name":"Klamath River, below JC Boyle Dam","lat":42.120504,"lon":-122.048733,"waterbody":"Klamath River","subbasin":"Upper Klamath","organization":"Bureau of Land Management"},{"station_id":"1342","station_name":"JC Boyle Reservoir at Topsy Campground","lat":42.124379,"lon":-122.042977,"waterbody":"JC Boyle Reservoir","subbasin":"Upper Klamath","organization":"Oregon Department of Environmental Quality"},{"station_id":"315","station_name":"Klamath River below JC Boyle Dam","lat":42.121222,"lon":-122.049272,"waterbody":"Klamath River","subbasin":"Upper Klamath","organization":"PacifiCorp"},{"station_id":"2189","station_name":"Klamath32","lat":42.121529,"lon":-122.049294,"waterbody":"Klamath River","subbasin":"Upper Klamath","organization":"RES"}]}},{"type":"Feature","geometry":{"type":"Polygon","coordinates":[[[-122.06373474556015,42.08068349666533],[-122.05584456893108,42.09209444766795],[-122.06503461043746,42.102134244086315],[-122.08211483345652,42.100762061112626],[-122.09000134156825,42.08935106329542],[-122.08081129621581,42.07931229515992],[-122.06373474556015,42.08068349666533]]]},"properties":{"h3_index":"87281ed1dffffff","station_count":8,"program_id":"klamath_basin","program":"Klamath Basin","resolution":7,"stations":[{"station_id":"23","station_name":"Klamath River at USGS station below JC Boyle Powerhouse","lat":42.085002,"lon":-122.073083,"waterbody":"Klamath River","subbasin":"Upper Klamath","organization":"Bureau of Land Management"},{"station_id":"116","station_name":"Klamath River, near power house","lat":42.093165,"lon":-122.068961,"waterbody":"Klamath River","subbasin":"Upper Klamath","organization":"Bureau of Land Management"},{"station_id":"268","station_name":"Klamath River downstream of Big Bend Powerhouse","lat":42.0869,"lon":-122.0599,"waterbody":"Klamath River","subbasin":"Upper Klamath","organization":"Oregon Department of Environmental Quality"},{"station_id":"247","station_name":"Klamath River below USGS Gage","lat":42.087,"lon":-122.075,"waterbody":"Klamath River","subbasin":"Upper Klamath","organization":"PacifiCorp"},{"station_id":"2187","station_name":"Klamath28","lat":42.080037,"lon":-122.07644,"waterbody":"Klamath River","subbasin":"Upper Klamath","organization":"RES"},{"station_id":"2188","station_name":"Klamath30","lat":42.09346,"lon":-122.069538,"waterbody":"Klamath River","subbasin":"Upper Klamath","organization":"RES"},{"station_id":"897","station_name":"KLAMATH RIVER BLW JOHN C.BOYLE PWRPLNT (NR KENO)","lat":42.084588,"lon":-122.073345,"waterbody":"Klamath River","subbasin":"Upper Klamath","organization":"U.S. Geological Survey"},{"station_id":"1752","station_name":"Klamath River below J.C. Boyle Powerplant","lat":42.084582,"lon":-122.073332,"waterbody":"Klamath River","subbasin":"Upper Klamath","organization":"USGS/RES"}]}},{"type":"Feature","geometry":{"type":"Polygon","coordinates":[[[-122.13595868873253,41.99939204251413],[-122.12808724709164,42.01081334704241],[-122.13727304506985,42.02085611529704],[-122.1543302771641,42.019476549111346],[-122.16219804879353,42.00805520384648],[-122.1530122593718,41.99801346539701],[-122.13595868873253,41.99939204251413]]]},"properties":{"h3_index":"87281ed2cffffff","station_count":1,"program_id":"klamath_basin","program":"Klamath Basin","resolution":7,"stations":[{"station_id":"2184","station_name":"Klamath22","lat":42.015167,"lon":-122.141711,"waterbody":"Klamath River","subbasin":"Upper Klamath","organization":"RES"}]}},{"type":"Feature","geometry":{"type":"Polygon","coordinates":[[[-122.16219804879353,42.00805520384648],[-122.1543302771641,42.019476549111346],[-122.16351818696891,42.029515260266216],[-122.1805738563736,42.02813159648298],[-122.18843795453587,42.01671021225434],[-122.17925005779136,42.00667253066557],[-122.16219804879353,42.00805520384648]]]},"properties":{"h3_index":"87281ed2dffffff","station_count":1,"program_id":"klamath_basin","program":"Klamath Basin","resolution":7,"stations":[{"station_id":"2183","station_name":"Klamath20","lat":42.008801,"lon":-122.175722,"waterbody":"Klamath River","subbasin":"Upper Klamath","organization":"RES"}]}},{"type":"Feature","geometry":{"type":"Polygon","coordinates":[[[-122.1110284595347,42.01218881500387],[-122.10315180693598,42.0236080380475],[-122.11233760919394,42.033651835895704],[-122.12940006080402,42.032275380999955],[-122.13727304506985,42.02085611529704],[-122.12808724709164,42.01081334704241],[-122.1110284595347,42.01218881500387]]]},"properties":{"h3_index":"87281ed2effffff","station_count":1,"program_id":"klamath_basin","program":"Klamath Basin","resolution":7,"stations":[{"station_id":"2080","station_name":"below jc boyle","lat":42.022778,"lon":-122.107222,"waterbody":"Klamath River","subbasin":"Upper Klamath","organization":"U.S. Fish and Wildlife Service"}]}},{"type":"Feature","geometry":{"type":"Polygon","coordinates":[[[-122.29880254472693,42.13697797017791],[-122.29094704384744,42.148391326386154],[-122.30015396199616,42.158397580178644],[-122.31721634547759,42.1569894511132],[-122.32506814848749,42.145576064183004],[-122.31586126691438,42.135570836931535],[-122.29880254472693,42.13697797017791]]]},"properties":{"h3_index":"87281ed48ffffff","station_count":1,"program_id":"klamath_basin","program":"Klamath Basin","resolution":7,"stations":[{"station_id":"2268","station_name":"Johnson Creek at Moon Prairie Road","lat":42.1577,"lon":-122.3079,"waterbody":"Johnson Creek","subbasin":"Upper Klamath","organization":"Oregon Department of Environmental Quality"}]}},{"type":"Feature","geometry":{"type":"Polygon","coordinates":[[[-122.30015396199616,42.158397580178644],[-122.29229692690205,42.16980888882276],[-122.30150597393047,42.17981209939396],[-122.31857202025785,42.17840297511511],[-122.32642535568147,42.16699163558719],[-122.31721634547759,42.1569894511132],[-122.30015396199616,42.158397580178644]]]},"properties":{"h3_index":"87281ed4bffffff","station_count":3,"program_id":"klamath_basin","program":"Klamath Basin","resolution":7,"stations":[{"station_id":"1871","station_name":"Jenny Creek above Johnson Creek","lat":42.164722,"lon":-122.321944,"waterbody":"Jenny Creek","subbasin":"Upper Klamath","organization":"Bureau of Land Management"},{"station_id":"1872","station_name":"Jenny Creek above Johnson Creek (site operated by Southern Oregon University)","lat":42.164722,"lon":-122.321944,"waterbody":"Jenny Creek","subbasin":"Upper Klamath","organization":"Bureau of Land Management"},{"station_id":"2267","station_name":"Jenny Creek upstream of Johnson Creek","lat":42.1652,"lon":-122.3214,"waterbody":"Jenny Creek","subbasin":"Upper Klamath","organization":"Oregon Department of Environmental Quality"}]}},{"type":"Feature","geometry":{"type":"Polygon","coordinates":[[[-122.31964528375815,42.05986294300209],[-122.3117996046115,42.07128449543866],[-122.32100010611687,42.081298840190776],[-122.33804624770593,42.0798906043226],[-122.34588823274451,42.06846902357045],[-122.33668777132749,42.05845570689347],[-122.31964528375815,42.05986294300209]]]},"properties":{"h3_index":"87281ed6cffffff","station_count":1,"program_id":"klamath_basin","program":"Klamath Basin","resolution":7,"stations":[{"station_id":"1874","station_name":"Parker Creek above confluence with Jenny Creek, @ BLM gage","lat":42.073611,"lon":-122.341389,"waterbody":"Parker Creek","subbasin":"Upper Klamath","organization":"Bureau of Land Management"}]}},{"type":"Feature","geometry":{"type":"Polygon","coordinates":[[[-122.34588823274451,42.06846902357045],[-122.33804624770593,42.0798906043226],[-122.34724883459153,42.08990088409164],[-122.36429336294636,42.088488555182536],[-122.37213165045229,42.07706694789137],[-122.36292910816049,42.06705769593951],[-122.34588823274451,42.06846902357045]]]},"properties":{"h3_index":"87281ed6dffffff","station_count":1,"program_id":"klamath_basin","program":"Klamath Basin","resolution":7,"stations":[{"station_id":"1863","station_name":"Jenny Creek below Keene Creek, @ Box O Ranch north boundary","lat":42.0825,"lon":-122.349722,"waterbody":"Jenny Creek","subbasin":"Upper Klamath","organization":"Bureau of Land Management"}]}},{"type":"Feature","geometry":{"type":"Polygon","coordinates":[[[-121.91121159910989,42.1143752389976],[-121.90329323475576,42.125777648098676],[-121.91247891664504,42.13582967497554],[-121.92958299406119,42.134478264776014],[-121.93749770377293,42.123075797639856],[-121.9283119917563,42.11302479863291],[-121.91121159910989,42.1143752389976]]]},"properties":{"h3_index":"87281ed85ffffff","station_count":5,"program_id":"klamath_basin","program":"Klamath Basin","resolution":7,"stations":[{"station_id":"313","station_name":"Klamath River at Keno","lat":42.129,"lon":-121.93,"waterbody":"Klamath River","subbasin":"Keno","organization":"Oregon Department of Environmental Quality"},{"station_id":"454","station_name":"Klamath R. above Keno Dam nr Keno, OR [bottom]","lat":42.128184,"lon":-121.929046,"waterbody":"Klamath River","subbasin":"Keno","organization":"U.S. Bureau of Reclamation"},{"station_id":"369","station_name":"Klamath R. above Keno Dam nr Keno, OR [top]","lat":42.128184,"lon":-121.929046,"waterbody":"Klamath River","subbasin":"Keno","organization":"U.S. Bureau of Reclamation"},{"station_id":"952","station_name":"KLAMATH RIVER ABOVE KENO DAM, AT KENO, OR","lat":42.127922,"lon":-121.928896,"waterbody":"Klamath River","subbasin":"Keno","organization":"U.S. Geological Survey"},{"station_id":"954","station_name":"KLAMATH RIVER ABV KENO DAM, AT KENO - BOTTOM","lat":42.127922,"lon":-121.928896,"waterbody":"Klamath River","subbasin":"Keno","organization":"U.S. Geological Survey"}]}},{"type":"Feature","geometry":{"type":"Polygon","coordinates":[[[-121.83610858656861,42.15260851357099],[-121.82817456969178,42.16400454323784],[-121.8373601352277,42.17405965240429],[-121.85447976180878,42.172717704590056],[-121.8624101292974,42.16132161112546],[-121.85322452064311,42.15126752916799],[-121.83610858656861,42.15260851357099]]]},"properties":{"h3_index":"87281ed91ffffff","station_count":2,"program_id":"klamath_basin","program":"Klamath Basin","resolution":7,"stations":[{"station_id":"2093","station_name":"miller island","lat":42.163056,"lon":-121.830278,"waterbody":"Keno Reservoir","subbasin":"Keno","organization":"U.S. Fish and Wildlife Service"},{"station_id":"2094","station_name":"miller island","lat":42.162778,"lon":-121.830556,"waterbody":"Keno Reservoir","subbasin":"Keno","organization":"U.S. Fish and Wildlife Service"}]}},{"type":"Feature","geometry":{"type":"Polygon","coordinates":[[[-121.78474748650831,42.15661689871083],[-121.77680460681135,42.168010725439835],[-121.7859879505066,42.178070920389],[-121.80311422694845,42.17673626131411],[-121.81105346256723,42.165342367110746],[-121.8018700668747,42.15528319935219],[-121.78474748650831,42.15661689871083]]]},"properties":{"h3_index":"87281ed92ffffff","station_count":2,"program_id":"klamath_basin","program":"Klamath Basin","resolution":7,"stations":[{"station_id":"2110","station_name":"Klamath River Near Klamath Falls, OR","lat":42.174678,"lon":-121.798711,"waterbody":"Klamath River","subbasin":"Keno","organization":"U.S. Geological Survey"},{"station_id":"960","station_name":"Lost River Diversion Channel near Klamath River, OR","lat":42.170839,"lon":-121.788347,"waterbody":"Lost River Diversion Channel","subbasin":"Lost","organization":"U.S. Geological Survey"}]}},{"type":"Feature","geometry":{"type":"Polygon","coordinates":[[[-121.83485758958597,42.13115227622495],[-121.82692514322243,42.142550373227614],[-121.83610858656861,42.15260851357099],[-121.85322452064311,42.15126752916799],[-121.8611533193908,42.13986936852959],[-121.85196983272921,42.12981225582511],[-121.83485758958597,42.13115227622495]]]},"properties":{"h3_index":"87281ed95ffffff","station_count":7,"program_id":"klamath_basin","program":"Klamath Basin","resolution":7,"stations":[{"station_id":"225","station_name":"Klamath River at Miller Island Boat Ramp","lat":42.1472,"lon":-121.8476,"waterbody":"Klamath River","subbasin":"Keno","organization":"Oregon Department of Environmental Quality"},{"station_id":"450","station_name":"Klamath R. at Miller Island Boat Ramp   ","lat":42.148107,"lon":-121.848646,"waterbody":"Klamath River","subbasin":"Keno","organization":"U.S. Bureau of Reclamation"},{"station_id":"328","station_name":"Klamath R. at Miller Island Boat Ramp [bottom]","lat":42.148107,"lon":-121.848646,"waterbody":"Klamath River","subbasin":"Keno","organization":"U.S. Bureau of Reclamation-USGS"},{"station_id":"444","station_name":"Klamath R. at Miller Island Boat Ramp [top]","lat":42.148107,"lon":-121.848646,"waterbody":"Klamath River","subbasin":"Keno","organization":"U.S. Bureau of Reclamation-USGS"},{"station_id":"970","station_name":"Klamath River at Miller Island Boat Ramp, Bottom","lat":42.148061,"lon":-121.848625,"waterbody":"Klamath River","subbasin":"Keno","organization":"U.S. Geological Survey"},{"station_id":"842","station_name":"KLAMATH RIVER AT MILLER ISLAND BOAT RAMP, Upper","lat":42.148061,"lon":-121.848625,"waterbody":"Klamath River","subbasin":"Keno","organization":"U.S. Geological Survey"},{"station_id":"2109","station_name":"Klamath River at Miller Island, Near Midland, OR","lat":42.146783,"lon":-121.848686,"waterbody":"Klamath River","subbasin":"Keno","organization":"U.S. Geological Survey"}]}},{"type":"Feature","geometry":{"type":"Polygon","coordinates":[[[-121.93749770377293,42.123075797639856],[-121.92958299406119,42.134478264776014],[-121.93877082843215,42.14452623251419],[-121.95587339915882,42.143170705357235],[-121.96378445071429,42.13176818194782],[-121.95459659074386,42.121721241862964],[-121.93749770377293,42.123075797639856]]]},"properties":{"h3_index":"87281edaaffffff","station_count":8,"program_id":"klamath_basin","program":"Klamath Basin","resolution":7,"stations":[{"station_id":"1343","station_name":"Keno Reservoir at Keno Park","lat":42.135896,"lon":-121.94248,"waterbody":"Keno Reservoir","subbasin":"Keno","organization":"Oregon Department of Environmental Quality"},{"station_id":"479","station_name":"Klamath River below Keno Dam","lat":42.134525,"lon":-121.948071,"waterbody":"Klamath River","subbasin":"Upper Klamath","organization":"U.S. Bureau of Reclamation"},{"station_id":"2086","station_name":"Klamath River Above Keno  Dam","lat":42.136667,"lon":-121.949167,"waterbody":"Klamath River","subbasin":"Upper Klamath","organization":"U.S. Fish and Wildlife Service"},{"station_id":"2089","station_name":"Klamath River Below Keno  Dam","lat":42.131944,"lon":-121.947778,"waterbody":"Klamath River","subbasin":"Upper Klamath","organization":"U.S. Fish and Wildlife Service"},{"station_id":"2090","station_name":"Klamath River Below Keno  Dam","lat":42.132222,"lon":-121.948056,"waterbody":"Klamath River","subbasin":"Upper Klamath","organization":"U.S. Fish and Wildlife Service"},{"station_id":"2108","station_name":"Keno Reservoir at Keno, OR","lat":42.134881,"lon":-121.948122,"waterbody":"Keno Reservoir","subbasin":"Keno","organization":"U.S. Geological Survey"},{"station_id":"901","station_name":"KLAMATH RIVER AT KENO","lat":42.133199,"lon":-121.962231,"waterbody":"Klamath River","subbasin":"Upper Klamath","organization":"U.S. Geological Survey"},{"station_id":"1751","station_name":"Klamath River at Keno, OR","lat":42.133194,"lon":-121.962218,"waterbody":"Klamath River","subbasin":"Upper Klamath","organization":"USGS/RES"}]}},{"type":"Feature","geometry":{"type":"Polygon","coordinates":[[[-121.83360714391625,42.10969094459892],[-121.8256762674599,42.12109110652433],[-121.83485758958597,42.13115227622495],[-121.85196983272921,42.12981225582511],[-121.85989706334088,42.118412030424295],[-121.85071569770264,42.10835188879397],[-121.83360714391625,42.10969094459892]]]},"properties":{"h3_index":"87281edb3ffffff","station_count":2,"program_id":"klamath_basin","program":"Klamath Basin","resolution":7,"stations":[{"station_id":"482","station_name":"North Canal @ Hway 97","lat":42.122046,"lon":-121.82846,"waterbody":"North Canal","subbasin":"Keno","organization":"U.S. Bureau of Reclamation"},{"station_id":"825","station_name":"North Canal at Highway 97 near Midland","lat":42.122368,"lon":-121.830003,"waterbody":"North Canal","subbasin":"Keno","organization":"U.S. Geological Survey"}]}},{"type":"Feature","geometry":{"type":"Polygon","coordinates":[[[-121.83110790506322,42.06675301547688],[-121.82318016660436,42.0781572999936],[-121.83235724919629,42.08822452293348],[-121.84946211519922,42.08688643231482],[-121.85738621135182,42.07548208463826],[-121.84820908485509,42.06541589063562],[-121.83110790506322,42.06675301547688]]]},"properties":{"h3_index":"87281edb4ffffff","station_count":11,"program_id":"klamath_basin","program":"Klamath Basin","resolution":7,"stations":[{"station_id":"281","station_name":"Klamath Strait at USBR Pump Station F","lat":42.0799,"lon":-121.8407,"waterbody":"Klamath Straits Drain","subbasin":"Lost","organization":"Oregon Department of Environmental Quality"},{"station_id":"414","station_name":"ADY Canal @ HWay 97","lat":42.080875,"lon":-121.845349,"waterbody":"Ady Canal","subbasin":"Lost","organization":"U.S. Bureau of Reclamation"},{"station_id":"331","station_name":"Klamath Straits Drain at Hwy 97","lat":42.080631,"lon":-121.8458,"waterbody":"Klamath Straits Drain","subbasin":"Keno","organization":"U.S. Bureau of Reclamation"},{"station_id":"412","station_name":"Klamath Straits Drain nr Hwy 97","lat":42.080833,"lon":-121.846919,"waterbody":"Klamath Straits Drain","subbasin":"Keno","organization":"U.S. Bureau of Reclamation"},{"station_id":"404","station_name":"Klamath Straits Drain nr Hwy 97","lat":42.080631,"lon":-121.8458,"waterbody":"Klamath Straits Drain","subbasin":"Keno","organization":"U.S. Bureau of Reclamation"},{"station_id":"1256","station_name":"Pumping Plant F/FF","lat":42.08076,"lon":-121.846706,"waterbody":"Klamath Straits Drain","subbasin":"Keno","organization":"U.S. Bureau of Reclamation"},{"station_id":"859","station_name":"Ady Canal at Highway 97 near Worden","lat":42.080702,"lon":-121.84667,"waterbody":"Ady Canal","subbasin":"Keno","organization":"U.S. Geological Survey"},{"station_id":"1274","station_name":"KLAMATH STRAITS DRAIN ABOVE F-FF PUMPS, WORDEN, OR","lat":42.079894,"lon":-121.841958,"waterbody":"Klamath Straits Drain","subbasin":"Lost","organization":"U.S. Geological Survey"},{"station_id":"1275","station_name":"KLAMATH STRAITS DRAIN AT HIGHWAY 97, OR","lat":42.080636,"lon":-121.841958,"waterbody":"Klamath Straits Drain","subbasin":"Lost","organization":"U.S. Geological Survey"},{"station_id":"819","station_name":"KLAMATH STRAITS DRAIN NEAR HIGHWAY 97, OR","lat":42.080839,"lon":-121.850014,"waterbody":"Klamath Straits Drain","subbasin":"Keno","organization":"U.S. Geological Survey"},{"station_id":"813","station_name":"Klamath Straits Drain near Worden","lat":42.080005,"lon":-121.843625,"waterbody":"Klamath Straits Drain","subbasin":"Lost","organization":"U.S. Geological Survey"}]}},{"type":"Feature","geometry":{"type":"Polygon","coordinates":[[[-121.4402989103355,42.94519104745006],[-121.43223235810295,42.95649228365319],[-121.44147427079884,42.966482124230915],[-121.45878285032711,42.96516971550836],[-121.4668457362766,42.95386837740589],[-121.45760371007508,42.94387954982133],[-121.4402989103355,42.94519104745006]]]},"properties":{"h3_index":"8728ad161ffffff","station_count":1,"program_id":"klamath_basin","program":"Klamath Basin","resolution":7,"stations":[{"station_id":"2106","station_name":"Irving Creek Near Lenz, OR","lat":42.951667,"lon":-121.459056,"waterbody":"Irving Creek","subbasin":"Williamson","organization":"U.S. Geological Survey"}]}},{"type":"Feature","geometry":{"type":"Polygon","coordinates":[[[-121.44147427079884,42.966482124230915],[-121.43340608964151,42.97778118441823],[-121.44265015499334,42.98776793811325],[-121.45996251594656,42.98645461888564],[-121.46802702902812,42.9751554565721],[-121.45878285032711,42.96516971550836],[-121.44147427079884,42.966482124230915]]]},"properties":{"h3_index":"8728ad16effffff","station_count":2,"program_id":"klamath_basin","program":"Klamath Basin","resolution":7,"stations":[{"station_id":"2210","station_name":"Williamson Subbasin (Long Prairie-Williamson River)","lat":42.985278,"lon":-121.450833,"waterbody":"Jackson Creek","subbasin":"Williamson","organization":"U.S. Forest Service"},{"station_id":"2107","station_name":"Jackson Creek Near Lenz, OR","lat":42.978361,"lon":-121.459361,"waterbody":"Jackson Creek","subbasin":"Williamson","organization":"U.S. Geological Survey"}]}},{"type":"Feature","geometry":{"type":"Polygon","coordinates":[[[-121.61415961151653,43.25198646902702],[-121.60609565275915,43.26326204679434],[-121.6153770614955,43.27319002716742],[-121.63272251348884,43.27184142200407],[-121.64078276204256,43.26056574977314],[-121.63150126990378,43.250638777062534],[-121.61415961151653,43.25198646902702]]]},"properties":{"h3_index":"8728ad30affffff","station_count":1,"program_id":"klamath_basin","program":"Klamath Basin","resolution":7,"stations":[{"station_id":"609","station_name":"Williamson Subbasin JK5430","lat":43.258446,"lon":-121.614364,"waterbody":"Jack Creek","subbasin":"Williamson","organization":"U.S. Forest Service"}]}},{"type":"Feature","geometry":{"type":"Polygon","coordinates":[[[-121.40208725689408,42.72326617991895],[-121.39403331381816,42.734588949165435],[-121.40325149297853,42.7446136503295],[-121.42052373599051,42.743314565286475],[-121.42857403432558,42.73199169459373],[-121.41935573547765,42.72196801028744],[-121.40208725689408,42.72326617991895]]]},"properties":{"h3_index":"8728ad80effffff","station_count":1,"program_id":"klamath_basin","program":"Klamath Basin","resolution":7,"stations":[{"station_id":"2452","station_name":"Head of Williamson","lat":42.73147,"lon":-121.4197,"waterbody":"Williamson River","subbasin":"Williamson","organization":"Klamath Tribes"}]}},{"type":"Feature","geometry":{"type":"Polygon","coordinates":[[[-121.17488030286043,42.85796143555002],[-121.16677729247455,42.86926155845417],[-121.1759963352618,42.879292329826576],[-121.193318549632,42.878021963644514],[-121.20141793101354,42.86672172170559],[-121.19219872813187,42.8566919648823],[-121.17488030286043,42.85796143555002]]]},"properties":{"h3_index":"8728ad89bffffff","station_count":1,"program_id":"klamath_basin","program":"Klamath Basin","resolution":7,"stations":[{"station_id":"403","station_name":"Sprague Subbasin CY5060","lat":42.864118,"lon":-121.171595,"waterbody":"Coyote Creek ","subbasin":"Sprague","organization":"U.S. Forest Service"}]}},{"type":"Feature","geometry":{"type":"Polygon","coordinates":[[[-121.1726497289779,42.81528390763179],[-121.16455001007488,42.82658838015689],[-121.17376476754285,42.83662529348272],[-121.19107940535919,42.83535671890918],[-121.19917549879368,42.824052127784576],[-121.18996058098166,42.814016229731976],[-121.1726497289779,42.81528390763179]]]},"properties":{"h3_index":"8728ad89cffffff","station_count":1,"program_id":"klamath_basin","program":"Klamath Basin","resolution":7,"stations":[{"station_id":"1658","station_name":"Long Creek (Sycan Marsh)","lat":42.829048,"lon":-121.183404,"waterbody":"Long Creek","subbasin":"Sprague","organization":"Oregon State University"}]}},{"type":"Feature","geometry":{"type":"Polygon","coordinates":[[[-121.46330501268135,42.889975595529926],[-121.45524700427414,42.90128344735266],[-121.46448472845333,42.91127844292042],[-121.48178057145155,42.909964572644355],[-121.48983491524896,42.89865662131247],[-121.48059708174924,42.88866263966181],[-121.46330501268135,42.889975595529926]]]},"properties":{"h3_index":"8728ad8c9ffffff","station_count":1,"program_id":"klamath_basin","program":"Klamath Basin","resolution":7,"stations":[{"station_id":"2454","station_name":"Williamson at Rocky Ford","lat":42.89394,"lon":-121.46322,"waterbody":"Williamson River","subbasin":"Williamson","organization":"Klamath Tribes"}]}},{"type":"Feature","geometry":{"type":"Polygon","coordinates":[[[-121.30643285122216,42.880363657897284],[-121.29834966049128,42.89166653372405],[-121.30757803840245,42.901679933012936],[-121.32488974509111,42.90038944220389],[-121.33296928990443,42.88908645612276],[-121.32374077504437,42.879074071002535],[-121.30643285122216,42.880363657897284]]]},"properties":{"h3_index":"8728ad8d3ffffff","station_count":1,"program_id":"klamath_basin","program":"Klamath Basin","resolution":7,"stations":[{"station_id":"2211","station_name":"Sprague Subbasin (Calahan Creek-Long Creek)","lat":42.90069,"lon":-121.315982,"waterbody":"Long Creek","subbasin":"Sprague","organization":"U.S. Forest Service"}]}},{"type":"Feature","geometry":{"type":"Polygon","coordinates":[[[-121.46094715566862,42.84735416033351],[-121.45289239574845,42.8586663432266],[-121.46212582186956,42.86866750000637],[-121.4794141186383,42.86735545913491],[-121.48746521752709,42.85604317717267],[-121.4782316817684,42.846043035047195],[-121.46094715566862,42.84735416033351]]]},"properties":{"h3_index":"8728ad8ebffffff","station_count":1,"program_id":"klamath_basin","program":"Klamath Basin","resolution":7,"stations":[{"station_id":"2453","station_name":"Williamson at Donahue","lat":42.85673,"lon":-121.46332,"waterbody":"Williamson River","subbasin":"Williamson","organization":"Klamath Tribes"}]}},{"type":"Feature","geometry":{"type":"Polygon","coordinates":[[[-121.28817897227741,42.538592068671285],[-121.28012188867757,42.54992942880753],[-121.28931604166932,42.55999185096861],[-121.30656741851466,42.55871589273003],[-121.31462088450357,42.547378425660305],[-121.30542659234482,42.53731702366143],[-121.28817897227741,42.538592068671285]]]},"properties":{"h3_index":"8728ad914ffffff","station_count":2,"program_id":"klamath_basin","program":"Klamath Basin","resolution":7,"stations":[{"station_id":"1790","station_name":"Sycan R at Coyote Bucket","lat":42.54264,"lon":-121.30725,"waterbody":"Sycan River","subbasin":"Sprague","organization":"Klamath Tribes"},{"station_id":"2076","station_name":"Sycan River","lat":42.54843,"lon":-121.31164,"waterbody":"Sycan River","subbasin":"Sprague","organization":"Trout Unlimited"}]}},{"type":"Feature","geometry":{"type":"Polygon","coordinates":[[[-121.34336191423122,42.598935049095395],[-121.33530882224066,42.6102683441464],[-121.34451178061664,42.62031651480406],[-121.3617679617367,42.61903037122672],[-121.36981742521695,42.60769697229961],[-121.36061433717387,42.597649820724016],[-121.34336191423122,42.598935049095395]]]},"properties":{"h3_index":"8728ad918ffffff","station_count":2,"program_id":"klamath_basin","program":"Klamath Basin","resolution":7,"stations":[{"station_id":"1792","station_name":"Sycan R at Elde Flat","lat":42.61536,"lon":-121.34689,"waterbody":"Sycan River","subbasin":"Sprague","organization":"Klamath Tribes"},{"station_id":"282","station_name":"SYCAN R. @ ELDE FLAT","lat":42.615333,"lon":-121.346139,"waterbody":"Sycan River","subbasin":"Sprague","organization":"Klamath Tribes"}]}},{"type":"Feature","geometry":{"type":"Polygon","coordinates":[[[-121.28590634666153,42.495776954417266],[-121.27785251483127,42.50711858318071],[-121.28704240738644,42.5171871017815],[-121.30428627229745,42.51591297058045],[-121.31233649003227,42.5045712352682],[-121.30314645803685,42.49450373760476],[-121.28590634666153,42.495776954417266]]]},"properties":{"h3_index":"8728ad936ffffff","station_count":3,"program_id":"klamath_basin","program":"Klamath Basin","resolution":7,"stations":[{"station_id":"1641","station_name":"Brown Springs (Sycan River)","lat":42.495401,"lon":-121.29536,"waterbody":"Sycan River","subbasin":"Sprague","organization":"Oregon State University"},{"station_id":"2074","station_name":"Sycan River","lat":42.49936,"lon":-121.29368,"waterbody":"Sycan River","subbasin":"Sprague","organization":"Trout Unlimited"},{"station_id":"2075","station_name":"Sycan River","lat":42.50326,"lon":-121.29366,"waterbody":"Sycan River","subbasin":"Sprague","organization":"Trout Unlimited"}]}},{"type":"Feature","geometry":{"type":"Polygon","coordinates":[[[-121.59950929105308,42.53664592334599],[-121.59150387969747,42.54799509494822],[-121.60071433858754,42.55802389983281],[-121.61793029462218,42.55670251291579],[-121.6259320533188,42.54535325612057],[-121.61672150971295,42.53532547133136],[-121.59950929105308,42.53664592334599]]]},"properties":{"h3_index":"8728ad965ffffff","station_count":4,"program_id":"klamath_basin","program":"Klamath Basin","resolution":7,"stations":[{"station_id":"1788","station_name":"Sprague R at Lone Pine","lat":42.55146,"lon":-121.61977,"waterbody":"Sprague River","subbasin":"Sprague","organization":"Klamath Tribes"},{"station_id":"231","station_name":"SPRAGUE R. @ LONE PINE","lat":42.550499,"lon":-121.617996,"waterbody":"Sprague River","subbasin":"Sprague","organization":"Klamath Tribes"},{"station_id":"1636","station_name":"Above Kamkaun/S'choholis Nat. forest patch","lat":42.543428,"lon":-121.608229,"waterbody":"Sprague River","subbasin":"Sprague","organization":"Oregon State University"},{"station_id":"192","station_name":"Sprague River at Lone Pine","lat":42.551531,"lon":-121.619844,"waterbody":"Sprague River","subbasin":"Sprague","organization":"Oregon Water Resources Department "}]}},{"type":"Feature","geometry":{"type":"Polygon","coordinates":[[[-121.26966681233027,42.679514586122224],[-121.26159470098636,42.69083682230961],[-121.27080151597411,42.70088193058522],[-121.28808058622926,42.6996037849251],[-121.29614907132536,42.68828143868455],[-121.28694211350653,42.67823734805576],[-121.26966681233027,42.679514586122224]]]},"properties":{"h3_index":"8728ad989ffffff","station_count":1,"program_id":"klamath_basin","program":"Klamath Basin","resolution":7,"stations":[{"station_id":"1688","station_name":"Torrent Springs (Sycan River)","lat":42.687008,"lon":-121.271802,"waterbody":"Sycan River","subbasin":"Sprague","organization":"Oregon State University"}]}},{"type":"Feature","geometry":{"type":"Polygon","coordinates":[[[-121.82597375916319,42.861881733160494],[-121.81797857178765,42.87320591833482],[-121.82723247666449,42.88316512085667],[-121.84448161552336,42.88179912423368],[-121.852473099711,42.87047486527244],[-121.84321914930192,42.860516676613976],[-121.82597375916319,42.861881733160494]]]},"properties":{"h3_index":"8728adb09ffffff","station_count":1,"program_id":"klamath_basin","program":"Klamath Basin","resolution":7,"stations":[{"station_id":"2115","station_name":"Sand Creek Blw Sand Creek Canal NR Chinchalo, OR","lat":42.870408,"lon":-121.848472,"waterbody":"Sand Creek","subbasin":"Williamson","organization":"U.S. Geological Survey"}]}},{"type":"Feature","geometry":{"type":"Polygon","coordinates":[[[-121.852473099711,42.87047486527244],[-121.84448161552336,42.88179912423368],[-121.85373772069423,42.89175422352568],[-121.87098535201947,42.89038405009644],[-121.87897312940387,42.879059719082726],[-121.8697169833396,42.86910563344333],[-121.852473099711,42.87047486527244]]]},"properties":{"h3_index":"8728adb54ffffff","station_count":1,"program_id":"klamath_basin","program":"Klamath Basin","resolution":7,"stations":[{"station_id":"2116","station_name":"Scott Creek Blw Sand Creek Canal NR Chinchalo, OR","lat":42.887092,"lon":-121.872756,"waterbody":"Scott Creek","subbasin":"Williamson","organization":"U.S. Geological Survey"}]}},{"type":"Feature","geometry":{"type":"Polygon","coordinates":[[[-121.87643377324943,42.836493357578554],[-121.86844917789446,42.84782198063857],[-121.87770316940042,42.85777915526328],[-121.89494179399944,42.856406692517304],[-121.90292268257159,42.84507799957743],[-121.89366865439864,42.835121839155924],[-121.87643377324943,42.836493357578554]]]},"properties":{"h3_index":"8728adb70ffffff","station_count":1,"program_id":"klamath_basin","program":"Klamath Basin","resolution":7,"stations":[{"station_id":"2097","station_name":"williamson river","lat":42.846389,"lon":-121.8825,"waterbody":"Williamson River","subbasin":"Williamson","organization":"U.S. Fish and Wildlife Service"}]}},{"type":"Feature","geometry":{"type":"Polygon","coordinates":[[[-121.46448472845333,42.91127844292042],[-121.45642509484061,42.92258412578126],[-121.46566496953508,42.93257603820183],[-121.48296458809595,42.9312612541068],[-121.49102055530774,42.91995547151427],[-121.48178057145155,42.909964572644355],[-121.46448472845333,42.91127844292042]]]},"properties":{"h3_index":"8728adb96ffffff","station_count":1,"program_id":"klamath_basin","program":"Klamath Basin","resolution":7,"stations":[{"station_id":"232","station_name":"Williamson River below Sheep Creek near Lenz","lat":42.910965,"lon":-121.475546,"waterbody":"Williamson River","subbasin":"Williamson","organization":"Oregon Water Resources Department "}]}},{"type":"Feature","geometry":{"type":"Polygon","coordinates":[[[-121.57063306808408,42.94593679172575],[-121.56258812222818,42.957242863192924],[-121.57183701598777,42.9672183766634],[-121.58913094722317,42.96588680572154],[-121.59717221192398,42.95458064140533],[-121.58792322763296,42.944606140774866],[-121.57063306808408,42.94593679172575]]]},"properties":{"h3_index":"8728adb9dffffff","station_count":2,"program_id":"klamath_basin","program":"Klamath Basin","resolution":7,"stations":[{"station_id":"2455","station_name":"Williamson at Marsh HQ","lat":42.96421,"lon":-121.5837,"waterbody":"Williamson River","subbasin":"Williamson","organization":"Klamath Tribes"},{"station_id":"1268","station_name":"Williamson River Marsh","lat":42.965285,"lon":-121.578322,"waterbody":"Williamson River","subbasin":"Williamson","organization":"U.S. Bureau of Reclamation"}]}},{"type":"Feature","geometry":{"type":"Polygon","coordinates":[[[-120.8003656413781,42.6702573025333],[-120.7922172304889,42.681562109677195],[-120.80139722968242,42.69165913253317],[-120.81872586631471,42.690450330814954],[-120.82687070630719,42.67914538139447],[-120.81769048167597,42.66904937587176],[-120.8003656413781,42.6702573025333]]]},"properties":{"h3_index":"8728add02ffffff","station_count":2,"program_id":"klamath_basin","program":"Klamath Basin","resolution":7,"stations":[{"station_id":"507","station_name":"Sprague Subbasin SY6565 3380 road crossing","lat":42.673033,"lon":-120.817144,"waterbody":"Sycan River","subbasin":"Sprague","organization":"U.S. Forest Service"},{"station_id":"1290","station_name":"Sprague Subbbasin SY6565 3380xing","lat":42.673061,"lon":-120.816402,"waterbody":"Sycan River","subbasin":"Sprague","organization":"U.S. Forest Service"}]}},{"type":"Feature","geometry":{"type":"Polygon","coordinates":[[[-120.79933451236306,42.64885025315488],[-120.79118777003639,42.66015723227824],[-120.8003656413781,42.6702573025333],[-120.81769048167597,42.66904937587176],[-120.82583365483781,42.657742254675554],[-120.81665555797778,42.64764320211679],[-120.79933451236306,42.64885025315488]]]},"properties":{"h3_index":"8728add06ffffff","station_count":2,"program_id":"klamath_basin","program":"Klamath Basin","resolution":7,"stations":[{"station_id":"381","station_name":"Sprague Subbasin SY6600","lat":42.663069,"lon":-120.794222,"waterbody":"South Fork Sycan River","subbasin":"Sprague","organization":"U.S. Forest Service"},{"station_id":"1291","station_name":"Sprague Subbbasin SY6600","lat":42.66307,"lon":-120.794432,"waterbody":"South Fork Sycan River","subbasin":"Sprague","organization":"U.S. Forest Service"}]}},{"type":"Feature","geometry":{"type":"Polygon","coordinates":[[[-120.87883531547486,42.67550144763844],[-120.87069929202808,42.68680884787273],[-120.87988421202488,42.696896720058525],[-120.89720536819641,42.695676174532025],[-120.90533781110118,42.68436863733405],[-120.89615267948518,42.674281782528446],[-120.87883531547486,42.67550144763844]]]},"properties":{"h3_index":"8728add0cffffff","station_count":3,"program_id":"klamath_basin","program":"Klamath Basin","resolution":7,"stations":[{"station_id":"619","station_name":"Sprague Subbasin PD5880","lat":42.680994,"lon":-120.900151,"waterbody":"Paradise Creek","subbasin":"Sprague","organization":"U.S. Forest Service"},{"station_id":"453","station_name":"Sprague Subbasin RF6080","lat":42.689205,"lon":-120.872909,"waterbody":"Rifle Creek","subbasin":"Sprague","organization":"U.S. Forest Service"},{"station_id":"616","station_name":"Sprague Subbasin SKL5980","lat":42.690723,"lon":-120.887661,"waterbody":"Skull Creek","subbasin":"Sprague","organization":"U.S. Forest Service"}]}},{"type":"Feature","geometry":{"type":"Polygon","coordinates":[[[-120.90533781110118,42.68436863733405],[-120.89720536819641,42.695676174532025],[-120.90639263026225,42.705759978124476],[-120.92371254332534,42.70453522715171],[-120.93184140190394,42.69322755469468],[-120.92265393285362,42.68314476837139],[-120.90533781110118,42.68436863733405]]]},"properties":{"h3_index":"8728add0dffffff","station_count":2,"program_id":"klamath_basin","program":"Klamath Basin","resolution":7,"stations":[{"station_id":"560","station_name":"Sprague Subbasin PD5660 mouth","lat":42.692505,"lon":-120.926916,"waterbody":"Paradise Creek","subbasin":"Sprague","organization":"U.S. Forest Service"},{"station_id":"415","station_name":"Sprague Subbasin SY5660 Paradise Creek conf.","lat":42.693444,"lon":-120.92624,"waterbody":"Sycan River","subbasin":"Sprague","organization":"U.S. Forest Service"}]}},{"type":"Feature","geometry":{"type":"Polygon","coordinates":[[[-120.77386171676484,42.66136095183066],[-120.76570973878188,42.67266561499714],[-120.77488738005154,42.68276670268537],[-120.7922172304889,42.681562109677195],[-120.8003656413781,42.6702573025333],[-120.79118777003639,42.66015723227824],[-120.77386171676484,42.66136095183066]]]},"properties":{"h3_index":"8728add15ffffff","station_count":2,"program_id":"klamath_basin","program":"Klamath Basin","resolution":7,"stations":[{"station_id":"640","station_name":"Sprague Subbasin BD6640","lat":42.661842,"lon":-120.783359,"waterbody":"Boulder Creek","subbasin":"Sprague","organization":"U.S. Forest Service"},{"station_id":"511","station_name":"Sprague Subbasin SY6620 28 road crossing","lat":42.662256,"lon":-120.79088,"waterbody":"Sycan River","subbasin":"Sprague","organization":"U.S. Forest Service"}]}},{"type":"Feature","geometry":{"type":"Polygon","coordinates":[[[-120.84920778855401,42.60239709357427],[-120.8410731796225,42.61371085588531],[-120.85024937074294,42.623811935393206],[-120.86756038841487,42.622598233905514],[-120.87569142579508,42.61128433353223],[-120.86651501816213,42.60118427261158],[-120.84920778855401,42.60239709357427]]]},"properties":{"h3_index":"8728add20ffffff","station_count":3,"program_id":"klamath_basin","program":"Klamath Basin","resolution":7,"stations":[{"station_id":"2070","station_name":"North Fork Sprague River @ 3325 Rd","lat":42.604773,"lon":-120.850543,"waterbody":"North Fork Sprague River","subbasin":"Sprague","organization":"Trout Unlimited"},{"station_id":"1734","station_name":"Sprague Subbasin (Upper NFK Sprague) NS6200","lat":42.604773,"lon":-120.850543,"waterbody":"North Fork Sprague River","subbasin":"Sprague","organization":"U.S. Forest Service"},{"station_id":"534","station_name":"Sprague Subbasin NS6200 Lee Thomas mdw","lat":42.604671,"lon":-120.850218,"waterbody":"North Fork Sprague River","subbasin":"Sprague","organization":"U.S. Forest Service"}]}},{"type":"Feature","geometry":{"type":"Polygon","coordinates":[[[-120.87464439485638,42.58986821019107],[-120.86651501816213,42.60118427261158],[-120.87569142579508,42.61128433353223],[-120.89299742320546,42.61006731308586],[-120.9011232263012,42.598751114508104],[-120.89194660669108,42.588652072436446],[-120.87464439485638,42.58986821019107]]]},"properties":{"h3_index":"8728add25ffffff","station_count":5,"program_id":"klamath_basin","program":"Klamath Basin","resolution":7,"stations":[{"station_id":"1673","station_name":"North Fork Sprague (Sandhill crossing)","lat":42.594399,"lon":-120.881158,"waterbody":"North Fork Sprague River","subbasin":"Sprague","organization":"Oregon State University"},{"station_id":"2071","station_name":"North Fork Sprague River @ Sandhill Crossing","lat":42.59432,"lon":-120.8792,"waterbody":"North Fork Sprague River","subbasin":"Sprague","organization":"Trout Unlimited"},{"station_id":"2072","station_name":"North Fork Sprague River above Sandhill meadow","lat":42.60433,"lon":-120.8833,"waterbody":"North Fork Sprague River","subbasin":"Sprague","organization":"Trout Unlimited"},{"station_id":"1732","station_name":"Sprague Subbasin (Upper NFK Sprague) NS6080","lat":42.59432,"lon":-120.8792,"waterbody":"North Fork Sprague River","subbasin":"Sprague","organization":"U.S. Forest Service"},{"station_id":"1733","station_name":"Sprague Subbasin (Upper NFK Sprague) NS6130","lat":42.60433,"lon":-120.8833,"waterbody":"North Fork Sprague River","subbasin":"Sprague","organization":"U.S. Forest Service"}]}},{"type":"Feature","geometry":{"type":"Polygon","coordinates":[[[-120.90428346143706,42.66297207649252],[-120.89615267948518,42.674281782528446],[-120.90533781110118,42.68436863733405],[-120.92265393285362,42.68314476837139],[-120.93078113221944,42.67183492728126],[-120.92159579352611,42.66174909011002],[-120.90428346143706,42.66297207649252]]]},"properties":{"h3_index":"8728add2bffffff","station_count":1,"program_id":"klamath_basin","program":"Klamath Basin","resolution":7,"stations":[{"station_id":"571","station_name":"Sprague Subbasin CZ5800","lat":42.679617,"lon":-120.916875,"waterbody":"Crazy Creek","subbasin":"Sprague","organization":"U.S. Forest Service"}]}},{"type":"Feature","geometry":{"type":"Polygon","coordinates":[[[-120.87673892267078,42.632695250286325],[-120.86860622393672,42.64400698627698],[-120.87778688579382,42.654100956352664],[-120.89510045929093,42.652882172228374],[-120.90322958095722,42.641570299680666],[-120.89404870730158,42.63147734771666],[-120.87673892267078,42.632695250286325]]]},"properties":{"h3_index":"8728add2effffff","station_count":1,"program_id":"klamath_basin","program":"Klamath Basin","resolution":7,"stations":[{"station_id":"481","station_name":"Sprague Subbasin WT6250","lat":42.633378,"lon":-120.877317,"waterbody":"Watson Creek","subbasin":"Sprague","organization":"U.S. Forest Service"}]}},{"type":"Feature","geometry":{"type":"Polygon","coordinates":[[[-120.77283651013661,42.63994998279245],[-120.76468620244572,42.65125681814142],[-120.77386171676484,42.66136095183066],[-120.79118777003639,42.66015723227824],[-120.79933451236306,42.64885025315488],[-120.79015876789438,42.63874713726167],[-120.77283651013661,42.63994998279245]]]},"properties":{"h3_index":"8728add33ffffff","station_count":1,"program_id":"klamath_basin","program":"Klamath Basin","resolution":7,"stations":[{"station_id":"542","station_name":"Sprague Subbasin SY6660 upstream Boulder Cr. Conf.","lat":42.66,"lon":-120.783611,"waterbody":"Sycan River","subbasin":"Sprague","organization":"U.S. Forest Service"}]}},{"type":"Feature","geometry":{"type":"Polygon","coordinates":[[[-121.04003583953121,42.77131853018401],[-121.03191804957295,42.78262238406419],[-121.04112123838185,42.792679704215544],[-121.05844240183517,42.79143215444362],[-121.0665565851015,42.780128173417324],[-121.05735321271177,42.770071869209445],[-121.04003583953121,42.77131853018401]]]},"properties":{"h3_index":"8728add4affffff","station_count":2,"program_id":"klamath_basin","program":"Klamath Basin","resolution":7,"stations":[{"station_id":"1667","station_name":"Mainstem Sycan River above marsh","lat":42.779017,"lon":-121.05504,"waterbody":"Sycan River","subbasin":"Sprague","organization":"Oregon State University"},{"station_id":"1042","station_name":"Sprague Subbbasin SY5015 above marsh","lat":42.778811,"lon":-121.05118,"waterbody":"Sycan River","subbasin":"Sprague","organization":"U.S. Forest Service"}]}},{"type":"Feature","geometry":{"type":"Polygon","coordinates":[[[-120.93184140190394,42.69322755469468],[-120.92371254332534,42.70453522715171],[-120.93290214371316,42.71461496087496],[-120.95022080613566,42.713386004887575],[-120.95834607660812,42.7020781988769],[-120.94915627387141,42.691999482308894],[-120.93184140190394,42.69322755469468]]]},"properties":{"h3_index":"8728add72ffffff","station_count":1,"program_id":"klamath_basin","program":"Klamath Basin","resolution":7,"stations":[{"station_id":"552","station_name":"Sprague Subbasin SY5650 Pikes Crossing","lat":42.698096,"lon":-120.933235,"waterbody":"Sycan River","subbasin":"Sprague","organization":"U.S. Forest Service"}]}}]}