{"type":"FeatureCollection","features":[{"type":"Feature","geometry":{"type":"Polygon","coordinates":[[[-123.37122190521917,39.275020205576006],[-123.3637687306246,39.28671367414378],[-123.37275804528217,39.296965801240994],[-123.3892003285172,39.2955233640392],[-123.39664991227,39.283829963245516],[-123.3876608045262,39.27357893176946],[-123.37122190521917,39.275020205576006]]]},"properties":{"h3_index":"872806992ffffff","station_count":2,"polygon_count":2,"coverage_type":"area","wetland_summary":"Depressional Open Water, Depressional Vegetated","level1_summary":"Non-Tidal","program_id":"russian_river","program":"Russian River","resolution":7,"stations":[]}},{"type":"Feature","geometry":{"type":"Polygon","coordinates":[[[-123.36968641756906,39.2530701626914],[-123.3622346088994,39.26476527284129],[-123.37122190521917,39.275020205576006],[-123.3876608045262,39.27357893176946],[-123.39510902405675,39.261883889320316],[-123.38612193431551,39.25163005286695],[-123.36968641756906,39.2530701626914]]]},"properties":{"h3_index":"872806996ffffff","station_count":3,"polygon_count":3,"coverage_type":"area","wetland_summary":"Depressional Open Water, Depressional Vegetated, Non-woody Slope","level1_summary":"Non-Tidal","program_id":"russian_river","program":"Russian River","resolution":7,"stations":[]}},{"type":"Feature","geometry":{"type":"Polygon","coordinates":[[[-123.154290310468,39.37110937281665],[-123.14679388442065,39.382790135955645],[-123.15578287025774,39.393054921031],[-123.17226811047077,39.39163784942458],[-123.17976095880492,39.379957137637334],[-123.17077214554803,39.369693445996],[-123.154290310468,39.37110937281665]]]},"properties":{"h3_index":"872806c20ffffff","station_count":3,"polygon_count":3,"coverage_type":"area","wetland_summary":"Depressional Vegetated, Seep/Spring, Woody Slope","level1_summary":"Non-Tidal","program_id":"russian_river","program":"Russian River","resolution":7,"stations":[]}},{"type":"Feature","geometry":{"type":"Polygon","coordinates":[[[-123.13030691727135,39.38420335435141],[-123.12280552923475,39.39588250036167],[-123.13179468384928,39.4061483785509],[-123.14828505863315,39.40473401750741],[-123.15578287025774,39.393054921031],[-123.14679388442065,39.382790135955645],[-123.13030691727135,39.38420335435141]]]},"properties":{"h3_index":"872806c22ffffff","station_count":1,"polygon_count":1,"coverage_type":"area","wetland_summary":"Non-woody Slope","level1_summary":"Non-Tidal","program_id":"russian_river","program":"Russian River","resolution":7,"stations":[]}},{"type":"Feature","geometry":{"type":"Polygon","coordinates":[[[-123.15279838595109,39.34915935154286],[-123.1453033449909,39.36084177849475],[-123.154290310468,39.37110937281665],[-123.17077214554803,39.369693445996],[-123.17826361049235,39.35801107033096],[-123.16927681728079,39.347744570091],[-123.15279838595109,39.34915935154286]]]},"properties":{"h3_index":"872806c24ffffff","station_count":60,"polygon_count":60,"coverage_type":"area","wetland_summary":"Channel Vegetated, Channel Vegetated Woody, Channel","level1_summary":"Non-Tidal","program_id":"russian_river","program":"Russian River","resolution":7,"stations":[]}},{"type":"Feature","geometry":{"type":"Polygon","coordinates":[[[-123.17826361049235,39.35801107033096],[-123.17077214554803,39.369693445996],[-123.17976095880492,39.379957137637334],[-123.1962410615356,39.37853735975131],[-123.20372894747184,39.366855037255654],[-123.19474031059288,39.356592439367745],[-123.17826361049235,39.35801107033096]]]},"properties":{"h3_index":"872806c25ffffff","station_count":6,"polygon_count":6,"coverage_type":"area","wetland_summary":"Depressional Vegetated","level1_summary":"Non-Tidal","program_id":"russian_river","program":"Russian River","resolution":7,"stations":[]}},{"type":"Feature","geometry":{"type":"Polygon","coordinates":[[[-123.12881978409168,39.36225385366017],[-123.12131978332917,39.37393466626924],[-123.13030691727135,39.38420335435141],[-123.14679388442065,39.382790135955645],[-123.154290310468,39.37110937281665],[-123.1453033449909,39.36084177849475],[-123.12881978409168,39.36225385366017]]]},"properties":{"h3_index":"872806c26ffffff","station_count":22,"polygon_count":22,"coverage_type":"area","wetland_summary":"Non-woody Slope, Seep/Spring, Depressional Vegetated","level1_summary":"Non-Tidal","program_id":"russian_river","program":"Russian River","resolution":7,"stations":[]}},{"type":"Feature","geometry":{"type":"Polygon","coordinates":[[[-123.0793554158552,39.36647695129722],[-123.0718468840106,39.37815619073315],[-123.08083232306534,39.38842987428393],[-123.09732613433515,39.38702322453126],[-123.10483109577977,39.375344030867915],[-123.09584581726659,39.365071441076424],[-123.0793554158552,39.36647695129722]]]},"properties":{"h3_index":"872806c34ffffff","station_count":1,"polygon_count":1,"coverage_type":"area","wetland_summary":"Depressional Vegetated","level1_summary":"Non-Tidal","program_id":"russian_river","program":"Russian River","resolution":7,"stations":[]}},{"type":"Feature","geometry":{"type":"Polygon","coordinates":[[[-123.1228775773127,39.27441118846869],[-123.1153831207368,39.28609863892436],[-123.12436218091995,39.296378543863106],[-123.14083553136753,39.294969901879405],[-123.14832642000397,39.283282500621034],[-123.13934752703989,39.273003692040646],[-123.1228775773127,39.27441118846869]]]},"properties":{"h3_index":"872806d00ffffff","station_count":9,"polygon_count":9,"coverage_type":"area","wetland_summary":"Seep/Spring, Non-woody Slope, Woody Slope","level1_summary":"Non-Tidal","program_id":"russian_river","program":"Russian River","resolution":7,"stations":[]}},{"type":"Feature","geometry":{"type":"Polygon","coordinates":[[[-123.14832642000397,39.283282500621034],[-123.14083553136753,39.294969901879405],[-123.14981644112203,39.30524591031214],[-123.16628806909596,39.30383342134476],[-123.17377538680152,39.292146071167906],[-123.16479464837074,39.28187115876831],[-123.14832642000397,39.283282500621034]]]},"properties":{"h3_index":"872806d01ffffff","station_count":9,"polygon_count":9,"coverage_type":"area","wetland_summary":"Depressional Vegetated, Seep/Spring, Non-woody Slope","level1_summary":"Non-Tidal","program_id":"russian_river","program":"Russian River","resolution":7,"stations":[]}},{"type":"Feature","geometry":{"type":"Polygon","coordinates":[[[-123.09890805433554,39.28750343334705],[-123.09140864581458,39.299189276015014],[-123.1003878694203,39.30947027698372],[-123.1168663390334,39.30806433914623],[-123.12436218091995,39.296378543863106],[-123.1153831207368,39.28609863892436],[-123.09890805433554,39.28750343334705]]]},"properties":{"h3_index":"872806d02ffffff","station_count":213,"polygon_count":213,"coverage_type":"area","wetland_summary":"Channel Vegetated, Channel Vegetated Woody, Channel","level1_summary":"Non-Tidal","program_id":"russian_river","program":"Russian River","resolution":7,"stations":[]}},{"type":"Feature","geometry":{"type":"Polygon","coordinates":[[[-123.12436218091995,39.296378543863106],[-123.1168663390334,39.30806433914623],[-123.12584741631788,39.318341443285945],[-123.14232416886705,39.3169316563271],[-123.14981644112203,39.30524591031214],[-123.14083553136753,39.294969901879405],[-123.12436218091995,39.296378543863106]]]},"properties":{"h3_index":"872806d03ffffff","station_count":66,"polygon_count":66,"coverage_type":"area","wetland_summary":"Channel Vegetated, Channel, Depressional Vegetated","level1_summary":"Non-Tidal","program_id":"russian_river","program":"Russian River","resolution":7,"stations":[]}},{"type":"Feature","geometry":{"type":"Polygon","coordinates":[[[-123.1213936050951,39.25243938225103],[-123.11390053333963,39.26412848501416],[-123.1228775773127,39.27441118846869],[-123.13934752703989,39.273003692040646],[-123.14683703254686,39.261314638402176],[-123.13786015548222,39.2510330319587],[-123.1213936050951,39.25243938225103]]]},"properties":{"h3_index":"872806d04ffffff","station_count":11,"polygon_count":11,"coverage_type":"area","wetland_summary":"Depressional Vegetated, Channel, Channel Vegetated Woody","level1_summary":"Non-Tidal","program_id":"russian_river","program":"Russian River","resolution":7,"stations":[]}},{"type":"Feature","geometry":{"type":"Polygon","coordinates":[[[-123.14683703254686,39.261314638402176],[-123.13934752703989,39.273003692040646],[-123.14832642000397,39.283282500621034],[-123.16479464837074,39.28187115876831],[-123.1722805846395,39.27018215613936],[-123.16330186268588,39.259904444245045],[-123.14683703254686,39.261314638402176]]]},"properties":{"h3_index":"872806d05ffffff","station_count":13,"polygon_count":13,"coverage_type":"area","wetland_summary":"Depressional Vegetated, Depressional Open Water, Seep/Spring","level1_summary":"Non-Tidal","program_id":"russian_river","program":"Russian River","resolution":7,"stations":[]}},{"type":"Feature","geometry":{"type":"Polygon","coordinates":[[[-123.097428868768,39.265532135442434],[-123.08993084724823,39.27721963321144],[-123.09890805433554,39.28750343334705],[-123.1153831207368,39.28609863892436],[-123.1228775773127,39.27441118846869],[-123.11390053333963,39.26412848501416],[-123.097428868768,39.265532135442434]]]},"properties":{"h3_index":"872806d06ffffff","station_count":164,"polygon_count":164,"coverage_type":"area","wetland_summary":"Channel Vegetated, Channel, Channel Vegetated Woody","level1_summary":"Non-Tidal","program_id":"russian_river","program":"Russian River","resolution":7,"stations":[]}},{"type":"Feature","geometry":{"type":"Polygon","coordinates":[[[-123.17527082489502,39.31410553196777],[-123.16778212526475,39.325791226830994],[-123.17676689932391,39.3360605333995],[-123.19324019817523,39.33464304994246],[-123.20072532219196,39.322957408114775],[-123.19174072387726,39.31268919659976],[-123.17527082489502,39.31410553196777]]]},"properties":{"h3_index":"872806d08ffffff","station_count":10,"polygon_count":10,"coverage_type":"area","wetland_summary":"Depressional Vegetated, Non-woody Slope, Seep/Spring","level1_summary":"Non-Tidal","program_id":"russian_river","program":"Russian River","resolution":7,"stations":[]}},{"type":"Feature","geometry":{"type":"Polygon","coordinates":[[[-123.20072532219196,39.322957408114775],[-123.19324019817523,39.33464304994246],[-123.20222681532577,39.3449084557796],[-123.21869837754707,39.34348712495709],[-123.22617992296551,39.331801538049014],[-123.21719348566641,39.321537226934836],[-123.20072532219196,39.322957408114775]]]},"properties":{"h3_index":"872806d09ffffff","station_count":77,"polygon_count":77,"coverage_type":"area","wetland_summary":"Channel Vegetated Woody, Channel Vegetated, Depressional Vegetated","level1_summary":"Non-Tidal","program_id":"russian_river","program":"Russian River","resolution":7,"stations":[]}},{"type":"Feature","geometry":{"type":"Polygon","coordinates":[[[-123.15130709630346,39.3272048623316],[-123.14381343994067,39.33888895024327],[-123.15279838595109,39.34915935154286],[-123.16927681728079,39.347744570091],[-123.17676689932391,39.3360605333995],[-123.16778212526475,39.325791226830994],[-123.15130709630346,39.3272048623316]]]},"properties":{"h3_index":"872806d0affffff","station_count":9,"polygon_count":9,"coverage_type":"area","wetland_summary":"Depressional Vegetated, Channel, Depressional Open Water","level1_summary":"Non-Tidal","program_id":"russian_river","program":"Russian River","resolution":7,"stations":[]}},{"type":"Feature","geometry":{"type":"Polygon","coordinates":[[[-123.17676689932391,39.3360605333995],[-123.16927681728079,39.347744570091],[-123.17826361049235,39.35801107033096],[-123.19474031059288,39.356592439367745],[-123.20222681532577,39.3449084557796],[-123.19324019817523,39.33464304994246],[-123.17676689932391,39.3360605333995]]]},"properties":{"h3_index":"872806d0bffffff","station_count":11,"polygon_count":11,"coverage_type":"area","wetland_summary":"Depressional Vegetated, Seep/Spring, Non-woody Slope","level1_summary":"Non-Tidal","program_id":"russian_river","program":"Russian River","resolution":7,"stations":[]}},{"type":"Feature","geometry":{"type":"Polygon","coordinates":[[[-123.17377538680152,39.292146071167906],[-123.16628806909596,39.30383342134476],[-123.17527082489502,39.31410553196777],[-123.19174072387726,39.31268919659976],[-123.19922446766472,39.301001899388886],[-123.19024188729391,39.29073088447126],[-123.17377538680152,39.292146071167906]]]},"properties":{"h3_index":"872806d0cffffff","station_count":21,"polygon_count":21,"coverage_type":"area","wetland_summary":"Depressional Vegetated, Depressional Open Water, Seep/Spring","level1_summary":"Non-Tidal","program_id":"russian_river","program":"Russian River","resolution":7,"stations":[]}},{"type":"Feature","geometry":{"type":"Polygon","coordinates":[[[-123.19922446766472,39.301001899388886],[-123.19174072387726,39.31268919659976],[-123.20072532219196,39.322957408114775],[-123.21719348566641,39.321537226934836],[-123.22467365255278,39.30984998457461],[-123.21568923377075,39.29958286843472],[-123.19922446766472,39.301001899388886]]]},"properties":{"h3_index":"872806d0dffffff","station_count":209,"polygon_count":209,"coverage_type":"area","wetland_summary":"Channel Vegetated, Channel Vegetated Woody, Depressional Vegetated","level1_summary":"Non-Tidal","program_id":"russian_river","program":"Russian River","resolution":7,"stations":[]}},{"type":"Feature","geometry":{"type":"Polygon","coordinates":[[[-123.14981644112203,39.30524591031214],[-123.14232416886705,39.3169316563271],[-123.15130709630346,39.3272048623316],[-123.16778212526475,39.325791226830994],[-123.17527082489502,39.31410553196777],[-123.16628806909596,39.30383342134476],[-123.14981644112203,39.30524591031214]]]},"properties":{"h3_index":"872806d0effffff","station_count":5,"polygon_count":5,"coverage_type":"area","wetland_summary":"Depressional Vegetated, Non-woody Slope, Seep/Spring","level1_summary":"Non-Tidal","program_id":"russian_river","program":"Russian River","resolution":7,"stations":[]}},{"type":"Feature","geometry":{"type":"Polygon","coordinates":[[[-123.04946921510012,39.291704705549776],[-123.04196129144779,39.30338897951529],[-123.05093881336093,39.31367497202023],[-123.06742410432688,39.31227559443278],[-123.07492846566353,39.30059136415719],[-123.06595109926121,39.290306467671165],[-123.04946921510012,39.291704705549776]]]},"properties":{"h3_index":"872806d10ffffff","station_count":70,"polygon_count":70,"coverage_type":"area","wetland_summary":"Channel, Depressional Vegetated, Woody Slope","level1_summary":"Non-Tidal","program_id":"russian_river","program":"Russian River","resolution":7,"stations":[]}},{"type":"Feature","geometry":{"type":"Polygon","coordinates":[[[-123.07492846566353,39.30059136415719],[-123.06742410432688,39.31227559443278],[-123.07640348755372,39.32255769110223],[-123.09288707340653,39.32115446168721],[-123.1003878694203,39.30947027698372],[-123.09140864581458,39.299189276015014],[-123.07492846566353,39.30059136415719]]]},"properties":{"h3_index":"872806d11ffffff","station_count":39,"polygon_count":39,"coverage_type":"area","wetland_summary":"Depressional Vegetated, Channel Vegetated, Depressional Open Water","level1_summary":"Non-Tidal","program_id":"russian_river","program":"Russian River","resolution":7,"stations":[]}},{"type":"Feature","geometry":{"type":"Polygon","coordinates":[[[-123.02547430190255,39.30478450471034],[-123.01796142589282,39.31646715986703],[-123.02693909950764,39.326754248058634],[-123.04342949834323,39.32535758529906],[-123.05093881336093,39.31367497202023],[-123.04196129144779,39.30338897951529],[-123.02547430190255,39.30478450471034]]]},"properties":{"h3_index":"872806d12ffffff","station_count":7,"polygon_count":7,"coverage_type":"area","wetland_summary":"Depressional Vegetated","level1_summary":"Non-Tidal","program_id":"russian_river","program":"Russian River","resolution":7,"stations":[]}},{"type":"Feature","geometry":{"type":"Polygon","coordinates":[[[-123.05093881336093,39.31367497202023],[-123.04342949834323,39.32535758529906],[-123.05240903738476,39.33564077733928],[-123.06889773654115,39.334240260621904],[-123.07640348755372,39.32255769110223],[-123.06742410432688,39.31227559443278],[-123.05093881336093,39.31367497202023]]]},"properties":{"h3_index":"872806d13ffffff","station_count":19,"polygon_count":19,"coverage_type":"area","wetland_summary":"Depressional Vegetated, Depressional Open Water","level1_summary":"Non-Tidal","program_id":"russian_river","program":"Russian River","resolution":7,"stations":[]}},{"type":"Feature","geometry":{"type":"Polygon","coordinates":[[[-123.04800024220476,39.26972998307492],[-123.04049370942356,39.281415914863516],[-123.04946921510012,39.291704705549776],[-123.06595109926121,39.290306467671165],[-123.0734540714151,39.27862057950146],[-123.0644787209459,39.26833288548354],[-123.04800024220476,39.26972998307492]]]},"properties":{"h3_index":"872806d14ffffff","station_count":24,"polygon_count":24,"coverage_type":"area","wetland_summary":"Depressional Vegetated, Depressional Open Water, Non-woody Slope","level1_summary":"Non-Tidal","program_id":"russian_river","program":"Russian River","resolution":7,"stations":[]}},{"type":"Feature","geometry":{"type":"Polygon","coordinates":[[[-123.0734540714151,39.27862057950146],[-123.06595109926121,39.290306467671165],[-123.07492846566353,39.30059136415719],[-123.09140864581458,39.299189276015014],[-123.09890805433554,39.28750343334705],[-123.08993084724823,39.27721963321144],[-123.0734540714151,39.27862057950146]]]},"properties":{"h3_index":"872806d15ffffff","station_count":254,"polygon_count":254,"coverage_type":"area","wetland_summary":"Channel Vegetated, Depressional Vegetated, Channel Vegetated Woody","level1_summary":"Non-Tidal","program_id":"russian_river","program":"Russian River","resolution":7,"stations":[]}},{"type":"Feature","geometry":{"type":"Polygon","coordinates":[[[-123.0240101277821,39.282810301916015],[-123.01649864482553,39.29449461768954],[-123.02547430190255,39.30478450471034],[-123.04196129144779,39.30338897951529],[-123.04946921510012,39.291704705549776],[-123.04049370942356,39.281415914863516],[-123.0240101277821,39.282810301916015]]]},"properties":{"h3_index":"872806d16ffffff","station_count":7,"polygon_count":7,"coverage_type":"area","wetland_summary":"Depressional Vegetated","level1_summary":"Non-Tidal","program_id":"russian_river","program":"Russian River","resolution":7,"stations":[]}},{"type":"Feature","geometry":{"type":"Polygon","coordinates":[[[-123.10186831442235,39.33143266120696],[-123.09436613042385,39.343115185085914],[-123.10334938974198,39.35339058087864],[-123.11983466992825,39.35198235795264],[-123.12733328390787,39.3402998815962],[-123.11835018863015,39.33002558053487],[-123.10186831442235,39.33143266120696]]]},"properties":{"h3_index":"872806d18ffffff","station_count":179,"polygon_count":179,"coverage_type":"area","wetland_summary":"Channel Vegetated, Woody Slope, Channel Vegetated Woody","level1_summary":"Non-Tidal","program_id":"russian_river","program":"Russian River","resolution":7,"stations":[]}},{"type":"Feature","geometry":{"type":"Polygon","coordinates":[[[-123.12733328390787,39.3402998815962],[-123.11983466992825,39.35198235795264],[-123.12881978409168,39.36225385366017],[-123.1453033449909,39.36084177849475],[-123.15279838595109,39.34915935154286],[-123.14381343994067,39.33888895024327],[-123.12733328390787,39.3402998815962]]]},"properties":{"h3_index":"872806d19ffffff","station_count":101,"polygon_count":101,"coverage_type":"area","wetland_summary":"Channel Vegetated, Depressional Vegetated, Channel","level1_summary":"Non-Tidal","program_id":"russian_river","program":"Russian River","resolution":7,"stations":[]}},{"type":"Feature","geometry":{"type":"Polygon","coordinates":[[[-123.07787913748453,39.344519555194],[-123.07037199630273,39.356200461099306],[-123.0793554158552,39.36647695129722],[-123.09584581726659,39.365071441076424],[-123.10334938974198,39.35339058087864],[-123.09436613042385,39.343115185085914],[-123.07787913748453,39.344519555194]]]},"properties":{"h3_index":"872806d1affffff","station_count":2,"polygon_count":2,"coverage_type":"area","wetland_summary":"Depressional Vegetated, Woody Slope","level1_summary":"Non-Tidal","program_id":"russian_river","program":"Russian River","resolution":7,"stations":[]}},{"type":"Feature","geometry":{"type":"Polygon","coordinates":[[[-123.10334938974198,39.35339058087864],[-123.09584581726659,39.365071441076424],[-123.10483109577977,39.375344030867915],[-123.12131978332917,39.37393466626924],[-123.12881978409168,39.36225385366017],[-123.11983466992825,39.35198235795264],[-123.10334938974198,39.35339058087864]]]},"properties":{"h3_index":"872806d1bffffff","station_count":13,"polygon_count":13,"coverage_type":"area","wetland_summary":"Depressional Vegetated, Channel, Channel Vegetated","level1_summary":"Non-Tidal","program_id":"russian_river","program":"Russian River","resolution":7,"stations":[]}},{"type":"Feature","geometry":{"type":"Polygon","coordinates":[[[-123.1003878694203,39.30947027698372],[-123.09288707340653,39.32115446168721],[-123.10186831442235,39.33143266120696],[-123.11835018863015,39.33002558053487],[-123.12584741631788,39.318341443285945],[-123.1168663390334,39.30806433914623],[-123.1003878694203,39.30947027698372]]]},"properties":{"h3_index":"872806d1cffffff","station_count":173,"polygon_count":173,"coverage_type":"area","wetland_summary":"Channel Vegetated, Channel Vegetated Woody, Depressional Vegetated","level1_summary":"Non-Tidal","program_id":"russian_river","program":"Russian River","resolution":7,"stations":[]}},{"type":"Feature","geometry":{"type":"Polygon","coordinates":[[[-123.12584741631788,39.318341443285945],[-123.11835018863015,39.33002558053487],[-123.12733328390787,39.3402998815962],[-123.14381343994067,39.33888895024327],[-123.15130709630346,39.3272048623316],[-123.14232416886705,39.3169316563271],[-123.12584741631788,39.318341443285945]]]},"properties":{"h3_index":"872806d1dffffff","station_count":77,"polygon_count":77,"coverage_type":"area","wetland_summary":"Channel Vegetated Woody, Depressional Vegetated, Channel Vegetated","level1_summary":"Non-Tidal","program_id":"russian_river","program":"Russian River","resolution":7,"stations":[]}},{"type":"Feature","geometry":{"type":"Polygon","coordinates":[[[-123.07640348755372,39.32255769110223],[-123.06889773654115,39.334240260621904],[-123.07787913748453,39.344519555194],[-123.09436613042385,39.343115185085914],[-123.10186831442235,39.33143266120696],[-123.09288707340653,39.32115446168721],[-123.07640348755372,39.32255769110223]]]},"properties":{"h3_index":"872806d1effffff","station_count":19,"polygon_count":19,"coverage_type":"area","wetland_summary":"Depressional Vegetated, Channel, Depressional Open Water","level1_summary":"Non-Tidal","program_id":"russian_river","program":"Russian River","resolution":7,"stations":[]}},{"type":"Feature","geometry":{"type":"Polygon","coordinates":[[[-123.14386015700728,39.21736557699327],[-123.13637341629298,39.229057926788606],[-123.14534827834856,39.23934232880677],[-123.16180971163845,39.23793328292556],[-123.16929288649627,39.22624098399044],[-123.16031819482575,39.21595767996785],[-123.14386015700728,39.21736557699327]]]},"properties":{"h3_index":"872806d20ffffff","station_count":14,"polygon_count":14,"coverage_type":"area","wetland_summary":"Depressional Vegetated, Lacustrine Vegetated, Channel","level1_summary":"Non-Tidal","program_id":"russian_river","program":"Russian River","resolution":7,"stations":[]}},{"type":"Feature","geometry":{"type":"Polygon","coordinates":[[[-123.16929288649627,39.22624098399044],[-123.16180971163845,39.23793328292556],[-123.17078641800546,39.248213792028864],[-123.18724612565278,39.24680090441977],[-123.19472573167188,39.235108658231205],[-123.18574919978663,39.22482924679653],[-123.16929288649627,39.22624098399044]]]},"properties":{"h3_index":"872806d21ffffff","station_count":24,"polygon_count":24,"coverage_type":"area","wetland_summary":"Depressional Vegetated, Depressional Open Water, Channel Vegetated","level1_summary":"Non-Tidal","program_id":"russian_river","program":"Russian River","resolution":7,"stations":[]}},{"type":"Feature","geometry":{"type":"Polygon","coordinates":[[[-123.11991026386643,39.23046313036574],[-123.11241857644141,39.24215388256791],[-123.1213936050951,39.25243938225103],[-123.13786015548222,39.2510330319587],[-123.14534827834856,39.23934232880677],[-123.13637341629298,39.229057926788606],[-123.11991026386643,39.23046313036574]]]},"properties":{"h3_index":"872806d22ffffff","station_count":72,"polygon_count":72,"coverage_type":"area","wetland_summary":"Channel, Channel Vegetated, Channel Vegetated Woody","level1_summary":"Non-Tidal","program_id":"russian_river","program":"Russian River","resolution":7,"stations":[]}},{"type":"Feature","geometry":{"type":"Polygon","coordinates":[[[-123.14534827834856,39.23934232880677],[-123.13786015548222,39.2510330319587],[-123.14683703254686,39.261314638402176],[-123.16330186268588,39.259904444245045],[-123.17078641800546,39.248213792028864],[-123.16180971163845,39.23793328292556],[-123.14534827834856,39.23934232880677]]]},"properties":{"h3_index":"872806d23ffffff","station_count":18,"polygon_count":18,"coverage_type":"area","wetland_summary":"Depressional Vegetated, Depressional Open Water, Channel","level1_summary":"Non-Tidal","program_id":"russian_river","program":"Russian River","resolution":7,"stations":[]}},{"type":"Feature","geometry":{"type":"Polygon","coordinates":[[[-123.14237266812158,39.19538438812748],[-123.13488730907102,39.20707838169275],[-123.14386015700728,39.21736557699327],[-123.16031819482575,39.21595767996785],[-123.16779998970897,39.20426373718546],[-123.15882731184564,39.19397764053715],[-123.14237266812158,39.19538438812748]]]},"properties":{"h3_index":"872806d24ffffff","station_count":10,"polygon_count":10,"coverage_type":"area","wetland_summary":"Depressional Vegetated, Lacustrine Vegetated, Depressional Open Water","level1_summary":"Non-Tidal","program_id":"russian_river","program":"Russian River","resolution":7,"stations":[]}},{"type":"Feature","geometry":{"type":"Polygon","coordinates":[[[-123.16779998970897,39.20426373718546],[-123.16031819482575,39.21595767996785],[-123.16929288649627,39.22624098399044],[-123.18574919978663,39.22482924679653],[-123.19322742752188,39.21313535668399],[-123.18425291001842,39.2028531509869],[-123.16779998970897,39.20426373718546]]]},"properties":{"h3_index":"872806d25ffffff","station_count":8,"polygon_count":8,"coverage_type":"area","wetland_summary":"Depressional Vegetated, Lacustrine Open Water, Lacustrine Vegetated","level1_summary":"Non-Tidal","program_id":"russian_river","program":"Russian River","resolution":7,"stations":[]}},{"type":"Feature","geometry":{"type":"Polygon","coordinates":[[[-123.11842755322628,39.20848243797576],[-123.11093724964196,39.22017483674513],[-123.11991026386643,39.23046313036574],[-123.13637341629298,39.229057926788606],[-123.14386015700728,39.21736557699327],[-123.13488730907102,39.20707838169275],[-123.11842755322628,39.20848243797576]]]},"properties":{"h3_index":"872806d26ffffff","station_count":12,"polygon_count":12,"coverage_type":"area","wetland_summary":"Depressional Vegetated, Depressional Open Water","level1_summary":"Non-Tidal","program_id":"russian_river","program":"Russian River","resolution":7,"stations":[]}},{"type":"Feature","geometry":{"type":"Polygon","coordinates":[[[-123.19622467280945,39.25707751930115],[-123.18874368802052,39.26876811869585],[-123.19772425133888,39.279041934736895],[-123.21418562145392,39.27762405459119],[-123.22166303273244,39.265933509903945],[-123.21268264831018,39.25566079054605],[-123.19622467280945,39.25707751930115]]]},"properties":{"h3_index":"872806d28ffffff","station_count":218,"polygon_count":218,"coverage_type":"area","wetland_summary":"Channel Vegetated, Channel, Depressional Vegetated","level1_summary":"Non-Tidal","program_id":"russian_river","program":"Russian River","resolution":7,"stations":[]}},{"type":"Feature","geometry":{"type":"Polygon","coordinates":[[[-123.22166303273244,39.265933509903945],[-123.21418562145392,39.27762405459119],[-123.22316802261051,39.2878939734803],[-123.23962765295354,39.28647225122219],[-123.24710148774615,39.27478176312859],[-123.23811926958467,39.26451294059038],[-123.22166303273244,39.265933509903945]]]},"properties":{"h3_index":"872806d29ffffff","station_count":128,"polygon_count":128,"coverage_type":"area","wetland_summary":"Depressional Vegetated, Channel Vegetated Woody, Channel Vegetated","level1_summary":"Non-Tidal","program_id":"russian_river","program":"Russian River","resolution":7,"stations":[]}},{"type":"Feature","geometry":{"type":"Polygon","coordinates":[[[-123.1722805846395,39.27018215613936],[-123.16479464837074,39.28187115876831],[-123.17377538680152,39.292146071167906],[-123.19024188729391,39.29073088447126],[-123.19772425133888,39.279041934736895],[-123.18874368802052,39.26876811869585],[-123.1722805846395,39.27018215613936]]]},"properties":{"h3_index":"872806d2affffff","station_count":72,"polygon_count":72,"coverage_type":"area","wetland_summary":"Depressional Vegetated, Depressional Open Water","level1_summary":"Non-Tidal","program_id":"russian_river","program":"Russian River","resolution":7,"stations":[]}},{"type":"Feature","geometry":{"type":"Polygon","coordinates":[[[-123.19772425133888,39.279041934736895],[-123.19024188729391,39.29073088447126],[-123.19922446766472,39.301001899388886],[-123.21568923377075,39.29958286843472],[-123.22316802261051,39.2878939734803],[-123.21418562145392,39.27762405459119],[-123.19772425133888,39.279041934736895]]]},"properties":{"h3_index":"872806d2bffffff","station_count":234,"polygon_count":234,"coverage_type":"area","wetland_summary":"Depressional Vegetated, Channel Vegetated, Channel Vegetated Woody","level1_summary":"Non-Tidal","program_id":"russian_river","program":"Russian River","resolution":7,"stations":[]}},{"type":"Feature","geometry":{"type":"Polygon","coordinates":[[[-123.19472573167188,39.235108658231205],[-123.18724612565278,39.24680090441977],[-123.19622467280945,39.25707751930115],[-123.21268264831018,39.25566079054605],[-123.22015868251252,39.243968598990676],[-123.21118031393421,39.233693081448386],[-123.19472573167188,39.235108658231205]]]},"properties":{"h3_index":"872806d2cffffff","station_count":260,"polygon_count":260,"coverage_type":"area","wetland_summary":"Channel Vegetated, Woody Slope, Channel","level1_summary":"Non-Tidal","program_id":"russian_river","program":"Russian River","resolution":7,"stations":[]}},{"type":"Feature","geometry":{"type":"Polygon","coordinates":[[[-123.22015868251252,39.243968598990676],[-123.21268264831018,39.25566079054605],[-123.22166303273244,39.265933509903945],[-123.23811926958467,39.26451294059038],[-123.24559172899627,39.252820805555004],[-123.23661152724884,39.242549183204176],[-123.22015868251252,39.243968598990676]]]},"properties":{"h3_index":"872806d2dffffff","station_count":155,"polygon_count":155,"coverage_type":"area","wetland_summary":"Channel Vegetated Woody, Channel Vegetated, Channel","level1_summary":"Non-Tidal","program_id":"russian_river","program":"Russian River","resolution":7,"stations":[]}},{"type":"Feature","geometry":{"type":"Polygon","coordinates":[[[-123.17078641800546,39.248213792028864],[-123.16330186268588,39.259904444245045],[-123.1722805846395,39.27018215613936],[-123.18874368802052,39.26876811869585],[-123.19622467280945,39.25707751930115],[-123.18724612565278,39.24680090441977],[-123.17078641800546,39.248213792028864]]]},"properties":{"h3_index":"872806d2effffff","station_count":45,"polygon_count":45,"coverage_type":"area","wetland_summary":"Depressional Vegetated, Depressional Open Water","level1_summary":"Non-Tidal","program_id":"russian_river","program":"Russian River","resolution":7,"stations":[]}},{"type":"Feature","geometry":{"type":"Polygon","coordinates":[[[-123.07050716424943,39.23466565766488],[-123.06300696898293,39.246354853023746],[-123.07198030440979,39.256645342284955],[-123.08845367730807,39.25524553842582],[-123.09595031231812,39.24355638842264],[-123.08697713559509,39.233266996814876],[-123.07050716424943,39.23466565766488]]]},"properties":{"h3_index":"872806d30ffffff","station_count":3,"polygon_count":3,"coverage_type":"area","wetland_summary":"Depressional Vegetated","level1_summary":"Non-Tidal","program_id":"russian_river","program":"Russian River","resolution":7,"stations":[]}},{"type":"Feature","geometry":{"type":"Polygon","coordinates":[[[-123.09595031231812,39.24355638842264],[-123.08845367730807,39.25524553842582],[-123.097428868768,39.265532135442434],[-123.11390053333963,39.26412848501416],[-123.1213936050951,39.25243938225103],[-123.11241857644141,39.24215388256791],[-123.09595031231812,39.24355638842264]]]},"properties":{"h3_index":"872806d31ffffff","station_count":51,"polygon_count":51,"coverage_type":"area","wetland_summary":"Channel, Channel Vegetated Woody, Depressional Vegetated","level1_summary":"Non-Tidal","program_id":"russian_river","program":"Russian River","resolution":7,"stations":[]}},{"type":"Feature","geometry":{"type":"Polygon","coordinates":[[[-123.04653189427776,39.247750809750016],[-123.03902675187368,39.259438396494744],[-123.04800024220476,39.26972998307492],[-123.0644787209459,39.26833288548354],[-123.07198030440979,39.256645342284955],[-123.06300696898293,39.246354853023746],[-123.04653189427776,39.247750809750016]]]},"properties":{"h3_index":"872806d32ffffff","station_count":75,"polygon_count":75,"coverage_type":"area","wetland_summary":"Channel Vegetated Woody, Channel Vegetated, Channel","level1_summary":"Non-Tidal","program_id":"russian_river","program":"Russian River","resolution":7,"stations":[]}},{"type":"Feature","geometry":{"type":"Polygon","coordinates":[[[-123.07198030440979,39.256645342284955],[-123.0644787209459,39.26833288548354],[-123.0734540714151,39.27862057950146],[-123.08993084724823,39.27721963321144],[-123.097428868768,39.265532135442434],[-123.08845367730807,39.25524553842582],[-123.07198030440979,39.256645342284955]]]},"properties":{"h3_index":"872806d33ffffff","station_count":159,"polygon_count":159,"coverage_type":"area","wetland_summary":"Channel Vegetated, Channel Vegetated Woody, Channel","level1_summary":"Non-Tidal","program_id":"russian_river","program":"Russian River","resolution":7,"stations":[]}},{"type":"Feature","geometry":{"type":"Polygon","coordinates":[[[-123.06903465053608,39.21268153080575],[-123.06153584297464,39.22437237545289],[-123.07050716424943,39.23466565766488],[-123.08697713559509,39.233266996814876],[-123.09447238458657,39.22157619744772],[-123.08550122171056,39.211284013542574],[-123.06903465053608,39.21268153080575]]]},"properties":{"h3_index":"872806d34ffffff","station_count":41,"polygon_count":41,"coverage_type":"area","wetland_summary":"Channel Vegetated Woody, Channel, Channel Vegetated","level1_summary":"Non-Tidal","program_id":"russian_river","program":"Russian River","resolution":7,"stations":[]}},{"type":"Feature","geometry":{"type":"Polygon","coordinates":[[[-123.09447238458657,39.22157619744772],[-123.08697713559509,39.233266996814876],[-123.09595031231812,39.24355638842264],[-123.11241857644141,39.24215388256791],[-123.11991026386643,39.23046313036574],[-123.11093724964196,39.22017483674513],[-123.09447238458657,39.22157619744772]]]},"properties":{"h3_index":"872806d35ffffff","station_count":80,"polygon_count":80,"coverage_type":"area","wetland_summary":"Channel Vegetated Woody, Channel Vegetated, Channel","level1_summary":"Non-Tidal","program_id":"russian_river","program":"Russian River","resolution":7,"stations":[]}},{"type":"Feature","geometry":{"type":"Polygon","coordinates":[[[-123.04506417092227,39.22576719073673],[-123.03756041840154,39.23745642956717],[-123.04653189427776,39.247750809750016],[-123.06300696898293,39.246354853023746],[-123.07050716424943,39.23466565766488],[-123.06153584297464,39.22437237545289],[-123.04506417092227,39.22576719073673]]]},"properties":{"h3_index":"872806d36ffffff","station_count":15,"polygon_count":15,"coverage_type":"area","wetland_summary":"Channel Vegetated, Channel Vegetated Woody, Channel","level1_summary":"Non-Tidal","program_id":"russian_river","program":"Russian River","resolution":7,"stations":[]}},{"type":"Feature","geometry":{"type":"Polygon","coordinates":[[[-123.30102173095379,39.336347774993484],[-123.29355231262696,39.34803484149128],[-123.30254424566981,39.35828744370024],[-123.31900540199241,39.35685188527288],[-123.32647123152805,39.345164881166816],[-123.31747949443368,39.33491337298673],[-123.30102173095379,39.336347774993484]]]},"properties":{"h3_index":"872806d40ffffff","station_count":3,"polygon_count":3,"coverage_type":"area","wetland_summary":"Depressional Vegetated","level1_summary":"Non-Tidal","program_id":"russian_river","program":"Russian River","resolution":7,"stations":[]}},{"type":"Feature","geometry":{"type":"Polygon","coordinates":[[[-123.32647123152805,39.345164881166816],[-123.31900540199241,39.35685188527288],[-123.32799915987268,39.36710058196398],[-123.34445854813715,39.3656611807531],[-123.35192078591966,39.353974240924586],[-123.34292722809133,39.34372663791956],[-123.32647123152805,39.345164881166816]]]},"properties":{"h3_index":"872806d41ffffff","station_count":1,"polygon_count":1,"coverage_type":"area","wetland_summary":"Depressional Vegetated","level1_summary":"Non-Tidal","program_id":"russian_river","program":"Russian River","resolution":7,"stations":[]}},{"type":"Feature","geometry":{"type":"Polygon","coordinates":[[[-123.29949986351126,39.31440364360666],[-123.29203181813322,39.32609236290697],[-123.30102173095379,39.336347774993484],[-123.31747949443368,39.33491337298673],[-123.32494395272306,39.323224716009975],[-123.31595423552209,39.31297039860678],[-123.29949986351126,39.31440364360666]]]},"properties":{"h3_index":"872806d44ffffff","station_count":31,"polygon_count":31,"coverage_type":"area","wetland_summary":"Depressional Vegetated, Non-woody Slope, Woody Slope","level1_summary":"Non-Tidal","program_id":"russian_river","program":"Russian River","resolution":7,"stations":[]}},{"type":"Feature","geometry":{"type":"Polygon","coordinates":[[[-123.32494395272306,39.323224716009975],[-123.31747949443368,39.33491337298673],[-123.32647123152805,39.345164881166816],[-123.34292722809133,39.34372663791956],[-123.35038809633171,39.332038045152814],[-123.34139655895781,39.32178763131352],[-123.32494395272306,39.323224716009975]]]},"properties":{"h3_index":"872806d45ffffff","station_count":11,"polygon_count":11,"coverage_type":"area","wetland_summary":"Depressional Vegetated, Depressional Open Water, Woody Slope","level1_summary":"Non-Tidal","program_id":"russian_river","program":"Russian River","resolution":7,"stations":[]}},{"type":"Feature","geometry":{"type":"Polygon","coordinates":[[[-123.27557229423873,39.32752292305851],[-123.26809929008692,39.33921005006241],[-123.27708939475228,39.34946655651815],[-123.29355231262696,39.34803484149128],[-123.30102173095379,39.336347774993484],[-123.29203181813322,39.32609236290697],[-123.27557229423873,39.32752292305851]]]},"properties":{"h3_index":"872806d46ffffff","station_count":1,"polygon_count":1,"coverage_type":"area","wetland_summary":"Depressional Vegetated","level1_summary":"Non-Tidal","program_id":"russian_river","program":"Russian River","resolution":7,"stations":[]}},{"type":"Feature","geometry":{"type":"Polygon","coordinates":[[[-123.2276868342554,39.35374862877297],[-123.22020390981908,39.365432557374334],[-123.22919438682945,39.37569125162319],[-123.24566760490119,39.374264923422714],[-123.25314694605878,39.36258105169177],[-123.24415665332849,39.35232345118165],[-123.2276868342554,39.35374862877297]]]},"properties":{"h3_index":"872806d50ffffff","station_count":30,"polygon_count":30,"coverage_type":"area","wetland_summary":"Channel, Channel Vegetated Woody, Depressional Vegetated","level1_summary":"Non-Tidal","program_id":"russian_river","program":"Russian River","resolution":7,"stations":[]}},{"type":"Feature","geometry":{"type":"Polygon","coordinates":[[[-123.25314694605878,39.36258105169177],[-123.24566760490119,39.374264923422714],[-123.25465991850474,39.384519712750944],[-123.27113138578083,39.383089536835875],[-123.27860714068181,39.371405723859226],[-123.26961501546756,39.36115202793395],[-123.25314694605878,39.36258105169177]]]},"properties":{"h3_index":"872806d51ffffff","station_count":1,"polygon_count":1,"coverage_type":"area","wetland_summary":"Depressional Vegetated","level1_summary":"Non-Tidal","program_id":"russian_river","program":"Russian River","resolution":7,"stations":[]}},{"type":"Feature","geometry":{"type":"Polygon","coordinates":[[[-123.20372894747184,39.366855037255654],[-123.1962410615356,39.37853735975131],[-123.2052317190361,39.38879714742256],[-123.22171008288923,39.38737351906669],[-123.22919438682945,39.37569125162319],[-123.22020390981908,39.365432557374334],[-123.20372894747184,39.366855037255654]]]},"properties":{"h3_index":"872806d52ffffff","station_count":7,"polygon_count":7,"coverage_type":"area","wetland_summary":"Depressional Vegetated","level1_summary":"Non-Tidal","program_id":"russian_river","program":"Russian River","resolution":7,"stations":[]}},{"type":"Feature","geometry":{"type":"Polygon","coordinates":[[[-123.22919438682945,39.37569125162319],[-123.22171008288923,39.38737351906669],[-123.23070258109502,39.397629401483776],[-123.24717919954442,39.396201923259255],[-123.25465991850474,39.384519712750944],[-123.24566760490119,39.374264923422714],[-123.22919438682945,39.37569125162319]]]},"properties":{"h3_index":"872806d53ffffff","station_count":4,"polygon_count":4,"coverage_type":"area","wetland_summary":"Depressional Vegetated","level1_summary":"Non-Tidal","program_id":"russian_river","program":"Russian River","resolution":7,"stations":[]}},{"type":"Feature","geometry":{"type":"Polygon","coordinates":[[[-123.22617992296551,39.331801538049014],[-123.21869837754707,39.34348712495709],[-123.2276868342554,39.35374862877297],[-123.24415665332849,39.35232345118165],[-123.25163461716818,39.34063792107746],[-123.24264634441815,39.33037751165153],[-123.22617992296551,39.331801538049014]]]},"properties":{"h3_index":"872806d54ffffff","station_count":102,"polygon_count":102,"coverage_type":"area","wetland_summary":"Channel, Channel Vegetated Woody, Depressional Vegetated","level1_summary":"Non-Tidal","program_id":"russian_river","program":"Russian River","resolution":7,"stations":[]}},{"type":"Feature","geometry":{"type":"Polygon","coordinates":[[[-123.25163461716818,39.34063792107746],[-123.24415665332849,39.35232345118165],[-123.25314694605878,39.36258105169177],[-123.26961501546756,39.36115202793395],[-123.27708939475228,39.34946655651815],[-123.26809929008692,39.33921005006241],[-123.25163461716818,39.34063792107746]]]},"properties":{"h3_index":"872806d55ffffff","station_count":9,"polygon_count":9,"coverage_type":"area","wetland_summary":"Depressional Vegetated","level1_summary":"Non-Tidal","program_id":"russian_river","program":"Russian River","resolution":7,"stations":[]}},{"type":"Feature","geometry":{"type":"Polygon","coordinates":[[[-123.20222681532577,39.3449084557796],[-123.19474031059288,39.356592439367745],[-123.20372894747184,39.366855037255654],[-123.22020390981908,39.365432557374334],[-123.2276868342554,39.35374862877297],[-123.21869837754707,39.34348712495709],[-123.20222681532577,39.3449084557796]]]},"properties":{"h3_index":"872806d56ffffff","station_count":7,"polygon_count":7,"coverage_type":"area","wetland_summary":"Depressional Vegetated, Seep/Spring","level1_summary":"Non-Tidal","program_id":"russian_river","program":"Russian River","resolution":7,"stations":[]}},{"type":"Feature","geometry":{"type":"Polygon","coordinates":[[[-123.32189134208447,39.279331013105015],[-123.31442962484623,39.29102296725705],[-123.32341732304572,39.301280091613584],[-123.33986654032384,39.299844166054484],[-123.34732467091787,39.288152275972074],[-123.338337171777,39.27789624726938],[-123.32189134208447,39.279331013105015]]]},"properties":{"h3_index":"872806d60ffffff","station_count":10,"polygon_count":10,"coverage_type":"area","wetland_summary":"Depressional Vegetated, Depressional Open Water, Woody Slope","level1_summary":"Non-Tidal","program_id":"russian_river","program":"Russian River","resolution":7,"stations":[]}},{"type":"Feature","geometry":{"type":"Polygon","coordinates":[[[-123.34732467091787,39.288152275972074],[-123.33986654032384,39.299844166054484],[-123.34885605813544,39.310097388460996],[-123.36530350428515,39.30865762536586],[-123.37275804528217,39.296965801240994],[-123.3637687306246,39.28671367414378],[-123.34732467091787,39.288152275972074]]]},"properties":{"h3_index":"872806d61ffffff","station_count":6,"polygon_count":6,"coverage_type":"area","wetland_summary":"Depressional Vegetated, Depressional Open Water","level1_summary":"Non-Tidal","program_id":"russian_river","program":"Russian River","resolution":7,"stations":[]}},{"type":"Feature","geometry":{"type":"Polygon","coordinates":[[[-123.29797864293158,39.29245505466432],[-123.29051197002066,39.30414542391113],[-123.29949986351126,39.31440364360666],[-123.31595423552209,39.31297039860678],[-123.32341732304572,39.301280091613584],[-123.31442962484623,39.29102296725705],[-123.29797864293158,39.29245505466432]]]},"properties":{"h3_index":"872806d62ffffff","station_count":15,"polygon_count":15,"coverage_type":"area","wetland_summary":"Depressional Vegetated, Non-woody Slope, Woody Slope","level1_summary":"Non-Tidal","program_id":"russian_river","program":"Russian River","resolution":7,"stations":[]}},{"type":"Feature","geometry":{"type":"Polygon","coordinates":[[[-123.32341732304572,39.301280091613584],[-123.31595423552209,39.31297039860678],[-123.32494395272306,39.323224716009975],[-123.34139655895781,39.32178763131352],[-123.34885605813544,39.310097388460996],[-123.33986654032384,39.299844166054484],[-123.32341732304572,39.301280091613584]]]},"properties":{"h3_index":"872806d63ffffff","station_count":12,"polygon_count":12,"coverage_type":"area","wetland_summary":"Depressional Vegetated, Non-woody Slope, Depressional Open Water","level1_summary":"Non-Tidal","program_id":"russian_river","program":"Russian River","resolution":7,"stations":[]}},{"type":"Feature","geometry":{"type":"Polygon","coordinates":[[[-123.32036600942804,39.25737748561896],[-123.31290566199507,39.269071084068834],[-123.32189134208447,39.279331013105015],[-123.338337171777,39.27789624726938],[-123.34579393426638,39.266202712816266],[-123.33680845290525,39.255943880092346],[-123.32036600942804,39.25737748561896]]]},"properties":{"h3_index":"872806d64ffffff","station_count":1,"polygon_count":1,"coverage_type":"area","wetland_summary":"Depressional Vegetated","level1_summary":"Non-Tidal","program_id":"russian_river","program":"Russian River","resolution":7,"stations":[]}},{"type":"Feature","geometry":{"type":"Polygon","coordinates":[[[-123.34579393426638,39.266202712816266],[-123.338337171777,39.27789624726938],[-123.34732467091787,39.288152275972074],[-123.3637687306246,39.28671367414378],[-123.37122190521917,39.275020205576006],[-123.3622346088994,39.26476527284129],[-123.34579393426638,39.266202712816266]]]},"properties":{"h3_index":"872806d65ffffff","station_count":5,"polygon_count":5,"coverage_type":"area","wetland_summary":"Depressional Vegetated, Depressional Open Water","level1_summary":"Non-Tidal","program_id":"russian_river","program":"Russian River","resolution":7,"stations":[]}},{"type":"Feature","geometry":{"type":"Polygon","coordinates":[[[-123.29645806880464,39.27050201329829],[-123.28899276787925,39.282194029632215],[-123.29797864293158,39.29245505466432],[-123.31442962484623,39.29102296725705],[-123.32189134208447,39.279331013105015],[-123.31290566199507,39.269071084068834],[-123.29645806880464,39.27050201329829]]]},"properties":{"h3_index":"872806d66ffffff","station_count":16,"polygon_count":16,"coverage_type":"area","wetland_summary":"Depressional Vegetated, Depressional Open Water","level1_summary":"Non-Tidal","program_id":"russian_river","program":"Russian River","resolution":7,"stations":[]}},{"type":"Feature","geometry":{"type":"Polygon","coordinates":[[[-123.37429483817165,39.31890694455331],[-123.36683893029449,39.33059712137781],[-123.37583228430165,39.34084363038714],[-123.39228133949851,39.33939886815732],[-123.39973365312501,39.32770875924834],[-123.39074050670303,39.31746334454356],[-123.37429483817165,39.31890694455331]]]},"properties":{"h3_index":"872806d68ffffff","station_count":3,"polygon_count":3,"coverage_type":"area","wetland_summary":"Depressional Vegetated, Depressional Open Water","level1_summary":"Non-Tidal","program_id":"russian_river","program":"Russian River","resolution":7,"stations":[]}},{"type":"Feature","geometry":{"type":"Polygon","coordinates":[[[-123.35038809633171,39.332038045152814],[-123.34292722809133,39.34372663791956],[-123.35192078591966,39.353974240924586],[-123.36837500906636,39.35253215705721],[-123.37583228430165,39.34084363038714],[-123.36683893029449,39.33059712137781],[-123.35038809633171,39.332038045152814]]]},"properties":{"h3_index":"872806d6affffff","station_count":14,"polygon_count":14,"coverage_type":"area","wetland_summary":"Depressional Vegetated","level1_summary":"Non-Tidal","program_id":"russian_river","program":"Russian River","resolution":7,"stations":[]}},{"type":"Feature","geometry":{"type":"Polygon","coordinates":[[[-123.37583228430165,39.34084363038714],[-123.36837500906636,39.35253215705721],[-123.37737038408665,39.36277585362397],[-123.3938228273189,39.36132992976243],[-123.40127650659724,39.34964147107596],[-123.39228133949851,39.33939886815732],[-123.37583228430165,39.34084363038714]]]},"properties":{"h3_index":"872806d6bffffff","station_count":2,"polygon_count":2,"coverage_type":"area","wetland_summary":"Depressional Vegetated","level1_summary":"Non-Tidal","program_id":"russian_river","program":"Russian River","resolution":7,"stations":[]}},{"type":"Feature","geometry":{"type":"Polygon","coordinates":[[[-123.34885605813544,39.310097388460996],[-123.34139655895781,39.32178763131352],[-123.35038809633171,39.332038045152814],[-123.36683893029449,39.33059712137781],[-123.37429483817165,39.31890694455331],[-123.36530350428515,39.30865762536586],[-123.34885605813544,39.310097388460996]]]},"properties":{"h3_index":"872806d6effffff","station_count":36,"polygon_count":36,"coverage_type":"area","wetland_summary":"Non-woody Slope, Woody Slope, Depressional Vegetated","level1_summary":"Non-Tidal","program_id":"russian_river","program":"Russian River","resolution":7,"stations":[]}},{"type":"Feature","geometry":{"type":"Polygon","coordinates":[[[-123.24861188841979,39.2967382716661],[-123.24113667776234,39.308427109955026],[-123.25012293142454,39.318690326026875],[-123.26658420922963,39.31726360833959],[-123.27405583873173,39.30557482860197],[-123.26506977248677,39.29531270789106],[-123.24861188841979,39.2967382716661]]]},"properties":{"h3_index":"872806d70ffffff","station_count":14,"polygon_count":14,"coverage_type":"area","wetland_summary":"Depressional Vegetated, Depressional Open Water, Seep/Spring","level1_summary":"Non-Tidal","program_id":"russian_river","program":"Russian River","resolution":7,"stations":[]}},{"type":"Feature","geometry":{"type":"Polygon","coordinates":[[[-123.27405583873173,39.30557482860197],[-123.26658420922963,39.31726360833959],[-123.27557229423873,39.32752292305851],[-123.29203181813322,39.32609236290697],[-123.29949986351126,39.31440364360666],[-123.29051197002066,39.30414542391113],[-123.27405583873173,39.30557482860197]]]},"properties":{"h3_index":"872806d71ffffff","station_count":8,"polygon_count":8,"coverage_type":"area","wetland_summary":"Depressional Vegetated, Non-woody Slope","level1_summary":"Non-Tidal","program_id":"russian_river","program":"Russian River","resolution":7,"stations":[]}},{"type":"Feature","geometry":{"type":"Polygon","coordinates":[[[-123.22467365255278,39.30984998457461],[-123.21719348566641,39.321537226934836],[-123.22617992296551,39.331801538049014],[-123.24264634441815,39.33037751165153],[-123.25012293142454,39.318690326026875],[-123.24113667776234,39.308427109955026],[-123.22467365255278,39.30984998457461]]]},"properties":{"h3_index":"872806d72ffffff","station_count":105,"polygon_count":105,"coverage_type":"area","wetland_summary":"Channel Vegetated, Channel Vegetated Woody, Depressional Vegetated","level1_summary":"Non-Tidal","program_id":"russian_river","program":"Russian River","resolution":7,"stations":[]}},{"type":"Feature","geometry":{"type":"Polygon","coordinates":[[[-123.25012293142454,39.318690326026875],[-123.24264634441815,39.33037751165153],[-123.25163461716818,39.34063792107746],[-123.26809929008692,39.33921005006241],[-123.27557229423873,39.32752292305851],[-123.26658420922963,39.31726360833959],[-123.25012293142454,39.318690326026875]]]},"properties":{"h3_index":"872806d73ffffff","station_count":10,"polygon_count":10,"coverage_type":"area","wetland_summary":"Depressional Vegetated, Depressional Open Water","level1_summary":"Non-Tidal","program_id":"russian_river","program":"Russian River","resolution":7,"stations":[]}},{"type":"Feature","geometry":{"type":"Polygon","coordinates":[[[-123.24710148774615,39.27478176312859],[-123.23962765295354,39.28647225122219],[-123.24861188841979,39.2967382716661],[-123.26506977248677,39.29531270789106],[-123.2725400278221,39.28362227827754],[-123.26355597944986,39.27335735384972],[-123.24710148774615,39.27478176312859]]]},"properties":{"h3_index":"872806d74ffffff","station_count":66,"polygon_count":66,"coverage_type":"area","wetland_summary":"Channel Vegetated, Channel Vegetated Woody, Depressional Vegetated","level1_summary":"Non-Tidal","program_id":"russian_river","program":"Russian River","resolution":7,"stations":[]}},{"type":"Feature","geometry":{"type":"Polygon","coordinates":[[[-123.2725400278221,39.28362227827754],[-123.26506977248677,39.29531270789106],[-123.27405583873173,39.30557482860197],[-123.29051197002066,39.30414542391113],[-123.29797864293158,39.29245505466432],[-123.28899276787925,39.282194029632215],[-123.2725400278221,39.28362227827754]]]},"properties":{"h3_index":"872806d75ffffff","station_count":25,"polygon_count":25,"coverage_type":"area","wetland_summary":"Depressional Vegetated, Depressional Open Water, Non-woody Slope","level1_summary":"Non-Tidal","program_id":"russian_river","program":"Russian River","resolution":7,"stations":[]}},{"type":"Feature","geometry":{"type":"Polygon","coordinates":[[[-123.22316802261051,39.2878939734803],[-123.21568923377075,39.29958286843472],[-123.22467365255278,39.30984998457461],[-123.24113667776234,39.308427109955026],[-123.24861188841979,39.2967382716661],[-123.23962765295354,39.28647225122219],[-123.22316802261051,39.2878939734803]]]},"properties":{"h3_index":"872806d76ffffff","station_count":25,"polygon_count":25,"coverage_type":"area","wetland_summary":"Depressional Vegetated, Depressional Open Water, Channel Vegetated","level1_summary":"Non-Tidal","program_id":"russian_river","program":"Russian River","resolution":7,"stations":[]}},{"type":"Feature","geometry":{"type":"Polygon","coordinates":[[[-123.02693909950764,39.326754248058634],[-123.01942482994902,39.33843523973655],[-123.02840452099379,39.348719526816765],[-123.04489833050715,39.34732172707122],[-123.05240903738476,39.33564077733928],[-123.04342949834323,39.32535758529906],[-123.02693909950764,39.326754248058634]]]},"properties":{"h3_index":"872806dacffffff","station_count":1,"polygon_count":1,"coverage_type":"area","wetland_summary":"Depressional Vegetated","level1_summary":"Non-Tidal","program_id":"russian_river","program":"Russian River","resolution":7,"stations":[]}},{"type":"Feature","geometry":{"type":"Polygon","coordinates":[[[-123.05240903738476,39.33564077733928],[-123.04489833050715,39.34732172707122],[-123.05387988756938,39.35760211636718],[-123.07037199630273,39.356200461099306],[-123.07787913748453,39.344519555194],[-123.06889773654115,39.334240260621904],[-123.05240903738476,39.33564077733928]]]},"properties":{"h3_index":"872806dadffffff","station_count":8,"polygon_count":8,"coverage_type":"area","wetland_summary":"Depressional Vegetated, Seep/Spring, Woody Slope","level1_summary":"Non-Tidal","program_id":"russian_river","program":"Russian River","resolution":7,"stations":[]}},{"type":"Feature","geometry":{"type":"Polygon","coordinates":[[[-122.36411082926158,38.24746153203062],[-122.35656749430976,38.25920558807203],[-122.36542390077915,38.26968892013308],[-122.38182359898194,38.26842706827824],[-122.38936350825159,38.25668300454356],[-122.3805071459128,38.2462008002547],[-122.36411082926158,38.24746153203062]]]},"properties":{"h3_index":"872830040ffffff","station_count":1,"polygon_count":1,"coverage_type":"area","wetland_summary":"Depressional Vegetated","level1_summary":"Non-Tidal","program_id":"russian_river","program":"Russian River","resolution":7,"stations":[]}},{"type":"Feature","geometry":{"type":"Polygon","coordinates":[[[-122.38936350825159,38.25668300454356],[-122.38182359898194,38.26842706827824],[-122.39068193038071,38.27890660411626],[-122.40708012381569,38.277640948590786],[-122.4146166043588,38.26589687906246],[-122.40575832110487,38.25541847075078],[-122.38936350825159,38.25668300454356]]]},"properties":{"h3_index":"872830041ffffff","station_count":11,"polygon_count":11,"coverage_type":"area","wetland_summary":"Depressional Vegetated, Depressional Open Water, Non-woody Slope","level1_summary":"Non-Tidal","program_id":"russian_river","program":"Russian River","resolution":7,"stations":[]}},{"type":"Feature","geometry":{"type":"Polygon","coordinates":[[[-122.36279831281288,38.22522993140849],[-122.3552563912159,38.236975533326046],[-122.36411082926158,38.24746153203062],[-122.3805071459128,38.2462008002547],[-122.38804564343123,38.23445519049065],[-122.37919124928865,38.22397032024677],[-122.36279831281288,38.22522993140849]]]},"properties":{"h3_index":"872830044ffffff","station_count":38,"polygon_count":38,"coverage_type":"area","wetland_summary":"Depressional Vegetated, Depressional Open Water, Non-woody Slope","level1_summary":"Non-Tidal","program_id":"russian_river","program":"Russian River","resolution":7,"stations":[]}},{"type":"Feature","geometry":{"type":"Polygon","coordinates":[[[-122.38804564343123,38.23445519049065],[-122.3805071459128,38.2462008002547],[-122.38936350825159,38.25668300454356],[-122.40575832110487,38.25541847075078],[-122.41329339150205,38.24367285504055],[-122.40443707707806,38.23319177896682],[-122.38804564343123,38.23445519049065]]]},"properties":{"h3_index":"872830045ffffff","station_count":67,"polygon_count":67,"coverage_type":"area","wetland_summary":"Depressional Vegetated, Depressional Open Water, Non-woody Slope","level1_summary":"Non-Tidal","program_id":"russian_river","program":"Russian River","resolution":7,"stations":[]}},{"type":"Feature","geometry":{"type":"Polygon","coordinates":[[[-122.41594037676359,38.288116686647264],[-122.40840248556354,38.29985920696552],[-122.41726470906995,38.31033227227756],[-122.43366477229547,38.30906169057847],[-122.44119923012028,38.297319166516615],[-122.43233705900595,38.286847227794766],[-122.41594037676359,38.288116686647264]]]},"properties":{"h3_index":"872830048ffffff","station_count":22,"polygon_count":22,"coverage_type":"area","wetland_summary":"Depressional Vegetated, Depressional Open Water, Non-woody Slope","level1_summary":"Non-Tidal","program_id":"russian_river","program":"Russian River","resolution":7,"stations":[]}},{"type":"Feature","geometry":{"type":"Polygon","coordinates":[[[-122.44119923012028,38.297319166516615],[-122.43366477229547,38.30906169057847],[-122.44252891460035,38.31953095475712],[-122.45892745923123,38.318256568432005],[-122.46645848064234,38.30651404252615],[-122.45759439474665,38.29604590468654],[-122.44119923012028,38.297319166516615]]]},"properties":{"h3_index":"872830049ffffff","station_count":8,"polygon_count":8,"coverage_type":"area","wetland_summary":"Depressional Vegetated, Depressional Open Water","level1_summary":"Non-Tidal","program_id":"russian_river","program":"Russian River","resolution":7,"stations":[]}},{"type":"Feature","geometry":{"type":"Polygon","coordinates":[[[-122.39200091017072,38.301125983686944],[-122.38445817586202,38.312866946276436],[-122.39332044797415,38.32334113774091],[-122.4097254067017,38.32207324036093],[-122.41726470906995,38.31033227227756],[-122.40840248556354,38.29985920696552],[-122.39200091017072,38.301125983686944]]]},"properties":{"h3_index":"87283004affffff","station_count":8,"polygon_count":8,"coverage_type":"area","wetland_summary":"Depressional Open Water, Depressional Vegetated","level1_summary":"Non-Tidal","program_id":"russian_river","program":"Russian River","resolution":7,"stations":[]}},{"type":"Feature","geometry":{"type":"Polygon","coordinates":[[[-122.41726470906995,38.31033227227756],[-122.4097254067017,38.32207324036093],[-122.41858960163181,38.33254363044316],[-122.43499304721657,38.33127192643575],[-122.44252891460035,38.31953095475712],[-122.43366477229547,38.30906169057847],[-122.41726470906995,38.31033227227756]]]},"properties":{"h3_index":"87283004bffffff","station_count":9,"polygon_count":9,"coverage_type":"area","wetland_summary":"Depressional Vegetated, Depressional Open Water, Seep/Spring","level1_summary":"Non-Tidal","program_id":"russian_river","program":"Russian River","resolution":7,"stations":[]}},{"type":"Feature","geometry":{"type":"Polygon","coordinates":[[[-122.4146166043588,38.26589687906246],[-122.40708012381569,38.277640948590786],[-122.41594037676359,38.288116686647264],[-122.43233705900595,38.286847227794766],[-122.43987010778194,38.27510315437276],[-122.4310099069933,38.26462854359427],[-122.4146166043588,38.26589687906246]]]},"properties":{"h3_index":"87283004cffffff","station_count":55,"polygon_count":55,"coverage_type":"area","wetland_summary":"Depressional Vegetated, Depressional Open Water, Woody Slope","level1_summary":"Non-Tidal","program_id":"russian_river","program":"Russian River","resolution":7,"stations":[]}},{"type":"Feature","geometry":{"type":"Polygon","coordinates":[[[-122.43987010778194,38.27510315437276],[-122.43233705900595,38.286847227794766],[-122.44119923012028,38.297319166516615],[-122.45759439474665,38.29604590468654],[-122.46512400871882,38.284301829271065],[-122.45626189377825,38.2738310175763],[-122.43987010778194,38.27510315437276]]]},"properties":{"h3_index":"87283004dffffff","station_count":40,"polygon_count":40,"coverage_type":"area","wetland_summary":"Depressional Vegetated, Channel Vegetated Woody, Channel","level1_summary":"Non-Tidal","program_id":"russian_river","program":"Russian River","resolution":7,"stations":[]}},{"type":"Feature","geometry":{"type":"Polygon","coordinates":[[[-122.39068193038071,38.27890660411626],[-122.3831406088477,38.29064911879168],[-122.39200091017072,38.301125983686944],[-122.40840248556354,38.29985920696552],[-122.41594037676359,38.288116686647264],[-122.40708012381569,38.277640948590786],[-122.39068193038071,38.27890660411626]]]},"properties":{"h3_index":"87283004effffff","station_count":4,"polygon_count":4,"coverage_type":"area","wetland_summary":"Depressional Vegetated","level1_summary":"Non-Tidal","program_id":"russian_river","program":"Russian River","resolution":7,"stations":[]}},{"type":"Feature","geometry":{"type":"Polygon","coordinates":[[[-122.3614863510826,38.20299412380011],[-122.35394584232746,38.214741268558825],[-122.36279831281288,38.22522993140849],[-122.37919124928865,38.22397032024677],[-122.38672833556767,38.212223167486535],[-122.37787590875817,38.201735633787294],[-122.3614863510826,38.20299412380011]]]},"properties":{"h3_index":"872830062ffffff","station_count":8,"polygon_count":8,"coverage_type":"area","wetland_summary":"Depressional Vegetated, Depressional Open Water","level1_summary":"Non-Tidal","program_id":"russian_river","program":"Russian River","resolution":7,"stations":[]}},{"type":"Feature","geometry":{"type":"Polygon","coordinates":[[[-122.38672833556767,38.212223167486535],[-122.37919124928865,38.22397032024677],[-122.38804564343123,38.23445519049065],[-122.40443707707806,38.23319177896682],[-122.41197073784001,38.22144462010607],[-122.4031163913825,38.21096087876725],[-122.38672833556767,38.212223167486535]]]},"properties":{"h3_index":"872830063ffffff","station_count":23,"polygon_count":23,"coverage_type":"area","wetland_summary":"Depressional Vegetated, Depressional Open Water, Seep/Spring","level1_summary":"Non-Tidal","program_id":"russian_river","program":"Russian River","resolution":7,"stations":[]}},{"type":"Feature","geometry":{"type":"Polygon","coordinates":[[[-122.43721354811086,38.23065848043381],[-122.4296833159031,38.24240564349378],[-122.43854154723036,38.25288292383848],[-122.45492995597023,38.25161191261364],[-122.46245675659048,38.239864747255986],[-122.45359858096705,38.22938859531804],[-122.43721354811086,38.23065848043381]]]},"properties":{"h3_index":"872830068ffffff","station_count":161,"polygon_count":161,"coverage_type":"area","wetland_summary":"Channel Vegetated, Depressional Vegetated, Channel Vegetated Woody","level1_summary":"Non-Tidal","program_id":"russian_river","program":"Russian River","resolution":7,"stations":[]}},{"type":"Feature","geometry":{"type":"Polygon","coordinates":[[[-122.46245675659048,38.239864747255986],[-122.45492995597023,38.25161191261364],[-122.46379010082019,38.26208539567581],[-122.48017698748495,38.260810585123586],[-122.48770035348828,38.2490634193701],[-122.47884026835173,38.2385910644617],[-122.46245675659048,38.239864747255986]]]},"properties":{"h3_index":"872830069ffffff","station_count":184,"polygon_count":184,"coverage_type":"area","wetland_summary":"Channel Vegetated Woody, Channel, Channel Vegetated","level1_summary":"Non-Tidal","program_id":"russian_river","program":"Russian River","resolution":7,"stations":[]}},{"type":"Feature","geometry":{"type":"Polygon","coordinates":[[[-122.41329339150205,38.24367285504055],[-122.40575832110487,38.25541847075078],[-122.4146166043588,38.26589687906246],[-122.4310099069933,38.26462854359427],[-122.43854154723036,38.25288292383848],[-122.4296833159031,38.24240564349378],[-122.41329339150205,38.24367285504055]]]},"properties":{"h3_index":"87283006affffff","station_count":71,"polygon_count":71,"coverage_type":"area","wetland_summary":"Depressional Vegetated, Woody Slope, Channel Vegetated","level1_summary":"Non-Tidal","program_id":"russian_river","program":"Russian River","resolution":7,"stations":[]}},{"type":"Feature","geometry":{"type":"Polygon","coordinates":[[[-122.43854154723036,38.25288292383848],[-122.4310099069933,38.26462854359427],[-122.43987010778194,38.27510315437276],[-122.45626189377825,38.2738310175763],[-122.46379010082019,38.26208539567581],[-122.45492995597023,38.25161191261364],[-122.43854154723036,38.25288292383848]]]},"properties":{"h3_index":"87283006bffffff","station_count":112,"polygon_count":112,"coverage_type":"area","wetland_summary":"Depressional Vegetated, Channel Vegetated Woody, Channel Vegetated","level1_summary":"Non-Tidal","program_id":"russian_river","program":"Russian River","resolution":7,"stations":[]}},{"type":"Feature","geometry":{"type":"Polygon","coordinates":[[[-122.435886110069,38.20842982968602],[-122.42835728538124,38.22017853301724],[-122.43721354811086,38.23065848043381],[-122.45359858096705,38.22938859531804],[-122.46112397567386,38.217639889534375],[-122.45226776841356,38.20716107121615],[-122.435886110069,38.20842982968602]]]},"properties":{"h3_index":"87283006cffffff","station_count":19,"polygon_count":19,"coverage_type":"area","wetland_summary":"Depressional Vegetated, Non-woody Slope, Channel Vegetated Woody","level1_summary":"Non-Tidal","program_id":"russian_river","program":"Russian River","resolution":7,"stations":[]}},{"type":"Feature","geometry":{"type":"Polygon","coordinates":[[[-122.46112397567386,38.217639889534375],[-122.45359858096705,38.22938859531804],[-122.46245675659048,38.239864747255986],[-122.47884026835173,38.2385910644617],[-122.48636223004983,38.226842358128074],[-122.47750411390278,38.216367335035734],[-122.46112397567386,38.217639889534375]]]},"properties":{"h3_index":"87283006dffffff","station_count":33,"polygon_count":33,"coverage_type":"area","wetland_summary":"Depressional Vegetated, Depressional Open Water, Non-woody Slope","level1_summary":"Non-Tidal","program_id":"russian_river","program":"Russian River","resolution":7,"stations":[]}},{"type":"Feature","geometry":{"type":"Polygon","coordinates":[[[-122.41197073784001,38.22144462010607],[-122.40443707707806,38.23319177896682],[-122.41329339150205,38.24367285504055],[-122.4296833159031,38.24240564349378],[-122.43721354811086,38.23065848043381],[-122.42835728538124,38.22017853301724],[-122.41197073784001,38.22144462010607]]]},"properties":{"h3_index":"87283006effffff","station_count":14,"polygon_count":14,"coverage_type":"area","wetland_summary":"Depressional Vegetated, Depressional Open Water","level1_summary":"Non-Tidal","program_id":"russian_river","program":"Russian River","resolution":7,"stations":[]}},{"type":"Feature","geometry":{"type":"Polygon","coordinates":[[[-122.3375514094411,38.215997079025065],[-122.33000606681205,38.22774267119609],[-122.33885857718901,38.238232462749494],[-122.3552563912159,38.236975533326046],[-122.36279831281288,38.22522993140849],[-122.35394584232746,38.214741268558825],[-122.3375514094411,38.215997079025065]]]},"properties":{"h3_index":"872830071ffffff","station_count":2,"polygon_count":2,"coverage_type":"area","wetland_summary":"Depressional Vegetated","level1_summary":"Non-Tidal","program_id":"russian_river","program":"Russian River","resolution":7,"stations":[]}},{"type":"Feature","geometry":{"type":"Polygon","coordinates":[[[-122.43190715887032,38.14171868876319],[-122.42438255368901,38.15347199467793],[-122.43323291580238,38.163959928305644],[-122.44960782923627,38.16269342473565],[-122.45712900924947,38.15094011589348],[-122.4482787019035,38.14045331344601],[-122.43190715887032,38.14171868876319]]]},"properties":{"h3_index":"872830149ffffff","station_count":3,"polygon_count":3,"coverage_type":"area","wetland_summary":"Depressional Vegetated, Depressional Open Water","level1_summary":"Non-Tidal","program_id":"russian_river","program":"Russian River","resolution":7,"stations":[]}},{"type":"Feature","geometry":{"type":"Polygon","coordinates":[[[-122.55035363393107,38.46716875455201],[-122.54282451372897,38.47890191164615],[-122.55170815772225,38.48933981386871],[-122.56812084886964,38.488043437693186],[-122.57564651081951,38.47631028719951],[-122.56676294078451,38.465873506177154],[-122.55035363393107,38.46716875455201]]]},"properties":{"h3_index":"872830200ffffff","station_count":20,"polygon_count":20,"coverage_type":"area","wetland_summary":"Channel Vegetated Woody, Depressional Vegetated, Channel","level1_summary":"Non-Tidal","program_id":"russian_river","program":"Russian River","resolution":7,"stations":[]}},{"type":"Feature","geometry":{"type":"Polygon","coordinates":[[[-122.57564651081951,38.47631028719951],[-122.56812084886964,38.488043437693186],[-122.57700639843037,38.49847752046471],[-122.5934175328593,38.49717733170373],[-122.6009397335277,38.48544418970751],[-122.59205426195818,38.475011227870894],[-122.57564651081951,38.47631028719951]]]},"properties":{"h3_index":"872830201ffffff","station_count":33,"polygon_count":33,"coverage_type":"area","wetland_summary":"Channel Vegetated Woody, Channel, Channel Vegetated","level1_summary":"Non-Tidal","program_id":"russian_river","program":"Russian River","resolution":7,"stations":[]}},{"type":"Feature","geometry":{"type":"Polygon","coordinates":[[[-122.52641027230692,38.480194474842286],[-122.51887628911852,38.49192606577871],[-122.5277600032823,38.502365088783804],[-122.54417763137566,38.501071399966385],[-122.55170815772225,38.48933981386871],[-122.54282451372897,38.47890191164615],[-122.52641027230692,38.480194474842286]]]},"properties":{"h3_index":"872830202ffffff","station_count":3,"polygon_count":3,"coverage_type":"area","wetland_summary":"Depressional Vegetated, Depressional Open Water","level1_summary":"Non-Tidal","program_id":"russian_river","program":"Russian River","resolution":7,"stations":[]}},{"type":"Feature","geometry":{"type":"Polygon","coordinates":[[[-122.55170815772225,38.48933981386871],[-122.54417763137566,38.501071399966385],[-122.55306325514228,38.511506603257494],[-122.56947933196048,38.5102090998276],[-122.57700639843037,38.49847752046471],[-122.56812084886964,38.488043437693186],[-122.55170815772225,38.48933981386871]]]},"properties":{"h3_index":"872830203ffffff","station_count":25,"polygon_count":25,"coverage_type":"area","wetland_summary":"Channel Vegetated Woody, Depressional Vegetated, Depressional Open Water","level1_summary":"Non-Tidal","program_id":"russian_river","program":"Russian River","resolution":7,"stations":[]}},{"type":"Feature","geometry":{"type":"Polygon","coordinates":[[[-122.54899968340604,38.444993430752284],[-122.54147196884124,38.45672815584671],[-122.55035363393107,38.46716875455201],[-122.56676294078451,38.465873506177154],[-122.57428719872051,38.45413878754706],[-122.56540560734166,38.44369931072375],[-122.54899968340604,38.444993430752284]]]},"properties":{"h3_index":"872830204ffffff","station_count":5,"polygon_count":5,"coverage_type":"area","wetland_summary":"Depressional Open Water, Depressional Vegetated, Seep/Spring","level1_summary":"Non-Tidal","program_id":"russian_river","program":"Russian River","resolution":7,"stations":[]}},{"type":"Feature","geometry":{"type":"Polygon","coordinates":[[[-122.57428719872051,38.45413878754706],[-122.56676294078451,38.465873506177154],[-122.57564651081951,38.47631028719951],[-122.59205426195818,38.475011227870894],[-122.5995750602378,38.46327651760282],[-122.5906915679441,38.45284085819744],[-122.57428719872051,38.45413878754706]]]},"properties":{"h3_index":"872830205ffffff","station_count":2,"polygon_count":2,"coverage_type":"area","wetland_summary":"Woody Slope","level1_summary":"Non-Tidal","program_id":"russian_river","program":"Russian River","resolution":7,"stations":[]}},{"type":"Feature","geometry":{"type":"Polygon","coordinates":[[[-122.52506111271278,38.45801959287618],[-122.5175285372917,38.46975275467406],[-122.52641027230692,38.480194474842286],[-122.54282451372897,38.47890191164615],[-122.55035363393107,38.46716875455201],[-122.54147196884124,38.45672815584671],[-122.52506111271278,38.45801959287618]]]},"properties":{"h3_index":"872830206ffffff","station_count":8,"polygon_count":8,"coverage_type":"area","wetland_summary":"Seep/Spring, Depressional Vegetated","level1_summary":"Non-Tidal","program_id":"russian_river","program":"Russian River","resolution":7,"stations":[]}},{"type":"Feature","geometry":{"type":"Polygon","coordinates":[[[-122.60230498457453,38.507607593524355],[-122.5947813810123,38.519339164256095],[-122.6036708137437,38.52976672361737],[-122.62008376866962,38.528461592156795],[-122.62760390629711,38.51673003195282],[-122.6187145558427,38.50630359257754],[-122.60230498457453,38.507607593524355]]]},"properties":{"h3_index":"872830208ffffff","station_count":84,"polygon_count":84,"coverage_type":"area","wetland_summary":"Channel, Channel Vegetated Woody, Depressional Vegetated","level1_summary":"Non-Tidal","program_id":"russian_river","program":"Russian River","resolution":7,"stations":[]}},{"type":"Feature","geometry":{"type":"Polygon","coordinates":[[[-122.62760390629711,38.51673003195282],[-122.62008376866962,38.528461592156795],[-122.62897510075817,38.53888532731319],[-122.64538648507012,38.53757638244583],[-122.65290315373977,38.5258448346665],[-122.64401190796382,38.515422219225556],[-122.62760390629711,38.51673003195282]]]},"properties":{"h3_index":"872830209ffffff","station_count":38,"polygon_count":38,"coverage_type":"area","wetland_summary":"Channel, Channel Vegetated Woody, Channel Vegetated","level1_summary":"Non-Tidal","program_id":"russian_river","program":"Russian River","resolution":7,"stations":[]}},{"type":"Feature","geometry":{"type":"Polygon","coordinates":[[[-122.57836686191712,38.520640481902284],[-122.57083839042079,38.532370487143275],[-122.57972790164409,38.54279916607897],[-122.59614580678239,38.541496720095324],[-122.6036708137437,38.52976672361737],[-122.5947813810123,38.519339164256095],[-122.57836686191712,38.520640481902284]]]},"properties":{"h3_index":"87283020affffff","station_count":24,"polygon_count":24,"coverage_type":"area","wetland_summary":"Channel, Depressional Vegetated, Channel Vegetated Woody","level1_summary":"Non-Tidal","program_id":"russian_river","program":"Russian River","resolution":7,"stations":[]}},{"type":"Feature","geometry":{"type":"Polygon","coordinates":[[[-122.6036708137437,38.52976672361737],[-122.59614580678239,38.541496720095324],[-122.60503722140098,38.55192157455784],[-122.62145356136062,38.55061531313211],[-122.62897510075817,38.53888532731319],[-122.62008376866962,38.528461592156795],[-122.6036708137437,38.52976672361737]]]},"properties":{"h3_index":"87283020bffffff","station_count":12,"polygon_count":12,"coverage_type":"area","wetland_summary":"Depressional Vegetated, Depressional Open Water, Non-woody Slope","level1_summary":"Non-Tidal","program_id":"russian_river","program":"Russian River","resolution":7,"stations":[]}},{"type":"Feature","geometry":{"type":"Polygon","coordinates":[[[-122.6009397335277,38.48544418970751],[-122.5934175328593,38.49717733170373],[-122.60230498457453,38.507607593524355],[-122.6187145558427,38.50630359257754],[-122.62623329220432,38.494570460976064],[-122.61734592251328,38.484141319822555],[-122.6009397335277,38.48544418970751]]]},"properties":{"h3_index":"87283020cffffff","station_count":9,"polygon_count":9,"coverage_type":"area","wetland_summary":"Depressional Vegetated, Non-woody Slope, Woody Slope","level1_summary":"Non-Tidal","program_id":"russian_river","program":"Russian River","resolution":7,"stations":[]}},{"type":"Feature","geometry":{"type":"Polygon","coordinates":[[[-122.62623329220432,38.494570460976064],[-122.6187145558427,38.50630359257754],[-122.62760390629711,38.51673003195282],[-122.64401190796382,38.515422219225556],[-122.65152717699725,38.50368909991638],[-122.6426379126001,38.493263780937866],[-122.62623329220432,38.494570460976064]]]},"properties":{"h3_index":"87283020dffffff","station_count":77,"polygon_count":77,"coverage_type":"area","wetland_summary":"Channel, Depressional Vegetated, Channel Vegetated Woody","level1_summary":"Non-Tidal","program_id":"russian_river","program":"Russian River","resolution":7,"stations":[]}},{"type":"Feature","geometry":{"type":"Polygon","coordinates":[[[-122.57700639843037,38.49847752046471],[-122.56947933196048,38.5102090998276],[-122.57836686191712,38.520640481902284],[-122.5947813810123,38.519339164256095],[-122.60230498457453,38.507607593524355],[-122.5934175328593,38.49717733170373],[-122.57700639843037,38.49847752046471]]]},"properties":{"h3_index":"87283020effffff","station_count":11,"polygon_count":11,"coverage_type":"area","wetland_summary":"Depressional Vegetated, Depressional Open Water, Channel Vegetated Woody","level1_summary":"Non-Tidal","program_id":"russian_river","program":"Russian River","resolution":7,"stations":[]}},{"type":"Feature","geometry":{"type":"Polygon","coordinates":[[[-122.5277600032823,38.502365088783804],[-122.52022461181792,38.51409510586411],[-122.5291103060004,38.52453142925861],[-122.54553132214365,38.52323661536583],[-122.55306325514228,38.511506603257494],[-122.54417763137566,38.501071399966385],[-122.5277600032823,38.502365088783804]]]},"properties":{"h3_index":"87283021cffffff","station_count":9,"polygon_count":9,"coverage_type":"area","wetland_summary":"Depressional Vegetated, Depressional Open Water","level1_summary":"Non-Tidal","program_id":"russian_river","program":"Russian River","resolution":7,"stations":[]}},{"type":"Feature","geometry":{"type":"Polygon","coordinates":[[[-122.55306325514228,38.511506603257494],[-122.54553132214365,38.52323661536583],[-122.5544189265541,38.5336691172807],[-122.57083839042079,38.532370487143275],[-122.57836686191712,38.520640481902284],[-122.56947933196048,38.5102090998276],[-122.55306325514228,38.511506603257494]]]},"properties":{"h3_index":"87283021dffffff","station_count":10,"polygon_count":10,"coverage_type":"area","wetland_summary":"Depressional Vegetated, Depressional Open Water","level1_summary":"Non-Tidal","program_id":"russian_river","program":"Russian River","resolution":7,"stations":[]}},{"type":"Feature","geometry":{"type":"Polygon","coordinates":[[[-122.5715702996034,38.40978301087805],[-122.56404884817782,38.42152085678453],[-122.57292846176964,38.43196302695497],[-122.58932945045257,38.43066622813035],[-122.59684744546863,38.41892839030962],[-122.58796790911926,38.408487343123866],[-122.5715702996034,38.40978301087805]]]},"properties":{"h3_index":"872830220ffffff","station_count":41,"polygon_count":41,"coverage_type":"area","wetland_summary":"Depressional Vegetated, Depressional Open Water, Channel Vegetated","level1_summary":"Non-Tidal","program_id":"russian_river","program":"Russian River","resolution":7,"stations":[]}},{"type":"Feature","geometry":{"type":"Polygon","coordinates":[[[-122.59684744546863,38.41892839030962],[-122.58932945045257,38.43066622813035],[-122.59821096433973,38.44110458265341],[-122.61461039288235,38.43980397653408],[-122.62212492846865,38.42806614869836],[-122.61324349584925,38.4176289168929],[-122.59684744546863,38.41892839030962]]]},"properties":{"h3_index":"872830221ffffff","station_count":12,"polygon_count":12,"coverage_type":"area","wetland_summary":"Depressional Vegetated, Depressional Open Water, Woody Slope","level1_summary":"Non-Tidal","program_id":"russian_river","program":"Russian River","resolution":7,"stations":[]}},{"type":"Feature","geometry":{"type":"Polygon","coordinates":[[[-122.54764630578485,38.422813847921574],[-122.54011999635033,38.43455013801682],[-122.54899968340604,38.444993430752284],[-122.56540560734166,38.44369931072375],[-122.57292846176964,38.43196302695497],[-122.56404884817782,38.42152085678453],[-122.54764630578485,38.422813847921574]]]},"properties":{"h3_index":"872830222ffffff","station_count":83,"polygon_count":83,"coverage_type":"area","wetland_summary":"Channel Vegetated Woody, Channel Vegetated, Depressional Vegetated","level1_summary":"Non-Tidal","program_id":"russian_river","program":"Russian River","resolution":7,"stations":[]}},{"type":"Feature","geometry":{"type":"Polygon","coordinates":[[[-122.57292846176964,38.43196302695497],[-122.56540560734166,38.44369931072375],[-122.57428719872051,38.45413878754706],[-122.5906915679441,38.45284085819744],[-122.59821096433973,38.44110458265341],[-122.58932945045257,38.43066622813035],[-122.57292846176964,38.43196302695497]]]},"properties":{"h3_index":"872830223ffffff","station_count":31,"polygon_count":31,"coverage_type":"area","wetland_summary":"Depressional Vegetated, Depressional Open Water, Vernal Pool","level1_summary":"Non-Tidal","program_id":"russian_river","program":"Russian River","resolution":7,"stations":[]}},{"type":"Feature","geometry":{"type":"Polygon","coordinates":[[[-122.57021271185879,38.387598744778224],[-122.5626926629302,38.399338149818135],[-122.5715702996034,38.40978301087805],[-122.58796790911926,38.408487343123866],[-122.59548450326,38.396747946028945],[-122.58660694358016,38.38630420863937],[-122.57021271185879,38.387598744778224]]]},"properties":{"h3_index":"872830224ffffff","station_count":39,"polygon_count":39,"coverage_type":"area","wetland_summary":"Woody Slope, Depressional Vegetated, Depressional Open Water","level1_summary":"Non-Tidal","program_id":"russian_river","program":"Russian River","resolution":7,"stations":[]}},{"type":"Feature","geometry":{"type":"Polygon","coordinates":[[[-122.59548450326,38.396747946028945],[-122.58796790911926,38.408487343123866],[-122.59684744546863,38.41892839030962],[-122.61324349584925,38.4176289168929],[-122.62075663218369,38.405889529642856],[-122.61187717685044,38.39544960586061],[-122.59548450326,38.396747946028945]]]},"properties":{"h3_index":"872830225ffffff","station_count":11,"polygon_count":11,"coverage_type":"area","wetland_summary":"Depressional Vegetated, Non-woody Slope, Depressional Open Water","level1_summary":"Non-Tidal","program_id":"russian_river","program":"Russian River","resolution":7,"stations":[]}},{"type":"Feature","geometry":{"type":"Polygon","coordinates":[[[-122.5462935007055,38.40063001151914],[-122.53876859589448,38.412367863612424],[-122.54764630578485,38.422813847921574],[-122.56404884817782,38.42152085678453],[-122.5715702996034,38.40978301087805],[-122.5626926629302,38.399338149818135],[-122.5462935007055,38.40063001151914]]]},"properties":{"h3_index":"872830226ffffff","station_count":94,"polygon_count":94,"coverage_type":"area","wetland_summary":"Channel Vegetated, Woody Slope, Depressional Vegetated","level1_summary":"Non-Tidal","program_id":"russian_river","program":"Russian River","resolution":7,"stations":[]}},{"type":"Feature","geometry":{"type":"Polygon","coordinates":[[[-122.62349380365643,38.450238513906555],[-122.61597786831517,38.46197477932721],[-122.62486325811292,38.47240661981441],[-122.64126449861128,38.47110107301368],[-122.64877696988023,38.45936481961527],[-122.63989166563003,38.448934100891094],[-122.62349380365643,38.450238513906555]]]},"properties":{"h3_index":"872830228ffffff","station_count":49,"polygon_count":49,"coverage_type":"area","wetland_summary":"Channel Vegetated, Channel Vegetated Woody, Channel","level1_summary":"Non-Tidal","program_id":"russian_river","program":"Russian River","resolution":7,"stations":[]}},{"type":"Feature","geometry":{"type":"Polygon","coordinates":[[[-122.64877696988023,38.45936481961527],[-122.64126449861128,38.47110107301368],[-122.65015178250003,38.48152909308789],[-122.66655144898824,38.4802197381686],[-122.67406045317085,38.468483498691576],[-122.66517325885766,38.45805660010801],[-122.64877696988023,38.45936481961527]]]},"properties":{"h3_index":"872830229ffffff","station_count":7,"polygon_count":7,"coverage_type":"area","wetland_summary":"Depressional Vegetated, Lacustrine Open Water, Lacustrine Vegetated","level1_summary":"Non-Tidal","program_id":"russian_river","program":"Russian River","resolution":7,"stations":[]}},{"type":"Feature","geometry":{"type":"Polygon","coordinates":[[[-122.5995750602378,38.46327651760282],[-122.59205426195818,38.475011227870894],[-122.6009397335277,38.48544418970751],[-122.61734592251328,38.484141319822555],[-122.62486325811292,38.47240661981441],[-122.61597786831517,38.46197477932721],[-122.5995750602378,38.46327651760282]]]},"properties":{"h3_index":"87283022affffff","station_count":61,"polygon_count":61,"coverage_type":"area","wetland_summary":"Channel Vegetated Woody, Channel, Depressional Vegetated","level1_summary":"Non-Tidal","program_id":"russian_river","program":"Russian River","resolution":7,"stations":[]}},{"type":"Feature","geometry":{"type":"Polygon","coordinates":[[[-122.62486325811292,38.47240661981441],[-122.61734592251328,38.484141319822555],[-122.62623329220432,38.494570460976064],[-122.6426379126001,38.493263780937866],[-122.65015178250003,38.48152909308789],[-122.64126449861128,38.47110107301368],[-122.62486325811292,38.47240661981441]]]},"properties":{"h3_index":"87283022bffffff","station_count":7,"polygon_count":7,"coverage_type":"area","wetland_summary":"Depressional Vegetated, Depressional Open Water, Seep/Spring","level1_summary":"Non-Tidal","program_id":"russian_river","program":"Russian River","resolution":7,"stations":[]}},{"type":"Feature","geometry":{"type":"Polygon","coordinates":[[[-122.62212492846865,38.42806614869836],[-122.61461039288235,38.43980397653408],[-122.62349380365643,38.450238513906555],[-122.63989166563003,38.448934100891094],[-122.6474027387703,38.43719628493993],[-122.63851941328932,38.42676287001544],[-122.62212492846865,38.42806614869836]]]},"properties":{"h3_index":"87283022cffffff","station_count":30,"polygon_count":30,"coverage_type":"area","wetland_summary":"Woody Slope, Channel Vegetated, Depressional Vegetated","level1_summary":"Non-Tidal","program_id":"russian_river","program":"Russian River","resolution":7,"stations":[]}},{"type":"Feature","geometry":{"type":"Polygon","coordinates":[[[-122.6474027387703,38.43719628493993],[-122.63989166563003,38.448934100891094],[-122.64877696988023,38.45936481961527],[-122.66517325885766,38.45805660010801],[-122.67268086653947,38.446318797941196],[-122.66379565160784,38.43588920139285],[-122.6474027387703,38.43719628493993]]]},"properties":{"h3_index":"87283022dffffff","station_count":19,"polygon_count":19,"coverage_type":"area","wetland_summary":"Depressional Vegetated, Depressional Open Water, Lacustrine Open Water","level1_summary":"Non-Tidal","program_id":"russian_river","program":"Russian River","resolution":7,"stations":[]}},{"type":"Feature","geometry":{"type":"Polygon","coordinates":[[[-122.59821096433973,38.44110458265341],[-122.5906915679441,38.45284085819744],[-122.5995750602378,38.46327651760282],[-122.61597786831517,38.46197477932721],[-122.62349380365643,38.450238513906555],[-122.61461039288235,38.43980397653408],[-122.59821096433973,38.44110458265341]]]},"properties":{"h3_index":"87283022effffff","station_count":29,"polygon_count":29,"coverage_type":"area","wetland_summary":"Depressional Vegetated, Woody Slope, Depressional Open Water","level1_summary":"Non-Tidal","program_id":"russian_river","program":"Russian River","resolution":7,"stations":[]}},{"type":"Feature","geometry":{"type":"Polygon","coordinates":[[[-122.4984257307615,38.426679841422214],[-122.49089111203737,38.43841457375348],[-122.49976895701438,38.44886280329436],[-122.51618135597643,38.44757517799622],[-122.52371252413857,38.43584044833482],[-122.51483474481206,38.42539334119839],[-122.4984257307615,38.426679841422214]]]},"properties":{"h3_index":"872830230ffffff","station_count":73,"polygon_count":73,"coverage_type":"area","wetland_summary":"Channel Vegetated, Channel Vegetated Woody, Channel","level1_summary":"Non-Tidal","program_id":"russian_river","program":"Russian River","resolution":7,"stations":[]}},{"type":"Feature","geometry":{"type":"Polygon","coordinates":[[[-122.52371252413857,38.43584044833482],[-122.51618135597643,38.44757517799622],[-122.52506111271278,38.45801959287618],[-122.54147196884124,38.45672815584671],[-122.54899968340604,38.444993430752284],[-122.54011999635033,38.43455013801682],[-122.52371252413857,38.43584044833482]]]},"properties":{"h3_index":"872830231ffffff","station_count":48,"polygon_count":48,"coverage_type":"area","wetland_summary":"Channel Vegetated Woody, Depressional Vegetated, Channel Vegetated","level1_summary":"Non-Tidal","program_id":"russian_river","program":"Russian River","resolution":7,"stations":[]}},{"type":"Feature","geometry":{"type":"Polygon","coordinates":[[[-122.49976895701438,38.44886280329436],[-122.49223292941137,38.46059596789956],[-122.50111275204038,38.471041504502644],[-122.5175285372917,38.46975275467406],[-122.52506111271278,38.45801959287618],[-122.51618135597643,38.44757517799622],[-122.49976895701438,38.44886280329436]]]},"properties":{"h3_index":"872830233ffffff","station_count":1,"polygon_count":1,"coverage_type":"area","wetland_summary":"Depressional Vegetated","level1_summary":"Non-Tidal","program_id":"russian_river","program":"Russian River","resolution":7,"stations":[]}},{"type":"Feature","geometry":{"type":"Polygon","coordinates":[[[-122.49708307292221,38.404492624347164],[-122.48954986256777,38.41622892140144],[-122.4984257307615,38.426679841422214],[-122.51483474481206,38.42539334119839],[-122.52236450622337,38.413657046674736],[-122.51348870343816,38.40320724974097],[-122.49708307292221,38.404492624347164]]]},"properties":{"h3_index":"872830234ffffff","station_count":1,"polygon_count":1,"coverage_type":"area","wetland_summary":"Depressional Vegetated","level1_summary":"Non-Tidal","program_id":"russian_river","program":"Russian River","resolution":7,"stations":[]}},{"type":"Feature","geometry":{"type":"Polygon","coordinates":[[[-122.52236450622337,38.413657046674736],[-122.51483474481206,38.42539334119839],[-122.52371252413857,38.43584044833482],[-122.54011999635033,38.43455013801682],[-122.54764630578485,38.422813847921574],[-122.53876859589448,38.412367863612424],[-122.52236450622337,38.413657046674736]]]},"properties":{"h3_index":"872830235ffffff","station_count":11,"polygon_count":11,"coverage_type":"area","wetland_summary":"Depressional Open Water, Depressional Vegetated, Woody Slope","level1_summary":"Non-Tidal","program_id":"russian_river","program":"Russian River","resolution":7,"stations":[]}},{"type":"Feature","geometry":{"type":"Polygon","coordinates":[[[-122.72741068954195,38.530999212047725],[-122.71990584058206,38.54273228309201],[-122.7288027517932,38.553143417850656],[-122.74520441067891,38.55182036216989],[-122.75270578026449,38.54008731101078],[-122.74380897124333,38.529677295542236],[-122.72741068954195,38.530999212047725]]]},"properties":{"h3_index":"872830240ffffff","station_count":41,"polygon_count":41,"coverage_type":"area","wetland_summary":"Depressional Vegetated, Channel Vegetated, Channel Vegetated Woody","level1_summary":"Non-Tidal","program_id":"russian_river","program":"Russian River","resolution":7,"stations":[]}},{"type":"Feature","geometry":{"type":"Polygon","coordinates":[[[-122.75270578026449,38.54008731101078],[-122.74520441067891,38.55182036216989],[-122.75410320351753,38.56222766709281],[-122.77050326062236,38.560900801744346],[-122.77800114783199,38.549167772369294],[-122.76910246121659,38.53876158645345],[-122.75270578026449,38.54008731101078]]]},"properties":{"h3_index":"872830241ffffff","station_count":24,"polygon_count":24,"coverage_type":"area","wetland_summary":"Depressional Vegetated, Depressional Open Water, Channel Vegetated Woody","level1_summary":"Non-Tidal","program_id":"russian_river","program":"Russian River","resolution":7,"stations":[]}},{"type":"Feature","geometry":{"type":"Polygon","coordinates":[[[-122.70350258634807,38.544051528671076],[-122.69599286464754,38.555783045909344],[-122.70488987427842,38.56619529955645],[-122.72129650809612,38.56487491697196],[-122.7288027517932,38.553143417850656],[-122.71990584058206,38.54273228309201],[-122.70350258634807,38.544051528671076]]]},"properties":{"h3_index":"872830242ffffff","station_count":155,"polygon_count":155,"coverage_type":"area","wetland_summary":"Channel Vegetated, Channel, Woody Slope","level1_summary":"Non-Tidal","program_id":"russian_river","program":"Russian River","resolution":7,"stations":[]}},{"type":"Feature","geometry":{"type":"Polygon","coordinates":[[[-122.7288027517932,38.553143417850656],[-122.72129650809612,38.56487491697196],[-122.73019540339027,38.575283340502665],[-122.74660044083116,38.57395914619923],[-122.75410320351753,38.56222766709281],[-122.74520441067891,38.55182036216989],[-122.7288027517932,38.553143417850656]]]},"properties":{"h3_index":"872830243ffffff","station_count":38,"polygon_count":38,"coverage_type":"area","wetland_summary":"Channel Vegetated Woody, Depressional Vegetated, Channel","level1_summary":"Non-Tidal","program_id":"russian_river","program":"Russian River","resolution":7,"stations":[]}},{"type":"Feature","geometry":{"type":"Polygon","coordinates":[[[-122.72601921626412,38.50885072850754],[-122.71851576154205,38.52058536849109],[-122.72741068954195,38.530999212047725],[-122.74380897124333,38.529677295542236],[-122.75130894822635,38.51794267531235],[-122.74241412215122,38.50752995172927],[-122.72601921626412,38.50885072850754]]]},"properties":{"h3_index":"872830244ffffff","station_count":65,"polygon_count":65,"coverage_type":"area","wetland_summary":"Channel Vegetated, Channel, Depressional Vegetated","level1_summary":"Non-Tidal","program_id":"russian_river","program":"Russian River","resolution":7,"stations":[]}},{"type":"Feature","geometry":{"type":"Polygon","coordinates":[[[-122.75130894822635,38.51794267531235],[-122.74380897124333,38.529677295542236],[-122.75270578026449,38.54008731101078],[-122.76910246121659,38.53876158645345],[-122.77659895746065,38.527026987876766],[-122.76770225439488,38.51661809209903],[-122.75130894822635,38.51794267531235]]]},"properties":{"h3_index":"872830245ffffff","station_count":20,"polygon_count":20,"coverage_type":"area","wetland_summary":"Depressional Vegetated, Non-woody Slope, Depressional Open Water","level1_summary":"Non-Tidal","program_id":"russian_river","program":"Russian River","resolution":7,"stations":[]}},{"type":"Feature","geometry":{"type":"Polygon","coordinates":[[[-122.70211588552,38.521903476513046],[-122.6946075601914,38.53363656554389],[-122.70350258634807,38.544051528671076],[-122.71990584058206,38.54273228309201],[-122.72741068954195,38.530999212047725],[-122.71851576154205,38.52058536849109],[-122.70211588552,38.521903476513046]]]},"properties":{"h3_index":"872830246ffffff","station_count":15,"polygon_count":15,"coverage_type":"area","wetland_summary":"Channel Vegetated, Channel Vegetated Woody, Depressional Vegetated","level1_summary":"Non-Tidal","program_id":"russian_river","program":"Russian River","resolution":7,"stations":[]}},{"type":"Feature","geometry":{"type":"Polygon","coordinates":[[[-122.77940393165912,38.57130427536985],[-122.77190465298678,38.583035732563125],[-122.7808073093172,38.59343649147369],[-122.79720913469636,38.59210467504681],[-122.80470492635536,38.58037324166515],[-122.79580238055208,38.56997360079334],[-122.77940393165912,38.57130427536985]]]},"properties":{"h3_index":"872830248ffffff","station_count":37,"polygon_count":37,"coverage_type":"area","wetland_summary":"Depressional Vegetated, Depressional Open Water, Channel Vegetated","level1_summary":"Non-Tidal","program_id":"russian_river","program":"Russian River","resolution":7,"stations":[]}},{"type":"Feature","geometry":{"type":"Polygon","coordinates":[[[-122.80470492635536,38.58037324166515],[-122.79720913469636,38.59210467504681],[-122.80611366639515,38.60250159946459],[-122.82251387609273,38.6011659726446],[-122.830006177743,38.589434564973274],[-122.82110176060715,38.57903875830599],[-122.80470492635536,38.58037324166515]]]},"properties":{"h3_index":"872830249ffffff","station_count":21,"polygon_count":21,"coverage_type":"area","wetland_summary":"Depressional Vegetated, Depressional Open Water, Woody Slope","level1_summary":"Non-Tidal","program_id":"russian_river","program":"Russian River","resolution":7,"stations":[]}},{"type":"Feature","geometry":{"type":"Polygon","coordinates":[[[-122.75550121835924,38.584363738149264],[-122.74799706207358,38.596093642224325],[-122.75689982516377,38.606495518778075],[-122.77330663868476,38.60516637350833],[-122.7808073093172,38.59343649147369],[-122.77190465298678,38.583035732563125],[-122.75550121835924,38.584363738149264]]]},"properties":{"h3_index":"87283024affffff","station_count":132,"polygon_count":132,"coverage_type":"area","wetland_summary":"Channel Vegetated Woody, Depressional Vegetated, Channel Vegetated","level1_summary":"Non-Tidal","program_id":"russian_river","program":"Russian River","resolution":7,"stations":[]}},{"type":"Feature","geometry":{"type":"Polygon","coordinates":[[[-122.7808073093172,38.59343649147369],[-122.77330663868476,38.60516637350833],[-122.78221128118167,38.61556441528326],[-122.79861648441697,38.61423145756097],[-122.80611366639515,38.60250159946459],[-122.79720913469636,38.59210467504681],[-122.7808073093172,38.59343649147369]]]},"properties":{"h3_index":"87283024bffffff","station_count":429,"polygon_count":429,"coverage_type":"area","wetland_summary":"Channel Vegetated Woody, Channel Vegetated, Channel","level1_summary":"Non-Tidal","program_id":"russian_river","program":"Russian River","resolution":7,"stations":[]}},{"type":"Feature","geometry":{"type":"Polygon","coordinates":[[[-122.77800114783199,38.549167772369294],[-122.77050326062236,38.560900801744346],[-122.77940393165912,38.57130427536985],[-122.79580238055208,38.56997360079334],[-122.8032967823881,38.55824059510147],[-122.79439622160781,38.54783824019753],[-122.77800114783199,38.549167772369294]]]},"properties":{"h3_index":"87283024cffffff","station_count":33,"polygon_count":33,"coverage_type":"area","wetland_summary":"Depressional Vegetated, Woody Slope, Depressional Open Water","level1_summary":"Non-Tidal","program_id":"russian_river","program":"Russian River","resolution":7,"stations":[]}},{"type":"Feature","geometry":{"type":"Polygon","coordinates":[[[-122.8032967823881,38.55824059510147],[-122.79580238055208,38.56997360079334],[-122.80470492635536,38.58037324166515],[-122.82110176060715,38.57903875830599],[-122.82859267407592,38.56730577819669],[-122.81969024256237,38.5569072557584],[-122.8032967823881,38.55824059510147]]]},"properties":{"h3_index":"87283024dffffff","station_count":76,"polygon_count":76,"coverage_type":"area","wetland_summary":"Depressional Vegetated, Channel Vegetated, Woody Slope","level1_summary":"Non-Tidal","program_id":"russian_river","program":"Russian River","resolution":7,"stations":[]}},{"type":"Feature","geometry":{"type":"Polygon","coordinates":[[[-122.75410320351753,38.56222766709281],[-122.74660044083116,38.57395914619923],[-122.75550121835924,38.584363738149264],[-122.77190465298678,38.583035732563125],[-122.77940393165912,38.57130427536985],[-122.77050326062236,38.560900801744346],[-122.75410320351753,38.56222766709281]]]},"properties":{"h3_index":"87283024effffff","station_count":24,"polygon_count":24,"coverage_type":"area","wetland_summary":"Depressional Vegetated, Depressional Open Water","level1_summary":"Non-Tidal","program_id":"russian_river","program":"Russian River","resolution":7,"stations":[]}},{"type":"Feature","geometry":{"type":"Polygon","coordinates":[[[-122.65427971309586,38.54799629191125],[-122.6467616442869,38.55972626517496],[-122.655656855434,38.57014346623073],[-122.6720700456918,38.568829575156336],[-122.67958464089135,38.55709961634436],[-122.67068952035068,38.54668353405051],[-122.65427971309586,38.54799629191125]]]},"properties":{"h3_index":"872830250ffffff","station_count":82,"polygon_count":82,"coverage_type":"area","wetland_summary":"Channel, Channel Vegetated Woody, Depressional Vegetated","level1_summary":"Non-Tidal","program_id":"russian_river","program":"Russian River","resolution":7,"stations":[]}},{"type":"Feature","geometry":{"type":"Polygon","coordinates":[[[-122.67958464089135,38.55709961634436],[-122.6720700456918,38.568829575156336],[-122.68096714996744,38.579242947289494],[-122.69737875570523,38.57792524201993],[-122.70488987427842,38.56619529955645],[-122.69599286464754,38.555783045909344],[-122.67958464089135,38.55709961634436]]]},"properties":{"h3_index":"872830251ffffff","station_count":45,"polygon_count":45,"coverage_type":"area","wetland_summary":"Channel, Channel Vegetated Woody, Seep/Spring","level1_summary":"Non-Tidal","program_id":"russian_river","program":"Russian River","resolution":7,"stations":[]}},{"type":"Feature","geometry":{"type":"Polygon","coordinates":[[[-122.6303468759546,38.561036341632835],[-122.62282393428262,38.57276475008253],[-122.63171923225383,38.58318306949469],[-122.64813738598247,38.58187186199641],[-122.655656855434,38.57014346623073],[-122.6467616442869,38.55972626517496],[-122.6303468759546,38.561036341632835]]]},"properties":{"h3_index":"872830252ffffff","station_count":30,"polygon_count":30,"coverage_type":"area","wetland_summary":"Depressional Vegetated, Depressional Open Water, Non-woody Slope","level1_summary":"Non-Tidal","program_id":"russian_river","program":"Russian River","resolution":7,"stations":[]}},{"type":"Feature","geometry":{"type":"Polygon","coordinates":[[[-122.655656855434,38.57014346623073],[-122.64813738598247,38.58187186199641],[-122.65703458112301,38.59228635221235],[-122.67345115575887,38.5909713284753],[-122.68096714996744,38.579242947289494],[-122.6720700456918,38.568829575156336],[-122.655656855434,38.57014346623073]]]},"properties":{"h3_index":"872830253ffffff","station_count":80,"polygon_count":80,"coverage_type":"area","wetland_summary":"Woody Slope, Depressional Vegetated, Channel","level1_summary":"Non-Tidal","program_id":"russian_river","program":"Russian River","resolution":7,"stations":[]}},{"type":"Feature","geometry":{"type":"Polygon","coordinates":[[[-122.65290315373977,38.5258448346665],[-122.64538648507012,38.53757638244583],[-122.65427971309586,38.54799629191125],[-122.67068952035068,38.54668353405051],[-122.67820271704338,38.534952000593016],[-122.66930957936589,38.524533210569906],[-122.65290315373977,38.5258448346665]]]},"properties":{"h3_index":"872830254ffffff","station_count":79,"polygon_count":79,"coverage_type":"area","wetland_summary":"Channel, Channel Vegetated, Woody Slope","level1_summary":"Non-Tidal","program_id":"russian_river","program":"Russian River","resolution":7,"stations":[]}},{"type":"Feature","geometry":{"type":"Polygon","coordinates":[[[-122.67820271704338,38.534952000593016],[-122.67068952035068,38.54668353405051],[-122.67958464089135,38.55709961634436],[-122.69599286464754,38.555783045909344],[-122.70350258634807,38.544051528671076],[-122.6946075601914,38.53363656554389],[-122.67820271704338,38.534952000593016]]]},"properties":{"h3_index":"872830255ffffff","station_count":126,"polygon_count":126,"coverage_type":"area","wetland_summary":"Channel, Channel Vegetated, Channel Vegetated Woody","level1_summary":"Non-Tidal","program_id":"russian_river","program":"Russian River","resolution":7,"stations":[]}},{"type":"Feature","geometry":{"type":"Polygon","coordinates":[[[-122.62897510075817,38.53888532731319],[-122.62145356136062,38.55061531313211],[-122.6303468759546,38.561036341632835],[-122.6467616442869,38.55972626517496],[-122.65427971309586,38.54799629191125],[-122.64538648507012,38.53757638244583],[-122.62897510075817,38.53888532731319]]]},"properties":{"h3_index":"872830256ffffff","station_count":65,"polygon_count":65,"coverage_type":"area","wetland_summary":"Channel, Depressional Vegetated, Channel Vegetated Woody","level1_summary":"Non-Tidal","program_id":"russian_river","program":"Russian River","resolution":7,"stations":[]}},{"type":"Feature","geometry":{"type":"Polygon","coordinates":[[[-122.70627774968244,38.588334783758235],[-122.6987652337355,38.60006314846804],[-122.70766621293166,38.61046997587272],[-122.72407961003515,38.6091473209347],[-122.73158864470584,38.59741897459728],[-122.72268776445632,38.58701326472058],[-122.70627774968244,38.588334783758235]]]},"properties":{"h3_index":"872830258ffffff","station_count":12,"polygon_count":12,"coverage_type":"area","wetland_summary":"Depressional Vegetated, Non-woody Slope, Seep/Spring","level1_summary":"Non-Tidal","program_id":"russian_river","program":"Russian River","resolution":7,"stations":[]}},{"type":"Feature","geometry":{"type":"Polygon","coordinates":[[[-122.73158864470584,38.59741897459728],[-122.72407961003515,38.6091473209347],[-122.73298247611291,38.61955031473523],[-122.74939427478,38.618223844846455],[-122.75689982516377,38.606495518778075],[-122.74799706207358,38.596093642224325],[-122.73158864470584,38.59741897459728]]]},"properties":{"h3_index":"872830259ffffff","station_count":104,"polygon_count":104,"coverage_type":"area","wetland_summary":"Channel Vegetated, Channel Vegetated Woody, Channel","level1_summary":"Non-Tidal","program_id":"russian_river","program":"Russian River","resolution":7,"stations":[]}},{"type":"Feature","geometry":{"type":"Polygon","coordinates":[[[-122.68235024464188,38.60138198802025],[-122.67483285092196,38.613108788602496],[-122.68373392528527,38.62351673313562],[-122.70015229910976,38.62219675985327],[-122.70766621293166,38.61046997587272],[-122.6987652337355,38.60006314846804],[-122.68235024464188,38.60138198802025]]]},"properties":{"h3_index":"87283025affffff","station_count":113,"polygon_count":113,"coverage_type":"area","wetland_summary":"Channel, Channel Vegetated, Channel Vegetated Woody","level1_summary":"Non-Tidal","program_id":"russian_river","program":"Russian River","resolution":7,"stations":[]}},{"type":"Feature","geometry":{"type":"Polygon","coordinates":[[[-122.70766621293166,38.61046997587272],[-122.70015229910976,38.62219675985327],[-122.70905526439809,38.63260087050333],[-122.72547204520534,38.631277080218354],[-122.73298247611291,38.61955031473523],[-122.72407961003515,38.6091473209347],[-122.70766621293166,38.61046997587272]]]},"properties":{"h3_index":"87283025bffffff","station_count":60,"polygon_count":60,"coverage_type":"area","wetland_summary":"Channel, Channel Vegetated Woody, Channel Vegetated","level1_summary":"Non-Tidal","program_id":"russian_river","program":"Russian River","resolution":7,"stations":[]}},{"type":"Feature","geometry":{"type":"Polygon","coordinates":[[[-122.70488987427842,38.56619529955645],[-122.69737875570523,38.57792524201993],[-122.70627774968244,38.588334783758235],[-122.72268776445632,38.58701326472058],[-122.73019540339027,38.575283340502665],[-122.72129650809612,38.56487491697196],[-122.70488987427842,38.56619529955645]]]},"properties":{"h3_index":"87283025cffffff","station_count":25,"polygon_count":25,"coverage_type":"area","wetland_summary":"Non-woody Slope, Seep/Spring, Depressional Vegetated","level1_summary":"Non-Tidal","program_id":"russian_river","program":"Russian River","resolution":7,"stations":[]}},{"type":"Feature","geometry":{"type":"Polygon","coordinates":[[[-122.73019540339027,38.575283340502665],[-122.72268776445632,38.58701326472058],[-122.73158864470584,38.59741897459728],[-122.74799706207358,38.596093642224325],[-122.75550121835924,38.584363738149264],[-122.74660044083116,38.57395914619923],[-122.73019540339027,38.575283340502665]]]},"properties":{"h3_index":"87283025dffffff","station_count":55,"polygon_count":55,"coverage_type":"area","wetland_summary":"Depressional Vegetated, Channel Vegetated Woody, Channel","level1_summary":"Non-Tidal","program_id":"russian_river","program":"Russian River","resolution":7,"stations":[]}},{"type":"Feature","geometry":{"type":"Polygon","coordinates":[[[-122.68096714996744,38.579242947289494],[-122.67345115575887,38.5909713284753],[-122.68235024464188,38.60138198802025],[-122.6987652337355,38.60006314846804],[-122.70627774968244,38.588334783758235],[-122.69737875570523,38.57792524201993],[-122.68096714996744,38.579242947289494]]]},"properties":{"h3_index":"87283025effffff","station_count":66,"polygon_count":66,"coverage_type":"area","wetland_summary":"Channel, Depressional Vegetated, Woody Slope","level1_summary":"Non-Tidal","program_id":"russian_river","program":"Russian River","resolution":7,"stations":[]}},{"type":"Feature","geometry":{"type":"Polygon","coordinates":[[[-122.74851705630135,38.47364058673898],[-122.74101986302962,38.48537833615136],[-122.74991270702971,38.49579376541388],[-122.76630263978298,38.49447032409694],[-122.77379635558624,38.48273259607071],[-122.76490361700692,38.47231828787014],[-122.74851705630135,38.47364058673898]]]},"properties":{"h3_index":"872830260ffffff","station_count":144,"polygon_count":144,"coverage_type":"area","wetland_summary":"Vernal Pool, Depressional Vegetated, Non-woody Slope","level1_summary":"Non-Tidal","program_id":"russian_river","program":"Russian River","resolution":7,"stations":[]}},{"type":"Feature","geometry":{"type":"Polygon","coordinates":[[[-122.77379635558624,38.48273259607071],[-122.76630263978298,38.49447032409694],[-122.77519736017022,38.5048819273042],[-122.7915856878158,38.50355468160276],[-122.79907592315796,38.49181697686377],[-122.79018131221704,38.481406494433664],[-122.77379635558624,38.48273259607071]]]},"properties":{"h3_index":"872830261ffffff","station_count":102,"polygon_count":102,"coverage_type":"area","wetland_summary":"Vernal Pool, Depressional Vegetated, Woody Slope","level1_summary":"Non-Tidal","program_id":"russian_river","program":"Russian River","resolution":7,"stations":[]}},{"type":"Feature","geometry":{"type":"Polygon","coordinates":[[[-122.7246283315877,38.48669797265093],[-122.71712627060425,38.49843417858673],[-122.72601921626412,38.50885072850754],[-122.74241412215122,38.50752995172927],[-122.74991270702971,38.49579376541388],[-122.74101986302962,38.48537833615136],[-122.7246283315877,38.48669797265093]]]},"properties":{"h3_index":"872830262ffffff","station_count":166,"polygon_count":166,"coverage_type":"area","wetland_summary":"Channel Vegetated, Depressional Vegetated, Channel Vegetated Woody","level1_summary":"Non-Tidal","program_id":"russian_river","program":"Russian River","resolution":7,"stations":[]}},{"type":"Feature","geometry":{"type":"Polygon","coordinates":[[[-122.74991270702971,38.49579376541388],[-122.74241412215122,38.50752995172927],[-122.75130894822635,38.51794267531235],[-122.76770225439488,38.51661809209903],[-122.77519736017022,38.5048819273042],[-122.76630263978298,38.49447032409694],[-122.74991270702971,38.49579376541388]]]},"properties":{"h3_index":"872830263ffffff","station_count":125,"polygon_count":125,"coverage_type":"area","wetland_summary":"Woody Slope, Channel Vegetated, Non-woody Slope","level1_summary":"Non-Tidal","program_id":"russian_river","program":"Russian River","resolution":7,"stations":[]}},{"type":"Feature","geometry":{"type":"Polygon","coordinates":[[[-122.74712199566851,38.4514831447184],[-122.73962619350608,38.463222454235904],[-122.74851705630135,38.47364058673898],[-122.76490361700692,38.47231828787014],[-122.77239594333446,38.460578999602596],[-122.76350518569303,38.45016198884882],[-122.74712199566851,38.4514831447184]]]},"properties":{"h3_index":"872830264ffffff","station_count":16,"polygon_count":16,"coverage_type":"area","wetland_summary":"Vernal Pool, Woody Slope, Depressional Vegetated","level1_summary":"Non-Tidal","program_id":"russian_river","program":"Russian River","resolution":7,"stations":[]}},{"type":"Feature","geometry":{"type":"Polygon","coordinates":[[[-122.77239594333446,38.460578999602596],[-122.76490361700692,38.47231828787014],[-122.77379635558624,38.48273259607071],[-122.79018131221704,38.481406494433664],[-122.79767015971872,38.46966722931784],[-122.78877753031632,38.459254042582046],[-122.77239594333446,38.460578999602596]]]},"properties":{"h3_index":"872830265ffffff","station_count":253,"polygon_count":253,"coverage_type":"area","wetland_summary":"Vernal Pool, Depressional Vegetated, Woody Slope","level1_summary":"Non-Tidal","program_id":"russian_river","program":"Russian River","resolution":7,"stations":[]}},{"type":"Feature","geometry":{"type":"Polygon","coordinates":[[[-122.72323803514084,38.46454094990595],[-122.71573736739721,38.476278718803634],[-122.7246283315877,38.48669797265093],[-122.74101986302962,38.48537833615136],[-122.74851705630135,38.47364058673898],[-122.73962619350608,38.463222454235904],[-122.72323803514084,38.46454094990595]]]},"properties":{"h3_index":"872830266ffffff","station_count":26,"polygon_count":26,"coverage_type":"area","wetland_summary":"Depressional Vegetated, Non-woody Slope, Depressional Open Water","level1_summary":"Non-Tidal","program_id":"russian_river","program":"Russian River","resolution":7,"stations":[]}},{"type":"Feature","geometry":{"type":"Polygon","coordinates":[[[-122.80048228116546,38.513962457289715],[-122.79299065748761,38.52569859866355],[-122.8018892341169,38.536103665173854],[-122.818279321581,38.534771470401544],[-122.82576746017106,38.52303535434942],[-122.816868997286,38.51263140764234],[-122.80048228116546,38.513962457289715]]]},"properties":{"h3_index":"872830268ffffff","station_count":251,"polygon_count":251,"coverage_type":"area","wetland_summary":"Vernal Pool, Depressional Vegetated, Woody Slope","level1_summary":"Non-Tidal","program_id":"russian_river","program":"Russian River","resolution":7,"stations":[]}},{"type":"Feature","geometry":{"type":"Polygon","coordinates":[[[-122.82576746017106,38.52303535434942],[-122.818279321581,38.534771470401544],[-122.8271797683445,38.545172706187735],[-122.84356823682606,38.54383670630292],[-122.85105288734204,38.532100617473425],[-122.84215255835088,38.52170050120039],[-122.82576746017106,38.52303535434942]]]},"properties":{"h3_index":"872830269ffffff","station_count":100,"polygon_count":100,"coverage_type":"area","wetland_summary":"Non-woody Slope, Woody Slope, Depressional Vegetated","level1_summary":"Non-Tidal","program_id":"russian_river","program":"Russian River","resolution":7,"stations":[]}},{"type":"Feature","geometry":{"type":"Polygon","coordinates":[[[-122.77659895746065,38.527026987876766],[-122.76910246121659,38.53876158645345],[-122.77800114783199,38.549167772369294],[-122.79439622160781,38.54783824019753],[-122.8018892341169,38.536103665173854],[-122.79299065748761,38.52569859866355],[-122.77659895746065,38.527026987876766]]]},"properties":{"h3_index":"87283026affffff","station_count":75,"polygon_count":75,"coverage_type":"area","wetland_summary":"Woody Slope, Channel Vegetated, Non-woody Slope","level1_summary":"Non-Tidal","program_id":"russian_river","program":"Russian River","resolution":7,"stations":[]}},{"type":"Feature","geometry":{"type":"Polygon","coordinates":[[[-122.8018892341169,38.536103665173854],[-122.79439622160781,38.54783824019753],[-122.8032967823881,38.55824059510147],[-122.81969024256237,38.5569072557584],[-122.8271797683445,38.545172706187735],[-122.818279321581,38.534771470401544],[-122.8018892341169,38.536103665173854]]]},"properties":{"h3_index":"87283026bffffff","station_count":58,"polygon_count":58,"coverage_type":"area","wetland_summary":"Woody Slope, Depressional Vegetated, Depressional Open Water","level1_summary":"Non-Tidal","program_id":"russian_river","program":"Russian River","resolution":7,"stations":[]}},{"type":"Feature","geometry":{"type":"Polygon","coordinates":[[[-122.79907592315796,38.49181697686377],[-122.7915856878158,38.50355468160276],[-122.80048228116546,38.513962457289715],[-122.816868997286,38.51263140764234],[-122.82435574917842,38.50089372809196],[-122.81545926930065,38.49048707289486],[-122.79907592315796,38.49181697686377]]]},"properties":{"h3_index":"87283026cffffff","station_count":158,"polygon_count":158,"coverage_type":"area","wetland_summary":"Woody Slope, Non-woody Slope, Channel Vegetated","level1_summary":"Non-Tidal","program_id":"russian_river","program":"Russian River","resolution":7,"stations":[]}},{"type":"Feature","geometry":{"type":"Polygon","coordinates":[[[-122.82435574917842,38.50089372809196],[-122.816868997286,38.51263140764234],[-122.82576746017106,38.52303535434942],[-122.84215255835088,38.52170050120039],[-122.84963582380888,38.50996284874017],[-122.8407374784213,38.49956002223314],[-122.82435574917842,38.50089372809196]]]},"properties":{"h3_index":"87283026dffffff","station_count":237,"polygon_count":237,"coverage_type":"area","wetland_summary":"Non-woody Slope, Woody Slope, Depressional Vegetated","level1_summary":"Non-Tidal","program_id":"russian_river","program":"Russian River","resolution":7,"stations":[]}},{"type":"Feature","geometry":{"type":"Polygon","coordinates":[[[-122.77519736017022,38.5048819273042],[-122.76770225439488,38.51661809209903],[-122.77659895746065,38.527026987876766],[-122.79299065748761,38.52569859866355],[-122.80048228116546,38.513962457289715],[-122.7915856878158,38.50355468160276],[-122.77519736017022,38.5048819273042]]]},"properties":{"h3_index":"87283026effffff","station_count":85,"polygon_count":85,"coverage_type":"area","wetland_summary":"Woody Slope, Depressional Vegetated, Channel Vegetated","level1_summary":"Non-Tidal","program_id":"russian_river","program":"Russian River","resolution":7,"stations":[]}},{"type":"Feature","geometry":{"type":"Polygon","coordinates":[[[-122.67544062355259,38.49064393634045],[-122.66793022236811,38.50237861013378],[-122.67682137805369,38.51280010545084],[-122.69322284196608,38.51148580633841],[-122.7007297714233,38.49975114850047],[-122.69183870960116,38.48933077371492],[-122.67544062355259,38.49064393634045]]]},"properties":{"h3_index":"872830270ffffff","station_count":18,"polygon_count":18,"coverage_type":"area","wetland_summary":"Depressional Vegetated, Depressional Open Water, Woody Slope","level1_summary":"Non-Tidal","program_id":"russian_river","program":"Russian River","resolution":7,"stations":[]}},{"type":"Feature","geometry":{"type":"Polygon","coordinates":[[[-122.7007297714233,38.49975114850047],[-122.69322284196608,38.51148580633841],[-122.70211588552,38.521903476513046],[-122.71851576154205,38.52058536849109],[-122.72601921626412,38.50885072850754],[-122.71712627060425,38.49843417858673],[-122.7007297714233,38.49975114850047]]]},"properties":{"h3_index":"872830271ffffff","station_count":67,"polygon_count":67,"coverage_type":"area","wetland_summary":"Channel Vegetated, Channel Vegetated Woody, Channel","level1_summary":"Non-Tidal","program_id":"russian_river","program":"Russian River","resolution":7,"stations":[]}},{"type":"Feature","geometry":{"type":"Polygon","coordinates":[[[-122.65152717699725,38.50368909991638],[-122.64401190796382,38.515422219225556],[-122.65290315373977,38.5258448346665],[-122.66930957936589,38.524533210569906],[-122.67682137805369,38.51280010545084],[-122.66793022236811,38.50237861013378],[-122.65152717699725,38.50368909991638]]]},"properties":{"h3_index":"872830272ffffff","station_count":107,"polygon_count":107,"coverage_type":"area","wetland_summary":"Channel Vegetated, Depressional Vegetated, Woody Slope","level1_summary":"Non-Tidal","program_id":"russian_river","program":"Russian River","resolution":7,"stations":[]}},{"type":"Feature","geometry":{"type":"Polygon","coordinates":[[[-122.67682137805369,38.51280010545084],[-122.66930957936589,38.524533210569906],[-122.67820271704338,38.534952000593016],[-122.6946075601914,38.53363656554389],[-122.70211588552,38.521903476513046],[-122.69322284196608,38.51148580633841],[-122.67682137805369,38.51280010545084]]]},"properties":{"h3_index":"872830273ffffff","station_count":10,"polygon_count":10,"coverage_type":"area","wetland_summary":"Depressional Vegetated, Depressional Open Water","level1_summary":"Non-Tidal","program_id":"russian_river","program":"Russian River","resolution":7,"stations":[]}},{"type":"Feature","geometry":{"type":"Polygon","coordinates":[[[-122.67406045317085,38.468483498691576],[-122.66655144898824,38.4802197381686],[-122.67544062355259,38.49064393634045],[-122.69183870960116,38.48933077371492],[-122.69934424368724,38.47759455005868],[-122.69045516272651,38.46717147310255],[-122.67406045317085,38.468483498691576]]]},"properties":{"h3_index":"872830274ffffff","station_count":6,"polygon_count":6,"coverage_type":"area","wetland_summary":"Depressional Vegetated, Vernal Pool","level1_summary":"Non-Tidal","program_id":"russian_river","program":"Russian River","resolution":7,"stations":[]}},{"type":"Feature","geometry":{"type":"Polygon","coordinates":[[[-122.69934424368724,38.47759455005868],[-122.69183870960116,38.48933077371492],[-122.7007297714233,38.49975114850047],[-122.71712627060425,38.49843417858673],[-122.7246283315877,38.48669797265093],[-122.71573736739721,38.476278718803634],[-122.69934424368724,38.47759455005868]]]},"properties":{"h3_index":"872830275ffffff","station_count":18,"polygon_count":18,"coverage_type":"area","wetland_summary":"Depressional Vegetated, Depressional Open Water, Lacustrine Open Water","level1_summary":"Non-Tidal","program_id":"russian_river","program":"Russian River","resolution":7,"stations":[]}},{"type":"Feature","geometry":{"type":"Polygon","coordinates":[[[-122.65015178250003,38.48152909308789],[-122.6426379126001,38.493263780937866],[-122.65152717699725,38.50368909991638],[-122.66793022236811,38.50237861013378],[-122.67544062355259,38.49064393634045],[-122.66655144898824,38.4802197381686],[-122.65015178250003,38.48152909308789]]]},"properties":{"h3_index":"872830276ffffff","station_count":12,"polygon_count":12,"coverage_type":"area","wetland_summary":"Depressional Vegetated, Non-woody Slope, Woody Slope","level1_summary":"Non-Tidal","program_id":"russian_river","program":"Russian River","resolution":7,"stations":[]}},{"type":"Feature","geometry":{"type":"Polygon","coordinates":[[[-122.63721447583855,38.67172700827406],[-122.62968451521905,38.68344748523034],[-122.63858974317425,38.69385222284252],[-122.65502484455283,38.69253536841401],[-122.66255132477554,38.68081490475907],[-122.65364618492859,38.670411282126814],[-122.63721447583855,38.67172700827406]]]},"properties":{"h3_index":"8728302c9ffffff","station_count":12,"polygon_count":12,"coverage_type":"area","wetland_summary":"Depressional Vegetated, Depressional Open Water, Woody Slope","level1_summary":"Non-Tidal","program_id":"russian_river","program":"Russian River","resolution":7,"stations":[]}},{"type":"Feature","geometry":{"type":"Polygon","coordinates":[[[-122.61050864423657,38.64049807847062],[-122.60297661269159,38.65222015895595],[-122.61187794983115,38.6626314524688],[-122.62831123562842,38.66131954946723],[-122.63583979144748,38.649597480270394],[-122.62693853810768,38.63918730268236],[-122.61050864423657,38.64049807847062]]]},"properties":{"h3_index":"8728302ccffffff","station_count":1,"polygon_count":1,"coverage_type":"area","wetland_summary":"Depressional Vegetated","level1_summary":"Non-Tidal","program_id":"russian_river","program":"Russian River","resolution":7,"stations":[]}},{"type":"Feature","geometry":{"type":"Polygon","coordinates":[[[-122.63583979144748,38.649597480270394],[-122.62831123562842,38.66131954946723],[-122.63721447583855,38.67172700827406],[-122.65364618492859,38.670411282126814],[-122.66117126198843,38.65868922611139],[-122.6522681096291,38.64828288295734],[-122.63583979144748,38.649597480270394]]]},"properties":{"h3_index":"8728302cdffffff","station_count":2,"polygon_count":2,"coverage_type":"area","wetland_summary":"Seep/Spring, Depressional Vegetated","level1_summary":"Non-Tidal","program_id":"russian_river","program":"Russian River","resolution":7,"stations":[]}},{"type":"Feature","geometry":{"type":"Polygon","coordinates":[[[-122.57972790164409,38.54279916607897],[-122.57219802461469,38.55452759421029],[-122.58108951797591,38.56495356756878],[-122.59751081053506,38.56364999379598],[-122.60503722140098,38.55192157455784],[-122.59614580678239,38.541496720095324],[-122.57972790164409,38.54279916607897]]]},"properties":{"h3_index":"8728302e4ffffff","station_count":12,"polygon_count":12,"coverage_type":"area","wetland_summary":"Depressional Vegetated, Depressional Open Water, Non-woody Slope","level1_summary":"Non-Tidal","program_id":"russian_river","program":"Russian River","resolution":7,"stations":[]}},{"type":"Feature","geometry":{"type":"Polygon","coordinates":[[[-122.60503722140098,38.55192157455784],[-122.59751081053506,38.56364999379598],[-122.60640420791239,38.57407214092415],[-122.62282393428262,38.57276475008253],[-122.6303468759546,38.561036341632835],[-122.62145356136062,38.55061531313211],[-122.60503722140098,38.55192157455784]]]},"properties":{"h3_index":"8728302e5ffffff","station_count":48,"polygon_count":48,"coverage_type":"area","wetland_summary":"Channel, Channel Vegetated, Depressional Vegetated","level1_summary":"Non-Tidal","program_id":"russian_river","program":"Russian River","resolution":7,"stations":[]}},{"type":"Feature","geometry":{"type":"Polygon","coordinates":[[[-122.63309217002364,38.605325505488835],[-122.62556642228849,38.61705075026063],[-122.6344656896321,38.62746364421257],[-122.65089061828452,38.626150176286124],[-122.65841289053206,38.61442494445061],[-122.64951371052537,38.604013167500845],[-122.63309217002364,38.605325505488835]]]},"properties":{"h3_index":"8728302e8ffffff","station_count":13,"polygon_count":13,"coverage_type":"area","wetland_summary":"Depressional Vegetated, Woody Slope, Depressional Open Water","level1_summary":"Non-Tidal","program_id":"russian_river","program":"Russian River","resolution":7,"stations":[]}},{"type":"Feature","geometry":{"type":"Polygon","coordinates":[[[-122.65841289053206,38.61442494445061],[-122.65089061828452,38.626150176286124],[-122.65979178403062,38.6365592375473],[-122.67621513155125,38.635241950140305],[-122.68373392528527,38.62351673313562],[-122.67483285092196,38.613108788602496],[-122.65841289053206,38.61442494445061]]]},"properties":{"h3_index":"8728302e9ffffff","station_count":83,"polygon_count":83,"coverage_type":"area","wetland_summary":"Depressional Vegetated, Woody Slope, Depressional Open Water","level1_summary":"Non-Tidal","program_id":"russian_river","program":"Russian River","resolution":7,"stations":[]}},{"type":"Feature","geometry":{"type":"Polygon","coordinates":[[[-122.6344656896321,38.62746364421257],[-122.62693853810768,38.63918730268236],[-122.63583979144748,38.649597480270394],[-122.6522681096291,38.64828288295734],[-122.65979178403062,38.6365592375473],[-122.65089061828452,38.626150176286124],[-122.6344656896321,38.62746364421257]]]},"properties":{"h3_index":"8728302ebffffff","station_count":21,"polygon_count":21,"coverage_type":"area","wetland_summary":"Depressional Vegetated, Depressional Open Water, Seep/Spring","level1_summary":"Non-Tidal","program_id":"russian_river","program":"Russian River","resolution":7,"stations":[]}},{"type":"Feature","geometry":{"type":"Polygon","coordinates":[[[-122.63171923225383,38.58318306949469],[-122.62419488780273,38.594909897594235],[-122.63309217002364,38.605325505488835],[-122.64951371052537,38.604013167500845],[-122.65703458112301,38.59228635221235],[-122.64813738598247,38.58187186199641],[-122.63171923225383,38.58318306949469]]]},"properties":{"h3_index":"8728302ecffffff","station_count":11,"polygon_count":11,"coverage_type":"area","wetland_summary":"Depressional Vegetated, Depressional Open Water, Non-woody Slope","level1_summary":"Non-Tidal","program_id":"russian_river","program":"Russian River","resolution":7,"stations":[]}},{"type":"Feature","geometry":{"type":"Polygon","coordinates":[[[-122.65703458112301,38.59228635221235],[-122.64951371052537,38.604013167500845],[-122.65841289053206,38.61442494445061],[-122.67483285092196,38.613108788602496],[-122.68235024464188,38.60138198802025],[-122.67345115575887,38.5909713284753],[-122.65703458112301,38.59228635221235]]]},"properties":{"h3_index":"8728302edffffff","station_count":26,"polygon_count":26,"coverage_type":"area","wetland_summary":"Depressional Vegetated, Depressional Open Water, Woody Slope","level1_summary":"Non-Tidal","program_id":"russian_river","program":"Russian River","resolution":7,"stations":[]}},{"type":"Feature","geometry":{"type":"Polygon","coordinates":[[[-122.54088799857598,38.311852239628244],[-122.53336870719694,38.32359630961985],[-122.54223851710242,38.33405303558162],[-122.55862754706052,38.332764565450084],[-122.56614339152755,38.32102050106874],[-122.55727365385516,38.31056490110506],[-122.54088799857598,38.311852239628244]]]},"properties":{"h3_index":"872830300ffffff","station_count":21,"polygon_count":21,"coverage_type":"area","wetland_summary":"Depressional Vegetated, Non-woody Slope, Depressional Open Water","level1_summary":"Non-Tidal","program_id":"russian_river","program":"Russian River","resolution":7,"stations":[]}},{"type":"Feature","geometry":{"type":"Polygon","coordinates":[[[-122.56614339152755,38.32102050106874],[-122.55862754706052,38.332764565450084],[-122.56749925818322,38.34321748439369],[-122.58388673843066,38.341925213117705],[-122.59139913296845,38.33018115624828],[-122.58252749809387,38.31972936303914],[-122.56614339152755,38.32102050106874]]]},"properties":{"h3_index":"872830301ffffff","station_count":60,"polygon_count":60,"coverage_type":"area","wetland_summary":"Non-woody Slope, Depressional Vegetated, Seep/Spring","level1_summary":"Non-Tidal","program_id":"russian_river","program":"Russian River","resolution":7,"stations":[]}},{"type":"Feature","geometry":{"type":"Polygon","coordinates":[[[-122.51697813394415,38.32488097822885],[-122.50945399446017,38.33662350212293],[-122.5183238728268,38.34708135365505],[-122.53471782312421,38.34579555561928],[-122.54223851710242,38.33405303558162],[-122.53336870719694,38.32359630961985],[-122.51697813394415,38.32488097822885]]]},"properties":{"h3_index":"872830302ffffff","station_count":21,"polygon_count":21,"coverage_type":"area","wetland_summary":"Depressional Vegetated, Depressional Open Water, Woody Slope","level1_summary":"Non-Tidal","program_id":"russian_river","program":"Russian River","resolution":7,"stations":[]}},{"type":"Feature","geometry":{"type":"Polygon","coordinates":[[[-122.54223851710242,38.33405303558162],[-122.53471782312421,38.34579555561928],[-122.54358960672556,38.356249599871994],[-122.55998201273366,38.35495999867431],[-122.56749925818322,38.34321748439369],[-122.55862754706052,38.332764565450084],[-122.54223851710242,38.33405303558162]]]},"properties":{"h3_index":"872830303ffffff","station_count":18,"polygon_count":18,"coverage_type":"area","wetland_summary":"Depressional Vegetated, Non-woody Slope, Depressional Open Water","level1_summary":"Non-Tidal","program_id":"russian_river","program":"Russian River","resolution":7,"stations":[]}},{"type":"Feature","geometry":{"type":"Polygon","coordinates":[[[-122.53953805078571,38.28964721750694],[-122.53202016150044,38.30139283443326],[-122.54088799857598,38.311852239628244],[-122.55727365385516,38.31056490110506],[-122.56478809784403,38.298819289640456],[-122.55592033275626,38.288361011133716],[-122.53953805078571,38.28964721750694]]]},"properties":{"h3_index":"872830304ffffff","station_count":29,"polygon_count":29,"coverage_type":"area","wetland_summary":"Depressional Vegetated, Depressional Open Water, Non-woody Slope","level1_summary":"Non-Tidal","program_id":"russian_river","program":"Russian River","resolution":7,"stations":[]}},{"type":"Feature","geometry":{"type":"Polygon","coordinates":[[[-122.56478809784403,38.298819289640456],[-122.55727365385516,38.31056490110506],[-122.56614339152755,38.32102050106874],[-122.58252749809387,38.31972936303914],[-122.59003849377069,38.30798375893854],[-122.5811688320986,38.29752928539976],[-122.56478809784403,38.298819289640456]]]},"properties":{"h3_index":"872830305ffffff","station_count":23,"polygon_count":23,"coverage_type":"area","wetland_summary":"Depressional Vegetated, Seep/Spring, Non-woody Slope","level1_summary":"Non-Tidal","program_id":"russian_river","program":"Russian River","resolution":7,"stations":[]}},{"type":"Feature","geometry":{"type":"Polygon","coordinates":[[[-122.5156329639203,38.302676373074185],[-122.50811022865051,38.31442044677475],[-122.51697813394415,38.32488097822885],[-122.53336870719694,38.32359630961985],[-122.54088799857598,38.311852239628244],[-122.53202016150044,38.30139283443326],[-122.5156329639203,38.302676373074185]]]},"properties":{"h3_index":"872830306ffffff","station_count":7,"polygon_count":7,"coverage_type":"area","wetland_summary":"Depressional Vegetated, Non-woody Slope, Depressional Open Water","level1_summary":"Non-Tidal","program_id":"russian_river","program":"Russian River","resolution":7,"stations":[]}},{"type":"Feature","geometry":{"type":"Polygon","coordinates":[[[-122.59276034737367,38.35237432352284],[-122.58524655347179,38.36411683014541],[-122.59412213734966,38.37456325527607],[-122.610511435521,38.373266048901314],[-122.61802177486008,38.36152355183802],[-122.60914627149613,38.351078251486236],[-122.59276034737367,38.35237432352284]]]},"properties":{"h3_index":"872830308ffffff","station_count":47,"polygon_count":47,"coverage_type":"area","wetland_summary":"Depressional Vegetated, Seep/Spring, Depressional Open Water","level1_summary":"Non-Tidal","program_id":"russian_river","program":"Russian River","resolution":7,"stations":[]}},{"type":"Feature","geometry":{"type":"Polygon","coordinates":[[[-122.61802177486008,38.36152355183802],[-122.610511435521,38.373266048901314],[-122.61938891443593,38.383708662200284],[-122.63577664906296,38.38240765382182],[-122.64328353082801,38.370665168219325],[-122.6344061364448,38.36022367943032],[-122.61802177486008,38.36152355183802]]]},"properties":{"h3_index":"872830309ffffff","station_count":61,"polygon_count":61,"coverage_type":"area","wetland_summary":"Depressional Vegetated, Woody Slope, Channel","level1_summary":"Non-Tidal","program_id":"russian_river","program":"Russian River","resolution":7,"stations":[]}},{"type":"Feature","geometry":{"type":"Polygon","coordinates":[[[-122.56885569817288,38.365410234124674],[-122.56133705123622,38.37715119529039],[-122.57021271185879,38.387598744778224],[-122.58660694358016,38.38630420863937],[-122.59412213734966,38.37456325527607],[-122.58524655347179,38.36411683014541],[-122.56885569817288,38.365410234124674]]]},"properties":{"h3_index":"87283030affffff","station_count":50,"polygon_count":50,"coverage_type":"area","wetland_summary":"Depressional Vegetated, Woody Slope, Depressional Open Water","level1_summary":"Non-Tidal","program_id":"russian_river","program":"Russian River","resolution":7,"stations":[]}},{"type":"Feature","geometry":{"type":"Polygon","coordinates":[[[-122.59412213734966,38.37456325527607],[-122.58660694358016,38.38630420863937],[-122.59548450326,38.396747946028945],[-122.61187717685044,38.39544960586061],[-122.61938891443593,38.383708662200284],[-122.610511435521,38.373266048901314],[-122.59412213734966,38.37456325527607]]]},"properties":{"h3_index":"87283030bffffff","station_count":52,"polygon_count":52,"coverage_type":"area","wetland_summary":"Depressional Vegetated, Woody Slope, Non-woody Slope","level1_summary":"Non-Tidal","program_id":"russian_river","program":"Russian River","resolution":7,"stations":[]}},{"type":"Feature","geometry":{"type":"Polygon","coordinates":[[[-122.59139913296845,38.33018115624828],[-122.58388673843066,38.341925213117705],[-122.59276034737367,38.35237432352284],[-122.60914627149613,38.351078251486236],[-122.61665521309119,38.339334204030614],[-122.60778168441146,38.32888621909384],[-122.59139913296845,38.33018115624828]]]},"properties":{"h3_index":"87283030cffffff","station_count":98,"polygon_count":98,"coverage_type":"area","wetland_summary":"Seep/Spring, Depressional Vegetated, Non-woody Slope","level1_summary":"Non-Tidal","program_id":"russian_river","program":"Russian River","resolution":7,"stations":[]}},{"type":"Feature","geometry":{"type":"Polygon","coordinates":[[[-122.61665521309119,38.339334204030614],[-122.60914627149613,38.351078251486236],[-122.61802177486008,38.36152355183802],[-122.6344061364448,38.36022367943032],[-122.64191162208758,38.34847964329067],[-122.6330362030021,38.3380354681386],[-122.61665521309119,38.339334204030614]]]},"properties":{"h3_index":"87283030dffffff","station_count":65,"polygon_count":65,"coverage_type":"area","wetland_summary":"Non-woody Slope, Depressional Vegetated, Woody Slope","level1_summary":"Non-Tidal","program_id":"russian_river","program":"Russian River","resolution":7,"stations":[]}},{"type":"Feature","geometry":{"type":"Polygon","coordinates":[[[-122.56749925818322,38.34321748439369],[-122.55998201273366,38.35495999867431],[-122.56885569817288,38.365410234124674],[-122.58524655347179,38.36411683014541],[-122.59276034737367,38.35237432352284],[-122.58388673843066,38.341925213117705],[-122.56749925818322,38.34321748439369]]]},"properties":{"h3_index":"87283030effffff","station_count":16,"polygon_count":16,"coverage_type":"area","wetland_summary":"Depressional Vegetated, Non-woody Slope, Depressional Open Water","level1_summary":"Non-Tidal","program_id":"russian_river","program":"Russian River","resolution":7,"stations":[]}},{"type":"Feature","geometry":{"type":"Polygon","coordinates":[[[-122.4677935169472,38.32872202993257],[-122.46026108758805,38.340463003307555],[-122.46912911799001,38.35092578598907],[-122.48552951799661,38.34964646979423],[-122.49305850629486,38.33790549662209],[-122.48419053655748,38.32744383933886],[-122.4677935169472,38.32872202993257]]]},"properties":{"h3_index":"872830310ffffff","station_count":5,"polygon_count":5,"coverage_type":"area","wetland_summary":"Depressional Vegetated, Woody Slope","level1_summary":"Non-Tidal","program_id":"russian_river","program":"Russian River","resolution":7,"stations":[]}},{"type":"Feature","geometry":{"type":"Polygon","coordinates":[[[-122.49305850629486,38.33790549662209],[-122.48552951799661,38.34964646979423],[-122.49439946104772,38.360105446468175],[-122.51079832862185,38.35882232472488],[-122.5183238728268,38.34708135365505],[-122.50945399446017,38.33662350212293],[-122.49305850629486,38.33790549662209]]]},"properties":{"h3_index":"872830311ffffff","station_count":96,"polygon_count":96,"coverage_type":"area","wetland_summary":"Woody Slope, Depressional Vegetated, Channel Vegetated","level1_summary":"Non-Tidal","program_id":"russian_river","program":"Russian River","resolution":7,"stations":[]}},{"type":"Feature","geometry":{"type":"Polygon","coordinates":[[[-122.44385916157741,38.3417385135885],[-122.43632188412425,38.35347792986412],[-122.44518997140702,38.36394183751216],[-122.46159528017355,38.36266520381513],[-122.46912911799001,38.35092578598907],[-122.46026108758805,38.340463003307555],[-122.44385916157741,38.3417385135885]]]},"properties":{"h3_index":"872830312ffffff","station_count":4,"polygon_count":4,"coverage_type":"area","wetland_summary":"Depressional Vegetated","level1_summary":"Non-Tidal","program_id":"russian_river","program":"Russian River","resolution":7,"stations":[]}},{"type":"Feature","geometry":{"type":"Polygon","coordinates":[[[-122.46912911799001,38.35092578598907],[-122.46159528017355,38.36266520381513],[-122.47046528412776,38.37312530520145],[-122.48686906590592,38.3718448639462],[-122.49439946104772,38.360105446468175],[-122.48552951799661,38.34964646979423],[-122.46912911799001,38.35092578598907]]]},"properties":{"h3_index":"872830313ffffff","station_count":7,"polygon_count":7,"coverage_type":"area","wetland_summary":"Depressional Vegetated, Woody Slope, Non-woody Slope","level1_summary":"Non-Tidal","program_id":"russian_river","program":"Russian River","resolution":7,"stations":[]}},{"type":"Feature","geometry":{"type":"Polygon","coordinates":[[[-122.46645848064234,38.30651404252615],[-122.45892745923123,38.318256568432005],[-122.4677935169472,38.32872202993257],[-122.48419053655748,38.32744383933886],[-122.49171811852041,38.31570131348883],[-122.4828521212308,38.30523697807362],[-122.46645848064234,38.30651404252615]]]},"properties":{"h3_index":"872830314ffffff","station_count":74,"polygon_count":74,"coverage_type":"area","wetland_summary":"Channel, Woody Slope, Channel Vegetated Woody","level1_summary":"Non-Tidal","program_id":"russian_river","program":"Russian River","resolution":7,"stations":[]}},{"type":"Feature","geometry":{"type":"Polygon","coordinates":[[[-122.49171811852041,38.31570131348883],[-122.48419053655748,38.32744383933886],[-122.49305850629486,38.33790549662209],[-122.50945399446017,38.33662350212293],[-122.51697813394415,38.32488097822885],[-122.50811022865051,38.31442044677475],[-122.49171811852041,38.31570131348883]]]},"properties":{"h3_index":"872830315ffffff","station_count":106,"polygon_count":106,"coverage_type":"area","wetland_summary":"Channel Vegetated, Channel, Depressional Vegetated","level1_summary":"Non-Tidal","program_id":"russian_river","program":"Russian River","resolution":7,"stations":[]}},{"type":"Feature","geometry":{"type":"Polygon","coordinates":[[[-122.44252891460035,38.31953095475712],[-122.43499304721657,38.33127192643575],[-122.44385916157741,38.3417385135885],[-122.46026108758805,38.340463003307555],[-122.4677935169472,38.32872202993257],[-122.45892745923123,38.318256568432005],[-122.44252891460035,38.31953095475712]]]},"properties":{"h3_index":"872830316ffffff","station_count":70,"polygon_count":70,"coverage_type":"area","wetland_summary":"Channel, Depressional Vegetated, Woody Slope","level1_summary":"Non-Tidal","program_id":"russian_river","program":"Russian River","resolution":7,"stations":[]}},{"type":"Feature","geometry":{"type":"Polygon","coordinates":[[[-122.51967018092766,38.36927749386037],[-122.51214323149468,38.38101690909156],[-122.52101705860652,38.39146939335963],[-122.53741776711226,38.39018133809664],[-122.5449412678062,38.378441927011416],[-122.53606750964245,38.367990566939774],[-122.51967018092766,38.36927749386037]]]},"properties":{"h3_index":"872830318ffffff","station_count":86,"polygon_count":86,"coverage_type":"area","wetland_summary":"Channel Vegetated, Depressional Vegetated, Woody Slope","level1_summary":"Non-Tidal","program_id":"russian_river","program":"Russian River","resolution":7,"stations":[]}},{"type":"Feature","geometry":{"type":"Polygon","coordinates":[[[-122.5449412678062,38.378441927011416],[-122.53741776711226,38.39018133809664],[-122.5462935007055,38.40063001151914],[-122.5626926629302,38.399338149818135],[-122.57021271185879,38.387598744778224],[-122.56133705123622,38.37715119529039],[-122.5449412678062,38.378441927011416]]]},"properties":{"h3_index":"872830319ffffff","station_count":88,"polygon_count":88,"coverage_type":"area","wetland_summary":"Woody Slope, Channel Vegetated, Channel Vegetated Woody","level1_summary":"Non-Tidal","program_id":"russian_river","program":"Russian River","resolution":7,"stations":[]}},{"type":"Feature","geometry":{"type":"Polygon","coordinates":[[[-122.49574098313728,38.382301157537356],[-122.48820918064352,38.39403901630835],[-122.49708307292221,38.404492624347164],[-122.51348870343816,38.40320724974097],[-122.52101705860652,38.39146939335963],[-122.51214323149468,38.38101690909156],[-122.49574098313728,38.382301157537356]]]},"properties":{"h3_index":"87283031affffff","station_count":20,"polygon_count":20,"coverage_type":"area","wetland_summary":"Depressional Vegetated, Depressional Open Water, Woody Slope","level1_summary":"Non-Tidal","program_id":"russian_river","program":"Russian River","resolution":7,"stations":[]}},{"type":"Feature","geometry":{"type":"Polygon","coordinates":[[[-122.52101705860652,38.39146939335963],[-122.51348870343816,38.40320724974097],[-122.52236450622337,38.413657046674736],[-122.53876859589448,38.412367863612424],[-122.5462935007055,38.40063001151914],[-122.53741776711226,38.39018133809664],[-122.52101705860652,38.39146939335963]]]},"properties":{"h3_index":"87283031bffffff","station_count":58,"polygon_count":58,"coverage_type":"area","wetland_summary":"Non-woody Slope, Seep/Spring, Depressional Vegetated","level1_summary":"Non-Tidal","program_id":"russian_river","program":"Russian River","resolution":7,"stations":[]}},{"type":"Feature","geometry":{"type":"Polygon","coordinates":[[[-122.5183238728268,38.34708135365505],[-122.51079832862185,38.35882232472488],[-122.51967018092766,38.36927749386037],[-122.53606750964245,38.367990566939774],[-122.54358960672556,38.356249599871994],[-122.53471782312421,38.34579555561928],[-122.5183238728268,38.34708135365505]]]},"properties":{"h3_index":"87283031cffffff","station_count":130,"polygon_count":130,"coverage_type":"area","wetland_summary":"Channel Vegetated, Depressional Vegetated, Channel","level1_summary":"Non-Tidal","program_id":"russian_river","program":"Russian River","resolution":7,"stations":[]}},{"type":"Feature","geometry":{"type":"Polygon","coordinates":[[[-122.54358960672556,38.356249599871994],[-122.53606750964245,38.367990566939774],[-122.5449412678062,38.378441927011416],[-122.56133705123622,38.37715119529039],[-122.56885569817288,38.365410234124674],[-122.55998201273366,38.35495999867431],[-122.54358960672556,38.356249599871994]]]},"properties":{"h3_index":"87283031dffffff","station_count":58,"polygon_count":58,"coverage_type":"area","wetland_summary":"Woody Slope, Depressional Vegetated, Channel","level1_summary":"Non-Tidal","program_id":"russian_river","program":"Russian River","resolution":7,"stations":[]}},{"type":"Feature","geometry":{"type":"Polygon","coordinates":[[[-122.49439946104772,38.360105446468175],[-122.48686906590592,38.3718448639462],[-122.49574098313728,38.382301157537356],[-122.51214323149468,38.38101690909156],[-122.51967018092766,38.36927749386037],[-122.51079832862185,38.35882232472488],[-122.49439946104772,38.360105446468175]]]},"properties":{"h3_index":"87283031effffff","station_count":18,"polygon_count":18,"coverage_type":"area","wetland_summary":"Depressional Vegetated, Depressional Open Water, Woody Slope","level1_summary":"Non-Tidal","program_id":"russian_river","program":"Russian River","resolution":7,"stations":[]}},{"type":"Feature","geometry":{"type":"Polygon","coordinates":[[[-122.56207922794721,38.25440420447211],[-122.55456758340276,38.266152901037735],[-122.56343337677103,38.27661385560659],[-122.57981074008242,38.27532498569675],[-122.58731893954602,38.26357629619396],[-122.57845322168326,38.25311646943446],[-122.56207922794721,38.25440420447211]]]},"properties":{"h3_index":"872830320ffffff","station_count":40,"polygon_count":40,"coverage_type":"area","wetland_summary":"Depressional Vegetated, Depressional Open Water, Seep/Spring","level1_summary":"Non-Tidal","program_id":"russian_river","program":"Russian River","resolution":7,"stations":[]}},{"type":"Feature","geometry":{"type":"Polygon","coordinates":[[[-122.58731893954602,38.26357629619396],[-122.57981074008242,38.27532498569675],[-122.58867842941744,38.28578213708694],[-122.60505423960647,38.28448947132651],[-122.61255899098089,38.272740790790444],[-122.6036913811589,38.262284766944184],[-122.58731893954602,38.26357629619396]]]},"properties":{"h3_index":"872830321ffffff","station_count":30,"polygon_count":30,"coverage_type":"area","wetland_summary":"Woody Slope, Depressional Vegetated, Depressional Open Water","level1_summary":"Non-Tidal","program_id":"russian_river","program":"Russian River","resolution":7,"stations":[]}},{"type":"Feature","geometry":{"type":"Polygon","coordinates":[[[-122.53818867337141,38.26743797471997],[-122.53067218567467,38.27918513555846],[-122.53953805078571,38.28964721750694],[-122.55592033275626,38.288361011133716],[-122.56343337677103,38.27661385560659],[-122.55456758340276,38.266152901037735],[-122.53818867337141,38.26743797471997]]]},"properties":{"h3_index":"872830322ffffff","station_count":34,"polygon_count":34,"coverage_type":"area","wetland_summary":"Non-woody Slope, Seep/Spring, Depressional Vegetated","level1_summary":"Non-Tidal","program_id":"russian_river","program":"Russian River","resolution":7,"stations":[]}},{"type":"Feature","geometry":{"type":"Polygon","coordinates":[[[-122.56343337677103,38.27661385560659],[-122.55592033275626,38.288361011133716],[-122.56478809784403,38.298819289640456],[-122.5811688320986,38.29752928539976],[-122.58867842941744,38.28578213708694],[-122.57981074008242,38.27532498569675],[-122.56343337677103,38.27661385560659]]]},"properties":{"h3_index":"872830323ffffff","station_count":77,"polygon_count":77,"coverage_type":"area","wetland_summary":"Depressional Vegetated, Non-woody Slope, Seep/Spring","level1_summary":"Non-Tidal","program_id":"russian_river","program":"Russian River","resolution":7,"stations":[]}},{"type":"Feature","geometry":{"type":"Polygon","coordinates":[[[-122.56072565101161,38.23219034174907],[-122.55321540543393,38.24394057632592],[-122.56207922794721,38.25440420447211],[-122.57845322168326,38.25311646943446],[-122.58596002379402,38.2413662417672],[-122.57709627653931,38.23090374212433],[-122.56072565101161,38.23219034174907]]]},"properties":{"h3_index":"872830324ffffff","station_count":24,"polygon_count":24,"coverage_type":"area","wetland_summary":"Depressional Vegetated, Depressional Open Water, Woody Slope","level1_summary":"Non-Tidal","program_id":"russian_river","program":"Russian River","resolution":7,"stations":[]}},{"type":"Feature","geometry":{"type":"Polygon","coordinates":[[[-122.58596002379402,38.2413662417672],[-122.57845322168326,38.25311646943446],[-122.58731893954602,38.26357629619396],[-122.6036913811589,38.262284766944184],[-122.61119473679605,38.250534548091096],[-122.60232909819683,38.240075849569756],[-122.58596002379402,38.2413662417672]]]},"properties":{"h3_index":"872830325ffffff","station_count":100,"polygon_count":100,"coverage_type":"area","wetland_summary":"Vernal Pool, Depressional Vegetated, Non-woody Slope","level1_summary":"Non-Tidal","program_id":"russian_river","program":"Russian River","resolution":7,"stations":[]}},{"type":"Feature","geometry":{"type":"Polygon","coordinates":[[[-122.53683986597312,38.24522451677667],[-122.52932477936005,38.25697321850156],[-122.53818867337141,38.26743797471997],[-122.55456758340276,38.266152901037735],[-122.56207922794721,38.25440420447211],[-122.55321540543393,38.24394057632592],[-122.53683986597312,38.24522451677667]]]},"properties":{"h3_index":"872830326ffffff","station_count":36,"polygon_count":36,"coverage_type":"area","wetland_summary":"Depressional Vegetated, Depressional Open Water, Non-woody Slope","level1_summary":"Non-Tidal","program_id":"russian_river","program":"Russian River","resolution":7,"stations":[]}},{"type":"Feature","geometry":{"type":"Polygon","coordinates":[[[-122.6139238215158,38.294942818014384],[-122.60641767390284,38.30668995720968],[-122.61528922876452,38.317140624259785],[-122.6316668483694,38.31584302542779],[-122.63916954327031,38.3040958972535],[-122.63029807218153,38.29364635678612],[-122.6139238215158,38.294942818014384]]]},"properties":{"h3_index":"872830328ffffff","station_count":26,"polygon_count":26,"coverage_type":"area","wetland_summary":"Depressional Vegetated, Depressional Open Water, Woody Slope","level1_summary":"Non-Tidal","program_id":"russian_river","program":"Russian River","resolution":7,"stations":[]}},{"type":"Feature","geometry":{"type":"Polygon","coordinates":[[[-122.63916954327031,38.3040958972535],[-122.6316668483694,38.31584302542779],[-122.64054029302359,38.32628988447394],[-122.65691634569792,38.32498848892951],[-122.66441558488455,38.313241373679986],[-122.65554222801346,38.30279564094585],[-122.63916954327031,38.3040958972535]]]},"properties":{"h3_index":"872830329ffffff","station_count":75,"polygon_count":75,"coverage_type":"area","wetland_summary":"Depressional Vegetated, Non-woody Slope, Woody Slope","level1_summary":"Non-Tidal","program_id":"russian_river","program":"Russian River","resolution":7,"stations":[]}},{"type":"Feature","geometry":{"type":"Polygon","coordinates":[[[-122.59003849377069,38.30798375893854],[-122.58252749809387,38.31972936303914],[-122.59139913296845,38.33018115624828],[-122.60778168441146,38.32888621909384],[-122.61528922876452,38.317140624259785],[-122.60641767390284,38.30668995720968],[-122.59003849377069,38.30798375893854]]]},"properties":{"h3_index":"87283032affffff","station_count":100,"polygon_count":100,"coverage_type":"area","wetland_summary":"Seep/Spring, Non-woody Slope, Depressional Vegetated","level1_summary":"Non-Tidal","program_id":"russian_river","program":"Russian River","resolution":7,"stations":[]}},{"type":"Feature","geometry":{"type":"Polygon","coordinates":[[[-122.61528922876452,38.317140624259785],[-122.60778168441146,38.32888621909384],[-122.61665521309119,38.339334204030614],[-122.6330362030021,38.3380354681386],[-122.64054029302359,38.32628988447394],[-122.6316668483694,38.31584302542779],[-122.61528922876452,38.317140624259785]]]},"properties":{"h3_index":"87283032bffffff","station_count":100,"polygon_count":100,"coverage_type":"area","wetland_summary":"Non-woody Slope, Depressional Vegetated, Woody Slope","level1_summary":"Non-Tidal","program_id":"russian_river","program":"Russian River","resolution":7,"stations":[]}},{"type":"Feature","geometry":{"type":"Polygon","coordinates":[[[-122.61255899098089,38.272740790790444],[-122.60505423960647,38.28448947132651],[-122.6139238215158,38.294942818014384],[-122.63029807218153,38.29364635678612],[-122.63779937246233,38.2818976871209],[-122.62892987407362,38.271445467709036],[-122.61255899098089,38.272740790790444]]]},"properties":{"h3_index":"87283032cffffff","station_count":38,"polygon_count":38,"coverage_type":"area","wetland_summary":"Depressional Vegetated, Depressional Open Water, Non-woody Slope","level1_summary":"Non-Tidal","program_id":"russian_river","program":"Russian River","resolution":7,"stations":[]}},{"type":"Feature","geometry":{"type":"Polygon","coordinates":[[[-122.63779937246233,38.2818976871209],[-122.63029807218153,38.29364635678612],[-122.63916954327031,38.3040958972535],[-122.65554222801346,38.30279564094585],[-122.6630400742001,38.29104698405591],[-122.65416869063954,38.28059857059409],[-122.63779937246233,38.2818976871209]]]},"properties":{"h3_index":"87283032dffffff","station_count":70,"polygon_count":70,"coverage_type":"area","wetland_summary":"Depressional Vegetated, Woody Slope, Non-woody Slope","level1_summary":"Non-Tidal","program_id":"russian_river","program":"Russian River","resolution":7,"stations":[]}},{"type":"Feature","geometry":{"type":"Polygon","coordinates":[[[-122.58867842941744,38.28578213708694],[-122.5811688320986,38.29752928539976],[-122.59003849377069,38.30798375893854],[-122.60641767390284,38.30668995720968],[-122.6139238215158,38.294942818014384],[-122.60505423960647,38.28448947132651],[-122.58867842941744,38.28578213708694]]]},"properties":{"h3_index":"87283032effffff","station_count":36,"polygon_count":36,"coverage_type":"area","wetland_summary":"Depressional Vegetated, Woody Slope, Depressional Open Water","level1_summary":"Non-Tidal","program_id":"russian_river","program":"Russian River","resolution":7,"stations":[]}},{"type":"Feature","geometry":{"type":"Polygon","coordinates":[[[-122.48903904247469,38.27128026935526],[-122.48151427165901,38.283025891499236],[-122.49037829736628,38.2934929025652],[-122.5067670308339,38.29221316417664],[-122.51428836239612,38.28046754369061],[-122.50542440065186,38.27000165983199],[-122.48903904247469,38.27128026935526]]]},"properties":{"h3_index":"872830330ffffff","station_count":40,"polygon_count":40,"coverage_type":"area","wetland_summary":"Woody Slope, Depressional Vegetated, Depressional Open Water","level1_summary":"Non-Tidal","program_id":"russian_river","program":"Russian River","resolution":7,"stations":[]}},{"type":"Feature","geometry":{"type":"Polygon","coordinates":[[[-122.51428836239612,38.28046754369061],[-122.5067670308339,38.29221316417664],[-122.5156329639203,38.302676373074185],[-122.53202016150044,38.30139283443326],[-122.53953805078571,38.28964721750694],[-122.53067218567467,38.27918513555846],[-122.51428836239612,38.28046754369061]]]},"properties":{"h3_index":"872830331ffffff","station_count":29,"polygon_count":29,"coverage_type":"area","wetland_summary":"Woody Slope, Depressional Vegetated, Depressional Open Water","level1_summary":"Non-Tidal","program_id":"russian_river","program":"Russian River","resolution":7,"stations":[]}},{"type":"Feature","geometry":{"type":"Polygon","coordinates":[[[-122.46512400871882,38.284301829271065],[-122.45759439474665,38.29604590468654],[-122.46645848064234,38.30651404252615],[-122.4828521212308,38.30523697807362],[-122.49037829736628,38.2934929025652],[-122.48151427165901,38.283025891499236],[-122.46512400871882,38.284301829271065]]]},"properties":{"h3_index":"872830332ffffff","station_count":98,"polygon_count":98,"coverage_type":"area","wetland_summary":"Channel Vegetated, Woody Slope, Channel","level1_summary":"Non-Tidal","program_id":"russian_river","program":"Russian River","resolution":7,"stations":[]}},{"type":"Feature","geometry":{"type":"Polygon","coordinates":[[[-122.49037829736628,38.2934929025652],[-122.4828521212308,38.30523697807362],[-122.49171811852041,38.31570131348883],[-122.50811022865051,38.31442044677475],[-122.5156329639203,38.302676373074185],[-122.5067670308339,38.29221316417664],[-122.49037829736628,38.2934929025652]]]},"properties":{"h3_index":"872830333ffffff","station_count":36,"polygon_count":36,"coverage_type":"area","wetland_summary":"Depressional Vegetated, Depressional Open Water, Channel Vegetated","level1_summary":"Non-Tidal","program_id":"russian_river","program":"Russian River","resolution":7,"stations":[]}},{"type":"Feature","geometry":{"type":"Polygon","coordinates":[[[-122.48770035348828,38.2490634193701],[-122.48017698748495,38.260810585123586],[-122.48903904247469,38.27128026935526],[-122.50542440065186,38.27000165983199],[-122.51294432901274,38.25825449558481],[-122.50408233774607,38.247785939251386],[-122.48770035348828,38.2490634193701]]]},"properties":{"h3_index":"872830334ffffff","station_count":14,"polygon_count":14,"coverage_type":"area","wetland_summary":"Depressional Vegetated, Depressional Open Water, Non-woody Slope","level1_summary":"Non-Tidal","program_id":"russian_river","program":"Russian River","resolution":7,"stations":[]}},{"type":"Feature","geometry":{"type":"Polygon","coordinates":[[[-122.51294432901274,38.25825449558481],[-122.50542440065186,38.27000165983199],[-122.51428836239612,38.28046754369061],[-122.53067218567467,38.27918513555846],[-122.53818867337141,38.26743797471997],[-122.52932477936005,38.25697321850156],[-122.51294432901274,38.25825449558481]]]},"properties":{"h3_index":"872830335ffffff","station_count":21,"polygon_count":21,"coverage_type":"area","wetland_summary":"Depressional Vegetated, Woody Slope, Depressional Open Water","level1_summary":"Non-Tidal","program_id":"russian_river","program":"Russian River","resolution":7,"stations":[]}},{"type":"Feature","geometry":{"type":"Polygon","coordinates":[[[-122.46379010082019,38.26208539567581],[-122.45626189377825,38.2738310175763],[-122.46512400871882,38.284301829271065],[-122.48151427165901,38.283025891499236],[-122.48903904247469,38.27128026935526],[-122.48017698748495,38.260810585123586],[-122.46379010082019,38.26208539567581]]]},"properties":{"h3_index":"872830336ffffff","station_count":118,"polygon_count":118,"coverage_type":"area","wetland_summary":"Channel Vegetated, Woody Slope, Channel Vegetated Woody","level1_summary":"Non-Tidal","program_id":"russian_river","program":"Russian River","resolution":7,"stations":[]}},{"type":"Feature","geometry":{"type":"Polygon","coordinates":[[[-122.71768272422533,38.37587029885406],[-122.71018762445718,38.387614289630164],[-122.71907067146505,38.39804433472873],[-122.73544871880229,38.39672926484649],[-122.74294035061934,38.384985292997634],[-122.73405740395121,38.37455637199889],[-122.71768272422533,38.37587029885406]]]},"properties":{"h3_index":"872830340ffffff","station_count":327,"polygon_count":327,"coverage_type":"area","wetland_summary":"Vernal Pool, Depressional Vegetated, Non-woody Slope","level1_summary":"Non-Tidal","program_id":"russian_river","program":"Russian River","resolution":7,"stations":[]}},{"type":"Feature","geometry":{"type":"Polygon","coordinates":[[[-122.74294035061934,38.384985292997634],[-122.73544871880229,38.39672926484649],[-122.74433364319954,38.407155492399056],[-122.76071009595884,38.40583662417915],[-122.7681982568349,38.394092673161005],[-122.75931343679281,38.383667569427],[-122.74294035061934,38.384985292997634]]]},"properties":{"h3_index":"872830341ffffff","station_count":404,"polygon_count":404,"coverage_type":"area","wetland_summary":"Vernal Pool, Non-woody Slope, Woody Slope","level1_summary":"Non-Tidal","program_id":"russian_river","program":"Russian River","resolution":7,"stations":[]}},{"type":"Feature","geometry":{"type":"Polygon","coordinates":[[[-122.69380798894683,38.388925560756654],[-122.68630803134778,38.40066801773199],[-122.69519117494086,38.411099186518705],[-122.71157418045011,38.40978677453719],[-122.71907067146505,38.39804433472873],[-122.71018762445718,38.387614289630164],[-122.69380798894683,38.388925560756654]]]},"properties":{"h3_index":"872830342ffffff","station_count":75,"polygon_count":75,"coverage_type":"area","wetland_summary":"Vernal Pool, Depressional Vegetated, Depressional Open Water","level1_summary":"Non-Tidal","program_id":"russian_river","program":"Russian River","resolution":7,"stations":[]}},{"type":"Feature","geometry":{"type":"Polygon","coordinates":[[[-122.71907067146505,38.39804433472873],[-122.71157418045011,38.40978677453719],[-122.72045920545051,38.42021412549888],[-122.73684062176419,38.41889791313808],[-122.74433364319954,38.407155492399056],[-122.73544871880229,38.39672926484649],[-122.71907067146505,38.39804433472873]]]},"properties":{"h3_index":"872830343ffffff","station_count":33,"polygon_count":33,"coverage_type":"area","wetland_summary":"Vernal Pool, Non-woody Slope, Woody Slope","level1_summary":"Non-Tidal","program_id":"russian_river","program":"Russian River","resolution":7,"stations":[]}},{"type":"Feature","geometry":{"type":"Polygon","coordinates":[[[-122.71629536336107,38.353692023338745],[-122.70880165434217,38.3654375620757],[-122.71768272422533,38.37587029885406],[-122.73405740395121,38.37455637199889],[-122.74154764664642,38.36281085204523],[-122.7326666768399,38.352379240058575],[-122.71629536336107,38.353692023338745]]]},"properties":{"h3_index":"872830344ffffff","station_count":221,"polygon_count":221,"coverage_type":"area","wetland_summary":"Vernal Pool, Channel Vegetated Woody, Depressional Vegetated","level1_summary":"Non-Tidal","program_id":"russian_river","program":"Russian River","resolution":7,"stations":[]}},{"type":"Feature","geometry":{"type":"Polygon","coordinates":[[[-122.74154764664642,38.36281085204523],[-122.73405740395121,38.37455637199889],[-122.74294035061934,38.384985292997634],[-122.75931343679281,38.383667569427],[-122.7668002101761,38.37192207016073],[-122.75791736759747,38.36149427367266],[-122.74154764664642,38.36281085204523]]]},"properties":{"h3_index":"872830345ffffff","station_count":609,"polygon_count":609,"coverage_type":"area","wetland_summary":"Vernal Pool, Non-woody Slope, Woody Slope","level1_summary":"Non-Tidal","program_id":"russian_river","program":"Russian River","resolution":7,"stations":[]}},{"type":"Feature","geometry":{"type":"Polygon","coordinates":[[[-122.69242538746474,38.366747691799574],[-122.68492682273931,38.378491699599714],[-122.69380798894683,38.388925560756654],[-122.71018762445718,38.387614289630164],[-122.71768272422533,38.37587029885406],[-122.70880165434217,38.3654375620757],[-122.69242538746474,38.366747691799574]]]},"properties":{"h3_index":"872830346ffffff","station_count":233,"polygon_count":233,"coverage_type":"area","wetland_summary":"Vernal Pool, Depressional Vegetated, Non-woody Slope","level1_summary":"Non-Tidal","program_id":"russian_river","program":"Russian River","resolution":7,"stations":[]}},{"type":"Feature","geometry":{"type":"Polygon","coordinates":[[[-122.76959689433221,38.416259032703536],[-122.76210734546801,38.428001432470325],[-122.77099612304097,38.43842114333333],[-122.78737434173891,38.437097331480736],[-122.79486041504435,38.42535495458921],[-122.78597174611043,38.41493636656977],[-122.76959689433221,38.416259032703536]]]},"properties":{"h3_index":"872830348ffffff","station_count":280,"polygon_count":280,"coverage_type":"area","wetland_summary":"Vernal Pool, Woody Slope, Non-woody Slope","level1_summary":"Non-Tidal","program_id":"russian_river","program":"Russian River","resolution":7,"stations":[]}},{"type":"Feature","geometry":{"type":"Polygon","coordinates":[[[-122.79486041504435,38.42535495458921],[-122.78737434173891,38.437097331480736],[-122.79626499047252,38.44751322008093],[-122.81264160075361,38.44618560912721],[-122.82012419551666,38.43444325701431],[-122.81123365944003,38.42402849097108],[-122.79486041504435,38.42535495458921]]]},"properties":{"h3_index":"872830349ffffff","station_count":238,"polygon_count":238,"coverage_type":"area","wetland_summary":"Woody Slope, Vernal Pool, Non-woody Slope","level1_summary":"Non-Tidal","program_id":"russian_river","program":"Russian River","resolution":7,"stations":[]}},{"type":"Feature","geometry":{"type":"Polygon","coordinates":[[[-122.74572752475862,38.42932144479007],[-122.73823311320824,38.441062311417554],[-122.74712199566851,38.4514831447184],[-122.76350518569303,38.45016198884882],[-122.77099612304097,38.43842114333333],[-122.76210734546801,38.428001432470325],[-122.74572752475862,38.42932144479007]]]},"properties":{"h3_index":"87283034affffff","station_count":15,"polygon_count":15,"coverage_type":"area","wetland_summary":"Depressional Vegetated, Depressional Open Water, Woody Slope","level1_summary":"Non-Tidal","program_id":"russian_river","program":"Russian River","resolution":7,"stations":[]}},{"type":"Feature","geometry":{"type":"Polygon","coordinates":[[[-122.77099612304097,38.43842114333333],[-122.76350518569303,38.45016198884882],[-122.77239594333446,38.460578999602596],[-122.78877753031632,38.459254042582046],[-122.79626499047252,38.44751322008093],[-122.78737434173891,38.437097331480736],[-122.77099612304097,38.43842114333333]]]},"properties":{"h3_index":"87283034bffffff","station_count":193,"polygon_count":193,"coverage_type":"area","wetland_summary":"Vernal Pool, Woody Slope, Depressional Vegetated","level1_summary":"Non-Tidal","program_id":"russian_river","program":"Russian River","resolution":7,"stations":[]}},{"type":"Feature","geometry":{"type":"Polygon","coordinates":[[[-122.7681982568349,38.394092673161005],[-122.76071009595884,38.40583662417915],[-122.76959689433221,38.416259032703536],[-122.78597174611043,38.41493636656977],[-122.79345643305962,38.403192438286034],[-122.78456974305678,38.392771153296415],[-122.7681982568349,38.394092673161005]]]},"properties":{"h3_index":"87283034cffffff","station_count":518,"polygon_count":518,"coverage_type":"area","wetland_summary":"Vernal Pool, Non-woody Slope, Woody Slope","level1_summary":"Non-Tidal","program_id":"russian_river","program":"Russian River","resolution":7,"stations":[]}},{"type":"Feature","geometry":{"type":"Polygon","coordinates":[[[-122.79345643305962,38.403192438286034],[-122.78597174611043,38.41493636656977],[-122.79486041504435,38.42535495458921],[-122.81123365944003,38.42402849097108],[-122.81871486948037,38.41228458732571],[-122.80982631293237,38.4018671225547],[-122.79345643305962,38.403192438286034]]]},"properties":{"h3_index":"87283034dffffff","station_count":512,"polygon_count":512,"coverage_type":"area","wetland_summary":"Vernal Pool, Woody Slope, Non-woody Slope","level1_summary":"Non-Tidal","program_id":"russian_river","program":"Russian River","resolution":7,"stations":[]}},{"type":"Feature","geometry":{"type":"Polygon","coordinates":[[[-122.74433364319954,38.407155492399056],[-122.73684062176419,38.41889791313808],[-122.74572752475862,38.42932144479007],[-122.76210734546801,38.428001432470325],[-122.76959689433221,38.416259032703536],[-122.76071009595884,38.40583662417915],[-122.74433364319954,38.407155492399056]]]},"properties":{"h3_index":"87283034effffff","station_count":138,"polygon_count":138,"coverage_type":"area","wetland_summary":"Vernal Pool, Non-woody Slope, Woody Slope","level1_summary":"Non-Tidal","program_id":"russian_river","program":"Russian River","resolution":7,"stations":[]}},{"type":"Feature","geometry":{"type":"Polygon","coordinates":[[[-122.64465601961099,38.392846453782624],[-122.63714774122244,38.404587385839136],[-122.64602908880288,38.41502349451046],[-122.6624186268707,38.41371754747113],[-122.66992344305338,38.401976628919535],[-122.66104218427854,38.39154164379799],[-122.64465601961099,38.392846453782624]]]},"properties":{"h3_index":"872830350ffffff","station_count":94,"polygon_count":94,"coverage_type":"area","wetland_summary":"Depressional Vegetated, Channel Vegetated Woody, Channel","level1_summary":"Non-Tidal","program_id":"russian_river","program":"Russian River","resolution":7,"stations":[]}},{"type":"Feature","geometry":{"type":"Polygon","coordinates":[[[-122.66992344305338,38.401976628919535],[-122.6624186268707,38.41371754747113],[-122.67130186328977,38.4241498395334],[-122.68768982396915,38.42284008966397],[-122.69519117494086,38.411099186518705],[-122.68630803134778,38.40066801773199],[-122.66992344305338,38.401976628919535]]]},"properties":{"h3_index":"872830351ffffff","station_count":26,"polygon_count":26,"coverage_type":"area","wetland_summary":"Non-woody Slope, Depressional Vegetated, Woody Slope","level1_summary":"Non-Tidal","program_id":"russian_river","program":"Russian River","resolution":7,"stations":[]}},{"type":"Feature","geometry":{"type":"Polygon","coordinates":[[[-122.62075663218369,38.405889529642856],[-122.61324349584925,38.4176289168929],[-122.62212492846865,38.42806614869836],[-122.63851941328932,38.42676287001544],[-122.64602908880288,38.41502349451046],[-122.63714774122244,38.404587385839136],[-122.62075663218369,38.405889529642856]]]},"properties":{"h3_index":"872830352ffffff","station_count":11,"polygon_count":11,"coverage_type":"area","wetland_summary":"Non-woody Slope, Depressional Vegetated, Lacustrine Open Water","level1_summary":"Non-Tidal","program_id":"russian_river","program":"Russian River","resolution":7,"stations":[]}},{"type":"Feature","geometry":{"type":"Polygon","coordinates":[[[-122.64602908880288,38.41502349451046],[-122.63851941328932,38.42676287001544],[-122.6474027387703,38.43719628493993],[-122.66379565160784,38.43588920139285],[-122.67130186328977,38.4241498395334],[-122.6624186268707,38.41371754747113],[-122.64602908880288,38.41502349451046]]]},"properties":{"h3_index":"872830353ffffff","station_count":25,"polygon_count":25,"coverage_type":"area","wetland_summary":"Depressional Vegetated, Channel Vegetated, Depressional Open Water","level1_summary":"Non-Tidal","program_id":"russian_river","program":"Russian River","resolution":7,"stations":[]}},{"type":"Feature","geometry":{"type":"Polygon","coordinates":[[[-122.64328353082801,38.370665168219325],[-122.63577664906296,38.38240765382182],[-122.64465601961099,38.392846453782624],[-122.66104218427854,38.39154164379799],[-122.66854560546227,38.37979917155805],[-122.65966632346371,38.36936149583583],[-122.64328353082801,38.370665168219325]]]},"properties":{"h3_index":"872830354ffffff","station_count":57,"polygon_count":57,"coverage_type":"area","wetland_summary":"Seep/Spring, Depressional Vegetated, Non-woody Slope","level1_summary":"Non-Tidal","program_id":"russian_river","program":"Russian River","resolution":7,"stations":[]}},{"type":"Feature","geometry":{"type":"Polygon","coordinates":[[[-122.66854560546227,38.37979917155805],[-122.66104218427854,38.39154164379799],[-122.66992344305338,38.401976628919535],[-122.68630803134778,38.40066801773199],[-122.69380798894683,38.388925560756654],[-122.68492682273931,38.378491699599714],[-122.66854560546227,38.37979917155805]]]},"properties":{"h3_index":"872830355ffffff","station_count":27,"polygon_count":27,"coverage_type":"area","wetland_summary":"Depressional Vegetated, Seep/Spring, Non-woody Slope","level1_summary":"Non-Tidal","program_id":"russian_river","program":"Russian River","resolution":7,"stations":[]}},{"type":"Feature","geometry":{"type":"Polygon","coordinates":[[[-122.61938891443593,38.383708662200284],[-122.61187717685044,38.39544960586061],[-122.62075663218369,38.405889529642856],[-122.63714774122244,38.404587385839136],[-122.64465601961099,38.392846453782624],[-122.63577664906296,38.38240765382182],[-122.61938891443593,38.383708662200284]]]},"properties":{"h3_index":"872830356ffffff","station_count":80,"polygon_count":80,"coverage_type":"area","wetland_summary":"Channel, Depressional Vegetated, Channel Vegetated Woody","level1_summary":"Non-Tidal","program_id":"russian_river","program":"Russian River","resolution":7,"stations":[]}},{"type":"Feature","geometry":{"type":"Polygon","coordinates":[[[-122.69657494581594,38.433268563624516],[-122.68907220097235,38.445007909937736],[-122.69795930194145,38.45543368662014],[-122.71434905154972,38.45411899457379],[-122.72184832655213,38.44237966570782],[-122.71296132269086,38.43195501133621],[-122.69657494581594,38.433268563624516]]]},"properties":{"h3_index":"872830358ffffff","station_count":1,"polygon_count":1,"coverage_type":"area","wetland_summary":"Depressional Vegetated","level1_summary":"Non-Tidal","program_id":"russian_river","program":"Russian River","resolution":7,"stations":[]}},{"type":"Feature","geometry":{"type":"Polygon","coordinates":[[[-122.72184832655213,38.44237966570782],[-122.71434905154972,38.45411899457379],[-122.72323803514084,38.46454094990595],[-122.73962619350608,38.463222454235904],[-122.74712199566851,38.4514831447184],[-122.73823311320824,38.441062311417554],[-122.72184832655213,38.44237966570782]]]},"properties":{"h3_index":"872830359ffffff","station_count":6,"polygon_count":6,"coverage_type":"area","wetland_summary":"Non-woody Slope, Depressional Vegetated, Depressional Open Water","level1_summary":"Non-Tidal","program_id":"russian_river","program":"Russian River","resolution":7,"stations":[]}},{"type":"Feature","geometry":{"type":"Polygon","coordinates":[[[-122.67268086653947,38.446318797941196],[-122.66517325885766,38.45805660010801],[-122.67406045317085,38.468483498691576],[-122.69045516272651,38.46717147310255],[-122.69795930194145,38.45543368662014],[-122.68907220097235,38.445007909937736],[-122.67268086653947,38.446318797941196]]]},"properties":{"h3_index":"87283035affffff","station_count":15,"polygon_count":15,"coverage_type":"area","wetland_summary":"Woody Slope, Non-woody Slope, Depressional Vegetated","level1_summary":"Non-Tidal","program_id":"russian_river","program":"Russian River","resolution":7,"stations":[]}},{"type":"Feature","geometry":{"type":"Polygon","coordinates":[[[-122.69795930194145,38.45543368662014],[-122.69045516272651,38.46717147310255],[-122.69934424368724,38.47759455005868],[-122.71573736739721,38.476278718803634],[-122.72323803514084,38.46454094990595],[-122.71434905154972,38.45411899457379],[-122.69795930194145,38.45543368662014]]]},"properties":{"h3_index":"87283035bffffff","station_count":19,"polygon_count":19,"coverage_type":"area","wetland_summary":"Depressional Vegetated, Woody Slope, Depressional Open Water","level1_summary":"Non-Tidal","program_id":"russian_river","program":"Russian River","resolution":7,"stations":[]}},{"type":"Feature","geometry":{"type":"Polygon","coordinates":[[[-122.69519117494086,38.411099186518705],[-122.68768982396915,38.42284008966397],[-122.69657494581594,38.433268563624516],[-122.71296132269086,38.43195501133621],[-122.72045920545051,38.42021412549888],[-122.71157418045011,38.40978677453719],[-122.69519117494086,38.411099186518705]]]},"properties":{"h3_index":"87283035cffffff","station_count":29,"polygon_count":29,"coverage_type":"area","wetland_summary":"Depressional Vegetated, Woody Slope, Depressional Open Water","level1_summary":"Non-Tidal","program_id":"russian_river","program":"Russian River","resolution":7,"stations":[]}},{"type":"Feature","geometry":{"type":"Polygon","coordinates":[[[-122.72045920545051,38.42021412549888],[-122.71296132269086,38.43195501133621],[-122.72184832655213,38.44237966570782],[-122.73823311320824,38.441062311417554],[-122.74572752475862,38.42932144479007],[-122.73684062176419,38.41889791313808],[-122.72045920545051,38.42021412549888]]]},"properties":{"h3_index":"87283035dffffff","station_count":2,"polygon_count":2,"coverage_type":"area","wetland_summary":"Woody Slope","level1_summary":"Non-Tidal","program_id":"russian_river","program":"Russian River","resolution":7,"stations":[]}},{"type":"Feature","geometry":{"type":"Polygon","coordinates":[[[-122.67130186328977,38.4241498395334],[-122.66379565160784,38.43588920139285],[-122.67268086653947,38.446318797941196],[-122.68907220097235,38.445007909937736],[-122.69657494581594,38.433268563624516],[-122.68768982396915,38.42284008966397],[-122.67130186328977,38.4241498395334]]]},"properties":{"h3_index":"87283035effffff","station_count":6,"polygon_count":6,"coverage_type":"area","wetland_summary":"Vernal Pool, Depressional Open Water, Depressional Vegetated","level1_summary":"Non-Tidal","program_id":"russian_river","program":"Russian River","resolution":7,"stations":[]}},{"type":"Feature","geometry":{"type":"Polygon","coordinates":[[[-122.73876400303773,38.31844926736084],[-122.7312765370977,38.330197874496],[-122.74015553090953,38.34063217500839],[-122.7565218880008,38.339316742382145],[-122.7640058878837,38.32756815564242],[-122.75512699763104,38.31713498102854],[-122.73876400303773,38.31844926736084]]]},"properties":{"h3_index":"872830360ffffff","station_count":93,"polygon_count":93,"coverage_type":"area","wetland_summary":"Non-woody Slope, Depressional Vegetated, Woody Slope","level1_summary":"Non-Tidal","program_id":"russian_river","program":"Russian River","resolution":7,"stations":[]}},{"type":"Feature","geometry":{"type":"Polygon","coordinates":[[[-122.7640058878837,38.32756815564242],[-122.7565218880008,38.339316742382145],[-122.76540275398314,38.34974722916476],[-122.78176751317918,38.34842800348707],[-122.78924804402402,38.33667943904847],[-122.78036728560865,38.326250077881284],[-122.7640058878837,38.32756815564242]]]},"properties":{"h3_index":"872830361ffffff","station_count":87,"polygon_count":87,"coverage_type":"area","wetland_summary":"Woody Slope, Non-woody Slope, Depressional Vegetated","level1_summary":"Non-Tidal","program_id":"russian_river","program":"Russian River","resolution":7,"stations":[]}},{"type":"Feature","geometry":{"type":"Polygon","coordinates":[[[-122.71490858850245,38.33150951365383],[-122.70741626973538,38.343256597341565],[-122.71629536336107,38.353692023338745],[-122.7326666768399,38.352379240058575],[-122.74015553090953,38.34063217500839],[-122.7312765370977,38.330197874496],[-122.71490858850245,38.33150951365383]]]},"properties":{"h3_index":"872830362ffffff","station_count":202,"polygon_count":202,"coverage_type":"area","wetland_summary":"Vernal Pool, Woody Slope, Depressional Vegetated","level1_summary":"Non-Tidal","program_id":"russian_river","program":"Russian River","resolution":7,"stations":[]}},{"type":"Feature","geometry":{"type":"Polygon","coordinates":[[[-122.74015553090953,38.34063217500839],[-122.7326666768399,38.352379240058575],[-122.74154764664642,38.36281085204523],[-122.75791736759747,38.36149427367266],[-122.76540275398314,38.34974722916476],[-122.7565218880008,38.339316742382145],[-122.74015553090953,38.34063217500839]]]},"properties":{"h3_index":"872830363ffffff","station_count":317,"polygon_count":317,"coverage_type":"area","wetland_summary":"Vernal Pool, Depressional Vegetated, Non-woody Slope","level1_summary":"Non-Tidal","program_id":"russian_river","program":"Russian River","resolution":7,"stations":[]}},{"type":"Feature","geometry":{"type":"Polygon","coordinates":[[[-122.73737306266035,38.29626213458345],[-122.7298869843542,38.3080122807887],[-122.73876400303773,38.31844926736084],[-122.75512699763104,38.31713498102854],[-122.76260961150577,38.305384855070066],[-122.75373269611667,38.29494899509214],[-122.73737306266035,38.29626213458345]]]},"properties":{"h3_index":"872830364ffffff","station_count":92,"polygon_count":92,"coverage_type":"area","wetland_summary":"Depressional Vegetated, Non-woody Slope, Woody Slope","level1_summary":"Non-Tidal","program_id":"russian_river","program":"Russian River","resolution":7,"stations":[]}},{"type":"Feature","geometry":{"type":"Polygon","coordinates":[[[-122.76260961150577,38.305384855070066],[-122.75512699763104,38.31713498102854],[-122.7640058878837,38.32756815564242],[-122.78036728560865,38.326250077881284],[-122.78784643207266,38.31449997407592],[-122.77896764911969,38.30406792577345],[-122.76260961150577,38.305384855070066]]]},"properties":{"h3_index":"872830365ffffff","station_count":113,"polygon_count":113,"coverage_type":"area","wetland_summary":"Non-woody Slope, Depressional Vegetated, Woody Slope","level1_summary":"Non-Tidal","program_id":"russian_river","program":"Russian River","resolution":7,"stations":[]}},{"type":"Feature","geometry":{"type":"Polygon","coordinates":[[[-122.71352239927985,38.30932277527746],[-122.70603147026753,38.321071400902625],[-122.71490858850245,38.33150951365383],[-122.7312765370977,38.330197874496],[-122.73876400303773,38.31844926736084],[-122.7298869843542,38.3080122807887],[-122.71352239927985,38.30932277527746]]]},"properties":{"h3_index":"872830366ffffff","station_count":57,"polygon_count":57,"coverage_type":"area","wetland_summary":"Depressional Vegetated, Non-woody Slope, Depressional Open Water","level1_summary":"Non-Tidal","program_id":"russian_river","program":"Russian River","resolution":7,"stations":[]}},{"type":"Feature","geometry":{"type":"Polygon","coordinates":[[[-122.79065024792332,38.358854675054424],[-122.78316833220418,38.37060169711499],[-122.79205304414396,38.38102567662188],[-122.80841956085548,38.37970150932797],[-122.8158980029294,38.36795451161998],[-122.80701340283449,38.35753165674796],[-122.79065024792332,38.358854675054424]]]},"properties":{"h3_index":"872830368ffffff","station_count":184,"polygon_count":184,"coverage_type":"area","wetland_summary":"Woody Slope, Depressional Vegetated, Non-woody Slope","level1_summary":"Non-Tidal","program_id":"russian_river","program":"Russian River","resolution":7,"stations":[]}},{"type":"Feature","geometry":{"type":"Polygon","coordinates":[[[-122.8158980029294,38.36795451161998],[-122.80841956085548,38.37970150932797],[-122.8173061387431,38.39012167037653],[-122.83367104374614,38.38879370926504],[-122.84114600920024,38.377046737815114],[-122.83225954716777,38.36662770111308],[-122.8158980029294,38.36795451161998]]]},"properties":{"h3_index":"872830369ffffff","station_count":86,"polygon_count":86,"coverage_type":"area","wetland_summary":"Non-woody Slope, Woody Slope, Depressional Vegetated","level1_summary":"Non-Tidal","program_id":"russian_river","program":"Russian River","resolution":7,"stations":[]}},{"type":"Feature","geometry":{"type":"Polygon","coordinates":[[[-122.7668002101761,38.37192207016073],[-122.75931343679281,38.383667569427],[-122.7681982568349,38.394092673161005],[-122.78456974305678,38.392771153296415],[-122.79205304414396,38.38102567662188],[-122.78316833220418,38.37060169711499],[-122.7668002101761,38.37192207016073]]]},"properties":{"h3_index":"87283036affffff","station_count":751,"polygon_count":751,"coverage_type":"area","wetland_summary":"Vernal Pool, Non-woody Slope, Woody Slope","level1_summary":"Non-Tidal","program_id":"russian_river","program":"Russian River","resolution":7,"stations":[]}},{"type":"Feature","geometry":{"type":"Polygon","coordinates":[[[-122.79205304414396,38.38102567662188],[-122.78456974305678,38.392771153296415],[-122.79345643305962,38.403192438286034],[-122.80982631293237,38.4018671225547],[-122.8173061387431,38.39012167037653],[-122.80841956085548,38.37970150932797],[-122.79205304414396,38.38102567662188]]]},"properties":{"h3_index":"87283036bffffff","station_count":813,"polygon_count":813,"coverage_type":"area","wetland_summary":"Vernal Pool, Woody Slope, Non-woody Slope","level1_summary":"Non-Tidal","program_id":"russian_river","program":"Russian River","resolution":7,"stations":[]}},{"type":"Feature","geometry":{"type":"Polygon","coordinates":[[[-122.78924804402402,38.33667943904847],[-122.78176751317918,38.34842800348707],[-122.79065024792332,38.358854675054424],[-122.80701340283449,38.35753165674796],[-122.81449046166429,38.345783116516365],[-122.80560783849491,38.33535757027887],[-122.78924804402402,38.33667943904847]]]},"properties":{"h3_index":"87283036cffffff","station_count":191,"polygon_count":191,"coverage_type":"area","wetland_summary":"Woody Slope, Depressional Vegetated, Non-woody Slope","level1_summary":"Non-Tidal","program_id":"russian_river","program":"Russian River","resolution":7,"stations":[]}},{"type":"Feature","geometry":{"type":"Polygon","coordinates":[[[-122.81449046166429,38.345783116516365],[-122.80701340283449,38.35753165674796],[-122.8158980029294,38.36795451161998],[-122.83225954716777,38.36662770111308],[-122.83973313100952,38.35487918699466],[-122.83084864649712,38.344457457164424],[-122.81449046166429,38.345783116516365]]]},"properties":{"h3_index":"87283036dffffff","station_count":108,"polygon_count":108,"coverage_type":"area","wetland_summary":"Woody Slope, Non-woody Slope, Depressional Vegetated","level1_summary":"Non-Tidal","program_id":"russian_river","program":"Russian River","resolution":7,"stations":[]}},{"type":"Feature","geometry":{"type":"Polygon","coordinates":[[[-122.76540275398314,38.34974722916476],[-122.75791736759747,38.36149427367266],[-122.7668002101761,38.37192207016073],[-122.78316833220418,38.37060169711499],[-122.79065024792332,38.358854675054424],[-122.78176751317918,38.34842800348707],[-122.76540275398314,38.34974722916476]]]},"properties":{"h3_index":"87283036effffff","station_count":256,"polygon_count":256,"coverage_type":"area","wetland_summary":"Woody Slope, Vernal Pool, Non-woody Slope","level1_summary":"Non-Tidal","program_id":"russian_river","program":"Russian River","resolution":7,"stations":[]}},{"type":"Feature","geometry":{"type":"Polygon","coordinates":[[[-122.66579167674514,38.33543153846192],[-122.65829104405914,38.34717710905411],[-122.66716835014867,38.35761747291458],[-122.68354619777521,38.35631114073215],[-122.69104337012568,38.34456558511578],[-122.68216615608719,38.334126346601515],[-122.66579167674514,38.33543153846192]]]},"properties":{"h3_index":"872830370ffffff","station_count":111,"polygon_count":111,"coverage_type":"area","wetland_summary":"Vernal Pool, Non-woody Slope, Depressional Vegetated","level1_summary":"Non-Tidal","program_id":"russian_river","program":"Russian River","resolution":7,"stations":[]}},{"type":"Feature","geometry":{"type":"Polygon","coordinates":[[[-122.69104337012568,38.34456558511578],[-122.68354619777521,38.35631114073215],[-122.69242538746474,38.366747691799574],[-122.70880165434217,38.3654375620757],[-122.71629536336107,38.353692023338745],[-122.70741626973538,38.343256597341565],[-122.69104337012568,38.34456558511578]]]},"properties":{"h3_index":"872830371ffffff","station_count":20,"polygon_count":20,"coverage_type":"area","wetland_summary":"Depressional Vegetated, Depressional Open Water, Non-woody Slope","level1_summary":"Non-Tidal","program_id":"russian_river","program":"Russian River","resolution":7,"stations":[]}},{"type":"Feature","geometry":{"type":"Polygon","coordinates":[[[-122.64191162208758,38.34847964329067],[-122.6344061364448,38.36022367943032],[-122.64328353082801,38.370665168219325],[-122.65966632346371,38.36936149583583],[-122.66716835014867,38.35761747291458],[-122.65829104405914,38.34717710905411],[-122.64191162208758,38.34847964329067]]]},"properties":{"h3_index":"872830372ffffff","station_count":41,"polygon_count":41,"coverage_type":"area","wetland_summary":"Depressional Vegetated, Woody Slope, Non-woody Slope","level1_summary":"Non-Tidal","program_id":"russian_river","program":"Russian River","resolution":7,"stations":[]}},{"type":"Feature","geometry":{"type":"Polygon","coordinates":[[[-122.66716835014867,38.35761747291458],[-122.65966632346371,38.36936149583583],[-122.66854560546227,38.37979917155805],[-122.68492682273931,38.378491699599714],[-122.69242538746474,38.366747691799574],[-122.68354619777521,38.35631114073215],[-122.66716835014867,38.35761747291458]]]},"properties":{"h3_index":"872830373ffffff","station_count":60,"polygon_count":60,"coverage_type":"area","wetland_summary":"Vernal Pool, Non-woody Slope, Woody Slope","level1_summary":"Non-Tidal","program_id":"russian_river","program":"Russian River","resolution":7,"stations":[]}},{"type":"Feature","geometry":{"type":"Polygon","coordinates":[[[-122.66441558488455,38.313241373679986],[-122.65691634569792,38.32498848892951],[-122.66579167674514,38.33543153846192],[-122.68216615608719,38.334126346601515],[-122.68966193656125,38.322379246180745],[-122.68078669730735,38.311937322687164],[-122.66441558488455,38.313241373679986]]]},"properties":{"h3_index":"872830374ffffff","station_count":30,"polygon_count":30,"coverage_type":"area","wetland_summary":"Depressional Vegetated, Vernal Pool, Non-woody Slope","level1_summary":"Non-Tidal","program_id":"russian_river","program":"Russian River","resolution":7,"stations":[]}},{"type":"Feature","geometry":{"type":"Polygon","coordinates":[[[-122.68966193656125,38.322379246180745],[-122.68216615608719,38.334126346601515],[-122.69104337012568,38.34456558511578],[-122.70741626973538,38.343256597341565],[-122.71490858850245,38.33150951365383],[-122.70603147026753,38.321071400902625],[-122.68966193656125,38.322379246180745]]]},"properties":{"h3_index":"872830375ffffff","station_count":7,"polygon_count":7,"coverage_type":"area","wetland_summary":"Depressional Vegetated, Vernal Pool, Depressional Open Water","level1_summary":"Non-Tidal","program_id":"russian_river","program":"Russian River","resolution":7,"stations":[]}},{"type":"Feature","geometry":{"type":"Polygon","coordinates":[[[-122.64054029302359,38.32628988447394],[-122.6330362030021,38.3380354681386],[-122.64191162208758,38.34847964329067],[-122.65829104405914,38.34717710905411],[-122.66579167674514,38.33543153846192],[-122.65691634569792,38.32498848892951],[-122.64054029302359,38.32628988447394]]]},"properties":{"h3_index":"872830376ffffff","station_count":63,"polygon_count":63,"coverage_type":"area","wetland_summary":"Woody Slope, Non-woody Slope, Depressional Vegetated","level1_summary":"Non-Tidal","program_id":"russian_river","program":"Russian River","resolution":7,"stations":[]}},{"type":"Feature","geometry":{"type":"Polygon","coordinates":[[[-122.41858960163181,38.33254363044316],[-122.41104888758385,38.34428304327006],[-122.41991505480328,38.35475075564097],[-122.43632188412425,38.35347792986412],[-122.44385916157741,38.3417385135885],[-122.43499304721657,38.33127192643575],[-122.41858960163181,38.33254363044316]]]},"properties":{"h3_index":"8728303a5ffffff","station_count":10,"polygon_count":10,"coverage_type":"area","wetland_summary":"Depressional Vegetated, Depressional Open Water, Woody Slope","level1_summary":"Non-Tidal","program_id":"russian_river","program":"Russian River","resolution":7,"stations":[]}},{"type":"Feature","geometry":{"type":"Polygon","coordinates":[[[-122.44652134444509,38.38614092103664],[-122.4389812453209,38.39787721746005],[-122.44785328104776,38.40833575867771],[-122.46426535945766,38.407056879770195],[-122.47180201571769,38.39532058208276],[-122.46293003734442,38.38486316446391],[-122.44652134444509,38.38614092103664]]]},"properties":{"h3_index":"8728303a8ffffff","station_count":2,"polygon_count":2,"coverage_type":"area","wetland_summary":"Depressional Vegetated","level1_summary":"Non-Tidal","program_id":"russian_river","program":"Russian River","resolution":7,"stations":[]}},{"type":"Feature","geometry":{"type":"Polygon","coordinates":[[[-122.47180201571769,38.39532058208276],[-122.46426535945766,38.407056879770195],[-122.47313931311734,38.41751161115321],[-122.48954986256777,38.41622892140144],[-122.49708307292221,38.404492624347164],[-122.48820918064352,38.39403901630835],[-122.47180201571769,38.39532058208276]]]},"properties":{"h3_index":"8728303a9ffffff","station_count":13,"polygon_count":13,"coverage_type":"area","wetland_summary":"Seep/Spring, Depressional Vegetated, Woody Slope","level1_summary":"Non-Tidal","program_id":"russian_river","program":"Russian River","resolution":7,"stations":[]}},{"type":"Feature","geometry":{"type":"Polygon","coordinates":[[[-122.44518997140702,38.36394183751216],[-122.43765128337382,38.37567969536827],[-122.44652134444509,38.38614092103664],[-122.46293003734442,38.38486316446391],[-122.47046528412776,38.37312530520145],[-122.46159528017355,38.36266520381513],[-122.44518997140702,38.36394183751216]]]},"properties":{"h3_index":"8728303acffffff","station_count":11,"polygon_count":11,"coverage_type":"area","wetland_summary":"Non-woody Slope, Depressional Vegetated, Depressional Open Water","level1_summary":"Non-Tidal","program_id":"russian_river","program":"Russian River","resolution":7,"stations":[]}},{"type":"Feature","geometry":{"type":"Polygon","coordinates":[[[-122.47046528412776,38.37312530520145],[-122.46293003734442,38.38486316446391],[-122.47180201571769,38.39532058208276],[-122.48820918064352,38.39403901630835],[-122.49574098313728,38.382301157537356],[-122.48686906590592,38.3718448639462],[-122.47046528412776,38.37312530520145]]]},"properties":{"h3_index":"8728303adffffff","station_count":7,"polygon_count":7,"coverage_type":"area","wetland_summary":"Non-woody Slope, Depressional Vegetated, Depressional Open Water","level1_summary":"Non-Tidal","program_id":"russian_river","program":"Russian River","resolution":7,"stations":[]}},{"type":"Feature","geometry":{"type":"Polygon","coordinates":[[[-122.53145032935248,38.15632864387827],[-122.52394084203011,38.168083478825146],[-122.53279686027979,38.17855890721006],[-122.5491622962326,38.17727836969031],[-122.5566683479286,38.165523539276364],[-122.54781240020107,38.155049241745765],[-122.53145032935248,38.15632864387827]]]},"properties":{"h3_index":"872830a80ffffff","station_count":1,"polygon_count":1,"coverage_type":"area","wetland_summary":"Depressional Open Water","level1_summary":"Non-Tidal","program_id":"russian_river","program":"Russian River","resolution":7,"stations":[]}},{"type":"Feature","geometry":{"type":"Polygon","coordinates":[[[-122.50757386972128,38.16936022632336],[-122.50005954910807,38.18111353530667],[-122.50891563412372,38.19159009410821],[-122.52528597389083,38.19031221340652],[-122.53279686027979,38.17855890721006],[-122.52394084203011,38.168083478825146],[-122.50757386972128,38.16936022632336]]]},"properties":{"h3_index":"872830a82ffffff","station_count":54,"polygon_count":54,"coverage_type":"area","wetland_summary":"Depressional Vegetated, Depressional Open Water, Non-woody Slope","level1_summary":"Non-Tidal","program_id":"russian_river","program":"Russian River","resolution":7,"stations":[]}},{"type":"Feature","geometry":{"type":"Polygon","coordinates":[[[-122.53279686027979,38.17855890721006],[-122.52528597389083,38.19031221340652],[-122.53414395978648,38.200784977494486],[-122.55051276220884,38.19950330512555],[-122.55802021136253,38.1877500036213],[-122.5491622962326,38.17727836969031],[-122.53279686027979,38.17855890721006]]]},"properties":{"h3_index":"872830a83ffffff","station_count":18,"polygon_count":18,"coverage_type":"area","wetland_summary":"Depressional Vegetated, Depressional Open Water","level1_summary":"Non-Tidal","program_id":"russian_river","program":"Russian River","resolution":7,"stations":[]}},{"type":"Feature","geometry":{"type":"Polygon","coordinates":[[[-122.50623267166999,38.14712616745691],[-122.4987197517306,38.15888100503076],[-122.50757386972128,38.16936022632336],[-122.52394084203011,38.168083478825146],[-122.53145032935248,38.15632864387827],[-122.52259627788673,38.145850553699354],[-122.50623267166999,38.14712616745691]]]},"properties":{"h3_index":"872830a86ffffff","station_count":11,"polygon_count":11,"coverage_type":"area","wetland_summary":"Depressional Vegetated, Depressional Open Water","level1_summary":"Non-Tidal","program_id":"russian_river","program":"Russian River","resolution":7,"stations":[]}},{"type":"Feature","geometry":{"type":"Polygon","coordinates":[[[-122.5832439132003,38.19693351437855],[-122.57573990428901,38.208686809285034],[-122.58460168179938,38.21915197932144],[-122.60096739035745,38.217862724717335],[-122.6084679560231,38.20610943831447],[-122.59960625727817,38.19564539790826],[-122.5832439132003,38.19693351437855]]]},"properties":{"h3_index":"872830a88ffffff","station_count":15,"polygon_count":15,"coverage_type":"area","wetland_summary":"Depressional Vegetated, Non-woody Slope, Depressional Open Water","level1_summary":"Non-Tidal","program_id":"russian_river","program":"Russian River","resolution":7,"stations":[]}},{"type":"Feature","geometry":{"type":"Polygon","coordinates":[[[-122.6084679560231,38.20610943831447],[-122.60096739035745,38.217862724717335],[-122.60983105859785,38.22832409542663],[-122.62619521063954,38.22703105026603],[-122.63369233006013,38.21527777427291],[-122.62482874458512,38.204817532926626],[-122.6084679560231,38.20610943831447]]]},"properties":{"h3_index":"872830a89ffffff","station_count":10,"polygon_count":10,"coverage_type":"area","wetland_summary":"Depressional Vegetated, Non-woody Slope, Depressional Open Water","level1_summary":"Non-Tidal","program_id":"russian_river","program":"Russian River","resolution":7,"stations":[]}},{"type":"Feature","geometry":{"type":"Polygon","coordinates":[[[-122.55937264560349,38.2099722729567],[-122.55186379848935,38.22172404251415],[-122.56072565101161,38.23219034174907],[-122.57709627653931,38.23090374212433],[-122.58460168179938,38.21915197932144],[-122.57573990428901,38.208686809285034],[-122.55937264560349,38.2099722729567]]]},"properties":{"h3_index":"872830a8affffff","station_count":51,"polygon_count":51,"coverage_type":"area","wetland_summary":"Depressional Vegetated, Depressional Open Water, Woody Slope","level1_summary":"Non-Tidal","program_id":"russian_river","program":"Russian River","resolution":7,"stations":[]}},{"type":"Feature","geometry":{"type":"Polygon","coordinates":[[[-122.58460168179938,38.21915197932144],[-122.57709627653931,38.23090374212433],[-122.58596002379402,38.2413662417672],[-122.60232909819683,38.240075849569756],[-122.60983105859785,38.22832409542663],[-122.60096739035745,38.217862724717335],[-122.58460168179938,38.21915197932144]]]},"properties":{"h3_index":"872830a8bffffff","station_count":34,"polygon_count":34,"coverage_type":"area","wetland_summary":"Depressional Vegetated, Depressional Open Water, Non-woody Slope","level1_summary":"Non-Tidal","program_id":"russian_river","program":"Russian River","resolution":7,"stations":[]}},{"type":"Feature","geometry":{"type":"Polygon","coordinates":[[[-122.58188671763536,38.17471085246753],[-122.57438410457115,38.18646567644228],[-122.5832439132003,38.19693351437855],[-122.59960625727817,38.19564539790826],[-122.60710542870899,38.18389058227921],[-122.59824569859664,38.1734238746709],[-122.58188671763536,38.17471085246753]]]},"properties":{"h3_index":"872830a8cffffff","station_count":50,"polygon_count":50,"coverage_type":"area","wetland_summary":"Depressional Vegetated, Channel Vegetated, Non-woody Slope","level1_summary":"Non-Tidal","program_id":"russian_river","program":"Russian River","resolution":7,"stations":[]}},{"type":"Feature","geometry":{"type":"Polygon","coordinates":[[[-122.60710542870899,38.18389058227921],[-122.59960625727817,38.19564539790826],[-122.6084679560231,38.20610943831447],[-122.62482874458512,38.204817532926626],[-122.63232447138488,38.19306272755005],[-122.62346285515419,38.18259981720486],[-122.60710542870899,38.18389058227921]]]},"properties":{"h3_index":"872830a8dffffff","station_count":20,"polygon_count":20,"coverage_type":"area","wetland_summary":"Depressional Vegetated, Depressional Open Water, Channel","level1_summary":"Non-Tidal","program_id":"russian_river","program":"Russian River","resolution":7,"stations":[]}},{"type":"Feature","geometry":{"type":"Polygon","coordinates":[[[-122.4584601023584,38.173177568312504],[-122.45093751795484,38.18492934584171],[-122.45979175771487,38.19541082804088],[-122.47616852378177,38.19413940237503],[-122.48368767838978,38.18238762398232],[-122.47483349763276,38.171907272016014],[-122.4584601023584,38.173177568312504]]]},"properties":{"h3_index":"872830a90ffffff","station_count":90,"polygon_count":90,"coverage_type":"area","wetland_summary":"Channel Vegetated, Depressional Vegetated, Non-woody Slope","level1_summary":"Non-Tidal","program_id":"russian_river","program":"Russian River","resolution":7,"stations":[]}},{"type":"Feature","geometry":{"type":"Polygon","coordinates":[[[-122.48368767838978,38.18238762398232],[-122.47616852378177,38.19413940237503],[-122.48502467180252,38.20461709115462],[-122.5013999123317,38.20334187146031],[-122.50891563412372,38.19159009410821],[-122.50005954910807,38.18111353530667],[-122.48368767838978,38.18238762398232]]]},"properties":{"h3_index":"872830a91ffffff","station_count":57,"polygon_count":57,"coverage_type":"area","wetland_summary":"Non-woody Slope, Seep/Spring, Depressional Vegetated","level1_summary":"Non-Tidal","program_id":"russian_river","program":"Russian River","resolution":7,"stations":[]}},{"type":"Feature","geometry":{"type":"Polygon","coordinates":[[[-122.43455923275079,38.186196977129455],[-122.42703181507392,38.19794721769573],[-122.435886110069,38.20842982968602],[-122.45226776841356,38.20716107121615],[-122.45979175771487,38.19541082804088],[-122.45093751795484,38.18492934584171],[-122.43455923275079,38.186196977129455]]]},"properties":{"h3_index":"872830a92ffffff","station_count":15,"polygon_count":15,"coverage_type":"area","wetland_summary":"Depressional Vegetated, Non-woody Slope, Seep/Spring","level1_summary":"Non-Tidal","program_id":"russian_river","program":"Russian River","resolution":7,"stations":[]}},{"type":"Feature","geometry":{"type":"Polygon","coordinates":[[[-122.45979175771487,38.19541082804088],[-122.45226776841356,38.20716107121615],[-122.46112397567386,38.217639889534375],[-122.47750411390278,38.216367335035734],[-122.48502467180252,38.20461709115462],[-122.47616852378177,38.19413940237503],[-122.45979175771487,38.19541082804088]]]},"properties":{"h3_index":"872830a93ffffff","station_count":56,"polygon_count":56,"coverage_type":"area","wetland_summary":"Seep/Spring, Depressional Vegetated, Non-woody Slope","level1_summary":"Non-Tidal","program_id":"russian_river","program":"Russian River","resolution":7,"stations":[]}},{"type":"Feature","geometry":{"type":"Polygon","coordinates":[[[-122.45712900924947,38.15094011589348],[-122.44960782923627,38.16269342473565],[-122.4584601023584,38.173177568312504],[-122.47483349763276,38.171907272016014],[-122.48235124945533,38.160153962150886],[-122.47349903510002,38.14967094950229],[-122.45712900924947,38.15094011589348]]]},"properties":{"h3_index":"872830a94ffffff","station_count":65,"polygon_count":65,"coverage_type":"area","wetland_summary":"Depressional Vegetated, Non-woody Slope, Channel","level1_summary":"Non-Tidal","program_id":"russian_river","program":"Russian River","resolution":7,"stations":[]}},{"type":"Feature","geometry":{"type":"Polygon","coordinates":[[[-122.48235124945533,38.160153962150886],[-122.47483349763276,38.171907272016014],[-122.48368767838978,38.18238762398232],[-122.50005954910807,38.18111353530667],[-122.50757386972128,38.16936022632336],[-122.4987197517306,38.15888100503076],[-122.48235124945533,38.160153962150886]]]},"properties":{"h3_index":"872830a95ffffff","station_count":44,"polygon_count":44,"coverage_type":"area","wetland_summary":"Non-woody Slope, Depressional Vegetated, Seep/Spring","level1_summary":"Non-Tidal","program_id":"russian_river","program":"Russian River","resolution":7,"stations":[]}},{"type":"Feature","geometry":{"type":"Polygon","coordinates":[[[-122.43323291580238,38.163959928305644],[-122.42570690462757,38.17571170306751],[-122.43455923275079,38.186196977129455],[-122.45093751795484,38.18492934584171],[-122.4584601023584,38.173177568312504],[-122.44960782923627,38.16269342473565],[-122.43323291580238,38.163959928305644]]]},"properties":{"h3_index":"872830a96ffffff","station_count":61,"polygon_count":61,"coverage_type":"area","wetland_summary":"Non-woody Slope, Woody Slope, Depressional Vegetated","level1_summary":"Non-Tidal","program_id":"russian_river","program":"Russian River","resolution":7,"stations":[]}},{"type":"Feature","geometry":{"type":"Polygon","coordinates":[[[-122.51025796523462,38.21381576526904],[-122.5027408417586,38.22556600795255],[-122.51160086341167,38.23603723427062],[-122.5279779421972,38.23475708877581],[-122.53549162823124,38.22300684919363],[-122.52663167382704,38.21253675190161],[-122.51025796523462,38.21381576526904]]]},"properties":{"h3_index":"872830a98ffffff","station_count":74,"polygon_count":74,"coverage_type":"area","wetland_summary":"Non-woody Slope, Depressional Vegetated, Depressional Open Water","level1_summary":"Non-Tidal","program_id":"russian_river","program":"Russian River","resolution":7,"stations":[]}},{"type":"Feature","geometry":{"type":"Polygon","coordinates":[[[-122.53549162823124,38.22300684919363],[-122.5279779421972,38.23475708877581],[-122.53683986597312,38.24522451677667],[-122.55321540543393,38.24394057632592],[-122.56072565101161,38.23219034174907],[-122.55186379848935,38.22172404251415],[-122.53549162823124,38.22300684919363]]]},"properties":{"h3_index":"872830a99ffffff","station_count":59,"polygon_count":59,"coverage_type":"area","wetland_summary":"Depressional Vegetated, Non-woody Slope, Depressional Open Water","level1_summary":"Non-Tidal","program_id":"russian_river","program":"Russian River","resolution":7,"stations":[]}},{"type":"Feature","geometry":{"type":"Polygon","coordinates":[[[-122.48636223004983,38.226842358128074],[-122.47884026835173,38.2385910644617],[-122.48770035348828,38.2490634193701],[-122.50408233774607,38.247785939251386],[-122.51160086341167,38.23603723427062],[-122.5027408417586,38.22556600795255],[-122.48636223004983,38.226842358128074]]]},"properties":{"h3_index":"872830a9affffff","station_count":30,"polygon_count":30,"coverage_type":"area","wetland_summary":"Depressional Vegetated, Non-woody Slope, Depressional Open Water","level1_summary":"Non-Tidal","program_id":"russian_river","program":"Russian River","resolution":7,"stations":[]}},{"type":"Feature","geometry":{"type":"Polygon","coordinates":[[[-122.51160086341167,38.23603723427062],[-122.50408233774607,38.247785939251386],[-122.51294432901274,38.25825449558481],[-122.52932477936005,38.25697321850156],[-122.53683986597312,38.24522451677667],[-122.5279779421972,38.23475708877581],[-122.51160086341167,38.23603723427062]]]},"properties":{"h3_index":"872830a9bffffff","station_count":66,"polygon_count":66,"coverage_type":"area","wetland_summary":"Depressional Vegetated, Non-woody Slope, Depressional Open Water","level1_summary":"Non-Tidal","program_id":"russian_river","program":"Russian River","resolution":7,"stations":[]}},{"type":"Feature","geometry":{"type":"Polygon","coordinates":[[[-122.50891563412372,38.19159009410821],[-122.5013999123317,38.20334187146031],[-122.51025796523462,38.21381576526904],[-122.52663167382704,38.21253675190161],[-122.53414395978648,38.200784977494486],[-122.52528597389083,38.19031221340652],[-122.50891563412372,38.19159009410821]]]},"properties":{"h3_index":"872830a9cffffff","station_count":74,"polygon_count":74,"coverage_type":"area","wetland_summary":"Non-woody Slope, Depressional Vegetated, Depressional Open Water","level1_summary":"Non-Tidal","program_id":"russian_river","program":"Russian River","resolution":7,"stations":[]}},{"type":"Feature","geometry":{"type":"Polygon","coordinates":[[[-122.53414395978648,38.200784977494486],[-122.52663167382704,38.21253675190161],[-122.53549162823124,38.22300684919363],[-122.55186379848935,38.22172404251415],[-122.55937264560349,38.2099722729567],[-122.55051276220884,38.19950330512555],[-122.53414395978648,38.200784977494486]]]},"properties":{"h3_index":"872830a9dffffff","station_count":33,"polygon_count":33,"coverage_type":"area","wetland_summary":"Depressional Vegetated, Depressional Open Water, Non-woody Slope","level1_summary":"Non-Tidal","program_id":"russian_river","program":"Russian River","resolution":7,"stations":[]}},{"type":"Feature","geometry":{"type":"Polygon","coordinates":[[[-122.48502467180252,38.20461709115462],[-122.47750411390278,38.216367335035734],[-122.48636223004983,38.226842358128074],[-122.5027408417586,38.22556600795255],[-122.51025796523462,38.21381576526904],[-122.5013999123317,38.20334187146031],[-122.48502467180252,38.20461709115462]]]},"properties":{"h3_index":"872830a9effffff","station_count":74,"polygon_count":74,"coverage_type":"area","wetland_summary":"Seep/Spring, Depressional Vegetated, Non-woody Slope","level1_summary":"Non-Tidal","program_id":"russian_river","program":"Russian River","resolution":7,"stations":[]}},{"type":"Feature","geometry":{"type":"Polygon","coordinates":[[[-122.60574347629294,38.161667532852476],[-122.59824569859664,38.1734238746709],[-122.60710542870899,38.18389058227921],[-122.62346285515419,38.18259981720486],[-122.63095718983227,38.17084348547984],[-122.62209754198334,38.160377908631794],[-122.60574347629294,38.161667532852476]]]},"properties":{"h3_index":"872830aabffffff","station_count":86,"polygon_count":86,"coverage_type":"area","wetland_summary":"Channel Vegetated, Channel, Channel Vegetated Woody","level1_summary":"Non-Tidal","program_id":"russian_river","program":"Russian River","resolution":7,"stations":[]}},{"type":"Feature","geometry":{"type":"Polygon","coordinates":[[[-122.45579847803361,38.12869847633508],[-122.4482787019035,38.14045331344601],[-122.45712900924947,38.15094011589348],[-122.47349903510002,38.14967094950229],[-122.48101538464329,38.137916111207176],[-122.47216513582816,38.127430440384536],[-122.45579847803361,38.12869847633508]]]},"properties":{"h3_index":"872830ab2ffffff","station_count":7,"polygon_count":7,"coverage_type":"area","wetland_summary":"Depressional Vegetated, Seep/Spring","level1_summary":"Non-Tidal","program_id":"russian_river","program":"Russian River","resolution":7,"stations":[]}},{"type":"Feature","geometry":{"type":"Polygon","coordinates":[[[-122.48101538464329,38.137916111207176],[-122.47349903510002,38.14967094950229],[-122.48235124945533,38.160153962150886],[-122.4987197517306,38.15888100503076],[-122.50623267166999,38.14712616745691],[-122.49738051984251,38.136644286178836],[-122.48101538464329,38.137916111207176]]]},"properties":{"h3_index":"872830ab3ffffff","station_count":26,"polygon_count":26,"coverage_type":"area","wetland_summary":"Depressional Vegetated, Non-woody Slope, Depressional Open Water","level1_summary":"Non-Tidal","program_id":"russian_river","program":"Russian River","resolution":7,"stations":[]}},{"type":"Feature","geometry":{"type":"Polygon","coordinates":[[[-122.70798349136892,38.220533644671086],[-122.70049811640963,38.23228840784701],[-122.70936734173704,38.24273724288864],[-122.72572184441655,38.24143018568164],[-122.73320376279298,38.22967544038783],[-122.72433463597007,38.21922773431419],[-122.70798349136892,38.220533644671086]]]},"properties":{"h3_index":"872830ac0ffffff","station_count":130,"polygon_count":130,"coverage_type":"area","wetland_summary":"Non-woody Slope, Depressional Vegetated, Seep/Spring","level1_summary":"Non-Tidal","program_id":"russian_river","program":"Russian River","resolution":7,"stations":[]}},{"type":"Feature","geometry":{"type":"Polygon","coordinates":[[[-122.73320376279298,38.22967544038783],[-122.72572184441655,38.24143018568164],[-122.73459294290787,38.251875215598254],[-122.75094585816989,38.25056437142774],[-122.75842431698526,38.23880964592411],[-122.74955332099611,38.22836574469592],[-122.73320376279298,38.22967544038783]]]},"properties":{"h3_index":"872830ac1ffffff","station_count":145,"polygon_count":145,"coverage_type":"area","wetland_summary":"Non-woody Slope, Depressional Vegetated, Seep/Spring","level1_summary":"Non-Tidal","program_id":"russian_river","program":"Russian River","resolution":7,"stations":[]}},{"type":"Feature","geometry":{"type":"Polygon","coordinates":[[[-122.68414203268979,38.233591677688295],[-122.67665181474182,38.24534492714254],[-122.68552113483486,38.25579489073044],[-122.70188057900889,38.254490476213256],[-122.70936734173704,38.24273724288864],[-122.70049811640963,38.23228840784701],[-122.68414203268979,38.233591677688295]]]},"properties":{"h3_index":"872830ac2ffffff","station_count":46,"polygon_count":46,"coverage_type":"area","wetland_summary":"Depressional Vegetated, Non-woody Slope, Woody Slope","level1_summary":"Non-Tidal","program_id":"russian_river","program":"Russian River","resolution":7,"stations":[]}},{"type":"Feature","geometry":{"type":"Polygon","coordinates":[[[-122.70936734173704,38.24273724288864],[-122.70188057900889,38.254490476213256],[-122.71075177626597,38.26493663439885],[-122.72710963838324,38.26362843088611],[-122.73459294290787,38.251875215598254],[-122.72572184441655,38.24143018568164],[-122.70936734173704,38.24273724288864]]]},"properties":{"h3_index":"872830ac3ffffff","station_count":33,"polygon_count":33,"coverage_type":"area","wetland_summary":"Depressional Vegetated, Depressional Open Water, Non-woody Slope","level1_summary":"Non-Tidal","program_id":"russian_river","program":"Russian River","resolution":7,"stations":[]}},{"type":"Feature","geometry":{"type":"Polygon","coordinates":[[[-122.70660022479356,38.198325845260015],[-122.69911623710729,38.210082135257565],[-122.70798349136892,38.220533644671086],[-122.72433463597007,38.21922773431419],[-122.73181516869303,38.207471462042356],[-122.72294801267495,38.197021082297],[-122.70660022479356,38.198325845260015]]]},"properties":{"h3_index":"872830ac4ffffff","station_count":89,"polygon_count":89,"coverage_type":"area","wetland_summary":"Non-woody Slope, Depressional Vegetated, Depressional Open Water","level1_summary":"Non-Tidal","program_id":"russian_river","program":"Russian River","resolution":7,"stations":[]}},{"type":"Feature","geometry":{"type":"Polygon","coordinates":[[[-122.73181516869303,38.207471462042356],[-122.72433463597007,38.21922773431419],[-122.73320376279298,38.22967544038783],[-122.74955332099611,38.22836574469592],[-122.75703039577925,38.21660949205848],[-122.74816137119504,38.206162915373675],[-122.73181516869303,38.207471462042356]]]},"properties":{"h3_index":"872830ac5ffffff","station_count":81,"polygon_count":81,"coverage_type":"area","wetland_summary":"Seep/Spring, Non-woody Slope, Depressional Vegetated","level1_summary":"Non-Tidal","program_id":"russian_river","program":"Russian River","resolution":7,"stations":[]}},{"type":"Feature","geometry":{"type":"Polygon","coordinates":[[[-122.68276351248132,38.21138425987948],[-122.67527468392123,38.22313903902975],[-122.68414203268979,38.233591677688295],[-122.70049811640963,38.23228840784701],[-122.70798349136892,38.220533644671086],[-122.69911623710729,38.210082135257565],[-122.68276351248132,38.21138425987948]]]},"properties":{"h3_index":"872830ac6ffffff","station_count":58,"polygon_count":58,"coverage_type":"area","wetland_summary":"Non-woody Slope, Depressional Vegetated, Seep/Spring","level1_summary":"Non-Tidal","program_id":"russian_river","program":"Russian River","resolution":7,"stations":[]}},{"type":"Feature","geometry":{"type":"Polygon","coordinates":[[[-122.75981882642776,38.261005594716686],[-122.75233898308656,38.27275879006038],[-122.76121392447756,38.28319733293127],[-122.77756860333982,38.28188155264651],[-122.7850449825217,38.270128379154585],[-122.77617014789683,38.25969096399055],[-122.75981882642776,38.261005594716686]]]},"properties":{"h3_index":"872830ac8ffffff","station_count":64,"polygon_count":64,"coverage_type":"area","wetland_summary":"Depressional Vegetated, Non-woody Slope, Depressional Open Water","level1_summary":"Non-Tidal","program_id":"russian_river","program":"Russian River","resolution":7,"stations":[]}},{"type":"Feature","geometry":{"type":"Polygon","coordinates":[[[-122.7850449825217,38.270128379154585],[-122.77756860333982,38.28188155264651],[-122.78644541169615,38.292316285615904],[-122.8027984893634,38.290996717566046],[-122.81027140141396,38.279243567833774],[-122.80139470382399,38.26880996228642],[-122.7850449825217,38.270128379154585]]]},"properties":{"h3_index":"872830ac9ffffff","station_count":92,"polygon_count":92,"coverage_type":"area","wetland_summary":"Non-woody Slope, Depressional Vegetated, Woody Slope","level1_summary":"Non-Tidal","program_id":"russian_river","program":"Russian River","resolution":7,"stations":[]}},{"type":"Feature","geometry":{"type":"Polygon","coordinates":[[[-122.73598270940707,38.27407078216421],[-122.72849801823929,38.28582246442146],[-122.73737306266035,38.29626213458345],[-122.75373269611667,38.29494899509214],[-122.76121392447756,38.28319733293127],[-122.75233898308656,38.27275879006038],[-122.73598270940707,38.27407078216421]]]},"properties":{"h3_index":"872830acaffffff","station_count":50,"polygon_count":50,"coverage_type":"area","wetland_summary":"Depressional Vegetated, Non-woody Slope, Depressional Open Water","level1_summary":"Non-Tidal","program_id":"russian_river","program":"Russian River","resolution":7,"stations":[]}},{"type":"Feature","geometry":{"type":"Polygon","coordinates":[[[-122.76121392447756,38.28319733293127],[-122.75373269611667,38.29494899509214],[-122.76260961150577,38.305384855070066],[-122.77896764911969,38.30406792577345],[-122.78644541169615,38.292316285615904],[-122.77756860333982,38.28188155264651],[-122.76121392447756,38.28319733293127]]]},"properties":{"h3_index":"872830acbffffff","station_count":63,"polygon_count":63,"coverage_type":"area","wetland_summary":"Depressional Vegetated, Depressional Open Water, Non-woody Slope","level1_summary":"Non-Tidal","program_id":"russian_river","program":"Russian River","resolution":7,"stations":[]}},{"type":"Feature","geometry":{"type":"Polygon","coordinates":[[[-122.75842431698526,38.23880964592411],[-122.75094585816989,38.25056437142774],[-122.75981882642776,38.261005594716686],[-122.77617014789683,38.25969096399055],[-122.78364514417689,38.247936260185355],[-122.77477228241884,38.23749616530277],[-122.75842431698526,38.23880964592411]]]},"properties":{"h3_index":"872830accffffff","station_count":115,"polygon_count":115,"coverage_type":"area","wetland_summary":"Depressional Vegetated, Non-woody Slope, Woody Slope","level1_summary":"Non-Tidal","program_id":"russian_river","program":"Russian River","resolution":7,"stations":[]}},{"type":"Feature","geometry":{"type":"Polygon","coordinates":[[[-122.78364514417689,38.247936260185355],[-122.77617014789683,38.25969096399055],[-122.7850449825217,38.270128379154585],[-122.80139470382399,38.26880996228642],[-122.80886623459838,38.257055282088196],[-122.79999151047102,38.246618995045914],[-122.78364514417689,38.247936260185355]]]},"properties":{"h3_index":"872830acdffffff","station_count":99,"polygon_count":99,"coverage_type":"area","wetland_summary":"Non-woody Slope, Depressional Vegetated, Woody Slope","level1_summary":"Non-Tidal","program_id":"russian_river","program":"Russian River","resolution":7,"stations":[]}},{"type":"Feature","geometry":{"type":"Polygon","coordinates":[[[-122.73459294290787,38.251875215598254],[-122.72710963838324,38.26362843088611],[-122.73598270940707,38.27407078216421],[-122.75233898308656,38.27275879006038],[-122.75981882642776,38.261005594716686],[-122.75094585816989,38.25056437142774],[-122.73459294290787,38.251875215598254]]]},"properties":{"h3_index":"872830aceffffff","station_count":43,"polygon_count":43,"coverage_type":"area","wetland_summary":"Depressional Vegetated, Depressional Open Water, Non-woody Slope","level1_summary":"Non-Tidal","program_id":"russian_river","program":"Russian River","resolution":7,"stations":[]}},{"type":"Feature","geometry":{"type":"Polygon","coordinates":[[[-122.63506076622193,38.23748862012121],[-122.62756225368102,38.24924036369911],[-122.63642978023447,38.25969525957487],[-122.65279573321018,38.258397283372325],[-122.66029079489375,38.24664555226538],[-122.65142335535973,38.2361917847858],[-122.63506076622193,38.23748862012121]]]},"properties":{"h3_index":"872830ad0ffffff","station_count":118,"polygon_count":118,"coverage_type":"area","wetland_summary":"Depressional Vegetated, Channel Vegetated Woody, Woody Slope","level1_summary":"Non-Tidal","program_id":"russian_river","program":"Russian River","resolution":7,"stations":[]}},{"type":"Feature","geometry":{"type":"Polygon","coordinates":[[[-122.66029079489375,38.24664555226538],[-122.65279573321018,38.258397283372325],[-122.66166514432523,38.26884837508394],[-122.67802952700183,38.26754660746047],[-122.68552113483486,38.25579489073044],[-122.67665181474182,38.24534492714254],[-122.66029079489375,38.24664555226538]]]},"properties":{"h3_index":"872830ad1ffffff","station_count":134,"polygon_count":134,"coverage_type":"area","wetland_summary":"Depressional Vegetated, Channel Vegetated Woody, Non-woody Slope","level1_summary":"Non-Tidal","program_id":"russian_river","program":"Russian River","resolution":7,"stations":[]}},{"type":"Feature","geometry":{"type":"Polygon","coordinates":[[[-122.61119473679605,38.250534548091096],[-122.6036913811589,38.262284766944184],[-122.61255899098089,38.272740790790444],[-122.62892987407362,38.271445467709036],[-122.63642978023447,38.25969525957487],[-122.62756225368102,38.24924036369911],[-122.61119473679605,38.250534548091096]]]},"properties":{"h3_index":"872830ad2ffffff","station_count":27,"polygon_count":27,"coverage_type":"area","wetland_summary":"Depressional Vegetated, Depressional Open Water, Woody Slope","level1_summary":"Non-Tidal","program_id":"russian_river","program":"Russian River","resolution":7,"stations":[]}},{"type":"Feature","geometry":{"type":"Polygon","coordinates":[[[-122.63642978023447,38.25969525957487],[-122.62892987407362,38.271445467709036],[-122.63779937246233,38.2818976871209],[-122.65416869063954,38.28059857059409],[-122.66166514432523,38.26884837508394],[-122.65279573321018,38.258397283372325],[-122.63642978023447,38.25969525957487]]]},"properties":{"h3_index":"872830ad3ffffff","station_count":36,"polygon_count":36,"coverage_type":"area","wetland_summary":"Depressional Vegetated, Seep/Spring, Depressional Open Water","level1_summary":"Non-Tidal","program_id":"russian_river","program":"Russian River","resolution":7,"stations":[]}},{"type":"Feature","geometry":{"type":"Polygon","coordinates":[[[-122.63369233006013,38.21527777427291],[-122.62619521063954,38.22703105026603],[-122.63506076622193,38.23748862012121],[-122.65142335535973,38.2361917847858],[-122.65891702553978,38.22443852110881],[-122.65005155672281,38.213982080346895],[-122.63369233006013,38.21527777427291]]]},"properties":{"h3_index":"872830ad4ffffff","station_count":4,"polygon_count":4,"coverage_type":"area","wetland_summary":"Depressional Vegetated, Non-woody Slope","level1_summary":"Non-Tidal","program_id":"russian_river","program":"Russian River","resolution":7,"stations":[]}},{"type":"Feature","geometry":{"type":"Polygon","coordinates":[[[-122.65891702553978,38.22443852110881],[-122.65142335535973,38.2361917847858],[-122.66029079489375,38.24664555226538],[-122.67665181474182,38.24534492714254],[-122.68414203268979,38.233591677688295],[-122.67527468392123,38.22313903902975],[-122.65891702553978,38.22443852110881]]]},"properties":{"h3_index":"872830ad5ffffff","station_count":37,"polygon_count":37,"coverage_type":"area","wetland_summary":"Woody Slope, Depressional Vegetated, Non-woody Slope","level1_summary":"Non-Tidal","program_id":"russian_river","program":"Russian River","resolution":7,"stations":[]}},{"type":"Feature","geometry":{"type":"Polygon","coordinates":[[[-122.60983105859785,38.22832409542663],[-122.60232909819683,38.240075849569756],[-122.61119473679605,38.250534548091096],[-122.62756225368102,38.24924036369911],[-122.63506076622193,38.23748862012121],[-122.62619521063954,38.22703105026603],[-122.60983105859785,38.22832409542663]]]},"properties":{"h3_index":"872830ad6ffffff","station_count":11,"polygon_count":11,"coverage_type":"area","wetland_summary":"Depressional Vegetated","level1_summary":"Non-Tidal","program_id":"russian_river","program":"Russian River","resolution":7,"stations":[]}},{"type":"Feature","geometry":{"type":"Polygon","coordinates":[[[-122.68690081928357,38.277993893494745],[-122.679407821068,38.2897440744756],[-122.68828108640318,38.30018868047715],[-122.70464725556958,38.29888197824095],[-122.712136795324,38.287131813695],[-122.70326362527283,38.27668833484572],[-122.68690081928357,38.277993893494745]]]},"properties":{"h3_index":"872830ad8ffffff","station_count":52,"polygon_count":52,"coverage_type":"area","wetland_summary":"Depressional Vegetated, Non-woody Slope, Seep/Spring","level1_summary":"Non-Tidal","program_id":"russian_river","program":"Russian River","resolution":7,"stations":[]}},{"type":"Feature","geometry":{"type":"Polygon","coordinates":[[[-122.712136795324,38.287131813695],[-122.70464725556958,38.29888197824095],[-122.71352239927985,38.30932277527746],[-122.7298869843542,38.3080122807887],[-122.73737306266035,38.29626213458345],[-122.72849801823929,38.28582246442146],[-122.712136795324,38.287131813695]]]},"properties":{"h3_index":"872830ad9ffffff","station_count":31,"polygon_count":31,"coverage_type":"area","wetland_summary":"Depressional Vegetated, Non-woody Slope, Seep/Spring","level1_summary":"Non-Tidal","program_id":"russian_river","program":"Russian River","resolution":7,"stations":[]}},{"type":"Feature","geometry":{"type":"Polygon","coordinates":[[[-122.6630400742001,38.29104698405591],[-122.65554222801346,38.30279564094585],[-122.66441558488455,38.313241373679986],[-122.68078669730735,38.311937322687164],[-122.68828108640318,38.30018868047715],[-122.679407821068,38.2897440744756],[-122.6630400742001,38.29104698405591]]]},"properties":{"h3_index":"872830adaffffff","station_count":61,"polygon_count":61,"coverage_type":"area","wetland_summary":"Depressional Vegetated, Woody Slope, Non-woody Slope","level1_summary":"Non-Tidal","program_id":"russian_river","program":"Russian River","resolution":7,"stations":[]}},{"type":"Feature","geometry":{"type":"Polygon","coordinates":[[[-122.68828108640318,38.30018868047715],[-122.68078669730735,38.311937322687164],[-122.68966193656125,38.322379246180745],[-122.70603147026753,38.321071400902625],[-122.71352239927985,38.30932277527746],[-122.70464725556958,38.29888197824095],[-122.68828108640318,38.30018868047715]]]},"properties":{"h3_index":"872830adbffffff","station_count":56,"polygon_count":56,"coverage_type":"area","wetland_summary":"Depressional Vegetated, Vernal Pool, Non-woody Slope","level1_summary":"Non-Tidal","program_id":"russian_river","program":"Russian River","resolution":7,"stations":[]}},{"type":"Feature","geometry":{"type":"Polygon","coordinates":[[[-122.68552113483486,38.25579489073044],[-122.67802952700183,38.26754660746047],[-122.68690081928357,38.277993893494745],[-122.70326362527283,38.27668833484572],[-122.71075177626597,38.26493663439885],[-122.70188057900889,38.254490476213256],[-122.68552113483486,38.25579489073044]]]},"properties":{"h3_index":"872830adcffffff","station_count":86,"polygon_count":86,"coverage_type":"area","wetland_summary":"Depressional Vegetated, Non-woody Slope, Seep/Spring","level1_summary":"Non-Tidal","program_id":"russian_river","program":"Russian River","resolution":7,"stations":[]}},{"type":"Feature","geometry":{"type":"Polygon","coordinates":[[[-122.71075177626597,38.26493663439885],[-122.70326362527283,38.27668833484572],[-122.712136795324,38.287131813695],[-122.72849801823929,38.28582246442146],[-122.73598270940707,38.27407078216421],[-122.72710963838324,38.26362843088611],[-122.71075177626597,38.26493663439885]]]},"properties":{"h3_index":"872830addffffff","station_count":38,"polygon_count":38,"coverage_type":"area","wetland_summary":"Depressional Vegetated, Depressional Open Water, Non-woody Slope","level1_summary":"Non-Tidal","program_id":"russian_river","program":"Russian River","resolution":7,"stations":[]}},{"type":"Feature","geometry":{"type":"Polygon","coordinates":[[[-122.66166514432523,38.26884837508394],[-122.65416869063954,38.28059857059409],[-122.6630400742001,38.29104698405591],[-122.679407821068,38.2897440744756],[-122.68690081928357,38.277993893494745],[-122.67802952700183,38.26754660746047],[-122.66166514432523,38.26884837508394]]]},"properties":{"h3_index":"872830adeffffff","station_count":155,"polygon_count":155,"coverage_type":"area","wetland_summary":"Depressional Vegetated, Channel Vegetated, Vernal Pool","level1_summary":"Non-Tidal","program_id":"russian_river","program":"Russian River","resolution":7,"stations":[]}},{"type":"Feature","geometry":{"type":"Polygon","coordinates":[[[-122.73042716023892,38.185263286078296],[-122.72294801267495,38.197021082297],[-122.73181516869303,38.207471462042356],[-122.74816137119504,38.206162915373675],[-122.75563706243928,38.194405138631836],[-122.7467700083967,38.18395588897694],[-122.73042716023892,38.185263286078296]]]},"properties":{"h3_index":"872830ae3ffffff","station_count":2,"polygon_count":2,"coverage_type":"area","wetland_summary":"Non-woody Slope, Seep/Spring","level1_summary":"Non-Tidal","program_id":"russian_river","program":"Russian River","resolution":7,"stations":[]}},{"type":"Feature","geometry":{"type":"Polygon","coordinates":[[[-122.78084723848782,38.203539406732084],[-122.77337500653424,38.215297162087495],[-122.78224589628954,38.22573993420867],[-122.79858890893155,38.22442382134441],[-122.80605767862747,38.21266608928528],[-122.79718689883288,38.20222444668889],[-122.78084723848782,38.203539406732084]]]},"properties":{"h3_index":"872830ae8ffffff","station_count":14,"polygon_count":14,"coverage_type":"area","wetland_summary":"Non-woody Slope","level1_summary":"Non-Tidal","program_id":"russian_river","program":"Russian River","resolution":7,"stations":[]}},{"type":"Feature","geometry":{"type":"Polygon","coordinates":[[[-122.75703039577925,38.21660949205848],[-122.74955332099611,38.22836574469592],[-122.75842431698526,38.23880964592411],[-122.77477228241884,38.23749616530277],[-122.78224589628954,38.22573993420867],[-122.77337500653424,38.215297162087495],[-122.75703039577925,38.21660949205848]]]},"properties":{"h3_index":"872830aeaffffff","station_count":62,"polygon_count":62,"coverage_type":"area","wetland_summary":"Non-woody Slope, Seep/Spring, Depressional Vegetated","level1_summary":"Non-Tidal","program_id":"russian_river","program":"Russian River","resolution":7,"stations":[]}},{"type":"Feature","geometry":{"type":"Polygon","coordinates":[[[-122.78224589628954,38.22573993420867],[-122.77477228241884,38.23749616530277],[-122.78364514417689,38.247936260185355],[-122.79999151047102,38.246618995045914],[-122.80746166046063,38.23486278740431],[-122.79858890893155,38.22442382134441],[-122.78224589628954,38.22573993420867]]]},"properties":{"h3_index":"872830aebffffff","station_count":36,"polygon_count":36,"coverage_type":"area","wetland_summary":"Non-woody Slope, Depressional Vegetated, Depressional Open Water","level1_summary":"Non-Tidal","program_id":"russian_river","program":"Russian River","resolution":7,"stations":[]}},{"type":"Feature","geometry":{"type":"Polygon","coordinates":[[[-122.65617122560222,38.18001185585121],[-122.64868033693448,38.191768175575085],[-122.65754383589771,38.20222728712983],[-122.67389813417365,38.20092894863712],[-122.68138557384286,38.18917264282231],[-122.67252216513303,38.178714661486794],[-122.65617122560222,38.18001185585121]]]},"properties":{"h3_index":"872830af0ffffff","station_count":142,"polygon_count":142,"coverage_type":"area","wetland_summary":"Channel Vegetated, Depressional Vegetated, Channel","level1_summary":"Non-Tidal","program_id":"russian_river","program":"Russian River","resolution":7,"stations":[]}},{"type":"Feature","geometry":{"type":"Polygon","coordinates":[[[-122.68138557384286,38.18917264282231],[-122.67389813417365,38.20092894863712],[-122.68276351248132,38.21138425987948],[-122.69911623710729,38.210082135257565],[-122.70660022479356,38.198325845260015],[-122.69773494073436,38.18787166396261],[-122.68138557384286,38.18917264282231]]]},"properties":{"h3_index":"872830af1ffffff","station_count":151,"polygon_count":151,"coverage_type":"area","wetland_summary":"Depressional Vegetated, Channel Vegetated, Non-woody Slope","level1_summary":"Non-Tidal","program_id":"russian_river","program":"Russian River","resolution":7,"stations":[]}},{"type":"Feature","geometry":{"type":"Polygon","coordinates":[[[-122.63232447138488,38.19306272755005],[-122.62482874458512,38.204817532926626],[-122.63369233006013,38.21527777427291],[-122.65005155672281,38.213982080346895],[-122.65754383589771,38.20222728712983],[-122.64868033693448,38.191768175575085],[-122.63232447138488,38.19306272755005]]]},"properties":{"h3_index":"872830af2ffffff","station_count":41,"polygon_count":41,"coverage_type":"area","wetland_summary":"Depressional Vegetated, Depressional Open Water, Non-woody Slope","level1_summary":"Non-Tidal","program_id":"russian_river","program":"Russian River","resolution":7,"stations":[]}},{"type":"Feature","geometry":{"type":"Polygon","coordinates":[[[-122.65754383589771,38.20222728712983],[-122.65005155672281,38.213982080346895],[-122.65891702553978,38.22443852110881],[-122.67527468392123,38.22313903902975],[-122.68276351248132,38.21138425987948],[-122.67389813417365,38.20092894863712],[-122.65754383589771,38.20222728712983]]]},"properties":{"h3_index":"872830af3ffffff","station_count":55,"polygon_count":55,"coverage_type":"area","wetland_summary":"Depressional Vegetated, Depressional Open Water, Seep/Spring","level1_summary":"Non-Tidal","program_id":"russian_river","program":"Russian River","resolution":7,"stations":[]}},{"type":"Feature","geometry":{"type":"Polygon","coordinates":[[[-122.63095718983227,38.17084348547984],[-122.62346285515419,38.18259981720486],[-122.63232447138488,38.19306272755005],[-122.64868033693448,38.191768175575085],[-122.65617122560222,38.18001185585121],[-122.6473096956299,38.169550075997],[-122.63095718983227,38.17084348547984]]]},"properties":{"h3_index":"872830af6ffffff","station_count":177,"polygon_count":177,"coverage_type":"area","wetland_summary":"Channel Vegetated, Channel, Channel Vegetated Woody","level1_summary":"Non-Tidal","program_id":"russian_river","program":"Russian River","resolution":7,"stations":[]}},{"type":"Feature","geometry":{"type":"Polygon","coordinates":[[[-123.40124024814311,38.64136901155337],[-123.3938384741216,38.65311026792397],[-123.40277299951484,38.663433994208944],[-123.41910909074498,38.66201534908557],[-123.42650731582357,38.650274163239125],[-123.41757299949366,38.63995155188232],[-123.40124024814311,38.64136901155337]]]},"properties":{"h3_index":"872831002ffffff","station_count":63,"polygon_count":63,"coverage_type":"area","wetland_summary":"Non-woody Slope, Seep/Spring, Woody Slope","level1_summary":"Non-Tidal, Tidal","program_id":"russian_river","program":"Russian River","resolution":7,"stations":[]}},{"type":"Feature","geometry":{"type":"Polygon","coordinates":[[[-123.35222827626323,38.64560861418885],[-123.34481806250984,38.657348448596],[-123.35375100080016,38.66767714580793],[-123.37009395236478,38.666264893580596],[-123.37750062128184,38.654525126005446],[-123.36856788435149,38.644197543716395],[-123.35222827626323,38.64560861418885]]]},"properties":{"h3_index":"872831010ffffff","station_count":171,"polygon_count":171,"coverage_type":"area","wetland_summary":"Channel Vegetated, Channel Vegetated Woody, Channel","level1_summary":"Non-Tidal","program_id":"russian_river","program":"Russian River","resolution":7,"stations":[]}},{"type":"Feature","geometry":{"type":"Polygon","coordinates":[[[-123.37750062128184,38.654525126005446],[-123.37009395236478,38.666264893580596],[-123.37902868313593,38.676589734444185],[-123.39536987832628,38.67517369304462],[-123.40277299951484,38.663433994208944],[-123.3938384741216,38.65311026792397],[-123.37750062128184,38.654525126005446]]]},"properties":{"h3_index":"872831011ffffff","station_count":105,"polygon_count":105,"coverage_type":"area","wetland_summary":"Woody Slope, Channel Vegetated, Channel","level1_summary":"Non-Tidal","program_id":"russian_river","program":"Russian River","resolution":7,"stations":[]}},{"type":"Feature","geometry":{"type":"Polygon","coordinates":[[[-123.3284733609379,38.65875691108727],[-123.3210582525955,38.67049525029949],[-123.32999138855267,38.68082506208179],[-123.34633943606775,38.679415419972365],[-123.35375100080016,38.66767714580793],[-123.34481806250984,38.657348448596],[-123.3284733609379,38.65875691108727]]]},"properties":{"h3_index":"872831012ffffff","station_count":71,"polygon_count":71,"coverage_type":"area","wetland_summary":"Channel Vegetated, Woody Slope, Channel","level1_summary":"Non-Tidal","program_id":"russian_river","program":"Russian River","resolution":7,"stations":[]}},{"type":"Feature","geometry":{"type":"Polygon","coordinates":[[[-123.35375100080016,38.66767714580793],[-123.34633943606775,38.679415419972365],[-123.35527436852637,38.68974137506426],[-123.37162066491138,38.68832794165412],[-123.37902868313593,38.676589734444185],[-123.37009395236478,38.666264893580596],[-123.35375100080016,38.66767714580793]]]},"properties":{"h3_index":"872831013ffffff","station_count":41,"polygon_count":41,"coverage_type":"area","wetland_summary":"Woody Slope, Channel Vegetated, Channel Vegetated Woody","level1_summary":"Non-Tidal","program_id":"russian_river","program":"Russian River","resolution":7,"stations":[]}},{"type":"Feature","geometry":{"type":"Polygon","coordinates":[[[-123.35070619451037,38.6235357855452],[-123.34329733126644,38.63527717723928],[-123.35222827626323,38.64560861418885],[-123.36856788435149,38.644197543716395],[-123.37597320442953,38.63245621872996],[-123.36704246046558,38.62212589739911],[-123.35070619451037,38.6235357855452]]]},"properties":{"h3_index":"872831014ffffff","station_count":133,"polygon_count":133,"coverage_type":"area","wetland_summary":"Channel Vegetated, Woody Slope, Channel","level1_summary":"Non-Tidal","program_id":"russian_river","program":"Russian River","resolution":7,"stations":[]}},{"type":"Feature","geometry":{"type":"Polygon","coordinates":[[[-123.37597320442953,38.63245621872996],[-123.36856788435149,38.644197543716395],[-123.37750062128184,38.654525126005446],[-123.3938384741216,38.65311026792397],[-123.40124024814311,38.64136901155337],[-123.39230771626099,38.631042544538985],[-123.37597320442953,38.63245621872996]]]},"properties":{"h3_index":"872831015ffffff","station_count":34,"polygon_count":34,"coverage_type":"area","wetland_summary":"Seep/Spring, Non-woody Slope, Depressional Vegetated","level1_summary":"Non-Tidal, Tidal","program_id":"russian_river","program":"Russian River","resolution":7,"stations":[]}},{"type":"Feature","geometry":{"type":"Polygon","coordinates":[[[-123.32695597429263,38.636684459541236],[-123.31954221859928,38.64842435887299],[-123.3284733609379,38.65875691108727],[-123.34481806250984,38.657348448596],[-123.35222827626323,38.64560861418885],[-123.34329733126644,38.63527717723928],[-123.32695597429263,38.636684459541236]]]},"properties":{"h3_index":"872831016ffffff","station_count":4,"polygon_count":4,"coverage_type":"area","wetland_summary":"Depressional Vegetated, Channel Vegetated Woody","level1_summary":"Non-Tidal","program_id":"russian_river","program":"Russian River","resolution":7,"stations":[]}},{"type":"Feature","geometry":{"type":"Polygon","coordinates":[[[-123.4043063981052,38.685494676219285],[-123.3969019292823,38.69723281456782],[-123.40584044432211,38.707551052255106],[-123.42218321933636,38.70613003794753],[-123.42958413586801,38.69439197036744],[-123.42064583055635,38.684074846216866],[-123.4043063981052,38.685494676219285]]]},"properties":{"h3_index":"872831018ffffff","station_count":210,"polygon_count":210,"coverage_type":"area","wetland_summary":"Woody Slope, Channel Vegetated, Depressional Vegetated","level1_summary":"Non-Tidal","program_id":"russian_river","program":"Russian River","resolution":7,"stations":[]}},{"type":"Feature","geometry":{"type":"Polygon","coordinates":[[[-123.42958413586801,38.69439197036744],[-123.42218321933636,38.70613003794753],[-123.43112352045166,38.71644441493145],[-123.44746452522938,38.715019611038265],[-123.45486188658428,38.70328161613388],[-123.44592179921706,38.69296835233717],[-123.42958413586801,38.69439197036744]]]},"properties":{"h3_index":"872831019ffffff","station_count":45,"polygon_count":45,"coverage_type":"area","wetland_summary":"Channel Vegetated, Seep/Spring, Estuarine and Marine Beach","level1_summary":"Non-Tidal, Tidal","program_id":"russian_river","program":"Russian River","resolution":7,"stations":[]}},{"type":"Feature","geometry":{"type":"Polygon","coordinates":[[[-123.38055739039825,38.69865003871255],[-123.37314802239746,38.71038668260661],[-123.38208674347561,38.72070603348394],[-123.39843462739728,38.71928762716767],[-123.40584044432211,38.707551052255106],[-123.3969019292823,38.69723281456782],[-123.38055739039825,38.69865003871255]]]},"properties":{"h3_index":"87283101affffff","station_count":183,"polygon_count":183,"coverage_type":"area","wetland_summary":"Woody Slope, Channel Vegetated, Channel Vegetated Woody","level1_summary":"Non-Tidal","program_id":"russian_river","program":"Russian River","resolution":7,"stations":[]}},{"type":"Feature","geometry":{"type":"Polygon","coordinates":[[[-123.40584044432211,38.707551052255106],[-123.39843462739728,38.71928762716767],[-123.40737513857364,38.72960311699437],[-123.42372125749401,38.72818091895606],[-123.43112352045166,38.71644441493145],[-123.42218321933636,38.70613003794753],[-123.40584044432211,38.707551052255106]]]},"properties":{"h3_index":"87283101bffffff","station_count":29,"polygon_count":29,"coverage_type":"area","wetland_summary":"Woody Slope, Channel Vegetated, Channel","level1_summary":"Non-Tidal","program_id":"russian_river","program":"Russian River","resolution":7,"stations":[]}},{"type":"Feature","geometry":{"type":"Polygon","coordinates":[[[-123.40277299951484,38.663433994208944],[-123.39536987832628,38.67517369304462],[-123.4043063981052,38.685494676219285],[-123.42064583055635,38.684074846216866],[-123.42804540112839,38.6723352180284],[-123.41910909074498,38.66201534908557],[-123.40277299951484,38.663433994208944]]]},"properties":{"h3_index":"87283101cffffff","station_count":40,"polygon_count":40,"coverage_type":"area","wetland_summary":"Non-woody Slope, Seep/Spring, Woody Slope","level1_summary":"Non-Tidal, Tidal","program_id":"russian_river","program":"Russian River","resolution":7,"stations":[]}},{"type":"Feature","geometry":{"type":"Polygon","coordinates":[[[-123.42804540112839,38.6723352180284],[-123.42064583055635,38.684074846216866],[-123.42958413586801,38.69439197036744],[-123.44592179921706,38.69296835233717],[-123.45331781628863,38.68122879670379],[-123.44437972438998,38.67091278643584],[-123.42804540112839,38.6723352180284]]]},"properties":{"h3_index":"87283101dffffff","station_count":19,"polygon_count":19,"coverage_type":"area","wetland_summary":"Seep/Spring, Estuarine and Marine Beach, Rocky Shore","level1_summary":"Tidal, Non-Tidal","program_id":"russian_river","program":"Russian River","resolution":7,"stations":[]}},{"type":"Feature","geometry":{"type":"Polygon","coordinates":[[[-123.37902868313593,38.676589734444185],[-123.37162066491138,38.68832794165412],[-123.38055739039825,38.69865003871255],[-123.3969019292823,38.69723281456782],[-123.4043063981052,38.685494676219285],[-123.39536987832628,38.67517369304462],[-123.37902868313593,38.676589734444185]]]},"properties":{"h3_index":"87283101effffff","station_count":75,"polygon_count":75,"coverage_type":"area","wetland_summary":"Woody Slope, Channel Vegetated, Depressional Vegetated","level1_summary":"Non-Tidal","program_id":"russian_river","program":"Russian River","resolution":7,"stations":[]}},{"type":"Feature","geometry":{"type":"Polygon","coordinates":[[[-123.37292030410605,38.58830552903943],[-123.36551768030145,38.60004995997344],[-123.37444643217286,38.610383017958625],[-123.3907776043375,38.608970528229996],[-123.39817668542612,38.597226165659094],[-123.38924813794459,38.58689422434437],[-123.37292030410605,38.58830552903943]]]},"properties":{"h3_index":"872831030ffffff","station_count":1,"polygon_count":1,"coverage_type":"area","wetland_summary":"Rocky Shore","level1_summary":"Tidal","program_id":"russian_river","program":"Russian River","resolution":7,"stations":[]}},{"type":"Feature","geometry":{"type":"Polygon","coordinates":[[[-123.34918475513685,38.60145866522224],[-123.34177724193296,38.613201611244286],[-123.35070619451037,38.6235357855452],[-123.36704246046558,38.62212589739911],[-123.37444643217286,38.610383017958625],[-123.36551768030145,38.60004995997344],[-123.34918475513685,38.60145866522224]]]},"properties":{"h3_index":"872831032ffffff","station_count":33,"polygon_count":33,"coverage_type":"area","wetland_summary":"Non-woody Slope, Woody Slope, Seep/Spring","level1_summary":"Non-Tidal, Tidal","program_id":"russian_river","program":"Russian River","resolution":7,"stations":[]}},{"type":"Feature","geometry":{"type":"Polygon","coordinates":[[[-123.37444643217286,38.610383017958625],[-123.36704246046558,38.62212589739911],[-123.37597320442953,38.63245621872996],[-123.39230771626099,38.631042544538985],[-123.3997081435826,38.61929973358889],[-123.3907776043375,38.608970528229996],[-123.37444643217286,38.610383017958625]]]},"properties":{"h3_index":"872831033ffffff","station_count":48,"polygon_count":48,"coverage_type":"area","wetland_summary":"Non-woody Slope, Seep/Spring, Woody Slope","level1_summary":"Non-Tidal, Tidal","program_id":"russian_river","program":"Russian River","resolution":7,"stations":[]}},{"type":"Feature","geometry":{"type":"Polygon","coordinates":[[[-123.34766395773828,38.57937725857243],[-123.3402577941052,38.59112175596015],[-123.34918475513685,38.60145866522224],[-123.36551768030145,38.60004995997344],[-123.37292030410605,38.58830552903943],[-123.36399354345394,38.5779697367913],[-123.34766395773828,38.57937725857243]]]},"properties":{"h3_index":"872831036ffffff","station_count":16,"polygon_count":16,"coverage_type":"area","wetland_summary":"Rocky Shore, Seep/Spring, Non-woody Slope","level1_summary":"Non-Tidal, Tidal","program_id":"russian_river","program":"Russian River","resolution":7,"stations":[]}},{"type":"Feature","geometry":{"type":"Polygon","coordinates":[[[-123.50541738751669,38.7210379595574],[-123.49802714515508,38.732775803388],[-123.50697278361152,38.743078590322405],[-123.5233084394993,38.741642421192],[-123.53069511805265,38.729904655759846],[-123.52174970540267,38.719602980949325],[-123.50541738751669,38.7210379595574]]]},"properties":{"h3_index":"872831052ffffff","station_count":4,"polygon_count":4,"coverage_type":"area","wetland_summary":"Estuarine and Marine Beach, Rocky Shore","level1_summary":"Tidal","program_id":"russian_river","program":"Russian River","resolution":7,"stations":[]}},{"type":"Feature","geometry":{"type":"Polygon","coordinates":[[[-123.25865261999039,38.72024410095337],[-123.25122146290146,38.73197635532309],[-123.26015716510801,38.742306763809495],[-123.27652383841368,38.74090380499811],[-123.28395145393868,38.729171610439614],[-123.27501593860893,38.718842314772516],[-123.25865261999039,38.72024410095337]]]},"properties":{"h3_index":"872831080ffffff","station_count":6,"polygon_count":6,"coverage_type":"area","wetland_summary":"Channel, Depressional Vegetated, Channel Vegetated Woody","level1_summary":"Non-Tidal","program_id":"russian_river","program":"Russian River","resolution":7,"stations":[]}},{"type":"Feature","geometry":{"type":"Polygon","coordinates":[[[-123.28395145393868,38.729171610439614],[-123.27652383841368,38.74090380499811],[-123.28546134975767,38.75123035409508],[-123.30182628660447,38.74982359604099],[-123.30925035764886,38.73809146319734],[-123.30031303721313,38.727766026584014],[-123.28395145393868,38.729171610439614]]]},"properties":{"h3_index":"872831081ffffff","station_count":5,"polygon_count":5,"coverage_type":"area","wetland_summary":"Channel, Channel Vegetated, Channel Vegetated Woody","level1_summary":"Non-Tidal","program_id":"russian_river","program":"Russian River","resolution":7,"stations":[]}},{"type":"Feature","geometry":{"type":"Polygon","coordinates":[[[-123.2348530595315,38.73337551433888],[-123.22741700210577,38.74510625222224],[-123.23635288747421,38.75543777317378],[-123.25272464799487,38.75403744366823],[-123.26015716510801,38.742306763809495],[-123.25122146290146,38.73197635532309],[-123.2348530595315,38.73337551433888]]]},"properties":{"h3_index":"872831082ffffff","station_count":24,"polygon_count":24,"coverage_type":"area","wetland_summary":"Channel, Channel Vegetated, Seep/Spring","level1_summary":"Non-Tidal","program_id":"russian_river","program":"Russian River","resolution":7,"stations":[]}},{"type":"Feature","geometry":{"type":"Polygon","coordinates":[[[-123.26015716510801,38.742306763809495],[-123.25272464799487,38.75403744366823],[-123.26166234653482,38.764365104896946],[-123.27803237587945,38.76296097402642],[-123.28546134975767,38.75123035409508],[-123.27652383841368,38.74090380499811],[-123.26015716510801,38.742306763809495]]]},"properties":{"h3_index":"872831083ffffff","station_count":11,"polygon_count":11,"coverage_type":"area","wetland_summary":"Channel, Channel Vegetated Woody, Depressional Vegetated","level1_summary":"Non-Tidal","program_id":"russian_river","program":"Russian River","resolution":7,"stations":[]}},{"type":"Feature","geometry":{"type":"Polygon","coordinates":[[[-123.2571487107806,38.698177121648655],[-123.24971891324044,38.70991094758305],[-123.25865261999039,38.72024410095337],[-123.27501593860893,38.718842314772516],[-123.2824421962549,38.707108548531444],[-123.27350867606302,38.696776508669195],[-123.2571487107806,38.698177121648655]]]},"properties":{"h3_index":"872831084ffffff","station_count":1,"polygon_count":1,"coverage_type":"area","wetland_summary":"Seep/Spring","level1_summary":"Non-Tidal","program_id":"russian_river","program":"Russian River","resolution":7,"stations":[]}},{"type":"Feature","geometry":{"type":"Polygon","coordinates":[[[-123.2824421962549,38.707108548531444],[-123.27501593860893,38.718842314772516],[-123.28395145393868,38.729171610439614],[-123.30031303721313,38.727766026584014],[-123.30773575204995,38.716032321940475],[-123.29880042730709,38.7057041394461],[-123.2824421962549,38.707108548531444]]]},"properties":{"h3_index":"872831085ffffff","station_count":2,"polygon_count":2,"coverage_type":"area","wetland_summary":"Depressional Vegetated","level1_summary":"Non-Tidal","program_id":"russian_river","program":"Russian River","resolution":7,"stations":[]}},{"type":"Feature","geometry":{"type":"Polygon","coordinates":[[[-123.23335386566846,38.711308935538526],[-123.22591916993629,38.723041247816084],[-123.2348530595315,38.73337551433888],[-123.25122146290146,38.73197635532309],[-123.25865261999039,38.72024410095337],[-123.24971891324044,38.70991094758305],[-123.23335386566846,38.711308935538526]]]},"properties":{"h3_index":"872831086ffffff","station_count":57,"polygon_count":57,"coverage_type":"area","wetland_summary":"Channel, Channel Vegetated, Channel Vegetated Woody","level1_summary":"Non-Tidal","program_id":"russian_river","program":"Russian River","resolution":7,"stations":[]}},{"type":"Feature","geometry":{"type":"Polygon","coordinates":[[[-123.31076560360972,38.760146284400975],[-123.30334017588467,38.771876842501946],[-123.31228149033657,38.78219678024016],[-123.32864803813557,38.780785048310904],[-123.33606991679335,38.76905455394348],[-123.32712879760513,38.75873572766269],[-123.31076560360972,38.760146284400975]]]},"properties":{"h3_index":"872831088ffffff","station_count":25,"polygon_count":25,"coverage_type":"area","wetland_summary":"Channel, Channel Vegetated Woody, Channel Vegetated","level1_summary":"Non-Tidal","program_id":"russian_river","program":"Russian River","resolution":7,"stations":[]}},{"type":"Feature","geometry":{"type":"Polygon","coordinates":[[[-123.33606991679335,38.76905455394348],[-123.32864803813557,38.780785048310904],[-123.3375911553236,38.791101122292325],[-123.35395595275703,38.7896855906805],[-123.36137427943758,38.77795516194996],[-123.35243136154676,38.7676401990851],[-123.33606991679335,38.76905455394348]]]},"properties":{"h3_index":"872831089ffffff","station_count":19,"polygon_count":19,"coverage_type":"area","wetland_summary":"Channel, Channel Vegetated Woody, Depressional Vegetated","level1_summary":"Non-Tidal","program_id":"russian_river","program":"Russian River","resolution":7,"stations":[]}},{"type":"Feature","geometry":{"type":"Polygon","coordinates":[[[-123.28697188411458,38.77328477418223],[-123.27954155140866,38.78501381654516],[-123.28848305741252,38.7953348653926],[-123.30485470545752,38.79392576065895],[-123.31228149033657,38.78219678024016],[-123.30334017588467,38.771876842501946],[-123.28697188411458,38.77328477418223]]]},"properties":{"h3_index":"87283108affffff","station_count":28,"polygon_count":28,"coverage_type":"area","wetland_summary":"Channel, Depressional Vegetated, Channel Vegetated Woody","level1_summary":"Non-Tidal","program_id":"russian_river","program":"Russian River","resolution":7,"stations":[]}},{"type":"Feature","geometry":{"type":"Polygon","coordinates":[[[-123.31228149033657,38.78219678024016],[-123.30485470545752,38.79392576065895],[-123.31379801823381,38.80424294541094],[-123.33016792118714,38.80283003886445],[-123.3375911553236,38.791101122292325],[-123.32864803813557,38.780785048310904],[-123.31228149033657,38.78219678024016]]]},"properties":{"h3_index":"87283108bffffff","station_count":38,"polygon_count":38,"coverage_type":"area","wetland_summary":"Channel, Depressional Vegetated, Channel Vegetated Woody","level1_summary":"Non-Tidal","program_id":"russian_river","program":"Russian River","resolution":7,"stations":[]}},{"type":"Feature","geometry":{"type":"Polygon","coordinates":[[[-123.30925035764886,38.73809146319734],[-123.30182628660447,38.74982359604099],[-123.31076560360972,38.760146284400975],[-123.32712879760513,38.75873572766269],[-123.33454932125642,38.747003658437684],[-123.32561019919062,38.73668208222323],[-123.30925035764886,38.73809146319734]]]},"properties":{"h3_index":"87283108cffffff","station_count":36,"polygon_count":36,"coverage_type":"area","wetland_summary":"Channel, Channel Vegetated, Channel Vegetated Woody","level1_summary":"Non-Tidal","program_id":"russian_river","program":"Russian River","resolution":7,"stations":[]}},{"type":"Feature","geometry":{"type":"Polygon","coordinates":[[[-123.33454932125642,38.747003658437684],[-123.32712879760513,38.75873572766269],[-123.33606991679335,38.76905455394348],[-123.35243136154676,38.7676401990851],[-123.35984833489655,38.75590819538275],[-123.35090741467877,38.74559048090686],[-123.33454932125642,38.747003658437684]]]},"properties":{"h3_index":"87283108dffffff","station_count":52,"polygon_count":52,"coverage_type":"area","wetland_summary":"Channel, Channel Vegetated, Channel Vegetated Woody","level1_summary":"Non-Tidal","program_id":"russian_river","program":"Russian River","resolution":7,"stations":[]}},{"type":"Feature","geometry":{"type":"Polygon","coordinates":[[[-123.28546134975767,38.75123035409508],[-123.27803237587945,38.76296097402642],[-123.28697188411458,38.77328477418223],[-123.30334017588467,38.771876842501946],[-123.31076560360972,38.760146284400975],[-123.30182628660447,38.74982359604099],[-123.28546134975767,38.75123035409508]]]},"properties":{"h3_index":"87283108effffff","station_count":47,"polygon_count":47,"coverage_type":"area","wetland_summary":"Channel, Channel Vegetated, Channel Vegetated Woody","level1_summary":"Non-Tidal","program_id":"russian_river","program":"Russian River","resolution":7,"stations":[]}},{"type":"Feature","geometry":{"type":"Polygon","coordinates":[[[-123.18573424441733,38.73756012562696],[-123.17828974964343,38.74928939674499],[-123.18722399377117,38.759625888502796],[-123.20360255815844,38.75823199659534],[-123.21104351680953,38.746502779813284],[-123.20210944808673,38.73616740049441],[-123.18573424441733,38.73756012562696]]]},"properties":{"h3_index":"872831090ffffff","station_count":55,"polygon_count":55,"coverage_type":"area","wetland_summary":"Channel, Channel Vegetated Woody, Channel Vegetated","level1_summary":"Non-Tidal","program_id":"russian_river","program":"Russian River","resolution":7,"stations":[]}},{"type":"Feature","geometry":{"type":"Polygon","coordinates":[[[-123.21104351680953,38.746502779813284],[-123.20360255815844,38.75823199659534],[-123.21253862296886,38.768564629657114],[-123.22891546787812,38.76716693371816],[-123.23635288747421,38.75543777317378],[-123.22741700210577,38.74510625222224],[-123.21104351680953,38.746502779813284]]]},"properties":{"h3_index":"872831091ffffff","station_count":27,"polygon_count":27,"coverage_type":"area","wetland_summary":"Channel, Channel Vegetated, Depressional Vegetated","level1_summary":"Non-Tidal","program_id":"russian_river","program":"Russian River","resolution":7,"stations":[]}},{"type":"Feature","geometry":{"type":"Polygon","coordinates":[[[-123.16190947218647,38.750679484080315],[-123.15446007657333,38.76240722769584],[-123.16339449237857,38.772744831534574],[-123.17977813301137,38.77135357956871],[-123.18722399377117,38.759625888502796],[-123.17828974964343,38.74928939674499],[-123.16190947218647,38.750679484080315]]]},"properties":{"h3_index":"872831092ffffff","station_count":24,"polygon_count":24,"coverage_type":"area","wetland_summary":"Channel, Depressional Vegetated, Channel Vegetated Woody","level1_summary":"Non-Tidal","program_id":"russian_river","program":"Russian River","resolution":7,"stations":[]}},{"type":"Feature","geometry":{"type":"Polygon","coordinates":[[[-123.18722399377117,38.759625888502796],[-123.17977813301137,38.77135357956871],[-123.18871437353903,38.781687324385],[-123.20509630000032,38.78029226627253],[-123.21253862296886,38.768564629657114],[-123.20360255815844,38.75823199659534],[-123.18722399377117,38.759625888502796]]]},"properties":{"h3_index":"872831093ffffff","station_count":3,"polygon_count":3,"coverage_type":"area","wetland_summary":"Depressional Vegetated","level1_summary":"Non-Tidal","program_id":"russian_river","program":"Russian River","resolution":7,"stations":[]}},{"type":"Feature","geometry":{"type":"Polygon","coordinates":[[[-123.18424512507956,38.715490041076606],[-123.1768019958122,38.72722088930169],[-123.18573424441733,38.73756012562696],[-123.20210944808673,38.73616740049441],[-123.20954904289857,38.724436606489],[-123.20061696938657,38.71409848328823],[-123.18424512507956,38.715490041076606]]]},"properties":{"h3_index":"872831094ffffff","station_count":9,"polygon_count":9,"coverage_type":"area","wetland_summary":"Depressional Vegetated, Channel, Channel Vegetated Woody","level1_summary":"Non-Tidal","program_id":"russian_river","program":"Russian River","resolution":7,"stations":[]}},{"type":"Feature","geometry":{"type":"Polygon","coordinates":[[[-123.20954904289857,38.724436606489],[-123.20210944808673,38.73616740049441],[-123.21104351680953,38.746502779813284],[-123.22741700210577,38.74510625222224],[-123.2348530595315,38.73337551433888],[-123.22591916993629,38.723041247816084],[-123.20954904289857,38.724436606489]]]},"properties":{"h3_index":"872831095ffffff","station_count":25,"polygon_count":25,"coverage_type":"area","wetland_summary":"Channel, Depressional Vegetated, Channel Vegetated","level1_summary":"Non-Tidal","program_id":"russian_river","program":"Russian River","resolution":7,"stations":[]}},{"type":"Feature","geometry":{"type":"Polygon","coordinates":[[[-123.16042508017395,38.728609811437465],[-123.15297705221353,38.74033913498994],[-123.16190947218647,38.750679484080315],[-123.17828974964343,38.74928939674499],[-123.18573424441733,38.73756012562696],[-123.1768019958122,38.72722088930169],[-123.16042508017395,38.728609811437465]]]},"properties":{"h3_index":"872831096ffffff","station_count":6,"polygon_count":6,"coverage_type":"area","wetland_summary":"Depressional Vegetated, Seep/Spring","level1_summary":"Non-Tidal","program_id":"russian_river","program":"Russian River","resolution":7,"stations":[]}},{"type":"Feature","geometry":{"type":"Polygon","coordinates":[[[-123.23785334989692,38.77749570672591],[-123.23041456765341,38.78922328698975],[-123.23935444720024,38.79954930968509],[-123.25573292608375,38.79814664091379],[-123.26316816467248,38.78641911890284],[-123.25422846892181,38.77609420730165],[-123.23785334989692,38.77749570672591]]]},"properties":{"h3_index":"872831098ffffff","station_count":39,"polygon_count":39,"coverage_type":"area","wetland_summary":"Channel, Channel Vegetated Woody, Depressional Vegetated","level1_summary":"Non-Tidal","program_id":"russian_river","program":"Russian River","resolution":7,"stations":[]}},{"type":"Feature","geometry":{"type":"Polygon","coordinates":[[[-123.26316816467248,38.78641911890284],[-123.25573292608375,38.79814664091379],[-123.26467461992301,38.80846880052145],[-123.28105136540411,38.80706232724914],[-123.28848305741252,38.7953348653926],[-123.27954155140866,38.78501381654516],[-123.26316816467248,38.78641911890284]]]},"properties":{"h3_index":"872831099ffffff","station_count":2,"polygon_count":2,"coverage_type":"area","wetland_summary":"Depressional Vegetated","level1_summary":"Non-Tidal","program_id":"russian_river","program":"Russian River","resolution":7,"stations":[]}},{"type":"Feature","geometry":{"type":"Polygon","coordinates":[[[-123.21403436177587,38.79062215070589],[-123.20659067401144,38.80234820421472],[-123.21553073363013,38.812675337652195],[-123.23191430183208,38.81127530673021],[-123.23935444720024,38.79954930968509],[-123.23041456765341,38.78922328698975],[-123.21403436177587,38.79062215070589]]]},"properties":{"h3_index":"87283109affffff","station_count":43,"polygon_count":43,"coverage_type":"area","wetland_summary":"Channel, Channel Vegetated Woody, Channel Vegetated","level1_summary":"Non-Tidal","program_id":"russian_river","program":"Russian River","resolution":7,"stations":[]}},{"type":"Feature","geometry":{"type":"Polygon","coordinates":[[[-123.23935444720024,38.79954930968509],[-123.23191430183208,38.81127530673021],[-123.24085617978514,38.82159857674835],[-123.25723801988242,38.82019473920223],[-123.26467461992301,38.80846880052145],[-123.25573292608375,38.79814664091379],[-123.23935444720024,38.79954930968509]]]},"properties":{"h3_index":"87283109bffffff","station_count":28,"polygon_count":28,"coverage_type":"area","wetland_summary":"Channel, Channel Vegetated Woody, Depressional Vegetated","level1_summary":"Non-Tidal","program_id":"russian_river","program":"Russian River","resolution":7,"stations":[]}},{"type":"Feature","geometry":{"type":"Polygon","coordinates":[[[-123.23635288747421,38.75543777317378],[-123.22891546787812,38.76716693371816],[-123.23785334989692,38.77749570672591],[-123.25422846892181,38.77609420730165],[-123.26166234653482,38.764365104896946],[-123.25272464799487,38.75403744366823],[-123.23635288747421,38.75543777317378]]]},"properties":{"h3_index":"87283109cffffff","station_count":15,"polygon_count":15,"coverage_type":"area","wetland_summary":"Depressional Vegetated","level1_summary":"Non-Tidal","program_id":"russian_river","program":"Russian River","resolution":7,"stations":[]}},{"type":"Feature","geometry":{"type":"Polygon","coordinates":[[[-123.26166234653482,38.764365104896946],[-123.25422846892181,38.77609420730165],[-123.26316816467248,38.78641911890284],[-123.27954155140866,38.78501381654516],[-123.28697188411458,38.77328477418223],[-123.27803237587945,38.76296097402642],[-123.26166234653482,38.764365104896946]]]},"properties":{"h3_index":"87283109dffffff","station_count":8,"polygon_count":8,"coverage_type":"area","wetland_summary":"Channel, Depressional Vegetated, Channel Vegetated Woody","level1_summary":"Non-Tidal","program_id":"russian_river","program":"Russian River","resolution":7,"stations":[]}},{"type":"Feature","geometry":{"type":"Polygon","coordinates":[[[-123.21253862296886,38.768564629657114],[-123.20509630000032,38.78029226627253],[-123.21403436177587,38.79062215070589],[-123.23041456765341,38.78922328698975],[-123.23785334989692,38.77749570672591],[-123.22891546787812,38.76716693371816],[-123.21253862296886,38.768564629657114]]]},"properties":{"h3_index":"87283109effffff","station_count":61,"polygon_count":61,"coverage_type":"area","wetland_summary":"Channel Vegetated Woody, Channel, Depressional Vegetated","level1_summary":"Non-Tidal","program_id":"russian_river","program":"Russian River","resolution":7,"stations":[]}},{"type":"Feature","geometry":{"type":"Polygon","coordinates":[[[-123.27942559368402,38.662969491255474],[-123.27200205037413,38.67470639201482],[-123.28093357630405,38.685041173693406],[-123.29728845648319,38.683637939949435],[-123.30470846032324,38.67190110054766],[-123.29577712433857,38.66156743342347],[-123.27942559368402,38.662969491255474]]]},"properties":{"h3_index":"8728310a0ffffff","station_count":127,"polygon_count":127,"coverage_type":"area","wetland_summary":"Channel Vegetated, Channel, Channel Vegetated Woody","level1_summary":"Non-Tidal","program_id":"russian_river","program":"Russian River","resolution":7,"stations":[]}},{"type":"Feature","geometry":{"type":"Polygon","coordinates":[[[-123.30470846032324,38.67190110054766],[-123.29728845648319,38.683637939949435],[-123.30622178640922,38.69396886594873],[-123.32257492709013,38.692561838220264],[-123.32999138855267,38.68082506208179],[-123.3210582525955,38.67049525029949],[-123.30470846032324,38.67190110054766]]]},"properties":{"h3_index":"8728310a1ffffff","station_count":19,"polygon_count":19,"coverage_type":"area","wetland_summary":"Depressional Vegetated, Woody Slope, Depressional Open Water","level1_summary":"Non-Tidal","program_id":"russian_river","program":"Russian River","resolution":7,"stations":[]}},{"type":"Feature","geometry":{"type":"Polygon","coordinates":[[[-123.25564543707762,38.67610583122266],[-123.2482169986111,38.68784122577202],[-123.2571487107806,38.698177121648655],[-123.27350867606302,38.696776508669195],[-123.28093357630405,38.685041173693406],[-123.27200205037413,38.67470639201482],[-123.25564543707762,38.67610583122266]]]},"properties":{"h3_index":"8728310a2ffffff","station_count":47,"polygon_count":47,"coverage_type":"area","wetland_summary":"Channel Vegetated, Channel Vegetated Woody, Channel","level1_summary":"Non-Tidal","program_id":"russian_river","program":"Russian River","resolution":7,"stations":[]}},{"type":"Feature","geometry":{"type":"Polygon","coordinates":[[[-123.28093357630405,38.685041173693406],[-123.27350867606302,38.696776508669195],[-123.2824421962549,38.707108548531444],[-123.29880042730709,38.7057041394461],[-123.30622178640922,38.69396886594873],[-123.29728845648319,38.683637939949435],[-123.28093357630405,38.685041173693406]]]},"properties":{"h3_index":"8728310a3ffffff","station_count":15,"polygon_count":15,"coverage_type":"area","wetland_summary":"Channel, Channel Vegetated Woody, Non-woody Slope","level1_summary":"Non-Tidal","program_id":"russian_river","program":"Russian River","resolution":7,"stations":[]}},{"type":"Feature","geometry":{"type":"Polygon","coordinates":[[[-123.27791824799314,38.64089350655486],[-123.27049606114083,38.65263197014327],[-123.27942559368402,38.662969491255474],[-123.29577712433857,38.66156743342347],[-123.30319577338899,38.649829031069984],[-123.29426643047078,38.63949262520479],[-123.27791824799314,38.64089350655486]]]},"properties":{"h3_index":"8728310a4ffffff","station_count":7,"polygon_count":7,"coverage_type":"area","wetland_summary":"Depressional Vegetated, Non-woody Slope, Seep/Spring","level1_summary":"Non-Tidal","program_id":"russian_river","program":"Russian River","resolution":7,"stations":[]}},{"type":"Feature","geometry":{"type":"Polygon","coordinates":[[[-123.30319577338899,38.649829031069984],[-123.29577712433857,38.66156743342347],[-123.30470846032324,38.67190110054766],[-123.3210582525955,38.67049525029949],[-123.3284733609379,38.65875691108727],[-123.31954221859928,38.64842435887299],[-123.30319577338899,38.649829031069984]]]},"properties":{"h3_index":"8728310a5ffffff","station_count":105,"polygon_count":105,"coverage_type":"area","wetland_summary":"Channel Vegetated, Channel Vegetated Woody, Channel","level1_summary":"Non-Tidal","program_id":"russian_river","program":"Russian River","resolution":7,"stations":[]}},{"type":"Feature","geometry":{"type":"Polygon","coordinates":[[[-123.25414279848086,38.6540302350098],[-123.24671571861298,38.665767195221186],[-123.25564543707762,38.67610583122266],[-123.27200205037413,38.67470639201482],[-123.27942559368402,38.662969491255474],[-123.27049606114083,38.65263197014327],[-123.25414279848086,38.6540302350098]]]},"properties":{"h3_index":"8728310a6ffffff","station_count":29,"polygon_count":29,"coverage_type":"area","wetland_summary":"Channel Vegetated, Channel Vegetated Woody, Channel","level1_summary":"Non-Tidal","program_id":"russian_river","program":"Russian River","resolution":7,"stations":[]}},{"type":"Feature","geometry":{"type":"Polygon","coordinates":[[[-123.331510057541,38.70288890718933],[-123.32409224248713,38.71462411730316],[-123.33302936830732,38.72494844108167],[-123.34938411174683,38.72353644145189],[-123.35679837984725,38.711801296626845],[-123.347861452345,38.70147808603357],[-123.331510057541,38.70288890718933]]]},"properties":{"h3_index":"8728310a8ffffff","station_count":26,"polygon_count":26,"coverage_type":"area","wetland_summary":"Depressional Vegetated, Channel, Channel Vegetated Woody","level1_summary":"Non-Tidal","program_id":"russian_river","program":"Russian River","resolution":7,"stations":[]}},{"type":"Feature","geometry":{"type":"Polygon","coordinates":[[[-123.35679837984725,38.711801296626845],[-123.34938411174683,38.72353644145189],[-123.35832303516861,38.73385690517188],[-123.37467602522966,38.73244111111481],[-123.38208674347561,38.72070603348394],[-123.37314802239746,38.71038668260661],[-123.35679837984725,38.711801296626845]]]},"properties":{"h3_index":"8728310a9ffffff","station_count":38,"polygon_count":38,"coverage_type":"area","wetland_summary":"Depressional Vegetated, Non-woody Slope, Woody Slope","level1_summary":"Non-Tidal","program_id":"russian_river","program":"Russian River","resolution":7,"stations":[]}},{"type":"Feature","geometry":{"type":"Polygon","coordinates":[[[-123.30773575204995,38.716032321940475],[-123.30031303721313,38.727766026584014],[-123.30925035764886,38.73809146319734],[-123.32561019919062,38.73668208222323],[-123.33302936830732,38.72494844108167],[-123.32409224248713,38.71462411730316],[-123.30773575204995,38.716032321940475]]]},"properties":{"h3_index":"8728310aaffffff","station_count":5,"polygon_count":5,"coverage_type":"area","wetland_summary":"Depressional Vegetated","level1_summary":"Non-Tidal","program_id":"russian_river","program":"Russian River","resolution":7,"stations":[]}},{"type":"Feature","geometry":{"type":"Polygon","coordinates":[[[-123.33302936830732,38.72494844108167],[-123.32561019919062,38.73668208222323],[-123.33454932125642,38.747003658437684],[-123.35090741467877,38.74559048090686],[-123.35832303516861,38.73385690517188],[-123.34938411174683,38.72353644145189],[-123.33302936830732,38.72494844108167]]]},"properties":{"h3_index":"8728310abffffff","station_count":15,"polygon_count":15,"coverage_type":"area","wetland_summary":"Depressional Vegetated, Channel Vegetated, Depressional Open Water","level1_summary":"Non-Tidal","program_id":"russian_river","program":"Russian River","resolution":7,"stations":[]}},{"type":"Feature","geometry":{"type":"Polygon","coordinates":[[[-123.32999138855267,38.68082506208179],[-123.32257492709013,38.692561838220264],[-123.331510057541,38.70288890718933],[-123.347861452345,38.70147808603357],[-123.35527436852637,38.68974137506426],[-123.34633943606775,38.679415419972365],[-123.32999138855267,38.68082506208179]]]},"properties":{"h3_index":"8728310acffffff","station_count":64,"polygon_count":64,"coverage_type":"area","wetland_summary":"Channel, Channel Vegetated, Depressional Vegetated","level1_summary":"Non-Tidal","program_id":"russian_river","program":"Russian River","resolution":7,"stations":[]}},{"type":"Feature","geometry":{"type":"Polygon","coordinates":[[[-123.35527436852637,38.68974137506426],[-123.347861452345,38.70147808603357],[-123.35679837984725,38.711801296626845],[-123.37314802239746,38.71038668260661],[-123.38055739039825,38.69865003871255],[-123.37162066491138,38.68832794165412],[-123.35527436852637,38.68974137506426]]]},"properties":{"h3_index":"8728310adffffff","station_count":93,"polygon_count":93,"coverage_type":"area","wetland_summary":"Channel Vegetated, Woody Slope, Channel","level1_summary":"Non-Tidal","program_id":"russian_river","program":"Russian River","resolution":7,"stations":[]}},{"type":"Feature","geometry":{"type":"Polygon","coordinates":[[[-123.30622178640922,38.69396886594873],[-123.29880042730709,38.7057041394461],[-123.30773575204995,38.716032321940475],[-123.32409224248713,38.71462411730316],[-123.331510057541,38.70288890718933],[-123.32257492709013,38.692561838220264],[-123.30622178640922,38.69396886594873]]]},"properties":{"h3_index":"8728310aeffffff","station_count":45,"polygon_count":45,"coverage_type":"area","wetland_summary":"Channel, Channel Vegetated Woody, Channel Vegetated","level1_summary":"Non-Tidal","program_id":"russian_river","program":"Russian River","resolution":7,"stations":[]}},{"type":"Feature","geometry":{"type":"Polygon","coordinates":[[[-123.20656199022642,38.680291310693505],[-123.19912512165952,38.6920252503025],[-123.20805520083708,38.70236611500607],[-123.22442197096996,38.700971925820895],[-123.23185530548513,38.6892380420973],[-123.22292540480734,38.67889829156512],[-123.20656199022642,38.680291310693505]]]},"properties":{"h3_index":"8728310b0ffffff","station_count":48,"polygon_count":48,"coverage_type":"area","wetland_summary":"Channel, Channel Vegetated Woody, Channel Vegetated","level1_summary":"Non-Tidal","program_id":"russian_river","program":"Russian River","resolution":7,"stations":[]}},{"type":"Feature","geometry":{"type":"Polygon","coordinates":[[[-123.23185530548513,38.6892380420973],[-123.22442197096996,38.700971925820895],[-123.23335386566846,38.711308935538526],[-123.24971891324044,38.70991094758305],[-123.2571487107806,38.698177121648655],[-123.2482169986111,38.68784122577202],[-123.23185530548513,38.6892380420973]]]},"properties":{"h3_index":"8728310b1ffffff","station_count":53,"polygon_count":53,"coverage_type":"area","wetland_summary":"Channel Vegetated, Channel, Channel Vegetated Woody","level1_summary":"Non-Tidal","program_id":"russian_river","program":"Russian River","resolution":7,"stations":[]}},{"type":"Feature","geometry":{"type":"Polygon","coordinates":[[[-123.1827566353603,38.693415640177975],[-123.17531487112038,38.70514806256173],[-123.18424512507956,38.715490041076606],[-123.20061696938657,38.71409848328823],[-123.20805520083708,38.70236611500607],[-123.19912512165952,38.6920252503025],[-123.1827566353603,38.693415640177975]]]},"properties":{"h3_index":"8728310b2ffffff","station_count":34,"polygon_count":34,"coverage_type":"area","wetland_summary":"Channel, Seep/Spring, Non-woody Slope","level1_summary":"Non-Tidal","program_id":"russian_river","program":"Russian River","resolution":7,"stations":[]}},{"type":"Feature","geometry":{"type":"Polygon","coordinates":[[[-123.20805520083708,38.70236611500607],[-123.20061696938657,38.71409848328823],[-123.20954904289857,38.724436606489],[-123.22591916993629,38.723041247816084],[-123.23335386566846,38.711308935538526],[-123.22442197096996,38.700971925820895],[-123.20805520083708,38.70236611500607]]]},"properties":{"h3_index":"8728310b3ffffff","station_count":32,"polygon_count":32,"coverage_type":"area","wetland_summary":"Channel, Seep/Spring, Channel Vegetated","level1_summary":"Non-Tidal","program_id":"russian_river","program":"Russian River","resolution":7,"stations":[]}},{"type":"Feature","geometry":{"type":"Polygon","coordinates":[[[-123.20506941066846,38.65821219888747],[-123.19763390450761,38.66994770687009],[-123.20656199022642,38.680291310693505],[-123.22292540480734,38.67889829156512],[-123.23035737858186,38.66716283934688],[-123.22142947104943,38.65682035038432],[-123.20506941066846,38.65821219888747]]]},"properties":{"h3_index":"8728310b4ffffff","station_count":87,"polygon_count":87,"coverage_type":"area","wetland_summary":"Channel Vegetated, Channel Vegetated Woody, Channel","level1_summary":"Non-Tidal","program_id":"russian_river","program":"Russian River","resolution":7,"stations":[]}},{"type":"Feature","geometry":{"type":"Polygon","coordinates":[[[-123.23035737858186,38.66716283934688],[-123.22292540480734,38.67889829156512],[-123.23185530548513,38.6892380420973],[-123.2482169986111,38.68784122577202],[-123.25564543707762,38.67610583122266],[-123.24671571861298,38.665767195221186],[-123.23035737858186,38.66716283934688]]]},"properties":{"h3_index":"8728310b5ffffff","station_count":64,"polygon_count":64,"coverage_type":"area","wetland_summary":"Channel Vegetated, Channel Vegetated Woody, Channel","level1_summary":"Non-Tidal","program_id":"russian_river","program":"Russian River","resolution":7,"stations":[]}},{"type":"Feature","geometry":{"type":"Polygon","coordinates":[[[-123.18126877486237,38.67133692826454],[-123.17382837517103,38.68307092185526],[-123.1827566353603,38.693415640177975],[-123.19912512165952,38.6920252503025],[-123.20656199022642,38.680291310693505],[-123.19763390450761,38.66994770687009],[-123.18126877486237,38.67133692826454]]]},"properties":{"h3_index":"8728310b6ffffff","station_count":22,"polygon_count":22,"coverage_type":"area","wetland_summary":"Channel, Channel Vegetated Woody, Depressional Vegetated","level1_summary":"Non-Tidal","program_id":"russian_river","program":"Russian River","resolution":7,"stations":[]}},{"type":"Feature","geometry":{"type":"Polygon","coordinates":[[[-123.4342042407895,38.760536359471004],[-123.42679928357965,38.772269727556626],[-123.43574557736378,38.78257584883283],[-123.45209661448246,38.78114749080532],[-123.45949801147967,38.769414195746634],[-123.45055193245123,38.75910918557864],[-123.4342042407895,38.760536359471004]]]},"properties":{"h3_index":"8728310c4ffffff","station_count":60,"polygon_count":60,"coverage_type":"area","wetland_summary":"Woody Slope, Channel Vegetated, Channel Vegetated Woody","level1_summary":"Non-Tidal","program_id":"russian_river","program":"Russian River","resolution":7,"stations":[]}},{"type":"Feature","geometry":{"type":"Polygon","coordinates":[[[-123.45949801147967,38.769414195746634],[-123.45209661448246,38.78114749080532],[-123.4610446924851,38.79144974503835],[-123.47739394958153,38.790017593347166],[-123.48479178348009,38.778284373220906],[-123.47584392426042,38.76798322974333],[-123.45949801147967,38.769414195746634]]]},"properties":{"h3_index":"8728310c5ffffff","station_count":21,"polygon_count":21,"coverage_type":"area","wetland_summary":"Woody Slope, Depressional Vegetated, Channel Vegetated Woody","level1_summary":"Non-Tidal","program_id":"russian_river","program":"Russian River","resolution":7,"stations":[]}},{"type":"Feature","geometry":{"type":"Polygon","coordinates":[[[-123.3375911553236,38.791101122292325],[-123.33016792118714,38.80283003886445],[-123.33911303725291,38.813143358184675],[-123.35548118871618,38.811726650394014],[-123.36290086919844,38.79999779957128],[-123.35395595275703,38.7896855906805],[-123.3375911553236,38.791101122292325]]]},"properties":{"h3_index":"8728310d6ffffff","station_count":1,"polygon_count":1,"coverage_type":"area","wetland_summary":"Depressional Open Water","level1_summary":"Non-Tidal","program_id":"russian_river","program":"Russian River","resolution":7,"stations":[]}},{"type":"Feature","geometry":{"type":"Polygon","coordinates":[[[-123.45640660894067,38.72533012599197],[-123.44900790283718,38.737066557222036],[-123.45795198376874,38.74737432096489],[-123.47429455357637,38.74594454122688],[-123.48168969994272,38.734208184698154],[-123.47274583711702,38.72390153309608],[-123.45640660894067,38.72533012599197]]]},"properties":{"h3_index":"8728310e0ffffff","station_count":25,"polygon_count":25,"coverage_type":"area","wetland_summary":"Channel Vegetated, Depressional Vegetated, Channel","level1_summary":"Non-Tidal","program_id":"russian_river","program":"Russian River","resolution":7,"stations":[]}},{"type":"Feature","geometry":{"type":"Polygon","coordinates":[[[-123.48168969994272,38.734208184698154],[-123.47429455357637,38.74594454122688],[-123.48324041416062,38.756248439947356],[-123.499581199861,38.75481487024287],[-123.50697278361152,38.743078590322405],[-123.49802714515508,38.732775803388],[-123.48168969994272,38.734208184698154]]]},"properties":{"h3_index":"8728310e1ffffff","station_count":12,"polygon_count":12,"coverage_type":"area","wetland_summary":"Depressional Vegetated, Estuarine and Marine Beach, Rocky Shore","level1_summary":"Non-Tidal, Tidal","program_id":"russian_river","program":"Russian River","resolution":7,"stations":[]}},{"type":"Feature","geometry":{"type":"Polygon","coordinates":[[[-123.43266355528887,38.73849254640278],[-123.42525994543854,38.75022748392814],[-123.4342042407895,38.760536359471004],[-123.45055193245123,38.75910918557864],[-123.45795198376874,38.74737432096489],[-123.44900790283718,38.737066557222036],[-123.43266355528887,38.73849254640278]]]},"properties":{"h3_index":"8728310e2ffffff","station_count":28,"polygon_count":28,"coverage_type":"area","wetland_summary":"Channel Vegetated, Depressional Vegetated, Channel Vegetated Woody","level1_summary":"Non-Tidal","program_id":"russian_river","program":"Russian River","resolution":7,"stations":[]}},{"type":"Feature","geometry":{"type":"Polygon","coordinates":[[[-123.45795198376874,38.74737432096489],[-123.45055193245123,38.75910918557864],[-123.45949801147967,38.769414195746634],[-123.47584392426042,38.76798322974333],[-123.48324041416062,38.756248439947356],[-123.47429455357637,38.74594454122688],[-123.45795198376874,38.74737432096489]]]},"properties":{"h3_index":"8728310e3ffffff","station_count":224,"polygon_count":224,"coverage_type":"area","wetland_summary":"Woody Slope, Channel Vegetated, Channel Vegetated Woody","level1_summary":"Non-Tidal","program_id":"russian_river","program":"Russian River","resolution":7,"stations":[]}},{"type":"Feature","geometry":{"type":"Polygon","coordinates":[[[-123.45486188658428,38.70328161613388],[-123.44746452522938,38.715019611038265],[-123.45640660894067,38.72533012599197],[-123.47274583711702,38.72390153309608],[-123.48013964041387,38.71216361277481],[-123.47119777447038,38.70185421065635],[-123.45486188658428,38.70328161613388]]]},"properties":{"h3_index":"8728310e4ffffff","station_count":18,"polygon_count":18,"coverage_type":"area","wetland_summary":"Rocky Shore, Estuarine and Marine Beach, Depressional Open Water","level1_summary":"Tidal, Non-Tidal","program_id":"russian_river","program":"Russian River","resolution":7,"stations":[]}},{"type":"Feature","geometry":{"type":"Polygon","coordinates":[[[-123.48013964041387,38.71216361277481],[-123.47274583711702,38.72390153309608],[-123.48168969994272,38.734208184698154],[-123.49802714515508,38.732775803388],[-123.50541738751669,38.7210379595574],[-123.49647374647824,38.710732420436145],[-123.48013964041387,38.71216361277481]]]},"properties":{"h3_index":"8728310e5ffffff","station_count":21,"polygon_count":21,"coverage_type":"area","wetland_summary":"Rocky Shore, Seep/Spring, Estuarine and Marine Beach","level1_summary":"Tidal, Non-Tidal","program_id":"russian_river","program":"Russian River","resolution":7,"stations":[]}},{"type":"Feature","geometry":{"type":"Polygon","coordinates":[[[-123.43112352045166,38.71644441493145],[-123.42372125749401,38.72818091895606],[-123.43266355528887,38.73849254640278],[-123.44900790283718,38.737066557222036],[-123.45640660894067,38.72533012599197],[-123.44746452522938,38.715019611038265],[-123.43112352045166,38.71644441493145]]]},"properties":{"h3_index":"8728310e6ffffff","station_count":28,"polygon_count":28,"coverage_type":"area","wetland_summary":"Channel Vegetated, Depressional Vegetated, Channel Vegetated Woody","level1_summary":"Non-Tidal","program_id":"russian_river","program":"Russian River","resolution":7,"stations":[]}},{"type":"Feature","geometry":{"type":"Polygon","coordinates":[[[-123.50852883661197,38.76511490262787],[-123.50113591100937,38.776849615699746],[-123.51008554693196,38.78714689117672],[-123.52642788284135,38.78570834273636],[-123.53381724127021,38.773973708295046],[-123.5248678318406,38.7636775435532],[-123.50852883661197,38.76511490262787]]]},"properties":{"h3_index":"8728310e8ffffff","station_count":136,"polygon_count":136,"coverage_type":"area","wetland_summary":"Tidal Vegetated, Woody Slope, Tidal Vegetated Woody","level1_summary":"Tidal, Non-Tidal","program_id":"russian_river","program":"Russian River","resolution":7,"stations":[]}},{"type":"Feature","geometry":{"type":"Polygon","coordinates":[[[-123.48479178348009,38.778284373220906],[-123.47739394958153,38.790017593347166],[-123.48634380831415,38.800315979224365],[-123.50269127901393,38.798880034464865],[-123.51008554693196,38.78714689117672],[-123.50113591100937,38.776849615699746],[-123.48479178348009,38.778284373220906]]]},"properties":{"h3_index":"8728310eaffffff","station_count":29,"polygon_count":29,"coverage_type":"area","wetland_summary":"Channel Vegetated Woody, Woody Slope, Tidal Channel","level1_summary":"Non-Tidal, Tidal","program_id":"russian_river","program":"Russian River","resolution":7,"stations":[]}},{"type":"Feature","geometry":{"type":"Polygon","coordinates":[[[-123.51008554693196,38.78714689117672],[-123.50269127901393,38.798880034464865],[-123.51164291498581,38.80917455067902],[-123.52798859291664,38.807734813452136],[-123.53537929197641,38.796001748907976],[-123.52642788284135,38.78570834273636],[-123.51008554693196,38.78714689117672]]]},"properties":{"h3_index":"8728310ebffffff","station_count":1,"polygon_count":1,"coverage_type":"area","wetland_summary":"Tidal Vegetated","level1_summary":"Tidal","program_id":"russian_river","program":"Russian River","resolution":7,"stations":[]}},{"type":"Feature","geometry":{"type":"Polygon","coordinates":[[[-123.50697278361152,38.743078590322405],[-123.499581199861,38.75481487024287],[-123.50852883661197,38.76511490262787],[-123.5248678318406,38.7636775435532],[-123.53225585010073,38.75194134214811],[-123.5233084394993,38.741642421192],[-123.50697278361152,38.743078590322405]]]},"properties":{"h3_index":"8728310ecffffff","station_count":135,"polygon_count":135,"coverage_type":"area","wetland_summary":"Tidal Vegetated, Depressional Vegetated, Woody Slope","level1_summary":"Non-Tidal, Tidal","program_id":"russian_river","program":"Russian River","resolution":7,"stations":[]}},{"type":"Feature","geometry":{"type":"Polygon","coordinates":[[[-123.53225585010073,38.75194134214811],[-123.5248678318406,38.7636775435532],[-123.53381724127021,38.773973708295046],[-123.55015443966471,38.772532560452085],[-123.55753888956403,38.760796439469665],[-123.54858971030544,38.75050138579707],[-123.53225585010073,38.75194134214811]]]},"properties":{"h3_index":"8728310edffffff","station_count":29,"polygon_count":29,"coverage_type":"area","wetland_summary":"Tidal Vegetated Woody, Tidal Vegetated, Estuarine and Marine Beach","level1_summary":"Tidal, Non-Tidal","program_id":"russian_river","program":"Russian River","resolution":7,"stations":[]}},{"type":"Feature","geometry":{"type":"Polygon","coordinates":[[[-123.48324041416062,38.756248439947356],[-123.47584392426042,38.76798322974333],[-123.48479178348009,38.778284373220906],[-123.50113591100937,38.776849615699746],[-123.50852883661197,38.76511490262787],[-123.499581199861,38.75481487024287],[-123.48324041416062,38.756248439947356]]]},"properties":{"h3_index":"8728310eeffffff","station_count":130,"polygon_count":130,"coverage_type":"area","wetland_summary":"Woody Slope, Channel Vegetated, Depressional Vegetated","level1_summary":"Non-Tidal, Tidal","program_id":"russian_river","program":"Russian River","resolution":7,"stations":[]}},{"type":"Feature","geometry":{"type":"Polygon","coordinates":[[[-123.38361674277517,38.742757713439055],[-123.3762046738149,38.75449122186264],[-123.38514738870445,38.764805073265684],[-123.40150196673615,38.76338430432931],[-123.4089104812684,38.75165086512212],[-123.39996797307911,38.74133812552538],[-123.38361674277517,38.742757713439055]]]},"properties":{"h3_index":"8728310f0ffffff","station_count":100,"polygon_count":100,"coverage_type":"area","wetland_summary":"Channel Vegetated, Channel, Depressional Vegetated","level1_summary":"Non-Tidal","program_id":"russian_river","program":"Russian River","resolution":7,"stations":[]}},{"type":"Feature","geometry":{"type":"Polygon","coordinates":[[[-123.4089104812684,38.75165086512212],[-123.40150196673615,38.76338430432931],[-123.4104464728152,38.77369429133066],[-123.42679928357965,38.772269727556626],[-123.4342042407895,38.760536359471004],[-123.42525994543854,38.75022748392814],[-123.4089104812684,38.75165086512212]]]},"properties":{"h3_index":"8728310f1ffffff","station_count":111,"polygon_count":111,"coverage_type":"area","wetland_summary":"Woody Slope, Channel Vegetated, Channel","level1_summary":"Non-Tidal","program_id":"russian_river","program":"Russian River","resolution":7,"stations":[]}},{"type":"Feature","geometry":{"type":"Polygon","coordinates":[[[-123.35984833489655,38.75590819538275],[-123.35243136154676,38.7676401990851],[-123.36137427943758,38.77795516194996],[-123.3777339685604,38.77653700954124],[-123.38514738870445,38.764805073265684],[-123.3762046738149,38.75449122186264],[-123.35984833489655,38.75590819538275]]]},"properties":{"h3_index":"8728310f2ffffff","station_count":3,"polygon_count":3,"coverage_type":"area","wetland_summary":"Depressional Vegetated, Non-woody Slope","level1_summary":"Non-Tidal","program_id":"russian_river","program":"Russian River","resolution":7,"stations":[]}},{"type":"Feature","geometry":{"type":"Polygon","coordinates":[[[-123.38208674347561,38.72070603348394],[-123.37467602522966,38.73244111111481],[-123.38361674277517,38.742757713439055],[-123.39996797307911,38.74133812552538],[-123.40737513857364,38.72960311699437],[-123.39843462739728,38.71928762716767],[-123.38208674347561,38.72070603348394]]]},"properties":{"h3_index":"8728310f4ffffff","station_count":15,"polygon_count":15,"coverage_type":"area","wetland_summary":"Depressional Vegetated, Channel Vegetated, Channel","level1_summary":"Non-Tidal","program_id":"russian_river","program":"Russian River","resolution":7,"stations":[]}},{"type":"Feature","geometry":{"type":"Polygon","coordinates":[[[-123.40737513857364,38.72960311699437],[-123.39996797307911,38.74133812552538],[-123.4089104812684,38.75165086512212],[-123.42525994543854,38.75022748392814],[-123.43266355528887,38.73849254640278],[-123.42372125749401,38.72818091895606],[-123.40737513857364,38.72960311699437]]]},"properties":{"h3_index":"8728310f5ffffff","station_count":77,"polygon_count":77,"coverage_type":"area","wetland_summary":"Channel Vegetated, Channel, Depressional Vegetated","level1_summary":"Non-Tidal","program_id":"russian_river","program":"Russian River","resolution":7,"stations":[]}},{"type":"Feature","geometry":{"type":"Polygon","coordinates":[[[-123.35832303516861,38.73385690517188],[-123.35090741467877,38.74559048090686],[-123.35984833489655,38.75590819538275],[-123.3762046738149,38.75449122186264],[-123.38361674277517,38.742757713439055],[-123.37467602522966,38.73244111111481],[-123.35832303516861,38.73385690517188]]]},"properties":{"h3_index":"8728310f6ffffff","station_count":63,"polygon_count":63,"coverage_type":"area","wetland_summary":"Channel, Channel Vegetated, Channel Vegetated Woody","level1_summary":"Non-Tidal","program_id":"russian_river","program":"Russian River","resolution":7,"stations":[]}},{"type":"Feature","geometry":{"type":"Polygon","coordinates":[[[-123.24813858715382,38.56568489922979],[-123.24071693693577,38.57742809249387],[-123.24963868932585,38.58777766510216],[-123.26598190816482,38.58638292667181],[-123.2734000284834,38.57463979235597],[-123.2644784607459,38.564291337413664],[-123.24813858715382,38.56568489922979]]]},"properties":{"h3_index":"872831180ffffff","station_count":34,"polygon_count":34,"coverage_type":"area","wetland_summary":"Channel, Channel Vegetated, Woody Slope","level1_summary":"Non-Tidal","program_id":"russian_river","program":"Russian River","resolution":7,"stations":[]}},{"type":"Feature","geometry":{"type":"Polygon","coordinates":[[[-123.2734000284834,38.57463979235597],[-123.26598190816482,38.58638292667181],[-123.27490546579365,38.59672865175001],[-123.29124695595736,38.59533012507149],[-123.29866154347104,38.58358705161193],[-123.28973817450843,38.57324244386589],[-123.2734000284834,38.57463979235597]]]},"properties":{"h3_index":"872831181ffffff","station_count":42,"polygon_count":42,"coverage_type":"area","wetland_summary":"Woody Slope, Channel, Channel Vegetated","level1_summary":"Non-Tidal","program_id":"russian_river","program":"Russian River","resolution":7,"stations":[]}},{"type":"Feature","geometry":{"type":"Polygon","coordinates":[[[-123.22437199578867,38.57881904213919],[-123.21694546021814,38.59056073875562],[-123.22586739356126,38.60091142866552],[-123.24221568240662,38.59951930454897],[-123.24963868932585,38.58777766510216],[-123.24071693693577,38.57742809249387],[-123.22437199578867,38.57881904213919]]]},"properties":{"h3_index":"872831182ffffff","station_count":121,"polygon_count":121,"coverage_type":"area","wetland_summary":"Channel Vegetated Woody, Channel, Woody Slope","level1_summary":"Non-Tidal","program_id":"russian_river","program":"Russian River","resolution":7,"stations":[]}},{"type":"Feature","geometry":{"type":"Polygon","coordinates":[[[-123.24963868932585,38.58777766510216],[-123.24221568240662,38.59951930454897],[-123.25113942500482,38.609866146597156],[-123.26748599043681,38.608470232119984],[-123.27490546579365,38.59672865175001],[-123.26598190816482,38.58638292667181],[-123.24963868932585,38.58777766510216]]]},"properties":{"h3_index":"872831183ffffff","station_count":93,"polygon_count":93,"coverage_type":"area","wetland_summary":"Channel, Woody Slope, Channel Vegetated","level1_summary":"Non-Tidal","program_id":"russian_river","program":"Russian River","resolution":7,"stations":[]}},{"type":"Feature","geometry":{"type":"Polygon","coordinates":[[[-123.2466391180896,38.54358785435033],[-123.23921882409896,38.555332598462286],[-123.24813858715382,38.56568489922979],[-123.2644784607459,38.564291337413664],[-123.2718952264988,38.55254665211954],[-123.26297564778024,38.542195469715196],[-123.2466391180896,38.54358785435033]]]},"properties":{"h3_index":"872831184ffffff","station_count":30,"polygon_count":30,"coverage_type":"area","wetland_summary":"Woody Slope, Depressional Vegetated, Channel Vegetated","level1_summary":"Non-Tidal","program_id":"russian_river","program":"Russian River","resolution":7,"stations":[]}},{"type":"Feature","geometry":{"type":"Polygon","coordinates":[[[-123.2718952264988,38.55254665211954],[-123.2644784607459,38.564291337413664],[-123.2734000284834,38.57463979235597],[-123.28973817450843,38.57324244386589],[-123.29715140911978,38.56149781929829],[-123.2882300297297,38.551150482385545],[-123.2718952264988,38.55254665211954]]]},"properties":{"h3_index":"872831185ffffff","station_count":33,"polygon_count":33,"coverage_type":"area","wetland_summary":"Depressional Vegetated, Depressional Open Water, Woody Slope","level1_summary":"Non-Tidal","program_id":"russian_river","program":"Russian River","resolution":7,"stations":[]}},{"type":"Feature","geometry":{"type":"Polygon","coordinates":[[[-123.22287722930301,38.55672237306989],[-123.21545205209499,38.56846562337433],[-123.22437199578867,38.57881904213919],[-123.24071693693577,38.57742809249387],[-123.24813858715382,38.56568489922979],[-123.23921882409896,38.555332598462286],[-123.22287722930301,38.55672237306989]]]},"properties":{"h3_index":"872831186ffffff","station_count":68,"polygon_count":68,"coverage_type":"area","wetland_summary":"Channel, Channel Vegetated, Woody Slope","level1_summary":"Non-Tidal","program_id":"russian_river","program":"Russian River","resolution":7,"stations":[]}},{"type":"Feature","geometry":{"type":"Polygon","coordinates":[[[-123.3001723153651,38.605672001251484],[-123.29275637447766,38.61741352063715],[-123.30168372520374,38.62775266285557],[-123.318026824698,38.62634916928008],[-123.32543922821309,38.6146077127863],[-123.31651207048846,38.60426968686719],[-123.3001723153651,38.605672001251484]]]},"properties":{"h3_index":"872831188ffffff","station_count":81,"polygon_count":81,"coverage_type":"area","wetland_summary":"Non-woody Slope, Channel Vegetated, Channel","level1_summary":"Non-Tidal","program_id":"russian_river","program":"Russian River","resolution":7,"stations":[]}},{"type":"Feature","geometry":{"type":"Polygon","coordinates":[[[-123.32543922821309,38.6146077127863],[-123.318026824698,38.62634916928008],[-123.32695597429263,38.636684459541236],[-123.34329733126644,38.63527717723928],[-123.35070619451037,38.6235357855452],[-123.34177724193296,38.613201611244286],[-123.32543922821309,38.6146077127863]]]},"properties":{"h3_index":"872831189ffffff","station_count":126,"polygon_count":126,"coverage_type":"area","wetland_summary":"Woody Slope, Non-woody Slope, Channel Vegetated","level1_summary":"Non-Tidal","program_id":"russian_river","program":"Russian River","resolution":7,"stations":[]}},{"type":"Feature","geometry":{"type":"Polygon","coordinates":[[[-123.27641153883003,38.618813224935856],[-123.26899070796198,38.630553248395586],[-123.27791824799314,38.64089350655486],[-123.29426643047078,38.63949262520479],[-123.30168372520374,38.62775266285557],[-123.29275637447766,38.61741352063715],[-123.27641153883003,38.618813224935856]]]},"properties":{"h3_index":"87283118affffff","station_count":94,"polygon_count":94,"coverage_type":"area","wetland_summary":"Non-woody Slope, Channel, Channel Vegetated Woody","level1_summary":"Non-Tidal","program_id":"russian_river","program":"Russian River","resolution":7,"stations":[]}},{"type":"Feature","geometry":{"type":"Polygon","coordinates":[[[-123.30168372520374,38.62775266285557],[-123.29426643047078,38.63949262520479],[-123.30319577338899,38.649829031069984],[-123.31954221859928,38.64842435887299],[-123.32695597429263,38.636684459541236],[-123.318026824698,38.62634916928008],[-123.30168372520374,38.62775266285557]]]},"properties":{"h3_index":"87283118bffffff","station_count":36,"polygon_count":36,"coverage_type":"area","wetland_summary":"Channel, Non-woody Slope, Channel Vegetated","level1_summary":"Non-Tidal","program_id":"russian_river","program":"Russian River","resolution":7,"stations":[]}},{"type":"Feature","geometry":{"type":"Polygon","coordinates":[[[-123.29866154347104,38.58358705161193],[-123.29124695595736,38.59533012507149],[-123.3001723153651,38.605672001251484],[-123.31651207048846,38.60426968686719],[-123.32392312229587,38.59252667617218],[-123.31499795556783,38.582185916988],[-123.29866154347104,38.58358705161193]]]},"properties":{"h3_index":"87283118cffffff","station_count":53,"polygon_count":53,"coverage_type":"area","wetland_summary":"Depressional Vegetated, Woody Slope, Depressional Open Water","level1_summary":"Non-Tidal","program_id":"russian_river","program":"Russian River","resolution":7,"stations":[]}},{"type":"Feature","geometry":{"type":"Polygon","coordinates":[[[-123.32392312229587,38.59252667617218],[-123.31651207048846,38.60426968686719],[-123.32543922821309,38.6146077127863],[-123.34177724193296,38.613201611244286],[-123.34918475513685,38.60145866522224],[-123.3402577941052,38.59112175596015],[-123.32392312229587,38.59252667617218]]]},"properties":{"h3_index":"87283118dffffff","station_count":53,"polygon_count":53,"coverage_type":"area","wetland_summary":"Depressional Vegetated, Woody Slope, Channel Vegetated","level1_summary":"Non-Tidal","program_id":"russian_river","program":"Russian River","resolution":7,"stations":[]}},{"type":"Feature","geometry":{"type":"Polygon","coordinates":[[[-123.27490546579365,38.59672865175001],[-123.26748599043681,38.608470232119984],[-123.27641153883003,38.618813224935856],[-123.29275637447766,38.61741352063715],[-123.3001723153651,38.605672001251484],[-123.29124695595736,38.59533012507149],[-123.27490546579365,38.59672865175001]]]},"properties":{"h3_index":"87283118effffff","station_count":73,"polygon_count":73,"coverage_type":"area","wetland_summary":"Woody Slope, Channel Vegetated, Depressional Vegetated","level1_summary":"Non-Tidal","program_id":"russian_river","program":"Russian River","resolution":7,"stations":[]}},{"type":"Feature","geometry":{"type":"Polygon","coordinates":[[[-123.1753236171509,38.58297907738277],[-123.16788867086984,38.59471932621847],[-123.17680896472918,38.60507497987743],[-123.19316403252729,38.60368926732922],[-123.20059545433237,38.59194907197801],[-123.19167533370225,38.58159453558243],[-123.1753236171509,38.58297907738277]]]},"properties":{"h3_index":"872831190ffffff","station_count":7,"polygon_count":7,"coverage_type":"area","wetland_summary":"Channel, Channel Vegetated Woody, Channel Vegetated","level1_summary":"Non-Tidal","program_id":"russian_river","program":"Russian River","resolution":7,"stations":[]}},{"type":"Feature","geometry":{"type":"Polygon","coordinates":[[[-123.20059545433237,38.59194907197801],[-123.19316403252729,38.60368926732922],[-123.20208614311883,38.61404107417561],[-123.2184394991531,38.61265156862603],[-123.22586739356126,38.60091142866552],[-123.21694546021814,38.59056073875562],[-123.20059545433237,38.59194907197801]]]},"properties":{"h3_index":"872831191ffffff","station_count":10,"polygon_count":10,"coverage_type":"area","wetland_summary":"Depressional Vegetated, Seep/Spring, Non-woody Slope","level1_summary":"Non-Tidal","program_id":"russian_river","program":"Russian River","resolution":7,"stations":[]}},{"type":"Feature","geometry":{"type":"Polygon","coordinates":[[[-123.15153189768859,38.59610124524072],[-123.14409206556232,38.60783998641532],[-123.15301252893873,38.618196756969496],[-123.1693726558127,38.616813669345916],[-123.17680896472918,38.60507497987743],[-123.16788867086984,38.59471932621847],[-123.15153189768859,38.59610124524072]]]},"properties":{"h3_index":"872831192ffffff","station_count":5,"polygon_count":5,"coverage_type":"area","wetland_summary":"Depressional Vegetated, Seep/Spring","level1_summary":"Non-Tidal","program_id":"russian_river","program":"Russian River","resolution":7,"stations":[]}},{"type":"Feature","geometry":{"type":"Polygon","coordinates":[[[-123.17680896472918,38.60507497987743],[-123.1693726558127,38.616813669345916],[-123.17829493994321,38.62716659276285],[-123.19465336033868,38.62577971003263],[-123.20208614311883,38.61404107417561],[-123.19316403252729,38.60368926732922],[-123.17680896472918,38.60507497987743]]]},"properties":{"h3_index":"872831193ffffff","station_count":100,"polygon_count":100,"coverage_type":"area","wetland_summary":"Channel Vegetated Woody, Channel, Channel Vegetated","level1_summary":"Non-Tidal","program_id":"russian_river","program":"Russian River","resolution":7,"stations":[]}},{"type":"Feature","geometry":{"type":"Polygon","coordinates":[[[-123.17383889681277,38.56087889064819],[-123.16640531268948,38.572620695882925],[-123.1753236171509,38.58297907738277],[-123.19167533370225,38.58159453558243],[-123.19910539500877,38.56985278370341],[-123.19018726346717,38.55949552016095],[-123.17383889681277,38.56087889064819]]]},"properties":{"h3_index":"872831194ffffff","station_count":3,"polygon_count":3,"coverage_type":"area","wetland_summary":"Depressional Vegetated, Depressional Open Water","level1_summary":"Non-Tidal","program_id":"russian_river","program":"Russian River","resolution":7,"stations":[]}},{"type":"Feature","geometry":{"type":"Polygon","coordinates":[[[-123.19910539500877,38.56985278370341],[-123.19167533370225,38.58159453558243],[-123.20059545433237,38.59194907197801],[-123.21694546021814,38.59056073875562],[-123.22437199578867,38.57881904213919],[-123.21545205209499,38.56846562337433],[-123.19910539500877,38.56985278370341]]]},"properties":{"h3_index":"872831195ffffff","station_count":61,"polygon_count":61,"coverage_type":"area","wetland_summary":"Channel, Channel Vegetated Woody, Non-woody Slope","level1_summary":"Non-Tidal","program_id":"russian_river","program":"Russian River","resolution":7,"stations":[]}},{"type":"Feature","geometry":{"type":"Polygon","coordinates":[[[-123.15005189184933,38.574001445738936],[-123.14261342401733,38.585741746153104],[-123.15153189768859,38.59610124524072],[-123.16788867086984,38.59471932621847],[-123.1753236171509,38.58297907738277],[-123.16640531268948,38.572620695882925],[-123.15005189184933,38.574001445738936]]]},"properties":{"h3_index":"872831196ffffff","station_count":4,"polygon_count":4,"coverage_type":"area","wetland_summary":"Depressional Vegetated, Depressional Open Water","level1_summary":"Non-Tidal","program_id":"russian_river","program":"Russian River","resolution":7,"stations":[]}},{"type":"Feature","geometry":{"type":"Polygon","coordinates":[[[-123.22736342301873,38.62299952728133],[-123.2199341692975,38.6347381076213],[-123.22886008455939,38.64508333262621],[-123.24521507284598,38.643688861268885],[-123.25264079458991,38.63195033835171],[-123.24371506091035,38.62160622926057],[-123.22736342301873,38.62299952728133]]]},"properties":{"h3_index":"872831198ffffff","station_count":38,"polygon_count":38,"coverage_type":"area","wetland_summary":"Channel Vegetated Woody, Channel Vegetated, Channel","level1_summary":"Non-Tidal","program_id":"russian_river","program":"Russian River","resolution":7,"stations":[]}},{"type":"Feature","geometry":{"type":"Polygon","coordinates":[[[-123.25264079458991,38.63195033835171],[-123.24521507284598,38.643688861268885],[-123.25414279848086,38.6540302350098],[-123.27049606114083,38.65263197014327],[-123.27791824799314,38.64089350655486],[-123.26899070796198,38.630553248395586],[-123.25264079458991,38.63195033835171]]]},"properties":{"h3_index":"872831199ffffff","station_count":2,"polygon_count":2,"coverage_type":"area","wetland_summary":"Depressional Vegetated, Non-woody Slope","level1_summary":"Non-Tidal","program_id":"russian_river","program":"Russian River","resolution":7,"stations":[]}},{"type":"Feature","geometry":{"type":"Polygon","coordinates":[[[-123.20357746176508,38.63612878493133],[-123.19614331753313,38.64786585833105],[-123.20506941066846,38.65821219888747],[-123.22142947104943,38.65682035038432],[-123.22886008455939,38.64508333262621],[-123.2199341692975,38.6347381076213],[-123.20357746176508,38.63612878493133]]]},"properties":{"h3_index":"87283119affffff","station_count":101,"polygon_count":101,"coverage_type":"area","wetland_summary":"Channel Vegetated Woody, Channel Vegetated, Channel","level1_summary":"Non-Tidal","program_id":"russian_river","program":"Russian River","resolution":7,"stations":[]}},{"type":"Feature","geometry":{"type":"Polygon","coordinates":[[[-123.22886008455939,38.64508333262621],[-123.22142947104943,38.65682035038432],[-123.23035737858186,38.66716283934688],[-123.24671571861298,38.665767195221186],[-123.25414279848086,38.6540302350098],[-123.24521507284598,38.643688861268885],[-123.22886008455939,38.64508333262621]]]},"properties":{"h3_index":"87283119bffffff","station_count":123,"polygon_count":123,"coverage_type":"area","wetland_summary":"Channel Vegetated, Channel Vegetated Woody, Channel","level1_summary":"Non-Tidal","program_id":"russian_river","program":"Russian River","resolution":7,"stations":[]}},{"type":"Feature","geometry":{"type":"Polygon","coordinates":[[[-123.22586739356126,38.60091142866552],[-123.2184394991531,38.61265156862603],[-123.22736342301873,38.62299952728133],[-123.24371506091035,38.62160622926057],[-123.25113942500482,38.609866146597156],[-123.24221568240662,38.59951930454897],[-123.22586739356126,38.60091142866552]]]},"properties":{"h3_index":"87283119cffffff","station_count":20,"polygon_count":20,"coverage_type":"area","wetland_summary":"Depressional Vegetated, Channel, Channel Vegetated Woody","level1_summary":"Non-Tidal","program_id":"russian_river","program":"Russian River","resolution":7,"stations":[]}},{"type":"Feature","geometry":{"type":"Polygon","coordinates":[[[-123.25113942500482,38.609866146597156],[-123.24371506091035,38.62160622926057],[-123.25264079458991,38.63195033835171],[-123.26899070796198,38.630553248395586],[-123.27641153883003,38.618813224935856],[-123.26748599043681,38.608470232119984],[-123.25113942500482,38.609866146597156]]]},"properties":{"h3_index":"87283119dffffff","station_count":14,"polygon_count":14,"coverage_type":"area","wetland_summary":"Channel, Channel Vegetated Woody, Depressional Vegetated","level1_summary":"Non-Tidal","program_id":"russian_river","program":"Russian River","resolution":7,"stations":[]}},{"type":"Feature","geometry":{"type":"Polygon","coordinates":[[[-123.20208614311883,38.61404107417561],[-123.19465336033868,38.62577971003263],[-123.20357746176508,38.63612878493133],[-123.2199341692975,38.6347381076213],[-123.22736342301873,38.62299952728133],[-123.2184394991531,38.61265156862603],[-123.20208614311883,38.61404107417561]]]},"properties":{"h3_index":"87283119effffff","station_count":52,"polygon_count":52,"coverage_type":"area","wetland_summary":"Channel, Channel Vegetated, Channel Vegetated Woody","level1_summary":"Non-Tidal","program_id":"russian_river","program":"Russian River","resolution":7,"stations":[]}},{"type":"Feature","geometry":{"type":"Polygon","coordinates":[[[-123.26888752690704,38.50834755061861],[-123.26147346886843,38.520095328953246],[-123.27039105943992,38.53044923641371],[-123.28672252122033,38.52905424600289],[-123.29413305144064,38.517306528129886],[-123.28521564857985,38.50695374009742],[-123.26888752690704,38.50834755061861]]]},"properties":{"h3_index":"8728311a0ffffff","station_count":4,"polygon_count":4,"coverage_type":"area","wetland_summary":"Rocky Shore, Estuarine and Marine Beach","level1_summary":"Tidal","program_id":"russian_river","program":"Russian River","resolution":7,"stations":[]}},{"type":"Feature","geometry":{"type":"Polygon","coordinates":[[[-123.24514028173459,38.521486535841206],[-123.23772134349781,38.533232827828336],[-123.2466391180896,38.54358785435033],[-123.26297564778024,38.542195469715196],[-123.27039105943992,38.53044923641371],[-123.26147346886843,38.520095328953246],[-123.24514028173459,38.521486535841206]]]},"properties":{"h3_index":"8728311a2ffffff","station_count":27,"polygon_count":27,"coverage_type":"area","wetland_summary":"Depressional Vegetated, Woody Slope, Non-woody Slope","level1_summary":"Non-Tidal, Tidal","program_id":"russian_river","program":"Russian River","resolution":7,"stations":[]}},{"type":"Feature","geometry":{"type":"Polygon","coordinates":[[[-123.27039105943992,38.53044923641371],[-123.26297564778024,38.542195469715196],[-123.2718952264988,38.55254665211954],[-123.2882300297297,38.551150482385545],[-123.29564191191002,38.539404309679036],[-123.28672252122033,38.52905424600289],[-123.27039105943992,38.53044923641371]]]},"properties":{"h3_index":"8728311a3ffffff","station_count":22,"polygon_count":22,"coverage_type":"area","wetland_summary":"Rocky Shore, Estuarine and Marine Beach, Depressional Vegetated","level1_summary":"Tidal, Non-Tidal","program_id":"russian_river","program":"Russian River","resolution":7,"stations":[]}},{"type":"Feature","geometry":{"type":"Polygon","coordinates":[[[-123.24364207769045,38.499380949087026],[-123.23622449473422,38.51112878597334],[-123.24514028173459,38.521486535841206],[-123.26147346886843,38.520095328953246],[-123.26888752690704,38.50834755061861],[-123.2599719236113,38.497990920511796],[-123.24364207769045,38.499380949087026]]]},"properties":{"h3_index":"8728311a6ffffff","station_count":44,"polygon_count":44,"coverage_type":"area","wetland_summary":"Woody Slope, Non-woody Slope, Rocky Shore","level1_summary":"Non-Tidal, Tidal","program_id":"russian_river","program":"Russian River","resolution":7,"stations":[]}},{"type":"Feature","geometry":{"type":"Polygon","coordinates":[[[-123.3208928293364,38.54835175480123],[-123.3134844795336,38.56009786500326],[-123.32240765613788,38.5704413550558],[-123.33873898737929,38.56903761674321],[-123.3461438019105,38.557291570955385],[-123.33722082135169,38.54694919895695],[-123.3208928293364,38.54835175480123]]]},"properties":{"h3_index":"8728311a8ffffff","station_count":8,"polygon_count":8,"coverage_type":"area","wetland_summary":"Rocky Shore, Non-woody Slope, Estuarine and Marine Beach","level1_summary":"Tidal, Non-Tidal","program_id":"russian_river","program":"Russian River","resolution":7,"stations":[]}},{"type":"Feature","geometry":{"type":"Polygon","coordinates":[[[-123.29715140911978,38.56149781929829],[-123.28973817450843,38.57324244386589],[-123.29866154347104,38.58358705161193],[-123.31499795556783,38.582185916988],[-123.32240765613788,38.5704413550558],[-123.3134844795336,38.56009786500326],[-123.29715140911978,38.56149781929829]]]},"properties":{"h3_index":"8728311aaffffff","station_count":8,"polygon_count":8,"coverage_type":"area","wetland_summary":"Woody Slope, Depressional Vegetated, Non-woody Slope","level1_summary":"Non-Tidal","program_id":"russian_river","program":"Russian River","resolution":7,"stations":[]}},{"type":"Feature","geometry":{"type":"Polygon","coordinates":[[[-123.32240765613788,38.5704413550558],[-123.31499795556783,38.582185916988],[-123.32392312229587,38.59252667617218],[-123.3402577941052,38.59112175596015],[-123.34766395773828,38.57937725857243],[-123.33873898737929,38.56903761674321],[-123.32240765613788,38.5704413550558]]]},"properties":{"h3_index":"8728311abffffff","station_count":38,"polygon_count":38,"coverage_type":"area","wetland_summary":"Non-woody Slope, Seep/Spring, Rocky Shore","level1_summary":"Non-Tidal, Tidal","program_id":"russian_river","program":"Russian River","resolution":7,"stations":[]}},{"type":"Feature","geometry":{"type":"Polygon","coordinates":[[[-123.29564191191002,38.539404309679036],[-123.2882300297297,38.551150482385545],[-123.29715140911978,38.56149781929829],[-123.3134844795336,38.56009786500326],[-123.3208928293364,38.54835175480123],[-123.31197164198356,38.53800553628091],[-123.29564191191002,38.539404309679036]]]},"properties":{"h3_index":"8728311aeffffff","station_count":31,"polygon_count":31,"coverage_type":"area","wetland_summary":"Woody Slope, Rocky Shore, Estuarine and Marine Beach","level1_summary":"Tidal, Non-Tidal","program_id":"russian_river","program":"Russian River","resolution":7,"stations":[]}},{"type":"Feature","geometry":{"type":"Polygon","coordinates":[[[-123.1961271631642,38.52564737041847],[-123.18869982142603,38.537392226440716],[-123.1976159647515,38.547752214723836],[-123.21395927438623,38.546366227853646],[-123.22138309370663,38.534621426832395],[-123.21246712669473,38.52426255757213],[-123.1961271631642,38.52564737041847]]]},"properties":{"h3_index":"8728311b0ffffff","station_count":71,"polygon_count":71,"coverage_type":"area","wetland_summary":"Channel, Channel Vegetated, Woody Slope","level1_summary":"Non-Tidal","program_id":"russian_river","program":"Russian River","resolution":7,"stations":[]}},{"type":"Feature","geometry":{"type":"Polygon","coordinates":[[[-123.22138309370663,38.534621426832395],[-123.21395927438623,38.546366227853646],[-123.22287722930301,38.55672237306989],[-123.23921882409896,38.555332598462286],[-123.2466391180896,38.54358785435033],[-123.23772134349781,38.533232827828336],[-123.22138309370663,38.534621426832395]]]},"properties":{"h3_index":"8728311b1ffffff","station_count":41,"polygon_count":41,"coverage_type":"area","wetland_summary":"Channel Vegetated, Woody Slope, Channel","level1_summary":"Non-Tidal","program_id":"russian_river","program":"Russian River","resolution":7,"stations":[]}},{"type":"Feature","geometry":{"type":"Polygon","coordinates":[[[-123.17235480331958,38.53877442505018],[-123.16492258087658,38.550517783712486],[-123.17383889681277,38.56087889064819],[-123.19018726346717,38.55949552016095],[-123.1976159647515,38.547752214723836],[-123.18869982142603,38.537392226440716],[-123.17235480331958,38.53877442505018]]]},"properties":{"h3_index":"8728311b2ffffff","station_count":10,"polygon_count":10,"coverage_type":"area","wetland_summary":"Seep/Spring, Depressional Vegetated, Non-woody Slope","level1_summary":"Non-Tidal","program_id":"russian_river","program":"Russian River","resolution":7,"stations":[]}},{"type":"Feature","geometry":{"type":"Polygon","coordinates":[[[-123.1976159647515,38.547752214723836],[-123.19018726346717,38.55949552016095],[-123.19910539500877,38.56985278370341],[-123.21545205209499,38.56846562337433],[-123.22287722930301,38.55672237306989],[-123.21395927438623,38.546366227853646],[-123.1976159647515,38.547752214723836]]]},"properties":{"h3_index":"8728311b3ffffff","station_count":43,"polygon_count":43,"coverage_type":"area","wetland_summary":"Channel, Channel Vegetated Woody, Channel Vegetated","level1_summary":"Non-Tidal","program_id":"russian_river","program":"Russian River","resolution":7,"stations":[]}},{"type":"Feature","geometry":{"type":"Polygon","coordinates":[[[-123.19463898985101,38.50353825617365],[-123.18721300718312,38.51528465980479],[-123.1961271631642,38.52564737041847],[-123.21246712669473,38.52426255757213],[-123.21988958860227,38.512516208808535],[-123.21097560862377,38.502154617915586],[-123.19463898985101,38.50353825617365]]]},"properties":{"h3_index":"8728311b4ffffff","station_count":11,"polygon_count":11,"coverage_type":"area","wetland_summary":"Woody Slope, Depressional Vegetated, Depressional Open Water","level1_summary":"Non-Tidal","program_id":"russian_river","program":"Russian River","resolution":7,"stations":[]}},{"type":"Feature","geometry":{"type":"Polygon","coordinates":[[[-123.21988958860227,38.512516208808535],[-123.21246712669473,38.52426255757213],[-123.22138309370663,38.534621426832395],[-123.23772134349781,38.533232827828336],[-123.24514028173459,38.521486535841206],[-123.23622449473422,38.51112878597334],[-123.21988958860227,38.512516208808535]]]},"properties":{"h3_index":"8728311b5ffffff","station_count":12,"polygon_count":12,"coverage_type":"area","wetland_summary":"Woody Slope, Depressional Vegetated, Non-woody Slope","level1_summary":"Non-Tidal","program_id":"russian_river","program":"Russian River","resolution":7,"stations":[]}},{"type":"Feature","geometry":{"type":"Polygon","coordinates":[[[-123.17087133627642,38.51666568597238],[-123.16344047503654,38.52841059508751],[-123.17235480331958,38.53877442505018],[-123.18869982142603,38.537392226440716],[-123.1961271631642,38.52564737041847],[-123.18721300718312,38.51528465980479],[-123.17087133627642,38.51666568597238]]]},"properties":{"h3_index":"8728311b6ffffff","station_count":49,"polygon_count":49,"coverage_type":"area","wetland_summary":"Woody Slope, Channel, Depressional Vegetated","level1_summary":"Non-Tidal","program_id":"russian_river","program":"Russian River","resolution":7,"stations":[]}},{"type":"Feature","geometry":{"type":"Polygon","coordinates":[[[-122.91450157286879,38.749185383230575],[-122.90701144935927,38.760907203260714],[-122.91593539620159,38.77127238457779],[-122.93234933504249,38.769914633264925],[-122.93983594668933,38.758192847256126],[-122.93091213226045,38.74782877843239],[-122.91450157286879,38.749185383230575]]]},"properties":{"h3_index":"872831400ffffff","station_count":19,"polygon_count":19,"coverage_type":"area","wetland_summary":"Channel, Channel Vegetated, Seep/Spring","level1_summary":"Non-Tidal","program_id":"russian_river","program":"Russian River","resolution":7,"stations":[]}},{"type":"Feature","geometry":{"type":"Polygon","coordinates":[[[-122.93983594668933,38.758192847256126],[-122.93234933504249,38.769914633264925],[-122.94127514359613,38.78027596261344],[-122.95768742823385,38.778914393655555],[-122.96517052503276,38.76719264356419],[-122.95624485294357,38.756832426406625],[-122.93983594668933,38.758192847256126]]]},"properties":{"h3_index":"872831401ffffff","station_count":24,"polygon_count":24,"coverage_type":"area","wetland_summary":"Depressional Vegetated, Channel, Channel Vegetated Woody","level1_summary":"Non-Tidal","program_id":"russian_river","program":"Russian River","resolution":7,"stations":[]}},{"type":"Feature","geometry":{"type":"Polygon","coordinates":[[[-122.89059586276375,38.76226113643882],[-122.88310084203219,38.77398139518442],[-122.89202491752003,38.78434768861938],[-122.90844388599783,38.78299261108452],[-122.91593539620159,38.77127238457779],[-122.90701144935927,38.760907203260714],[-122.89059586276375,38.76226113643882]]]},"properties":{"h3_index":"872831402ffffff","station_count":72,"polygon_count":72,"coverage_type":"area","wetland_summary":"Channel, Channel Vegetated, Depressional Vegetated","level1_summary":"Non-Tidal","program_id":"russian_river","program":"Russian River","resolution":7,"stations":[]}},{"type":"Feature","geometry":{"type":"Polygon","coordinates":[[[-122.91593539620159,38.77127238457779],[-122.90844388599783,38.78299261108452],[-122.91736982725064,38.793355052250796],[-122.93378714691111,38.791996154986094],[-122.94127514359613,38.78027596261344],[-122.93234933504249,38.769914633264925],[-122.91593539620159,38.77127238457779]]]},"properties":{"h3_index":"872831403ffffff","station_count":20,"polygon_count":20,"coverage_type":"area","wetland_summary":"Depressional Vegetated, Channel Vegetated Woody, Non-woody Slope","level1_summary":"Non-Tidal","program_id":"russian_river","program":"Russian River","resolution":7,"stations":[]}},{"type":"Feature","geometry":{"type":"Polygon","coordinates":[[[-122.91306835686791,38.72709405354119],[-122.90557961955949,38.7388174641467],[-122.91450157286879,38.749185383230575],[-122.93091213226045,38.74782877843239],[-122.93839735936116,38.736105401733724],[-122.9294755381799,38.72573859581995],[-122.91306835686791,38.72709405354119]]]},"properties":{"h3_index":"872831404ffffff","station_count":1424,"polygon_count":1424,"coverage_type":"area","wetland_summary":"Channel Vegetated, Channel Vegetated Woody, Channel","level1_summary":"Non-Tidal","program_id":"russian_river","program":"Russian River","resolution":7,"stations":[]}},{"type":"Feature","geometry":{"type":"Polygon","coordinates":[[[-122.93839735936116,38.736105401733724],[-122.93091213226045,38.74782877843239],[-122.93983594668933,38.758192847256126],[-122.95624485294357,38.756832426406625],[-122.96372656685294,38.74510908551154],[-122.95480288860055,38.73474612955577],[-122.93839735936116,38.736105401733724]]]},"properties":{"h3_index":"872831405ffffff","station_count":408,"polygon_count":408,"coverage_type":"area","wetland_summary":"Channel Vegetated, Channel Vegetated Woody, Channel","level1_summary":"Non-Tidal","program_id":"russian_river","program":"Russian River","resolution":7,"stations":[]}},{"type":"Feature","geometry":{"type":"Polygon","coordinates":[[[-122.88916741347496,38.74017025240608],[-122.88167378109209,38.751892104561755],[-122.89059586276375,38.76226113643882],[-122.90701144935927,38.760907203260714],[-122.91450157286879,38.749185383230575],[-122.90557961955949,38.7388174641467],[-122.88916741347496,38.74017025240608]]]},"properties":{"h3_index":"872831406ffffff","station_count":33,"polygon_count":33,"coverage_type":"area","wetland_summary":"Depressional Vegetated, Depressional Open Water, Non-woody Slope","level1_summary":"Non-Tidal","program_id":"russian_river","program":"Russian River","resolution":7,"stations":[]}},{"type":"Feature","geometry":{"type":"Polygon","coordinates":[[[-122.9666150950373,38.78927186963237],[-122.95913061485797,38.80099202597556],[-122.96806027725368,38.81134675839302],[-122.98447427992376,38.809980223150426],[-122.99195524061446,38.79826010473238],[-122.98302571902508,38.787906483524914],[-122.9666150950373,38.78927186963237]]]},"properties":{"h3_index":"872831408ffffff","station_count":7,"polygon_count":7,"coverage_type":"area","wetland_summary":"Depressional Vegetated, Non-woody Slope","level1_summary":"Non-Tidal","program_id":"russian_river","program":"Russian River","resolution":7,"stations":[]}},{"type":"Feature","geometry":{"type":"Polygon","coordinates":[[[-122.99195524061446,38.79826010473238],[-122.98447427992376,38.809980223150426],[-122.9934057976928,38.82033109909862],[-123.00981813219335,38.81896074561934],[-123.01729557041665,38.807240667022306],[-123.00836419750736,38.79689090197649],[-122.99195524061446,38.79826010473238]]]},"properties":{"h3_index":"872831409ffffff","station_count":173,"polygon_count":173,"coverage_type":"area","wetland_summary":"Channel Vegetated Woody, Channel Vegetated, Woody Slope","level1_summary":"Non-Tidal","program_id":"russian_river","program":"Russian River","resolution":7,"stations":[]}},{"type":"Feature","geometry":{"type":"Polygon","coordinates":[[[-122.94271495046732,38.80235474247808],[-122.93522556825185,38.814073338271676],[-122.94415536768895,38.8244291815297],[-122.96057441320285,38.823065318046865],[-122.96806027725368,38.81134675839302],[-122.95913061485797,38.80099202597556],[-122.94271495046732,38.80235474247808]]]},"properties":{"h3_index":"87283140affffff","station_count":165,"polygon_count":165,"coverage_type":"area","wetland_summary":"Channel Vegetated, Channel Vegetated Woody, Channel","level1_summary":"Non-Tidal","program_id":"russian_river","program":"Russian River","resolution":7,"stations":[]}},{"type":"Feature","geometry":{"type":"Polygon","coordinates":[[[-122.96806027725368,38.81134675839302],[-122.96057441320285,38.823065318046865],[-122.96950607206932,38.83341730453023],[-122.98592345479109,38.8320496207177],[-122.9934057976928,38.82033109909862],[-122.98447427992376,38.809980223150426],[-122.96806027725368,38.81134675839302]]]},"properties":{"h3_index":"87283140bffffff","station_count":56,"polygon_count":56,"coverage_type":"area","wetland_summary":"Channel Vegetated, Channel Vegetated Woody, Channel","level1_summary":"Non-Tidal","program_id":"russian_river","program":"Russian River","resolution":7,"stations":[]}},{"type":"Feature","geometry":{"type":"Polygon","coordinates":[[[-122.96517052503276,38.76719264356419],[-122.95768742823385,38.778914393655555],[-122.9666150950373,38.78927186963237],[-122.98302571902508,38.787906483524914],[-122.99050529799482,38.776184771247266],[-122.98157777170677,38.76582840715652],[-122.96517052503276,38.76719264356419]]]},"properties":{"h3_index":"87283140cffffff","station_count":255,"polygon_count":255,"coverage_type":"area","wetland_summary":"Channel Vegetated Woody, Channel Vegetated, Woody Slope","level1_summary":"Non-Tidal","program_id":"russian_river","program":"Russian River","resolution":7,"stations":[]}},{"type":"Feature","geometry":{"type":"Polygon","coordinates":[[[-122.99050529799482,38.776184771247266],[-122.98302571902508,38.787906483524914],[-122.99195524061446,38.79826010473238],[-123.00836419750736,38.79689090197649],[-123.0158402556708,38.7851692294091],[-123.00691087864764,38.77481671978032],[-122.99050529799482,38.776184771247266]]]},"properties":{"h3_index":"87283140dffffff","station_count":319,"polygon_count":319,"coverage_type":"area","wetland_summary":"Channel Vegetated, Channel Vegetated Woody, Depressional Vegetated","level1_summary":"Non-Tidal","program_id":"russian_river","program":"Russian River","resolution":7,"stations":[]}},{"type":"Feature","geometry":{"type":"Polygon","coordinates":[[[-122.94127514359613,38.78027596261344],[-122.93378714691111,38.791996154986094],[-122.94271495046732,38.80235474247808],[-122.95913061485797,38.80099202597556],[-122.9666150950373,38.78927186963237],[-122.95768742823385,38.778914393655555],[-122.94127514359613,38.78027596261344]]]},"properties":{"h3_index":"87283140effffff","station_count":19,"polygon_count":19,"coverage_type":"area","wetland_summary":"Depressional Vegetated, Channel, Non-woody Slope","level1_summary":"Non-Tidal","program_id":"russian_river","program":"Russian River","resolution":7,"stations":[]}},{"type":"Feature","geometry":{"type":"Polygon","coordinates":[[[-122.8413357781803,38.76630994483242],[-122.83383235323284,38.77802866623986],[-122.84275468031282,38.7883999225693],[-122.85918031242994,38.78705134534837],[-122.86668023119144,38.7753326525031],[-122.85775802492792,38.764962508210594],[-122.8413357781803,38.76630994483242]]]},"properties":{"h3_index":"872831410ffffff","station_count":16,"polygon_count":16,"coverage_type":"area","wetland_summary":"Channel, Depressional Vegetated, Channel Vegetated Woody","level1_summary":"Non-Tidal","program_id":"russian_river","program":"Russian River","resolution":7,"stations":[]}},{"type":"Feature","geometry":{"type":"Polygon","coordinates":[[[-122.86668023119144,38.7753326525031],[-122.85918031242994,38.78705134534837],[-122.86810451279052,38.797418750524926],[-122.88452850794518,38.79606635100843],[-122.89202491752003,38.78434768861938],[-122.88310084203219,38.77398139518442],[-122.86668023119144,38.7753326525031]]]},"properties":{"h3_index":"872831411ffffff","station_count":29,"polygon_count":29,"coverage_type":"area","wetland_summary":"Channel, Depressional Vegetated, Channel Vegetated Woody","level1_summary":"Non-Tidal","program_id":"russian_river","program":"Russian River","resolution":7,"stations":[]}},{"type":"Feature","geometry":{"type":"Polygon","coordinates":[[[-122.81740509061511,38.779373420687996],[-122.80989676818824,38.79109056979747],[-122.81881921230452,38.80146293778444],[-122.83524986271883,38.80011704489856],[-122.84275468031282,38.7883999225693],[-122.83383235323284,38.77802866623986],[-122.81740509061511,38.779373420687996]]]},"properties":{"h3_index":"872831412ffffff","station_count":18,"polygon_count":18,"coverage_type":"area","wetland_summary":"Depressional Vegetated, Channel, Non-woody Slope","level1_summary":"Non-Tidal","program_id":"russian_river","program":"Russian River","resolution":7,"stations":[]}},{"type":"Feature","geometry":{"type":"Polygon","coordinates":[[[-122.84275468031282,38.7883999225693],[-122.83524986271883,38.80011704489856],[-122.84417418417456,38.81048556143967],[-122.86060320303584,38.80913584418092],[-122.86810451279052,38.797418750524926],[-122.85918031242994,38.78705134534837],[-122.84275468031282,38.7883999225693]]]},"properties":{"h3_index":"872831413ffffff","station_count":25,"polygon_count":25,"coverage_type":"area","wetland_summary":"Channel, Depressional Vegetated, Channel Vegetated","level1_summary":"Non-Tidal","program_id":"russian_river","program":"Russian River","resolution":7,"stations":[]}},{"type":"Feature","geometry":{"type":"Polygon","coordinates":[[[-122.83991747739614,38.74421563356],[-122.83241544459808,38.75593595109889],[-122.8413357781803,38.76630994483242],[-122.85775802492792,38.764962508210594],[-122.86525655319224,38.753242219121],[-122.85633634014822,38.74286933809799],[-122.83991747739614,38.74421563356]]]},"properties":{"h3_index":"872831414ffffff","station_count":69,"polygon_count":69,"coverage_type":"area","wetland_summary":"Channel, Channel Vegetated Woody, Channel Vegetated","level1_summary":"Non-Tidal","program_id":"russian_river","program":"Russian River","resolution":7,"stations":[]}},{"type":"Feature","geometry":{"type":"Polygon","coordinates":[[[-122.86525655319224,38.753242219121],[-122.85775802492792,38.764962508210594],[-122.86668023119144,38.7753326525031],[-122.88310084203219,38.77398139518442],[-122.89059586276375,38.76226113643882],[-122.88167378109209,38.751892104561755],[-122.86525655319224,38.753242219121]]]},"properties":{"h3_index":"872831415ffffff","station_count":55,"polygon_count":55,"coverage_type":"area","wetland_summary":"Channel, Channel Vegetated, Channel Vegetated Woody","level1_summary":"Non-Tidal","program_id":"russian_river","program":"Russian River","resolution":7,"stations":[]}},{"type":"Feature","geometry":{"type":"Polygon","coordinates":[[[-122.81599156840137,38.757279566548924],[-122.80848464027277,38.76899831462479],[-122.81740509061511,38.779373420687996],[-122.83383235323284,38.77802866623986],[-122.8413357781803,38.76630994483242],[-122.83241544459808,38.75593595109889],[-122.81599156840137,38.757279566548924]]]},"properties":{"h3_index":"872831416ffffff","station_count":47,"polygon_count":47,"coverage_type":"area","wetland_summary":"Channel, Channel Vegetated, Channel Vegetated Woody","level1_summary":"Non-Tidal","program_id":"russian_river","program":"Russian River","resolution":7,"stations":[]}},{"type":"Feature","geometry":{"type":"Polygon","coordinates":[[[-122.89345457812702,38.80642990361852],[-122.88595677921401,38.818146966707864],[-122.8948848449683,38.82850777611419],[-122.91131058132767,38.827150411553895],[-122.91880486640056,38.81543338092481],[-122.90987692985914,38.80507368228939],[-122.89345457812702,38.80642990361852]]]},"properties":{"h3_index":"872831418ffffff","station_count":14,"polygon_count":14,"coverage_type":"area","wetland_summary":"Channel Vegetated Woody, Channel Vegetated, Depressional Vegetated","level1_summary":"Non-Tidal","program_id":"russian_river","program":"Russian River","resolution":7,"stations":[]}},{"type":"Feature","geometry":{"type":"Polygon","coordinates":[[[-122.91880486640056,38.81543338092481],[-122.91131058132767,38.827150411553895],[-122.92024051403638,38.83750736528225],[-122.93666459945047,38.836146177804636],[-122.94415536768895,38.8244291815297],[-122.93522556825185,38.814073338271676],[-122.91880486640056,38.81543338092481]]]},"properties":{"h3_index":"872831419ffffff","station_count":74,"polygon_count":74,"coverage_type":"area","wetland_summary":"Channel, Channel Vegetated, Channel Vegetated Woody","level1_summary":"Non-Tidal","program_id":"russian_river","program":"Russian River","resolution":7,"stations":[]}},{"type":"Feature","geometry":{"type":"Polygon","coordinates":[[[-122.86952939837168,38.81950050785999],[-122.86202669712755,38.83121599938512],[-122.8709548883174,38.84157791918905],[-122.8873856562221,38.84022323696401],[-122.8948848449683,38.82850777611419],[-122.88595677921401,38.818146966707864],[-122.86952939837168,38.81950050785999]]]},"properties":{"h3_index":"87283141affffff","station_count":91,"polygon_count":91,"coverage_type":"area","wetland_summary":"Channel, Channel Vegetated Woody, Channel Vegetated","level1_summary":"Non-Tidal","program_id":"russian_river","program":"Russian River","resolution":7,"stations":[]}},{"type":"Feature","geometry":{"type":"Polygon","coordinates":[[[-122.8948848449683,38.82850777611419],[-122.8873856562221,38.84022323696401],[-122.89631571842776,38.85058130079163],[-122.91274484078815,38.84922279356376],[-122.92024051403638,38.83750736528225],[-122.91131058132767,38.827150411553895],[-122.8948848449683,38.82850777611419]]]},"properties":{"h3_index":"87283141bffffff","station_count":64,"polygon_count":64,"coverage_type":"area","wetland_summary":"Channel Vegetated, Channel Vegetated Woody, Channel","level1_summary":"Non-Tidal","program_id":"russian_river","program":"Russian River","resolution":7,"stations":[]}},{"type":"Feature","geometry":{"type":"Polygon","coordinates":[[[-122.89202491752003,38.78434768861938],[-122.88452850794518,38.79606635100843],[-122.89345457812702,38.80642990361852],[-122.90987692985914,38.80507368228939],[-122.91736982725064,38.793355052250796],[-122.90844388599783,38.78299261108452],[-122.89202491752003,38.78434768861938]]]},"properties":{"h3_index":"87283141cffffff","station_count":123,"polygon_count":123,"coverage_type":"area","wetland_summary":"Channel, Channel Vegetated, Channel Vegetated Woody","level1_summary":"Non-Tidal","program_id":"russian_river","program":"Russian River","resolution":7,"stations":[]}},{"type":"Feature","geometry":{"type":"Polygon","coordinates":[[[-122.91736982725064,38.793355052250796],[-122.90987692985914,38.80507368228939],[-122.91880486640056,38.81543338092481],[-122.93522556825185,38.814073338271676],[-122.94271495046732,38.80235474247808],[-122.93378714691111,38.791996154986094],[-122.91736982725064,38.793355052250796]]]},"properties":{"h3_index":"87283141dffffff","station_count":131,"polygon_count":131,"coverage_type":"area","wetland_summary":"Channel Vegetated Woody, Channel Vegetated, Channel","level1_summary":"Non-Tidal","program_id":"russian_river","program":"Russian River","resolution":7,"stations":[]}},{"type":"Feature","geometry":{"type":"Polygon","coordinates":[[[-122.86810451279052,38.797418750524926],[-122.86060320303584,38.80913584418092],[-122.86952939837168,38.81950050785999],[-122.88595677921401,38.818146966707864],[-122.89345457812702,38.80642990361852],[-122.88452850794518,38.79606635100843],[-122.86810451279052,38.797418750524926]]]},"properties":{"h3_index":"87283141effffff","station_count":11,"polygon_count":11,"coverage_type":"area","wetland_summary":"Depressional Vegetated, Channel, Seep/Spring","level1_summary":"Non-Tidal","program_id":"russian_river","program":"Russian River","resolution":7,"stations":[]}},{"type":"Feature","geometry":{"type":"Polygon","coordinates":[[[-122.9355220118996,38.69191754154002],[-122.92803955241601,38.7036440907663],[-122.93695938122629,38.71401363138102],[-122.95336153481868,38.71265550843724],[-122.96084048442079,38.700928994781506],[-122.95192079121206,38.69056056839245],[-122.9355220118996,38.69191754154002]]]},"properties":{"h3_index":"872831420ffffff","station_count":75,"polygon_count":75,"coverage_type":"area","wetland_summary":"Channel Vegetated, Channel Vegetated Woody, Depressional Vegetated","level1_summary":"Non-Tidal","program_id":"russian_river","program":"Russian River","resolution":7,"stations":[]}},{"type":"Feature","geometry":{"type":"Polygon","coordinates":[[[-122.96084048442079,38.700928994781506],[-122.95336153481868,38.71265550843724],[-122.9622832201111,38.72302120080481],[-122.9786837162601,38.72165926548837],[-122.98615915300444,38.70993278930145],[-122.97723760735681,38.699568210855396],[-122.96084048442079,38.700928994781506]]]},"properties":{"h3_index":"872831421ffffff","station_count":192,"polygon_count":192,"coverage_type":"area","wetland_summary":"Channel Vegetated, Channel Vegetated Woody, Channel","level1_summary":"Non-Tidal","program_id":"russian_river","program":"Russian River","resolution":7,"stations":[]}},{"type":"Feature","geometry":{"type":"Polygon","coordinates":[[[-122.91163574781493,38.70499840084886],[-122.90414839621468,38.716723399078376],[-122.91306835686791,38.72709405354119],[-122.9294755381799,38.72573859581995],[-122.93695938122629,38.71401363138102],[-122.92803955241601,38.7036440907663],[-122.91163574781493,38.70499840084886]]]},"properties":{"h3_index":"872831422ffffff","station_count":1117,"polygon_count":1117,"coverage_type":"area","wetland_summary":"Channel Vegetated, Channel Vegetated Woody, Channel","level1_summary":"Non-Tidal","program_id":"russian_river","program":"Russian River","resolution":7,"stations":[]}},{"type":"Feature","geometry":{"type":"Polygon","coordinates":[[[-122.93695938122629,38.71401363138102],[-122.9294755381799,38.72573859581995],[-122.93839735936116,38.736105401733724],[-122.95480288860055,38.73474612955577],[-122.9622832201111,38.72302120080481],[-122.95336153481868,38.71265550843724],[-122.93695938122629,38.71401363138102]]]},"properties":{"h3_index":"872831423ffffff","station_count":41,"polygon_count":41,"coverage_type":"area","wetland_summary":"Depressional Vegetated, Depressional Open Water, Woody Slope","level1_summary":"Non-Tidal","program_id":"russian_river","program":"Russian River","resolution":7,"stations":[]}},{"type":"Feature","geometry":{"type":"Polygon","coordinates":[[[-122.93408525099638,38.669817137559896],[-122.92660417458428,38.68154526861732],[-122.9355220118996,38.69191754154002],[-122.95192079121206,38.69056056839245],[-122.95939835939586,38.6788324727864],[-122.95048065739508,38.66846131477001],[-122.93408525099638,38.669817137559896]]]},"properties":{"h3_index":"872831424ffffff","station_count":137,"polygon_count":137,"coverage_type":"area","wetland_summary":"Channel Vegetated, Channel, Channel Vegetated Woody","level1_summary":"Non-Tidal","program_id":"russian_river","program":"Russian River","resolution":7,"stations":[]}},{"type":"Feature","geometry":{"type":"Polygon","coordinates":[[[-122.95939835939586,38.6788324727864],[-122.95192079121206,38.69056056839245],[-122.96084048442079,38.700928994781506],[-122.97723760735681,38.699568210855396],[-122.98471166433771,38.687840152599634],[-122.97579211048424,38.67747284081297],[-122.95939835939586,38.6788324727864]]]},"properties":{"h3_index":"872831425ffffff","station_count":123,"polygon_count":123,"coverage_type":"area","wetland_summary":"Channel Vegetated, Channel, Channel Vegetated Woody","level1_summary":"Non-Tidal","program_id":"russian_river","program":"Russian River","resolution":7,"stations":[]}},{"type":"Feature","geometry":{"type":"Polygon","coordinates":[[[-122.91020374532623,38.68289843050003],[-122.9027177789414,38.694625013398884],[-122.91163574781493,38.70499840084886],[-122.92803955241601,38.7036440907663],[-122.9355220118996,38.69191754154002],[-122.92660417458428,38.68154526861732],[-122.91020374532623,38.68289843050003]]]},"properties":{"h3_index":"872831426ffffff","station_count":4,"polygon_count":4,"coverage_type":"area","wetland_summary":"Depressional Vegetated, Woody Slope","level1_summary":"Non-Tidal","program_id":"russian_river","program":"Russian River","resolution":7,"stations":[]}},{"type":"Feature","geometry":{"type":"Polygon","coordinates":[[[-122.9876072545778,38.73202110820233],[-122.98013043758098,38.743745999367746],[-122.98905596944532,38.75410510396197],[-123.00545817522493,38.75273820434891],[-123.01293147473419,38.74101335266688],[-123.00400608685028,38.73065536100758],[-122.9876072545778,38.73202110820233]]]},"properties":{"h3_index":"872831428ffffff","station_count":26,"polygon_count":26,"coverage_type":"area","wetland_summary":"Depressional Vegetated, Depressional Open Water, Non-woody Slope","level1_summary":"Non-Tidal","program_id":"russian_river","program":"Russian River","resolution":7,"stations":[]}},{"type":"Feature","geometry":{"type":"Polygon","coordinates":[[[-123.01293147473419,38.74101335266688],[-123.00545817522493,38.75273820434891],[-123.01438555723982,38.763093456183476],[-123.03078609163592,38.76172274360341],[-123.0382558706878,38.74999793330283],[-123.02932863669903,38.73964379409375],[-123.01293147473419,38.74101335266688]]]},"properties":{"h3_index":"872831429ffffff","station_count":32,"polygon_count":32,"coverage_type":"area","wetland_summary":"Woody Slope, Depressional Vegetated, Channel Vegetated","level1_summary":"Non-Tidal","program_id":"russian_river","program":"Russian River","resolution":7,"stations":[]}},{"type":"Feature","geometry":{"type":"Polygon","coordinates":[[[-122.96372656685294,38.74510908551154],[-122.95624485294357,38.756832426406625],[-122.96517052503276,38.76719264356419],[-122.98157777170677,38.76582840715652],[-122.98905596944532,38.75410510396197],[-122.98013043758098,38.743745999367746],[-122.96372656685294,38.74510908551154]]]},"properties":{"h3_index":"87283142affffff","station_count":750,"polygon_count":750,"coverage_type":"area","wetland_summary":"Channel Vegetated, Channel Vegetated Woody, Depressional Vegetated","level1_summary":"Non-Tidal","program_id":"russian_river","program":"Russian River","resolution":7,"stations":[]}},{"type":"Feature","geometry":{"type":"Polygon","coordinates":[[[-122.98905596944532,38.75410510396197],[-122.98157777170677,38.76582840715652],[-122.99050529799482,38.776184771247266],[-123.00691087864764,38.77481671978032],[-123.01438555723982,38.763093456183476],[-123.00545817522493,38.75273820434891],[-122.98905596944532,38.75410510396197]]]},"properties":{"h3_index":"87283142bffffff","station_count":352,"polygon_count":352,"coverage_type":"area","wetland_summary":"Channel Vegetated, Channel Vegetated Woody, Woody Slope","level1_summary":"Non-Tidal","program_id":"russian_river","program":"Russian River","resolution":7,"stations":[]}},{"type":"Feature","geometry":{"type":"Polygon","coordinates":[[[-122.98615915300444,38.70993278930145],[-122.9786837162601,38.72165926548837],[-122.9876072545778,38.73202110820233],[-123.00400608685028,38.73065536100758],[-123.0114780077647,38.71892892418793],[-123.00255461313498,38.70856819508882],[-122.98615915300444,38.70993278930145]]]},"properties":{"h3_index":"87283142cffffff","station_count":114,"polygon_count":114,"coverage_type":"area","wetland_summary":"Depressional Vegetated, Channel Vegetated, Channel","level1_summary":"Non-Tidal","program_id":"russian_river","program":"Russian River","resolution":7,"stations":[]}},{"type":"Feature","geometry":{"type":"Polygon","coordinates":[[[-123.0114780077647,38.71892892418793],[-123.00400608685028,38.73065536100758],[-123.01293147473419,38.74101335266688],[-123.02932863669903,38.73964379409375],[-123.03679703881538,38.727917398540114],[-123.02787179866256,38.717560520186495],[-123.0114780077647,38.71892892418793]]]},"properties":{"h3_index":"87283142dffffff","station_count":15,"polygon_count":15,"coverage_type":"area","wetland_summary":"Depressional Vegetated, Lacustrine Open Water","level1_summary":"Non-Tidal","program_id":"russian_river","program":"Russian River","resolution":7,"stations":[]}},{"type":"Feature","geometry":{"type":"Polygon","coordinates":[[[-122.9622832201111,38.72302120080481],[-122.95480288860055,38.73474612955577],[-122.96372656685294,38.74510908551154],[-122.98013043758098,38.743745999367746],[-122.9876072545778,38.73202110820233],[-122.9786837162601,38.72165926548837],[-122.9622832201111,38.72302120080481]]]},"properties":{"h3_index":"87283142effffff","station_count":25,"polygon_count":25,"coverage_type":"area","wetland_summary":"Depressional Vegetated, Woody Slope, Depressional Open Water","level1_summary":"Non-Tidal","program_id":"russian_river","program":"Russian River","resolution":7,"stations":[]}},{"type":"Feature","geometry":{"type":"Polygon","coordinates":[[[-122.86241100646636,38.709048367618045],[-122.8549152577095,38.72077184034814],[-122.86383347841108,38.73114745571235],[-122.88024732474216,38.72979848447358],[-122.88773956927065,38.71807504185766],[-122.87882147260008,38.70770054026024],[-122.86241100646636,38.709048367618045]]]},"properties":{"h3_index":"872831430ffffff","station_count":129,"polygon_count":129,"coverage_type":"area","wetland_summary":"Channel Vegetated Woody, Channel, Non-woody Slope","level1_summary":"Non-Tidal","program_id":"russian_river","program":"Russian River","resolution":7,"stations":[]}},{"type":"Feature","geometry":{"type":"Polygon","coordinates":[[[-122.88773956927065,38.71807504185766],[-122.88024732474216,38.72979848447358],[-122.88916741347496,38.74017025240608],[-122.90557961955949,38.7388174641467],[-122.91306835686791,38.72709405354119],[-122.90414839621468,38.716723399078376],[-122.88773956927065,38.71807504185766]]]},"properties":{"h3_index":"872831431ffffff","station_count":444,"polygon_count":444,"coverage_type":"area","wetland_summary":"Channel Vegetated, Channel Vegetated Woody, Channel","level1_summary":"Non-Tidal","program_id":"russian_river","program":"Russian River","resolution":7,"stations":[]}},{"type":"Feature","geometry":{"type":"Polygon","coordinates":[[[-122.83849977757991,38.72211699409021],[-122.83099913643444,38.73383890481049],[-122.83991747739614,38.74421563356],[-122.85633634014822,38.74286933809799],[-122.86383347841108,38.73114745571235],[-122.8549152577095,38.72077184034814],[-122.83849977757991,38.72211699409021]]]},"properties":{"h3_index":"872831432ffffff","station_count":21,"polygon_count":21,"coverage_type":"area","wetland_summary":"Non-woody Slope, Depressional Vegetated, Seep/Spring","level1_summary":"Non-Tidal","program_id":"russian_river","program":"Russian River","resolution":7,"stations":[]}},{"type":"Feature","geometry":{"type":"Polygon","coordinates":[[[-122.86383347841108,38.73114745571235],[-122.85633634014822,38.74286933809799],[-122.86525655319224,38.753242219121],[-122.88167378109209,38.751892104561755],[-122.88916741347496,38.74017025240608],[-122.88024732474216,38.72979848447358],[-122.86383347841108,38.73114745571235]]]},"properties":{"h3_index":"872831433ffffff","station_count":31,"polygon_count":31,"coverage_type":"area","wetland_summary":"Non-woody Slope, Seep/Spring, Depressional Vegetated","level1_summary":"Non-Tidal","program_id":"russian_river","program":"Russian River","resolution":7,"stations":[]}},{"type":"Feature","geometry":{"type":"Polygon","coordinates":[[[-122.86098913697691,38.68694496018628],[-122.85349477723082,38.6986700203059],[-122.86241100646636,38.709048367618045],[-122.87882147260008,38.70770054026024],[-122.88631232976824,38.69597551013724],[-122.87739622428376,38.68559827726936],[-122.86098913697691,38.68694496018628]]]},"properties":{"h3_index":"872831434ffffff","station_count":971,"polygon_count":971,"coverage_type":"area","wetland_summary":"Channel Vegetated, Channel Vegetated Woody, Channel","level1_summary":"Non-Tidal","program_id":"russian_river","program":"Russian River","resolution":7,"stations":[]}},{"type":"Feature","geometry":{"type":"Polygon","coordinates":[[[-122.88631232976824,38.69597551013724],[-122.87882147260008,38.70770054026024],[-122.88773956927065,38.71807504185766],[-122.90414839621468,38.716723399078376],[-122.91163574781493,38.70499840084886],[-122.9027177789414,38.694625013398884],[-122.88631232976824,38.69597551013724]]]},"properties":{"h3_index":"872831435ffffff","station_count":271,"polygon_count":271,"coverage_type":"area","wetland_summary":"Channel Vegetated Woody, Channel Vegetated, Channel","level1_summary":"Non-Tidal","program_id":"russian_river","program":"Russian River","resolution":7,"stations":[]}},{"type":"Feature","geometry":{"type":"Polygon","coordinates":[[[-122.83708267835145,38.700014031768404],[-122.82958342836196,38.7117375327167],[-122.83849977757991,38.72211699409021],[-122.8549152577095,38.72077184034814],[-122.86241100646636,38.709048367618045],[-122.85349477723082,38.6986700203059],[-122.83708267835145,38.700014031768404]]]},"properties":{"h3_index":"872831436ffffff","station_count":53,"polygon_count":53,"coverage_type":"area","wetland_summary":"Depressional Vegetated, Channel Vegetated Woody, Channel","level1_summary":"Non-Tidal","program_id":"russian_river","program":"Russian River","resolution":7,"stations":[]}},{"type":"Feature","geometry":{"type":"Polygon","coordinates":[[[-123.0918461379286,38.81207657797037],[-123.08438066000629,38.82379812002541],[-123.09331756605643,38.83413630828721],[-123.10971979015656,38.83275184406234],[-123.11718173540467,38.821030349306035],[-123.10824499012342,38.81069327136816],[-123.0918461379286,38.81207657797037]]]},"properties":{"h3_index":"872831440ffffff","station_count":53,"polygon_count":53,"coverage_type":"area","wetland_summary":"Channel Vegetated Woody, Channel, Channel Vegetated","level1_summary":"Non-Tidal","program_id":"russian_river","program":"Russian River","resolution":7,"stations":[]}},{"type":"Feature","geometry":{"type":"Polygon","coordinates":[[[-123.11718173540467,38.821030349306035],[-123.10971979015656,38.83275184406234],[-123.11865853363992,38.843086170647894],[-123.13505905844784,38.84169789236528],[-123.14251746806498,38.82997644680542],[-123.1335788894009,38.81964323022382],[-123.11718173540467,38.821030349306035]]]},"properties":{"h3_index":"872831441ffffff","station_count":10,"polygon_count":10,"coverage_type":"area","wetland_summary":"Depressional Vegetated, Non-woody Slope, Channel","level1_summary":"Non-Tidal","program_id":"russian_river","program":"Russian River","resolution":7,"stations":[]}},{"type":"Feature","geometry":{"type":"Polygon","coordinates":[[[-123.0679767430497,38.825178769663076],[-123.06050635868132,38.83689876292944],[-123.06944342175098,38.847238061155565],[-123.08585071306744,38.845856256043454],[-123.09331756605643,38.83413630828721],[-123.08438066000629,38.82379812002541],[-123.0679767430497,38.825178769663076]]]},"properties":{"h3_index":"872831442ffffff","station_count":6,"polygon_count":6,"coverage_type":"area","wetland_summary":"Depressional Vegetated","level1_summary":"Non-Tidal","program_id":"russian_river","program":"Russian River","resolution":7,"stations":[]}},{"type":"Feature","geometry":{"type":"Polygon","coordinates":[[[-123.09331756605643,38.83413630828721],[-123.08585071306744,38.845856256043454],[-123.09478961762338,38.856191692275644],[-123.11119521499279,38.854806070997206],[-123.11865853363992,38.843086170647894],[-123.10971979015656,38.83275184406234],[-123.09331756605643,38.83413630828721]]]},"properties":{"h3_index":"872831443ffffff","station_count":30,"polygon_count":30,"coverage_type":"area","wetland_summary":"Channel, Depressional Vegetated, Channel Vegetated Woody","level1_summary":"Non-Tidal","program_id":"russian_river","program":"Russian River","resolution":7,"stations":[]}},{"type":"Feature","geometry":{"type":"Polygon","coordinates":[[[-123.0903753328458,38.79001250662593],[-123.08291122950507,38.80173564004418],[-123.0918461379286,38.81207657797037],[-123.10824499012342,38.81069327136816],[-123.11570556245648,38.79897018513871],[-123.10677081449847,38.78863035821496],[-123.0903753328458,38.79001250662593]]]},"properties":{"h3_index":"872831444ffffff","station_count":53,"polygon_count":53,"coverage_type":"area","wetland_summary":"Channel, Channel Vegetated Woody, Depressional Vegetated","level1_summary":"Non-Tidal","program_id":"russian_river","program":"Russian River","resolution":7,"stations":[]}},{"type":"Feature","geometry":{"type":"Polygon","coordinates":[[[-123.11570556245648,38.79897018513871],[-123.10824499012342,38.81069327136816],[-123.11718173540467,38.821030349306035],[-123.1335788894009,38.81964323022382],[-123.1410359277712,38.80792019308147],[-123.13209934700328,38.797584225826334],[-123.11570556245648,38.79897018513871]]]},"properties":{"h3_index":"872831445ffffff","station_count":8,"polygon_count":8,"coverage_type":"area","wetland_summary":"Depressional Vegetated, Non-woody Slope, Depressional Open Water","level1_summary":"Non-Tidal","program_id":"russian_river","program":"Russian River","resolution":7,"stations":[]}},{"type":"Feature","geometry":{"type":"Polygon","coordinates":[[[-123.06651068554342,38.8031151336392],[-123.0590416779078,38.8148367210955],[-123.0679767430497,38.825178769663076],[-123.08438066000629,38.82379812002541],[-123.0918461379286,38.81207657797037],[-123.08291122950507,38.80173564004418],[-123.06651068554342,38.8031151336392]]]},"properties":{"h3_index":"872831446ffffff","station_count":35,"polygon_count":35,"coverage_type":"area","wetland_summary":"Channel Vegetated Woody, Channel, Channel Vegetated","level1_summary":"Non-Tidal","program_id":"russian_river","program":"Russian River","resolution":7,"stations":[]}},{"type":"Feature","geometry":{"type":"Polygon","coordinates":[[[-123.14399963588718,38.8520283559095],[-123.13653985454032,38.86374820695485],[-123.14548243163449,38.874075915101834],[-123.16188462179261,38.87268266309165],[-123.16934086288492,38.86096286324755],[-123.16039845496906,38.85063626410429],[-123.14399963588718,38.8520283559095]]]},"properties":{"h3_index":"872831448ffffff","station_count":17,"polygon_count":17,"coverage_type":"area","wetland_summary":"Woody Slope, Non-woody Slope, Depressional Vegetated","level1_summary":"Non-Tidal","program_id":"russian_river","program":"Russian River","resolution":7,"stations":[]}},{"type":"Feature","geometry":{"type":"Polygon","coordinates":[[[-123.16934086288492,38.86096286324755],[-123.16188462179261,38.87268266309165],[-123.17082902993438,38.883006505158235],[-123.18722950683201,38.88160943859395],[-123.19468220471961,38.869889691848556],[-123.18573796980881,38.85956695846047],[-123.16934086288492,38.86096286324755]]]},"properties":{"h3_index":"872831449ffffff","station_count":2,"polygon_count":2,"coverage_type":"area","wetland_summary":"Depressional Vegetated, Woody Slope","level1_summary":"Non-Tidal","program_id":"russian_river","program":"Russian River","resolution":7,"stations":[]}},{"type":"Feature","geometry":{"type":"Polygon","coordinates":[[[-123.12013595755761,38.86513764386786],[-123.11267126502726,38.876855946879715],[-123.12161400755356,38.88718476367677],[-123.13802127807486,38.885794168703946],[-123.14548243163449,38.874075915101834],[-123.13653985454032,38.86374820695485],[-123.12013595755761,38.86513764386786]]]},"properties":{"h3_index":"87283144affffff","station_count":18,"polygon_count":18,"coverage_type":"area","wetland_summary":"Woody Slope, Depressional Vegetated, Channel Vegetated Woody","level1_summary":"Non-Tidal","program_id":"russian_river","program":"Russian River","resolution":7,"stations":[]}},{"type":"Feature","geometry":{"type":"Polygon","coordinates":[[[-123.14548243163449,38.874075915101834],[-123.13802127807486,38.885794168703946],[-123.14696585570412,38.89611911909765],[-123.16337141830141,38.89472470745399],[-123.17082902993438,38.883006505158235],[-123.16188462179261,38.87268266309165],[-123.14548243163449,38.874075915101834]]]},"properties":{"h3_index":"87283144bffffff","station_count":28,"polygon_count":28,"coverage_type":"area","wetland_summary":"Depressional Vegetated, Woody Slope, Non-woody Slope","level1_summary":"Non-Tidal","program_id":"russian_river","program":"Russian River","resolution":7,"stations":[]}},{"type":"Feature","geometry":{"type":"Polygon","coordinates":[[[-123.14251746806498,38.82997644680542],[-123.13505905844784,38.84169789236528],[-123.14399963588718,38.8520283559095],[-123.16039845496906,38.85063626410429],[-123.16785332600266,38.838914869638735],[-123.1589129174328,38.828585515776034],[-123.14251746806498,38.82997644680542]]]},"properties":{"h3_index":"87283144cffffff","station_count":2,"polygon_count":2,"coverage_type":"area","wetland_summary":"Depressional Vegetated, Non-woody Slope","level1_summary":"Non-Tidal","program_id":"russian_river","program":"Russian River","resolution":7,"stations":[]}},{"type":"Feature","geometry":{"type":"Polygon","coordinates":[[[-123.16785332600266,38.838914869638735],[-123.16039845496906,38.85063626410429],[-123.16934086288492,38.86096286324755],[-123.18573796980881,38.85956695846047],[-123.19318929931028,38.84784561698738],[-123.184247064314,38.83752012720068],[-123.16785332600266,38.838914869638735]]]},"properties":{"h3_index":"87283144dffffff","station_count":44,"polygon_count":44,"coverage_type":"area","wetland_summary":"Channel Vegetated Woody, Channel, Channel Vegetated","level1_summary":"Non-Tidal","program_id":"russian_river","program":"Russian River","resolution":7,"stations":[]}},{"type":"Feature","geometry":{"type":"Polygon","coordinates":[[[-123.01875150186731,38.82930776370891],[-123.01127268309526,38.84102624539798],[-123.02020805041295,38.851370514161914],[-123.03662208819343,38.8499951912127],[-123.04409737985944,38.83827675134914],[-123.03516216175119,38.82793359250204],[-123.01875150186731,38.82930776370891]]]},"properties":{"h3_index":"872831450ffffff","station_count":112,"polygon_count":112,"coverage_type":"area","wetland_summary":"Channel Vegetated Woody, Depressional Vegetated, Channel","level1_summary":"Non-Tidal","program_id":"russian_river","program":"Russian River","resolution":7,"stations":[]}},{"type":"Feature","geometry":{"type":"Polygon","coordinates":[[[-123.04409737985944,38.83827675134914],[-123.03662208819343,38.8499951912127],[-123.04555930452834,38.86033559904277],[-123.06197166016335,38.85895645729792],[-123.06944342175098,38.847238061155565],[-123.06050635868132,38.83689876292944],[-123.04409737985944,38.83827675134914]]]},"properties":{"h3_index":"872831451ffffff","station_count":21,"polygon_count":21,"coverage_type":"area","wetland_summary":"Depressional Vegetated, Channel, Depressional Open Water","level1_summary":"Non-Tidal","program_id":"russian_river","program":"Russian River","resolution":7,"stations":[]}},{"type":"Feature","geometry":{"type":"Polygon","coordinates":[[[-122.99485696961858,38.84239774903454],[-122.9873732440157,38.854114670918605],[-122.99630875678096,38.864460049235966],[-123.0127278506031,38.863087396008765],[-123.02020805041295,38.851370514161914],[-123.01127268309526,38.84102624539798],[-122.99485696961858,38.84239774903454]]]},"properties":{"h3_index":"872831452ffffff","station_count":37,"polygon_count":37,"coverage_type":"area","wetland_summary":"Depressional Vegetated, Depressional Open Water, Non-woody Slope","level1_summary":"Non-Tidal","program_id":"russian_river","program":"Russian River","resolution":7,"stations":[]}},{"type":"Feature","geometry":{"type":"Polygon","coordinates":[[[-123.02020805041295,38.851370514161914],[-123.0127278506031,38.863087396008765],[-123.0216652164441,38.873428913081604],[-123.03808263348958,38.872052438957546],[-123.04555930452834,38.86033559904277],[-123.03662208819343,38.8499951912127],[-123.02020805041295,38.851370514161914]]]},"properties":{"h3_index":"872831453ffffff","station_count":148,"polygon_count":148,"coverage_type":"area","wetland_summary":"Depressional Vegetated, Channel Vegetated Woody, Channel","level1_summary":"Non-Tidal","program_id":"russian_river","program":"Russian River","resolution":7,"stations":[]}},{"type":"Feature","geometry":{"type":"Polygon","coordinates":[[[-123.01729557041665,38.807240667022306],[-123.00981813219335,38.81896074561934],[-123.01875150186731,38.82930776370891],[-123.03516216175119,38.82793359250204],[-123.04263607453235,38.816213555622184],[-123.03370285377147,38.80586764812479],[-123.01729557041665,38.807240667022306]]]},"properties":{"h3_index":"872831454ffffff","station_count":49,"polygon_count":49,"coverage_type":"area","wetland_summary":"Woody Slope, Depressional Vegetated, Channel","level1_summary":"Non-Tidal","program_id":"russian_river","program":"Russian River","resolution":7,"stations":[]}},{"type":"Feature","geometry":{"type":"Polygon","coordinates":[[[-123.04263607453235,38.816213555622184],[-123.03516216175119,38.82793359250204],[-123.04409737985944,38.83827675134914],[-123.06050635868132,38.83689876292944],[-123.0679767430497,38.825178769663076],[-123.0590416779078,38.8148367210955],[-123.04263607453235,38.816213555622184]]]},"properties":{"h3_index":"872831455ffffff","station_count":14,"polygon_count":14,"coverage_type":"area","wetland_summary":"Woody Slope, Depressional Vegetated, Non-woody Slope","level1_summary":"Non-Tidal","program_id":"russian_river","program":"Russian River","resolution":7,"stations":[]}},{"type":"Feature","geometry":{"type":"Polygon","coordinates":[[[-122.9934057976928,38.82033109909862],[-122.98592345479109,38.8320496207177],[-122.99485696961858,38.84239774903454],[-123.01127268309526,38.84102624539798],[-123.01875150186731,38.82930776370891],[-123.00981813219335,38.81896074561934],[-122.9934057976928,38.82033109909862]]]},"properties":{"h3_index":"872831456ffffff","station_count":227,"polygon_count":227,"coverage_type":"area","wetland_summary":"Channel Vegetated, Channel Vegetated Woody, Woody Slope","level1_summary":"Non-Tidal","program_id":"russian_river","program":"Russian River","resolution":7,"stations":[]}},{"type":"Feature","geometry":{"type":"Polygon","coordinates":[[[-123.07091072204025,38.8692930028186],[-123.06343758274653,38.881009798906256],[-123.0723786443108,38.89134358936131],[-123.08879268844497,38.88995947500724],[-123.09626229302374,38.878242724642035],[-123.0873213890823,38.867910042800816],[-123.07091072204025,38.8692930028186]]]},"properties":{"h3_index":"872831458ffffff","station_count":16,"polygon_count":16,"coverage_type":"area","wetland_summary":"Depressional Vegetated, Non-woody Slope, Seep/Spring","level1_summary":"Non-Tidal","program_id":"russian_river","program":"Russian River","resolution":7,"stations":[]}},{"type":"Feature","geometry":{"type":"Polygon","coordinates":[[[-123.09626229302374,38.878242724642035],[-123.08879268844497,38.88995947500724],[-123.09773559265227,38.900289400099986],[-123.1141479406555,38.89890146642402],[-123.12161400755356,38.88718476367677],[-123.11267126502726,38.876855946879715],[-123.09626229302374,38.878242724642035]]]},"properties":{"h3_index":"872831459ffffff","station_count":17,"polygon_count":17,"coverage_type":"area","wetland_summary":"Depressional Vegetated, Depressional Open Water, Non-woody Slope","level1_summary":"Non-Tidal","program_id":"russian_river","program":"Russian River","resolution":7,"stations":[]}},{"type":"Feature","geometry":{"type":"Polygon","coordinates":[[[-123.04702184893101,38.88239009340781],[-123.0395437980313,38.89410533044464],[-123.04848501345964,38.90444022915615],[-123.06490412682402,38.903058782466886],[-123.0723786443108,38.89134358936131],[-123.06343758274653,38.881009798906256],[-123.04702184893101,38.88239009340781]]]},"properties":{"h3_index":"87283145affffff","station_count":170,"polygon_count":170,"coverage_type":"area","wetland_summary":"Channel Vegetated, Channel Vegetated Woody, Non-woody Slope","level1_summary":"Non-Tidal","program_id":"russian_river","program":"Russian River","resolution":7,"stations":[]}},{"type":"Feature","geometry":{"type":"Polygon","coordinates":[[[-123.0723786443108,38.89134358936131],[-123.06490412682402,38.903058782466886],[-123.07384718895626,38.91338981550011],[-123.09026461154993,38.91200454737961],[-123.09773559265227,38.900289400099986],[-123.08879268844497,38.88995947500724],[-123.0723786443108,38.89134358936131]]]},"properties":{"h3_index":"87283145bffffff","station_count":5,"polygon_count":5,"coverage_type":"area","wetland_summary":"Depressional Vegetated, Non-woody Slope, Seep/Spring","level1_summary":"Non-Tidal","program_id":"russian_river","program":"Russian River","resolution":7,"stations":[]}},{"type":"Feature","geometry":{"type":"Polygon","coordinates":[[[-123.06944342175098,38.847238061155565],[-123.06197166016335,38.85895645729792],[-123.07091072204025,38.8692930028186],[-123.0873213890823,38.867910042800816],[-123.09478961762338,38.856191692275644],[-123.08585071306744,38.845856256043454],[-123.06944342175098,38.847238061155565]]]},"properties":{"h3_index":"87283145cffffff","station_count":43,"polygon_count":43,"coverage_type":"area","wetland_summary":"Channel, Channel Vegetated Woody, Non-woody Slope","level1_summary":"Non-Tidal","program_id":"russian_river","program":"Russian River","resolution":7,"stations":[]}},{"type":"Feature","geometry":{"type":"Polygon","coordinates":[[[-123.09478961762338,38.856191692275644],[-123.0873213890823,38.867910042800816],[-123.09626229302374,38.878242724642035],[-123.11267126502726,38.876855946879715],[-123.12013595755761,38.86513764386786],[-123.11119521499279,38.854806070997206],[-123.09478961762338,38.856191692275644]]]},"properties":{"h3_index":"87283145dffffff","station_count":28,"polygon_count":28,"coverage_type":"area","wetland_summary":"Depressional Vegetated, Non-woody Slope, Depressional Open Water","level1_summary":"Non-Tidal","program_id":"russian_river","program":"Russian River","resolution":7,"stations":[]}},{"type":"Feature","geometry":{"type":"Polygon","coordinates":[[[-123.04555930452834,38.86033559904277],[-123.03808263348958,38.872052438957546],[-123.04702184893101,38.88239009340781],[-123.06343758274653,38.881009798906256],[-123.07091072204025,38.8692930028186],[-123.06197166016335,38.85895645729792],[-123.04555930452834,38.86033559904277]]]},"properties":{"h3_index":"87283145effffff","station_count":181,"polygon_count":181,"coverage_type":"area","wetland_summary":"Channel Vegetated Woody, Channel Vegetated, Depressional Vegetated","level1_summary":"Non-Tidal","program_id":"russian_river","program":"Russian River","resolution":7,"stations":[]}},{"type":"Feature","geometry":{"type":"Polygon","coordinates":[[[-123.1127550908413,38.75483684954915],[-123.10529726288725,38.76656310991023],[-123.11423001440029,38.77690568344946],[-123.13062043085904,38.77552088447584],[-123.13807472818323,38.76379467297786],[-123.1291421405727,38.75345321148259],[-123.1127550908413,38.75483684954915]]]},"properties":{"h3_index":"872831460ffffff","station_count":69,"polygon_count":69,"coverage_type":"area","wetland_summary":"Channel, Channel Vegetated, Channel Vegetated Woody","level1_summary":"Non-Tidal","program_id":"russian_river","program":"Russian River","resolution":7,"stations":[]}},{"type":"Feature","geometry":{"type":"Polygon","coordinates":[[[-123.13807472818323,38.76379467297786],[-123.13062043085904,38.77552088447584],[-123.13955501460933,38.78585960003684],[-123.15594372863207,38.78447099226962],[-123.16339449237857,38.772744831534574],[-123.15446007657333,38.76240722769584],[-123.13807472818323,38.76379467297786]]]},"properties":{"h3_index":"872831461ffffff","station_count":114,"polygon_count":114,"coverage_type":"area","wetland_summary":"Channel Vegetated Woody, Channel, Channel Vegetated","level1_summary":"Non-Tidal","program_id":"russian_river","program":"Russian River","resolution":7,"stations":[]}},{"type":"Feature","geometry":{"type":"Polygon","coordinates":[[[-123.08890515041436,38.767944099562],[-123.08144242117025,38.77966882140453],[-123.0903753328458,38.79001250662593],[-123.10677081449847,38.78863035821496],[-123.11423001440029,38.77690568344946],[-123.10529726288725,38.76656310991023],[-123.08890515041436,38.767944099562]]]},"properties":{"h3_index":"872831462ffffff","station_count":10,"polygon_count":10,"coverage_type":"area","wetland_summary":"Channel Vegetated, Channel, Depressional Vegetated","level1_summary":"Non-Tidal","program_id":"russian_river","program":"Russian River","resolution":7,"stations":[]}},{"type":"Feature","geometry":{"type":"Polygon","coordinates":[[[-123.11423001440029,38.77690568344946],[-123.10677081449847,38.78863035821496],[-123.11570556245648,38.79897018513871],[-123.13209934700328,38.797584225826334],[-123.13955501460933,38.78585960003684],[-123.13062043085904,38.77552088447584],[-123.11423001440029,38.77690568344946]]]},"properties":{"h3_index":"872831463ffffff","station_count":44,"polygon_count":44,"coverage_type":"area","wetland_summary":"Woody Slope, Channel Vegetated Woody, Non-woody Slope","level1_summary":"Non-Tidal","program_id":"russian_river","program":"Russian River","resolution":7,"stations":[]}},{"type":"Feature","geometry":{"type":"Polygon","coordinates":[[[-123.11128079138513,38.732763688755796],[-123.10382433489555,38.74449153176869],[-123.1127550908413,38.75483684954915],[-123.1291421405727,38.75345321148259],[-123.1365950680971,38.74172541721814],[-123.12766447574892,38.73138121216403],[-123.11128079138513,38.732763688755796]]]},"properties":{"h3_index":"872831464ffffff","station_count":29,"polygon_count":29,"coverage_type":"area","wetland_summary":"Channel, Channel Vegetated Woody, Depressional Vegetated","level1_summary":"Non-Tidal","program_id":"russian_river","program":"Russian River","resolution":7,"stations":[]}},{"type":"Feature","geometry":{"type":"Polygon","coordinates":[[[-123.1365950680971,38.74172541721814],[-123.1291421405727,38.75345321148259],[-123.13807472818323,38.76379467297786],[-123.15446007657333,38.76240722769584],[-123.16190947218647,38.750679484080315],[-123.15297705221353,38.74033913498994],[-123.1365950680971,38.74172541721814]]]},"properties":{"h3_index":"872831465ffffff","station_count":5,"polygon_count":5,"coverage_type":"area","wetland_summary":"Depressional Vegetated, Channel, Channel Vegetated Woody","level1_summary":"Non-Tidal","program_id":"russian_river","program":"Russian River","resolution":7,"stations":[]}},{"type":"Feature","geometry":{"type":"Polygon","coordinates":[[[-123.08743559024091,38.745871362093816],[-123.07997423460881,38.757597669418395],[-123.08890515041436,38.767944099562],[-123.10529726288725,38.76656310991023],[-123.1127550908413,38.75483684954915],[-123.10382433489555,38.74449153176869],[-123.08743559024091,38.745871362093816]]]},"properties":{"h3_index":"872831466ffffff","station_count":34,"polygon_count":34,"coverage_type":"area","wetland_summary":"Channel, Channel Vegetated Woody, Channel Vegetated","level1_summary":"Non-Tidal","program_id":"russian_river","program":"Russian River","resolution":7,"stations":[]}},{"type":"Feature","geometry":{"type":"Polygon","coordinates":[[[-123.16488014114715,38.79480584848395],[-123.1574280087862,38.80653042339828],[-123.16636641888934,38.816862529619314],[-123.18275678994851,38.81546895010148],[-123.19020538411904,38.803744427961746],[-123.18126714631376,38.793413432457044],[-123.16488014114715,38.79480584848395]]]},"properties":{"h3_index":"872831468ffffff","station_count":164,"polygon_count":164,"coverage_type":"area","wetland_summary":"Channel Vegetated Woody, Channel Vegetated, Channel","level1_summary":"Non-Tidal","program_id":"russian_river","program":"Russian River","resolution":7,"stations":[]}},{"type":"Feature","geometry":{"type":"Polygon","coordinates":[[[-123.19020538411904,38.803744427961746],[-123.18275678994851,38.81546895010148],[-123.19169702590986,38.82579719392836],[-123.20808568059115,38.82439980511775],[-123.21553073363013,38.812675337652195],[-123.20659067401144,38.80234820421472],[-123.19020538411904,38.803744427961746]]]},"properties":{"h3_index":"872831469ffffff","station_count":6,"polygon_count":6,"coverage_type":"area","wetland_summary":"Depressional Vegetated, Depressional Open Water, Woody Slope","level1_summary":"Non-Tidal","program_id":"russian_river","program":"Russian River","resolution":7,"stations":[]}},{"type":"Feature","geometry":{"type":"Polygon","coordinates":[[[-123.1410359277712,38.80792019308147],[-123.1335788894009,38.81964323022382],[-123.14251746806498,38.82997644680542],[-123.1589129174328,38.828585515776034],[-123.16636641888934,38.816862529619314],[-123.1574280087862,38.80653042339828],[-123.1410359277712,38.80792019308147]]]},"properties":{"h3_index":"87283146affffff","station_count":11,"polygon_count":11,"coverage_type":"area","wetland_summary":"Woody Slope, Depressional Vegetated, Non-woody Slope","level1_summary":"Non-Tidal","program_id":"russian_river","program":"Russian River","resolution":7,"stations":[]}},{"type":"Feature","geometry":{"type":"Polygon","coordinates":[[[-123.16636641888934,38.816862529619314],[-123.1589129174328,38.828585515776034],[-123.16785332600266,38.838914869638735],[-123.184247064314,38.83752012720068],[-123.19169702590986,38.82579719392836],[-123.18275678994851,38.81546895010148],[-123.16636641888934,38.816862529619314]]]},"properties":{"h3_index":"87283146bffffff","station_count":116,"polygon_count":116,"coverage_type":"area","wetland_summary":"Channel Vegetated Woody, Channel Vegetated, Channel","level1_summary":"Non-Tidal","program_id":"russian_river","program":"Russian River","resolution":7,"stations":[]}},{"type":"Feature","geometry":{"type":"Polygon","coordinates":[[[-123.16339449237857,38.772744831534574],[-123.15594372863207,38.78447099226962],[-123.16488014114715,38.79480584848395],[-123.18126714631376,38.793413432457044],[-123.18871437353903,38.781687324385],[-123.17977813301137,38.77135357956871],[-123.16339449237857,38.772744831534574]]]},"properties":{"h3_index":"87283146cffffff","station_count":15,"polygon_count":15,"coverage_type":"area","wetland_summary":"Channel Vegetated Woody, Channel, Non-woody Slope","level1_summary":"Non-Tidal","program_id":"russian_river","program":"Russian River","resolution":7,"stations":[]}},{"type":"Feature","geometry":{"type":"Polygon","coordinates":[[[-123.18871437353903,38.781687324385],[-123.18126714631376,38.793413432457044],[-123.19020538411904,38.803744427961746],[-123.20659067401144,38.80234820421472],[-123.21403436177587,38.79062215070589],[-123.20509630000032,38.78029226627253],[-123.18871437353903,38.781687324385]]]},"properties":{"h3_index":"87283146dffffff","station_count":117,"polygon_count":117,"coverage_type":"area","wetland_summary":"Channel Vegetated Woody, Channel, Channel Vegetated","level1_summary":"Non-Tidal","program_id":"russian_river","program":"Russian River","resolution":7,"stations":[]}},{"type":"Feature","geometry":{"type":"Polygon","coordinates":[[[-123.13955501460933,38.78585960003684],[-123.13209934700328,38.797584225826334],[-123.1410359277712,38.80792019308147],[-123.1574280087862,38.80653042339828],[-123.16488014114715,38.79480584848395],[-123.15594372863207,38.78447099226962],[-123.13955501460933,38.78585960003684]]]},"properties":{"h3_index":"87283146effffff","station_count":112,"polygon_count":112,"coverage_type":"area","wetland_summary":"Channel Vegetated Woody, Channel, Channel Vegetated","level1_summary":"Non-Tidal","program_id":"russian_river","program":"Russian River","resolution":7,"stations":[]}},{"type":"Feature","geometry":{"type":"Polygon","coordinates":[[[-123.03971532033763,38.77207414128567],[-123.03224416386327,38.783797363387364],[-123.04117538815552,38.794146017164444],[-123.05757761745033,38.79277033709812],[-123.0650452488395,38.78104715838922],[-123.05611417691681,38.77069961624649],[-123.03971532033763,38.77207414128567]]]},"properties":{"h3_index":"872831470ffffff","station_count":8,"polygon_count":8,"coverage_type":"area","wetland_summary":"Depressional Vegetated, Non-woody Slope, Depressional Open Water","level1_summary":"Non-Tidal","program_id":"russian_river","program":"Russian River","resolution":7,"stations":[]}},{"type":"Feature","geometry":{"type":"Polygon","coordinates":[[[-123.0650452488395,38.78104715838922],[-123.05757761745033,38.79277033709812],[-123.06651068554342,38.8031151336392],[-123.08291122950507,38.80173564004418],[-123.0903753328458,38.79001250662593],[-123.08144242117025,38.77966882140453],[-123.0650452488395,38.78104715838922]]]},"properties":{"h3_index":"872831471ffffff","station_count":27,"polygon_count":27,"coverage_type":"area","wetland_summary":"Channel Vegetated Woody, Channel, Woody Slope","level1_summary":"Non-Tidal","program_id":"russian_river","program":"Russian River","resolution":7,"stations":[]}},{"type":"Feature","geometry":{"type":"Polygon","coordinates":[[[-123.0158402556708,38.7851692294091],[-123.00836419750736,38.79689090197649],[-123.01729557041665,38.807240667022306],[-123.03370285377147,38.80586764812479],[-123.04117538815552,38.794146017164444],[-123.03224416386327,38.783797363387364],[-123.0158402556708,38.7851692294091]]]},"properties":{"h3_index":"872831472ffffff","station_count":25,"polygon_count":25,"coverage_type":"area","wetland_summary":"Depressional Vegetated, Depressional Open Water, Woody Slope","level1_summary":"Non-Tidal","program_id":"russian_river","program":"Russian River","resolution":7,"stations":[]}},{"type":"Feature","geometry":{"type":"Polygon","coordinates":[[[-123.04117538815552,38.794146017164444],[-123.03370285377147,38.80586764812479],[-123.04263607453235,38.816213555622184],[-123.0590416779078,38.8148367210955],[-123.06651068554342,38.8031151336392],[-123.05757761745033,38.79277033709812],[-123.04117538815552,38.794146017164444]]]},"properties":{"h3_index":"872831473ffffff","station_count":4,"polygon_count":4,"coverage_type":"area","wetland_summary":"Depressional Vegetated, Woody Slope","level1_summary":"Non-Tidal","program_id":"russian_river","program":"Russian River","resolution":7,"stations":[]}},{"type":"Feature","geometry":{"type":"Polygon","coordinates":[[[-123.0382558706878,38.74999793330283],[-123.03078609163592,38.76172274360341],[-123.03971532033763,38.77207414128567],[-123.05611417691681,38.77069961624649],[-123.06358043254562,38.75897484922568],[-123.05465135591557,38.74862456385699],[-123.0382558706878,38.74999793330283]]]},"properties":{"h3_index":"872831474ffffff","station_count":6,"polygon_count":6,"coverage_type":"area","wetland_summary":"Depressional Vegetated, Non-woody Slope","level1_summary":"Non-Tidal","program_id":"russian_river","program":"Russian River","resolution":7,"stations":[]}},{"type":"Feature","geometry":{"type":"Polygon","coordinates":[[[-123.06358043254562,38.75897484922568],[-123.05611417691681,38.77069961624649],[-123.0650452488395,38.78104715838922],[-123.08144242117025,38.77966882140453],[-123.08890515041436,38.767944099562],[-123.07997423460881,38.757597669418395],[-123.06358043254562,38.75897484922568]]]},"properties":{"h3_index":"872831475ffffff","station_count":8,"polygon_count":8,"coverage_type":"area","wetland_summary":"Depressional Vegetated, Non-woody Slope, Channel","level1_summary":"Non-Tidal","program_id":"russian_river","program":"Russian River","resolution":7,"stations":[]}},{"type":"Feature","geometry":{"type":"Polygon","coordinates":[[[-123.01438555723982,38.763093456183476],[-123.00691087864764,38.77481671978032],[-123.0158402556708,38.7851692294091],[-123.03224416386327,38.783797363387364],[-123.03971532033763,38.77207414128567],[-123.03078609163592,38.76172274360341],[-123.01438555723982,38.763093456183476]]]},"properties":{"h3_index":"872831476ffffff","station_count":45,"polygon_count":45,"coverage_type":"area","wetland_summary":"Channel Vegetated Woody, Depressional Vegetated, Channel","level1_summary":"Non-Tidal","program_id":"russian_river","program":"Russian River","resolution":7,"stations":[]}},{"type":"Feature","geometry":{"type":"Polygon","coordinates":[[[-122.76811003525269,38.78339466254989],[-122.7605933140983,38.795110257851725],[-122.76951398660763,38.80548758742858],[-122.78595127199134,38.8041482100325],[-122.79346449268843,38.79243263783668],[-122.78454392936874,38.78205641982541],[-122.76811003525269,38.78339466254989]]]},"properties":{"h3_index":"8728314a0ffffff","station_count":46,"polygon_count":46,"coverage_type":"area","wetland_summary":"Channel Vegetated Woody, Depressional Vegetated, Channel","level1_summary":"Non-Tidal","program_id":"russian_river","program":"Russian River","resolution":7,"stations":[]}},{"type":"Feature","geometry":{"type":"Polygon","coordinates":[[[-122.79346449268843,38.79243263783668],[-122.78595127199134,38.8041482100325],[-122.79487382935875,38.81452168929686],[-122.81130949508092,38.81317848498232],[-122.81881921230452,38.80146293778444],[-122.80989676818824,38.79109056979747],[-122.79346449268843,38.79243263783668]]]},"properties":{"h3_index":"8728314a1ffffff","station_count":74,"polygon_count":74,"coverage_type":"area","wetland_summary":"Channel Vegetated Woody, Channel Vegetated, Channel","level1_summary":"Non-Tidal","program_id":"russian_river","program":"Russian River","resolution":7,"stations":[]}},{"type":"Feature","geometry":{"type":"Polygon","coordinates":[[[-122.744154415528,38.796445807864714],[-122.73663279668925,38.808159819856016],[-122.74555357459568,38.818538260615185],[-122.7619958668548,38.817201578095386],[-122.76951398660763,38.80548758742858],[-122.7605933140983,38.795110257851725],[-122.744154415528,38.796445807864714]]]},"properties":{"h3_index":"8728314a2ffffff","station_count":3,"polygon_count":3,"coverage_type":"area","wetland_summary":"Depressional Vegetated, Depressional Open Water","level1_summary":"Non-Tidal","program_id":"russian_river","program":"Russian River","resolution":7,"stations":[]}},{"type":"Feature","geometry":{"type":"Polygon","coordinates":[[[-122.76951398660763,38.80548758742858],[-122.7619958668548,38.817201578095386],[-122.77091853368346,38.82757616825613],[-122.78735921171383,38.82623565674816],[-122.79487382935875,38.81452168929686],[-122.78595127199134,38.8041482100325],[-122.76951398660763,38.80548758742858]]]},"properties":{"h3_index":"8728314a3ffffff","station_count":12,"polygon_count":12,"coverage_type":"area","wetland_summary":"Depressional Vegetated","level1_summary":"Non-Tidal","program_id":"russian_river","program":"Russian River","resolution":7,"stations":[]}},{"type":"Feature","geometry":{"type":"Polygon","coordinates":[[[-122.76670667924142,38.761297398949864],[-122.75919135618437,38.77301459594137],[-122.76811003525269,38.78339466254989],[-122.78454392936874,38.78205641982541],[-122.79205575361796,38.77033924582863],[-122.78313718346807,38.75996029145613],[-122.76670667924142,38.761297398949864]]]},"properties":{"h3_index":"8728314a4ffffff","station_count":34,"polygon_count":34,"coverage_type":"area","wetland_summary":"Channel Vegetated Woody, Channel Vegetated, Depressional Vegetated","level1_summary":"Non-Tidal","program_id":"russian_river","program":"Russian River","resolution":7,"stations":[]}},{"type":"Feature","geometry":{"type":"Polygon","coordinates":[[[-122.79205575361796,38.77033924582863],[-122.78454392936874,38.78205641982541],[-122.79346449268843,38.79243263783668],[-122.80989676818824,38.79109056979747],[-122.81740509061511,38.779373420687996],[-122.80848464027277,38.76899831462479],[-122.79205575361796,38.77033924582863]]]},"properties":{"h3_index":"8728314a5ffffff","station_count":12,"polygon_count":12,"coverage_type":"area","wetland_summary":"Depressional Vegetated, Channel Vegetated Woody, Channel","level1_summary":"Non-Tidal","program_id":"russian_river","program":"Russian River","resolution":7,"stations":[]}},{"type":"Feature","geometry":{"type":"Polygon","coordinates":[[[-122.74275584992301,38.77434901288876],[-122.73523563133155,38.786064629404926],[-122.744154415528,38.796445807864714],[-122.7605933140983,38.795110257851725],[-122.76811003525269,38.78339466254989],[-122.75919135618437,38.77301459594137],[-122.74275584992301,38.77434901288876]]]},"properties":{"h3_index":"8728314a6ffffff","station_count":19,"polygon_count":19,"coverage_type":"area","wetland_summary":"Depressional Vegetated, Channel Vegetated Woody, Channel","level1_summary":"Non-Tidal","program_id":"russian_river","program":"Russian River","resolution":7,"stations":[]}},{"type":"Feature","geometry":{"type":"Polygon","coordinates":[[[-122.8202339338493,38.823548112510075],[-122.8127228213302,38.83526205485456],[-122.82164925562952,38.84562893954396],[-122.83808668576714,38.84428077146602],[-122.84559429014664,38.83256685611986],[-122.83666797343665,38.82220108174741],[-122.8202339338493,38.823548112510075]]]},"properties":{"h3_index":"8728314a8ffffff","station_count":77,"polygon_count":77,"coverage_type":"area","wetland_summary":"Channel, Depressional Vegetated, Seep/Spring","level1_summary":"Non-Tidal","program_id":"russian_river","program":"Russian River","resolution":7,"stations":[]}},{"type":"Feature","geometry":{"type":"Polygon","coordinates":[[[-122.84559429014664,38.83256685611986],[-122.83808668576714,38.84428077146602],[-122.8470149986104,38.85464380129338],[-122.86345079508739,38.85329180564506],[-122.8709548883174,38.84157791918905],[-122.86202669712755,38.83121599938512],[-122.84559429014664,38.83256685611986]]]},"properties":{"h3_index":"8728314a9ffffff","station_count":46,"polygon_count":46,"coverage_type":"area","wetland_summary":"Channel, Depressional Vegetated, Channel Vegetated Woody","level1_summary":"Non-Tidal","program_id":"russian_river","program":"Russian River","resolution":7,"stations":[]}},{"type":"Feature","geometry":{"type":"Polygon","coordinates":[[[-122.79628376400753,38.83660639488384],[-122.78876774891465,38.84831875465033],[-122.79769429701375,38.85868674927945],[-122.81413674731586,38.8573412740966],[-122.82164925562952,38.84562893954396],[-122.8127228213302,38.83526205485456],[-122.79628376400753,38.83660639488384]]]},"properties":{"h3_index":"8728314aaffffff","station_count":6,"polygon_count":6,"coverage_type":"area","wetland_summary":"Depressional Vegetated","level1_summary":"Non-Tidal","program_id":"russian_river","program":"Russian River","resolution":7,"stations":[]}},{"type":"Feature","geometry":{"type":"Polygon","coordinates":[[[-122.82164925562952,38.84562893954396],[-122.81413674731586,38.8573412740966],[-122.82306517802554,38.867705413572445],[-122.83950600009149,38.86635610874124],[-122.8470149986104,38.85464380129338],[-122.83808668576714,38.84428077146602],[-122.82164925562952,38.84562893954396]]]},"properties":{"h3_index":"8728314abffffff","station_count":6,"polygon_count":6,"coverage_type":"area","wetland_summary":"Depressional Vegetated","level1_summary":"Non-Tidal","program_id":"russian_river","program":"Russian River","resolution":7,"stations":[]}},{"type":"Feature","geometry":{"type":"Polygon","coordinates":[[[-122.81881921230452,38.80146293778444],[-122.81130949508092,38.81317848498232],[-122.8202339338493,38.823548112510075],[-122.83666797343665,38.82220108174741],[-122.84417418417456,38.81048556143967],[-122.83524986271883,38.80011704489856],[-122.81881921230452,38.80146293778444]]]},"properties":{"h3_index":"8728314acffffff","station_count":70,"polygon_count":70,"coverage_type":"area","wetland_summary":"Channel, Depressional Vegetated, Channel Vegetated Woody","level1_summary":"Non-Tidal","program_id":"russian_river","program":"Russian River","resolution":7,"stations":[]}},{"type":"Feature","geometry":{"type":"Polygon","coordinates":[[[-122.84417418417456,38.81048556143967],[-122.83666797343665,38.82220108174741],[-122.84559429014664,38.83256685611986],[-122.86202669712755,38.83121599938512],[-122.86952939837168,38.81950050785999],[-122.86060320303584,38.80913584418092],[-122.84417418417456,38.81048556143967]]]},"properties":{"h3_index":"8728314adffffff","station_count":59,"polygon_count":59,"coverage_type":"area","wetland_summary":"Channel Vegetated, Channel, Channel Vegetated Woody","level1_summary":"Non-Tidal","program_id":"russian_river","program":"Russian River","resolution":7,"stations":[]}},{"type":"Feature","geometry":{"type":"Polygon","coordinates":[[[-122.79487382935875,38.81452168929686],[-122.78735921171383,38.82623565674816],[-122.79628376400753,38.83660639488384],[-122.8127228213302,38.83526205485456],[-122.8202339338493,38.823548112510075],[-122.81130949508092,38.81317848498232],[-122.79487382935875,38.81452168929686]]]},"properties":{"h3_index":"8728314aeffffff","station_count":19,"polygon_count":19,"coverage_type":"area","wetland_summary":"Depressional Vegetated, Channel, Channel Vegetated Woody","level1_summary":"Non-Tidal","program_id":"russian_river","program":"Russian River","resolution":7,"stations":[]}},{"type":"Feature","geometry":{"type":"Polygon","coordinates":[[[-122.9499231478116,38.912683423452314],[-122.94242683055077,38.92439399232337],[-122.95136662258722,38.93473607888685],[-122.96780259430032,38.933366488986486],[-122.97529538508469,38.9216559567799],[-122.96635573153776,38.91131497770238],[-122.9499231478116,38.912683423452314]]]},"properties":{"h3_index":"8728314c1ffffff","station_count":17,"polygon_count":17,"coverage_type":"area","wetland_summary":"Non-woody Slope, Seep/Spring, Woody Slope","level1_summary":"Non-Tidal","program_id":"russian_river","program":"Russian River","resolution":7,"stations":[]}},{"type":"Feature","geometry":{"type":"Polygon","coordinates":[[[-122.92311363630704,38.88164227981327],[-122.91561518522535,38.8933544945989],[-122.92455111171348,38.903703199387884],[-122.94098535605629,38.902338580826274],[-122.94848028532148,38.890626400711554],[-122.93954449296606,38.88027880438087],[-122.92311363630704,38.88164227981327]]]},"properties":{"h3_index":"8728314c4ffffff","station_count":8,"polygon_count":8,"coverage_type":"area","wetland_summary":"Depressional Vegetated, Seep/Spring","level1_summary":"Non-Tidal","program_id":"russian_river","program":"Russian River","resolution":7,"stations":[]}},{"type":"Feature","geometry":{"type":"Polygon","coordinates":[[[-122.94848028532148,38.890626400711554],[-122.94098535605629,38.902338580826274],[-122.9499231478116,38.912683423452314],[-122.96635573153776,38.91131497770238],[-122.97384713599114,38.89960283415075],[-122.96490948243502,38.88925909967914],[-122.94848028532148,38.890626400711554]]]},"properties":{"h3_index":"8728314c5ffffff","station_count":4,"polygon_count":4,"coverage_type":"area","wetland_summary":"Depressional Vegetated, Seep/Spring","level1_summary":"Non-Tidal","program_id":"russian_river","program":"Russian River","resolution":7,"stations":[]}},{"type":"Feature","geometry":{"type":"Polygon","coordinates":[[[-122.89917928673847,38.89471528546878],[-122.89167592551968,38.90642592199445],[-122.90061198235917,38.916775734875074],[-122.91705127097319,38.91541380303187],[-122.92455111171348,38.903703199387884],[-122.91561518522535,38.8933544945989],[-122.89917928673847,38.89471528546878]]]},"properties":{"h3_index":"8728314c6ffffff","station_count":1,"polygon_count":1,"coverage_type":"area","wetland_summary":"Depressional Vegetated","level1_summary":"Non-Tidal","program_id":"russian_river","program":"Russian River","resolution":7,"stations":[]}},{"type":"Feature","geometry":{"type":"Polygon","coordinates":[[[-122.97674424871951,38.94370471031467],[-122.9692500711116,38.95541362825505],[-122.97819372728503,38.965749089482564],[-122.99463141911983,38.96437452615075],[-123.00212206559092,38.952665646865576],[-122.99317855226913,38.942331292149916],[-122.97674424871951,38.94370471031467]]]},"properties":{"h3_index":"8728314c8ffffff","station_count":2,"polygon_count":2,"coverage_type":"area","wetland_summary":"Depressional Vegetated","level1_summary":"Non-Tidal","program_id":"russian_river","program":"Russian River","resolution":7,"stations":[]}},{"type":"Feature","geometry":{"type":"Polygon","coordinates":[[[-123.00212206559092,38.952665646865576],[-122.99463141911983,38.96437452615075],[-123.00357693478497,38.97470611908455],[-123.02001295090221,38.97332772642344],[-123.02750006324604,38.96161888768484],[-123.01855469450405,38.95128840095348],[-123.00212206559092,38.952665646865576]]]},"properties":{"h3_index":"8728314c9ffffff","station_count":8,"polygon_count":8,"coverage_type":"area","wetland_summary":"Depressional Vegetated, Seep/Spring, Depressional Open Water","level1_summary":"Non-Tidal","program_id":"russian_river","program":"Russian River","resolution":7,"stations":[]}},{"type":"Feature","geometry":{"type":"Polygon","coordinates":[[[-122.97819372728503,38.965749089482564],[-122.97069816236068,38.97745639023901],[-122.97964382117097,38.98778908901837],[-122.99608490266604,38.98641338108862],[-123.00357693478497,38.97470611908455],[-122.99463141911983,38.96437452615075],[-122.97819372728503,38.965749089482564]]]},"properties":{"h3_index":"8728314cbffffff","station_count":6,"polygon_count":6,"coverage_type":"area","wetland_summary":"Depressional Vegetated, Depressional Open Water","level1_summary":"Non-Tidal","program_id":"russian_river","program":"Russian River","resolution":7,"stations":[]}},{"type":"Feature","geometry":{"type":"Polygon","coordinates":[[[-122.97529538508469,38.9216559567799],[-122.96780259430032,38.933366488986486],[-122.97674424871951,38.94370471031467],[-122.99317855226913,38.942331292149916],[-123.00066781358413,38.93062079849959],[-122.99172630172339,38.92028368435075],[-122.97529538508469,38.9216559567799]]]},"properties":{"h3_index":"8728314ccffffff","station_count":7,"polygon_count":7,"coverage_type":"area","wetland_summary":"Depressional Vegetated, Non-woody Slope, Seep/Spring","level1_summary":"Non-Tidal","program_id":"russian_river","program":"Russian River","resolution":7,"stations":[]}},{"type":"Feature","geometry":{"type":"Polygon","coordinates":[[[-123.00066781358413,38.93062079849959],[-122.99317855226913,38.942331292149916],[-123.00212206559092,38.952665646865576],[-123.01855469450405,38.95128840095348],[-123.02604042336091,38.939577947751445],[-123.01709705666647,38.92924469990596],[-123.00066781358413,38.93062079849959]]]},"properties":{"h3_index":"8728314cdffffff","station_count":3,"polygon_count":3,"coverage_type":"area","wetland_summary":"Depressional Vegetated, Seep/Spring, Woody Slope","level1_summary":"Non-Tidal","program_id":"russian_river","program":"Russian River","resolution":7,"stations":[]}},{"type":"Feature","geometry":{"type":"Polygon","coordinates":[[[-122.94559639564731,38.846499274455226],[-122.93810424089304,38.858214668275224],[-122.94703803472916,38.86856501594871],[-122.96346384660367,38.86719886020037],[-122.97095247987205,38.85548350273535],[-122.96201882365555,38.84513426455691],[-122.94559639564731,38.846499274455226]]]},"properties":{"h3_index":"8728314e0ffffff","station_count":15,"polygon_count":15,"coverage_type":"area","wetland_summary":"Depressional Vegetated, Depressional Open Water, Seep/Spring","level1_summary":"Non-Tidal","program_id":"russian_river","program":"Russian River","resolution":7,"stations":[]}},{"type":"Feature","geometry":{"type":"Polygon","coordinates":[[[-122.97095247987205,38.85548350273535],[-122.96346384660367,38.86719886020037],[-122.97239950104984,38.87754534770691],[-122.98882364798641,38.876175368452316],[-122.99630875678096,38.864460049235966],[-122.9873732440157,38.854114670918605],[-122.97095247987205,38.85548350273535]]]},"properties":{"h3_index":"8728314e1ffffff","station_count":17,"polygon_count":17,"coverage_type":"area","wetland_summary":"Depressional Vegetated, Depressional Open Water, Non-woody Slope","level1_summary":"Non-Tidal","program_id":"russian_river","program":"Russian River","resolution":7,"stations":[]}},{"type":"Feature","geometry":{"type":"Polygon","coordinates":[[[-122.92167677054334,38.85957700001277],[-122.91417970862557,38.871290823012025],[-122.92311363630704,38.88164227981327],[-122.93954449296606,38.88027880438087],[-122.94703803472916,38.86856501594871],[-122.93810424089304,38.858214668275224],[-122.92167677054334,38.85957700001277]]]},"properties":{"h3_index":"8728314e2ffffff","station_count":6,"polygon_count":6,"coverage_type":"area","wetland_summary":"Non-woody Slope, Depressional Vegetated, Depressional Open Water","level1_summary":"Non-Tidal","program_id":"russian_river","program":"Russian River","resolution":7,"stations":[]}},{"type":"Feature","geometry":{"type":"Polygon","coordinates":[[[-122.94703803472916,38.86856501594871],[-122.93954449296606,38.88027880438087],[-122.94848028532148,38.890626400711554],[-122.96490948243502,38.88925909967914],[-122.97239950104984,38.87754534770691],[-122.96346384660367,38.86719886020037],[-122.94703803472916,38.86856501594871]]]},"properties":{"h3_index":"8728314e3ffffff","station_count":10,"polygon_count":10,"coverage_type":"area","wetland_summary":"Depressional Vegetated, Channel Vegetated, Channel","level1_summary":"Non-Tidal","program_id":"russian_river","program":"Russian River","resolution":7,"stations":[]}},{"type":"Feature","geometry":{"type":"Polygon","coordinates":[[[-122.94415536768895,38.8244291815297],[-122.93666459945047,38.836146177804636],[-122.94559639564731,38.846499274455226],[-122.96201882365555,38.84513426455691],[-122.96950607206932,38.83341730453023],[-122.96057441320285,38.823065318046865],[-122.94415536768895,38.8244291815297]]]},"properties":{"h3_index":"8728314e4ffffff","station_count":30,"polygon_count":30,"coverage_type":"area","wetland_summary":"Depressional Vegetated, Depressional Open Water, Seep/Spring","level1_summary":"Non-Tidal","program_id":"russian_river","program":"Russian River","resolution":7,"stations":[]}},{"type":"Feature","geometry":{"type":"Polygon","coordinates":[[[-122.96950607206932,38.83341730453023],[-122.96201882365555,38.84513426455691],[-122.97095247987205,38.85548350273535],[-122.9873732440157,38.854114670918605],[-122.99485696961858,38.84239774903454],[-122.98592345479109,38.8320496207177],[-122.96950607206932,38.83341730453023]]]},"properties":{"h3_index":"8728314e5ffffff","station_count":29,"polygon_count":29,"coverage_type":"area","wetland_summary":"Depressional Vegetated, Depressional Open Water","level1_summary":"Non-Tidal","program_id":"russian_river","program":"Russian River","resolution":7,"stations":[]}},{"type":"Feature","geometry":{"type":"Polygon","coordinates":[[[-122.92024051403638,38.83750736528225],[-122.91274484078815,38.84922279356376],[-122.92167677054334,38.85957700001277],[-122.93810424089304,38.858214668275224],[-122.94559639564731,38.846499274455226],[-122.93666459945047,38.836146177804636],[-122.92024051403638,38.83750736528225]]]},"properties":{"h3_index":"8728314e6ffffff","station_count":20,"polygon_count":20,"coverage_type":"area","wetland_summary":"Depressional Vegetated, Seep/Spring, Depressional Open Water","level1_summary":"Non-Tidal","program_id":"russian_river","program":"Russian River","resolution":7,"stations":[]}},{"type":"Feature","geometry":{"type":"Polygon","coordinates":[[[-122.99776115956944,38.8865179944059],[-122.99027466709244,38.89823170802514],[-122.99921417837378,38.90857157925463],[-123.01564003699791,38.90719662854833],[-123.02312300035163,38.895482955175375],[-123.01418363510712,38.88514419215527],[-122.99776115956944,38.8865179944059]]]},"properties":{"h3_index":"8728314e8ffffff","station_count":40,"polygon_count":40,"coverage_type":"area","wetland_summary":"Depressional Vegetated, Non-woody Slope, Channel Vegetated Woody","level1_summary":"Non-Tidal","program_id":"russian_river","program":"Russian River","resolution":7,"stations":[]}},{"type":"Feature","geometry":{"type":"Polygon","coordinates":[[[-123.02312300035163,38.895482955175375],[-123.01564003699791,38.90719662854833],[-123.02458140252674,38.917532635158025],[-123.04100558221057,38.91615386038923],[-123.04848501345964,38.90444022915615],[-123.0395437980313,38.89410533044464],[-123.02312300035163,38.895482955175375]]]},"properties":{"h3_index":"8728314e9ffffff","station_count":106,"polygon_count":106,"coverage_type":"area","wetland_summary":"Channel Vegetated Woody, Channel, Depressional Vegetated","level1_summary":"Non-Tidal","program_id":"russian_river","program":"Russian River","resolution":7,"stations":[]}},{"type":"Feature","geometry":{"type":"Polygon","coordinates":[[[-122.97384713599114,38.89960283415075],[-122.96635573153776,38.91131497770238],[-122.97529538508469,38.9216559567799],[-122.99172630172339,38.92028368435075],[-122.99921417837378,38.90857157925463],[-122.99027466709244,38.89823170802514],[-122.97384713599114,38.89960283415075]]]},"properties":{"h3_index":"8728314eaffffff","station_count":39,"polygon_count":39,"coverage_type":"area","wetland_summary":"Channel, Channel Vegetated Woody, Channel Vegetated","level1_summary":"Non-Tidal","program_id":"russian_river","program":"Russian River","resolution":7,"stations":[]}},{"type":"Feature","geometry":{"type":"Polygon","coordinates":[[[-122.99921417837378,38.90857157925463],[-122.99172630172339,38.92028368435075],[-123.00066781358413,38.93062079849959],[-123.01709705666647,38.92924469990596],[-123.02458140252674,38.917532635158025],[-123.01564003699791,38.90719662854833],[-122.99921417837378,38.90857157925463]]]},"properties":{"h3_index":"8728314ebffffff","station_count":44,"polygon_count":44,"coverage_type":"area","wetland_summary":"Channel Vegetated Woody, Channel, Depressional Vegetated","level1_summary":"Non-Tidal","program_id":"russian_river","program":"Russian River","resolution":7,"stations":[]}},{"type":"Feature","geometry":{"type":"Polygon","coordinates":[[[-122.99630875678096,38.864460049235966],[-122.98882364798641,38.876175368452316],[-122.99776115956944,38.8865179944059],[-123.01418363510712,38.88514419215527],[-123.0216652164441,38.873428913081604],[-123.0127278506031,38.863087396008765],[-122.99630875678096,38.864460049235966]]]},"properties":{"h3_index":"8728314ecffffff","station_count":52,"polygon_count":52,"coverage_type":"area","wetland_summary":"Depressional Vegetated, Non-woody Slope, Woody Slope","level1_summary":"Non-Tidal","program_id":"russian_river","program":"Russian River","resolution":7,"stations":[]}},{"type":"Feature","geometry":{"type":"Polygon","coordinates":[[[-123.0216652164441,38.873428913081604],[-123.01418363510712,38.88514419215527],[-123.02312300035163,38.895482955175375],[-123.0395437980313,38.89410533044464],[-123.04702184893101,38.88239009340781],[-123.03808263348958,38.872052438957546],[-123.0216652164441,38.873428913081604]]]},"properties":{"h3_index":"8728314edffffff","station_count":43,"polygon_count":43,"coverage_type":"area","wetland_summary":"Depressional Vegetated, Depressional Open Water, Non-woody Slope","level1_summary":"Non-Tidal","program_id":"russian_river","program":"Russian River","resolution":7,"stations":[]}},{"type":"Feature","geometry":{"type":"Polygon","coordinates":[[[-122.97239950104984,38.87754534770691],[-122.96490948243502,38.88925909967914],[-122.97384713599114,38.89960283415075],[-122.99027466709244,38.89823170802514],[-122.99776115956944,38.8865179944059],[-122.98882364798641,38.876175368452316],[-122.97239950104984,38.87754534770691]]]},"properties":{"h3_index":"8728314eeffffff","station_count":55,"polygon_count":55,"coverage_type":"area","wetland_summary":"Depressional Vegetated, Channel, Channel Vegetated","level1_summary":"Non-Tidal","program_id":"russian_river","program":"Russian River","resolution":7,"stations":[]}},{"type":"Feature","geometry":{"type":"Polygon","coordinates":[[[-122.87238098301052,38.86365097920008],[-122.8648754972979,38.87536325765205],[-122.87380768283415,38.885719682588324],[-122.89024522899079,38.8843627199079],[-122.89774719888966,38.87265047234325],[-122.88881513935301,38.86229515646543],[-122.87238098301052,38.86365097920008]]]},"properties":{"h3_index":"8728314f0ffffff","station_count":12,"polygon_count":12,"coverage_type":"area","wetland_summary":"Depressional Vegetated, Non-woody Slope, Depressional Open Water","level1_summary":"Non-Tidal","program_id":"russian_river","program":"Russian River","resolution":7,"stations":[]}},{"type":"Feature","geometry":{"type":"Polygon","coordinates":[[[-122.89774719888966,38.87265047234325],[-122.89024522899079,38.8843627199079],[-122.89917928673847,38.89471528546878],[-122.91561518522535,38.8933544945989],[-122.92311363630704,38.88164227981327],[-122.91417970862557,38.871290823012025],[-122.89774719888966,38.87265047234325]]]},"properties":{"h3_index":"8728314f1ffffff","station_count":2,"polygon_count":2,"coverage_type":"area","wetland_summary":"Depressional Open Water, Depressional Vegetated","level1_summary":"Non-Tidal","program_id":"russian_river","program":"Russian River","resolution":7,"stations":[]}},{"type":"Feature","geometry":{"type":"Polygon","coordinates":[[[-122.8709548883174,38.84157791918905],[-122.86345079508739,38.85329180564506],[-122.87238098301052,38.86365097920008],[-122.88881513935301,38.86229515646543],[-122.89631571842776,38.85058130079163],[-122.8873856562221,38.84022323696401],[-122.8709548883174,38.84157791918905]]]},"properties":{"h3_index":"8728314f4ffffff","station_count":12,"polygon_count":12,"coverage_type":"area","wetland_summary":"Non-woody Slope, Depressional Vegetated","level1_summary":"Non-Tidal","program_id":"russian_river","program":"Russian River","resolution":7,"stations":[]}},{"type":"Feature","geometry":{"type":"Polygon","coordinates":[[[-122.89631571842776,38.85058130079163],[-122.88881513935301,38.86229515646543],[-122.89774719888966,38.87265047234325],[-122.91417970862557,38.871290823012025],[-122.92167677054334,38.85957700001277],[-122.91274484078815,38.84922279356376],[-122.89631571842776,38.85058130079163]]]},"properties":{"h3_index":"8728314f5ffffff","station_count":17,"polygon_count":17,"coverage_type":"area","wetland_summary":"Depressional Vegetated, Woody Slope, Depressional Open Water","level1_summary":"Non-Tidal","program_id":"russian_river","program":"Russian River","resolution":7,"stations":[]}},{"type":"Feature","geometry":{"type":"Polygon","coordinates":[[[-122.90448179335132,38.59445547972133],[-122.8970013629064,38.606188371684134],[-122.90591137341346,38.61657266708739],[-122.9223016848419,38.61522295316536],[-122.92977861498488,38.60349009438513],[-122.92086873490027,38.59310691623803],[-122.90448179335132,38.59445547972133]]]},"properties":{"h3_index":"872831500ffffff","station_count":85,"polygon_count":85,"coverage_type":"area","wetland_summary":"Channel Vegetated, Channel, Depressional Vegetated","level1_summary":"Non-Tidal","program_id":"russian_river","program":"Russian River","resolution":7,"stations":[]}},{"type":"Feature","geometry":{"type":"Polygon","coordinates":[[[-122.92977861498488,38.60349009438513],[-122.9223016848419,38.61522295316536],[-122.93121355292297,38.62560340861524],[-122.9476022175895,38.624249888222884],[-122.9550756444569,38.61251706452582],[-122.94616391083137,38.60213772603147],[-122.92977861498488,38.60349009438513]]]},"properties":{"h3_index":"872831501ffffff","station_count":72,"polygon_count":72,"coverage_type":"area","wetland_summary":"Channel, Channel Vegetated, Channel Vegetated Woody","level1_summary":"Non-Tidal","program_id":"russian_river","program":"Russian River","resolution":7,"stations":[]}},{"type":"Feature","geometry":{"type":"Polygon","coordinates":[[[-122.88060941113675,38.60753427866198],[-122.87312409847392,38.61926562921544],[-122.8820342356512,38.629651041489176],[-122.89842955972135,38.62830398623283],[-122.90591137341346,38.61657266708739],[-122.8970013629064,38.606188371684134],[-122.88060941113675,38.60753427866198]]]},"properties":{"h3_index":"872831502ffffff","station_count":166,"polygon_count":166,"coverage_type":"area","wetland_summary":"Channel Vegetated, Channel, Channel Vegetated Woody","level1_summary":"Non-Tidal","program_id":"russian_river","program":"Russian River","resolution":7,"stations":[]}},{"type":"Feature","geometry":{"type":"Polygon","coordinates":[[[-122.90591137341346,38.61657266708739],[-122.89842955972135,38.62830398623283],[-122.90734155850834,38.63868555825483],[-122.92373524118089,38.63733469445297],[-122.93121355292297,38.62560340861524],[-122.9223016848419,38.61522295316536],[-122.90591137341346,38.61657266708739]]]},"properties":{"h3_index":"872831503ffffff","station_count":104,"polygon_count":104,"coverage_type":"area","wetland_summary":"Woody Slope, Depressional Vegetated, Channel Vegetated","level1_summary":"Non-Tidal","program_id":"russian_river","program":"Russian River","resolution":7,"stations":[]}},{"type":"Feature","geometry":{"type":"Polygon","coordinates":[[[-122.90305281793987,38.57233400153912],[-122.89557377025062,38.58406846334804],[-122.90448179335132,38.59445547972133],[-122.92086873490027,38.59310691623803],[-122.9283442839345,38.58137248748476],[-122.91943639097315,38.57098658905286],[-122.90305281793987,38.57233400153912]]]},"properties":{"h3_index":"872831504ffffff","station_count":62,"polygon_count":62,"coverage_type":"area","wetland_summary":"Channel Vegetated, Channel, Channel Vegetated Woody","level1_summary":"Non-Tidal","program_id":"russian_river","program":"Russian River","resolution":7,"stations":[]}},{"type":"Feature","geometry":{"type":"Polygon","coordinates":[[[-122.9283442839345,38.58137248748476],[-122.92086873490027,38.59310691623803],[-122.92977861498488,38.60349009438513],[-122.94616391083137,38.60213772603147],[-122.95363595823866,38.59040333223506],[-122.94472621232393,38.58002127172899],[-122.9283442839345,38.58137248748476]]]},"properties":{"h3_index":"872831505ffffff","station_count":58,"polygon_count":58,"coverage_type":"area","wetland_summary":"Channel, Depressional Vegetated, Channel Vegetated","level1_summary":"Non-Tidal","program_id":"russian_river","program":"Russian River","resolution":7,"stations":[]}},{"type":"Feature","geometry":{"type":"Polygon","coordinates":[[[-122.87918518941595,38.5854132214894],[-122.8717012616467,38.59714614473442],[-122.88060941113675,38.60753427866198],[-122.8970013629064,38.606188371684134],[-122.90448179335132,38.59445547972133],[-122.89557377025062,38.58406846334804],[-122.87918518941595,38.5854132214894]]]},"properties":{"h3_index":"872831506ffffff","station_count":140,"polygon_count":140,"coverage_type":"area","wetland_summary":"Channel Vegetated, Depressional Vegetated, Channel","level1_summary":"Non-Tidal","program_id":"russian_river","program":"Russian River","resolution":7,"stations":[]}},{"type":"Feature","geometry":{"type":"Polygon","coordinates":[[[-122.95651593979922,38.6346265022958],[-122.94904113298254,38.646357752925816],[-122.95795684465048,38.65673164017145],[-122.97434722525571,38.655373160712514],[-122.98181852417576,38.64364194719038],[-122.97290295128496,38.633269175912616],[-122.95651593979922,38.6346265022958]]]},"properties":{"h3_index":"872831508ffffff","station_count":14,"polygon_count":14,"coverage_type":"area","wetland_summary":"Depressional Vegetated, Woody Slope, Channel Vegetated Woody","level1_summary":"Non-Tidal","program_id":"russian_river","program":"Russian River","resolution":7,"stations":[]}},{"type":"Feature","geometry":{"type":"Polygon","coordinates":[[[-122.98181852417576,38.64364194719038],[-122.97434722525571,38.655373160712514],[-122.98326478819044,38.665743203444386],[-122.99965350812947,38.66438091688528],[-123.00712129618569,38.65264974237145],[-122.99820387606358,38.642280815301554],[-122.98181852417576,38.64364194719038]]]},"properties":{"h3_index":"872831509ffffff","station_count":49,"polygon_count":49,"coverage_type":"area","wetland_summary":"Channel, Channel Vegetated, Channel Vegetated Woody","level1_summary":"Non-Tidal","program_id":"russian_river","program":"Russian River","resolution":7,"stations":[]}},{"type":"Feature","geometry":{"type":"Polygon","coordinates":[[[-122.9326490981322,38.64771242479711],[-122.92516940430053,38.6594421347261],[-122.93408525099638,38.669817137559896],[-122.95048065739508,38.66846131477001],[-122.95795684465048,38.65673164017145],[-122.94904113298254,38.646357752925816],[-122.9326490981322,38.64771242479711]]]},"properties":{"h3_index":"87283150affffff","station_count":131,"polygon_count":131,"coverage_type":"area","wetland_summary":"Channel Vegetated, Channel, Woody Slope","level1_summary":"Non-Tidal","program_id":"russian_river","program":"Russian River","resolution":7,"stations":[]}},{"type":"Feature","geometry":{"type":"Polygon","coordinates":[[[-122.95795684465048,38.65673164017145],[-122.95048065739508,38.66846131477001],[-122.95939835939586,38.6788324727864],[-122.97579211048424,38.67747284081297],[-122.98326478819044,38.665743203444386],[-122.97434722525571,38.655373160712514],[-122.95795684465048,38.65673164017145]]]},"properties":{"h3_index":"87283150bffffff","station_count":15,"polygon_count":15,"coverage_type":"area","wetland_summary":"Woody Slope, Depressional Vegetated, Depressional Open Water","level1_summary":"Non-Tidal","program_id":"russian_river","program":"Russian River","resolution":7,"stations":[]}},{"type":"Feature","geometry":{"type":"Polygon","coordinates":[[[-122.9550756444569,38.61251706452582],[-122.9476022175895,38.624249888222884],[-122.95651593979922,38.6346265022958],[-122.97290295128496,38.633269175912616],[-122.98037287190714,38.62153638919956],[-122.971459288186,38.61116089177903],[-122.9550756444569,38.61251706452582]]]},"properties":{"h3_index":"87283150cffffff","station_count":21,"polygon_count":21,"coverage_type":"area","wetland_summary":"Depressional Vegetated, Channel, Non-woody Slope","level1_summary":"Non-Tidal","program_id":"russian_river","program":"Russian River","resolution":7,"stations":[]}},{"type":"Feature","geometry":{"type":"Polygon","coordinates":[[[-122.98037287190714,38.62153638919956],[-122.97290295128496,38.633269175912616],[-122.98181852417576,38.64364194719038],[-122.99820387606358,38.642280815301554],[-123.005670287475,38.63054806747356],[-122.99675485710571,38.62017641254251],[-122.98037287190714,38.62153638919956]]]},"properties":{"h3_index":"87283150dffffff","station_count":27,"polygon_count":27,"coverage_type":"area","wetland_summary":"Channel Vegetated Woody, Channel, Depressional Vegetated","level1_summary":"Non-Tidal","program_id":"russian_river","program":"Russian River","resolution":7,"stations":[]}},{"type":"Feature","geometry":{"type":"Polygon","coordinates":[[[-122.93121355292297,38.62560340861524],[-122.92373524118089,38.63733469445297],[-122.9326490981322,38.64771242479711],[-122.94904113298254,38.646357752925816],[-122.95651593979922,38.6346265022958],[-122.9476022175895,38.624249888222884],[-122.93121355292297,38.62560340861524]]]},"properties":{"h3_index":"87283150effffff","station_count":33,"polygon_count":33,"coverage_type":"area","wetland_summary":"Depressional Vegetated, Woody Slope, Channel","level1_summary":"Non-Tidal","program_id":"russian_river","program":"Russian River","resolution":7,"stations":[]}},{"type":"Feature","geometry":{"type":"Polygon","coordinates":[[[-122.83142027972366,38.61155906112166],[-122.82392658939678,38.62328889338172],[-122.83283498039611,38.633679261253214],[-122.84923694374996,38.63233867998125],[-122.85672713943256,38.62060887545586],[-122.84781886730804,38.61021962436194],[-122.83142027972366,38.61155906112166]]]},"properties":{"h3_index":"872831510ffffff","station_count":690,"polygon_count":690,"coverage_type":"area","wetland_summary":"Channel Vegetated, Channel Vegetated Woody, Woody Slope","level1_summary":"Non-Tidal","program_id":"russian_river","program":"Russian River","resolution":7,"stations":[]}},{"type":"Feature","geometry":{"type":"Polygon","coordinates":[[[-122.85672713943256,38.62060887545586],[-122.84923694374996,38.63233867998125],[-122.85814720384042,38.642725208739],[-122.87454753760194,38.64138081638135],[-122.8820342356512,38.629651041489176],[-122.87312409847392,38.61926562921544],[-122.85672713943256,38.62060887545586]]]},"properties":{"h3_index":"872831511ffffff","station_count":756,"polygon_count":756,"coverage_type":"area","wetland_summary":"Channel Vegetated Woody, Channel Vegetated, Channel","level1_summary":"Non-Tidal","program_id":"russian_river","program":"Russian River","resolution":7,"stations":[]}},{"type":"Feature","geometry":{"type":"Polygon","coordinates":[[[-122.80752300288441,38.62462566310666],[-122.80002443009052,38.63635394294601],[-122.80893293620021,38.64674542720551],[-122.82533990089722,38.64540751513203],[-122.83283498039611,38.633679261253214],[-122.82392658939678,38.62328889338172],[-122.80752300288441,38.62462566310666]]]},"properties":{"h3_index":"872831512ffffff","station_count":243,"polygon_count":243,"coverage_type":"area","wetland_summary":"Channel Vegetated, Woody Slope, Channel","level1_summary":"Non-Tidal","program_id":"russian_river","program":"Russian River","resolution":7,"stations":[]}},{"type":"Feature","geometry":{"type":"Polygon","coordinates":[[[-122.83283498039611,38.633679261253214],[-122.82533990089722,38.64540751513203],[-122.83425028013893,38.65579515998647],[-122.85065562063122,38.65445343475959],[-122.85814720384042,38.642725208739],[-122.84923694374996,38.63233867998125],[-122.83283498039611,38.633679261253214]]]},"properties":{"h3_index":"872831513ffffff","station_count":36,"polygon_count":36,"coverage_type":"area","wetland_summary":"Depressional Vegetated, Channel Vegetated, Channel Vegetated Woody","level1_summary":"Non-Tidal","program_id":"russian_river","program":"Russian River","resolution":7,"stations":[]}},{"type":"Feature","geometry":{"type":"Polygon","coordinates":[[[-122.830006177743,38.589434564973274],[-122.82251387609273,38.6011659726446],[-122.83142027972366,38.61155906112166],[-122.84781886730804,38.61021962436194],[-122.85530767595829,38.598488244299936],[-122.84640139092608,38.58809627328253],[-122.830006177743,38.589434564973274]]]},"properties":{"h3_index":"872831514ffffff","station_count":120,"polygon_count":120,"coverage_type":"area","wetland_summary":"Channel Vegetated, Channel Vegetated Woody, Woody Slope","level1_summary":"Non-Tidal","program_id":"russian_river","program":"Russian River","resolution":7,"stations":[]}},{"type":"Feature","geometry":{"type":"Polygon","coordinates":[[[-122.85530767595829,38.598488244299936],[-122.84781886730804,38.61021962436194],[-122.85672713943256,38.62060887545586],[-122.87312409847392,38.61926562921544],[-122.88060941113675,38.60753427866198],[-122.8717012616467,38.59714614473442],[-122.85530767595829,38.598488244299936]]]},"properties":{"h3_index":"872831515ffffff","station_count":435,"polygon_count":435,"coverage_type":"area","wetland_summary":"Channel Vegetated, Channel Vegetated Woody, Woody Slope","level1_summary":"Non-Tidal","program_id":"russian_river","program":"Russian River","resolution":7,"stations":[]}},{"type":"Feature","geometry":{"type":"Polygon","coordinates":[[[-122.80611366639515,38.60250159946459],[-122.79861648441697,38.61423145756097],[-122.80752300288441,38.62462566310666],[-122.82392658939678,38.62328889338172],[-122.83142027972366,38.61155906112166],[-122.82251387609273,38.6011659726446],[-122.80611366639515,38.60250159946459]]]},"properties":{"h3_index":"872831516ffffff","station_count":118,"polygon_count":118,"coverage_type":"area","wetland_summary":"Channel Vegetated, Channel Vegetated Woody, Woody Slope","level1_summary":"Non-Tidal","program_id":"russian_river","program":"Russian River","resolution":7,"stations":[]}},{"type":"Feature","geometry":{"type":"Polygon","coordinates":[[[-122.88345966334036,38.65176350459127],[-122.87597157941151,38.66349170085573],[-122.88488569458548,38.67387166259574],[-122.90128776735654,38.67252231245855],[-122.90877234901836,38.6607941478484],[-122.89985836107736,38.65041530161494],[-122.88345966334036,38.65176350459127]]]},"properties":{"h3_index":"872831518ffffff","station_count":40,"polygon_count":40,"coverage_type":"area","wetland_summary":"Depressional Vegetated, Depressional Open Water, Non-woody Slope","level1_summary":"Non-Tidal","program_id":"russian_river","program":"Russian River","resolution":7,"stations":[]}},{"type":"Feature","geometry":{"type":"Polygon","coordinates":[[[-122.90877234901836,38.6607941478484],[-122.90128776735654,38.67252231245855],[-122.91020374532623,38.68289843050003],[-122.92660417458428,38.68154526861732],[-122.93408525099638,38.669817137559896],[-122.92516940430053,38.6594421347261],[-122.90877234901836,38.6607941478484]]]},"properties":{"h3_index":"872831519ffffff","station_count":29,"polygon_count":29,"coverage_type":"area","wetland_summary":"Depressional Vegetated, Depressional Open Water","level1_summary":"Non-Tidal","program_id":"russian_river","program":"Russian River","resolution":7,"stations":[]}},{"type":"Feature","geometry":{"type":"Polygon","coordinates":[[[-122.85956786956177,38.66483723877241],[-122.85207489833148,38.676563883323304],[-122.86098913697691,38.68694496018628],[-122.87739622428376,38.68559827726936],[-122.88488569458548,38.67387166259574],[-122.87597157941151,38.66349170085573],[-122.85956786956177,38.66483723877241]]]},"properties":{"h3_index":"87283151affffff","station_count":78,"polygon_count":78,"coverage_type":"area","wetland_summary":"Channel Vegetated Woody, Depressional Vegetated, Depressional Open Water","level1_summary":"Non-Tidal","program_id":"russian_river","program":"Russian River","resolution":7,"stations":[]}},{"type":"Feature","geometry":{"type":"Polygon","coordinates":[[[-122.88488569458548,38.67387166259574],[-122.87739622428376,38.68559827726936],[-122.88631232976824,38.69597551013724],[-122.9027177789414,38.694625013398884],[-122.91020374532623,38.68289843050003],[-122.90128776735654,38.67252231245855],[-122.88488569458548,38.67387166259574]]]},"properties":{"h3_index":"87283151bffffff","station_count":15,"polygon_count":15,"coverage_type":"area","wetland_summary":"Woody Slope, Depressional Vegetated","level1_summary":"Non-Tidal","program_id":"russian_river","program":"Russian River","resolution":7,"stations":[]}},{"type":"Feature","geometry":{"type":"Polygon","coordinates":[[[-122.8820342356512,38.629651041489176],[-122.87454753760194,38.64138081638135],[-122.88345966334036,38.65176350459127],[-122.89985836107736,38.65041530161494],[-122.90734155850834,38.63868555825483],[-122.89842955972135,38.62830398623283],[-122.8820342356512,38.629651041489176]]]},"properties":{"h3_index":"87283151cffffff","station_count":73,"polygon_count":73,"coverage_type":"area","wetland_summary":"Depressional Vegetated, Channel, Depressional Open Water","level1_summary":"Non-Tidal","program_id":"russian_river","program":"Russian River","resolution":7,"stations":[]}},{"type":"Feature","geometry":{"type":"Polygon","coordinates":[[[-122.90734155850834,38.63868555825483],[-122.89985836107736,38.65041530161494],[-122.90877234901836,38.6607941478484],[-122.92516940430053,38.6594421347261],[-122.9326490981322,38.64771242479711],[-122.92373524118089,38.63733469445297],[-122.90734155850834,38.63868555825483]]]},"properties":{"h3_index":"87283151dffffff","station_count":117,"polygon_count":117,"coverage_type":"area","wetland_summary":"Channel Vegetated, Channel, Depressional Vegetated","level1_summary":"Non-Tidal","program_id":"russian_river","program":"Russian River","resolution":7,"stations":[]}},{"type":"Feature","geometry":{"type":"Polygon","coordinates":[[[-122.85814720384042,38.642725208739],[-122.85065562063122,38.65445343475959],[-122.85956786956177,38.66483723877241],[-122.87597157941151,38.66349170085573],[-122.88345966334036,38.65176350459127],[-122.87454753760194,38.64138081638135],[-122.85814720384042,38.642725208739]]]},"properties":{"h3_index":"87283151effffff","station_count":50,"polygon_count":50,"coverage_type":"area","wetland_summary":"Depressional Vegetated, Non-woody Slope, Depressional Open Water","level1_summary":"Non-Tidal","program_id":"russian_river","program":"Russian River","resolution":7,"stations":[]}},{"type":"Feature","geometry":{"type":"Polygon","coordinates":[[[-122.92547744096468,38.537124417221186],[-122.91800465267795,38.54886197699888],[-122.92691055938872,38.559250593299325],[-122.94328912168315,38.557900530700046],[-122.95075841163676,38.546163005621274],[-122.94185263852552,38.535775508336435],[-122.92547744096468,38.537124417221186]]]},"properties":{"h3_index":"872831520ffffff","station_count":9,"polygon_count":9,"coverage_type":"area","wetland_summary":"Channel Vegetated Woody, Depressional Open Water, Non-woody Slope","level1_summary":"Non-Tidal","program_id":"russian_river","program":"Russian River","resolution":7,"stations":[]}},{"type":"Feature","geometry":{"type":"Polygon","coordinates":[[[-122.95075841163676,38.546163005621274],[-122.94328912168315,38.557900530700046],[-122.95219688076001,38.56828531080424],[-122.96857379306122,38.56693144700991],[-122.97603958171703,38.555193958532854],[-122.96713196026505,38.54481029714186],[-122.95075841163676,38.546163005621274]]]},"properties":{"h3_index":"872831521ffffff","station_count":6,"polygon_count":6,"coverage_type":"area","wetland_summary":"Depressional Vegetated","level1_summary":"Non-Tidal","program_id":"russian_river","program":"Russian River","resolution":7,"stations":[]}},{"type":"Feature","geometry":{"type":"Polygon","coordinates":[[[-122.90162444679727,38.55020823793043],[-122.89414678137254,38.56194426661088],[-122.90305281793987,38.57233400153912],[-122.91943639097315,38.57098658905286],[-122.92691055938872,38.559250593299325],[-122.91800465267795,38.54886197699888],[-122.90162444679727,38.55020823793043]]]},"properties":{"h3_index":"872831522ffffff","station_count":16,"polygon_count":16,"coverage_type":"area","wetland_summary":"Depressional Vegetated, Seep/Spring, Channel","level1_summary":"Non-Tidal","program_id":"russian_river","program":"Russian River","resolution":7,"stations":[]}},{"type":"Feature","geometry":{"type":"Polygon","coordinates":[[[-122.92691055938872,38.559250593299325],[-122.91943639097315,38.57098658905286],[-122.9283442839345,38.58137248748476],[-122.94472621232393,38.58002127172899],[-122.95219688076001,38.56828531080424],[-122.94328912168315,38.557900530700046],[-122.92691055938872,38.559250593299325]]]},"properties":{"h3_index":"872831523ffffff","station_count":18,"polygon_count":18,"coverage_type":"area","wetland_summary":"Channel, Seep/Spring, Channel Vegetated Woody","level1_summary":"Non-Tidal","program_id":"russian_river","program":"Russian River","resolution":7,"stations":[]}},{"type":"Feature","geometry":{"type":"Polygon","coordinates":[[[-122.9240449282799,38.51499396464988],[-122.91657351963244,38.526733085472394],[-122.92547744096468,38.537124417221186],[-122.94185263852552,38.535775508336435],[-122.94932055048506,38.524036422081245],[-122.9404167624676,38.51364621003713],[-122.9240449282799,38.51499396464988]]]},"properties":{"h3_index":"872831524ffffff","station_count":11,"polygon_count":11,"coverage_type":"area","wetland_summary":"Woody Slope, Depressional Vegetated, Seep/Spring","level1_summary":"Non-Tidal","program_id":"russian_river","program":"Russian River","resolution":7,"stations":[]}},{"type":"Feature","geometry":{"type":"Polygon","coordinates":[[[-122.94932055048506,38.524036422081245],[-122.94185263852552,38.535775508336435],[-122.95075841163676,38.546163005621274],[-122.96713196026505,38.54481029714186],[-122.97459637257367,38.5330712473574],[-122.96569073680004,38.5226848694751],[-122.94932055048506,38.524036422081245]]]},"properties":{"h3_index":"872831525ffffff","station_count":3,"polygon_count":3,"coverage_type":"area","wetland_summary":"Woody Slope, Depressional Vegetated","level1_summary":"Non-Tidal","program_id":"russian_river","program":"Russian River","resolution":7,"stations":[]}},{"type":"Feature","geometry":{"type":"Polygon","coordinates":[[[-122.90019667954212,38.52807819429205],[-122.89272039589098,38.539815786866164],[-122.90162444679727,38.55020823793043],[-122.91800465267795,38.54886197699888],[-122.92547744096468,38.537124417221186],[-122.91657351963244,38.526733085472394],[-122.90019667954212,38.52807819429205]]]},"properties":{"h3_index":"872831526ffffff","station_count":34,"polygon_count":34,"coverage_type":"area","wetland_summary":"Channel, Channel Vegetated Woody, Woody Slope","level1_summary":"Non-Tidal","program_id":"russian_river","program":"Russian River","resolution":7,"stations":[]}},{"type":"Feature","geometry":{"type":"Polygon","coordinates":[[[-122.9774834010635,38.57731238949093],[-122.9700162355732,38.58904831368474],[-122.97892783099834,38.59942653484099],[-122.99530645086884,38.59806771397673],[-123.0027701104511,38.586331828416206],[-122.99385865696621,38.575954724979866],[-122.9774834010635,38.57731238949093]]]},"properties":{"h3_index":"872831528ffffff","station_count":9,"polygon_count":9,"coverage_type":"area","wetland_summary":"Depressional Vegetated, Seep/Spring, Channel","level1_summary":"Non-Tidal","program_id":"russian_river","program":"Russian River","resolution":7,"stations":[]}},{"type":"Feature","geometry":{"type":"Polygon","coordinates":[[[-123.0027701104511,38.586331828416206],[-122.99530645086884,38.59806771397673],[-123.00421989235922,38.60844209436455],[-123.02059684835822,38.607079471672655],[-123.02805699907417,38.59534362664801],[-123.01914370355185,38.584970363672426],[-123.0027701104511,38.586331828416206]]]},"properties":{"h3_index":"872831529ffffff","station_count":39,"polygon_count":39,"coverage_type":"area","wetland_summary":"Channel, Channel Vegetated Woody, Channel Vegetated","level1_summary":"Non-Tidal","program_id":"russian_river","program":"Russian River","resolution":7,"stations":[]}},{"type":"Feature","geometry":{"type":"Polygon","coordinates":[[[-122.95363595823866,38.59040333223506],[-122.94616391083137,38.60213772603147],[-122.9550756444569,38.61251706452582],[-122.971459288186,38.61116089177903],[-122.97892783099834,38.59942653484099],[-122.9700162355732,38.58904831368474],[-122.95363595823866,38.59040333223506]]]},"properties":{"h3_index":"87283152affffff","station_count":90,"polygon_count":90,"coverage_type":"area","wetland_summary":"Channel Vegetated Woody, Channel, Channel Vegetated","level1_summary":"Non-Tidal","program_id":"russian_river","program":"Russian River","resolution":7,"stations":[]}},{"type":"Feature","geometry":{"type":"Polygon","coordinates":[[[-122.97892783099834,38.59942653484099],[-122.971459288186,38.61116089177903],[-122.98037287190714,38.62153638919956],[-122.99675485710571,38.62017641254251],[-123.00421989235922,38.60844209436455],[-122.99530645086884,38.59806771397673],[-122.97892783099834,38.59942653484099]]]},"properties":{"h3_index":"87283152bffffff","station_count":56,"polygon_count":56,"coverage_type":"area","wetland_summary":"Channel Vegetated Woody, Channel Vegetated, Depressional Vegetated","level1_summary":"Non-Tidal","program_id":"russian_river","program":"Russian River","resolution":7,"stations":[]}},{"type":"Feature","geometry":{"type":"Polygon","coordinates":[[[-122.97603958171703,38.555193958532854],[-122.96857379306122,38.56693144700991],[-122.9774834010635,38.57731238949093],[-122.99385865696621,38.575954724979866],[-123.00132094136362,38.56421727500755],[-122.99241147501152,38.55383745093482],[-122.97603958171703,38.555193958532854]]]},"properties":{"h3_index":"87283152cffffff","station_count":7,"polygon_count":7,"coverage_type":"area","wetland_summary":"Depressional Vegetated, Seep/Spring, Channel Vegetated Woody","level1_summary":"Non-Tidal","program_id":"russian_river","program":"Russian River","resolution":7,"stations":[]}},{"type":"Feature","geometry":{"type":"Polygon","coordinates":[[[-123.00132094136362,38.56421727500755],[-122.99385865696621,38.575954724979866],[-123.0027701104511,38.586331828416206],[-123.01914370355185,38.584970363672426],[-123.02660248073423,38.57323295410808],[-123.01769117292478,38.562856968772614],[-123.00132094136362,38.56421727500755]]]},"properties":{"h3_index":"87283152dffffff","station_count":20,"polygon_count":20,"coverage_type":"area","wetland_summary":"Channel, Depressional Vegetated, Seep/Spring","level1_summary":"Non-Tidal","program_id":"russian_river","program":"Russian River","resolution":7,"stations":[]}},{"type":"Feature","geometry":{"type":"Polygon","coordinates":[[[-122.95219688076001,38.56828531080424],[-122.94472621232393,38.58002127172899],[-122.95363595823866,38.59040333223506],[-122.9700162355732,38.58904831368474],[-122.9774834010635,38.57731238949093],[-122.96857379306122,38.56693144700991],[-122.95219688076001,38.56828531080424]]]},"properties":{"h3_index":"87283152effffff","station_count":50,"polygon_count":50,"coverage_type":"area","wetland_summary":"Channel, Channel Vegetated, Channel Vegetated Woody","level1_summary":"Non-Tidal","program_id":"russian_river","program":"Russian River","resolution":7,"stations":[]}},{"type":"Feature","geometry":{"type":"Polygon","coordinates":[[[-122.85247055029215,38.55423410991376],[-122.84498451422499,38.565968632131124],[-122.85388881303791,38.576363320655446],[-122.8702790267399,38.57502236832188],[-122.87776157010808,38.56328787535836],[-122.86885739337329,38.55289430536864],[-122.85247055029215,38.55423410991376]]]},"properties":{"h3_index":"872831530ffffff","station_count":2324,"polygon_count":2324,"coverage_type":"area","wetland_summary":"Channel Vegetated, Channel Vegetated Woody, Channel","level1_summary":"Non-Tidal","program_id":"russian_river","program":"Russian River","resolution":7,"stations":[]}},{"type":"Feature","geometry":{"type":"Polygon","coordinates":[[[-122.87776157010808,38.56328787535836],[-122.8702790267399,38.57502236832188],[-122.87918518941595,38.5854132214894],[-122.89557377025062,38.58406846334804],[-122.90305281793987,38.57233400153912],[-122.89414678137254,38.56194426661088],[-122.87776157010808,38.56328787535836]]]},"properties":{"h3_index":"872831531ffffff","station_count":109,"polygon_count":109,"coverage_type":"area","wetland_summary":"Channel, Woody Slope, Depressional Vegetated","level1_summary":"Non-Tidal","program_id":"russian_river","program":"Russian River","resolution":7,"stations":[]}},{"type":"Feature","geometry":{"type":"Polygon","coordinates":[[[-122.82859267407592,38.56730577819669],[-122.82110176060715,38.57903875830599],[-122.830006177743,38.589434564973274],[-122.84640139092608,38.58809627328253],[-122.85388881303791,38.576363320655446],[-122.84498451422499,38.565968632131124],[-122.82859267407592,38.56730577819669]]]},"properties":{"h3_index":"872831532ffffff","station_count":42,"polygon_count":42,"coverage_type":"area","wetland_summary":"Depressional Vegetated, Depressional Open Water, Vernal Pool","level1_summary":"Non-Tidal","program_id":"russian_river","program":"Russian River","resolution":7,"stations":[]}},{"type":"Feature","geometry":{"type":"Polygon","coordinates":[[[-122.85388881303791,38.576363320655446],[-122.84640139092608,38.58809627328253],[-122.85530767595829,38.598488244299936],[-122.8717012616467,38.59714614473442],[-122.87918518941595,38.5854132214894],[-122.8702790267399,38.57502236832188],[-122.85388881303791,38.576363320655446]]]},"properties":{"h3_index":"872831533ffffff","station_count":1139,"polygon_count":1139,"coverage_type":"area","wetland_summary":"Channel Vegetated, Channel Vegetated Woody, Woody Slope","level1_summary":"Non-Tidal","program_id":"russian_river","program":"Russian River","resolution":7,"stations":[]}},{"type":"Feature","geometry":{"type":"Polygon","coordinates":[[[-122.85105288734204,38.532100617473425],[-122.84356823682606,38.54383670630292],[-122.85247055029215,38.55423410991376],[-122.86885739337329,38.55289430536864],[-122.87633855283283,38.54115824566296],[-122.86743636116712,38.53076196127268],[-122.85105288734204,38.532100617473425]]]},"properties":{"h3_index":"872831534ffffff","station_count":3760,"polygon_count":3760,"coverage_type":"area","wetland_summary":"Channel Vegetated, Channel Vegetated Woody, Channel","level1_summary":"Non-Tidal","program_id":"russian_river","program":"Russian River","resolution":7,"stations":[]}},{"type":"Feature","geometry":{"type":"Polygon","coordinates":[[[-122.87633855283283,38.54115824566296],[-122.86885739337329,38.55289430536864],[-122.87776157010808,38.56328787535836],[-122.89414678137254,38.56194426661088],[-122.90162444679727,38.55020823793043],[-122.89272039589098,38.539815786866164],[-122.87633855283283,38.54115824566296]]]},"properties":{"h3_index":"872831535ffffff","station_count":40,"polygon_count":40,"coverage_type":"area","wetland_summary":"Depressional Vegetated, Woody Slope, Non-woody Slope","level1_summary":"Non-Tidal","program_id":"russian_river","program":"Russian River","resolution":7,"stations":[]}},{"type":"Feature","geometry":{"type":"Polygon","coordinates":[[[-122.8271797683445,38.545172706187735],[-122.81969024256237,38.5569072557584],[-122.82859267407592,38.56730577819669],[-122.84498451422499,38.565968632131124],[-122.85247055029215,38.55423410991376],[-122.84356823682606,38.54383670630292],[-122.8271797683445,38.545172706187735]]]},"properties":{"h3_index":"872831536ffffff","station_count":45,"polygon_count":45,"coverage_type":"area","wetland_summary":"Depressional Vegetated, Non-woody Slope, Woody Slope","level1_summary":"Non-Tidal","program_id":"russian_river","program":"Russian River","resolution":7,"stations":[]}},{"type":"Feature","geometry":{"type":"Polygon","coordinates":[[[-123.08156356427104,38.65753721473621],[-123.07410769824504,38.66926983450029],[-123.08303063933968,38.67962722052457],[-123.09940928870081,38.67825087157821],[-123.10686163369418,38.66651829830574],[-123.09793885125201,38.65616202738049],[-123.08156356427104,38.65753721473621]]]},"properties":{"h3_index":"872831540ffffff","station_count":58,"polygon_count":58,"coverage_type":"area","wetland_summary":"Channel, Channel Vegetated Woody, Channel Vegetated","level1_summary":"Non-Tidal","program_id":"russian_river","program":"Russian River","resolution":7,"stations":[]}},{"type":"Feature","geometry":{"type":"Polygon","coordinates":[[[-123.10686163369418,38.66651829830574],[-123.09940928870081,38.67825087157821],[-123.10833406320516,38.68860440779806],[-123.12471102091004,38.68722425585688],[-123.13215984192546,38.675491730978194],[-123.12323523010608,38.66513930953918],[-123.10686163369418,38.66651829830574]]]},"properties":{"h3_index":"872831541ffffff","station_count":29,"polygon_count":29,"coverage_type":"area","wetland_summary":"Channel, Channel Vegetated Woody, Depressional Vegetated","level1_summary":"Non-Tidal","program_id":"russian_river","program":"Russian River","resolution":7,"stations":[]}},{"type":"Feature","geometry":{"type":"Polygon","coordinates":[[[-123.05772736363564,38.67064237993834],[-123.05026660619262,38.682373470733424],[-123.05918970220597,38.69273197148687],[-123.07557340163793,38.69135826660871],[-123.08303063933968,38.67962722052457],[-123.07410769824504,38.66926983450029],[-123.05772736363564,38.67064237993834]]]},"properties":{"h3_index":"872831542ffffff","station_count":13,"polygon_count":13,"coverage_type":"area","wetland_summary":"Seep/Spring, Non-woody Slope, Depressional Vegetated","level1_summary":"Non-Tidal","program_id":"russian_river","program":"Russian River","resolution":7,"stations":[]}},{"type":"Feature","geometry":{"type":"Polygon","coordinates":[[[-123.08303063933968,38.67962722052457],[-123.07557340163793,38.69135826660871],[-123.08449833509611,38.701712917241814],[-123.1008803481957,38.70033540726997],[-123.10833406320516,38.68860440779806],[-123.09940928870081,38.67825087157821],[-123.08303063933968,38.67962722052457]]]},"properties":{"h3_index":"872831543ffffff","station_count":49,"polygon_count":49,"coverage_type":"area","wetland_summary":"Channel, Channel Vegetated Woody, Channel Vegetated","level1_summary":"Non-Tidal","program_id":"russian_river","program":"Russian River","resolution":7,"stations":[]}},{"type":"Feature","geometry":{"type":"Polygon","coordinates":[[[-123.08009710949844,38.63544290522799],[-123.0726426146647,38.647177095713204],[-123.08156356427104,38.65753721473621],[-123.09793885125201,38.65616202738049],[-123.10538982671162,38.64442788326447],[-123.09646903545678,38.63406888002748],[-123.08009710949844,38.63544290522799]]]},"properties":{"h3_index":"872831544ffffff","station_count":13,"polygon_count":13,"coverage_type":"area","wetland_summary":"Depressional Vegetated, Seep/Spring, Depressional Open Water","level1_summary":"Non-Tidal","program_id":"russian_river","program":"Russian River","resolution":7,"stations":[]}},{"type":"Feature","geometry":{"type":"Polygon","coordinates":[[[-123.10538982671162,38.64442788326447],[-123.09793885125201,38.65616202738049],[-123.10686163369418,38.66651829830574],[-123.12323523010608,38.66513930953918],[-123.1306826832478,38.653405213695166],[-123.12176006318708,38.643050058238],[-123.10538982671162,38.64442788326447]]]},"properties":{"h3_index":"872831545ffffff","station_count":4,"polygon_count":4,"coverage_type":"area","wetland_summary":"Depressional Vegetated, Depressional Open Water","level1_summary":"Non-Tidal","program_id":"russian_river","program":"Russian River","resolution":7,"stations":[]}},{"type":"Feature","geometry":{"type":"Polygon","coordinates":[[[-123.05626564351864,38.648548481146904],[-123.04880625940939,38.66028114550062],[-123.05772736363564,38.67064237993834],[-123.07410769824504,38.66926983450029],[-123.08156356427104,38.65753721473621],[-123.0726426146647,38.647177095713204],[-123.05626564351864,38.648548481146904]]]},"properties":{"h3_index":"872831546ffffff","station_count":33,"polygon_count":33,"coverage_type":"area","wetland_summary":"Channel, Channel Vegetated Woody, Depressional Vegetated","level1_summary":"Non-Tidal","program_id":"russian_river","program":"Russian River","resolution":7,"stations":[]}},{"type":"Feature","geometry":{"type":"Polygon","coordinates":[[[-123.13363762536316,38.697573940886734],[-123.12618743599292,38.70930489184484],[-123.13511603395546,38.71965183807844],[-123.15149465515628,38.71826671947215],[-123.15894131594446,38.70653581892956],[-123.15001288500567,38.69618998646985],[-123.13363762536316,38.697573940886734]]]},"properties":{"h3_index":"872831548ffffff","station_count":5,"polygon_count":5,"coverage_type":"area","wetland_summary":"Depressional Vegetated, Seep/Spring, Woody Slope","level1_summary":"Non-Tidal","program_id":"russian_river","program":"Russian River","resolution":7,"stations":[]}},{"type":"Feature","geometry":{"type":"Polygon","coordinates":[[[-123.15894131594446,38.70653581892956],[-123.15149465515628,38.71826671947215],[-123.16042508017395,38.728609811437465],[-123.1768019958122,38.72722088930169],[-123.18424512507956,38.715490041076606],[-123.17531487112038,38.70514806256173],[-123.15894131594446,38.70653581892956]]]},"properties":{"h3_index":"872831549ffffff","station_count":30,"polygon_count":30,"coverage_type":"area","wetland_summary":"Channel, Seep/Spring, Non-woody Slope","level1_summary":"Non-Tidal","program_id":"russian_river","program":"Russian River","resolution":7,"stations":[]}},{"type":"Feature","geometry":{"type":"Polygon","coordinates":[[[-123.1098071156377,38.710686206394605],[-123.10235203012954,38.722415629112234],[-123.11128079138513,38.732763688755796],[-123.12766447574892,38.73138121216403],[-123.13511603395546,38.71965183807844],[-123.12618743599292,38.70930489184484],[-123.1098071156377,38.710686206394605]]]},"properties":{"h3_index":"87283154affffff","station_count":29,"polygon_count":29,"coverage_type":"area","wetland_summary":"Channel, Channel Vegetated Woody, Channel Vegetated","level1_summary":"Non-Tidal","program_id":"russian_river","program":"Russian River","resolution":7,"stations":[]}},{"type":"Feature","geometry":{"type":"Polygon","coordinates":[[[-123.13511603395546,38.71965183807844],[-123.12766447574892,38.73138121216403],[-123.1365950680971,38.74172541721814],[-123.15297705221353,38.74033913498994],[-123.16042508017395,38.728609811437465],[-123.15149465515628,38.71826671947215],[-123.13511603395546,38.71965183807844]]]},"properties":{"h3_index":"87283154bffffff","station_count":20,"polygon_count":20,"coverage_type":"area","wetland_summary":"Seep/Spring, Woody Slope, Depressional Vegetated","level1_summary":"Non-Tidal","program_id":"russian_river","program":"Russian River","resolution":7,"stations":[]}},{"type":"Feature","geometry":{"type":"Polygon","coordinates":[[[-123.13215984192546,38.675491730978194],[-123.12471102091004,38.68722425585688],[-123.13363762536316,38.697573940886734],[-123.15001288500567,38.69618998646985],[-123.15745817910192,38.684457511887324],[-123.1485317413661,38.67410894131764],[-123.13215984192546,38.675491730978194]]]},"properties":{"h3_index":"87283154cffffff","station_count":2,"polygon_count":2,"coverage_type":"area","wetland_summary":"Depressional Vegetated","level1_summary":"Non-Tidal","program_id":"russian_river","program":"Russian River","resolution":7,"stations":[]}},{"type":"Feature","geometry":{"type":"Polygon","coordinates":[[[-123.15745817910192,38.684457511887324],[-123.15001288500567,38.69618998646985],[-123.15894131594446,38.70653581892956],[-123.17531487112038,38.70514806256173],[-123.1827566353603,38.693415640177975],[-123.17382837517103,38.68307092185526],[-123.15745817910192,38.684457511887324]]]},"properties":{"h3_index":"87283154dffffff","station_count":20,"polygon_count":20,"coverage_type":"area","wetland_summary":"Channel, Seep/Spring, Channel Vegetated","level1_summary":"Non-Tidal","program_id":"russian_river","program":"Russian River","resolution":7,"stations":[]}},{"type":"Feature","geometry":{"type":"Polygon","coordinates":[[[-123.10833406320516,38.68860440779806],[-123.1008803481957,38.70033540726997],[-123.1098071156377,38.710686206394605],[-123.12618743599292,38.70930489184484],[-123.13363762536316,38.697573940886734],[-123.12471102091004,38.68722425585688],[-123.10833406320516,38.68860440779806]]]},"properties":{"h3_index":"87283154effffff","station_count":19,"polygon_count":19,"coverage_type":"area","wetland_summary":"Channel, Depressional Vegetated, Channel Vegetated","level1_summary":"Non-Tidal","program_id":"russian_river","program":"Russian River","resolution":7,"stations":[]}},{"type":"Feature","geometry":{"type":"Polygon","coordinates":[[[-123.00857291887887,38.67474711369356],[-123.00110375369071,38.68647671193243],[-123.01002515594244,38.69684017608249],[-123.02641557713682,38.6954729272169],[-123.03388122684208,38.68374337000778],[-123.0249599717324,38.673381020527444],[-123.00857291887887,38.67474711369356]]]},"properties":{"h3_index":"872831550ffffff","station_count":7,"polygon_count":7,"coverage_type":"area","wetland_summary":"Depressional Vegetated, Depressional Open Water, Lacustrine Open Water","level1_summary":"Non-Tidal","program_id":"russian_river","program":"Russian River","resolution":7,"stations":[]}},{"type":"Feature","geometry":{"type":"Polygon","coordinates":[[[-123.03388122684208,38.68374337000778],[-123.02641557713682,38.6954729272169],[-123.03533882433013,38.705832542328906],[-123.05172757094441,38.70446148576602],[-123.05918970220597,38.69273197148687],[-123.05026660619262,38.682373470733424],[-123.03388122684208,38.68374337000778]]]},"properties":{"h3_index":"872831551ffffff","station_count":3,"polygon_count":3,"coverage_type":"area","wetland_summary":"Depressional Vegetated, Lacustrine Open Water","level1_summary":"Non-Tidal","program_id":"russian_river","program":"Russian River","resolution":7,"stations":[]}},{"type":"Feature","geometry":{"type":"Polygon","coordinates":[[[-122.98471166433771,38.687840152599634],[-122.97723760735681,38.699568210855396],[-122.98615915300444,38.70993278930145],[-123.00255461313498,38.70856819508882],[-123.01002515594244,38.69684017608249],[-123.00110375369071,38.68647671193243],[-122.98471166433771,38.687840152599634]]]},"properties":{"h3_index":"872831552ffffff","station_count":137,"polygon_count":137,"coverage_type":"area","wetland_summary":"Lacustrine Open Water, Channel, Depressional Open Water","level1_summary":"Non-Tidal","program_id":"russian_river","program":"Russian River","resolution":7,"stations":[]}},{"type":"Feature","geometry":{"type":"Polygon","coordinates":[[[-123.01002515594244,38.69684017608249],[-123.00255461313498,38.70856819508882],[-123.0114780077647,38.71892892418793],[-123.02787179866256,38.717560520186495],[-123.03533882433013,38.705832542328906],[-123.02641557713682,38.6954729272169],[-123.01002515594244,38.69684017608249]]]},"properties":{"h3_index":"872831553ffffff","station_count":7,"polygon_count":7,"coverage_type":"area","wetland_summary":"Depressional Vegetated, Lacustrine Open Water","level1_summary":"Non-Tidal","program_id":"russian_river","program":"Russian River","resolution":7,"stations":[]}},{"type":"Feature","geometry":{"type":"Polygon","coordinates":[[[-123.00712129618569,38.65264974237145],[-122.99965350812947,38.66438091688528],[-123.00857291887887,38.67474711369356],[-123.0249599717324,38.673381020527444],[-123.03242424596158,38.66164988692255],[-123.02350498206027,38.65128480546781],[-123.00712129618569,38.65264974237145]]]},"properties":{"h3_index":"872831554ffffff","station_count":9,"polygon_count":9,"coverage_type":"area","wetland_summary":"Depressional Vegetated, Channel Vegetated, Channel Vegetated Woody","level1_summary":"Non-Tidal","program_id":"russian_river","program":"Russian River","resolution":7,"stations":[]}},{"type":"Feature","geometry":{"type":"Polygon","coordinates":[[[-123.03242424596158,38.66164988692255],[-123.0249599717324,38.673381020527444],[-123.03388122684208,38.68374337000778],[-123.05026660619262,38.682373470733424],[-123.05772736363564,38.67064237993834],[-123.04880625940939,38.66028114550062],[-123.03242424596158,38.66164988692255]]]},"properties":{"h3_index":"872831555ffffff","station_count":11,"polygon_count":11,"coverage_type":"area","wetland_summary":"Depressional Vegetated, Seep/Spring, Non-woody Slope","level1_summary":"Non-Tidal","program_id":"russian_river","program":"Russian River","resolution":7,"stations":[]}},{"type":"Feature","geometry":{"type":"Polygon","coordinates":[[[-122.98326478819044,38.665743203444386],[-122.97579211048424,38.67747284081297],[-122.98471166433771,38.687840152599634],[-123.00110375369071,38.68647671193243],[-123.00857291887887,38.67474711369356],[-122.99965350812947,38.66438091688528],[-122.98326478819044,38.665743203444386]]]},"properties":{"h3_index":"872831556ffffff","station_count":83,"polygon_count":83,"coverage_type":"area","wetland_summary":"Channel Vegetated, Channel, Channel Vegetated Woody","level1_summary":"Non-Tidal","program_id":"russian_river","program":"Russian River","resolution":7,"stations":[]}},{"type":"Feature","geometry":{"type":"Polygon","coordinates":[[[-123.06065265962036,38.71481725044397],[-123.05318915405512,38.72654518525323],[-123.06211623626979,38.73689821146829],[-123.07850666942785,38.73552218940493],[-123.0859666519324,38.723794299543854],[-123.07703972523497,38.71344238669052],[-123.06065265962036,38.71481725044397]]]},"properties":{"h3_index":"872831558ffffff","station_count":17,"polygon_count":17,"coverage_type":"area","wetland_summary":"Depressional Vegetated, Seep/Spring, Depressional Open Water","level1_summary":"Non-Tidal","program_id":"russian_river","program":"Russian River","resolution":7,"stations":[]}},{"type":"Feature","geometry":{"type":"Polygon","coordinates":[[[-123.0859666519324,38.723794299543854],[-123.07850666942785,38.73552218940493],[-123.08743559024091,38.745871362093816],[-123.10382433489555,38.74449153176869],[-123.11128079138513,38.732763688755796],[-123.10235203012954,38.722415629112234],[-123.0859666519324,38.723794299543854]]]},"properties":{"h3_index":"872831559ffffff","station_count":7,"polygon_count":7,"coverage_type":"area","wetland_summary":"Depressional Vegetated, Seep/Spring, Lacustrine Open Water","level1_summary":"Non-Tidal","program_id":"russian_river","program":"Russian River","resolution":7,"stations":[]}},{"type":"Feature","geometry":{"type":"Polygon","coordinates":[[[-123.03679703881538,38.727917398540114],[-123.02932863669903,38.73964379409375],[-123.0382558706878,38.74999793330283],[-123.05465135591557,38.74862456385699],[-123.06211623626979,38.73689821146829],[-123.05318915405512,38.72654518525323],[-123.03679703881538,38.727917398540114]]]},"properties":{"h3_index":"87283155affffff","station_count":1,"polygon_count":1,"coverage_type":"area","wetland_summary":"Lacustrine Open Water","level1_summary":"Non-Tidal","program_id":"russian_river","program":"Russian River","resolution":7,"stations":[]}},{"type":"Feature","geometry":{"type":"Polygon","coordinates":[[[-123.06211623626979,38.73689821146829],[-123.05465135591557,38.74862456385699],[-123.06358043254562,38.75897484922568],[-123.07997423460881,38.757597669418395],[-123.08743559024091,38.745871362093816],[-123.07850666942785,38.73552218940493],[-123.06211623626979,38.73689821146829]]]},"properties":{"h3_index":"87283155bffffff","station_count":2,"polygon_count":2,"coverage_type":"area","wetland_summary":"Lacustrine Open Water, Depressional Vegetated","level1_summary":"Non-Tidal","program_id":"russian_river","program":"Russian River","resolution":7,"stations":[]}},{"type":"Feature","geometry":{"type":"Polygon","coordinates":[[[-123.05918970220597,38.69273197148687],[-123.05172757094441,38.70446148576602],[-123.06065265962036,38.71481725044397],[-123.07703972523497,38.71344238669052],[-123.08449833509611,38.701712917241814],[-123.07557340163793,38.69135826660871],[-123.05918970220597,38.69273197148687]]]},"properties":{"h3_index":"87283155cffffff","station_count":39,"polygon_count":39,"coverage_type":"area","wetland_summary":"Channel, Channel Vegetated Woody, Channel Vegetated","level1_summary":"Non-Tidal","program_id":"russian_river","program":"Russian River","resolution":7,"stations":[]}},{"type":"Feature","geometry":{"type":"Polygon","coordinates":[[[-123.08449833509611,38.701712917241814],[-123.07703972523497,38.71344238669052],[-123.0859666519324,38.723794299543854],[-123.10235203012954,38.722415629112234],[-123.1098071156377,38.710686206394605],[-123.1008803481957,38.70033540726997],[-123.08449833509611,38.701712917241814]]]},"properties":{"h3_index":"87283155dffffff","station_count":88,"polygon_count":88,"coverage_type":"area","wetland_summary":"Channel, Channel Vegetated Woody, Channel Vegetated","level1_summary":"Non-Tidal","program_id":"russian_river","program":"Russian River","resolution":7,"stations":[]}},{"type":"Feature","geometry":{"type":"Polygon","coordinates":[[[-123.03533882433013,38.705832542328906],[-123.02787179866256,38.717560520186495],[-123.03679703881538,38.727917398540114],[-123.05318915405512,38.72654518525323],[-123.06065265962036,38.71481725044397],[-123.05172757094441,38.70446148576602],[-123.03533882433013,38.705832542328906]]]},"properties":{"h3_index":"87283155effffff","station_count":9,"polygon_count":9,"coverage_type":"area","wetland_summary":"Seep/Spring, Depressional Vegetated, Depressional Open Water","level1_summary":"Non-Tidal","program_id":"russian_river","program":"Russian River","resolution":7,"stations":[]}},{"type":"Feature","geometry":{"type":"Polygon","coordinates":[[[-123.12773023859648,38.609219278411],[-123.12028551975953,38.620956507306744],[-123.1292061489361,38.631314394387196],[-123.14557133203918,38.62993393593782],[-123.15301252893873,38.618196756969496],[-123.14409206556232,38.60783998641532],[-123.12773023859648,38.609219278411]]]},"properties":{"h3_index":"872831561ffffff","station_count":20,"polygon_count":20,"coverage_type":"area","wetland_summary":"Channel Vegetated Woody, Channel, Seep/Spring","level1_summary":"Non-Tidal","program_id":"russian_river","program":"Russian River","resolution":7,"stations":[]}},{"type":"Feature","geometry":{"type":"Polygon","coordinates":[[[-123.0786312746305,38.613344297358374],[-123.07117815050582,38.625080055602595],[-123.08009710949844,38.63544290522799],[-123.09646903545678,38.63406888002748],[-123.10391864186465,38.62233316802823],[-123.09499984092294,38.61197143487703],[-123.0786312746305,38.613344297358374]]]},"properties":{"h3_index":"872831562ffffff","station_count":85,"polygon_count":85,"coverage_type":"area","wetland_summary":"Channel, Channel Vegetated Woody, Channel Vegetated","level1_summary":"Non-Tidal","program_id":"russian_river","program":"Russian River","resolution":7,"stations":[]}},{"type":"Feature","geometry":{"type":"Polygon","coordinates":[[[-123.10391864186465,38.62233316802823],[-123.09646903545678,38.63406888002748],[-123.10538982671162,38.64442788326447],[-123.12176006318708,38.643050058238],[-123.1292061489361,38.631314394387196],[-123.12028551975953,38.620956507306744],[-123.10391864186465,38.62233316802823]]]},"properties":{"h3_index":"872831563ffffff","station_count":23,"polygon_count":23,"coverage_type":"area","wetland_summary":"Channel, Channel Vegetated Woody, Woody Slope","level1_summary":"Non-Tidal","program_id":"russian_river","program":"Russian River","resolution":7,"stations":[]}},{"type":"Feature","geometry":{"type":"Polygon","coordinates":[[[-123.10097813700824,38.578130858422746],[-123.09353126725851,38.58986969729425],[-123.10244807876093,38.60023415795819],[-123.11881159943016,38.59885866210601],[-123.12625495183553,38.58711987113049],[-123.11733830180604,38.57675652800357],[-123.10097813700824,38.578130858422746]]]},"properties":{"h3_index":"872831564ffffff","station_count":50,"polygon_count":50,"coverage_type":"area","wetland_summary":"Channel, Channel Vegetated Woody, Channel Vegetated","level1_summary":"Non-Tidal","program_id":"russian_river","program":"Russian River","resolution":7,"stations":[]}},{"type":"Feature","geometry":{"type":"Polygon","coordinates":[[[-123.12625495183553,38.58711987113049],[-123.11881159943016,38.59885866210601],[-123.12773023859648,38.609219278411],[-123.14409206556232,38.60783998641532],[-123.15153189768859,38.59610124524072],[-123.14261342401733,38.585741746153104],[-123.12625495183553,38.58711987113049]]]},"properties":{"h3_index":"872831565ffffff","station_count":39,"polygon_count":39,"coverage_type":"area","wetland_summary":"Channel, Depressional Vegetated, Channel Vegetated Woody","level1_summary":"Non-Tidal","program_id":"russian_river","program":"Russian River","resolution":7,"stations":[]}},{"type":"Feature","geometry":{"type":"Polygon","coordinates":[[[-123.07716605927617,38.591241396492975],[-123.06971430537756,38.60297871953079],[-123.0786312746305,38.613344297358374],[-123.09499984092294,38.61197143487703],[-123.10244807876093,38.60023415795819],[-123.09353126725851,38.58986969729425],[-123.07716605927617,38.591241396492975]]]},"properties":{"h3_index":"872831566ffffff","station_count":97,"polygon_count":97,"coverage_type":"area","wetland_summary":"Channel, Channel Vegetated Woody, Channel Vegetated","level1_summary":"Non-Tidal","program_id":"russian_river","program":"Russian River","resolution":7,"stations":[]}},{"type":"Feature","geometry":{"type":"Polygon","coordinates":[[[-123.1544937859944,38.640287975558614],[-123.14705122384227,38.65202358935731],[-123.1559756692504,38.66237489564865],[-123.17234250756746,38.66098947251958],[-123.17978154318887,38.649253910676876],[-123.17085726791333,38.638903719899254],[-123.1544937859944,38.640287975558614]]]},"properties":{"h3_index":"872831568ffffff","station_count":39,"polygon_count":39,"coverage_type":"area","wetland_summary":"Channel, Channel Vegetated Woody, Non-woody Slope","level1_summary":"Non-Tidal","program_id":"russian_river","program":"Russian River","resolution":7,"stations":[]}},{"type":"Feature","geometry":{"type":"Polygon","coordinates":[[[-123.17978154318887,38.649253910676876],[-123.17234250756746,38.66098947251958],[-123.18126877486237,38.67133692826454],[-123.19763390450761,38.66994770687009],[-123.20506941066846,38.65821219888747],[-123.19614331753313,38.64786585833105],[-123.17978154318887,38.649253910676876]]]},"properties":{"h3_index":"872831569ffffff","station_count":54,"polygon_count":54,"coverage_type":"area","wetland_summary":"Channel Vegetated Woody, Channel, Channel Vegetated","level1_summary":"Non-Tidal","program_id":"russian_river","program":"Russian River","resolution":7,"stations":[]}},{"type":"Feature","geometry":{"type":"Polygon","coordinates":[[[-123.1306826832478,38.653405213695166],[-123.12323523010608,38.66513930953918],[-123.13215984192546,38.675491730978194],[-123.1485317413661,38.67410894131764],[-123.1559756692504,38.66237489564865],[-123.14705122384227,38.65202358935731],[-123.1306826832478,38.653405213695166]]]},"properties":{"h3_index":"87283156affffff","station_count":8,"polygon_count":8,"coverage_type":"area","wetland_summary":"Channel, Channel Vegetated Woody, Seep/Spring","level1_summary":"Non-Tidal","program_id":"russian_river","program":"Russian River","resolution":7,"stations":[]}},{"type":"Feature","geometry":{"type":"Polygon","coordinates":[[[-123.1559756692504,38.66237489564865],[-123.1485317413661,38.67410894131764],[-123.15745817910192,38.684457511887324],[-123.17382837517103,38.68307092185526],[-123.18126877486237,38.67133692826454],[-123.17234250756746,38.66098947251958],[-123.1559756692504,38.66237489564865]]]},"properties":{"h3_index":"87283156bffffff","station_count":3,"polygon_count":3,"coverage_type":"area","wetland_summary":"Depressional Vegetated","level1_summary":"Non-Tidal","program_id":"russian_river","program":"Russian River","resolution":7,"stations":[]}},{"type":"Feature","geometry":{"type":"Polygon","coordinates":[[[-123.15301252893873,38.618196756969496],[-123.14557133203918,38.62993393593782],[-123.1544937859944,38.640287975558614],[-123.17085726791333,38.638903719899254],[-123.17829493994321,38.62716659276285],[-123.1693726558127,38.616813669345916],[-123.15301252893873,38.618196756969496]]]},"properties":{"h3_index":"87283156cffffff","station_count":10,"polygon_count":10,"coverage_type":"area","wetland_summary":"Channel Vegetated Woody, Channel, Seep/Spring","level1_summary":"Non-Tidal","program_id":"russian_river","program":"Russian River","resolution":7,"stations":[]}},{"type":"Feature","geometry":{"type":"Polygon","coordinates":[[[-123.17829493994321,38.62716659276285],[-123.17085726791333,38.638903719899254],[-123.17978154318887,38.649253910676876],[-123.19614331753313,38.64786585833105],[-123.20357746176508,38.63612878493133],[-123.19465336033868,38.62577971003263],[-123.17829493994321,38.62716659276285]]]},"properties":{"h3_index":"87283156dffffff","station_count":61,"polygon_count":61,"coverage_type":"area","wetland_summary":"Channel, Channel Vegetated Woody, Channel Vegetated","level1_summary":"Non-Tidal","program_id":"russian_river","program":"Russian River","resolution":7,"stations":[]}},{"type":"Feature","geometry":{"type":"Polygon","coordinates":[[[-123.1292061489361,38.631314394387196],[-123.12176006318708,38.643050058238],[-123.1306826832478,38.653405213695166],[-123.14705122384227,38.65202358935731],[-123.1544937859944,38.640287975558614],[-123.14557133203918,38.62993393593782],[-123.1292061489361,38.631314394387196]]]},"properties":{"h3_index":"87283156effffff","station_count":2,"polygon_count":2,"coverage_type":"area","wetland_summary":"Depressional Vegetated, Seep/Spring","level1_summary":"Non-Tidal","program_id":"russian_river","program":"Russian River","resolution":7,"stations":[]}},{"type":"Feature","geometry":{"type":"Polygon","coordinates":[[[-123.02951213246645,38.6174500098789],[-123.02205060773169,38.629184287394864],[-123.03096788129935,38.63955209842619],[-123.04734653020456,38.63818451542005],[-123.05480454146469,38.62645028046827],[-123.04588741818839,38.616083585851314],[-123.02951213246645,38.6174500098789]]]},"properties":{"h3_index":"872831570ffffff","station_count":28,"polygon_count":28,"coverage_type":"area","wetland_summary":"Channel, Channel Vegetated Woody, Non-woody Slope","level1_summary":"Non-Tidal","program_id":"russian_river","program":"Russian River","resolution":7,"stations":[]}},{"type":"Feature","geometry":{"type":"Polygon","coordinates":[[[-123.05480454146469,38.62645028046827],[-123.04734653020456,38.63818451542005],[-123.05626564351864,38.648548481146904],[-123.0726426146647,38.647177095713204],[-123.08009710949844,38.63544290522799],[-123.07117815050582,38.625080055602595],[-123.05480454146469,38.62645028046827]]]},"properties":{"h3_index":"872831571ffffff","station_count":2,"polygon_count":2,"coverage_type":"area","wetland_summary":"Non-woody Slope","level1_summary":"Non-Tidal","program_id":"russian_river","program":"Russian River","resolution":7,"stations":[]}},{"type":"Feature","geometry":{"type":"Polygon","coordinates":[[[-123.005670287475,38.63054806747356],[-122.99820387606358,38.642280815301554],[-123.00712129618569,38.65264974237145],[-123.02350498206027,38.65128480546781],[-123.03096788129935,38.63955209842619],[-123.02205060773169,38.629184287394864],[-123.005670287475,38.63054806747356]]]},"properties":{"h3_index":"872831572ffffff","station_count":107,"polygon_count":107,"coverage_type":"area","wetland_summary":"Channel, Channel Vegetated Woody, Channel Vegetated","level1_summary":"Non-Tidal","program_id":"russian_river","program":"Russian River","resolution":7,"stations":[]}},{"type":"Feature","geometry":{"type":"Polygon","coordinates":[[[-123.03096788129935,38.63955209842619],[-123.02350498206027,38.65128480546781],[-123.03242424596158,38.66164988692255],[-123.04880625940939,38.66028114550062],[-123.05626564351864,38.648548481146904],[-123.04734653020456,38.63818451542005],[-123.03096788129935,38.63955209842619]]]},"properties":{"h3_index":"872831573ffffff","station_count":43,"polygon_count":43,"coverage_type":"area","wetland_summary":"Channel, Channel Vegetated, Seep/Spring","level1_summary":"Non-Tidal","program_id":"russian_river","program":"Russian River","resolution":7,"stations":[]}},{"type":"Feature","geometry":{"type":"Polygon","coordinates":[[[-123.02805699907417,38.59534362664801],[-123.02059684835822,38.607079471672655],[-123.02951213246645,38.6174500098789],[-123.04588741818839,38.616083585851314],[-123.05334405708378,38.60434778326536],[-123.04442892297135,38.59397836216118],[-123.02805699907417,38.59534362664801]]]},"properties":{"h3_index":"872831574ffffff","station_count":2,"polygon_count":2,"coverage_type":"area","wetland_summary":"Depressional Vegetated","level1_summary":"Non-Tidal","program_id":"russian_river","program":"Russian River","resolution":7,"stations":[]}},{"type":"Feature","geometry":{"type":"Polygon","coordinates":[[[-123.05334405708378,38.60434778326536],[-123.04588741818839,38.616083585851314],[-123.05480454146469,38.62645028046827],[-123.07117815050582,38.625080055602595],[-123.0786312746305,38.613344297358374],[-123.06971430537756,38.60297871953079],[-123.05334405708378,38.60434778326536]]]},"properties":{"h3_index":"872831575ffffff","station_count":3,"polygon_count":3,"coverage_type":"area","wetland_summary":"Channel, Channel Vegetated Woody","level1_summary":"Non-Tidal","program_id":"russian_river","program":"Russian River","resolution":7,"stations":[]}},{"type":"Feature","geometry":{"type":"Polygon","coordinates":[[[-123.00421989235922,38.60844209436455],[-122.99675485710571,38.62017641254251],[-123.005670287475,38.63054806747356],[-123.02205060773169,38.629184287394864],[-123.02951213246645,38.6174500098789],[-123.02059684835822,38.607079471672655],[-123.00421989235922,38.60844209436455]]]},"properties":{"h3_index":"872831576ffffff","station_count":5,"polygon_count":5,"coverage_type":"area","wetland_summary":"Non-woody Slope, Depressional Vegetated","level1_summary":"Non-Tidal","program_id":"russian_river","program":"Russian River","resolution":7,"stations":[]}},{"type":"Feature","geometry":{"type":"Polygon","coordinates":[[[-122.73716751461794,38.68591851752438],[-122.72965289199625,38.69764052263513],[-122.7385637101274,38.70803262798702],[-122.7549890477332,38.70670161358369],[-122.762500179502,38.694979629228854],[-122.7535894654262,38.684588638416265],[-122.73716751461794,38.68591851752438]]]},"properties":{"h3_index":"872831580ffffff","station_count":74,"polygon_count":74,"coverage_type":"area","wetland_summary":"Channel, Channel Vegetated, Channel Vegetated Woody","level1_summary":"Non-Tidal","program_id":"russian_river","program":"Russian River","resolution":7,"stations":[]}},{"type":"Feature","geometry":{"type":"Polygon","coordinates":[[[-122.762500179502,38.694979629228854],[-122.7549890477332,38.70670161358369],[-122.76390175174252,38.71708987694144],[-122.78032548032158,38.71575504158437],[-122.78783311822401,38.704033079879764],[-122.77892052232127,38.693645930776604],[-122.762500179502,38.694979629228854]]]},"properties":{"h3_index":"872831581ffffff","station_count":70,"polygon_count":70,"coverage_type":"area","wetland_summary":"Channel Vegetated Woody, Channel, Channel Vegetated","level1_summary":"Non-Tidal","program_id":"russian_river","program":"Russian River","resolution":7,"stations":[]}},{"type":"Feature","geometry":{"type":"Polygon","coordinates":[[[-122.71322595182433,38.69896771563491],[-122.7057064414845,38.71068814700924],[-122.71461735988497,38.72108136650903],[-122.73104768926565,38.719753040381555],[-122.7385637101274,38.70803262798702],[-122.72965289199625,38.69764052263513],[-122.71322595182433,38.69896771563491]]]},"properties":{"h3_index":"872831582ffffff","station_count":5,"polygon_count":5,"coverage_type":"area","wetland_summary":"Depressional Vegetated, Non-woody Slope","level1_summary":"Non-Tidal","program_id":"russian_river","program":"Russian River","resolution":7,"stations":[]}},{"type":"Feature","geometry":{"type":"Polygon","coordinates":[[[-122.7385637101274,38.70803262798702],[-122.73104768926565,38.719753040381555],[-122.73996049759805,38.73014241760478],[-122.75638922337801,38.72881026846277],[-122.76390175174252,38.71708987694144],[-122.7549890477332,38.70670161358369],[-122.7385637101274,38.70803262798702]]]},"properties":{"h3_index":"872831583ffffff","station_count":3,"polygon_count":3,"coverage_type":"area","wetland_summary":"Depressional Vegetated, Non-woody Slope","level1_summary":"Non-Tidal","program_id":"russian_river","program":"Russian River","resolution":7,"stations":[]}},{"type":"Feature","geometry":{"type":"Polygon","coordinates":[[[-122.73577191069519,38.663800091580036],[-122.72825868581238,38.67552368644652],[-122.73716751461794,38.68591851752438],[-122.7535894654262,38.684588638416265],[-122.76109920109934,38.67286506418665],[-122.75219047608172,38.66247134832312],[-122.73577191069519,38.663800091580036]]]},"properties":{"h3_index":"872831584ffffff","station_count":131,"polygon_count":131,"coverage_type":"area","wetland_summary":"Channel Vegetated, Channel Vegetated Woody, Channel","level1_summary":"Non-Tidal","program_id":"russian_river","program":"Russian River","resolution":7,"stations":[]}},{"type":"Feature","geometry":{"type":"Polygon","coordinates":[[[-122.76109920109934,38.67286506418665],[-122.7535894654262,38.684588638416265],[-122.762500179502,38.694979629228854],[-122.77892052232127,38.693645930776604],[-122.78642676577294,38.6819223790788],[-122.77751615953377,38.67153250319609],[-122.76109920109934,38.67286506418665]]]},"properties":{"h3_index":"872831585ffffff","station_count":5,"polygon_count":5,"coverage_type":"area","wetland_summary":"Seep/Spring, Depressional Vegetated","level1_summary":"Non-Tidal","program_id":"russian_river","program":"Russian River","resolution":7,"stations":[]}},{"type":"Feature","geometry":{"type":"Polygon","coordinates":[[[-122.7118351334717,38.67684974576293],[-122.70431702301457,38.68857176973556],[-122.71322595182433,38.69896771563491],[-122.72965289199625,38.69764052263513],[-122.73716751461794,38.68591851752438],[-122.72825868581238,38.67552368644652],[-122.7118351334717,38.67684974576293]]]},"properties":{"h3_index":"872831586ffffff","station_count":63,"polygon_count":63,"coverage_type":"area","wetland_summary":"Channel Vegetated Woody, Channel, Channel Vegetated","level1_summary":"Non-Tidal","program_id":"russian_river","program":"Russian River","resolution":7,"stations":[]}},{"type":"Feature","geometry":{"type":"Polygon","coordinates":[[[-122.78924006676363,38.72613946150669],[-122.78173103391148,38.73785983026121],[-122.79064761176902,38.74824151860536],[-122.8070731109553,38.74690172479637],[-122.81457864528394,38.73518138070259],[-122.805662179857,38.724800805651476],[-122.78924006676363,38.72613946150669]]]},"properties":{"h3_index":"872831588ffffff","station_count":17,"polygon_count":17,"coverage_type":"area","wetland_summary":"Depressional Vegetated, Seep/Spring, Depressional Open Water","level1_summary":"Non-Tidal","program_id":"russian_river","program":"Russian River","resolution":7,"stations":[]}},{"type":"Feature","geometry":{"type":"Polygon","coordinates":[[[-122.81457864528394,38.73518138070259],[-122.8070731109553,38.74690172479637],[-122.81599156840137,38.757279566548924],[-122.83241544459808,38.75593595109889],[-122.83991747739614,38.74421563356],[-122.83099913643444,38.73383890481049],[-122.81457864528394,38.73518138070259]]]},"properties":{"h3_index":"872831589ffffff","station_count":30,"polygon_count":30,"coverage_type":"area","wetland_summary":"Seep/Spring, Channel, Depressional Vegetated","level1_summary":"Non-Tidal","program_id":"russian_river","program":"Russian River","resolution":7,"stations":[]}},{"type":"Feature","geometry":{"type":"Polygon","coordinates":[[[-122.7653039181969,38.739195801965636],[-122.75778999273639,38.75091459769808],[-122.76670667924142,38.761297398949864],[-122.78313718346807,38.75996029145613],[-122.79064761176902,38.74824151860536],[-122.78173103391148,38.73785983026121],[-122.7653039181969,38.739195801965636]]]},"properties":{"h3_index":"87283158affffff","station_count":126,"polygon_count":126,"coverage_type":"area","wetland_summary":"Channel, Channel Vegetated, Channel Vegetated Woody","level1_summary":"Non-Tidal","program_id":"russian_river","program":"Russian River","resolution":7,"stations":[]}},{"type":"Feature","geometry":{"type":"Polygon","coordinates":[[[-122.79064761176902,38.74824151860536],[-122.78313718346807,38.75996029145613],[-122.79205575361796,38.77033924582863],[-122.80848464027277,38.76899831462479],[-122.81599156840137,38.757279566548924],[-122.8070731109553,38.74690172479637],[-122.79064761176902,38.74824151860536]]]},"properties":{"h3_index":"87283158bffffff","station_count":49,"polygon_count":49,"coverage_type":"area","wetland_summary":"Channel Vegetated, Channel, Channel Vegetated Woody","level1_summary":"Non-Tidal","program_id":"russian_river","program":"Russian River","resolution":7,"stations":[]}},{"type":"Feature","geometry":{"type":"Polygon","coordinates":[[[-122.78783311822401,38.704033079879764],[-122.78032548032158,38.71575504158437],[-122.78924006676363,38.72613946150669],[-122.805662179857,38.724800805651476],[-122.81316632088368,38.71307886849163],[-122.80425184659944,38.70269556253666],[-122.78783311822401,38.704033079879764]]]},"properties":{"h3_index":"87283158cffffff","station_count":84,"polygon_count":84,"coverage_type":"area","wetland_summary":"Channel, Channel Vegetated, Channel Vegetated Woody","level1_summary":"Non-Tidal","program_id":"russian_river","program":"Russian River","resolution":7,"stations":[]}},{"type":"Feature","geometry":{"type":"Polygon","coordinates":[[[-122.81316632088368,38.71307886849163],[-122.805662179857,38.724800805651476],[-122.81457864528394,38.73518138070259],[-122.83099913643444,38.73383890481049],[-122.83849977757991,38.72211699409021],[-122.82958342836196,38.7117375327167],[-122.81316632088368,38.71307886849163]]]},"properties":{"h3_index":"87283158dffffff","station_count":24,"polygon_count":24,"coverage_type":"area","wetland_summary":"Seep/Spring, Depressional Vegetated, Depressional Open Water","level1_summary":"Non-Tidal","program_id":"russian_river","program":"Russian River","resolution":7,"stations":[]}},{"type":"Feature","geometry":{"type":"Polygon","coordinates":[[[-122.76390175174252,38.71708987694144],[-122.75638922337801,38.72881026846277],[-122.7653039181969,38.739195801965636],[-122.78173103391148,38.73785983026121],[-122.78924006676363,38.72613946150669],[-122.78032548032158,38.71575504158437],[-122.76390175174252,38.71708987694144]]]},"properties":{"h3_index":"87283158effffff","station_count":21,"polygon_count":21,"coverage_type":"area","wetland_summary":"Seep/Spring, Depressional Vegetated, Non-woody Slope","level1_summary":"Non-Tidal","program_id":"russian_river","program":"Russian River","resolution":7,"stations":[]}},{"type":"Feature","geometry":{"type":"Polygon","coordinates":[[[-122.68927451496937,38.71201264967583],[-122.68175011614721,38.723731502696445],[-122.69066113102618,38.734125835951865],[-122.70709644915989,38.73280020232614],[-122.71461735988497,38.72108136650903],[-122.7057064414845,38.71068814700924],[-122.68927451496937,38.71201264967583]]]},"properties":{"h3_index":"872831591ffffff","station_count":1,"polygon_count":1,"coverage_type":"area","wetland_summary":"Seep/Spring","level1_summary":"Non-Tidal","program_id":"russian_river","program":"Russian River","resolution":7,"stations":[]}},{"type":"Feature","geometry":{"type":"Polygon","coordinates":[[[-122.66255132477554,38.68081490475907],[-122.65502484455283,38.69253536841401],[-122.66393197276234,38.702936268113724],[-122.68036548994398,38.70161558934873],[-122.6878884867388,38.689895140887664],[-122.67898145069121,38.67949535589305],[-122.66255132477554,38.68081490475907]]]},"properties":{"h3_index":"872831594ffffff","station_count":45,"polygon_count":45,"coverage_type":"area","wetland_summary":"Depressional Vegetated, Channel, Seep/Spring","level1_summary":"Non-Tidal","program_id":"russian_river","program":"Russian River","resolution":7,"stations":[]}},{"type":"Feature","geometry":{"type":"Polygon","coordinates":[[[-122.6878884867388,38.689895140887664],[-122.68036548994398,38.70161558934873],[-122.68927451496937,38.71201264967583],[-122.7057064414845,38.71068814700924],[-122.71322595182433,38.69896771563491],[-122.70431702301457,38.68857176973556],[-122.6878884867388,38.689895140887664]]]},"properties":{"h3_index":"872831595ffffff","station_count":5,"polygon_count":5,"coverage_type":"area","wetland_summary":"Non-woody Slope, Seep/Spring, Depressional Vegetated","level1_summary":"Non-Tidal","program_id":"russian_river","program":"Russian River","resolution":7,"stations":[]}},{"type":"Feature","geometry":{"type":"Polygon","coordinates":[[[-122.63858974317425,38.69385222284252],[-122.63105837724844,38.70557110459394],[-122.6399655938239,38.71597311860193],[-122.65640408887195,38.7146551364457],[-122.66393197276234,38.702936268113724],[-122.65502484455283,38.69253536841401],[-122.63858974317425,38.69385222284252]]]},"properties":{"h3_index":"872831596ffffff","station_count":5,"polygon_count":5,"coverage_type":"area","wetland_summary":"Depressional Vegetated, Non-woody Slope","level1_summary":"Non-Tidal","program_id":"russian_river","program":"Russian River","resolution":7,"stations":[]}},{"type":"Feature","geometry":{"type":"Polygon","coordinates":[[[-122.7160093580271,38.74319069302485],[-122.70848704641394,38.75490793032909],[-122.71740194662452,38.765295689829145],[-122.73383905855847,38.76396509911551],[-122.74135787740488,38.75224788102159],[-122.73244307799484,38.74186123432589],[-122.7160093580271,38.74319069302485]]]},"properties":{"h3_index":"872831598ffffff","station_count":11,"polygon_count":11,"coverage_type":"area","wetland_summary":"Depressional Vegetated, Depressional Open Water","level1_summary":"Non-Tidal","program_id":"russian_river","program":"Russian River","resolution":7,"stations":[]}},{"type":"Feature","geometry":{"type":"Polygon","coordinates":[[[-122.74135787740488,38.75224788102159],[-122.73383905855847,38.76396509911551],[-122.74275584992301,38.77434901288876],[-122.75919135618437,38.77301459594137],[-122.76670667924142,38.761297398949864],[-122.75778999273639,38.75091459769808],[-122.74135787740488,38.75224788102159]]]},"properties":{"h3_index":"872831599ffffff","station_count":21,"polygon_count":21,"coverage_type":"area","wetland_summary":"Depressional Vegetated, Channel Vegetated Woody, Channel","level1_summary":"Non-Tidal","program_id":"russian_river","program":"Russian River","resolution":7,"stations":[]}},{"type":"Feature","geometry":{"type":"Polygon","coordinates":[[[-122.71740194662452,38.765295689829145],[-122.70987823362022,38.777011325668255],[-122.7187951260514,38.787396351575914],[-122.73523563133155,38.786064629404926],[-122.74275584992301,38.77434901288876],[-122.73383905855847,38.76396509911551],[-122.71740194662452,38.765295689829145]]]},"properties":{"h3_index":"87283159bffffff","station_count":9,"polygon_count":9,"coverage_type":"area","wetland_summary":"Depressional Vegetated, Seep/Spring","level1_summary":"Non-Tidal","program_id":"russian_river","program":"Russian River","resolution":7,"stations":[]}},{"type":"Feature","geometry":{"type":"Polygon","coordinates":[[[-122.71461735988497,38.72108136650903],[-122.70709644915989,38.73280020232614],[-122.7160093580271,38.74319069302485],[-122.73244307799484,38.74186123432589],[-122.73996049759805,38.73014241760478],[-122.73104768926565,38.719753040381555],[-122.71461735988497,38.72108136650903]]]},"properties":{"h3_index":"87283159cffffff","station_count":3,"polygon_count":3,"coverage_type":"area","wetland_summary":"Non-woody Slope, Depressional Vegetated","level1_summary":"Non-Tidal","program_id":"russian_river","program":"Russian River","resolution":7,"stations":[]}},{"type":"Feature","geometry":{"type":"Polygon","coordinates":[[[-122.73996049759805,38.73014241760478],[-122.73244307799484,38.74186123432589],[-122.74135787740488,38.75224788102159],[-122.75778999273639,38.75091459769808],[-122.7653039181969,38.739195801965636],[-122.75638922337801,38.72881026846277],[-122.73996049759805,38.73014241760478]]]},"properties":{"h3_index":"87283159dffffff","station_count":12,"polygon_count":12,"coverage_type":"area","wetland_summary":"Non-woody Slope, Seep/Spring, Depressional Vegetated","level1_summary":"Non-Tidal","program_id":"russian_river","program":"Russian River","resolution":7,"stations":[]}},{"type":"Feature","geometry":{"type":"Polygon","coordinates":[[[-122.69066113102618,38.734125835951865],[-122.68313532967274,38.74584309057465],[-122.69204833528167,38.75623469435808],[-122.70848704641394,38.75490793032909],[-122.7160093580271,38.74319069302485],[-122.70709644915989,38.73280020232614],[-122.69066113102618,38.734125835951865]]]},"properties":{"h3_index":"87283159effffff","station_count":4,"polygon_count":4,"coverage_type":"area","wetland_summary":"Depressional Vegetated, Depressional Open Water","level1_summary":"Non-Tidal","program_id":"russian_river","program":"Russian River","resolution":7,"stations":[]}},{"type":"Feature","geometry":{"type":"Polygon","coordinates":[[[-122.7582990243054,38.62862300358445],[-122.75079207932455,38.640349748674154],[-122.75969881615893,38.650746187180786],[-122.77611239158256,38.64941476420825],[-122.78361584762834,38.63768804140821],[-122.77470921809152,38.627292719185725],[-122.7582990243054,38.62862300358445]]]},"properties":{"h3_index":"8728315a0ffffff","station_count":138,"polygon_count":138,"coverage_type":"area","wetland_summary":"Channel Vegetated, Channel Vegetated Woody, Channel","level1_summary":"Non-Tidal","program_id":"russian_river","program":"Russian River","resolution":7,"stations":[]}},{"type":"Feature","geometry":{"type":"Polygon","coordinates":[[[-122.78361584762834,38.63768804140821],[-122.77611239158256,38.64941476420825],[-122.78502100903329,38.65980736446538],[-122.8014329720939,38.65847212581936],[-122.80893293620021,38.64674542720551],[-122.80002443009052,38.63635394294601],[-122.78361584762834,38.63768804140821]]]},"properties":{"h3_index":"8728315a1ffffff","station_count":1995,"polygon_count":1995,"coverage_type":"area","wetland_summary":"Channel Vegetated, Channel Vegetated Woody, Channel","level1_summary":"Non-Tidal","program_id":"russian_river","program":"Russian River","resolution":7,"stations":[]}},{"type":"Feature","geometry":{"type":"Polygon","coordinates":[[[-122.7343768979848,38.64167735552443],[-122.72686507033997,38.6534025371828],[-122.73577191069519,38.663800091580036],[-122.75219047608172,38.66247134832312],[-122.75969881615893,38.650746187180786],[-122.75079207932455,38.640349748674154],[-122.7343768979848,38.64167735552443]]]},"properties":{"h3_index":"8728315a2ffffff","station_count":145,"polygon_count":145,"coverage_type":"area","wetland_summary":"Channel Vegetated, Channel, Channel Vegetated Woody","level1_summary":"Non-Tidal","program_id":"russian_river","program":"Russian River","resolution":7,"stations":[]}},{"type":"Feature","geometry":{"type":"Polygon","coordinates":[[[-122.75969881615893,38.650746187180786],[-122.75219047608172,38.66247134832312],[-122.76109920109934,38.67286506418665],[-122.77751615953377,38.67153250319609],[-122.78502100903329,38.65980736446538],[-122.77611239158256,38.64941476420825],[-122.75969881615893,38.650746187180786]]]},"properties":{"h3_index":"8728315a3ffffff","station_count":7,"polygon_count":7,"coverage_type":"area","wetland_summary":"Depressional Vegetated, Seep/Spring","level1_summary":"Non-Tidal","program_id":"russian_river","program":"Russian River","resolution":7,"stations":[]}},{"type":"Feature","geometry":{"type":"Polygon","coordinates":[[[-122.75689982516377,38.606495518778075],[-122.74939427478,38.618223844846455],[-122.7582990243054,38.62862300358445],[-122.77470921809152,38.627292719185725],[-122.78221128118167,38.61556441528326],[-122.77330663868476,38.60516637350833],[-122.75689982516377,38.606495518778075]]]},"properties":{"h3_index":"8728315a4ffffff","station_count":230,"polygon_count":230,"coverage_type":"area","wetland_summary":"Channel Vegetated, Channel Vegetated Woody, Channel","level1_summary":"Non-Tidal","program_id":"russian_river","program":"Russian River","resolution":7,"stations":[]}},{"type":"Feature","geometry":{"type":"Polygon","coordinates":[[[-122.78221128118167,38.61556441528326],[-122.77470921809152,38.627292719185725],[-122.78361584762834,38.63768804140821],[-122.80002443009052,38.63635394294601],[-122.80752300288441,38.62462566310666],[-122.79861648441697,38.61423145756097],[-122.78221128118167,38.61556441528326]]]},"properties":{"h3_index":"8728315a5ffffff","station_count":568,"polygon_count":568,"coverage_type":"area","wetland_summary":"Channel Vegetated, Channel Vegetated Woody, Woody Slope","level1_summary":"Non-Tidal","program_id":"russian_river","program":"Russian River","resolution":7,"stations":[]}},{"type":"Feature","geometry":{"type":"Polygon","coordinates":[[[-122.73298247611291,38.61955031473523],[-122.72547204520534,38.631277080218354],[-122.7343768979848,38.64167735552443],[-122.75079207932455,38.640349748674154],[-122.7582990243054,38.62862300358445],[-122.74939427478,38.618223844846455],[-122.73298247611291,38.61955031473523]]]},"properties":{"h3_index":"8728315a6ffffff","station_count":46,"polygon_count":46,"coverage_type":"area","wetland_summary":"Channel, Depressional Vegetated, Channel Vegetated","level1_summary":"Non-Tidal","program_id":"russian_river","program":"Russian River","resolution":7,"stations":[]}},{"type":"Feature","geometry":{"type":"Polygon","coordinates":[[[-122.81034346672011,38.66886088638241],[-122.80284211080435,38.680586000805626],[-122.81175459482192,38.690972035265865],[-122.82816832000103,38.689631840166825],[-122.83566617933097,38.67790675194721],[-122.82675381097245,38.667521832517345],[-122.81034346672011,38.66886088638241]]]},"properties":{"h3_index":"8728315a8ffffff","station_count":88,"polygon_count":88,"coverage_type":"area","wetland_summary":"Depressional Vegetated, Channel Vegetated Woody, Channel Vegetated","level1_summary":"Non-Tidal","program_id":"russian_river","program":"Russian River","resolution":7,"stations":[]}},{"type":"Feature","geometry":{"type":"Polygon","coordinates":[[[-122.83566617933097,38.67790675194721],[-122.82816832000103,38.689631840166825],[-122.83708267835145,38.700014031768404],[-122.85349477723082,38.6986700203059],[-122.86098913697691,38.68694496018628],[-122.85207489833148,38.676563883323304],[-122.83566617933097,38.67790675194721]]]},"properties":{"h3_index":"8728315a9ffffff","station_count":958,"polygon_count":958,"coverage_type":"area","wetland_summary":"Channel Vegetated, Channel Vegetated Woody, Channel","level1_summary":"Non-Tidal","program_id":"russian_river","program":"Russian River","resolution":7,"stations":[]}},{"type":"Feature","geometry":{"type":"Polygon","coordinates":[[[-122.78642676577294,38.6819223790788],[-122.77892052232127,38.693645930776604],[-122.78783311822401,38.704033079879764],[-122.80425184659944,38.70269556253666],[-122.81175459482192,38.690972035265865],[-122.80284211080435,38.680586000805626],[-122.78642676577294,38.6819223790788]]]},"properties":{"h3_index":"8728315aaffffff","station_count":68,"polygon_count":68,"coverage_type":"area","wetland_summary":"Channel, Channel Vegetated Woody, Channel Vegetated","level1_summary":"Non-Tidal","program_id":"russian_river","program":"Russian River","resolution":7,"stations":[]}},{"type":"Feature","geometry":{"type":"Polygon","coordinates":[[[-122.81175459482192,38.690972035265865],[-122.80425184659944,38.70269556253666],[-122.81316632088368,38.71307886849163],[-122.82958342836196,38.7117375327167],[-122.83708267835145,38.700014031768404],[-122.82816832000103,38.689631840166825],[-122.81175459482192,38.690972035265865]]]},"properties":{"h3_index":"8728315abffffff","station_count":39,"polygon_count":39,"coverage_type":"area","wetland_summary":"Depressional Vegetated, Channel Vegetated, Channel Vegetated Woody","level1_summary":"Non-Tidal","program_id":"russian_river","program":"Russian River","resolution":7,"stations":[]}},{"type":"Feature","geometry":{"type":"Polygon","coordinates":[[[-122.80893293620021,38.64674542720551],[-122.8014329720939,38.65847212581936],[-122.81034346672011,38.66886088638241],[-122.82675381097245,38.667521832517345],[-122.83425028013893,38.65579515998647],[-122.82533990089722,38.64540751513203],[-122.80893293620021,38.64674542720551]]]},"properties":{"h3_index":"8728315acffffff","station_count":1216,"polygon_count":1216,"coverage_type":"area","wetland_summary":"Channel Vegetated, Channel Vegetated Woody, Channel","level1_summary":"Non-Tidal","program_id":"russian_river","program":"Russian River","resolution":7,"stations":[]}},{"type":"Feature","geometry":{"type":"Polygon","coordinates":[[[-122.83425028013893,38.65579515998647],[-122.82675381097245,38.667521832517345],[-122.83566617933097,38.67790675194721],[-122.85207489833148,38.676563883323304],[-122.85956786956177,38.66483723877241],[-122.85065562063122,38.65445343475959],[-122.83425028013893,38.65579515998647]]]},"properties":{"h3_index":"8728315adffffff","station_count":3223,"polygon_count":3223,"coverage_type":"area","wetland_summary":"Channel Vegetated, Channel Vegetated Woody, Channel","level1_summary":"Non-Tidal","program_id":"russian_river","program":"Russian River","resolution":7,"stations":[]}},{"type":"Feature","geometry":{"type":"Polygon","coordinates":[[[-122.78502100903329,38.65980736446538],[-122.77751615953377,38.67153250319609],[-122.78642676577294,38.6819223790788],[-122.80284211080435,38.680586000805626],[-122.81034346672011,38.66886088638241],[-122.8014329720939,38.65847212581936],[-122.78502100903329,38.65980736446538]]]},"properties":{"h3_index":"8728315aeffffff","station_count":18,"polygon_count":18,"coverage_type":"area","wetland_summary":"Depressional Vegetated, Depressional Open Water, Channel Vegetated Woody","level1_summary":"Non-Tidal","program_id":"russian_river","program":"Russian River","resolution":7,"stations":[]}},{"type":"Feature","geometry":{"type":"Polygon","coordinates":[[[-122.68511819226838,38.64564717724182],[-122.67759799801736,38.65737080769824],[-122.6865030459624,38.66777331495229],[-122.70292819337715,38.666451075869425],[-122.71044490445392,38.65472746226077],[-122.70153995219965,38.6443260707824],[-122.68511819226838,38.64564717724182]]]},"properties":{"h3_index":"8728315b0ffffff","station_count":4,"polygon_count":4,"coverage_type":"area","wetland_summary":"Depressional Open Water, Depressional Vegetated, Non-woody Slope","level1_summary":"Non-Tidal","program_id":"russian_river","program":"Russian River","resolution":7,"stations":[]}},{"type":"Feature","geometry":{"type":"Polygon","coordinates":[[[-122.71044490445392,38.65472746226077],[-122.70292819337715,38.666451075869425],[-122.7118351334717,38.67684974576293],[-122.72825868581238,38.67552368644652],[-122.73577191069519,38.663800091580036],[-122.72686507033997,38.6534025371828],[-122.71044490445392,38.65472746226077]]]},"properties":{"h3_index":"8728315b1ffffff","station_count":26,"polygon_count":26,"coverage_type":"area","wetland_summary":"Depressional Open Water, Depressional Vegetated, Seep/Spring","level1_summary":"Non-Tidal","program_id":"russian_river","program":"Russian River","resolution":7,"stations":[]}},{"type":"Feature","geometry":{"type":"Polygon","coordinates":[[[-122.66117126198843,38.65868922611139],[-122.65364618492859,38.670411282126814],[-122.66255132477554,38.68081490475907],[-122.67898145069121,38.67949535589305],[-122.6865030459624,38.66777331495229],[-122.67759799801736,38.65737080769824],[-122.66117126198843,38.65868922611139]]]},"properties":{"h3_index":"8728315b2ffffff","station_count":8,"polygon_count":8,"coverage_type":"area","wetland_summary":"Depressional Vegetated, Depressional Open Water","level1_summary":"Non-Tidal","program_id":"russian_river","program":"Russian River","resolution":7,"stations":[]}},{"type":"Feature","geometry":{"type":"Polygon","coordinates":[[[-122.6865030459624,38.66777331495229],[-122.67898145069121,38.67949535589305],[-122.6878884867388,38.689895140887664],[-122.70431702301457,38.68857176973556],[-122.7118351334717,38.67684974576293],[-122.70292819337715,38.666451075869425],[-122.6865030459624,38.66777331495229]]]},"properties":{"h3_index":"8728315b3ffffff","station_count":49,"polygon_count":49,"coverage_type":"area","wetland_summary":"Channel, Channel Vegetated, Channel Vegetated Woody","level1_summary":"Non-Tidal","program_id":"russian_river","program":"Russian River","resolution":7,"stations":[]}},{"type":"Feature","geometry":{"type":"Polygon","coordinates":[[[-122.68373392528527,38.62351673313562],[-122.67621513155125,38.635241950140305],[-122.68511819226838,38.64564717724182],[-122.70153995219965,38.6443260707824],[-122.70905526439809,38.63260087050333],[-122.70015229910976,38.62219675985327],[-122.68373392528527,38.62351673313562]]]},"properties":{"h3_index":"8728315b4ffffff","station_count":87,"polygon_count":87,"coverage_type":"area","wetland_summary":"Channel Vegetated, Channel, Channel Vegetated Woody","level1_summary":"Non-Tidal","program_id":"russian_river","program":"Russian River","resolution":7,"stations":[]}},{"type":"Feature","geometry":{"type":"Polygon","coordinates":[[[-122.70905526439809,38.63260087050333],[-122.70153995219965,38.6443260707824],[-122.71044490445392,38.65472746226077],[-122.72686507033997,38.6534025371828],[-122.7343768979848,38.64167735552443],[-122.72547204520534,38.631277080218354],[-122.70905526439809,38.63260087050333]]]},"properties":{"h3_index":"8728315b5ffffff","station_count":90,"polygon_count":90,"coverage_type":"area","wetland_summary":"Channel Vegetated, Channel Vegetated Woody, Channel","level1_summary":"Non-Tidal","program_id":"russian_river","program":"Russian River","resolution":7,"stations":[]}},{"type":"Feature","geometry":{"type":"Polygon","coordinates":[[[-122.65979178403062,38.6365592375473],[-122.6522681096291,38.64828288295734],[-122.66117126198843,38.65868922611139],[-122.67759799801736,38.65737080769824],[-122.68511819226838,38.64564717724182],[-122.67621513155125,38.635241950140305],[-122.65979178403062,38.6365592375473]]]},"properties":{"h3_index":"8728315b6ffffff","station_count":16,"polygon_count":16,"coverage_type":"area","wetland_summary":"Depressional Vegetated, Depressional Open Water, Seep/Spring","level1_summary":"Non-Tidal","program_id":"russian_river","program":"Russian River","resolution":7,"stations":[]}},{"type":"Feature","geometry":{"type":"Polygon","coordinates":[[[-123.25590853457612,39.04185161160845],[-123.24845336326983,39.05356000027731],[-123.25741728181903,39.063852835883786],[-123.27383618493846,39.06243617974216],[-123.28128779243949,39.05072785054637],[-123.27232406152187,39.04043611791014],[-123.25590853457612,39.04185161160845]]]},"properties":{"h3_index":"872831602ffffff","station_count":11,"polygon_count":11,"coverage_type":"area","wetland_summary":"Depressional Vegetated, Depressional Open Water, Non-woody Slope","level1_summary":"Non-Tidal","program_id":"russian_river","program":"Russian River","resolution":7,"stations":[]}},{"type":"Feature","geometry":{"type":"Polygon","coordinates":[[[-123.25440042704774,39.019845993580844],[-123.2469466241316,39.03155599756905],[-123.25590853457612,39.04185161160845],[-123.27232406152187,39.04043611791014],[-123.2797743023184,39.02872617330313],[-123.27081257918387,39.01843166290425],[-123.25440042704774,39.019845993580844]]]},"properties":{"h3_index":"872831606ffffff","station_count":2,"polygon_count":2,"coverage_type":"area","wetland_summary":"Depressional Vegetated","level1_summary":"Non-Tidal","program_id":"russian_river","program":"Russian River","resolution":7,"stations":[]}},{"type":"Feature","geometry":{"type":"Polygon","coordinates":[[[-123.20664824833132,39.04608512316867],[-123.19918458602726,39.057792007067576],[-123.208146859841,39.068089827379964],[-123.22457261704876,39.066679660716545],[-123.23203271976651,39.05497283259504],[-123.2230706257606,39.044676115250866],[-123.20664824833132,39.04608512316867]]]},"properties":{"h3_index":"872831610ffffff","station_count":12,"polygon_count":12,"coverage_type":"area","wetland_summary":"Depressional Vegetated, Depressional Open Water, Non-woody Slope","level1_summary":"Non-Tidal","program_id":"russian_river","program":"Russian River","resolution":7,"stations":[]}},{"type":"Feature","geometry":{"type":"Polygon","coordinates":[[[-123.23203271976651,39.05497283259504],[-123.22457261704876,39.066679660716545],[-123.23353671947868,39.07697359895902],[-123.24996074164251,39.07555960633512],[-123.25741728181903,39.063852835883786],[-123.24845336326983,39.05356000027731],[-123.23203271976651,39.05497283259504]]]},"properties":{"h3_index":"872831611ffffff","station_count":15,"polygon_count":15,"coverage_type":"area","wetland_summary":"Depressional Vegetated, Non-woody Slope, Depressional Open Water","level1_summary":"Non-Tidal","program_id":"russian_river","program":"Russian River","resolution":7,"stations":[]}},{"type":"Feature","geometry":{"type":"Polygon","coordinates":[[[-123.18275710023946,39.059198347197906],[-123.17528850690361,39.07090366413808],[-123.1842509567666,39.081202587081414],[-123.2006818248154,39.07979509034509],[-123.208146859841,39.068089827379964],[-123.19918458602726,39.057792007067576],[-123.18275710023946,39.059198347197906]]]},"properties":{"h3_index":"872831612ffffff","station_count":14,"polygon_count":14,"coverage_type":"area","wetland_summary":"Depressional Vegetated, Depressional Open Water","level1_summary":"Non-Tidal","program_id":"russian_river","program":"Russian River","resolution":7,"stations":[]}},{"type":"Feature","geometry":{"type":"Polygon","coordinates":[[[-123.208146859841,39.068089827379964],[-123.2006818248154,39.07979509034509],[-123.20964610737025,39.090090130888484],[-123.2260752457241,39.08867880605709],[-123.23353671947868,39.07697359895902],[-123.22457261704876,39.066679660716545],[-123.208146859841,39.068089827379964]]]},"properties":{"h3_index":"872831613ffffff","station_count":17,"polygon_count":17,"coverage_type":"area","wetland_summary":"Depressional Vegetated, Depressional Open Water, Non-woody Slope","level1_summary":"Non-Tidal","program_id":"russian_river","program":"Russian River","resolution":7,"stations":[]}},{"type":"Feature","geometry":{"type":"Polygon","coordinates":[[[-123.20515027243863,39.024076023472496],[-123.19768798237345,39.03578452540679],[-123.20664824833132,39.04608512316867],[-123.2230706257606,39.044676115250866],[-123.23052935792298,39.03296766900257],[-123.22156927145616,39.022668174877445],[-123.20515027243863,39.024076023472496]]]},"properties":{"h3_index":"872831614ffffff","station_count":15,"polygon_count":15,"coverage_type":"area","wetland_summary":"Depressional Vegetated","level1_summary":"Non-Tidal","program_id":"russian_river","program":"Russian River","resolution":7,"stations":[]}},{"type":"Feature","geometry":{"type":"Polygon","coordinates":[[[-123.23052935792298,39.03296766900257],[-123.2230706257606,39.044676115250866],[-123.23203271976651,39.05497283259504],[-123.24845336326983,39.05356000027731],[-123.25590853457612,39.04185161160845],[-123.2469466241316,39.03155599756905],[-123.23052935792298,39.03296766900257]]]},"properties":{"h3_index":"872831615ffffff","station_count":8,"polygon_count":8,"coverage_type":"area","wetland_summary":"Depressional Vegetated","level1_summary":"Non-Tidal","program_id":"russian_river","program":"Russian River","resolution":7,"stations":[]}},{"type":"Feature","geometry":{"type":"Polygon","coordinates":[[[-123.18126387747814,39.03718970835433],[-123.17379665854689,39.048896646138026],[-123.18275710023946,39.059198347197906],[-123.19918458602726,39.057792007067576],[-123.20664824833132,39.04608512316867],[-123.19768798237345,39.03578452540679],[-123.18126387747814,39.03718970835433]]]},"properties":{"h3_index":"872831616ffffff","station_count":14,"polygon_count":14,"coverage_type":"area","wetland_summary":"Depressional Vegetated, Depressional Open Water","level1_summary":"Non-Tidal","program_id":"russian_river","program":"Russian River","resolution":7,"stations":[]}},{"type":"Feature","geometry":{"type":"Polygon","coordinates":[[[-123.25892666918148,39.085849661190615],[-123.25146875965446,39.09755481052952],[-123.26043669706885,39.107842082319884],[-123.27686235663107,39.10642310302881],[-123.28431669897807,39.09471801334146],[-123.27534894983947,39.08443184318452],[-123.25892666918148,39.085849661190615]]]},"properties":{"h3_index":"872831618ffffff","station_count":123,"polygon_count":123,"coverage_type":"area","wetland_summary":"Channel Vegetated Woody, Channel, Channel Vegetated","level1_summary":"Non-Tidal","program_id":"russian_river","program":"Russian River","resolution":7,"stations":[]}},{"type":"Feature","geometry":{"type":"Polygon","coordinates":[[[-123.28431669897807,39.09471801334146],[-123.27686235663107,39.10642310302881],[-123.28583211620871,39.11670648847694],[-123.3022560266782,39.11528368283251],[-123.30970679889698,39.10357865468931],[-123.30073723167023,39.093296370537104],[-123.28431669897807,39.09471801334146]]]},"properties":{"h3_index":"872831619ffffff","station_count":14,"polygon_count":14,"coverage_type":"area","wetland_summary":"Seep/Spring, Depressional Vegetated, Non-woody Slope","level1_summary":"Non-Tidal","program_id":"russian_river","program":"Russian River","resolution":7,"stations":[]}},{"type":"Feature","geometry":{"type":"Polygon","coordinates":[[[-123.23504135746349,39.09896996288103],[-123.22757851219033,39.11067354606243],[-123.23654663412523,39.120961919154894],[-123.25297741771078,39.1195456076549],[-123.26043669706885,39.107842082319884],[-123.25146875965446,39.09755481052952],[-123.23504135746349,39.09896996288103]]]},"properties":{"h3_index":"87283161affffff","station_count":7,"polygon_count":7,"coverage_type":"area","wetland_summary":"Depressional Vegetated, Non-woody Slope, Depressional Open Water","level1_summary":"Non-Tidal","program_id":"russian_river","program":"Russian River","resolution":7,"stations":[]}},{"type":"Feature","geometry":{"type":"Polygon","coordinates":[[[-123.26043669706885,39.107842082319884],[-123.25297741771078,39.1195456076549],[-123.26194736588687,39.12983009406985],[-123.27837640571975,39.128409954073824],[-123.28583211620871,39.11670648847694],[-123.27686235663107,39.10642310302881],[-123.26043669706885,39.107842082319884]]]},"properties":{"h3_index":"87283161bffffff","station_count":41,"polygon_count":41,"coverage_type":"area","wetland_summary":"Channel, Channel Vegetated Woody, Depressional Vegetated","level1_summary":"Non-Tidal","program_id":"russian_river","program":"Russian River","resolution":7,"stations":[]}},{"type":"Feature","geometry":{"type":"Polygon","coordinates":[[[-123.28280192452388,39.07272513229643],[-123.27534894983947,39.08443184318452],[-123.28431669897807,39.09471801334146],[-123.30073723167023,39.093296370537104],[-123.30818663791604,39.08158972110545],[-123.2992190808035,39.071304652912474],[-123.28280192452388,39.07272513229643]]]},"properties":{"h3_index":"87283161dffffff","station_count":11,"polygon_count":11,"coverage_type":"area","wetland_summary":"Depressional Vegetated, Non-woody Slope, Seep/Spring","level1_summary":"Non-Tidal","program_id":"russian_river","program":"Russian River","resolution":7,"stations":[]}},{"type":"Feature","geometry":{"type":"Polygon","coordinates":[[[-123.23353671947868,39.07697359895902],[-123.2260752457241,39.08867880605709],[-123.23504135746349,39.09896996288103],[-123.25146875965446,39.09755481052952],[-123.25892666918148,39.085849661190615],[-123.24996074164251,39.07555960633512],[-123.23353671947868,39.07697359895902]]]},"properties":{"h3_index":"87283161effffff","station_count":100,"polygon_count":100,"coverage_type":"area","wetland_summary":"Channel, Channel Vegetated Woody, Channel Vegetated","level1_summary":"Non-Tidal","program_id":"russian_river","program":"Russian River","resolution":7,"stations":[]}},{"type":"Feature","geometry":{"type":"Polygon","coordinates":[[[-123.27674924634229,38.98470965322056],[-123.2693017375189,38.9964228199474],[-123.27826145375458,39.006720105785746],[-123.29466848897654,39.00530312013966],[-123.30211243610788,38.993590014500654],[-123.29315291060239,38.98329383331078],[-123.27674924634229,38.98470965322056]]]},"properties":{"h3_index":"872831622ffffff","station_count":2,"polygon_count":2,"coverage_type":"area","wetland_summary":"Non-woody Slope","level1_summary":"Non-Tidal","program_id":"russian_river","program":"Russian River","resolution":7,"stations":[]}},{"type":"Feature","geometry":{"type":"Polygon","coordinates":[[[-123.22752454622764,38.98894417102229],[-123.22006855373245,39.00065584482085],[-123.22902663354444,39.010958113402346],[-123.24544052382333,39.00954760343047],[-123.25289295882925,38.99783598702448],[-123.24393506194097,38.987534823089],[-123.22752454622764,38.98894417102229]]]},"properties":{"h3_index":"872831630ffffff","station_count":69,"polygon_count":69,"coverage_type":"area","wetland_summary":"Channel Vegetated Woody, Channel, Channel Vegetated","level1_summary":"Non-Tidal","program_id":"russian_river","program":"Russian River","resolution":7,"stations":[]}},{"type":"Feature","geometry":{"type":"Polygon","coordinates":[[[-123.25289295882925,38.99783598702448],[-123.24544052382333,39.00954760343047],[-123.25440042704774,39.019845993580844],[-123.27081257918387,39.01843166290425],[-123.27826145375458,39.006720105785746],[-123.2693017375189,38.9964228199474],[-123.25289295882925,38.99783598702448]]]},"properties":{"h3_index":"872831631ffffff","station_count":19,"polygon_count":19,"coverage_type":"area","wetland_summary":"Channel Vegetated Woody, Channel, Non-woody Slope","level1_summary":"Non-Tidal","program_id":"russian_river","program":"Russian River","resolution":7,"stations":[]}},{"type":"Feature","geometry":{"type":"Polygon","coordinates":[[[-123.20365293176073,39.002062533516586],[-123.19619201345199,39.01377265058451],[-123.20515027243863,39.024076023472496],[-123.22156927145616,39.022668174877445],[-123.22902663354444,39.010958113402346],[-123.22006855373245,39.00065584482085],[-123.20365293176073,39.002062533516586]]]},"properties":{"h3_index":"872831632ffffff","station_count":37,"polygon_count":37,"coverage_type":"area","wetland_summary":"Depressional Vegetated, Depressional Open Water","level1_summary":"Non-Tidal","program_id":"russian_river","program":"Russian River","resolution":7,"stations":[]}},{"type":"Feature","geometry":{"type":"Polygon","coordinates":[[[-123.22902663354444,39.010958113402346],[-123.22156927145616,39.022668174877445],[-123.23052935792298,39.03296766900257],[-123.2469466241316,39.03155599756905],[-123.25440042704774,39.019845993580844],[-123.24544052382333,39.00954760343047],[-123.22902663354444,39.010958113402346]]]},"properties":{"h3_index":"872831633ffffff","station_count":1,"polygon_count":1,"coverage_type":"area","wetland_summary":"Depressional Vegetated","level1_summary":"Non-Tidal","program_id":"russian_river","program":"Russian River","resolution":7,"stations":[]}},{"type":"Feature","geometry":{"type":"Polygon","coordinates":[[[-123.22602309556957,38.96692584709761],[-123.21856847218666,38.978639130312985],[-123.22752454622764,38.98894417102229],[-123.24393506194097,38.987534823089],[-123.25138612951626,38.97582159717011],[-123.24243023808071,38.96551766177927],[-123.22602309556957,38.96692584709761]]]},"properties":{"h3_index":"872831634ffffff","station_count":62,"polygon_count":62,"coverage_type":"area","wetland_summary":"Channel Vegetated Woody, Channel, Depressional Vegetated","level1_summary":"Non-Tidal","program_id":"russian_river","program":"Russian River","resolution":7,"stations":[]}},{"type":"Feature","geometry":{"type":"Polygon","coordinates":[[[-123.25138612951626,38.97582159717011],[-123.24393506194097,38.987534823089],[-123.25289295882925,38.99783598702448],[-123.2693017375189,38.9964228199474],[-123.27674924634229,38.98470965322056],[-123.26779153612186,38.97440959426982],[-123.25138612951626,38.97582159717011]]]},"properties":{"h3_index":"872831635ffffff","station_count":5,"polygon_count":5,"coverage_type":"area","wetland_summary":"Depressional Vegetated, Depressional Open Water","level1_summary":"Non-Tidal","program_id":"russian_river","program":"Russian River","resolution":7,"stations":[]}},{"type":"Feature","geometry":{"type":"Polygon","coordinates":[[[-123.20215622589566,38.980044658533345],[-123.19469667886119,38.99175638782978],[-123.20365293176073,39.002062533516586],[-123.22006855373245,39.00065584482085],[-123.22752454622764,38.98894417102229],[-123.21856847218666,38.978639130312985],[-123.20215622589566,38.980044658533345]]]},"properties":{"h3_index":"872831636ffffff","station_count":101,"polygon_count":101,"coverage_type":"area","wetland_summary":"Channel Vegetated Woody, Depressional Vegetated, Channel Vegetated","level1_summary":"Non-Tidal","program_id":"russian_river","program":"Russian River","resolution":7,"stations":[]}},{"type":"Feature","geometry":{"type":"Polygon","coordinates":[[[-123.11250300855556,39.12051536688268],[-123.10501823544135,39.132214323134974],[-123.11398320083849,39.14251376951632],[-123.13043277520175,39.141113158584126],[-123.13791399218873,39.12941425098334],[-123.12894919184357,39.11911590555509],[-123.11250300855556,39.12051536688268]]]},"properties":{"h3_index":"872831680ffffff","station_count":4,"polygon_count":4,"coverage_type":"area","wetland_summary":"Depressional Vegetated, Depressional Open Water","level1_summary":"Non-Tidal","program_id":"russian_river","program":"Russian River","resolution":7,"stations":[]}},{"type":"Feature","geometry":{"type":"Polygon","coordinates":[[[-123.13791399218873,39.12941425098334],[-123.13043277520175,39.141113158584126],[-123.13939958611292,39.151408719938516],[-123.15584744577559,39.1500042729542],[-123.16332510365551,39.138305415893676],[-123.15435846188285,39.128010955168875],[-123.13791399218873,39.12941425098334]]]},"properties":{"h3_index":"872831681ffffff","station_count":21,"polygon_count":21,"coverage_type":"area","wetland_summary":"Depressional Vegetated, Depressional Open Water, Channel Vegetated Woody","level1_summary":"Non-Tidal","program_id":"russian_river","program":"Russian River","resolution":7,"stations":[]}},{"type":"Feature","geometry":{"type":"Polygon","coordinates":[[[-123.08856695286926,39.13361109745368],[-123.08107724304536,39.14530846550691],[-123.09004236971386,39.155609012502424],[-123.10649704584019,39.15421109072253],[-123.11398320083849,39.14251376951632],[-123.10501823544135,39.132214323134974],[-123.08856695286926,39.13361109745368]]]},"properties":{"h3_index":"872831682ffffff","station_count":1,"polygon_count":1,"coverage_type":"area","wetland_summary":"Depressional Vegetated","level1_summary":"Non-Tidal","program_id":"russian_river","program":"Russian River","resolution":7,"stations":[]}},{"type":"Feature","geometry":{"type":"Polygon","coordinates":[[[-123.11398320083849,39.14251376951632],[-123.10649704584019,39.15421109072253],[-123.11546402211188,39.16450775236989],[-123.13191698892577,39.16310599240989],[-123.13939958611292,39.151408719938516],[-123.13043277520175,39.141113158584126],[-123.11398320083849,39.14251376951632]]]},"properties":{"h3_index":"872831683ffffff","station_count":1,"polygon_count":1,"coverage_type":"area","wetland_summary":"Depressional Vegetated","level1_summary":"Non-Tidal","program_id":"russian_river","program":"Russian River","resolution":7,"stations":[]}},{"type":"Feature","geometry":{"type":"Polygon","coordinates":[[[-123.11102344486433,39.098512549668314],[-123.10354005314572,39.11021313807802],[-123.11250300855556,39.12051536688268],[-123.12894919184357,39.11911590555509],[-123.13642902911772,39.10741536571185],[-123.12746623845172,39.09711423852162],[-123.11102344486433,39.098512549668314]]]},"properties":{"h3_index":"872831684ffffff","station_count":17,"polygon_count":17,"coverage_type":"area","wetland_summary":"Seep/Spring, Depressional Vegetated, Non-woody Slope","level1_summary":"Non-Tidal","program_id":"russian_river","program":"Russian River","resolution":7,"stations":[]}},{"type":"Feature","geometry":{"type":"Polygon","coordinates":[[[-123.13642902911772,39.10741536571185],[-123.12894919184357,39.11911590555509],[-123.13791399218873,39.12941425098334],[-123.15435846188285,39.128010955168875],[-123.16183474173441,39.11631046578145],[-123.15287011021695,39.10601322164438],[-123.13642902911772,39.10741536571185]]]},"properties":{"h3_index":"872831685ffffff","station_count":10,"polygon_count":10,"coverage_type":"area","wetland_summary":"Depressional Vegetated, Depressional Open Water","level1_summary":"Non-Tidal","program_id":"russian_river","program":"Russian River","resolution":7,"stations":[]}},{"type":"Feature","geometry":{"type":"Polygon","coordinates":[[[-123.08709216275153,39.111608764359595],[-123.07960383649403,39.12330776737496],[-123.08856695286926,39.13361109745368],[-123.10501823544135,39.132214323134974],[-123.11250300855556,39.12051536688268],[-123.10354005314572,39.11021313807802],[-123.08709216275153,39.111608764359595]]]},"properties":{"h3_index":"872831686ffffff","station_count":4,"polygon_count":4,"coverage_type":"area","wetland_summary":"Depressional Vegetated","level1_summary":"Non-Tidal","program_id":"russian_river","program":"Russian River","resolution":7,"stations":[]}},{"type":"Feature","geometry":{"type":"Polygon","coordinates":[[[-123.16481609869061,39.16029594795752],[-123.15733706229611,39.17199316980599],[-123.16630772724116,39.182282056782505],[-123.18275725594484,39.18087262215898],[-123.19023272856946,39.16917545282169],[-123.18126223716293,39.15888766548817],[-123.16481609869061,39.16029594795752]]]},"properties":{"h3_index":"872831688ffffff","station_count":20,"polygon_count":20,"coverage_type":"area","wetland_summary":"Depressional Vegetated, Depressional Open Water, Non-woody Slope","level1_summary":"Non-Tidal","program_id":"russian_river","program":"Russian River","resolution":7,"stations":[]}},{"type":"Feature","geometry":{"type":"Polygon","coordinates":[[[-123.19023272856946,39.16917545282169],[-123.18275725594484,39.18087262215898],[-123.19172975995559,39.19115761982367],[-123.20817755986542,39.189744348728084],[-123.21564946574696,39.17804723379051],[-123.20667713936352,39.16776333544005],[-123.19023272856946,39.16917545282169]]]},"properties":{"h3_index":"872831689ffffff","station_count":287,"polygon_count":287,"coverage_type":"area","wetland_summary":"Channel Vegetated, Depressional Vegetated, Channel","level1_summary":"Non-Tidal","program_id":"russian_river","program":"Russian River","resolution":7,"stations":[]}},{"type":"Feature","geometry":{"type":"Polygon","coordinates":[[[-123.1408858112904,39.17339876738243],[-123.13340183341546,39.18509440184086],[-123.14237266812158,39.19538438812748],[-123.15882731184564,39.19397764053715],[-123.16630772724116,39.182282056782505],[-123.15733706229611,39.17199316980599],[-123.1408858112904,39.17339876738243]]]},"properties":{"h3_index":"87283168affffff","station_count":9,"polygon_count":9,"coverage_type":"area","wetland_summary":"Depressional Vegetated, Depressional Open Water","level1_summary":"Non-Tidal","program_id":"russian_river","program":"Russian River","resolution":7,"stations":[]}},{"type":"Feature","geometry":{"type":"Polygon","coordinates":[[[-123.16630772724116,39.182282056782505],[-123.15882731184564,39.19397764053715],[-123.16779998970897,39.20426373718546],[-123.18425291001842,39.2028531509869],[-123.19172975995559,39.19115761982367],[-123.18275725594484,39.18087262215898],[-123.16630772724116,39.182282056782505]]]},"properties":{"h3_index":"87283168bffffff","station_count":28,"polygon_count":28,"coverage_type":"area","wetland_summary":"Depressional Vegetated, Channel, Channel Vegetated Woody","level1_summary":"Non-Tidal","program_id":"russian_river","program":"Russian River","resolution":7,"stations":[]}},{"type":"Feature","geometry":{"type":"Polygon","coordinates":[[[-123.16332510365551,39.138305415893676],[-123.15584744577559,39.1500042729542],[-123.16481609869061,39.16029594795752],[-123.18126223716293,39.15888766548817],[-123.18873633296019,39.147188860856815],[-123.17976785326996,39.1368982861571],[-123.16332510365551,39.138305415893676]]]},"properties":{"h3_index":"87283168cffffff","station_count":66,"polygon_count":66,"coverage_type":"area","wetland_summary":"Depressional Vegetated, Channel Vegetated Woody, Channel","level1_summary":"Non-Tidal","program_id":"russian_river","program":"Russian River","resolution":7,"stations":[]}},{"type":"Feature","geometry":{"type":"Polygon","coordinates":[[[-123.18873633296019,39.147188860856815],[-123.18126223716293,39.15888766548817],[-123.19023272856946,39.16917545282169],[-123.20667713936352,39.16776333544005],[-123.21414767010661,39.156064585127034],[-123.20517735601112,39.14577789776861],[-123.18873633296019,39.147188860856815]]]},"properties":{"h3_index":"87283168dffffff","station_count":205,"polygon_count":205,"coverage_type":"area","wetland_summary":"Channel Vegetated, Channel Vegetated Woody, Channel","level1_summary":"Non-Tidal","program_id":"russian_river","program":"Russian River","resolution":7,"stations":[]}},{"type":"Feature","geometry":{"type":"Polygon","coordinates":[[[-123.13939958611292,39.151408719938516],[-123.13191698892577,39.16310599240989],[-123.1408858112904,39.17339876738243],[-123.15733706229611,39.17199316980599],[-123.16481609869061,39.16029594795752],[-123.15584744577559,39.1500042729542],[-123.13939958611292,39.151408719938516]]]},"properties":{"h3_index":"87283168effffff","station_count":15,"polygon_count":15,"coverage_type":"area","wetland_summary":"Depressional Vegetated, Seep/Spring, Non-woody Slope","level1_summary":"Non-Tidal","program_id":"russian_river","program":"Russian River","resolution":7,"stations":[]}},{"type":"Feature","geometry":{"type":"Polygon","coordinates":[[[-123.04066474432169,39.15978971129266],[-123.03316515849096,39.17148388912404],[-123.04213059634021,39.18178663632813],[-123.05859546723318,39.18039410565906],[-123.06609150086057,39.16869997106488],[-123.05712621670637,39.15839832379484],[-123.04066474432169,39.15978971129266]]]},"properties":{"h3_index":"872831693ffffff","station_count":2,"polygon_count":2,"coverage_type":"area","wetland_summary":"Depressional Vegetated","level1_summary":"Non-Tidal","program_id":"russian_river","program":"Russian River","resolution":7,"stations":[]}},{"type":"Feature","geometry":{"type":"Polygon","coordinates":[[[-123.11694547277467,39.186497310251326],[-123.10945655254152,39.198191352712676],[-123.11842755322628,39.20848243797576],[-123.13488730907102,39.20707838169275],[-123.14237266812158,39.19538438812748],[-123.13340183341546,39.18509440184086],[-123.11694547277467,39.186497310251326]]]},"properties":{"h3_index":"872831699ffffff","station_count":1,"polygon_count":1,"coverage_type":"area","wetland_summary":"Depressional Vegetated","level1_summary":"Non-Tidal","program_id":"russian_river","program":"Russian River","resolution":7,"stations":[]}},{"type":"Feature","geometry":{"type":"Polygon","coordinates":[[[-123.06756276287219,39.19069296687939],[-123.06006534252371,39.20238545793943],[-123.06903465053608,39.21268153080575],[-123.08550122171056,39.211284013542574],[-123.09299508517435,39.199591567685054],[-123.08402593525607,39.18929659378021],[-123.06756276287219,39.19069296687939]]]},"properties":{"h3_index":"87283169affffff","station_count":15,"polygon_count":15,"coverage_type":"area","wetland_summary":"Depressional Vegetated, Channel, Channel Vegetated Woody","level1_summary":"Non-Tidal","program_id":"russian_river","program":"Russian River","resolution":7,"stations":[]}},{"type":"Feature","geometry":{"type":"Polygon","coordinates":[[[-123.09299508517435,39.199591567685054],[-123.08550122171056,39.211284013542574],[-123.09447238458657,39.22157619744772],[-123.11093724964196,39.22017483674513],[-123.11842755322628,39.20848243797576],[-123.10945655254152,39.198191352712676],[-123.09299508517435,39.199591567685054]]]},"properties":{"h3_index":"87283169bffffff","station_count":16,"polygon_count":16,"coverage_type":"area","wetland_summary":"Depressional Vegetated, Depressional Open Water, Non-woody Slope","level1_summary":"Non-Tidal","program_id":"russian_river","program":"Russian River","resolution":7,"stations":[]}},{"type":"Feature","geometry":{"type":"Polygon","coordinates":[[[-123.09004236971386,39.155609012502424],[-123.08255127583357,39.16730474270637],[-123.09151841368286,39.17760250430931],[-123.10797648474065,39.17620343564467],[-123.11546402211188,39.16450775236989],[-123.10649704584019,39.15421109072253],[-123.09004236971386,39.155609012502424]]]},"properties":{"h3_index":"87283169cffffff","station_count":1,"polygon_count":1,"coverage_type":"area","wetland_summary":"Depressional Vegetated","level1_summary":"Non-Tidal","program_id":"russian_river","program":"Russian River","resolution":7,"stations":[]}},{"type":"Feature","geometry":{"type":"Polygon","coordinates":[[[-123.11546402211188,39.16450775236989],[-123.10797648474065,39.17620343564467],[-123.11694547277467,39.186497310251326],[-123.13340183341546,39.18509440184086],[-123.1408858112904,39.17339876738243],[-123.13191698892577,39.16310599240989],[-123.11546402211188,39.16450775236989]]]},"properties":{"h3_index":"87283169dffffff","station_count":2,"polygon_count":2,"coverage_type":"area","wetland_summary":"Depressional Vegetated","level1_summary":"Non-Tidal","program_id":"russian_river","program":"Russian River","resolution":7,"stations":[]}},{"type":"Feature","geometry":{"type":"Polygon","coordinates":[[[-123.06609150086057,39.16869997106488],[-123.05859546723318,39.18039410565906],[-123.06756276287219,39.19069296687939],[-123.08402593525607,39.18929659378021],[-123.09151841368286,39.17760250430931],[-123.08255127583357,39.16730474270637],[-123.06609150086057,39.16869997106488]]]},"properties":{"h3_index":"87283169effffff","station_count":13,"polygon_count":13,"coverage_type":"area","wetland_summary":"Depressional Vegetated, Non-woody Slope, Depressional Open Water","level1_summary":"Non-Tidal","program_id":"russian_river","program":"Russian River","resolution":7,"stations":[]}},{"type":"Feature","geometry":{"type":"Polygon","coordinates":[[[-123.13346099393667,39.06340436703593],[-123.12598391462701,39.07510816268981],[-123.13494469650018,39.085412069326225],[-123.15138239037734,39.084011077582396],[-123.15885591562979,39.072307332210116],[-123.14989530196377,39.0620045281918],[-123.13346099393667,39.06340436703593]]]},"properties":{"h3_index":"8728316a0ffffff","station_count":139,"polygon_count":139,"coverage_type":"area","wetland_summary":"Channel Vegetated, Channel Vegetated Woody, Channel","level1_summary":"Non-Tidal","program_id":"russian_river","program":"Russian River","resolution":7,"stations":[]}},{"type":"Feature","geometry":{"type":"Polygon","coordinates":[[[-123.15885591562979,39.072307332210116],[-123.15138239037734,39.084011077582396],[-123.16034501252608,39.0943111028186],[-123.17678098854213,39.09290628028122],[-123.1842509567666,39.081202587081414],[-123.17528850690361,39.07090366413808],[-123.15885591562979,39.072307332210116]]]},"properties":{"h3_index":"8728316a1ffffff","station_count":233,"polygon_count":233,"coverage_type":"area","wetland_summary":"Channel Vegetated, Depressional Vegetated, Woody Slope","level1_summary":"Non-Tidal","program_id":"russian_river","program":"Russian River","resolution":7,"stations":[]}},{"type":"Feature","geometry":{"type":"Polygon","coordinates":[[[-123.1095445093665,39.07650532307988],[-123.10206249855517,39.088207540754894],[-123.11102344486433,39.098512549668314],[-123.12746623845172,39.09711423852162],[-123.13494469650018,39.085412069326225],[-123.12598391462701,39.07510816268981],[-123.1095445093665,39.07650532307988]]]},"properties":{"h3_index":"8728316a2ffffff","station_count":10,"polygon_count":10,"coverage_type":"area","wetland_summary":"Depressional Vegetated, Woody Slope, Non-woody Slope","level1_summary":"Non-Tidal","program_id":"russian_river","program":"Russian River","resolution":7,"stations":[]}},{"type":"Feature","geometry":{"type":"Polygon","coordinates":[[[-123.13494469650018,39.085412069326225],[-123.12746623845172,39.09711423852162],[-123.13642902911772,39.10741536571185],[-123.15287011021695,39.10601322164438],[-123.16034501252608,39.0943111028186],[-123.15138239037734,39.084011077582396],[-123.13494469650018,39.085412069326225]]]},"properties":{"h3_index":"8728316a3ffffff","station_count":25,"polygon_count":25,"coverage_type":"area","wetland_summary":"Depressional Vegetated, Channel Vegetated Woody, Channel","level1_summary":"Non-Tidal","program_id":"russian_river","program":"Russian River","resolution":7,"stations":[]}},{"type":"Feature","geometry":{"type":"Polygon","coordinates":[[[-123.13197792102811,39.04139226405766],[-123.12450221997058,39.05309768327303],[-123.13346099393667,39.06340436703593],[-123.14989530196377,39.0620045281918],[-123.15736745064497,39.05029915916829],[-123.14840884457634,39.03999357868883],[-123.13197792102811,39.04139226405766]]]},"properties":{"h3_index":"8728316a4ffffff","station_count":153,"polygon_count":153,"coverage_type":"area","wetland_summary":"Channel Vegetated, Channel Vegetated Woody, Depressional Vegetated","level1_summary":"Non-Tidal","program_id":"russian_river","program":"Russian River","resolution":7,"stations":[]}},{"type":"Feature","geometry":{"type":"Polygon","coordinates":[[[-123.15736745064497,39.05029915916829],[-123.14989530196377,39.0620045281918],[-123.15885591562979,39.072307332210116],[-123.17528850690361,39.07090366413808],[-123.18275710023946,39.059198347197906],[-123.17379665854689,39.048896646138026],[-123.15736745064497,39.05029915916829]]]},"properties":{"h3_index":"8728316a5ffffff","station_count":77,"polygon_count":77,"coverage_type":"area","wetland_summary":"Channel Vegetated, Channel, Non-woody Slope","level1_summary":"Non-Tidal","program_id":"russian_river","program":"Russian River","resolution":7,"stations":[]}},{"type":"Feature","geometry":{"type":"Polygon","coordinates":[[[-123.10806620166397,39.05449369233127],[-123.10058557127192,39.06619753637616],[-123.1095445093665,39.07650532307988],[-123.12598391462701,39.07510816268981],[-123.13346099393667,39.06340436703593],[-123.12450221997058,39.05309768327303],[-123.10806620166397,39.05449369233127]]]},"properties":{"h3_index":"8728316a6ffffff","station_count":59,"polygon_count":59,"coverage_type":"area","wetland_summary":"Seep/Spring, Non-woody Slope, Woody Slope","level1_summary":"Non-Tidal","program_id":"russian_river","program":"Russian River","resolution":7,"stations":[]}},{"type":"Feature","geometry":{"type":"Polygon","coordinates":[[[-123.18574544746116,39.10320242278974],[-123.17827410386367,39.11490448935574],[-123.18724057272492,39.125197849115075],[-123.20367820940447,39.12378804089925],[-123.21114599132204,39.11208602848353],[-123.20217969914023,39.10179377002474],[-123.18574544746116,39.10320242278974]]]},"properties":{"h3_index":"8728316a8ffffff","station_count":120,"polygon_count":120,"coverage_type":"area","wetland_summary":"Channel Vegetated, Woody Slope, Depressional Vegetated","level1_summary":"Non-Tidal","program_id":"russian_river","program":"Russian River","resolution":7,"stations":[]}},{"type":"Feature","geometry":{"type":"Polygon","coordinates":[[[-123.21114599132204,39.11208602848353],[-123.20367820940447,39.12378804089925],[-123.21264651209964,39.13407751496176],[-123.22908241685151,39.13266387552968],[-123.23654663412523,39.120961919154894],[-123.22757851219033,39.11067354606243],[-123.21114599132204,39.11208602848353]]]},"properties":{"h3_index":"8728316a9ffffff","station_count":7,"polygon_count":7,"coverage_type":"area","wetland_summary":"Depressional Vegetated, Depressional Open Water, Non-woody Slope","level1_summary":"Non-Tidal","program_id":"russian_river","program":"Russian River","resolution":7,"stations":[]}},{"type":"Feature","geometry":{"type":"Polygon","coordinates":[[[-123.16183474173441,39.11631046578145],[-123.15435846188285,39.128010955168875],[-123.16332510365551,39.138305415893676],[-123.17976785326996,39.1368982861571],[-123.18724057272492,39.125197849115075],[-123.17827410386367,39.11490448935574],[-123.16183474173441,39.11631046578145]]]},"properties":{"h3_index":"8728316aaffffff","station_count":81,"polygon_count":81,"coverage_type":"area","wetland_summary":"Depressional Vegetated, Channel Vegetated, Channel Vegetated Woody","level1_summary":"Non-Tidal","program_id":"russian_river","program":"Russian River","resolution":7,"stations":[]}},{"type":"Feature","geometry":{"type":"Polygon","coordinates":[[[-123.18724057272492,39.125197849115075],[-123.17976785326996,39.1368982861571],[-123.18873633296019,39.147188860856815],[-123.20517735601112,39.14577789776861],[-123.21264651209964,39.13407751496176],[-123.20367820940447,39.12378804089925],[-123.18724057272492,39.125197849115075]]]},"properties":{"h3_index":"8728316abffffff","station_count":106,"polygon_count":106,"coverage_type":"area","wetland_summary":"Channel Vegetated Woody, Channel Vegetated, Depressional Vegetated","level1_summary":"Non-Tidal","program_id":"russian_river","program":"Russian River","resolution":7,"stations":[]}},{"type":"Feature","geometry":{"type":"Polygon","coordinates":[[[-123.1842509567666,39.081202587081414],[-123.17678098854213,39.09290628028122],[-123.18574544746116,39.10320242278974],[-123.20217969914023,39.10179377002474],[-123.20964610737025,39.090090130888484],[-123.2006818248154,39.07979509034509],[-123.1842509567666,39.081202587081414]]]},"properties":{"h3_index":"8728316acffffff","station_count":96,"polygon_count":96,"coverage_type":"area","wetland_summary":"Channel Vegetated, Depressional Vegetated, Channel Vegetated Woody","level1_summary":"Non-Tidal","program_id":"russian_river","program":"Russian River","resolution":7,"stations":[]}},{"type":"Feature","geometry":{"type":"Polygon","coordinates":[[[-123.20964610737025,39.090090130888484],[-123.20217969914023,39.10179377002474],[-123.21114599132204,39.11208602848353],[-123.22757851219033,39.11067354606243],[-123.23504135746349,39.09896996288103],[-123.2260752457241,39.08867880605709],[-123.20964610737025,39.090090130888484]]]},"properties":{"h3_index":"8728316adffffff","station_count":90,"polygon_count":90,"coverage_type":"area","wetland_summary":"Channel Vegetated, Channel Vegetated Woody, Channel","level1_summary":"Non-Tidal","program_id":"russian_river","program":"Russian River","resolution":7,"stations":[]}},{"type":"Feature","geometry":{"type":"Polygon","coordinates":[[[-123.16034501252608,39.0943111028186],[-123.15287011021695,39.10601322164438],[-123.16183474173441,39.11631046578145],[-123.17827410386367,39.11490448935574],[-123.18574544746116,39.10320242278974],[-123.17678098854213,39.09290628028122],[-123.16034501252608,39.0943111028186]]]},"properties":{"h3_index":"8728316aeffffff","station_count":116,"polygon_count":116,"coverage_type":"area","wetland_summary":"Channel Vegetated, Woody Slope, Depressional Vegetated","level1_summary":"Non-Tidal","program_id":"russian_river","program":"Russian River","resolution":7,"stations":[]}},{"type":"Feature","geometry":{"type":"Polygon","coordinates":[[[-123.08561799896331,39.089602018423975],[-123.07813105578252,39.10130265351102],[-123.08709216275153,39.111608764359595],[-123.10354005314572,39.11021313807802],[-123.11102344486433,39.098512549668314],[-123.10206249855517,39.088207540754894],[-123.08561799896331,39.089602018423975]]]},"properties":{"h3_index":"8728316b1ffffff","station_count":14,"polygon_count":14,"coverage_type":"area","wetland_summary":"Seep/Spring, Depressional Vegetated, Non-woody Slope","level1_summary":"Non-Tidal","program_id":"russian_river","program":"Russian River","resolution":7,"stations":[]}},{"type":"Feature","geometry":{"type":"Polygon","coordinates":[[[-123.05874456170626,39.05866869544973],[-123.05125545431527,39.07037100441495],[-123.06021270140346,39.08068377276307],[-123.07665890051418,39.07929312912277],[-123.08414446110774,39.06759086485789],[-123.07518737029255,39.05727919942522],[-123.05874456170626,39.05866869544973]]]},"properties":{"h3_index":"8728316b4ffffff","station_count":1,"polygon_count":1,"coverage_type":"area","wetland_summary":"Depressional Vegetated","level1_summary":"Non-Tidal","program_id":"russian_river","program":"Russian River","resolution":7,"stations":[]}},{"type":"Feature","geometry":{"type":"Polygon","coordinates":[[[-123.08414446110774,39.06759086485789],[-123.07665890051418,39.07929312912277],[-123.08561799896331,39.089602018423975],[-123.10206249855517,39.088207540754894],[-123.1095445093665,39.07650532307988],[-123.10058557127192,39.06619753637616],[-123.08414446110774,39.06759086485789]]]},"properties":{"h3_index":"8728316b5ffffff","station_count":3,"polygon_count":3,"coverage_type":"area","wetland_summary":"Depressional Vegetated","level1_summary":"Non-Tidal","program_id":"russian_river","program":"Russian River","resolution":7,"stations":[]}},{"type":"Feature","geometry":{"type":"Polygon","coordinates":[[[-123.2903822286324,39.18264542648908],[-123.28292241083884,39.19434400250988],[-123.29190022104343,39.204616226085776],[-123.30833765628535,39.203188774895494],[-123.31579389718063,39.19149026075194],[-123.30681628063006,39.18121913581204],[-123.2903822286324,39.18264542648908]]]},"properties":{"h3_index":"8728316c0ffffff","station_count":42,"polygon_count":42,"coverage_type":"area","wetland_summary":"Channel Vegetated Woody, Channel Vegetated, Channel","level1_summary":"Non-Tidal","program_id":"russian_river","program":"Russian River","resolution":7,"stations":[]}},{"type":"Feature","geometry":{"type":"Polygon","coordinates":[[[-123.31579389718063,39.19149026075194],[-123.30833765628535,39.203188774895494],[-123.31731728738652,39.21345710428953],[-123.33375296254052,39.21202582113547],[-123.341205623587,39.200327370759396],[-123.33222619022514,39.190060139660346],[-123.31579389718063,39.19149026075194]]]},"properties":{"h3_index":"8728316c1ffffff","station_count":9,"polygon_count":9,"coverage_type":"area","wetland_summary":"Depressional Vegetated, Depressional Open Water, Non-woody Slope","level1_summary":"Non-Tidal","program_id":"russian_river","program":"Russian River","resolution":7,"stations":[]}},{"type":"Feature","geometry":{"type":"Polygon","coordinates":[[[-123.266483221987,39.19576762113537],[-123.25901845849421,39.20746462160705],[-123.26799645859147,39.21773794349586],[-123.28443903318804,39.216313166490814],[-123.29190022104343,39.204616226085776],[-123.28292241083884,39.19434400250988],[-123.266483221987,39.19576762113537]]]},"properties":{"h3_index":"8728316c2ffffff","station_count":12,"polygon_count":12,"coverage_type":"area","wetland_summary":"Depressional Vegetated, Depressional Open Water","level1_summary":"Non-Tidal","program_id":"russian_river","program":"Russian River","resolution":7,"stations":[]}},{"type":"Feature","geometry":{"type":"Polygon","coordinates":[[[-123.29190022104343,39.204616226085776],[-123.28443903318804,39.216313166490814],[-123.2934188582699,39.22658259385898],[-123.30985967812481,39.225153982738526],[-123.31731728738652,39.21345710428953],[-123.30833765628535,39.203188774895494],[-123.29190022104343,39.204616226085776]]]},"properties":{"h3_index":"8728316c3ffffff","station_count":14,"polygon_count":14,"coverage_type":"area","wetland_summary":"Depressional Vegetated, Depressional Open Water","level1_summary":"Non-Tidal","program_id":"russian_river","program":"Russian River","resolution":7,"stations":[]}},{"type":"Feature","geometry":{"type":"Polygon","coordinates":[[[-123.28886488062827,39.16067020023716],[-123.28140643241626,39.17237040899741],[-123.2903822286324,39.18264542648908],[-123.30681628063006,39.18121913581204],[-123.31427115363807,39.169518988848424],[-123.30529555074966,39.15924507065585],[-123.28886488062827,39.16067020023716]]]},"properties":{"h3_index":"8728316c4ffffff","station_count":17,"polygon_count":17,"coverage_type":"area","wetland_summary":"Depressional Vegetated, Channel, Channel Vegetated","level1_summary":"Non-Tidal","program_id":"russian_river","program":"Russian River","resolution":7,"stations":[]}},{"type":"Feature","geometry":{"type":"Polygon","coordinates":[[[-123.31427115363807,39.169518988848424],[-123.30681628063006,39.18121913581204],[-123.31579389718063,39.19149026075194],[-123.33222619022514,39.190060139660346],[-123.33967748508027,39.17836005638425],[-123.33070006594014,39.16809003040269],[-123.31427115363807,39.169518988848424]]]},"properties":{"h3_index":"8728316c5ffffff","station_count":4,"polygon_count":4,"coverage_type":"area","wetland_summary":"Depressional Vegetated, Channel Vegetated Woody","level1_summary":"Non-Tidal","program_id":"russian_river","program":"Russian River","resolution":7,"stations":[]}},{"type":"Feature","geometry":{"type":"Polygon","coordinates":[[[-123.26497062793938,39.1737928686612],[-123.2575072362023,39.18549150466915],[-123.266483221987,39.19576762113537],[-123.28292241083884,39.19434400250988],[-123.2903822286324,39.18264542648908],[-123.28140643241626,39.17237040899741],[-123.26497062793938,39.1737928686612]]]},"properties":{"h3_index":"8728316c6ffffff","station_count":78,"polygon_count":78,"coverage_type":"area","wetland_summary":"Channel, Channel Vegetated Woody, Channel Vegetated","level1_summary":"Non-Tidal","program_id":"russian_river","program":"Russian River","resolution":7,"stations":[]}},{"type":"Feature","geometry":{"type":"Polygon","coordinates":[[[-123.34273441101271,39.222290255061495],[-123.33528038329686,39.23398706966479],[-123.3442638477686,39.24424870413114],[-123.36070113869644,39.24281242659536],[-123.36815158191838,39.23111567772759],[-123.3591683196029,39.220855140550285],[-123.34273441101271,39.222290255061495]]]},"properties":{"h3_index":"8728316c8ffffff","station_count":2,"polygon_count":2,"coverage_type":"area","wetland_summary":"Depressional Vegetated","level1_summary":"Non-Tidal","program_id":"russian_river","program":"Russian River","resolution":7,"stations":[]}},{"type":"Feature","geometry":{"type":"Polygon","coordinates":[[[-123.31884132466558,39.23541951429738],[-123.31138234655805,39.24711475418068],[-123.32036600942804,39.25737748561896],[-123.33680845290525,39.255943880092346],[-123.3442638477686,39.24424870413114],[-123.33528038329686,39.23398706966479],[-123.31884132466558,39.23541951429738]]]},"properties":{"h3_index":"8728316caffffff","station_count":18,"polygon_count":18,"coverage_type":"area","wetland_summary":"Depressional Vegetated, Depressional Open Water, Non-woody Slope","level1_summary":"Non-Tidal","program_id":"russian_river","program":"Russian River","resolution":7,"stations":[]}},{"type":"Feature","geometry":{"type":"Polygon","coordinates":[[[-123.3442638477686,39.24424870413114],[-123.33680845290525,39.255943880092346],[-123.34579393426638,39.266202712816266],[-123.3622346088994,39.26476527284129],[-123.36968641756906,39.2530701626914],[-123.36070113869644,39.24281242659536],[-123.3442638477686,39.24424870413114]]]},"properties":{"h3_index":"8728316cbffffff","station_count":1,"polygon_count":1,"coverage_type":"area","wetland_summary":"Non-woody Slope","level1_summary":"Non-Tidal","program_id":"russian_river","program":"Russian River","resolution":7,"stations":[]}},{"type":"Feature","geometry":{"type":"Polygon","coordinates":[[[-123.341205623587,39.200327370759396],[-123.33375296254052,39.21202582113547],[-123.34273441101271,39.222290255061495],[-123.3591683196029,39.220855140550285],[-123.36661739785423,39.20915675583219],[-123.35763615120648,39.19889341985759],[-123.341205623587,39.200327370759396]]]},"properties":{"h3_index":"8728316ccffffff","station_count":11,"polygon_count":11,"coverage_type":"area","wetland_summary":"Depressional Vegetated, Seep/Spring, Depressional Open Water","level1_summary":"Non-Tidal","program_id":"russian_river","program":"Russian River","resolution":7,"stations":[]}},{"type":"Feature","geometry":{"type":"Polygon","coordinates":[[[-123.31731728738652,39.21345710428953],[-123.30985967812481,39.225153982738526],[-123.31884132466558,39.23541951429738],[-123.33528038329686,39.23398706966479],[-123.34273441101271,39.222290255061495],[-123.33375296254052,39.21202582113547],[-123.31731728738652,39.21345710428953]]]},"properties":{"h3_index":"8728316ceffffff","station_count":24,"polygon_count":24,"coverage_type":"area","wetland_summary":"Depressional Vegetated, Depressional Open Water","level1_summary":"Non-Tidal","program_id":"russian_river","program":"Russian River","resolution":7,"stations":[]}},{"type":"Feature","geometry":{"type":"Polygon","coordinates":[[[-123.2171518994249,39.200025455770586],[-123.20967861792086,39.211720932454504],[-123.21865497154509,39.221999245892995],[-123.23510442553965,39.22058098421553],[-123.24257413563997,39.208885563899045],[-123.2335979640509,39.19860834878363],[-123.2171518994249,39.200025455770586]]]},"properties":{"h3_index":"8728316d0ffffff","station_count":37,"polygon_count":37,"coverage_type":"area","wetland_summary":"Depressional Vegetated, Depressional Open Water, Seep/Spring","level1_summary":"Non-Tidal","program_id":"russian_river","program":"Russian River","resolution":7,"stations":[]}},{"type":"Feature","geometry":{"type":"Polygon","coordinates":[[[-123.24257413563997,39.208885563899045],[-123.23510442553965,39.22058098421553],[-123.24408261176313,39.2308554040934],[-123.26053032286126,39.2294333055566],[-123.26799645859147,39.21773794349586],[-123.25901845849421,39.20746462160705],[-123.24257413563997,39.208885563899045]]]},"properties":{"h3_index":"8728316d1ffffff","station_count":11,"polygon_count":11,"coverage_type":"area","wetland_summary":"Depressional Vegetated, Depressional Open Water","level1_summary":"Non-Tidal","program_id":"russian_river","program":"Russian River","resolution":7,"stations":[]}},{"type":"Feature","geometry":{"type":"Polygon","coordinates":[[[-123.19322742752188,39.21313535668399],[-123.18574919978663,39.22482924679653],[-123.19472573167188,39.235108658231205],[-123.21118031393421,39.233693081448386],[-123.21865497154509,39.221999245892995],[-123.20967861792086,39.211720932454504],[-123.19322742752188,39.21313535668399]]]},"properties":{"h3_index":"8728316d2ffffff","station_count":156,"polygon_count":156,"coverage_type":"area","wetland_summary":"Channel Vegetated, Depressional Vegetated, Channel Vegetated Woody","level1_summary":"Non-Tidal","program_id":"russian_river","program":"Russian River","resolution":7,"stations":[]}},{"type":"Feature","geometry":{"type":"Polygon","coordinates":[[[-123.21865497154509,39.221999245892995],[-123.21118031393421,39.233693081448386],[-123.22015868251252,39.243968598990676],[-123.23661152724884,39.242549183204176],[-123.24408261176313,39.2308554040934],[-123.23510442553965,39.22058098421553],[-123.21865497154509,39.221999245892995]]]},"properties":{"h3_index":"8728316d3ffffff","station_count":29,"polygon_count":29,"coverage_type":"area","wetland_summary":"Depressional Vegetated, Depressional Open Water, Woody Slope","level1_summary":"Non-Tidal","program_id":"russian_river","program":"Russian River","resolution":7,"stations":[]}},{"type":"Feature","geometry":{"type":"Polygon","coordinates":[[[-123.21564946574696,39.17804723379051],[-123.20817755986542,39.189744348728084],[-123.2171518994249,39.200025455770586],[-123.2335979640509,39.19860834878363],[-123.24106630022045,39.186911290134525],[-123.23209214237689,39.17663128207499],[-123.21564946574696,39.17804723379051]]]},"properties":{"h3_index":"8728316d4ffffff","station_count":108,"polygon_count":108,"coverage_type":"area","wetland_summary":"Depressional Vegetated, Channel Vegetated, Depressional Open Water","level1_summary":"Non-Tidal","program_id":"russian_river","program":"Russian River","resolution":7,"stations":[]}},{"type":"Feature","geometry":{"type":"Polygon","coordinates":[[[-123.24106630022045,39.186911290134525],[-123.2335979640509,39.19860834878363],[-123.24257413563997,39.208885563899045],[-123.25901845849421,39.20746462160705],[-123.266483221987,39.19576762113537],[-123.2575072362023,39.18549150466915],[-123.24106630022045,39.186911290134525]]]},"properties":{"h3_index":"8728316d5ffffff","station_count":7,"polygon_count":7,"coverage_type":"area","wetland_summary":"Depressional Vegetated, Depressional Open Water","level1_summary":"Non-Tidal","program_id":"russian_river","program":"Russian River","resolution":7,"stations":[]}},{"type":"Feature","geometry":{"type":"Polygon","coordinates":[[[-123.19172975995559,39.19115761982367],[-123.18425291001842,39.2028531509869],[-123.19322742752188,39.21313535668399],[-123.20967861792086,39.211720932454504],[-123.2171518994249,39.200025455770586],[-123.20817755986542,39.189744348728084],[-123.19172975995559,39.19115761982367]]]},"properties":{"h3_index":"8728316d6ffffff","station_count":161,"polygon_count":161,"coverage_type":"area","wetland_summary":"Channel Vegetated, Channel Vegetated Woody, Depressional Vegetated","level1_summary":"Non-Tidal","program_id":"russian_river","program":"Russian River","resolution":7,"stations":[]}},{"type":"Feature","geometry":{"type":"Polygon","coordinates":[[[-123.26951033816025,39.23970383057727],[-123.26204282971064,39.25139755135574],[-123.27102486110111,39.26166527722142],[-123.2874742112995,39.26023818520595],[-123.29493814072059,39.24854452464772],[-123.28595629987204,39.238277895775376],[-123.26951033816025,39.23970383057727]]]},"properties":{"h3_index":"8728316d8ffffff","station_count":27,"polygon_count":27,"coverage_type":"area","wetland_summary":"Depressional Vegetated, Depressional Open Water","level1_summary":"Non-Tidal","program_id":"russian_river","program":"Russian River","resolution":7,"stations":[]}},{"type":"Feature","geometry":{"type":"Polygon","coordinates":[[[-123.29493814072059,39.24854452464772],[-123.2874742112995,39.26023818520595],[-123.29645806880464,39.27050201329829],[-123.31290566199507,39.269071084068834],[-123.32036600942804,39.25737748561896],[-123.31138234655805,39.24711475418068],[-123.29493814072059,39.24854452464772]]]},"properties":{"h3_index":"8728316d9ffffff","station_count":10,"polygon_count":10,"coverage_type":"area","wetland_summary":"Depressional Vegetated, Depressional Open Water","level1_summary":"Non-Tidal","program_id":"russian_river","program":"Russian River","resolution":7,"stations":[]}},{"type":"Feature","geometry":{"type":"Polygon","coordinates":[[[-123.24559172899627,39.252820805555004],[-123.23811926958467,39.26451294059038],[-123.24710148774615,39.27478176312859],[-123.26355597944986,39.27335735384972],[-123.27102486110111,39.26166527722142],[-123.26204282971064,39.25139755135574],[-123.24559172899627,39.252820805555004]]]},"properties":{"h3_index":"8728316daffffff","station_count":204,"polygon_count":204,"coverage_type":"area","wetland_summary":"Channel Vegetated Woody, Channel, Channel Vegetated","level1_summary":"Non-Tidal","program_id":"russian_river","program":"Russian River","resolution":7,"stations":[]}},{"type":"Feature","geometry":{"type":"Polygon","coordinates":[[[-123.27102486110111,39.26166527722142],[-123.26355597944986,39.27335735384972],[-123.2725400278221,39.28362227827754],[-123.28899276787925,39.282194029632215],[-123.29645806880464,39.27050201329829],[-123.2874742112995,39.26023818520595],[-123.27102486110111,39.26166527722142]]]},"properties":{"h3_index":"8728316dbffffff","station_count":15,"polygon_count":15,"coverage_type":"area","wetland_summary":"Depressional Vegetated, Depressional Open Water","level1_summary":"Non-Tidal","program_id":"russian_river","program":"Russian River","resolution":7,"stations":[]}},{"type":"Feature","geometry":{"type":"Polygon","coordinates":[[[-123.26799645859147,39.21773794349586],[-123.26053032286126,39.2294333055566],[-123.26951033816025,39.23970383057727],[-123.28595629987204,39.238277895775376],[-123.2934188582699,39.22658259385898],[-123.28443903318804,39.216313166490814],[-123.26799645859147,39.21773794349586]]]},"properties":{"h3_index":"8728316dcffffff","station_count":23,"polygon_count":23,"coverage_type":"area","wetland_summary":"Depressional Vegetated, Depressional Open Water, Non-woody Slope","level1_summary":"Non-Tidal","program_id":"russian_river","program":"Russian River","resolution":7,"stations":[]}},{"type":"Feature","geometry":{"type":"Polygon","coordinates":[[[-123.2934188582699,39.22658259385898],[-123.28595629987204,39.238277895775376],[-123.29493814072059,39.24854452464772],[-123.31138234655805,39.24711475418068],[-123.31884132466558,39.23541951429738],[-123.30985967812481,39.225153982738526],[-123.2934188582699,39.22658259385898]]]},"properties":{"h3_index":"8728316ddffffff","station_count":34,"polygon_count":34,"coverage_type":"area","wetland_summary":"Depressional Vegetated, Depressional Open Water","level1_summary":"Non-Tidal","program_id":"russian_river","program":"Russian River","resolution":7,"stations":[]}},{"type":"Feature","geometry":{"type":"Polygon","coordinates":[[[-123.24408261176313,39.2308554040934],[-123.23661152724884,39.242549183204176],[-123.24559172899627,39.252820805555004],[-123.26204282971064,39.25139755135574],[-123.26951033816025,39.23970383057727],[-123.26053032286126,39.2294333055566],[-123.24408261176313,39.2308554040934]]]},"properties":{"h3_index":"8728316deffffff","station_count":2,"polygon_count":2,"coverage_type":"area","wetland_summary":"Depressional Vegetated, Seep/Spring","level1_summary":"Non-Tidal","program_id":"russian_river","program":"Russian River","resolution":7,"stations":[]}},{"type":"Feature","geometry":{"type":"Polygon","coordinates":[[[-123.28734817662298,39.13869055250552],[-123.27989109751242,39.15039239112559],[-123.28886488062827,39.16067020023716],[-123.30529555074966,39.15924507065585],[-123.31274905634935,39.147543293750026],[-123.30377546623525,39.137266584601925],[-123.28734817662298,39.13869055250552]]]},"properties":{"h3_index":"8728316e2ffffff","station_count":7,"polygon_count":7,"coverage_type":"area","wetland_summary":"Depressional Vegetated, Depressional Open Water","level1_summary":"Non-Tidal","program_id":"russian_river","program":"Russian River","resolution":7,"stations":[]}},{"type":"Feature","geometry":{"type":"Polygon","coordinates":[[[-123.31274905634935,39.147543293750026],[-123.30529555074966,39.15924507065585],[-123.31427115363807,39.169518988848424],[-123.33070006594014,39.16809003040269],[-123.33814999508162,39.15638831710263],[-123.32917458927508,39.14611549853304],[-123.31274905634935,39.147543293750026]]]},"properties":{"h3_index":"8728316e3ffffff","station_count":1,"polygon_count":1,"coverage_type":"area","wetland_summary":"Depressional Vegetated","level1_summary":"Non-Tidal","program_id":"russian_river","program":"Russian River","resolution":7,"stations":[]}},{"type":"Feature","geometry":{"type":"Polygon","coordinates":[[[-123.28583211620871,39.11670648847694],[-123.27837640571975,39.128409954073824],[-123.28734817662298,39.13869055250552],[-123.30377546623525,39.137266584601925],[-123.31122760490524,39.12556318063513],[-123.3022560266782,39.11528368283251],[-123.28583211620871,39.11670648847694]]]},"properties":{"h3_index":"8728316e6ffffff","station_count":9,"polygon_count":9,"coverage_type":"area","wetland_summary":"Depressional Vegetated, Seep/Spring, Woody Slope","level1_summary":"Non-Tidal","program_id":"russian_river","program":"Russian River","resolution":7,"stations":[]}},{"type":"Feature","geometry":{"type":"Polygon","coordinates":[[[-123.33967748508027,39.17836005638425],[-123.33222619022514,39.190060139660346],[-123.341205623587,39.200327370759396],[-123.35763615120648,39.19889341985759],[-123.36508386496394,39.18719340216014],[-123.35610463309503,39.176927269676135],[-123.33967748508027,39.17836005638425]]]},"properties":{"h3_index":"8728316eaffffff","station_count":13,"polygon_count":13,"coverage_type":"area","wetland_summary":"Depressional Vegetated, Depressional Open Water","level1_summary":"Non-Tidal","program_id":"russian_river","program":"Russian River","resolution":7,"stations":[]}},{"type":"Feature","geometry":{"type":"Polygon","coordinates":[[[-123.36508386496394,39.18719340216014],[-123.35763615120648,39.19889341985759],[-123.36661739785423,39.20915675583219],[-123.38304615357885,39.20771897573013],[-123.3904902832982,39.19601902550262],[-123.38150924222565,39.18575678779733],[-123.36508386496394,39.18719340216014]]]},"properties":{"h3_index":"8728316ebffffff","station_count":3,"polygon_count":3,"coverage_type":"area","wetland_summary":"Depressional Vegetated","level1_summary":"Non-Tidal","program_id":"russian_river","program":"Russian River","resolution":7,"stations":[]}},{"type":"Feature","geometry":{"type":"Polygon","coordinates":[[[-123.33814999508162,39.15638831710263],[-123.33070006594014,39.16809003040269],[-123.33967748508027,39.17836005638425],[-123.35610463309503,39.176927269676135],[-123.36355098283524,39.16522562187362],[-123.3545737648569,39.15495669517199],[-123.33814999508162,39.15638831710263]]]},"properties":{"h3_index":"8728316eeffffff","station_count":1,"polygon_count":1,"coverage_type":"area","wetland_summary":"Depressional Vegetated","level1_summary":"Non-Tidal","program_id":"russian_river","program":"Russian River","resolution":7,"stations":[]}},{"type":"Feature","geometry":{"type":"Polygon","coordinates":[[[-123.2380525498686,39.14294946258167],[-123.23058696011213,39.15464978926331],[-123.23955910509854,39.16493258796969],[-123.25599665557868,39.16351395991223],[-123.26345867604158,39.15181369124604],[-123.25448671621689,39.14153199251285],[-123.2380525498686,39.14294946258167]]]},"properties":{"h3_index":"8728316f0ffffff","station_count":2,"polygon_count":2,"coverage_type":"area","wetland_summary":"Depressional Vegetated","level1_summary":"Non-Tidal","program_id":"russian_river","program":"Russian River","resolution":7,"stations":[]}},{"type":"Feature","geometry":{"type":"Polygon","coordinates":[[[-123.26345867604158,39.15181369124604],[-123.25599665557868,39.16351395991223],[-123.26497062793938,39.1737928686612],[-123.28140643241626,39.17237040899741],[-123.28886488062827,39.16067020023716],[-123.27989109751242,39.15039239112559],[-123.26345867604158,39.15181369124604]]]},"properties":{"h3_index":"8728316f1ffffff","station_count":7,"polygon_count":7,"coverage_type":"area","wetland_summary":"Depressional Vegetated, Depressional Open Water","level1_summary":"Non-Tidal","program_id":"russian_river","program":"Russian River","resolution":7,"stations":[]}},{"type":"Feature","geometry":{"type":"Polygon","coordinates":[[[-123.21414767010661,39.156064585127034],[-123.20667713936352,39.16776333544005],[-123.21564946574696,39.17804723379051],[-123.23209214237689,39.17663128207499],[-123.23955910509854,39.16493258796969],[-123.23058696011213,39.15464978926331],[-123.21414767010661,39.156064585127034]]]},"properties":{"h3_index":"8728316f2ffffff","station_count":15,"polygon_count":15,"coverage_type":"area","wetland_summary":"Depressional Vegetated, Depressional Open Water","level1_summary":"Non-Tidal","program_id":"russian_river","program":"Russian River","resolution":7,"stations":[]}},{"type":"Feature","geometry":{"type":"Polygon","coordinates":[[[-123.23955910509854,39.16493258796969],[-123.23209214237689,39.17663128207499],[-123.24106630022045,39.186911290134525],[-123.2575072362023,39.18549150466915],[-123.26497062793938,39.1737928686612],[-123.25599665557868,39.16351395991223],[-123.23955910509854,39.16493258796969]]]},"properties":{"h3_index":"8728316f3ffffff","station_count":48,"polygon_count":48,"coverage_type":"area","wetland_summary":"Channel, Channel Vegetated Woody, Depressional Vegetated","level1_summary":"Non-Tidal","program_id":"russian_river","program":"Russian River","resolution":7,"stations":[]}},{"type":"Feature","geometry":{"type":"Polygon","coordinates":[[[-123.23654663412523,39.120961919154894],[-123.22908241685151,39.13266387552968],[-123.2380525498686,39.14294946258167],[-123.25448671621689,39.14153199251285],[-123.26194736588687,39.12983009406985],[-123.25297741771078,39.1195456076549],[-123.23654663412523,39.120961919154894]]]},"properties":{"h3_index":"8728316f4ffffff","station_count":10,"polygon_count":10,"coverage_type":"area","wetland_summary":"Depressional Vegetated, Woody Slope, Non-woody Slope","level1_summary":"Non-Tidal","program_id":"russian_river","program":"Russian River","resolution":7,"stations":[]}},{"type":"Feature","geometry":{"type":"Polygon","coordinates":[[[-123.26194736588687,39.12983009406985],[-123.25448671621689,39.14153199251285],[-123.26345867604158,39.15181369124604],[-123.27989109751242,39.15039239112559],[-123.28734817662298,39.13869055250552],[-123.27837640571975,39.128409954073824],[-123.26194736588687,39.12983009406985]]]},"properties":{"h3_index":"8728316f5ffffff","station_count":3,"polygon_count":3,"coverage_type":"area","wetland_summary":"Seep/Spring, Depressional Vegetated","level1_summary":"Non-Tidal","program_id":"russian_river","program":"Russian River","resolution":7,"stations":[]}},{"type":"Feature","geometry":{"type":"Polygon","coordinates":[[[-123.21264651209964,39.13407751496176],[-123.20517735601112,39.14577789776861],[-123.21414767010661,39.156064585127034],[-123.23058696011213,39.15464978926331],[-123.2380525498686,39.14294946258167],[-123.22908241685151,39.13266387552968],[-123.21264651209964,39.13407751496176]]]},"properties":{"h3_index":"8728316f6ffffff","station_count":3,"polygon_count":3,"coverage_type":"area","wetland_summary":"Depressional Vegetated","level1_summary":"Non-Tidal","program_id":"russian_river","program":"Russian River","resolution":7,"stations":[]}},{"type":"Feature","geometry":{"type":"Polygon","coordinates":[[[-123.19617574253736,38.89192941322886],[-123.18872167578286,38.9036475623214],[-123.19766991316345,38.913964775852456],[-123.21407204059496,38.91256273250881],[-123.22152255952334,38.9008446385165],[-123.21257449974053,38.89052853265915],[-123.19617574253736,38.89192941322886]]]},"properties":{"h3_index":"872831710ffffff","station_count":14,"polygon_count":14,"coverage_type":"area","wetland_summary":"Depressional Vegetated, Depressional Open Water, Non-woody Slope","level1_summary":"Non-Tidal","program_id":"russian_river","program":"Russian River","resolution":7,"stations":[]}},{"type":"Feature","geometry":{"type":"Polygon","coordinates":[[[-123.22152255952334,38.9008446385165],[-123.21407204059496,38.91256273250881],[-123.22302210261954,38.922876075591425],[-123.23942250281316,38.92147021722991],[-123.24686947097183,38.909752180235145],[-123.23791959059996,38.899439944495725],[-123.22152255952334,38.9008446385165]]]},"properties":{"h3_index":"872831711ffffff","station_count":9,"polygon_count":9,"coverage_type":"area","wetland_summary":"Depressional Vegetated, Non-woody Slope, Woody Slope","level1_summary":"Non-Tidal","program_id":"russian_river","program":"Russian River","resolution":7,"stations":[]}},{"type":"Feature","geometry":{"type":"Polygon","coordinates":[[[-123.17231782754949,38.90504579009054],[-123.16485884489371,38.916762391914354],[-123.17380725612911,38.92708071277143],[-123.19021447706105,38.92568132437035],[-123.19766991316345,38.913964775852456],[-123.18872167578286,38.9036475623214],[-123.17231782754949,38.90504579009054]]]},"properties":{"h3_index":"872831712ffffff","station_count":16,"polygon_count":16,"coverage_type":"area","wetland_summary":"Depressional Vegetated, Seep/Spring, Woody Slope","level1_summary":"Non-Tidal","program_id":"russian_river","program":"Russian River","resolution":7,"stations":[]}},{"type":"Feature","geometry":{"type":"Polygon","coordinates":[[[-123.19766991316345,38.913964775852456],[-123.19021447706105,38.92568132437035],[-123.19916471699808,38.935995774450774],[-123.2155702160198,38.93459256890699],[-123.22302210261954,38.922876075591425],[-123.21407204059496,38.91256273250881],[-123.19766991316345,38.913964775852456]]]},"properties":{"h3_index":"872831713ffffff","station_count":17,"polygon_count":17,"coverage_type":"area","wetland_summary":"Depressional Vegetated, Non-woody Slope, Seep/Spring","level1_summary":"Non-Tidal","program_id":"russian_river","program":"Russian River","resolution":7,"stations":[]}},{"type":"Feature","geometry":{"type":"Polygon","coordinates":[[[-123.19468220471961,38.869889691848556],[-123.18722950683201,38.88160943859395],[-123.19617574253736,38.89192941322886],[-123.21257449974053,38.89052853265915],[-123.22002365147738,38.87880884091018],[-123.21107759305552,38.86848997462603],[-123.19468220471961,38.869889691848556]]]},"properties":{"h3_index":"872831714ffffff","station_count":3,"polygon_count":3,"coverage_type":"area","wetland_summary":"Depressional Vegetated, Depressional Open Water","level1_summary":"Non-Tidal","program_id":"russian_river","program":"Russian River","resolution":7,"stations":[]}},{"type":"Feature","geometry":{"type":"Polygon","coordinates":[[[-123.22002365147738,38.87880884091018],[-123.21257449974053,38.89052853265915],[-123.22152255952334,38.9008446385165],[-123.23791959059996,38.899439944495725],[-123.24536519324415,38.887720309641075],[-123.23641731479718,38.877405311804246],[-123.22002365147738,38.87880884091018]]]},"properties":{"h3_index":"872831715ffffff","station_count":3,"polygon_count":3,"coverage_type":"area","wetland_summary":"Depressional Vegetated","level1_summary":"Non-Tidal","program_id":"russian_river","program":"Russian River","resolution":7,"stations":[]}},{"type":"Feature","geometry":{"type":"Polygon","coordinates":[[[-123.17082902993438,38.883006505158235],[-123.16337141830141,38.89472470745399],[-123.17231782754949,38.90504579009054],[-123.18872167578286,38.9036475623214],[-123.19617574253736,38.89192941322886],[-123.18722950683201,38.88160943859395],[-123.17082902993438,38.883006505158235]]]},"properties":{"h3_index":"872831716ffffff","station_count":19,"polygon_count":19,"coverage_type":"area","wetland_summary":"Depressional Vegetated, Depressional Open Water, Woody Slope","level1_summary":"Non-Tidal","program_id":"russian_river","program":"Russian River","resolution":7,"stations":[]}},{"type":"Feature","geometry":{"type":"Polygon","coordinates":[[[-123.22452228116767,38.944903146870764],[-123.21706902641647,38.95661803659292],[-123.22602309556957,38.96692584709761],[-123.24243023808071,38.96551766177927],[-123.24987993870477,38.953802829255736],[-123.24092605183914,38.9434961247432],[-123.22452228116767,38.944903146870764]]]},"properties":{"h3_index":"87283171affffff","station_count":6,"polygon_count":6,"coverage_type":"area","wetland_summary":"Depressional Vegetated, Seep/Spring","level1_summary":"Non-Tidal","program_id":"russian_river","program":"Russian River","resolution":7,"stations":[]}},{"type":"Feature","geometry":{"type":"Polygon","coordinates":[[[-123.24987993870477,38.953802829255736],[-123.24243023808071,38.96551766177927],[-123.25138612951626,38.97582159717011],[-123.26779153612186,38.97440959426982],[-123.2752376796761,38.962694820841094],[-123.26628197458795,38.952391991108954],[-123.24987993870477,38.953802829255736]]]},"properties":{"h3_index":"87283171bffffff","station_count":13,"polygon_count":13,"coverage_type":"area","wetland_summary":"Depressional Vegetated, Non-woody Slope, Woody Slope","level1_summary":"Non-Tidal","program_id":"russian_river","program":"Russian River","resolution":7,"stations":[]}},{"type":"Feature","geometry":{"type":"Polygon","coordinates":[[[-123.10215924085861,38.96640323226769],[-123.09468412726788,38.97811355277045],[-123.10363504135331,38.98843242737257],[-123.12006090702772,38.987039875755514],[-123.12753247624617,38.975329603271426],[-123.11858172506274,38.96501183427777],[-123.10215924085861,38.96640323226769]]]},"properties":{"h3_index":"872831780ffffff","station_count":285,"polygon_count":285,"coverage_type":"area","wetland_summary":"Channel Vegetated, Channel, Channel Vegetated Woody","level1_summary":"Non-Tidal","program_id":"russian_river","program":"Russian River","resolution":7,"stations":[]}},{"type":"Feature","geometry":{"type":"Polygon","coordinates":[[[-123.12753247624617,38.975329603271426],[-123.12006090702772,38.987039875755514],[-123.1290136625811,38.997354876940534],[-123.14543782128196,38.99595850024666],[-123.15290584315991,38.984248277674496],[-123.1439532545769,38.973934381776175],[-123.12753247624617,38.975329603271426]]]},"properties":{"h3_index":"872831781ffffff","station_count":49,"polygon_count":49,"coverage_type":"area","wetland_summary":"Channel Vegetated Woody, Channel Vegetated, Depressional Vegetated","level1_summary":"Non-Tidal","program_id":"russian_river","program":"Russian River","resolution":7,"stations":[]}},{"type":"Feature","geometry":{"type":"Polygon","coordinates":[[[-123.07825656108363,38.97950227876527],[-123.07077652594937,38.99121103073564],[-123.07972759917182,39.001531010596885],[-123.0961585492931,39.00014113312082],[-123.10363504135331,38.98843242737257],[-123.09468412726788,38.97811355277045],[-123.07825656108363,38.97950227876527]]]},"properties":{"h3_index":"872831782ffffff","station_count":40,"polygon_count":40,"coverage_type":"area","wetland_summary":"Depressional Vegetated, Non-woody Slope, Depressional Open Water","level1_summary":"Non-Tidal","program_id":"russian_river","program":"Russian River","resolution":7,"stations":[]}},{"type":"Feature","geometry":{"type":"Polygon","coordinates":[[[-123.10363504135331,38.98843242737257],[-123.0961585492931,39.00014113312082],[-123.10511146805459,39.010457239245554],[-123.12154071656893,39.00906353457435],[-123.1290136625811,38.997354876940534],[-123.12006090702772,38.987039875755514],[-123.10363504135331,38.98843242737257]]]},"properties":{"h3_index":"872831783ffffff","station_count":265,"polygon_count":265,"coverage_type":"area","wetland_summary":"Channel Vegetated, Depressional Vegetated, Channel Vegetated Woody","level1_summary":"Non-Tidal","program_id":"russian_river","program":"Russian River","resolution":7,"stations":[]}},{"type":"Feature","geometry":{"type":"Polygon","coordinates":[[[-123.1006840661742,38.94436965918112],[-123.0932103305661,38.9560815915262],[-123.10215924085861,38.96640323226769],[-123.11858172506274,38.96501183427777],[-123.1260519179732,38.95329994985388],[-123.11710317027689,38.9429794153908],[-123.1006840661742,38.94436965918112]]]},"properties":{"h3_index":"872831784ffffff","station_count":245,"polygon_count":245,"coverage_type":"area","wetland_summary":"Channel Vegetated, Woody Slope, Channel Vegetated Woody","level1_summary":"Non-Tidal","program_id":"russian_river","program":"Russian River","resolution":7,"stations":[]}},{"type":"Feature","geometry":{"type":"Polygon","coordinates":[[[-123.1260519179732,38.95329994985388],[-123.11858172506274,38.96501183427777],[-123.12753247624617,38.975329603271426],[-123.1439532545769,38.973934381776175],[-123.15141990182312,38.96222254716729],[-123.14246931730169,38.95190588413058],[-123.1260519179732,38.95329994985388]]]},"properties":{"h3_index":"872831785ffffff","station_count":152,"polygon_count":152,"coverage_type":"area","wetland_summary":"Channel Vegetated, Channel Vegetated Woody, Depressional Vegetated","level1_summary":"Non-Tidal","program_id":"russian_river","program":"Russian River","resolution":7,"stations":[]}},{"type":"Feature","geometry":{"type":"Polygon","coordinates":[[[-123.07678614694824,38.95746916546761],[-123.0693074919576,38.96917953209614],[-123.07825656108363,38.97950227876527],[-123.09468412726788,38.97811355277045],[-123.10215924085861,38.96640323226769],[-123.0932103305661,38.9560815915262],[-123.07678614694824,38.95746916546761]]]},"properties":{"h3_index":"872831786ffffff","station_count":134,"polygon_count":134,"coverage_type":"area","wetland_summary":"Channel Vegetated Woody, Channel Vegetated, Depressional Vegetated","level1_summary":"Non-Tidal","program_id":"russian_river","program":"Russian River","resolution":7,"stations":[]}},{"type":"Feature","geometry":{"type":"Polygon","coordinates":[[[-123.1543924148097,39.00626962667004],[-123.14692301781548,39.01797823429687],[-123.15587961717154,39.02828658891267],[-123.17230544307098,39.026885231500074],[-123.1797712880815,39.01517667577302],[-123.17081486007528,39.00486942545047],[-123.1543924148097,39.00626962667004]]]},"properties":{"h3_index":"872831788ffffff","station_count":5,"polygon_count":5,"coverage_type":"area","wetland_summary":"Depressional Vegetated, Depressional Open Water","level1_summary":"Non-Tidal","program_id":"russian_river","program":"Russian River","resolution":7,"stations":[]}},{"type":"Feature","geometry":{"type":"Polygon","coordinates":[[[-123.1797712880815,39.01517667577302],[-123.17230544307098,39.026885231500074],[-123.18126387747814,39.03718970835433],[-123.19768798237345,39.03578452540679],[-123.20515027243863,39.024076023472496],[-123.19619201345199,39.01377265058451],[-123.1797712880815,39.01517667577302]]]},"properties":{"h3_index":"872831789ffffff","station_count":25,"polygon_count":25,"coverage_type":"area","wetland_summary":"Depressional Vegetated, Depressional Open Water","level1_summary":"Non-Tidal","program_id":"russian_river","program":"Russian River","resolution":7,"stations":[]}},{"type":"Feature","geometry":{"type":"Polygon","coordinates":[[[-123.1304954773757,39.01937576561546],[-123.12302115408394,39.03108280549192],[-123.13197792102811,39.04139226405766],[-123.14840884457634,39.03999357868883],[-123.15587961717154,39.02828658891267],[-123.14692301781548,39.01797823429687],[-123.1304954773757,39.01937576561546]]]},"properties":{"h3_index":"87283178affffff","station_count":251,"polygon_count":251,"coverage_type":"area","wetland_summary":"Channel Vegetated, Channel, Woody Slope","level1_summary":"Non-Tidal","program_id":"russian_river","program":"Russian River","resolution":7,"stations":[]}},{"type":"Feature","geometry":{"type":"Polygon","coordinates":[[[-123.15587961717154,39.02828658891267],[-123.14840884457634,39.03999357868883],[-123.15736745064497,39.05029915916829],[-123.17379665854689,39.048896646138026],[-123.18126387747814,39.03718970835433],[-123.17230544307098,39.026885231500074],[-123.15587961717154,39.02828658891267]]]},"properties":{"h3_index":"87283178bffffff","station_count":15,"polygon_count":15,"coverage_type":"area","wetland_summary":"Depressional Vegetated, Depressional Open Water","level1_summary":"Non-Tidal","program_id":"russian_river","program":"Russian River","resolution":7,"stations":[]}},{"type":"Feature","geometry":{"type":"Polygon","coordinates":[[[-123.15290584315991,38.984248277674496],[-123.14543782128196,38.99595850024666],[-123.1543924148097,39.00626962667004],[-123.17081486007528,39.00486942545047],[-123.17827933164861,38.99315925468362],[-123.16932490915947,38.982849233222716],[-123.15290584315991,38.984248277674496]]]},"properties":{"h3_index":"87283178cffffff","station_count":132,"polygon_count":132,"coverage_type":"area","wetland_summary":"Channel Vegetated, Depressional Vegetated, Channel Vegetated Woody","level1_summary":"Non-Tidal","program_id":"russian_river","program":"Russian River","resolution":7,"stations":[]}},{"type":"Feature","geometry":{"type":"Polygon","coordinates":[[[-123.17827933164861,38.99315925468362],[-123.17081486007528,39.00486942545047],[-123.1797712880815,39.01517667577302],[-123.19619201345199,39.01377265058451],[-123.20365293176073,39.002062533516586],[-123.19469667886119,38.99175638782978],[-123.17827933164861,38.99315925468362]]]},"properties":{"h3_index":"87283178dffffff","station_count":116,"polygon_count":116,"coverage_type":"area","wetland_summary":"Channel Vegetated, Channel Vegetated Woody, Depressional Vegetated","level1_summary":"Non-Tidal","program_id":"russian_river","program":"Russian River","resolution":7,"stations":[]}},{"type":"Feature","geometry":{"type":"Polygon","coordinates":[[[-123.1290136625811,38.997354876940534],[-123.12154071656893,39.00906353457435],[-123.1304954773757,39.01937576561546],[-123.14692301781548,39.01797823429687],[-123.1543924148097,39.00626962667004],[-123.14543782128196,38.99595850024666],[-123.1290136625811,38.997354876940534]]]},"properties":{"h3_index":"87283178effffff","station_count":18,"polygon_count":18,"coverage_type":"area","wetland_summary":"Depressional Vegetated, Non-woody Slope, Depressional Open Water","level1_summary":"Non-Tidal","program_id":"russian_river","program":"Russian River","resolution":7,"stations":[]}},{"type":"Feature","geometry":{"type":"Polygon","coordinates":[[[-123.02896032257424,38.983655449694666],[-123.02147182625296,38.99536267105563],[-123.03042120173806,39.00568762852462],[-123.04685892315509,39.00430425930143],[-123.05434388069074,38.99259708047455],[-123.04539465649884,38.982273228229325],[-123.02896032257424,38.983655449694666]]]},"properties":{"h3_index":"872831790ffffff","station_count":5,"polygon_count":5,"coverage_type":"area","wetland_summary":"Depressional Vegetated","level1_summary":"Non-Tidal","program_id":"russian_river","program":"Russian River","resolution":7,"stations":[]}},{"type":"Feature","geometry":{"type":"Polygon","coordinates":[[[-123.05434388069074,38.99259708047455],[-123.04685892315509,39.00430425930143],[-123.05581015174462,39.01462534407175],[-123.07224618340572,39.01323814499849],[-123.07972759917182,39.001531010596885],[-123.07077652594937,38.99121103073564],[-123.05434388069074,38.99259708047455]]]},"properties":{"h3_index":"872831791ffffff","station_count":63,"polygon_count":63,"coverage_type":"area","wetland_summary":"Non-woody Slope, Depressional Vegetated, Woody Slope","level1_summary":"Non-Tidal","program_id":"russian_river","program":"Russian River","resolution":7,"stations":[]}},{"type":"Feature","geometry":{"type":"Polygon","coordinates":[[[-123.00503242155732,38.996742209895764],[-122.99753900329867,39.00844785170609],[-123.00648852629948,39.01877391404572],[-123.02293132094849,39.01739322959707],[-123.03042120173806,39.00568762852462],[-123.02147182625296,38.99536267105563],[-123.00503242155732,38.996742209895764]]]},"properties":{"h3_index":"872831792ffffff","station_count":1,"polygon_count":1,"coverage_type":"area","wetland_summary":"Depressional Vegetated","level1_summary":"Non-Tidal","program_id":"russian_river","program":"Russian River","resolution":7,"stations":[]}},{"type":"Feature","geometry":{"type":"Polygon","coordinates":[[[-123.03042120173806,39.00568762852462],[-123.02293132094849,39.01739322959707],[-123.03188270113031,39.02771541892564],[-123.04832381141384,39.02633090251602],[-123.05581015174462,39.01462534407175],[-123.04685892315509,39.00430425930143],[-123.03042120173806,39.00568762852462]]]},"properties":{"h3_index":"872831793ffffff","station_count":14,"polygon_count":14,"coverage_type":"area","wetland_summary":"Non-woody Slope, Depressional Vegetated","level1_summary":"Non-Tidal","program_id":"russian_river","program":"Russian River","resolution":7,"stations":[]}},{"type":"Feature","geometry":{"type":"Polygon","coordinates":[[[-123.02750006324604,38.96161888768484],[-123.02001295090221,38.97332772642344],[-123.02896032257424,38.983655449694666],[-123.04539465649884,38.982273228229325],[-123.05287823172901,38.9705644319289],[-123.04393101105154,38.96023781454821],[-123.02750006324604,38.96161888768484]]]},"properties":{"h3_index":"872831794ffffff","station_count":43,"polygon_count":43,"coverage_type":"area","wetland_summary":"Depressional Vegetated, Depressional Open Water, Woody Slope","level1_summary":"Non-Tidal","program_id":"russian_river","program":"Russian River","resolution":7,"stations":[]}},{"type":"Feature","geometry":{"type":"Polygon","coordinates":[[[-123.05287823172901,38.9705644319289],[-123.04539465649884,38.982273228229325],[-123.05434388069074,38.99259708047455],[-123.07077652594937,38.99121103073564],[-123.07825656108363,38.97950227876527],[-123.0693074919576,38.96917953209614],[-123.05287823172901,38.9705644319289]]]},"properties":{"h3_index":"872831795ffffff","station_count":88,"polygon_count":88,"coverage_type":"area","wetland_summary":"Depressional Vegetated, Non-woody Slope, Channel Vegetated Woody","level1_summary":"Non-Tidal","program_id":"russian_river","program":"Russian River","resolution":7,"stations":[]}},{"type":"Feature","geometry":{"type":"Polygon","coordinates":[[[-123.00357693478497,38.97470611908455],[-122.99608490266604,38.98641338108862],[-123.00503242155732,38.996742209895764],[-123.02147182625296,38.99536267105563],[-123.02896032257424,38.983655449694666],[-123.02001295090221,38.97332772642344],[-123.00357693478497,38.97470611908455]]]},"properties":{"h3_index":"872831796ffffff","station_count":9,"polygon_count":9,"coverage_type":"area","wetland_summary":"Depressional Vegetated, Depressional Open Water, Non-woody Slope","level1_summary":"Non-Tidal","program_id":"russian_river","program":"Russian River","resolution":7,"stations":[]}},{"type":"Feature","geometry":{"type":"Polygon","coordinates":[[[-123.08119926160809,39.0235553557151],[-123.07371646472164,39.0352608696406],[-123.08267154878804,39.045575308879734],[-123.0991092708985,39.04418313015964],[-123.10658852135914,39.0324776626437],[-123.09763359703783,39.02216432733041],[-123.08119926160809,39.0235553557151]]]},"properties":{"h3_index":"872831798ffffff","station_count":11,"polygon_count":11,"coverage_type":"area","wetland_summary":"Depressional Vegetated, Seep/Spring, Depressional Open Water","level1_summary":"Non-Tidal","program_id":"russian_river","program":"Russian River","resolution":7,"stations":[]}},{"type":"Feature","geometry":{"type":"Polygon","coordinates":[[[-123.10658852135914,39.0324776626437],[-123.0991092708985,39.04418313015964],[-123.10806620166397,39.05449369233127],[-123.12450221997058,39.05309768327303],[-123.13197792102811,39.04139226405766],[-123.12302115408394,39.03108280549192],[-123.10658852135914,39.0324776626437]]]},"properties":{"h3_index":"872831799ffffff","station_count":70,"polygon_count":70,"coverage_type":"area","wetland_summary":"Depressional Vegetated, Non-woody Slope, Channel Vegetated","level1_summary":"Non-Tidal","program_id":"russian_river","program":"Russian River","resolution":7,"stations":[]}},{"type":"Feature","geometry":{"type":"Polygon","coordinates":[[[-123.05727704528496,39.03664921747593],[-123.04978932166915,39.04835315263185],[-123.05874456170626,39.05866869544973],[-123.07518737029255,39.05727919942522],[-123.08267154878804,39.045575308879734],[-123.07371646472164,39.0352608696406],[-123.05727704528496,39.03664921747593]]]},"properties":{"h3_index":"87283179affffff","station_count":4,"polygon_count":4,"coverage_type":"area","wetland_summary":"Depressional Vegetated","level1_summary":"Non-Tidal","program_id":"russian_river","program":"Russian River","resolution":7,"stations":[]}},{"type":"Feature","geometry":{"type":"Polygon","coordinates":[[[-123.08267154878804,39.045575308879734],[-123.07518737029255,39.05727919942522],[-123.08414446110774,39.06759086485789],[-123.10058557127192,39.06619753637616],[-123.10806620166397,39.05449369233127],[-123.0991092708985,39.04418313015964],[-123.08267154878804,39.045575308879734]]]},"properties":{"h3_index":"87283179bffffff","station_count":5,"polygon_count":5,"coverage_type":"area","wetland_summary":"Depressional Vegetated, Non-woody Slope","level1_summary":"Non-Tidal","program_id":"russian_river","program":"Russian River","resolution":7,"stations":[]}},{"type":"Feature","geometry":{"type":"Polygon","coordinates":[[[-123.07972759917182,39.001531010596885],[-123.07224618340572,39.01323814499849],[-123.08119926160809,39.0235553557151],[-123.09763359703783,39.02216432733041],[-123.10511146805459,39.010457239245554],[-123.0961585492931,39.00014113312082],[-123.07972759917182,39.001531010596885]]]},"properties":{"h3_index":"87283179cffffff","station_count":43,"polygon_count":43,"coverage_type":"area","wetland_summary":"Non-woody Slope, Depressional Vegetated, Seep/Spring","level1_summary":"Non-Tidal","program_id":"russian_river","program":"Russian River","resolution":7,"stations":[]}},{"type":"Feature","geometry":{"type":"Polygon","coordinates":[[[-123.10511146805459,39.010457239245554],[-123.09763359703783,39.02216432733041],[-123.10658852135914,39.0324776626437],[-123.12302115408394,39.03108280549192],[-123.1304954773757,39.01937576561546],[-123.12154071656893,39.00906353457435],[-123.10511146805459,39.010457239245554]]]},"properties":{"h3_index":"87283179dffffff","station_count":183,"polygon_count":183,"coverage_type":"area","wetland_summary":"Channel Vegetated, Channel Vegetated Woody, Channel","level1_summary":"Non-Tidal","program_id":"russian_river","program":"Russian River","resolution":7,"stations":[]}},{"type":"Feature","geometry":{"type":"Polygon","coordinates":[[[-123.05581015174462,39.01462534407175],[-123.04832381141384,39.02633090251602],[-123.05727704528496,39.03664921747593],[-123.07371646472164,39.0352608696406],[-123.08119926160809,39.0235553557151],[-123.07224618340572,39.01323814499849],[-123.05581015174462,39.01462534407175]]]},"properties":{"h3_index":"87283179effffff","station_count":41,"polygon_count":41,"coverage_type":"area","wetland_summary":"Non-woody Slope, Depressional Vegetated, Seep/Spring","level1_summary":"Non-Tidal","program_id":"russian_river","program":"Russian River","resolution":7,"stations":[]}},{"type":"Feature","geometry":{"type":"Polygon","coordinates":[[[-123.12309268402382,38.90922752479268],[-123.11562524227331,38.9209426243515],[-123.12457198736479,38.93126592194088],[-123.14098600905817,38.929873012562346],[-123.14844990849353,38.918157962619475],[-123.13950332944842,38.907835772331154],[-123.12309268402382,38.90922752479268]]]},"properties":{"h3_index":"8728317a0ffffff","station_count":5,"polygon_count":5,"coverage_type":"area","wetland_summary":"Depressional Vegetated, Non-woody Slope, Seep/Spring","level1_summary":"Non-Tidal","program_id":"russian_river","program":"Russian River","resolution":7,"stations":[]}},{"type":"Feature","geometry":{"type":"Polygon","coordinates":[[[-123.14844990849353,38.918157962619475],[-123.14098600905817,38.929873012562346],[-123.14993459040048,38.94019244039705],[-123.16634690196815,38.93879571120304],[-123.17380725612911,38.92708071277143],[-123.16485884489371,38.916762391914354],[-123.14844990849353,38.918157962619475]]]},"properties":{"h3_index":"8728317a1ffffff","station_count":9,"polygon_count":9,"coverage_type":"area","wetland_summary":"Depressional Vegetated, Depressional Open Water, Non-woody Slope","level1_summary":"Non-Tidal","program_id":"russian_river","program":"Russian River","resolution":7,"stations":[]}},{"type":"Feature","geometry":{"type":"Polygon","coordinates":[[[-123.09920951690395,38.92233171337031],[-123.09173715879191,38.934045254642136],[-123.1006840661742,38.94436965918112],[-123.11710317027689,38.9429794153908],[-123.12457198736479,38.93126592194088],[-123.11562524227331,38.9209426243515],[-123.09920951690395,38.92233171337031]]]},"properties":{"h3_index":"8728317a2ffffff","station_count":28,"polygon_count":28,"coverage_type":"area","wetland_summary":"Non-woody Slope, Depressional Vegetated, Depressional Open Water","level1_summary":"Non-Tidal","program_id":"russian_river","program":"Russian River","resolution":7,"stations":[]}},{"type":"Feature","geometry":{"type":"Polygon","coordinates":[[[-123.12457198736479,38.93126592194088],[-123.11710317027689,38.9429794153908],[-123.1260519179732,38.95329994985388],[-123.14246931730169,38.95190588413058],[-123.14993459040048,38.94019244039705],[-123.14098600905817,38.929873012562346],[-123.12457198736479,38.93126592194088]]]},"properties":{"h3_index":"8728317a3ffffff","station_count":11,"polygon_count":11,"coverage_type":"area","wetland_summary":"Depressional Vegetated, Non-woody Slope, Depressional Open Water","level1_summary":"Non-Tidal","program_id":"russian_river","program":"Russian River","resolution":7,"stations":[]}},{"type":"Feature","geometry":{"type":"Polygon","coordinates":[[[-123.12161400755356,38.88718476367677],[-123.1141479406555,38.89890146642402],[-123.12309268402382,38.90922752479268],[-123.13950332944842,38.907835772331154],[-123.14696585570412,38.89611911909765],[-123.13802127807486,38.885794168703946],[-123.12161400755356,38.88718476367677]]]},"properties":{"h3_index":"8728317a4ffffff","station_count":16,"polygon_count":16,"coverage_type":"area","wetland_summary":"Depressional Vegetated, Non-woody Slope, Seep/Spring","level1_summary":"Non-Tidal","program_id":"russian_river","program":"Russian River","resolution":7,"stations":[]}},{"type":"Feature","geometry":{"type":"Polygon","coordinates":[[[-123.14696585570412,38.89611911909765],[-123.13950332944842,38.907835772331154],[-123.14844990849353,38.918157962619475],[-123.16485884489371,38.916762391914354],[-123.17231782754949,38.90504579009054],[-123.16337141830141,38.89472470745399],[-123.14696585570412,38.89611911909765]]]},"properties":{"h3_index":"8728317a5ffffff","station_count":13,"polygon_count":13,"coverage_type":"area","wetland_summary":"Depressional Vegetated, Seep/Spring, Non-woody Slope","level1_summary":"Non-Tidal","program_id":"russian_river","program":"Russian River","resolution":7,"stations":[]}},{"type":"Feature","geometry":{"type":"Polygon","coordinates":[[[-123.09773559265227,38.900289400099986],[-123.09026461154993,38.91200454737961],[-123.09920951690395,38.92233171337031],[-123.11562524227331,38.9209426243515],[-123.12309268402382,38.90922752479268],[-123.1141479406555,38.89890146642402],[-123.09773559265227,38.900289400099986]]]},"properties":{"h3_index":"8728317a6ffffff","station_count":16,"polygon_count":16,"coverage_type":"area","wetland_summary":"Depressional Vegetated, Depressional Open Water, Seep/Spring","level1_summary":"Non-Tidal","program_id":"russian_river","program":"Russian River","resolution":7,"stations":[]}},{"type":"Feature","geometry":{"type":"Polygon","coordinates":[[[-123.17529731607243,38.949111267935095],[-123.16783558992364,38.96082466005756],[-123.176788007779,38.971137450322914],[-123.1932019781997,38.96973574237896],[-123.20066015444185,38.958022403762456],[-123.19170791106653,38.94771071947556],[-123.17529731607243,38.949111267935095]]]},"properties":{"h3_index":"8728317a8ffffff","station_count":27,"polygon_count":27,"coverage_type":"area","wetland_summary":"Channel Vegetated Woody, Depressional Vegetated, Channel","level1_summary":"Non-Tidal","program_id":"russian_river","program":"Russian River","resolution":7,"stations":[]}},{"type":"Feature","geometry":{"type":"Polygon","coordinates":[[[-123.20066015444185,38.958022403762456],[-123.1932019781997,38.96973574237896],[-123.20215622589566,38.980044658533345],[-123.21856847218666,38.978639130312985],[-123.22602309556957,38.96692584709761],[-123.21706902641647,38.95661803659292],[-123.20066015444185,38.958022403762456]]]},"properties":{"h3_index":"8728317a9ffffff","station_count":19,"polygon_count":19,"coverage_type":"area","wetland_summary":"Depressional Vegetated, Depressional Open Water, Non-woody Slope","level1_summary":"Non-Tidal","program_id":"russian_river","program":"Russian River","resolution":7,"stations":[]}},{"type":"Feature","geometry":{"type":"Polygon","coordinates":[[[-123.15141990182312,38.96222254716729],[-123.1439532545769,38.973934381776175],[-123.15290584315991,38.984248277674496],[-123.16932490915947,38.982849233222716],[-123.176788007779,38.971137450322914],[-123.16783558992364,38.96082466005756],[-123.15141990182312,38.96222254716729]]]},"properties":{"h3_index":"8728317aaffffff","station_count":51,"polygon_count":51,"coverage_type":"area","wetland_summary":"Channel Vegetated Woody, Channel, Channel Vegetated","level1_summary":"Non-Tidal","program_id":"russian_river","program":"Russian River","resolution":7,"stations":[]}},{"type":"Feature","geometry":{"type":"Polygon","coordinates":[[[-123.176788007779,38.971137450322914],[-123.16932490915947,38.982849233222716],[-123.17827933164861,38.99315925468362],[-123.19469667886119,38.99175638782978],[-123.20215622589566,38.980044658533345],[-123.1932019781997,38.96973574237896],[-123.176788007779,38.971137450322914]]]},"properties":{"h3_index":"8728317abffffff","station_count":12,"polygon_count":12,"coverage_type":"area","wetland_summary":"Depressional Vegetated, Depressional Open Water, Seep/Spring","level1_summary":"Non-Tidal","program_id":"russian_river","program":"Russian River","resolution":7,"stations":[]}},{"type":"Feature","geometry":{"type":"Polygon","coordinates":[[[-123.17380725612911,38.92708071277143],[-123.16634690196815,38.93879571120304],[-123.17529731607243,38.949111267935095],[-123.19170791106653,38.94771071947556],[-123.19916471699808,38.935995774450774],[-123.19021447706105,38.92568132437035],[-123.17380725612911,38.92708071277143]]]},"properties":{"h3_index":"8728317acffffff","station_count":19,"polygon_count":19,"coverage_type":"area","wetland_summary":"Depressional Vegetated, Depressional Open Water, Non-woody Slope","level1_summary":"Non-Tidal","program_id":"russian_river","program":"Russian River","resolution":7,"stations":[]}},{"type":"Feature","geometry":{"type":"Polygon","coordinates":[[[-123.19916471699808,38.935995774450774],[-123.19170791106653,38.94771071947556],[-123.20066015444185,38.958022403762456],[-123.21706902641647,38.95661803659292],[-123.22452228116767,38.944903146870764],[-123.2155702160198,38.93459256890699],[-123.19916471699808,38.935995774450774]]]},"properties":{"h3_index":"8728317adffffff","station_count":6,"polygon_count":6,"coverage_type":"area","wetland_summary":"Seep/Spring, Non-woody Slope, Depressional Vegetated","level1_summary":"Non-Tidal","program_id":"russian_river","program":"Russian River","resolution":7,"stations":[]}},{"type":"Feature","geometry":{"type":"Polygon","coordinates":[[[-123.14993459040048,38.94019244039705],[-123.14246931730169,38.95190588413058],[-123.15141990182312,38.96222254716729],[-123.16783558992364,38.96082466005756],[-123.17529731607243,38.949111267935095],[-123.16634690196815,38.93879571120304],[-123.14993459040048,38.94019244039705]]]},"properties":{"h3_index":"8728317aeffffff","station_count":61,"polygon_count":61,"coverage_type":"area","wetland_summary":"Channel Vegetated Woody, Depressional Vegetated, Channel","level1_summary":"Non-Tidal","program_id":"russian_river","program":"Russian River","resolution":7,"stations":[]}},{"type":"Feature","geometry":{"type":"Polygon","coordinates":[[[-123.04994879850686,38.92648600100697],[-123.04246798641977,38.93819802351385],[-123.05141320446556,38.94852740368666],[-123.06783908103566,38.947143654331256],[-123.07531635637065,38.9354316759586],[-123.06637129278913,38.92510340269959],[-123.04994879850686,38.92648600100697]]]},"properties":{"h3_index":"8728317b0ffffff","station_count":184,"polygon_count":184,"coverage_type":"area","wetland_summary":"Channel Vegetated, Channel, Channel Vegetated Woody","level1_summary":"Non-Tidal","program_id":"russian_river","program":"Russian River","resolution":7,"stations":[]}},{"type":"Feature","geometry":{"type":"Polygon","coordinates":[[[-123.07531635637065,38.9354316759586],[-123.06783908103566,38.947143654331256],[-123.07678614694824,38.95746916546761],[-123.0932103305661,38.9560815915262],[-123.1006840661742,38.94436965918112],[-123.09173715879191,38.934045254642136],[-123.07531635637065,38.9354316759586]]]},"properties":{"h3_index":"8728317b1ffffff","station_count":141,"polygon_count":141,"coverage_type":"area","wetland_summary":"Channel Vegetated, Channel Vegetated Woody, Woody Slope","level1_summary":"Non-Tidal","program_id":"russian_river","program":"Russian River","resolution":7,"stations":[]}},{"type":"Feature","geometry":{"type":"Polygon","coordinates":[[[-123.02604042336091,38.939577947751445],[-123.01855469450405,38.95128840095348],[-123.02750006324604,38.96161888768484],[-123.04393101105154,38.96023781454821],[-123.05141320446556,38.94852740368666],[-123.04246798641977,38.93819802351385],[-123.02604042336091,38.939577947751445]]]},"properties":{"h3_index":"8728317b2ffffff","station_count":17,"polygon_count":17,"coverage_type":"area","wetland_summary":"Depressional Vegetated, Depressional Open Water, Channel","level1_summary":"Non-Tidal","program_id":"russian_river","program":"Russian River","resolution":7,"stations":[]}},{"type":"Feature","geometry":{"type":"Polygon","coordinates":[[[-123.05141320446556,38.94852740368666],[-123.04393101105154,38.96023781454821],[-123.05287823172901,38.9705644319289],[-123.0693074919576,38.96917953209614],[-123.07678614694824,38.95746916546761],[-123.06783908103566,38.947143654331256],[-123.05141320446556,38.94852740368666]]]},"properties":{"h3_index":"8728317b3ffffff","station_count":58,"polygon_count":58,"coverage_type":"area","wetland_summary":"Depressional Vegetated, Depressional Open Water, Non-woody Slope","level1_summary":"Non-Tidal","program_id":"russian_river","program":"Russian River","resolution":7,"stations":[]}},{"type":"Feature","geometry":{"type":"Polygon","coordinates":[[[-123.04848501345964,38.90444022915615],[-123.04100558221057,38.91615386038923],[-123.04994879850686,38.92648600100697],[-123.06637129278913,38.92510340269959],[-123.07384718895626,38.91338981550011],[-123.06490412682402,38.903058782466886],[-123.04848501345964,38.90444022915615]]]},"properties":{"h3_index":"8728317b4ffffff","station_count":190,"polygon_count":190,"coverage_type":"area","wetland_summary":"Channel Vegetated Woody, Channel Vegetated, Channel","level1_summary":"Non-Tidal","program_id":"russian_river","program":"Russian River","resolution":7,"stations":[]}},{"type":"Feature","geometry":{"type":"Polygon","coordinates":[[[-123.07384718895626,38.91338981550011],[-123.06637129278913,38.92510340269959],[-123.07531635637065,38.9354316759586],[-123.09173715879191,38.934045254642136],[-123.09920951690395,38.92233171337031],[-123.09026461154993,38.91200454737961],[-123.07384718895626,38.91338981550011]]]},"properties":{"h3_index":"8728317b5ffffff","station_count":20,"polygon_count":20,"coverage_type":"area","wetland_summary":"Depressional Vegetated, Non-woody Slope, Seep/Spring","level1_summary":"Non-Tidal","program_id":"russian_river","program":"Russian River","resolution":7,"stations":[]}},{"type":"Feature","geometry":{"type":"Polygon","coordinates":[[[-123.02458140252674,38.917532635158025],[-123.01709705666647,38.92924469990596],[-123.02604042336091,38.939577947751445],[-123.04246798641977,38.93819802351385],[-123.04994879850686,38.92648600100697],[-123.04100558221057,38.91615386038923],[-123.02458140252674,38.917532635158025]]]},"properties":{"h3_index":"8728317b6ffffff","station_count":74,"polygon_count":74,"coverage_type":"area","wetland_summary":"Channel Vegetated Woody, Channel, Depressional Vegetated","level1_summary":"Non-Tidal","program_id":"russian_river","program":"Russian River","resolution":7,"stations":[]}},{"type":"Feature","geometry":{"type":"Polygon","coordinates":[[[-123.0610894667558,38.34782769099702],[-123.05365275353559,38.35958203010625],[-123.06254789317802,38.36997745863523],[-123.07887959245701,38.368617423121954],[-123.08631280775954,38.35686312862838],[-123.07741782258653,38.34646882492525],[-123.0610894667558,38.34782769099702]]]},"properties":{"h3_index":"872831c00ffffff","station_count":125,"polygon_count":125,"coverage_type":"area","wetland_summary":"Tidal Marsh Panne, Tidal Vegetated Woody, Tidal Vegetated","level1_summary":"Tidal, Non-Tidal","program_id":"russian_river","program":"Russian River","resolution":7,"stations":[]}},{"type":"Feature","geometry":{"type":"Polygon","coordinates":[[[-123.03731938409031,38.36093828440076],[-123.02987780930789,38.372691134403844],[-123.03877309971676,38.38308768736853],[-123.05510981502874,38.38173026578739],[-123.06254789317802,38.36997745863523],[-123.05365275353559,38.35958203010625],[-123.03731938409031,38.36093828440076]]]},"properties":{"h3_index":"872831c02ffffff","station_count":13,"polygon_count":13,"coverage_type":"area","wetland_summary":"Seep/Spring, Non-woody Slope, Depressional Vegetated","level1_summary":"Non-Tidal","program_id":"russian_river","program":"Russian River","resolution":7,"stations":[]}},{"type":"Feature","geometry":{"type":"Polygon","coordinates":[[[-123.06254789317802,38.36997745863523],[-123.05510981502874,38.38173026578739],[-123.06400693483356,38.392122992772215],[-123.08034197890791,38.39076178837434],[-123.0877765574958,38.37900902598344],[-123.07887959245701,38.368617423121954],[-123.06254789317802,38.36997745863523]]]},"properties":{"h3_index":"872831c03ffffff","station_count":88,"polygon_count":88,"coverage_type":"area","wetland_summary":"Non-woody Slope, Woody Slope, Seep/Spring","level1_summary":"Non-Tidal, Tidal","program_id":"russian_river","program":"Russian River","resolution":7,"stations":[]}},{"type":"Feature","geometry":{"type":"Polygon","coordinates":[[[-123.05963165517973,38.325673695308986],[-123.05219630640845,38.337429563370534],[-123.0610894667558,38.34782769099702],[-123.07741782258653,38.34646882492525],[-123.08484967508265,38.33471300133205],[-123.07595666890845,38.3243159992351],[-123.05963165517973,38.325673695308986]]]},"properties":{"h3_index":"872831c04ffffff","station_count":53,"polygon_count":53,"coverage_type":"area","wetland_summary":"Tidal Vegetated Woody, Tidal Vegetated, Estuarine and Marine Beach","level1_summary":"Tidal, Non-Tidal","program_id":"russian_river","program":"Russian River","resolution":7,"stations":[]}},{"type":"Feature","geometry":{"type":"Polygon","coordinates":[[[-123.03586628148196,38.33878464982233],[-123.02842607327064,38.3505390316363],[-123.03731938409031,38.36093828440076],[-123.05365275353559,38.35958203010625],[-123.0610894667558,38.34782769099702],[-123.05219630640845,38.337429563370534],[-123.03586628148196,38.33878464982233]]]},"properties":{"h3_index":"872831c06ffffff","station_count":273,"polygon_count":273,"coverage_type":"area","wetland_summary":"Tidal Vegetated, Channel Vegetated, Non-woody Slope","level1_summary":"Non-Tidal, Tidal","program_id":"russian_river","program":"Russian River","resolution":7,"stations":[]}},{"type":"Feature","geometry":{"type":"Polygon","coordinates":[[[-123.08924092467997,38.40115068795023],[-123.08180498232748,38.41290191523873],[-123.09070590970089,38.42328810908889],[-123.10704262124773,38.42192195243623],[-123.11447505946822,38.41017077196264],[-123.10557429115981,38.39978570121937],[-123.08924092467997,38.40115068795023]]]},"properties":{"h3_index":"872831c0affffff","station_count":30,"polygon_count":30,"coverage_type":"area","wetland_summary":"Non-woody Slope, Seep/Spring, Depressional Vegetated","level1_summary":"Non-Tidal, Tidal","program_id":"russian_river","program":"Russian River","resolution":7,"stations":[]}},{"type":"Feature","geometry":{"type":"Polygon","coordinates":[[[-123.11447505946822,38.41017077196264],[-123.10704262124773,38.42192195243623],[-123.11594537172631,38.43230431571792],[-123.13228039824354,38.43093437562919],[-123.1397093294102,38.41918324388063],[-123.13080674199855,38.40880200338817],[-123.11447505946822,38.41017077196264]]]},"properties":{"h3_index":"872831c0bffffff","station_count":11,"polygon_count":11,"coverage_type":"area","wetland_summary":"Estuarine and Marine Beach, Rocky Shore, Non-woody Slope","level1_summary":"Tidal, Non-Tidal","program_id":"russian_river","program":"Russian River","resolution":7,"stations":[]}},{"type":"Feature","geometry":{"type":"Polygon","coordinates":[[[-123.0877765574958,38.37900902598344],[-123.08034197890791,38.39076178837434],[-123.08924092467997,38.40115068795023],[-123.10557429115981,38.39978570121937],[-123.11300536726213,38.38803298550025],[-123.10410658025562,38.37764520973281],[-123.0877765574958,38.37900902598344]]]},"properties":{"h3_index":"872831c0effffff","station_count":31,"polygon_count":31,"coverage_type":"area","wetland_summary":"Non-woody Slope, Seep/Spring, Rocky Shore","level1_summary":"Non-Tidal, Tidal","program_id":"russian_river","program":"Russian River","resolution":7,"stations":[]}},{"type":"Feature","geometry":{"type":"Polygon","coordinates":[[[-122.98830593282113,38.36499424969913],[-122.98085600323904,38.376745645150564],[-122.98974960388169,38.38714714701304],[-123.00609299193945,38.385796128964984],[-123.01353942911693,38.37404477269016],[-123.00464597153055,38.3636443951801],[-122.98830593282113,38.36499424969913]]]},"properties":{"h3_index":"872831c10ffffff","station_count":65,"polygon_count":65,"coverage_type":"area","wetland_summary":"Woody Slope, Non-woody Slope, Depressional Vegetated","level1_summary":"Non-Tidal","program_id":"russian_river","program":"Russian River","resolution":7,"stations":[]}},{"type":"Feature","geometry":{"type":"Polygon","coordinates":[[[-123.01353942911693,38.37404477269016],[-123.00609299193945,38.385796128964984],[-123.01498842940693,38.396193805974434],[-123.03133015788174,38.39483900255745],[-123.03877309971676,38.38308768736853],[-123.02987780930789,38.372691134403844],[-123.01353942911693,38.37404477269016]]]},"properties":{"h3_index":"872831c11ffffff","station_count":76,"polygon_count":76,"coverage_type":"area","wetland_summary":"Woody Slope, Non-woody Slope, Seep/Spring","level1_summary":"Non-Tidal","program_id":"russian_river","program":"Russian River","resolution":7,"stations":[]}},{"type":"Feature","geometry":{"type":"Polygon","coordinates":[[[-122.96451096196458,38.37809287736062],[-122.95705617046225,38.389842772697236],[-122.96594991044589,38.40024539851817],[-122.98229830348151,38.398897004937496],[-122.98974960388169,38.38714714701304],[-122.98085600323904,38.376745645150564],[-122.96451096196458,38.37809287736062]]]},"properties":{"h3_index":"872831c12ffffff","station_count":19,"polygon_count":19,"coverage_type":"area","wetland_summary":"Depressional Vegetated, Non-woody Slope, Depressional Open Water","level1_summary":"Non-Tidal","program_id":"russian_river","program":"Russian River","resolution":7,"stations":[]}},{"type":"Feature","geometry":{"type":"Polygon","coordinates":[[[-122.98974960388169,38.38714714701304],[-122.98229830348151,38.398897004937496],[-122.99119388429496,38.40929580560001],[-123.00754062305242,38.40794362457832],[-123.01498842940693,38.396193805974434],[-123.00609299193945,38.385796128964984],[-122.98974960388169,38.38714714701304]]]},"properties":{"h3_index":"872831c13ffffff","station_count":35,"polygon_count":35,"coverage_type":"area","wetland_summary":"Depressional Vegetated, Non-woody Slope, Depressional Open Water","level1_summary":"Non-Tidal","program_id":"russian_river","program":"Russian River","resolution":7,"stations":[]}},{"type":"Feature","geometry":{"type":"Polygon","coordinates":[[[-122.98686287072955,38.34283711910882],[-122.97941431148158,38.35459004908364],[-122.98830593282113,38.36499424969913],[-123.00464597153055,38.3636443951801],[-123.0120910400139,38.35189150423621],[-123.00319956144122,38.341488428673706],[-122.98686287072955,38.34283711910882]]]},"properties":{"h3_index":"872831c14ffffff","station_count":163,"polygon_count":163,"coverage_type":"area","wetland_summary":"Woody Slope, Channel Vegetated, Non-woody Slope","level1_summary":"Non-Tidal","program_id":"russian_river","program":"Russian River","resolution":7,"stations":[]}},{"type":"Feature","geometry":{"type":"Polygon","coordinates":[[[-123.0120910400139,38.35189150423621],[-123.00464597153055,38.3636443951801],[-123.01353942911693,38.37404477269016],[-123.02987780930789,38.372691134403844],[-123.03731938409031,38.36093828440076],[-123.02842607327064,38.3505390316363],[-123.0120910400139,38.35189150423621]]]},"properties":{"h3_index":"872831c15ffffff","station_count":256,"polygon_count":256,"coverage_type":"area","wetland_summary":"Woody Slope, Non-woody Slope, Channel Vegetated Woody","level1_summary":"Non-Tidal","program_id":"russian_river","program":"Russian River","resolution":7,"stations":[]}},{"type":"Feature","geometry":{"type":"Polygon","coordinates":[[[-122.96307262061593,38.35593611936854],[-122.95561920157115,38.36768755208756],[-122.96451096196458,38.37809287736062],[-122.98085600323904,38.376745645150564],[-122.98830593282113,38.36499424969913],[-122.97941431148158,38.35459004908364],[-122.96307262061593,38.35593611936854]]]},"properties":{"h3_index":"872831c16ffffff","station_count":41,"polygon_count":41,"coverage_type":"area","wetland_summary":"Woody Slope, Non-woody Slope, Depressional Vegetated","level1_summary":"Non-Tidal","program_id":"russian_river","program":"Russian River","resolution":7,"stations":[]}},{"type":"Feature","geometry":{"type":"Polygon","coordinates":[[[-123.04022742874741,38.405232853276914],[-123.03278311937807,38.41698263065162],[-123.0416823715687,38.427373776684256],[-123.05802578266126,38.42601402220034],[-123.06546659210994,38.41426428796365],[-123.05656749127488,38.403874264965765],[-123.04022742874741,38.405232853276914]]]},"properties":{"h3_index":"872831c18ffffff","station_count":135,"polygon_count":135,"coverage_type":"area","wetland_summary":"Woody Slope, Non-woody Slope, Depressional Vegetated","level1_summary":"Non-Tidal","program_id":"russian_river","program":"Russian River","resolution":7,"stations":[]}},{"type":"Feature","geometry":{"type":"Polygon","coordinates":[[[-123.06546659210994,38.41426428796365],[-123.05802578266126,38.42601402220034],[-123.06692686539492,38.43640133877235],[-123.08326860310436,38.435037798278536],[-123.09070590970089,38.42328810908889],[-123.08180498232748,38.41290191523873],[-123.06546659210994,38.41426428796365]]]},"properties":{"h3_index":"872831c19ffffff","station_count":161,"polygon_count":161,"coverage_type":"area","wetland_summary":"Woody Slope, Non-woody Slope, Channel Vegetated Woody","level1_summary":"Non-Tidal","program_id":"russian_river","program":"Russian River","resolution":7,"stations":[]}},{"type":"Feature","geometry":{"type":"Polygon","coordinates":[[[-123.01643804126891,38.41833859864295],[-123.00898886525428,38.43008687657738],[-123.01788826508832,38.44047914525673],[-123.0342366941831,38.439122013247996],[-123.0416823715687,38.427373776684256],[-123.03278311937807,38.41698263065162],[-123.01643804126891,38.41833859864295]]]},"properties":{"h3_index":"872831c1affffff","station_count":27,"polygon_count":27,"coverage_type":"area","wetland_summary":"Seep/Spring, Channel Vegetated Woody, Woody Slope","level1_summary":"Non-Tidal","program_id":"russian_river","program":"Russian River","resolution":7,"stations":[]}},{"type":"Feature","geometry":{"type":"Polygon","coordinates":[[[-123.0416823715687,38.427373776684256],[-123.0342366941831,38.439122013247996],[-123.04313792856743,38.44951045215606],[-123.0594846895754,38.448149532057215],[-123.06692686539492,38.43640133877235],[-123.05802578266126,38.42601402220034],[-123.0416823715687,38.427373776684256]]]},"properties":{"h3_index":"872831c1bffffff","station_count":76,"polygon_count":76,"coverage_type":"area","wetland_summary":"Woody Slope, Tidal Vegetated, Non-woody Slope","level1_summary":"Non-Tidal, Tidal","program_id":"russian_river","program":"Russian River","resolution":7,"stations":[]}},{"type":"Feature","geometry":{"type":"Polygon","coordinates":[[[-123.03877309971676,38.38308768736853],[-123.03133015788174,38.39483900255745],[-123.04022742874741,38.405232853276914],[-123.05656749127488,38.403874264965765],[-123.06400693483356,38.392122992772215],[-123.05510981502874,38.38173026578739],[-123.03877309971676,38.38308768736853]]]},"properties":{"h3_index":"872831c1cffffff","station_count":16,"polygon_count":16,"coverage_type":"area","wetland_summary":"Woody Slope, Seep/Spring, Non-woody Slope","level1_summary":"Non-Tidal","program_id":"russian_river","program":"Russian River","resolution":7,"stations":[]}},{"type":"Feature","geometry":{"type":"Polygon","coordinates":[[[-123.06400693483356,38.392122992772215],[-123.05656749127488,38.403874264965765],[-123.06546659210994,38.41426428796365],[-123.08180498232748,38.41290191523873],[-123.08924092467997,38.40115068795023],[-123.08034197890791,38.39076178837434],[-123.06400693483356,38.392122992772215]]]},"properties":{"h3_index":"872831c1dffffff","station_count":31,"polygon_count":31,"coverage_type":"area","wetland_summary":"Non-woody Slope, Seep/Spring","level1_summary":"Non-Tidal","program_id":"russian_river","program":"Russian River","resolution":7,"stations":[]}},{"type":"Feature","geometry":{"type":"Polygon","coordinates":[[[-123.01498842940693,38.396193805974434],[-123.00754062305242,38.40794362457832],[-123.01643804126891,38.41833859864295],[-123.03278311937807,38.41698263065162],[-123.04022742874741,38.405232853276914],[-123.03133015788174,38.39483900255745],[-123.01498842940693,38.396193805974434]]]},"properties":{"h3_index":"872831c1effffff","station_count":9,"polygon_count":9,"coverage_type":"area","wetland_summary":"Seep/Spring, Depressional Open Water, Depressional Vegetated","level1_summary":"Non-Tidal","program_id":"russian_river","program":"Russian River","resolution":7,"stations":[]}},{"type":"Feature","geometry":{"type":"Polygon","coordinates":[[[-123.058174458063,38.303515477029684],[-123.05074047326076,38.31527287103551],[-123.05963165517973,38.325673695308986],[-123.07595666890845,38.3243159992351],[-123.0833871590769,38.3125586495485],[-123.07449613103516,38.30215895150941],[-123.058174458063,38.303515477029684]]]},"properties":{"h3_index":"872831c22ffffff","station_count":88,"polygon_count":88,"coverage_type":"area","wetland_summary":"Tidal Vegetated Woody, Tidal Vegetated, Estuarine and Marine Beach","level1_summary":"Tidal, Non-Tidal","program_id":"russian_river","program":"Russian River","resolution":7,"stations":[]}},{"type":"Feature","geometry":{"type":"Polygon","coordinates":[[[-123.0833871590769,38.3125586495485],[-123.07595666890845,38.3243159992351],[-123.08484967508265,38.33471300133205],[-123.10117301444004,38.33335152771482],[-123.10860000705537,38.32159422425989],[-123.09970715875035,38.311198348083224],[-123.0833871590769,38.3125586495485]]]},"properties":{"h3_index":"872831c23ffffff","station_count":1,"polygon_count":1,"coverage_type":"area","wetland_summary":"Rocky Shore","level1_summary":"Tidal","program_id":"russian_river","program":"Russian River","resolution":7,"stations":[]}},{"type":"Feature","geometry":{"type":"Polygon","coordinates":[[[-123.05671787501903,38.2813530416248],[-123.04928525370626,38.29311195856358],[-123.058174458063,38.303515477029684],[-123.07449613103516,38.30215895150941],[-123.08192525935449,38.29040007873895],[-123.07303620857932,38.27999768721331],[-123.05671787501903,38.2813530416248]]]},"properties":{"h3_index":"872831c26ffffff","station_count":4,"polygon_count":4,"coverage_type":"area","wetland_summary":"Rocky Shore, Estuarine and Marine Beach","level1_summary":"Tidal","program_id":"russian_river","program":"Russian River","resolution":7,"stations":[]}},{"type":"Feature","geometry":{"type":"Polygon","coordinates":[[[-123.00919609382983,38.307572283639225],[-123.00175376128723,38.31932823490287],[-123.01064326171301,38.329734006065785],[-123.02697494938442,38.32838269970745],[-123.03441379150587,38.31662678908916],[-123.025524437264,38.30622214407703],[-123.00919609382983,38.307572283639225]]]},"properties":{"h3_index":"872831c30ffffff","station_count":45,"polygon_count":45,"coverage_type":"area","wetland_summary":"Non-woody Slope, Tidal Vegetated Woody, Depressional Vegetated","level1_summary":"Non-Tidal, Tidal","program_id":"russian_river","program":"Russian River","resolution":7,"stations":[]}},{"type":"Feature","geometry":{"type":"Polygon","coordinates":[[[-123.03441379150587,38.31662678908916],[-123.02697494938442,38.32838269970745],[-123.03586628148196,38.33878464982233],[-123.05219630640845,38.337429563370534],[-123.05963165517973,38.325673695308986],[-123.05074047326076,38.31527287103551],[-123.03441379150587,38.31662678908916]]]},"properties":{"h3_index":"872831c31ffffff","station_count":122,"polygon_count":122,"coverage_type":"area","wetland_summary":"Tidal Vegetated, Tidal Vegetated Woody, Depressional Vegetated","level1_summary":"Tidal, Non-Tidal","program_id":"russian_river","program":"Russian River","resolution":7,"stations":[]}},{"type":"Feature","geometry":{"type":"Polygon","coordinates":[[[-122.98542041722355,38.320675760699814],[-122.97797322782591,38.332430222191164],[-122.98686287072955,38.34283711910882],[-123.00319956144122,38.341488428673706],[-123.01064326171301,38.329734006065785],[-123.00175376128723,38.31932823490287],[-122.98542041722355,38.320675760699814]]]},"properties":{"h3_index":"872831c32ffffff","station_count":43,"polygon_count":43,"coverage_type":"area","wetland_summary":"Non-woody Slope, Depressional Vegetated, Depressional Open Water","level1_summary":"Non-Tidal","program_id":"russian_river","program":"Russian River","resolution":7,"stations":[]}},{"type":"Feature","geometry":{"type":"Polygon","coordinates":[[[-123.01064326171301,38.329734006065785],[-123.00319956144122,38.341488428673706],[-123.0120910400139,38.35189150423621],[-123.02842607327064,38.3505390316363],[-123.03586628148196,38.33878464982233],[-123.02697494938442,38.32838269970745],[-123.01064326171301,38.329734006065785]]]},"properties":{"h3_index":"872831c33ffffff","station_count":43,"polygon_count":43,"coverage_type":"area","wetland_summary":"Non-woody Slope, Seep/Spring, Depressional Vegetated","level1_summary":"Non-Tidal","program_id":"russian_river","program":"Russian River","resolution":7,"stations":[]}},{"type":"Feature","geometry":{"type":"Polygon","coordinates":[[[-123.00774953598024,38.285406342424054],[-123.0003085706847,38.29716381933178],[-123.00919609382983,38.307572283639225],[-123.025524437264,38.30622214407703],[-123.03296191377657,38.29446470766426],[-123.0240745365244,38.28405737021194],[-123.00774953598024,38.285406342424054]]]},"properties":{"h3_index":"872831c34ffffff","station_count":19,"polygon_count":19,"coverage_type":"area","wetland_summary":"Rocky Shore, Depressional Vegetated, Estuarine and Marine Beach","level1_summary":"Tidal, Non-Tidal","program_id":"russian_river","program":"Russian River","resolution":7,"stations":[]}},{"type":"Feature","geometry":{"type":"Polygon","coordinates":[[[-123.03296191377657,38.29446470766426],[-123.025524437264,38.30622214407703],[-123.03441379150587,38.31662678908916],[-123.05074047326076,38.31527287103551],[-123.058174458063,38.303515477029684],[-123.04928525370626,38.29311195856358],[-123.03296191377657,38.29446470766426]]]},"properties":{"h3_index":"872831c35ffffff","station_count":203,"polygon_count":203,"coverage_type":"area","wetland_summary":"Tidal Vegetated, Tidal Vegetated Woody, Estuarine and Marine Beach","level1_summary":"Tidal","program_id":"russian_river","program":"Russian River","resolution":7,"stations":[]}},{"type":"Feature","geometry":{"type":"Polygon","coordinates":[[[-122.98397857192003,38.298510179936905],[-122.97653275188927,38.31026616993467],[-122.98542041722355,38.320675760699814],[-123.00175376128723,38.31932823490287],[-123.00919609382983,38.307572283639225],[-123.0003085706847,38.29716381933178],[-122.98397857192003,38.298510179936905]]]},"properties":{"h3_index":"872831c36ffffff","station_count":95,"polygon_count":95,"coverage_type":"area","wetland_summary":"Non-woody Slope, Tidal Vegetated, Tidal Vegetated Woody","level1_summary":"Tidal, Non-Tidal","program_id":"russian_river","program":"Russian River","resolution":7,"stations":[]}},{"type":"Feature","geometry":{"type":"Polygon","coordinates":[[[-123.14118496839188,38.44131290692712],[-123.13375467627792,38.453062500294756],[-123.14266123003205,38.46343831996728],[-123.1589979094114,38.462063424396156],[-123.16642468990302,38.45031388180391],[-123.15751830352245,38.43993918389961],[-123.14118496839188,38.44131290692712]]]},"properties":{"h3_index":"872831c52ffffff","station_count":29,"polygon_count":29,"coverage_type":"area","wetland_summary":"Rocky Shore, Non-woody Slope, Estuarine and Marine Beach","level1_summary":"Tidal, Non-Tidal","program_id":"russian_river","program":"Russian River","resolution":7,"stations":[]}},{"type":"Feature","geometry":{"type":"Polygon","coordinates":[[[-123.1931514444163,38.48142487738285],[-123.18572682034304,38.493172825643356],[-123.19463898985101,38.50353825617365],[-123.21097560862377,38.502154617915586],[-123.21839671359292,38.49040672438737],[-123.20948471977697,38.48004241427684],[-123.1931514444163,38.48142487738285]]]},"properties":{"h3_index":"872831c5affffff","station_count":1,"polygon_count":1,"coverage_type":"area","wetland_summary":"Estuarine and Marine Beach","level1_summary":"Tidal","program_id":"russian_river","program":"Russian River","resolution":7,"stations":[]}},{"type":"Feature","geometry":{"type":"Polygon","coordinates":[[[-123.21839671359292,38.49040672438737],[-123.21097560862377,38.502154617915586],[-123.21988958860227,38.512516208808535],[-123.23622449473422,38.51112878597334],[-123.24364207769045,38.499380949087026],[-123.23472827741038,38.48902047828574],[-123.21839671359292,38.49040672438737]]]},"properties":{"h3_index":"872831c5bffffff","station_count":7,"polygon_count":7,"coverage_type":"area","wetland_summary":"Woody Slope, Estuarine and Marine Beach, Rocky Shore","level1_summary":"Tidal, Non-Tidal","program_id":"russian_river","program":"Russian River","resolution":7,"stations":[]}},{"type":"Feature","geometry":{"type":"Polygon","coordinates":[[[-122.8944916417789,38.43951532762946],[-122.88702088031725,38.4512591459336],[-122.8959169972921,38.46166243727478],[-122.91228374817639,38.4603207881277],[-122.91975102084105,38.44857700208017],[-122.91085503231358,38.43817483281697],[-122.8944916417789,38.43951532762946]]]},"properties":{"h3_index":"872831c80ffffff","station_count":200,"polygon_count":200,"coverage_type":"area","wetland_summary":"Woody Slope, Depressional Vegetated, Non-woody Slope","level1_summary":"Non-Tidal","program_id":"russian_river","program":"Russian River","resolution":7,"stations":[]}},{"type":"Feature","geometry":{"type":"Polygon","coordinates":[[[-122.91975102084105,38.44857700208017],[-122.91228374817639,38.4603207881277],[-122.92118171859977,38.47072025166191],[-122.93754683011953,38.46937480726315],[-122.94501061102511,38.457631055377334],[-122.93611277306438,38.44723271362225],[-122.91975102084105,38.44857700208017]]]},"properties":{"h3_index":"872831c81ffffff","station_count":61,"polygon_count":61,"coverage_type":"area","wetland_summary":"Woody Slope, Non-woody Slope, Depressional Vegetated","level1_summary":"Non-Tidal","program_id":"russian_river","program":"Russian River","resolution":7,"stations":[]}},{"type":"Feature","geometry":{"type":"Polygon","coordinates":[[[-122.87065249646133,38.45259699937107],[-122.86317686771807,38.464339296215925],[-122.8720731094036,38.47474370923933],[-122.88844485601825,38.47340470362968],[-122.8959169972921,38.46166243727478],[-122.88702088031725,38.4512591459336],[-122.87065249646133,38.45259699937107]]]},"properties":{"h3_index":"872831c82ffffff","station_count":152,"polygon_count":152,"coverage_type":"area","wetland_summary":"Woody Slope, Non-woody Slope, Depressional Vegetated","level1_summary":"Non-Tidal","program_id":"russian_river","program":"Russian River","resolution":7,"stations":[]}},{"type":"Feature","geometry":{"type":"Polygon","coordinates":[[[-122.8959169972921,38.46166243727478],[-122.88844485601825,38.47340470362968],[-122.89734295517017,38.48380528854946],[-122.9137130677631,38.48246248562261],[-122.92118171859977,38.47072025166191],[-122.91228374817639,38.4603207881277],[-122.8959169972921,38.46166243727478]]]},"properties":{"h3_index":"872831c83ffffff","station_count":182,"polygon_count":182,"coverage_type":"area","wetland_summary":"Woody Slope, Depressional Vegetated, Non-woody Slope","level1_summary":"Non-Tidal","program_id":"russian_river","program":"Russian River","resolution":7,"stations":[]}},{"type":"Feature","geometry":{"type":"Polygon","coordinates":[[[-122.89306688825081,38.417363965046164],[-122.8855975061116,38.42910933230519],[-122.8944916417789,38.43951532762946],[-122.91085503231358,38.43817483281697],[-122.9183209272948,38.42642949767513],[-122.909426919794,38.41602462512249],[-122.89306688825081,38.417363965046164]]]},"properties":{"h3_index":"872831c84ffffff","station_count":42,"polygon_count":42,"coverage_type":"area","wetland_summary":"Woody Slope, Depressional Vegetated, Depressional Open Water","level1_summary":"Non-Tidal","program_id":"russian_river","program":"Russian River","resolution":7,"stations":[]}},{"type":"Feature","geometry":{"type":"Polygon","coordinates":[[[-122.9183209272948,38.42642949767513],[-122.91085503231358,38.43817483281697],[-122.91975102084105,38.44857700208017],[-122.93611277306438,38.44723271362225],[-122.94357517792723,38.43548741250336],[-122.93467932157898,38.42508636571316],[-122.9183209272948,38.42642949767513]]]},"properties":{"h3_index":"872831c85ffffff","station_count":30,"polygon_count":30,"coverage_type":"area","wetland_summary":"Woody Slope, Depressional Vegetated, Depressional Open Water","level1_summary":"Non-Tidal","program_id":"russian_river","program":"Russian River","resolution":7,"stations":[]}},{"type":"Feature","geometry":{"type":"Polygon","coordinates":[[[-122.86923248365457,38.430446033016615],[-122.86175823636198,38.44218988167242],[-122.87065249646133,38.45259699937107],[-122.88702088031725,38.4512591459336],[-122.8944916417789,38.43951532762946],[-122.8855975061116,38.42910933230519],[-122.86923248365457,38.430446033016615]]]},"properties":{"h3_index":"872831c86ffffff","station_count":404,"polygon_count":404,"coverage_type":"area","wetland_summary":"Woody Slope, Non-woody Slope, Depressional Vegetated","level1_summary":"Non-Tidal","program_id":"russian_river","program":"Russian River","resolution":7,"stations":[]}},{"type":"Feature","geometry":{"type":"Polygon","coordinates":[[[-122.94644665056228,38.47977044154626],[-122.9389814931265,38.491512641208274],[-122.9478832969213,38.50190556558645],[-122.96425012228178,38.50055516941132],[-122.97171178335697,38.48881300595272],[-122.9628101163263,38.47842120235936],[-122.94644665056228,38.47977044154626]]]},"properties":{"h3_index":"872831c88ffffff","station_count":51,"polygon_count":51,"coverage_type":"area","wetland_summary":"Woody Slope, Non-woody Slope, Depressional Vegetated","level1_summary":"Non-Tidal","program_id":"russian_river","program":"Russian River","resolution":7,"stations":[]}},{"type":"Feature","geometry":{"type":"Polygon","coordinates":[[[-122.97171178335697,38.48881300595272],[-122.96425012228178,38.50055516941132],[-122.97315377324853,38.510944261362376],[-122.98951894540187,38.509590069267524],[-122.99697710716072,38.49784794391731],[-122.98807359697578,38.487459972446906],[-122.97171178335697,38.48881300595272]]]},"properties":{"h3_index":"872831c89ffffff","station_count":250,"polygon_count":250,"coverage_type":"area","wetland_summary":"Woody Slope, Non-woody Slope, Channel Vegetated Woody","level1_summary":"Non-Tidal","program_id":"russian_river","program":"Russian River","resolution":7,"stations":[]}},{"type":"Feature","geometry":{"type":"Polygon","coordinates":[[[-122.92261302095224,38.492859240992175],[-122.91514299145472,38.50459991987675],[-122.9240449282799,38.51499396464988],[-122.9404167624676,38.51364621003713],[-122.9478832969213,38.50190556558645],[-122.9389814931265,38.491512641208274],[-122.92261302095224,38.492859240992175]]]},"properties":{"h3_index":"872831c8affffff","station_count":206,"polygon_count":206,"coverage_type":"area","wetland_summary":"Woody Slope, Channel Vegetated, Channel Vegetated Woody","level1_summary":"Non-Tidal","program_id":"russian_river","program":"Russian River","resolution":7,"stations":[]}},{"type":"Feature","geometry":{"type":"Polygon","coordinates":[[[-122.9478832969213,38.50190556558645],[-122.9404167624676,38.51364621003713],[-122.94932055048506,38.524036422081245],[-122.96569073680004,38.5226848694751],[-122.97315377324853,38.510944261362376],[-122.96425012228178,38.50055516941132],[-122.9478832969213,38.50190556558645]]]},"properties":{"h3_index":"872831c8bffffff","station_count":259,"polygon_count":259,"coverage_type":"area","wetland_summary":"Woody Slope, Channel Vegetated, Channel Vegetated Woody","level1_summary":"Non-Tidal","program_id":"russian_river","program":"Russian River","resolution":7,"stations":[]}},{"type":"Feature","geometry":{"type":"Polygon","coordinates":[[[-122.94501061102511,38.457631055377334],[-122.93754683011953,38.46937480726315],[-122.94644665056228,38.47977044154626],[-122.9628101163263,38.47842120235936],[-122.97027040251473,38.46667748654063],[-122.96137071854983,38.45628297373524],[-122.94501061102511,38.457631055377334]]]},"properties":{"h3_index":"872831c8cffffff","station_count":18,"polygon_count":18,"coverage_type":"area","wetland_summary":"Woody Slope, Channel Vegetated, Channel Vegetated Woody","level1_summary":"Non-Tidal","program_id":"russian_river","program":"Russian River","resolution":7,"stations":[]}},{"type":"Feature","geometry":{"type":"Polygon","coordinates":[[[-122.97027040251473,38.46667748654063],[-122.9628101163263,38.47842120235936],[-122.97171178335697,38.48881300595272],[-122.98807359697578,38.487459972446906],[-122.99553038549301,38.47571629460086],[-122.98662885895534,38.46532561218132],[-122.97027040251473,38.46667748654063]]]},"properties":{"h3_index":"872831c8dffffff","station_count":72,"polygon_count":72,"coverage_type":"area","wetland_summary":"Woody Slope, Channel Vegetated, Non-woody Slope","level1_summary":"Non-Tidal","program_id":"russian_river","program":"Russian River","resolution":7,"stations":[]}},{"type":"Feature","geometry":{"type":"Polygon","coordinates":[[[-122.92118171859977,38.47072025166191],[-122.9137130677631,38.48246248562261],[-122.92261302095224,38.492859240992175],[-122.9389814931265,38.491512641208274],[-122.94644665056228,38.47977044154626],[-122.93754683011953,38.46937480726315],[-122.92118171859977,38.47072025166191]]]},"properties":{"h3_index":"872831c8effffff","station_count":50,"polygon_count":50,"coverage_type":"area","wetland_summary":"Woody Slope, Channel Vegetated, Channel Vegetated Woody","level1_summary":"Non-Tidal","program_id":"russian_river","program":"Russian River","resolution":7,"stations":[]}},{"type":"Feature","geometry":{"type":"Polygon","coordinates":[[[-122.82153411722771,38.45659767399626],[-122.81405013724854,38.468338471580324],[-122.82294463498951,38.47874783283273],[-122.83932299665956,38.477415274817986],[-122.84680349348034,38.465674504053844],[-122.83790911268817,38.45526626437887],[-122.82153411722771,38.45659767399626]]]},"properties":{"h3_index":"872831c90ffffff","station_count":367,"polygon_count":367,"coverage_type":"area","wetland_summary":"Woody Slope, Non-woody Slope, Depressional Vegetated","level1_summary":"Non-Tidal","program_id":"russian_river","program":"Russian River","resolution":7,"stations":[]}},{"type":"Feature","geometry":{"type":"Polygon","coordinates":[[[-122.84680349348034,38.465674504053844],[-122.83932299665956,38.477415274817986],[-122.84821935931433,38.487820809126944],[-122.86459609871854,38.4864844512804],[-122.8720731094036,38.47474370923933],[-122.86317686771807,38.464339296215925],[-122.84680349348034,38.465674504053844]]]},"properties":{"h3_index":"872831c91ffffff","station_count":171,"polygon_count":171,"coverage_type":"area","wetland_summary":"Woody Slope, Non-woody Slope, Depressional Vegetated","level1_summary":"Non-Tidal","program_id":"russian_river","program":"Russian River","resolution":7,"stations":[]}},{"type":"Feature","geometry":{"type":"Polygon","coordinates":[[[-122.79767015971872,38.46966722931784],[-122.79018131221704,38.481406494433664],[-122.79907592315796,38.49181697686377],[-122.81545926930065,38.49048707289486],[-122.82294463498951,38.47874783283273],[-122.81405013724854,38.468338471580324],[-122.79767015971872,38.46966722931784]]]},"properties":{"h3_index":"872831c92ffffff","station_count":38,"polygon_count":38,"coverage_type":"area","wetland_summary":"Depressional Vegetated, Woody Slope, Depressional Open Water","level1_summary":"Non-Tidal","program_id":"russian_river","program":"Russian River","resolution":7,"stations":[]}},{"type":"Feature","geometry":{"type":"Polygon","coordinates":[[[-122.82294463498951,38.47874783283273],[-122.81545926930065,38.49048707289486],[-122.82435574917842,38.50089372809196],[-122.8407374784213,38.49956002223314],[-122.84821935931433,38.487820809126944],[-122.83932299665956,38.477415274817986],[-122.82294463498951,38.47874783283273]]]},"properties":{"h3_index":"872831c93ffffff","station_count":233,"polygon_count":233,"coverage_type":"area","wetland_summary":"Woody Slope, Non-woody Slope, Channel Vegetated","level1_summary":"Non-Tidal","program_id":"russian_river","program":"Russian River","resolution":7,"stations":[]}},{"type":"Feature","geometry":{"type":"Polygon","coordinates":[[[-122.82012419551666,38.43444325701431],[-122.81264160075361,38.44618560912721],[-122.82153411722771,38.45659767399626],[-122.83790911268817,38.45526626437887],[-122.84538822592917,38.4435239389481],[-122.83649582612998,38.43311299634696],[-122.82012419551666,38.43444325701431]]]},"properties":{"h3_index":"872831c94ffffff","station_count":432,"polygon_count":432,"coverage_type":"area","wetland_summary":"Non-woody Slope, Woody Slope, Depressional Vegetated","level1_summary":"Non-Tidal","program_id":"russian_river","program":"Russian River","resolution":7,"stations":[]}},{"type":"Feature","geometry":{"type":"Polygon","coordinates":[[[-122.84538822592917,38.4435239389481],[-122.83790911268817,38.45526626437887],[-122.84680349348034,38.465674504053844],[-122.86317686771807,38.464339296215925],[-122.87065249646133,38.45259699937107],[-122.86175823636198,38.44218988167242],[-122.84538822592917,38.4435239389481]]]},"properties":{"h3_index":"872831c95ffffff","station_count":62,"polygon_count":62,"coverage_type":"area","wetland_summary":"Non-woody Slope, Woody Slope, Depressional Vegetated","level1_summary":"Non-Tidal","program_id":"russian_river","program":"Russian River","resolution":7,"stations":[]}},{"type":"Feature","geometry":{"type":"Polygon","coordinates":[[[-122.79626499047252,38.44751322008093],[-122.78877753031632,38.459254042582046],[-122.79767015971872,38.46966722931784],[-122.81405013724854,38.468338471580324],[-122.82153411722771,38.45659767399626],[-122.81264160075361,38.44618560912721],[-122.79626499047252,38.44751322008093]]]},"properties":{"h3_index":"872831c96ffffff","station_count":101,"polygon_count":101,"coverage_type":"area","wetland_summary":"Woody Slope, Vernal Pool, Depressional Vegetated","level1_summary":"Non-Tidal","program_id":"russian_river","program":"Russian River","resolution":7,"stations":[]}},{"type":"Feature","geometry":{"type":"Polygon","coordinates":[[[-122.87349432286015,38.49688615719138],[-122.86601592974196,38.50862534143914],[-122.87491613721008,38.51902433780449],[-122.89129461342505,38.517683029514615],[-122.89876951579339,38.50594387602801],[-122.88986943359424,38.4955459999641],[-122.87349432286015,38.49688615719138]]]},"properties":{"h3_index":"872831c98ffffff","station_count":1218,"polygon_count":1218,"coverage_type":"area","wetland_summary":"Channel Vegetated, Channel Vegetated Woody, Woody Slope","level1_summary":"Non-Tidal","program_id":"russian_river","program":"Russian River","resolution":7,"stations":[]}},{"type":"Feature","geometry":{"type":"Polygon","coordinates":[[[-122.89876951579339,38.50594387602801],[-122.89129461342505,38.517683029514615],[-122.90019667954212,38.52807819429205],[-122.91657351963244,38.526733085472394],[-122.9240449282799,38.51499396464988],[-122.91514299145472,38.50459991987675],[-122.89876951579339,38.50594387602801]]]},"properties":{"h3_index":"872831c99ffffff","station_count":1014,"polygon_count":1014,"coverage_type":"area","wetland_summary":"Channel Vegetated Woody, Channel Vegetated, Woody Slope","level1_summary":"Non-Tidal","program_id":"russian_river","program":"Russian River","resolution":7,"stations":[]}},{"type":"Feature","geometry":{"type":"Polygon","coordinates":[[[-122.84963582380888,38.50996284874017],[-122.84215255835088,38.52170050120039],[-122.85105288734204,38.532100617473425],[-122.86743636116712,38.53076196127268],[-122.87491613721008,38.51902433780449],[-122.86601592974196,38.50862534143914],[-122.84963582380888,38.50996284874017]]]},"properties":{"h3_index":"872831c9affffff","station_count":1118,"polygon_count":1118,"coverage_type":"area","wetland_summary":"Channel Vegetated Woody, Channel Vegetated, Woody Slope","level1_summary":"Non-Tidal","program_id":"russian_river","program":"Russian River","resolution":7,"stations":[]}},{"type":"Feature","geometry":{"type":"Polygon","coordinates":[[[-122.87491613721008,38.51902433780449],[-122.86743636116712,38.53076196127268],[-122.87633855283283,38.54115824566296],[-122.89272039589098,38.539815786866164],[-122.90019667954212,38.52807819429205],[-122.89129461342505,38.517683029514615],[-122.87491613721008,38.51902433780449]]]},"properties":{"h3_index":"872831c9bffffff","station_count":48,"polygon_count":48,"coverage_type":"area","wetland_summary":"Woody Slope, Depressional Vegetated, Channel Vegetated Woody","level1_summary":"Non-Tidal","program_id":"russian_river","program":"Russian River","resolution":7,"stations":[]}},{"type":"Feature","geometry":{"type":"Polygon","coordinates":[[[-122.8720731094036,38.47474370923933],[-122.86459609871854,38.4864844512804],[-122.87349432286015,38.49688615719138],[-122.88986943359424,38.4955459999641],[-122.89734295517017,38.48380528854946],[-122.88844485601825,38.47340470362968],[-122.8720731094036,38.47474370923933]]]},"properties":{"h3_index":"872831c9cffffff","station_count":534,"polygon_count":534,"coverage_type":"area","wetland_summary":"Channel Vegetated Woody, Channel Vegetated, Woody Slope","level1_summary":"Non-Tidal","program_id":"russian_river","program":"Russian River","resolution":7,"stations":[]}},{"type":"Feature","geometry":{"type":"Polygon","coordinates":[[[-122.89734295517017,38.48380528854946],[-122.88986943359424,38.4955459999641],[-122.89876951579339,38.50594387602801],[-122.91514299145472,38.50459991987675],[-122.92261302095224,38.492859240992175],[-122.9137130677631,38.48246248562261],[-122.89734295517017,38.48380528854946]]]},"properties":{"h3_index":"872831c9dffffff","station_count":852,"polygon_count":852,"coverage_type":"area","wetland_summary":"Channel Vegetated, Channel Vegetated Woody, Woody Slope","level1_summary":"Non-Tidal","program_id":"russian_river","program":"Russian River","resolution":7,"stations":[]}},{"type":"Feature","geometry":{"type":"Polygon","coordinates":[[[-122.84821935931433,38.487820809126944],[-122.8407374784213,38.49956002223314],[-122.84963582380888,38.50996284874017],[-122.86601592974196,38.50862534143914],[-122.87349432286015,38.49688615719138],[-122.86459609871854,38.4864844512804],[-122.84821935931433,38.487820809126944]]]},"properties":{"h3_index":"872831c9effffff","station_count":282,"polygon_count":282,"coverage_type":"area","wetland_summary":"Woody Slope, Non-woody Slope, Channel Vegetated","level1_summary":"Non-Tidal","program_id":"russian_river","program":"Russian River","resolution":7,"stations":[]}},{"type":"Feature","geometry":{"type":"Polygon","coordinates":[[[-122.91546255131654,38.3821217461438],[-122.90799941023735,38.39387017048347],[-122.91689143758016,38.40427774388216],[-122.9332464752816,38.40293576897068],[-122.94070612952041,38.39118737837116],[-122.93181423379096,38.38078092883673],[-122.91546255131654,38.3821217461438]]]},"properties":{"h3_index":"872831ca0ffffff","station_count":52,"polygon_count":52,"coverage_type":"area","wetland_summary":"Depressional Vegetated, Woody Slope, Non-woody Slope","level1_summary":"Non-Tidal","program_id":"russian_river","program":"Russian River","resolution":7,"stations":[]}},{"type":"Feature","geometry":{"type":"Polygon","coordinates":[[[-122.94070612952041,38.39118737837116],[-122.9332464752816,38.40293576897068],[-122.94214035088628,38.41333951835528],[-122.95849374600071,38.41199375347028],[-122.96594991044589,38.40024539851817],[-122.95705617046225,38.389842772697236],[-122.94070612952041,38.39118737837116]]]},"properties":{"h3_index":"872831ca1ffffff","station_count":7,"polygon_count":7,"coverage_type":"area","wetland_summary":"Depressional Vegetated, Depressional Open Water, Non-woody Slope","level1_summary":"Non-Tidal","program_id":"russian_river","program":"Russian River","resolution":7,"stations":[]}},{"type":"Feature","geometry":{"type":"Polygon","coordinates":[[[-122.89164273632825,38.39520835496471],[-122.88417473302204,38.40695526818101],[-122.89306688825081,38.417363965046164],[-122.909426919794,38.41602462512249],[-122.91689143758016,38.40427774388216],[-122.90799941023735,38.39387017048347],[-122.89164273632825,38.39520835496471]]]},"properties":{"h3_index":"872831ca2ffffff","station_count":11,"polygon_count":11,"coverage_type":"area","wetland_summary":"Woody Slope, Depressional Vegetated, Non-woody Slope","level1_summary":"Non-Tidal","program_id":"russian_river","program":"Russian River","resolution":7,"stations":[]}},{"type":"Feature","geometry":{"type":"Polygon","coordinates":[[[-122.91689143758016,38.40427774388216],[-122.909426919794,38.41602462512249],[-122.9183209272948,38.42642949767513],[-122.93467932157898,38.42508636571316],[-122.94214035088628,38.41333951835528],[-122.9332464752816,38.40293576897068],[-122.91689143758016,38.40427774388216]]]},"properties":{"h3_index":"872831ca3ffffff","station_count":19,"polygon_count":19,"coverage_type":"area","wetland_summary":"Depressional Vegetated, Depressional Open Water, Woody Slope","level1_summary":"Non-Tidal","program_id":"russian_river","program":"Russian River","resolution":7,"stations":[]}},{"type":"Feature","geometry":{"type":"Polygon","coordinates":[[[-122.9140342681237,38.35996150990967],[-122.90657250326359,38.371711474346284],[-122.91546255131654,38.3821217461438],[-122.93181423379096,38.38078092883673],[-122.93927251344792,38.36903099799614],[-122.93038259672589,38.35862185076038],[-122.9140342681237,38.35996150990967]]]},"properties":{"h3_index":"872831ca4ffffff","station_count":101,"polygon_count":101,"coverage_type":"area","wetland_summary":"Woody Slope, Non-woody Slope, Depressional Vegetated","level1_summary":"Non-Tidal","program_id":"russian_river","program":"Russian River","resolution":7,"stations":[]}},{"type":"Feature","geometry":{"type":"Polygon","coordinates":[[[-122.93927251344792,38.36903099799614],[-122.93181423379096,38.38078092883673],[-122.94070612952041,38.39118737837116],[-122.95705617046225,38.389842772697236],[-122.96451096196458,38.37809287736062],[-122.95561920157115,38.36768755208756],[-122.93927251344792,38.36903099799614]]]},"properties":{"h3_index":"872831ca5ffffff","station_count":60,"polygon_count":60,"coverage_type":"area","wetland_summary":"Non-woody Slope, Woody Slope, Depressional Vegetated","level1_summary":"Non-Tidal","program_id":"russian_river","program":"Russian River","resolution":7,"stations":[]}},{"type":"Feature","geometry":{"type":"Polygon","coordinates":[[[-122.89021918563208,38.37304850283206],[-122.88275256066959,38.38479695900475],[-122.89164273632825,38.39520835496471],[-122.90799941023735,38.39387017048347],[-122.91546255131654,38.3821217461438],[-122.90657250326359,38.371711474346284],[-122.89021918563208,38.37304850283206]]]},"properties":{"h3_index":"872831ca6ffffff","station_count":42,"polygon_count":42,"coverage_type":"area","wetland_summary":"Non-woody Slope, Depressional Vegetated, Woody Slope","level1_summary":"Non-Tidal","program_id":"russian_river","program":"Russian River","resolution":7,"stations":[]}},{"type":"Feature","geometry":{"type":"Polygon","coordinates":[[[-122.96738946644268,38.42239367739334],[-122.95993192856899,38.4341404889621],[-122.96882963033786,38.44453770854534],[-122.98518473095568,38.44318699388945],[-122.99263877444497,38.43144022001666],[-122.98374121259249,38.421044122997166],[-122.96738946644268,38.42239367739334]]]},"properties":{"h3_index":"872831ca8ffffff","station_count":43,"polygon_count":43,"coverage_type":"area","wetland_summary":"Woody Slope, Channel Vegetated, Depressional Vegetated","level1_summary":"Non-Tidal","program_id":"russian_river","program":"Russian River","resolution":7,"stations":[]}},{"type":"Feature","geometry":{"type":"Polygon","coordinates":[[[-122.99263877444497,38.43144022001666],[-122.98518473095568,38.44318699388945],[-122.99408427471609,38.453580384826644],[-123.01043771893025,38.45222587952642],[-123.01788826508832,38.44047914525673],[-123.00898886525428,38.43008687657738],[-122.99263877444497,38.43144022001666]]]},"properties":{"h3_index":"872831ca9ffffff","station_count":54,"polygon_count":54,"coverage_type":"area","wetland_summary":"Woody Slope, Channel Vegetated, Channel Vegetated Woody","level1_summary":"Non-Tidal","program_id":"russian_river","program":"Russian River","resolution":7,"stations":[]}},{"type":"Feature","geometry":{"type":"Polygon","coordinates":[[[-122.94357517792723,38.43548741250336],[-122.93611277306438,38.44723271362225],[-122.94501061102511,38.457631055377334],[-122.96137071854983,38.45628297373524],[-122.96882963033786,38.44453770854534],[-122.95993192856899,38.4341404889621],[-122.94357517792723,38.43548741250336]]]},"properties":{"h3_index":"872831caaffffff","station_count":14,"polygon_count":14,"coverage_type":"area","wetland_summary":"Non-woody Slope, Depressional Vegetated, Depressional Open Water","level1_summary":"Non-Tidal","program_id":"russian_river","program":"Russian River","resolution":7,"stations":[]}},{"type":"Feature","geometry":{"type":"Polygon","coordinates":[[[-122.96882963033786,38.44453770854534],[-122.96137071854983,38.45628297373524],[-122.97027040251473,38.46667748654063],[-122.98662885895534,38.46532561218132],[-122.99408427471609,38.453580384826644],[-122.98518473095568,38.44318699388945],[-122.96882963033786,38.44453770854534]]]},"properties":{"h3_index":"872831cabffffff","station_count":8,"polygon_count":8,"coverage_type":"area","wetland_summary":"Channel Vegetated, Woody Slope, Channel Vegetated Woody","level1_summary":"Non-Tidal","program_id":"russian_river","program":"Russian River","resolution":7,"stations":[]}},{"type":"Feature","geometry":{"type":"Polygon","coordinates":[[[-122.96594991044589,38.40024539851817],[-122.95849374600071,38.41199375347028],[-122.96738946644268,38.42239367739334],[-122.98374121259249,38.421044122997166],[-122.99119388429496,38.40929580560001],[-122.98229830348151,38.398897004937496],[-122.96594991044589,38.40024539851817]]]},"properties":{"h3_index":"872831cacffffff","station_count":37,"polygon_count":37,"coverage_type":"area","wetland_summary":"Depressional Vegetated, Non-woody Slope, Depressional Open Water","level1_summary":"Non-Tidal","program_id":"russian_river","program":"Russian River","resolution":7,"stations":[]}},{"type":"Feature","geometry":{"type":"Polygon","coordinates":[[[-122.99119388429496,38.40929580560001],[-122.98374121259249,38.421044122997166],[-122.99263877444497,38.43144022001666],[-123.00898886525428,38.43008687657738],[-123.01643804126891,38.41833859864295],[-123.00754062305242,38.40794362457832],[-122.99119388429496,38.40929580560001]]]},"properties":{"h3_index":"872831cadffffff","station_count":10,"polygon_count":10,"coverage_type":"area","wetland_summary":"Depressional Vegetated, Non-woody Slope, Depressional Open Water","level1_summary":"Non-Tidal","program_id":"russian_river","program":"Russian River","resolution":7,"stations":[]}},{"type":"Feature","geometry":{"type":"Polygon","coordinates":[[[-122.94214035088628,38.41333951835528],[-122.93467932157898,38.42508636571316],[-122.94357517792723,38.43548741250336],[-122.95993192856899,38.4341404889621],[-122.96738946644268,38.42239367739334],[-122.95849374600071,38.41199375347028],[-122.94214035088628,38.41333951835528]]]},"properties":{"h3_index":"872831caeffffff","station_count":30,"polygon_count":30,"coverage_type":"area","wetland_summary":"Non-woody Slope, Depressional Vegetated, Depressional Open Water","level1_summary":"Non-Tidal","program_id":"russian_river","program":"Russian River","resolution":7,"stations":[]}},{"type":"Feature","geometry":{"type":"Polygon","coordinates":[[[-122.84255948416605,38.39921005038357],[-122.83508313660815,38.410955476160524],[-122.84397355628344,38.42136911924414],[-122.86034020427208,38.42003621308372],[-122.86781307060483,38.40829081561307],[-122.85892277107045,38.39787829589081],[-122.84255948416605,38.39921005038357]]]},"properties":{"h3_index":"872831cb0ffffff","station_count":236,"polygon_count":236,"coverage_type":"area","wetland_summary":"Woody Slope, Non-woody Slope, Depressional Vegetated","level1_summary":"Non-Tidal","program_id":"russian_river","program":"Russian River","resolution":7,"stations":[]}},{"type":"Feature","geometry":{"type":"Polygon","coordinates":[[[-122.86781307060483,38.40829081561307],[-122.86034020427208,38.42003621308372],[-122.86923248365457,38.430446033016615],[-122.8855975061116,38.42910933230519],[-122.89306688825081,38.417363965046164],[-122.88417473302204,38.40695526818101],[-122.86781307060483,38.40829081561307]]]},"properties":{"h3_index":"872831cb1ffffff","station_count":270,"polygon_count":270,"coverage_type":"area","wetland_summary":"Woody Slope, Depressional Vegetated, Non-woody Slope","level1_summary":"Non-Tidal","program_id":"russian_river","program":"Russian River","resolution":7,"stations":[]}},{"type":"Feature","geometry":{"type":"Polygon","coordinates":[[[-122.81871486948037,38.41228458732571],[-122.81123365944003,38.42402849097108],[-122.82012419551666,38.43444325701431],[-122.83649582612998,38.43311299634696],[-122.84397355628344,38.42136911924414],[-122.83508313660815,38.410955476160524],[-122.81871486948037,38.41228458732571]]]},"properties":{"h3_index":"872831cb2ffffff","station_count":338,"polygon_count":338,"coverage_type":"area","wetland_summary":"Woody Slope, Non-woody Slope, Vernal Pool","level1_summary":"Non-Tidal","program_id":"russian_river","program":"Russian River","resolution":7,"stations":[]}},{"type":"Feature","geometry":{"type":"Polygon","coordinates":[[[-122.84397355628344,38.42136911924414],[-122.83649582612998,38.43311299634696],[-122.84538822592917,38.4435239389481],[-122.86175823636198,38.44218988167242],[-122.86923248365457,38.430446033016615],[-122.86034020427208,38.42003621308372],[-122.84397355628344,38.42136911924414]]]},"properties":{"h3_index":"872831cb3ffffff","station_count":163,"polygon_count":163,"coverage_type":"area","wetland_summary":"Woody Slope, Depressional Vegetated, Non-woody Slope","level1_summary":"Non-Tidal","program_id":"russian_river","program":"Russian River","resolution":7,"stations":[]}},{"type":"Feature","geometry":{"type":"Polygon","coordinates":[[[-122.84114600920024,38.377046737815114],[-122.83367104374614,38.38879370926504],[-122.84255948416605,38.39921005038357],[-122.85892277107045,38.39787829589081],[-122.86639425693399,38.38613135260471],[-122.8575059363795,38.37571613554184],[-122.84114600920024,38.377046737815114]]]},"properties":{"h3_index":"872831cb4ffffff","station_count":126,"polygon_count":126,"coverage_type":"area","wetland_summary":"Woody Slope, Depressional Vegetated, Non-woody Slope","level1_summary":"Non-Tidal","program_id":"russian_river","program":"Russian River","resolution":7,"stations":[]}},{"type":"Feature","geometry":{"type":"Polygon","coordinates":[[[-122.86639425693399,38.38613135260471],[-122.85892277107045,38.39787829589081],[-122.86781307060483,38.40829081561307],[-122.88417473302204,38.40695526818101],[-122.89164273632825,38.39520835496471],[-122.88275256066959,38.38479695900475],[-122.86639425693399,38.38613135260471]]]},"properties":{"h3_index":"872831cb5ffffff","station_count":82,"polygon_count":82,"coverage_type":"area","wetland_summary":"Woody Slope, Depressional Vegetated, Non-woody Slope","level1_summary":"Non-Tidal","program_id":"russian_river","program":"Russian River","resolution":7,"stations":[]}},{"type":"Feature","geometry":{"type":"Polygon","coordinates":[[[-122.8173061387431,38.39012167037653],[-122.80982631293237,38.4018671225547],[-122.81871486948037,38.41228458732571],[-122.83508313660815,38.410955476160524],[-122.84255948416605,38.39921005038357],[-122.83367104374614,38.38879370926504],[-122.8173061387431,38.39012167037653]]]},"properties":{"h3_index":"872831cb6ffffff","station_count":259,"polygon_count":259,"coverage_type":"area","wetland_summary":"Woody Slope, Non-woody Slope, Depressional Vegetated","level1_summary":"Non-Tidal","program_id":"russian_river","program":"Russian River","resolution":7,"stations":[]}},{"type":"Feature","geometry":{"type":"Polygon","coordinates":[[[-123.07131138518471,38.50278697063732],[-123.06386510736534,38.51453052312953],[-123.0727741263889,38.52490698968605],[-123.08912926756841,38.52353878370981],[-123.09657203594051,38.51179527681487],[-123.08766317346972,38.501419930191524],[-123.07131138518471,38.50278697063732]]]},"properties":{"h3_index":"872831cc0ffffff","station_count":159,"polygon_count":159,"coverage_type":"area","wetland_summary":"Woody Slope, Channel Vegetated, Non-woody Slope","level1_summary":"Non-Tidal","program_id":"russian_river","program":"Russian River","resolution":7,"stations":[]}},{"type":"Feature","geometry":{"type":"Polygon","coordinates":[[[-123.09657203594051,38.51179527681487],[-123.08912926756841,38.52353878370981],[-123.09804011598935,38.5339114124648],[-123.1143935731035,38.532539414600535],[-123.12183282909442,38.52079595520952],[-123.1129221412409,38.51042444607131],[-123.09657203594051,38.51179527681487]]]},"properties":{"h3_index":"872831cc1ffffff","station_count":11,"polygon_count":11,"coverage_type":"area","wetland_summary":"Depressional Vegetated, Depressional Open Water","level1_summary":"Non-Tidal","program_id":"russian_river","program":"Russian River","resolution":7,"stations":[]}},{"type":"Feature","geometry":{"type":"Polygon","coordinates":[[[-123.04750828850086,38.51589493672025],[-123.04005713422565,38.527636980138006],[-123.04896630608351,38.53801456624768],[-123.06532648027296,38.53664898927926],[-123.0727741263889,38.52490698968605],[-123.06386510736534,38.51453052312953],[-123.04750828850086,38.51589493672025]]]},"properties":{"h3_index":"872831cc2ffffff","station_count":82,"polygon_count":82,"coverage_type":"area","wetland_summary":"Woody Slope, Channel Vegetated, Non-woody Slope","level1_summary":"Non-Tidal","program_id":"russian_river","program":"Russian River","resolution":7,"stations":[]}},{"type":"Feature","geometry":{"type":"Polygon","coordinates":[[[-123.0727741263889,38.52490698968605],[-123.06532648027296,38.53664898927926],[-123.07423748554561,38.547022737273245],[-123.09059598097231,38.545653366327656],[-123.09804011598935,38.5339114124648],[-123.08912926756841,38.52353878370981],[-123.0727741263889,38.52490698968605]]]},"properties":{"h3_index":"872831cc3ffffff","station_count":124,"polygon_count":124,"coverage_type":"area","wetland_summary":"Woody Slope, Channel Vegetated, Channel Vegetated Woody","level1_summary":"Non-Tidal","program_id":"russian_river","program":"Russian River","resolution":7,"stations":[]}},{"type":"Feature","geometry":{"type":"Polygon","coordinates":[[[-123.0698492615437,38.480662685528515],[-123.0624043515391,38.492407787937864],[-123.07131138518471,38.50278697063732],[-123.08766317346972,38.501419930191524],[-123.09510457567755,38.48967487324457],[-123.08619769828603,38.47929681117369],[-123.0698492615437,38.480662685528515]]]},"properties":{"h3_index":"872831cc4ffffff","station_count":106,"polygon_count":106,"coverage_type":"area","wetland_summary":"Woody Slope, Channel Vegetated Woody, Non-woody Slope","level1_summary":"Non-Tidal","program_id":"russian_river","program":"Russian River","resolution":7,"stations":[]}},{"type":"Feature","geometry":{"type":"Polygon","coordinates":[[[-123.09510457567755,38.48967487324457],[-123.08766317346972,38.501419930191524],[-123.09657203594051,38.51179527681487],[-123.1129221412409,38.51042444607131],[-123.12036003271966,38.49867943649404],[-123.11145133051511,38.48830521018311],[-123.09510457567755,38.48967487324457]]]},"properties":{"h3_index":"872831cc5ffffff","station_count":8,"polygon_count":8,"coverage_type":"area","wetland_summary":"Depressional Vegetated, Seep/Spring, Depressional Open Water","level1_summary":"Non-Tidal","program_id":"russian_river","program":"Russian River","resolution":7,"stations":[]}},{"type":"Feature","geometry":{"type":"Polygon","coordinates":[[[-123.04605088664593,38.493771037590705],[-123.03860110231727,38.50551463377369],[-123.04750828850086,38.51589493672025],[-123.06386510736534,38.51453052312953],[-123.07131138518471,38.50278697063732],[-123.0624043515391,38.492407787937864],[-123.04605088664593,38.493771037590705]]]},"properties":{"h3_index":"872831cc6ffffff","station_count":41,"polygon_count":41,"coverage_type":"area","wetland_summary":"Woody Slope, Depressional Vegetated, Channel Vegetated Woody","level1_summary":"Non-Tidal","program_id":"russian_river","program":"Russian River","resolution":7,"stations":[]}},{"type":"Feature","geometry":{"type":"Polygon","coordinates":[[[-123.12330624747715,38.54290820414794],[-123.11586562649458,38.55465011037437],[-123.12478028826003,38.56501617791673],[-123.14113540701022,38.5636392205217],[-123.14857251102687,38.55189736383789],[-123.13965801414741,38.541532414898725],[-123.12330624747715,38.54290820414794]]]},"properties":{"h3_index":"872831cc8ffffff","station_count":5,"polygon_count":5,"coverage_type":"area","wetland_summary":"Depressional Vegetated, Non-woody Slope, Depressional Open Water","level1_summary":"Non-Tidal","program_id":"russian_river","program":"Russian River","resolution":7,"stations":[]}},{"type":"Feature","geometry":{"type":"Polygon","coordinates":[[[-123.14857251102687,38.55189736383789],[-123.14113540701022,38.5636392205217],[-123.15005189184933,38.574001445738936],[-123.16640531268948,38.572620695882925],[-123.17383889681277,38.56087889064819],[-123.16492258087658,38.550517783712486],[-123.14857251102687,38.55189736383789]]]},"properties":{"h3_index":"872831cc9ffffff","station_count":14,"polygon_count":14,"coverage_type":"area","wetland_summary":"Channel, Depressional Vegetated, Channel Vegetated Woody","level1_summary":"Non-Tidal","program_id":"russian_river","program":"Russian River","resolution":7,"stations":[]}},{"type":"Feature","geometry":{"type":"Polygon","coordinates":[[[-123.0995088162149,38.55602327479738],[-123.09206331407208,38.56776367265131],[-123.10097813700824,38.578130858422746],[-123.11733830180604,38.57675652800357],[-123.12478028826003,38.56501617791673],[-123.11586562649458,38.55465011037437],[-123.0995088162149,38.55602327479738]]]},"properties":{"h3_index":"872831ccaffffff","station_count":62,"polygon_count":62,"coverage_type":"area","wetland_summary":"Channel, Channel Vegetated Woody, Channel Vegetated","level1_summary":"Non-Tidal","program_id":"russian_river","program":"Russian River","resolution":7,"stations":[]}},{"type":"Feature","geometry":{"type":"Polygon","coordinates":[[[-123.12478028826003,38.56501617791673],[-123.11733830180604,38.57675652800357],[-123.12625495183553,38.58711987113049],[-123.14261342401733,38.585741746153104],[-123.15005189184933,38.574001445738936],[-123.14113540701022,38.5636392205217],[-123.12478028826003,38.56501617791673]]]},"properties":{"h3_index":"872831ccbffffff","station_count":19,"polygon_count":19,"coverage_type":"area","wetland_summary":"Channel, Depressional Vegetated, Channel Vegetated Woody","level1_summary":"Non-Tidal","program_id":"russian_river","program":"Russian River","resolution":7,"stations":[]}},{"type":"Feature","geometry":{"type":"Polygon","coordinates":[[[-123.12183282909442,38.52079595520952],[-123.1143935731035,38.532539414600535],[-123.12330624747715,38.54290820414794],[-123.13965801414741,38.541532414898725],[-123.14709375482728,38.529789004918534],[-123.13818124503558,38.519421334669],[-123.12183282909442,38.52079595520952]]]},"properties":{"h3_index":"872831cccffffff","station_count":52,"polygon_count":52,"coverage_type":"area","wetland_summary":"Channel, Channel Vegetated, Channel Vegetated Woody","level1_summary":"Non-Tidal","program_id":"russian_river","program":"Russian River","resolution":7,"stations":[]}},{"type":"Feature","geometry":{"type":"Polygon","coordinates":[[[-123.14709375482728,38.529789004918534],[-123.13965801414741,38.541532414898725],[-123.14857251102687,38.55189736383789],[-123.16492258087658,38.550517783712486],[-123.17235480331958,38.53877442505018],[-123.16344047503654,38.52841059508751],[-123.14709375482728,38.529789004918534]]]},"properties":{"h3_index":"872831ccdffffff","station_count":29,"polygon_count":29,"coverage_type":"area","wetland_summary":"Channel, Channel Vegetated Woody, Depressional Open Water","level1_summary":"Non-Tidal","program_id":"russian_river","program":"Russian River","resolution":7,"stations":[]}},{"type":"Feature","geometry":{"type":"Polygon","coordinates":[[[-123.09804011598935,38.5339114124648],[-123.09059598097231,38.545653366327656],[-123.0995088162149,38.55602327479738],[-123.11586562649458,38.55465011037437],[-123.12330624747715,38.54290820414794],[-123.1143935731035,38.532539414600535],[-123.09804011598935,38.5339114124648]]]},"properties":{"h3_index":"872831cceffffff","station_count":48,"polygon_count":48,"coverage_type":"area","wetland_summary":"Channel, Channel Vegetated, Depressional Vegetated","level1_summary":"Non-Tidal","program_id":"russian_river","program":"Russian River","resolution":7,"stations":[]}},{"type":"Feature","geometry":{"type":"Polygon","coordinates":[[[-122.99842444010459,38.51997532736117],[-122.99096490461864,38.531715897231635],[-122.99987238471022,38.54209843952476],[-123.01623925608958,38.54073929235879],[-123.02369528765966,38.528998762635155],[-123.01478795265913,38.51861733982378],[-122.99842444010459,38.51997532736117]]]},"properties":{"h3_index":"872831cd0ffffff","station_count":117,"polygon_count":117,"coverage_type":"area","wetland_summary":"Woody Slope, Depressional Vegetated, Channel Vegetated Woody","level1_summary":"Non-Tidal","program_id":"russian_river","program":"Russian River","resolution":7,"stations":[]}},{"type":"Feature","geometry":{"type":"Polygon","coordinates":[[[-123.02369528765966,38.528998762635155],[-123.01623925608958,38.54073929235879],[-123.0251485770586,38.55111799764083],[-123.04151378137863,38.54975505391979],[-123.04896630608351,38.53801456624768],[-123.04005713422565,38.527636980138006],[-123.02369528765966,38.528998762635155]]]},"properties":{"h3_index":"872831cd1ffffff","station_count":25,"polygon_count":25,"coverage_type":"area","wetland_summary":"Woody Slope, Channel Vegetated, Channel Vegetated Woody","level1_summary":"Non-Tidal","program_id":"russian_river","program":"Russian River","resolution":7,"stations":[]}},{"type":"Feature","geometry":{"type":"Polygon","coordinates":[[[-122.97459637257367,38.5330712473574],[-122.96713196026505,38.54481029714186],[-122.97603958171703,38.555193958532854],[-122.99241147501152,38.55383745093482],[-122.99987238471022,38.54209843952476],[-122.99096490461864,38.531715897231635],[-122.97459637257367,38.5330712473574]]]},"properties":{"h3_index":"872831cd2ffffff","station_count":32,"polygon_count":32,"coverage_type":"area","wetland_summary":"Woody Slope, Channel Vegetated Woody, Non-woody Slope","level1_summary":"Non-Tidal","program_id":"russian_river","program":"Russian River","resolution":7,"stations":[]}},{"type":"Feature","geometry":{"type":"Polygon","coordinates":[[[-122.99987238471022,38.54209843952476],[-122.99241147501152,38.55383745093482],[-123.00132094136362,38.56421727500755],[-123.01769117292478,38.562856968772614],[-123.0251485770586,38.55111799764083],[-123.01623925608958,38.54073929235879],[-122.99987238471022,38.54209843952476]]]},"properties":{"h3_index":"872831cd3ffffff","station_count":13,"polygon_count":13,"coverage_type":"area","wetland_summary":"Woody Slope, Depressional Open Water, Depressional Vegetated","level1_summary":"Non-Tidal","program_id":"russian_river","program":"Russian River","resolution":7,"stations":[]}},{"type":"Feature","geometry":{"type":"Polygon","coordinates":[[[-122.99697710716072,38.49784794391731],[-122.98951894540187,38.509590069267524],[-122.99842444010459,38.51997532736117],[-123.01478795265913,38.51861733982378],[-123.02224261215002,38.5068752544871],[-123.01333726224671,38.496491116567434],[-122.99697710716072,38.49784794391731]]]},"properties":{"h3_index":"872831cd4ffffff","station_count":193,"polygon_count":193,"coverage_type":"area","wetland_summary":"Woody Slope, Non-woody Slope, Channel Vegetated Woody","level1_summary":"Non-Tidal","program_id":"russian_river","program":"Russian River","resolution":7,"stations":[]}},{"type":"Feature","geometry":{"type":"Polygon","coordinates":[[[-123.02224261215002,38.5068752544871],[-123.01478795265913,38.51861733982378],[-123.02369528765966,38.528998762635155],[-123.04005713422565,38.527636980138006],[-123.04750828850086,38.51589493672025],[-123.03860110231727,38.50551463377369],[-123.02224261215002,38.5068752544871]]]},"properties":{"h3_index":"872831cd5ffffff","station_count":58,"polygon_count":58,"coverage_type":"area","wetland_summary":"Woody Slope, Channel Vegetated Woody, Non-woody Slope","level1_summary":"Non-Tidal","program_id":"russian_river","program":"Russian River","resolution":7,"stations":[]}},{"type":"Feature","geometry":{"type":"Polygon","coordinates":[[[-122.97315377324853,38.510944261362376],[-122.96569073680004,38.5226848694751],[-122.97459637257367,38.5330712473574],[-122.99096490461864,38.531715897231635],[-122.99842444010459,38.51997532736117],[-122.98951894540187,38.509590069267524],[-122.97315377324853,38.510944261362376]]]},"properties":{"h3_index":"872831cd6ffffff","station_count":138,"polygon_count":138,"coverage_type":"area","wetland_summary":"Woody Slope, Channel Vegetated, Non-woody Slope","level1_summary":"Non-Tidal","program_id":"russian_river","program":"Russian River","resolution":7,"stations":[]}},{"type":"Feature","geometry":{"type":"Polygon","coordinates":[[[-123.05042493978236,38.560129920774216],[-123.04297104416436,38.571868849723636],[-123.05188418998611,38.58224099490825],[-123.06825107888939,38.58087309286732],[-123.07570146304467,38.5691342080046],[-123.06678847065113,38.55876318098886],[-123.05042493978236,38.560129920774216]]]},"properties":{"h3_index":"872831cd8ffffff","station_count":116,"polygon_count":116,"coverage_type":"area","wetland_summary":"Channel, Channel Vegetated, Channel Vegetated Woody","level1_summary":"Non-Tidal","program_id":"russian_river","program":"Russian River","resolution":7,"stations":[]}},{"type":"Feature","geometry":{"type":"Polygon","coordinates":[[[-123.07570146304467,38.5691342080046],[-123.06825107888939,38.58087309286732],[-123.07716605927617,38.591241396492975],[-123.09353126725851,38.58986969729425],[-123.10097813700824,38.578130858422746],[-123.09206331407208,38.56776367265131],[-123.07570146304467,38.5691342080046]]]},"properties":{"h3_index":"872831cd9ffffff","station_count":5,"polygon_count":5,"coverage_type":"area","wetland_summary":"Seep/Spring, Depressional Vegetated","level1_summary":"Non-Tidal","program_id":"russian_river","program":"Russian River","resolution":7,"stations":[]}},{"type":"Feature","geometry":{"type":"Polygon","coordinates":[[[-123.02660248073423,38.57323295410808],[-123.01914370355185,38.584970363672426],[-123.02805699907417,38.59534362664801],[-123.04442892297135,38.59397836216118],[-123.05188418998611,38.58224099490825],[-123.04297104416436,38.571868849723636],[-123.02660248073423,38.57323295410808]]]},"properties":{"h3_index":"872831cdaffffff","station_count":38,"polygon_count":38,"coverage_type":"area","wetland_summary":"Channel, Channel Vegetated Woody, Depressional Vegetated","level1_summary":"Non-Tidal","program_id":"russian_river","program":"Russian River","resolution":7,"stations":[]}},{"type":"Feature","geometry":{"type":"Polygon","coordinates":[[[-123.05188418998611,38.58224099490825],[-123.04442892297135,38.59397836216118],[-123.05334405708378,38.60434778326536],[-123.06971430537756,38.60297871953079],[-123.07716605927617,38.591241396492975],[-123.06825107888939,38.58087309286732],[-123.05188418998611,38.58224099490825]]]},"properties":{"h3_index":"872831cdbffffff","station_count":73,"polygon_count":73,"coverage_type":"area","wetland_summary":"Channel, Channel Vegetated, Channel Vegetated Woody","level1_summary":"Non-Tidal","program_id":"russian_river","program":"Russian River","resolution":7,"stations":[]}},{"type":"Feature","geometry":{"type":"Polygon","coordinates":[[[-123.04896630608351,38.53801456624768],[-123.04151378137863,38.54975505391979],[-123.05042493978236,38.560129920774216],[-123.06678847065113,38.55876318098886],[-123.07423748554561,38.547022737273245],[-123.06532648027296,38.53664898927926],[-123.04896630608351,38.53801456624768]]]},"properties":{"h3_index":"872831cdcffffff","station_count":59,"polygon_count":59,"coverage_type":"area","wetland_summary":"Channel Vegetated, Woody Slope, Non-woody Slope","level1_summary":"Non-Tidal","program_id":"russian_river","program":"Russian River","resolution":7,"stations":[]}},{"type":"Feature","geometry":{"type":"Polygon","coordinates":[[[-123.07423748554561,38.547022737273245],[-123.06678847065113,38.55876318098886],[-123.07570146304467,38.5691342080046],[-123.09206331407208,38.56776367265131],[-123.0995088162149,38.55602327479738],[-123.09059598097231,38.545653366327656],[-123.07423748554561,38.547022737273245]]]},"properties":{"h3_index":"872831cddffffff","station_count":42,"polygon_count":42,"coverage_type":"area","wetland_summary":"Channel, Woody Slope, Depressional Vegetated","level1_summary":"Non-Tidal","program_id":"russian_river","program":"Russian River","resolution":7,"stations":[]}},{"type":"Feature","geometry":{"type":"Polygon","coordinates":[[[-123.0251485770586,38.55111799764083],[-123.01769117292478,38.562856968772614],[-123.02660248073423,38.57323295410808],[-123.04297104416436,38.571868849723636],[-123.05042493978236,38.560129920774216],[-123.04151378137863,38.54975505391979],[-123.0251485770586,38.55111799764083]]]},"properties":{"h3_index":"872831cdeffffff","station_count":44,"polygon_count":44,"coverage_type":"area","wetland_summary":"Channel, Woody Slope, Channel Vegetated Woody","level1_summary":"Non-Tidal","program_id":"russian_river","program":"Russian River","resolution":7,"stations":[]}},{"type":"Feature","geometry":{"type":"Polygon","coordinates":[[[-123.09217151294776,38.44542128396669],[-123.08473284162746,38.45716943206429],[-123.09363773481002,38.46755020715808],[-123.10998114053493,38.46618171233955],[-123.11741630442695,38.454433611337805],[-123.10851157090936,38.44405395795129],[-123.09217151294776,38.44542128396669]]]},"properties":{"h3_index":"872831ce0ffffff","station_count":89,"polygon_count":89,"coverage_type":"area","wetland_summary":"Woody Slope, Tidal Vegetated Woody, Tidal Vegetated","level1_summary":"Non-Tidal, Tidal","program_id":"russian_river","program":"Russian River","resolution":7,"stations":[]}},{"type":"Feature","geometry":{"type":"Polygon","coordinates":[[[-123.11741630442695,38.454433611337805],[-123.10998114053493,38.46618171233955],[-123.11888785796101,38.47655865340116],[-123.13522957649332,38.47518637196434],[-123.14266123003205,38.46343831996728],[-123.13375467627792,38.453062500294756],[-123.11741630442695,38.454433611337805]]]},"properties":{"h3_index":"872831ce1ffffff","station_count":10,"polygon_count":10,"coverage_type":"area","wetland_summary":"Seep/Spring, Non-woody Slope, Estuarine and Marine Beach","level1_summary":"Non-Tidal, Tidal","program_id":"russian_river","program":"Russian River","resolution":7,"stations":[]}},{"type":"Feature","geometry":{"type":"Polygon","coordinates":[[[-123.0683877550767,38.45853413976828],[-123.06094421240527,38.4702807891096],[-123.0698492615437,38.480662685528515],[-123.08619769828603,38.47929681117369],[-123.09363773481002,38.46755020715808],[-123.08473284162746,38.45716943206429],[-123.0683877550767,38.45853413976828]]]},"properties":{"h3_index":"872831ce2ffffff","station_count":33,"polygon_count":33,"coverage_type":"area","wetland_summary":"Woody Slope, Non-woody Slope","level1_summary":"Non-Tidal","program_id":"russian_river","program":"Russian River","resolution":7,"stations":[]}},{"type":"Feature","geometry":{"type":"Polygon","coordinates":[[[-123.09363773481002,38.46755020715808],[-123.08619769828603,38.47929681117369],[-123.09510457567755,38.48967487324457],[-123.11145133051511,38.48830521018311],[-123.11888785796101,38.47655865340116],[-123.10998114053493,38.46618171233955],[-123.09363773481002,38.46755020715808]]]},"properties":{"h3_index":"872831ce3ffffff","station_count":2,"polygon_count":2,"coverage_type":"area","wetland_summary":"Channel Vegetated","level1_summary":"Non-Tidal","program_id":"russian_river","program":"Russian River","resolution":7,"stations":[]}},{"type":"Feature","geometry":{"type":"Polygon","coordinates":[[[-123.09070590970089,38.42328810908889],[-123.08326860310436,38.435037798278536],[-123.09217151294776,38.44542128396669],[-123.10851157090936,38.44405395795129],[-123.11594537172631,38.43230431571792],[-123.10704262124773,38.42192195243623],[-123.09070590970089,38.42328810908889]]]},"properties":{"h3_index":"872831ce4ffffff","station_count":133,"polygon_count":133,"coverage_type":"area","wetland_summary":"Tidal Vegetated Woody, Tidal Vegetated, Woody Slope","level1_summary":"Tidal, Non-Tidal","program_id":"russian_river","program":"Russian River","resolution":7,"stations":[]}},{"type":"Feature","geometry":{"type":"Polygon","coordinates":[[[-123.11594537172631,38.43230431571792],[-123.10851157090936,38.44405395795129],[-123.11741630442695,38.454433611337805],[-123.13375467627792,38.453062500294756],[-123.14118496839188,38.44131290692712],[-123.13228039824354,38.43093437562919],[-123.11594537172631,38.43230431571792]]]},"properties":{"h3_index":"872831ce5ffffff","station_count":118,"polygon_count":118,"coverage_type":"area","wetland_summary":"Tidal Vegetated Woody, Estuarine and Marine Beach, Tidal Vegetated","level1_summary":"Tidal, Non-Tidal","program_id":"russian_river","program":"Russian River","resolution":7,"stations":[]}},{"type":"Feature","geometry":{"type":"Polygon","coordinates":[[[-123.06692686539492,38.43640133877235],[-123.0594846895754,38.448149532057215],[-123.0683877550767,38.45853413976828],[-123.08473284162746,38.45716943206429],[-123.09217151294776,38.44542128396669],[-123.08326860310436,38.435037798278536],[-123.06692686539492,38.43640133877235]]]},"properties":{"h3_index":"872831ce6ffffff","station_count":179,"polygon_count":179,"coverage_type":"area","wetland_summary":"Woody Slope, Tidal Vegetated, Tidal Vegetated Woody","level1_summary":"Non-Tidal, Tidal","program_id":"russian_river","program":"Russian River","resolution":7,"stations":[]}},{"type":"Feature","geometry":{"type":"Polygon","coordinates":[[[-123.1441381147229,38.48555947758438],[-123.1367050992818,38.49730598522449],[-123.14561562285702,38.50767637436894],[-123.16195899477492,38.50629913539549],[-123.16938849528871,38.494552678805576],[-123.16047813969776,38.4841834100311],[-123.1441381147229,38.48555947758438]]]},"properties":{"h3_index":"872831ce8ffffff","station_count":3,"polygon_count":3,"coverage_type":"area","wetland_summary":"Woody Slope, Depressional Vegetated","level1_summary":"Non-Tidal","program_id":"russian_river","program":"Russian River","resolution":7,"stations":[]}},{"type":"Feature","geometry":{"type":"Polygon","coordinates":[[[-123.16938849528871,38.494552678805576],[-123.16195899477492,38.50629913539549],[-123.17087133627642,38.51666568597238],[-123.18721300718312,38.51528465980479],[-123.19463898985101,38.50353825617365],[-123.18572682034304,38.493172825643356],[-123.16938849528871,38.494552678805576]]]},"properties":{"h3_index":"872831ce9ffffff","station_count":14,"polygon_count":14,"coverage_type":"area","wetland_summary":"Non-woody Slope, Depressional Vegetated, Seep/Spring","level1_summary":"Non-Tidal","program_id":"russian_river","program":"Russian River","resolution":7,"stations":[]}},{"type":"Feature","geometry":{"type":"Polygon","coordinates":[[[-123.12036003271966,38.49867943649404],[-123.1129221412409,38.51042444607131],[-123.12183282909442,38.52079595520952],[-123.13818124503558,38.519421334669],[-123.14561562285702,38.50767637436894],[-123.1367050992818,38.49730598522449],[-123.12036003271966,38.49867943649404]]]},"properties":{"h3_index":"872831ceaffffff","station_count":6,"polygon_count":6,"coverage_type":"area","wetland_summary":"Channel Vegetated Woody, Non-woody Slope, Depressional Vegetated","level1_summary":"Non-Tidal","program_id":"russian_river","program":"Russian River","resolution":7,"stations":[]}},{"type":"Feature","geometry":{"type":"Polygon","coordinates":[[[-123.14561562285702,38.50767637436894],[-123.13818124503558,38.519421334669],[-123.14709375482728,38.529789004918534],[-123.16344047503654,38.52841059508751],[-123.17087133627642,38.51666568597238],[-123.16195899477492,38.50629913539549],[-123.14561562285702,38.50767637436894]]]},"properties":{"h3_index":"872831cebffffff","station_count":8,"polygon_count":8,"coverage_type":"area","wetland_summary":"Depressional Vegetated, Seep/Spring, Depressional Open Water","level1_summary":"Non-Tidal","program_id":"russian_river","program":"Russian River","resolution":7,"stations":[]}},{"type":"Feature","geometry":{"type":"Polygon","coordinates":[[[-123.14266123003205,38.46343831996728],[-123.13522957649332,38.47518637196434],[-123.1441381147229,38.48555947758438],[-123.16047813969776,38.4841834100311],[-123.16790627996221,38.47243540894774],[-123.1589979094114,38.462063424396156],[-123.14266123003205,38.46343831996728]]]},"properties":{"h3_index":"872831cecffffff","station_count":85,"polygon_count":85,"coverage_type":"area","wetland_summary":"Woody Slope, Non-woody Slope, Estuarine and Marine Beach","level1_summary":"Non-Tidal, Tidal","program_id":"russian_river","program":"Russian River","resolution":7,"stations":[]}},{"type":"Feature","geometry":{"type":"Polygon","coordinates":[[[-123.16790627996221,38.47243540894774],[-123.16047813969776,38.4841834100311],[-123.16938849528871,38.494552678805576],[-123.18572682034304,38.493172825643356],[-123.1931514444163,38.48142487738285],[-123.18424126051082,38.471056729353755],[-123.16790627996221,38.47243540894774]]]},"properties":{"h3_index":"872831cedffffff","station_count":19,"polygon_count":19,"coverage_type":"area","wetland_summary":"Rocky Shore, Estuarine and Marine Beach, Non-woody Slope","level1_summary":"Tidal, Non-Tidal","program_id":"russian_river","program":"Russian River","resolution":7,"stations":[]}},{"type":"Feature","geometry":{"type":"Polygon","coordinates":[[[-123.11888785796101,38.47655865340116],[-123.11145133051511,38.48830521018311],[-123.12036003271966,38.49867943649404],[-123.1367050992818,38.49730598522449],[-123.1441381147229,38.48555947758438],[-123.13522957649332,38.47518637196434],[-123.11888785796101,38.47655865340116]]]},"properties":{"h3_index":"872831ceeffffff","station_count":21,"polygon_count":21,"coverage_type":"area","wetland_summary":"Woody Slope, Non-woody Slope, Depressional Vegetated","level1_summary":"Non-Tidal","program_id":"russian_river","program":"Russian River","resolution":7,"stations":[]}},{"type":"Feature","geometry":{"type":"Polygon","coordinates":[[[-123.01933910125089,38.46261544038392],[-123.01188718446578,38.4743606279969],[-123.02079055014265,38.48474747859989],[-123.03714568526566,38.48338802022953],[-123.04459410013074,38.47164287426494],[-123.03569088268335,38.461257144915336],[-123.01933910125089,38.46261544038392]]]},"properties":{"h3_index":"872831cf0ffffff","station_count":213,"polygon_count":213,"coverage_type":"area","wetland_summary":"Woody Slope, Tidal Vegetated, Channel Vegetated Woody","level1_summary":"Non-Tidal, Tidal","program_id":"russian_river","program":"Russian River","resolution":7,"stations":[]}},{"type":"Feature","geometry":{"type":"Polygon","coordinates":[[[-123.04459410013074,38.47164287426494],[-123.03714568526566,38.48338802022953],[-123.04605088664593,38.493771037590705],[-123.0624043515391,38.492407787937864],[-123.0698492615437,38.480662685528515],[-123.06094421240527,38.4702807891096],[-123.04459410013074,38.47164287426494]]]},"properties":{"h3_index":"872831cf1ffffff","station_count":118,"polygon_count":118,"coverage_type":"area","wetland_summary":"Woody Slope, Non-woody Slope, Channel Vegetated Woody","level1_summary":"Non-Tidal","program_id":"russian_river","program":"Russian River","resolution":7,"stations":[]}},{"type":"Feature","geometry":{"type":"Polygon","coordinates":[[[-122.99553038549301,38.47571629460086],[-122.98807359697578,38.487459972446906],[-122.99697710716072,38.49784794391731],[-123.01333726224671,38.496491116567434],[-123.02079055014265,38.48474747859989],[-123.01188718446578,38.4743606279969],[-122.99553038549301,38.47571629460086]]]},"properties":{"h3_index":"872831cf2ffffff","station_count":212,"polygon_count":212,"coverage_type":"area","wetland_summary":"Woody Slope, Channel Vegetated, Non-woody Slope","level1_summary":"Non-Tidal","program_id":"russian_river","program":"Russian River","resolution":7,"stations":[]}},{"type":"Feature","geometry":{"type":"Polygon","coordinates":[[[-123.02079055014265,38.48474747859989],[-123.01333726224671,38.496491116567434],[-123.02224261215002,38.5068752544871],[-123.03860110231727,38.50551463377369],[-123.04605088664593,38.493771037590705],[-123.03714568526566,38.48338802022953],[-123.02079055014265,38.48474747859989]]]},"properties":{"h3_index":"872831cf3ffffff","station_count":55,"polygon_count":55,"coverage_type":"area","wetland_summary":"Woody Slope, Non-woody Slope, Channel Vegetated Woody","level1_summary":"Non-Tidal","program_id":"russian_river","program":"Russian River","resolution":7,"stations":[]}},{"type":"Feature","geometry":{"type":"Polygon","coordinates":[[[-123.01788826508832,38.44047914525673],[-123.01043771893025,38.45222587952642],[-123.01933910125089,38.46261544038392],[-123.03569088268335,38.461257144915336],[-123.04313792856743,38.44951045215606],[-123.0342366941831,38.439122013247996],[-123.01788826508832,38.44047914525673]]]},"properties":{"h3_index":"872831cf4ffffff","station_count":21,"polygon_count":21,"coverage_type":"area","wetland_summary":"Woody Slope, Non-woody Slope, Channel Vegetated Woody","level1_summary":"Non-Tidal","program_id":"russian_river","program":"Russian River","resolution":7,"stations":[]}},{"type":"Feature","geometry":{"type":"Polygon","coordinates":[[[-123.04313792856743,38.44951045215606],[-123.03569088268335,38.461257144915336],[-123.04459410013074,38.47164287426494],[-123.06094421240527,38.4702807891096],[-123.0683877550767,38.45853413976828],[-123.0594846895754,38.448149532057215],[-123.04313792856743,38.44951045215606]]]},"properties":{"h3_index":"872831cf5ffffff","station_count":410,"polygon_count":410,"coverage_type":"area","wetland_summary":"Woody Slope, Non-woody Slope, Tidal Vegetated","level1_summary":"Non-Tidal, Tidal","program_id":"russian_river","program":"Russian River","resolution":7,"stations":[]}},{"type":"Feature","geometry":{"type":"Polygon","coordinates":[[[-122.99408427471609,38.453580384826644],[-122.98662885895534,38.46532561218132],[-122.99553038549301,38.47571629460086],[-123.01188718446578,38.4743606279969],[-123.01933910125089,38.46261544038392],[-123.01043771893025,38.45222587952642],[-122.99408427471609,38.453580384826644]]]},"properties":{"h3_index":"872831cf6ffffff","station_count":248,"polygon_count":248,"coverage_type":"area","wetland_summary":"Woody Slope, Channel Vegetated, Non-woody Slope","level1_summary":"Non-Tidal, Tidal","program_id":"russian_river","program":"Russian River","resolution":7,"stations":[]}},{"type":"Feature","geometry":{"type":"Polygon","coordinates":[[[-122.88453098753791,38.28436678297888],[-122.87706987106294,38.29612138090273],[-122.88595213711436,38.306543548703814],[-122.90229539404437,38.305209991516755],[-122.90975303317187,38.29345542483629],[-122.90087089360846,38.2830343839935],[-122.88453098753791,38.28436678297888]]]},"properties":{"h3_index":"872831d80ffffff","station_count":58,"polygon_count":58,"coverage_type":"area","wetland_summary":"Woody Slope, Depressional Vegetated, Non-woody Slope","level1_summary":"Non-Tidal","program_id":"russian_river","program":"Russian River","resolution":7,"stations":[]}},{"type":"Feature","geometry":{"type":"Polygon","coordinates":[[[-122.90975303317187,38.29345542483629],[-122.90229539404437,38.305209991516755],[-122.91117950943081,38.31562834378842],[-122.92752113434997,38.314291002612315],[-122.93497529317945,38.30253646908491],[-122.92609130827854,38.2921192434744],[-122.90975303317187,38.29345542483629]]]},"properties":{"h3_index":"872831d81ffffff","station_count":136,"polygon_count":136,"coverage_type":"area","wetland_summary":"Depressional Vegetated, Woody Slope, Non-woody Slope","level1_summary":"Non-Tidal, Tidal","program_id":"russian_river","program":"Russian River","resolution":7,"stations":[]}},{"type":"Feature","geometry":{"type":"Polygon","coordinates":[[[-122.86072498848749,38.2974511536588],[-122.8532590195997,38.30920425014723],[-122.86214140841797,38.31962754450074],[-122.87848964425015,38.318296615707574],[-122.88595213711436,38.306543548703814],[-122.87706987106294,38.29612138090273],[-122.86072498848749,38.2974511536588]]]},"properties":{"h3_index":"872831d82ffffff","station_count":140,"polygon_count":140,"coverage_type":"area","wetland_summary":"Non-woody Slope, Woody Slope, Channel Vegetated","level1_summary":"Non-Tidal","program_id":"russian_river","program":"Russian River","resolution":7,"stations":[]}},{"type":"Feature","geometry":{"type":"Polygon","coordinates":[[[-122.88595213711436,38.306543548703814],[-122.87848964425015,38.318296615707574],[-122.88737388640352,38.3287160942368],[-122.90372049554631,38.32738137939872],[-122.91117950943081,38.31562834378842],[-122.90229539404437,38.305209991516755],[-122.88595213711436,38.306543548703814]]]},"properties":{"h3_index":"872831d83ffffff","station_count":154,"polygon_count":154,"coverage_type":"area","wetland_summary":"Non-woody Slope, Woody Slope, Channel Vegetated","level1_summary":"Non-Tidal, Tidal","program_id":"russian_river","program":"Russian River","resolution":7,"stations":[]}},{"type":"Feature","geometry":{"type":"Polygon","coordinates":[[[-122.88311043729652,38.26218580254465],[-122.87565069672281,38.273941928371364],[-122.88453098753791,38.28436678297888],[-122.90087089360846,38.2830343839935],[-122.90832715846584,38.27127828925833],[-122.89944699386012,38.26085456231103],[-122.88311043729652,38.26218580254465]]]},"properties":{"h3_index":"872831d84ffffff","station_count":208,"polygon_count":208,"coverage_type":"area","wetland_summary":"Non-woody Slope, Depressional Vegetated, Woody Slope","level1_summary":"Non-Tidal, Tidal","program_id":"russian_river","program":"Russian River","resolution":7,"stations":[]}},{"type":"Feature","geometry":{"type":"Polygon","coordinates":[[[-122.90832715846584,38.27127828925833],[-122.90087089360846,38.2830343839935],[-122.90975303317187,38.29345542483629],[-122.92609130827854,38.2921192434744],[-122.9335440944707,38.280363181741066],[-122.92466208511166,38.26994326826165],[-122.90832715846584,38.27127828925833]]]},"properties":{"h3_index":"872831d85ffffff","station_count":90,"polygon_count":90,"coverage_type":"area","wetland_summary":"Non-woody Slope, Woody Slope, Depressional Open Water","level1_summary":"Non-Tidal, Tidal","program_id":"russian_river","program":"Russian River","resolution":7,"stations":[]}},{"type":"Feature","geometry":{"type":"Polygon","coordinates":[[[-122.85930916604987,38.27527054454057],[-122.85184457518194,38.28702517179837],[-122.86072498848749,38.2974511536588],[-122.87706987106294,38.29612138090273],[-122.88453098753791,38.28436678297888],[-122.87565069672281,38.273941928371364],[-122.85930916604987,38.27527054454057]]]},"properties":{"h3_index":"872831d86ffffff","station_count":65,"polygon_count":65,"coverage_type":"area","wetland_summary":"Non-woody Slope, Woody Slope, Depressional Vegetated","level1_summary":"Non-Tidal","program_id":"russian_river","program":"Russian River","resolution":7,"stations":[]}},{"type":"Feature","geometry":{"type":"Polygon","coordinates":[[[-122.93640709565827,38.324705537890004],[-122.92895156370572,38.336458540197796],[-122.93783950228753,38.346870382682596],[-122.9541828389453,38.345528097092995],[-122.96163488601769,38.333775129996944],[-122.95274708220292,38.32336441317241],[-122.93640709565827,38.324705537890004]]]},"properties":{"h3_index":"872831d88ffffff","station_count":59,"polygon_count":59,"coverage_type":"area","wetland_summary":"Non-woody Slope, Woody Slope, Depressional Vegetated","level1_summary":"Non-Tidal","program_id":"russian_river","program":"Russian River","resolution":7,"stations":[]}},{"type":"Feature","geometry":{"type":"Polygon","coordinates":[[[-122.96163488601769,38.333775129996944],[-122.9541828389453,38.345528097092995],[-122.96307262061593,38.35593611936854],[-122.97941431148158,38.35459004908364],[-122.98686287072955,38.34283711910882],[-122.97797322782591,38.332430222191164],[-122.96163488601769,38.333775129996944]]]},"properties":{"h3_index":"872831d89ffffff","station_count":219,"polygon_count":219,"coverage_type":"area","wetland_summary":"Woody Slope, Non-woody Slope, Depressional Vegetated","level1_summary":"Non-Tidal","program_id":"russian_river","program":"Russian River","resolution":7,"stations":[]}},{"type":"Feature","geometry":{"type":"Polygon","coordinates":[[[-122.91260658762164,38.33779704063658],[-122.90514619849306,38.34954854216449],[-122.9140342681237,38.35996150990967],[-122.93038259672589,38.35862185076038],[-122.93783950228753,38.346870382682596],[-122.92895156370572,38.336458540197796],[-122.91260658762164,38.33779704063658]]]},"properties":{"h3_index":"872831d8affffff","station_count":117,"polygon_count":117,"coverage_type":"area","wetland_summary":"Woody Slope, Non-woody Slope, Depressional Vegetated","level1_summary":"Non-Tidal","program_id":"russian_river","program":"Russian River","resolution":7,"stations":[]}},{"type":"Feature","geometry":{"type":"Polygon","coordinates":[[[-122.93783950228753,38.346870382682596],[-122.93038259672589,38.35862185076038],[-122.93927251344792,38.36903099799614],[-122.95561920157115,38.36768755208756],[-122.96307262061593,38.35593611936854],[-122.9541828389453,38.345528097092995],[-122.93783950228753,38.346870382682596]]]},"properties":{"h3_index":"872831d8bffffff","station_count":156,"polygon_count":156,"coverage_type":"area","wetland_summary":"Non-woody Slope, Woody Slope, Depressional Vegetated","level1_summary":"Non-Tidal","program_id":"russian_river","program":"Russian River","resolution":7,"stations":[]}},{"type":"Feature","geometry":{"type":"Polygon","coordinates":[[[-122.93497529317945,38.30253646908491],[-122.92752113434997,38.314291002612315],[-122.93640709565827,38.324705537890004],[-122.95274708220292,38.32336441317241],[-122.96019775778777,38.31160991470798],[-122.9513119309625,38.30119650579184],[-122.93497529317945,38.30253646908491]]]},"properties":{"h3_index":"872831d8cffffff","station_count":232,"polygon_count":232,"coverage_type":"area","wetland_summary":"Tidal Marsh Panne, Non-woody Slope, Tidal Vegetated","level1_summary":"Tidal, Non-Tidal","program_id":"russian_river","program":"Russian River","resolution":7,"stations":[]}},{"type":"Feature","geometry":{"type":"Polygon","coordinates":[[[-122.96019775778777,38.31160991470798],[-122.95274708220292,38.32336441317241],[-122.96163488601769,38.333775129996944],[-122.97797322782591,38.332430222191164],[-122.98542041722355,38.320675760699814],[-122.97653275188927,38.31026616993467],[-122.96019775778777,38.31160991470798]]]},"properties":{"h3_index":"872831d8dffffff","station_count":208,"polygon_count":208,"coverage_type":"area","wetland_summary":"Non-woody Slope, Tidal Vegetated, Tidal Flat","level1_summary":"Tidal, Non-Tidal","program_id":"russian_river","program":"Russian River","resolution":7,"stations":[]}},{"type":"Feature","geometry":{"type":"Polygon","coordinates":[[[-122.91117950943081,38.31562834378842],[-122.90372049554631,38.32738137939872],[-122.91260658762164,38.33779704063658],[-122.92895156370572,38.336458540197796],[-122.93640709565827,38.324705537890004],[-122.92752113434997,38.314291002612315],[-122.91117950943081,38.31562834378842]]]},"properties":{"h3_index":"872831d8effffff","station_count":197,"polygon_count":197,"coverage_type":"area","wetland_summary":"Non-woody Slope, Woody Slope, Depressional Vegetated","level1_summary":"Non-Tidal, Tidal","program_id":"russian_river","program":"Russian River","resolution":7,"stations":[]}},{"type":"Feature","geometry":{"type":"Polygon","coordinates":[[[-122.81167716128087,38.301427639145075],[-122.8042028674625,38.31317925539208],[-122.81308351457294,38.323607490533185],[-122.82943834135861,38.32228298288596],[-122.83690916344919,38.310531392456944],[-122.82802863137695,38.3001042837517],[-122.81167716128087,38.301427639145075]]]},"properties":{"h3_index":"872831d90ffffff","station_count":29,"polygon_count":29,"coverage_type":"area","wetland_summary":"Depressional Vegetated, Non-woody Slope, Depressional Open Water","level1_summary":"Non-Tidal","program_id":"russian_river","program":"Russian River","resolution":7,"stations":[]}},{"type":"Feature","geometry":{"type":"Polygon","coordinates":[[[-122.83690916344919,38.310531392456944],[-122.82943834135861,38.32228298288596],[-122.83832084921778,38.332707403385214],[-122.8546740610209,38.33137910720405],[-122.86214140841797,38.31962754450074],[-122.8532590195997,38.30920425014723],[-122.83690916344919,38.310531392456944]]]},"properties":{"h3_index":"872831d91ffffff","station_count":143,"polygon_count":143,"coverage_type":"area","wetland_summary":"Non-woody Slope, Depressional Vegetated, Woody Slope","level1_summary":"Non-Tidal","program_id":"russian_river","program":"Russian River","resolution":7,"stations":[]}},{"type":"Feature","geometry":{"type":"Polygon","coordinates":[[[-122.78784643207266,38.31449997407592],[-122.78036728560865,38.326250077881284],[-122.78924804402402,38.33667943904847],[-122.80560783849491,38.33535757027887],[-122.81308351457294,38.323607490533185],[-122.8042028674625,38.31317925539208],[-122.78784643207266,38.31449997407592]]]},"properties":{"h3_index":"872831d92ffffff","station_count":76,"polygon_count":76,"coverage_type":"area","wetland_summary":"Non-woody Slope, Depressional Vegetated, Woody Slope","level1_summary":"Non-Tidal","program_id":"russian_river","program":"Russian River","resolution":7,"stations":[]}},{"type":"Feature","geometry":{"type":"Polygon","coordinates":[[[-122.81308351457294,38.323607490533185],[-122.80560783849491,38.33535757027887],[-122.81449046166429,38.345783116516365],[-122.83084864649712,38.344457457164424],[-122.83832084921778,38.332707403385214],[-122.82943834135861,38.32228298288596],[-122.81308351457294,38.323607490533185]]]},"properties":{"h3_index":"872831d93ffffff","station_count":87,"polygon_count":87,"coverage_type":"area","wetland_summary":"Non-woody Slope, Woody Slope, Depressional Vegetated","level1_summary":"Non-Tidal","program_id":"russian_river","program":"Russian River","resolution":7,"stations":[]}},{"type":"Feature","geometry":{"type":"Polygon","coordinates":[[[-122.81027140141396,38.279243567833774],[-122.8027984893634,38.290996717566046],[-122.81167716128087,38.301427639145075],[-122.82802863137695,38.3001042837517],[-122.8354980733282,38.28835115968718],[-122.82661951617725,38.277921365242825],[-122.81027140141396,38.279243567833774]]]},"properties":{"h3_index":"872831d94ffffff","station_count":20,"polygon_count":20,"coverage_type":"area","wetland_summary":"Depressional Vegetated, Non-woody Slope, Depressional Open Water","level1_summary":"Non-Tidal","program_id":"russian_river","program":"Russian River","resolution":7,"stations":[]}},{"type":"Feature","geometry":{"type":"Polygon","coordinates":[[[-122.8354980733282,38.28835115968718],[-122.82802863137695,38.3001042837517],[-122.83690916344919,38.310531392456944],[-122.8532590195997,38.30920425014723],[-122.86072498848749,38.2974511536588],[-122.85184457518194,38.28702517179837],[-122.8354980733282,38.28835115968718]]]},"properties":{"h3_index":"872831d95ffffff","station_count":75,"polygon_count":75,"coverage_type":"area","wetland_summary":"Non-woody Slope, Woody Slope, Depressional Vegetated","level1_summary":"Non-Tidal","program_id":"russian_river","program":"Russian River","resolution":7,"stations":[]}},{"type":"Feature","geometry":{"type":"Polygon","coordinates":[[[-122.78644541169615,38.292316285615904],[-122.77896764911969,38.30406792577345],[-122.78784643207266,38.31449997407592],[-122.8042028674625,38.31317925539208],[-122.81167716128087,38.301427639145075],[-122.8027984893634,38.290996717566046],[-122.78644541169615,38.292316285615904]]]},"properties":{"h3_index":"872831d96ffffff","station_count":53,"polygon_count":53,"coverage_type":"area","wetland_summary":"Depressional Vegetated, Non-woody Slope, Woody Slope","level1_summary":"Non-Tidal","program_id":"russian_river","program":"Russian River","resolution":7,"stations":[]}},{"type":"Feature","geometry":{"type":"Polygon","coordinates":[[[-122.86355842621793,38.3417997115864],[-122.85608969982198,38.35354973749211],[-122.86497604226417,38.36396764944296],[-122.88133098867561,38.362634410227265],[-122.88879623578336,38.35088441410235],[-122.87991001666182,38.34046762730648],[-122.86355842621793,38.3417997115864]]]},"properties":{"h3_index":"872831d98ffffff","station_count":11,"polygon_count":11,"coverage_type":"area","wetland_summary":"Non-woody Slope, Depressional Vegetated, Depressional Open Water","level1_summary":"Non-Tidal","program_id":"russian_river","program":"Russian River","resolution":7,"stations":[]}},{"type":"Feature","geometry":{"type":"Polygon","coordinates":[[[-122.88879623578336,38.35088441410235],[-122.88133098867561,38.362634410227265],[-122.89021918563208,38.37304850283206],[-122.90657250326359,38.371711474346284],[-122.9140342681237,38.35996150990967],[-122.90514619849306,38.34954854216449],[-122.88879623578336,38.35088441410235]]]},"properties":{"h3_index":"872831d99ffffff","station_count":13,"polygon_count":13,"coverage_type":"area","wetland_summary":"Depressional Vegetated, Depressional Open Water, Non-woody Slope","level1_summary":"Non-Tidal","program_id":"russian_river","program":"Russian River","resolution":7,"stations":[]}},{"type":"Feature","geometry":{"type":"Polygon","coordinates":[[[-122.83973313100952,38.35487918699466],[-122.83225954716777,38.36662770111308],[-122.84114600920024,38.377046737815114],[-122.8575059363795,38.37571613554184],[-122.86497604226417,38.36396764944296],[-122.85608969982198,38.35354973749211],[-122.83973313100952,38.35487918699466]]]},"properties":{"h3_index":"872831d9affffff","station_count":73,"polygon_count":73,"coverage_type":"area","wetland_summary":"Woody Slope, Non-woody Slope, Depressional Vegetated","level1_summary":"Non-Tidal","program_id":"russian_river","program":"Russian River","resolution":7,"stations":[]}},{"type":"Feature","geometry":{"type":"Polygon","coordinates":[[[-122.86497604226417,38.36396764944296],[-122.8575059363795,38.37571613554184],[-122.86639425693399,38.38613135260471],[-122.88275256066959,38.38479695900475],[-122.89021918563208,38.37304850283206],[-122.88133098867561,38.362634410227265],[-122.86497604226417,38.36396764944296]]]},"properties":{"h3_index":"872831d9bffffff","station_count":18,"polygon_count":18,"coverage_type":"area","wetland_summary":"Woody Slope, Depressional Vegetated, Depressional Open Water","level1_summary":"Non-Tidal","program_id":"russian_river","program":"Russian River","resolution":7,"stations":[]}},{"type":"Feature","geometry":{"type":"Polygon","coordinates":[[[-122.86214140841797,38.31962754450074],[-122.8546740610209,38.33137910720405],[-122.86355842621793,38.3417997115864],[-122.87991001666182,38.34046762730648],[-122.88737388640352,38.3287160942368],[-122.87848964425015,38.318296615707574],[-122.86214140841797,38.31962754450074]]]},"properties":{"h3_index":"872831d9cffffff","station_count":54,"polygon_count":54,"coverage_type":"area","wetland_summary":"Non-woody Slope, Woody Slope, Depressional Open Water","level1_summary":"Non-Tidal","program_id":"russian_river","program":"Russian River","resolution":7,"stations":[]}},{"type":"Feature","geometry":{"type":"Polygon","coordinates":[[[-122.88737388640352,38.3287160942368],[-122.87991001666182,38.34046762730648],[-122.88879623578336,38.35088441410235],[-122.90514619849306,38.34954854216449],[-122.91260658762164,38.33779704063658],[-122.90372049554631,38.32738137939872],[-122.88737388640352,38.3287160942368]]]},"properties":{"h3_index":"872831d9dffffff","station_count":50,"polygon_count":50,"coverage_type":"area","wetland_summary":"Non-woody Slope, Woody Slope, Depressional Open Water","level1_summary":"Non-Tidal","program_id":"russian_river","program":"Russian River","resolution":7,"stations":[]}},{"type":"Feature","geometry":{"type":"Polygon","coordinates":[[[-122.83832084921778,38.332707403385214],[-122.83084864649712,38.344457457164424],[-122.83973313100952,38.35487918699466],[-122.85608969982198,38.35354973749211],[-122.86355842621793,38.3417997115864],[-122.8546740610209,38.33137910720405],[-122.83832084921778,38.332707403385214]]]},"properties":{"h3_index":"872831d9effffff","station_count":21,"polygon_count":21,"coverage_type":"area","wetland_summary":"Depressional Vegetated, Non-woody Slope, Depressional Open Water","level1_summary":"Non-Tidal","program_id":"russian_river","program":"Russian River","resolution":7,"stations":[]}},{"type":"Feature","geometry":{"type":"Polygon","coordinates":[[[-122.93068350684364,38.236003973367595],[-122.92323346446983,38.24776308245872],[-122.932113499152,38.25818568133933],[-122.94844344346338,38.25684804255021],[-122.95589000749244,38.245088968065026],[-122.94701010644326,38.23466749765675],[-122.93068350684364,38.236003973367595]]]},"properties":{"h3_index":"872831da1ffffff","station_count":7,"polygon_count":7,"coverage_type":"area","wetland_summary":"Depressional Open Water, Depressional Vegetated","level1_summary":"Non-Tidal","program_id":"russian_river","program":"Russian River","resolution":7,"stations":[]}},{"type":"Feature","geometry":{"type":"Polygon","coordinates":[[[-122.88169048601293,38.24000061289088],[-122.87423212085268,38.251758263599946],[-122.88311043729652,38.26218580254465],[-122.89944699386012,38.26085456231103],[-122.90690188493403,38.24909694253985],[-122.89802369442125,38.23867053195847],[-122.88169048601293,38.24000061289088]]]},"properties":{"h3_index":"872831da2ffffff","station_count":3,"polygon_count":3,"coverage_type":"area","wetland_summary":"Non-woody Slope","level1_summary":"Non-Tidal","program_id":"russian_river","program":"Russian River","resolution":7,"stations":[]}},{"type":"Feature","geometry":{"type":"Polygon","coordinates":[[[-122.90690188493403,38.24909694253985],[-122.89944699386012,38.26085456231103],[-122.90832715846584,38.27127828925833],[-122.92466208511166,38.26994326826165],[-122.932113499152,38.25818568133933],[-122.92323346446983,38.24776308245872],[-122.90690188493403,38.24909694253985]]]},"properties":{"h3_index":"872831da3ffffff","station_count":56,"polygon_count":56,"coverage_type":"area","wetland_summary":"Woody Slope, Tidal Channel Vegetated, Tidal Channel Vegetated Woody","level1_summary":"Non-Tidal, Tidal","program_id":"russian_river","program":"Russian River","resolution":7,"stations":[]}},{"type":"Feature","geometry":{"type":"Polygon","coordinates":[[[-122.95732531890637,38.26726682826207],[-122.94987738484295,38.27902438042435],[-122.95876123554447,38.28944047897089],[-122.97509288328907,38.28809789778282],[-122.98253733443626,38.27634038229201],[-122.97365362164315,38.265925411211384],[-122.95732531890637,38.26726682826207]]]},"properties":{"h3_index":"872831da8ffffff","station_count":135,"polygon_count":135,"coverage_type":"area","wetland_summary":"Tidal Vegetated, Tidal Marsh Panne, Tidal Flat","level1_summary":"Tidal, Non-Tidal","program_id":"russian_river","program":"Russian River","resolution":7,"stations":[]}},{"type":"Feature","geometry":{"type":"Polygon","coordinates":[[[-122.98253733443626,38.27634038229201],[-122.97509288328907,38.28809789778282],[-122.98397857192003,38.298510179936905],[-123.0003085706847,38.29716381933178],[-123.00774953598024,38.285406342424054],[-122.99886398925005,38.274995187431756],[-122.98253733443626,38.27634038229201]]]},"properties":{"h3_index":"872831da9ffffff","station_count":32,"polygon_count":32,"coverage_type":"area","wetland_summary":"Estuarine and Marine Beach, Woody Slope, Depressional Open Water","level1_summary":"Non-Tidal, Tidal","program_id":"russian_river","program":"Russian River","resolution":7,"stations":[]}},{"type":"Feature","geometry":{"type":"Polygon","coordinates":[[[-122.9335440944707,38.280363181741066],[-122.92609130827854,38.2921192434744],[-122.93497529317945,38.30253646908491],[-122.9513119309625,38.30119650579184],[-122.95876123554447,38.28944047897089],[-122.94987738484295,38.27902438042435],[-122.9335440944707,38.280363181741066]]]},"properties":{"h3_index":"872831daaffffff","station_count":48,"polygon_count":48,"coverage_type":"area","wetland_summary":"Non-woody Slope, Woody Slope, Depressional Open Water","level1_summary":"Non-Tidal, Tidal","program_id":"russian_river","program":"Russian River","resolution":7,"stations":[]}},{"type":"Feature","geometry":{"type":"Polygon","coordinates":[[[-122.95876123554447,38.28944047897089],[-122.9513119309625,38.30119650579184],[-122.96019775778777,38.31160991470798],[-122.97653275188927,38.31026616993467],[-122.98397857192003,38.298510179936905],[-122.97509288328907,38.28809789778282],[-122.95876123554447,38.28944047897089]]]},"properties":{"h3_index":"872831dabffffff","station_count":101,"polygon_count":101,"coverage_type":"area","wetland_summary":"Non-woody Slope, Depressional Open Water, Woody Slope","level1_summary":"Non-Tidal, Tidal","program_id":"russian_river","program":"Russian River","resolution":7,"stations":[]}},{"type":"Feature","geometry":{"type":"Polygon","coordinates":[[[-122.95589000749244,38.245088968065026],[-122.94844344346338,38.25684804255021],[-122.95732531890637,38.26726682826207],[-122.97365362164315,38.265925411211384],[-122.98109670438978,38.254166373244175],[-122.97221496656961,38.24374871570325],[-122.95589000749244,38.245088968065026]]]},"properties":{"h3_index":"872831dacffffff","station_count":30,"polygon_count":30,"coverage_type":"area","wetland_summary":"Woody Slope, Non-woody Slope, Tidal Vegetated","level1_summary":"Non-Tidal, Tidal","program_id":"russian_river","program":"Russian River","resolution":7,"stations":[]}},{"type":"Feature","geometry":{"type":"Polygon","coordinates":[[[-122.98109670438978,38.254166373244175],[-122.97365362164315,38.265925411211384],[-122.98253733443626,38.27634038229201],[-122.99886398925005,38.274995187431756],[-123.00630358778047,38.2632361878948],[-122.99742001660003,38.25282234468125],[-122.98109670438978,38.254166373244175]]]},"properties":{"h3_index":"872831dadffffff","station_count":6,"polygon_count":6,"coverage_type":"area","wetland_summary":"Estuarine and Marine Beach, Rocky Shore, Tidal Channel","level1_summary":"Tidal","program_id":"russian_river","program":"Russian River","resolution":7,"stations":[]}},{"type":"Feature","geometry":{"type":"Polygon","coordinates":[[[-122.932113499152,38.25818568133933],[-122.92466208511166,38.26994326826165],[-122.9335440944707,38.280363181741066],[-122.94987738484295,38.27902438042435],[-122.95732531890637,38.26726682826207],[-122.94844344346338,38.25684804255021],[-122.932113499152,38.25818568133933]]]},"properties":{"h3_index":"872831daeffffff","station_count":107,"polygon_count":107,"coverage_type":"area","wetland_summary":"Tidal Marsh Panne, Tidal Channel Vegetated Woody, Tidal Channel Vegetated","level1_summary":"Tidal, Non-Tidal","program_id":"russian_river","program":"Russian River","resolution":7,"stations":[]}},{"type":"Feature","geometry":{"type":"Polygon","coordinates":[[[-122.83267767852858,38.243978050567925],[-122.8252109953848,38.25573423284761],[-122.83408757847961,38.26616671056032],[-122.85043072739172,38.264841877641274],[-122.85789394072893,38.253085722633124],[-122.84901747585329,38.2426543731669],[-122.83267767852858,38.243978050567925]]]},"properties":{"h3_index":"872831db0ffffff","station_count":105,"polygon_count":105,"coverage_type":"area","wetland_summary":"Channel Vegetated, Non-woody Slope, Woody Slope","level1_summary":"Non-Tidal","program_id":"russian_river","program":"Russian River","resolution":7,"stations":[]}},{"type":"Feature","geometry":{"type":"Polygon","coordinates":[[[-122.85789394072893,38.253085722633124],[-122.85043072739172,38.264841877641274],[-122.85930916604987,38.27527054454057],[-122.87565069672281,38.273941928371364],[-122.88311043729652,38.26218580254465],[-122.87423212085268,38.251758263599946],[-122.85789394072893,38.253085722633124]]]},"properties":{"h3_index":"872831db1ffffff","station_count":150,"polygon_count":150,"coverage_type":"area","wetland_summary":"Non-woody Slope, Woody Slope, Channel Vegetated","level1_summary":"Non-Tidal","program_id":"russian_river","program":"Russian River","resolution":7,"stations":[]}},{"type":"Feature","geometry":{"type":"Polygon","coordinates":[[[-122.80886623459838,38.257055282088196],[-122.80139470382399,38.26880996228642],[-122.81027140141396,38.279243567833774],[-122.82661951617725,38.277921365242825],[-122.83408757847961,38.26616671056032],[-122.8252109953848,38.25573423284761],[-122.80886623459838,38.257055282088196]]]},"properties":{"h3_index":"872831db2ffffff","station_count":102,"polygon_count":102,"coverage_type":"area","wetland_summary":"Non-woody Slope, Depressional Vegetated, Channel Vegetated","level1_summary":"Non-Tidal","program_id":"russian_river","program":"Russian River","resolution":7,"stations":[]}},{"type":"Feature","geometry":{"type":"Polygon","coordinates":[[[-122.83408757847961,38.26616671056032],[-122.82661951617725,38.277921365242825],[-122.8354980733282,38.28835115968718],[-122.85184457518194,38.28702517179837],[-122.85930916604987,38.27527054454057],[-122.85043072739172,38.264841877641274],[-122.83408757847961,38.26616671056032]]]},"properties":{"h3_index":"872831db3ffffff","station_count":106,"polygon_count":106,"coverage_type":"area","wetland_summary":"Non-woody Slope, Depressional Vegetated, Depressional Open Water","level1_summary":"Non-Tidal","program_id":"russian_river","program":"Russian River","resolution":7,"stations":[]}},{"type":"Feature","geometry":{"type":"Polygon","coordinates":[[[-122.83126837310051,38.22178518520865],[-122.8238030686253,38.23354289206147],[-122.83267767852858,38.243978050567925],[-122.84901747585329,38.2426543731669],[-122.85647931214861,38.230896693430694],[-122.84760482019128,38.22046266387333],[-122.83126837310051,38.22178518520865]]]},"properties":{"h3_index":"872831db4ffffff","station_count":3,"polygon_count":3,"coverage_type":"area","wetland_summary":"Depressional Open Water, Non-woody Slope","level1_summary":"Non-Tidal","program_id":"russian_river","program":"Russian River","resolution":7,"stations":[]}},{"type":"Feature","geometry":{"type":"Polygon","coordinates":[[[-122.80746166046063,38.23486278740431],[-122.79999151047102,38.246618995045914],[-122.80886623459838,38.257055282088196],[-122.8252109953848,38.25573423284761],[-122.83267767852858,38.243978050567925],[-122.8238030686253,38.23354289206147],[-122.80746166046063,38.23486278740431]]]},"properties":{"h3_index":"872831db6ffffff","station_count":28,"polygon_count":28,"coverage_type":"area","wetland_summary":"Depressional Vegetated, Depressional Open Water, Non-woody Slope","level1_summary":"Non-Tidal","program_id":"russian_river","program":"Russian River","resolution":7,"stations":[]}},{"type":"Feature","geometry":{"type":"Polygon","coordinates":[[[-122.99709308509675,39.251925565529085],[-122.98957944009429,39.26361157890805],[-122.99855121376126,39.273908154021626],[-123.01503648635143,39.27251761835211],[-123.02254657675023,39.260831644827164],[-123.01357495007495,39.25053616701018],[-122.99709308509675,39.251925565529085]]]},"properties":{"h3_index":"872833a48ffffff","station_count":25,"polygon_count":25,"coverage_type":"area","wetland_summary":"Non-woody Slope, Depressional Vegetated, Seep/Spring","level1_summary":"Non-Tidal","program_id":"russian_river","program":"Russian River","resolution":7,"stations":[]}},{"type":"Feature","geometry":{"type":"Polygon","coordinates":[[[-123.02254657675023,39.260831644827164],[-123.01503648635143,39.27251761835211],[-123.0240101277821,39.282810301916015],[-123.04049370942356,39.281415914863516],[-123.04800024220476,39.26972998307492],[-123.03902675187368,39.259438396494744],[-123.02254657675023,39.260831644827164]]]},"properties":{"h3_index":"872833a49ffffff","station_count":2,"polygon_count":2,"coverage_type":"area","wetland_summary":"Depressional Vegetated, Seep/Spring","level1_summary":"Non-Tidal","program_id":"russian_river","program":"Russian River","resolution":7,"stations":[]}},{"type":"Feature","geometry":{"type":"Polygon","coordinates":[[[-122.99563557684883,39.22993852961867],[-122.98812332559277,39.24162619780621],[-122.99709308509675,39.251925565529085],[-123.01357495007495,39.25053616701018],[-123.02108364841115,39.23884853860257],[-123.01211403560096,39.22855026882644],[-122.99563557684883,39.22993852961867]]]},"properties":{"h3_index":"872833a4cffffff","station_count":13,"polygon_count":13,"coverage_type":"area","wetland_summary":"Depressional Vegetated, Non-woody Slope, Woody Slope","level1_summary":"Non-Tidal","program_id":"russian_river","program":"Russian River","resolution":7,"stations":[]}},{"type":"Feature","geometry":{"type":"Polygon","coordinates":[[[-123.02108364841115,39.23884853860257],[-123.01357495007495,39.25053616701018],[-123.02254657675023,39.260831644827164],[-123.03902675187368,39.259438396494744],[-123.04653189427776,39.247750809750016],[-123.03756041840154,39.23745642956717],[-123.02108364841115,39.23884853860257]]]},"properties":{"h3_index":"872833a4dffffff","station_count":2,"polygon_count":2,"coverage_type":"area","wetland_summary":"Depressional Vegetated","level1_summary":"Non-Tidal","program_id":"russian_river","program":"Russian River","resolution":7,"stations":[]}},{"type":"Feature","geometry":{"type":"Polygon","coordinates":[[[-123.01815965823018,39.19486899941785],[-123.0106537425346,39.206559928970904],[-123.01962134236949,39.21686098840833],[-123.03609470861095,39.21547001924638],[-123.04359707174181,39.20377913120401],[-123.03462962210592,39.19347917070529],[-123.01815965823018,39.19486899941785]]]},"properties":{"h3_index":"872833a68ffffff","station_count":6,"polygon_count":6,"coverage_type":"area","wetland_summary":"Depressional Vegetated, Depressional Open Water","level1_summary":"Non-Tidal","program_id":"russian_river","program":"Russian River","resolution":7,"stations":[]}},{"type":"Feature","geometry":{"type":"Polygon","coordinates":[[[-123.04359707174181,39.20377913120401],[-123.03609470861095,39.21547001924638],[-123.04506417092227,39.22576719073673],[-123.06153584297464,39.22437237545289],[-123.06903465053608,39.21268153080575],[-123.06006534252371,39.20238545793943],[-123.04359707174181,39.20377913120401]]]},"properties":{"h3_index":"872833a69ffffff","station_count":4,"polygon_count":4,"coverage_type":"area","wetland_summary":"Depressional Vegetated","level1_summary":"Non-Tidal","program_id":"russian_river","program":"Russian River","resolution":7,"stations":[]}},{"type":"Feature","geometry":{"type":"Polygon","coordinates":[[[-123.01962134236949,39.21686098840833],[-123.01211403560096,39.22855026882644],[-123.02108364841115,39.23884853860257],[-123.03756041840154,39.23745642956717],[-123.04506417092227,39.22576719073673],[-123.03609470861095,39.21547001924638],[-123.01962134236949,39.21686098840833]]]},"properties":{"h3_index":"872833a6bffffff","station_count":6,"polygon_count":6,"coverage_type":"area","wetland_summary":"Seep/Spring, Non-woody Slope, Woody Slope","level1_summary":"Non-Tidal","program_id":"russian_river","program":"Russian River","resolution":7,"stations":[]}},{"type":"Feature","geometry":{"type":"Polygon","coordinates":[[[-123.01669859559843,39.172872576811834],[-123.00919407048137,39.18456515262092],[-123.01815965823018,39.19486899941785],[-123.03462962210592,39.19347917070529],[-123.04213059634021,39.18178663632813],[-123.03316515849096,39.17148388912404],[-123.01669859559843,39.172872576811834]]]},"properties":{"h3_index":"872833a6cffffff","station_count":2,"polygon_count":2,"coverage_type":"area","wetland_summary":"Depressional Vegetated","level1_summary":"Non-Tidal","program_id":"russian_river","program":"Russian River","resolution":7,"stations":[]}},{"type":"Feature","geometry":{"type":"Polygon","coordinates":[[[-123.04213059634021,39.18178663632813],[-123.03462962210592,39.19347917070529],[-123.04359707174181,39.20377913120401],[-123.06006534252371,39.20238545793943],[-123.06756276287219,39.19069296687939],[-123.05859546723318,39.18039410565906],[-123.04213059634021,39.18178663632813]]]},"properties":{"h3_index":"872833a6dffffff","station_count":14,"polygon_count":14,"coverage_type":"area","wetland_summary":"Depressional Vegetated, Depressional Open Water","level1_summary":"Non-Tidal","program_id":"russian_river","program":"Russian River","resolution":7,"stations":[]}},{"type":"Feature","geometry":{"type":"Polygon","coordinates":[[[-122.97964382117097,38.98778908901837],[-122.972146868437,38.9994947696765],[-122.98109453076736,39.00982470366418],[-122.99753900329867,39.00844785170609],[-123.00503242155732,38.996742209895764],[-122.99608490266604,38.98641338108862],[-122.97964382117097,38.98778908901837]]]},"properties":{"h3_index":"872833b65ffffff","station_count":2,"polygon_count":2,"coverage_type":"area","wetland_summary":"Depressional Vegetated","level1_summary":"Non-Tidal","program_id":"russian_river","program":"Russian River","resolution":7,"stations":[]}}]}