{"type":"FeatureCollection","features":[{"type":"Feature","geometry":{"type":"Polygon","coordinates":[[[-118.91550533254075,34.0772195415236],[-118.90772846749552,34.08910908700711],[-118.91607061624624,34.10036126793527],[-118.93219010563234,34.09972267476746],[-118.93996414566031,34.08783282645664],[-118.93162152224258,34.076581874065795],[-118.91550533254075,34.0772195415236]]]},"properties":{"h3_index":"872912482ffffff","station_count":2,"program_id":"smc","program":"SMC","resolution":7,"stations":[{"station_id":"{6649C3A0-B7C7-43A5-A5D3-A35E92499F1B}","station_name":"Tributary Creek 0.4miles up stream of confluence to E Fork Arroyo Sequit","lat":34.08976,"lon":-118.911765,"county":"VENTURA","huc8":"Arroyp Sequit-Frontal Pacific Ocean"},{"station_id":"{9A9D636A-47D3-4B22-B51D-9AA4ADD89AF8}","station_name":"Sequit, Arroyo (48200)","lat":34.077726,"lon":-118.923951,"county":"VENTURA","waterbody":"Arroyo Sequit"}]}},{"type":"Feature","geometry":{"type":"Polygon","coordinates":[[[-118.91494028205938,34.054074715374846],[-118.90716495018823,34.06596534747581],[-118.91550533254075,34.0772195415236],[-118.93162152224258,34.076581874065795],[-118.93939403033247,34.06469093867839],[-118.93105317342437,34.05343797396006],[-118.91494028205938,34.054074715374846]]]},"properties":{"h3_index":"872912486ffffff","station_count":1,"program_id":"smc","program":"SMC","resolution":7,"stations":[{"station_id":"{BA53A6AC-8EA0-4919-9117-7A4EFFDDF67A}","station_name":"Sequit, Arroyo (45745)","lat":34.059024,"lon":-118.933902,"county":"VENTURA","waterbody":"Arroyo Sequit"}]}},{"type":"Feature","geometry":{"type":"Polygon","coordinates":[[[-118.88992843890405,34.020300860835505],[-118.88215182029174,34.03219227024382],[-118.8904881940317,34.043451710616935],[-118.90660166535935,34.04281851150991],[-118.91437546465801,34.030926796427906],[-118.90603861286509,34.01966858605163],[-118.88992843890405,34.020300860835505]]]},"properties":{"h3_index":"8729124b0ffffff","station_count":1,"program_id":"smc","program":"SMC","resolution":7,"stations":[{"station_id":"{894716FC-EDE7-474A-B736-16695E2E1F47}","station_name":"Los Allos Canyon Creek","lat":34.04201,"lon":-118.89747,"county":"LOS ANGELES","huc8":"Arroyo Sequit - Frontal Pacific Ocean"}]}},{"type":"Feature","geometry":{"type":"Polygon","coordinates":[[[-119.0867514095903,34.151369843545574],[-119.07899438748962,34.16326146835718],[-119.08735217166536,34.1744908851219],[-119.10346742820197,34.173827447654666],[-119.1112216027006,34.161935533508995],[-119.10286336918483,34.15070734608782],[-119.0867514095903,34.151369843545574]]]},"properties":{"h3_index":"8729124c2ffffff","station_count":1,"program_id":"smc","program":"SMC","resolution":7,"stations":[{"station_id":"{DC918C4D-C2E4-41D1-9B77-3D324659485F}","station_name":"Revolon Slough Below Wood Road","lat":34.16522,"lon":-119.09069,"county":"VENTURA"}]}},{"type":"Feature","geometry":{"type":"Polygon","coordinates":[[[-119.03840645352626,34.153345013659724],[-119.03064221830823,34.165234961483456],[-119.03899732047513,34.17646886643803],[-119.05511711546411,34.17581159515885],[-119.06287850827401,34.16392135459706],[-119.0545229494246,34.15268867797623],[-119.03840645352626,34.153345013659724]]]},"properties":{"h3_index":"8729124d0ffffff","station_count":1,"program_id":"smc","program":"SMC","resolution":7,"stations":[{"station_id":"{68ED3144-39E7-40E8-BC32-661EF73A061A}","station_name":"Calleguas Creek","lat":34.16864,"lon":-119.05728,"county":"VENTURA","huc8":"Revolon Slough-Calleguas Creek"}]}},{"type":"Feature","geometry":{"type":"Polygon","coordinates":[[[-117.14100679862288,33.983382930783996],[-117.13298374964425,33.995211942606076],[-117.14120630359508,34.006637209635336],[-117.15745265040115,34.00623227510513],[-117.1654730835389,33.99440283621707],[-117.15724978667707,33.98297875886971],[-117.14100679862288,33.983382930783996]]]},"properties":{"h3_index":"8729a0012ffffff","station_count":1,"program_id":"smc","program":"SMC","resolution":7,"stations":[{"station_id":"{2CECF41D-C082-428E-9442-C8DAB5624C42}","station_name":"San Timeteo SMC Site 01805","lat":33.98668,"lon":-117.14229,"county":"RIVERSIDE","huc8":"San Timoteo Canyon-San Timoteo Wash"}]}},{"type":"Feature","geometry":{"type":"Polygon","coordinates":[[[-117.21462731159878,34.03966884789371],[-117.20661048526999,34.051497967710375],[-117.2148421492073,34.06291193400098],[-117.23109137290805,34.06249559058723],[-117.23910557191957,34.05066604972725],[-117.23087317551301,34.03925327326808],[-117.21462731159878,34.03966884789371]]]},"properties":{"h3_index":"8729a001bffffff","station_count":1,"program_id":"smc","program":"SMC","resolution":7,"stations":[{"station_id":"{AF776A9B-2759-46B9-8995-FC01C69CBEFF}","station_name":"San Timoteo Creek SMC2_15524","lat":34.048135,"lon":-117.230016,"county":"SAN BERNARDINO","huc8":"San Timoteo Canyon-San Timoteo Wash"}]}},{"type":"Feature","geometry":{"type":"Polygon","coordinates":[[[-117.06854397750868,34.06656396710891],[-117.06050488556696,34.07838582556381],[-117.06872862928539,34.0898107887055],[-117.08499222094791,34.089412708346494],[-117.0930287018957,34.07759041956997],[-117.08480420314433,34.06616664141959],[-117.06854397750868,34.06656396710891]]]},"properties":{"h3_index":"8729a0083ffffff","station_count":1,"program_id":"smc","program":"SMC","resolution":7,"stations":[{"station_id":"{A4C5088B-2F0E-42D0-991E-BA7ADFA62E81}","station_name":"Mill Creek SMC2_15530","lat":34.078658,"lon":-117.067173,"county":"SAN BERNARDINO","huc8":"Santa Ana Wash-Santa Ana River"}]}},{"type":"Feature","geometry":{"type":"Polygon","coordinates":[[[-117.01993060085624,34.09099232458501],[-117.01188300174508,34.10281094861087],[-117.02010522381254,34.11423827854322],[-117.03637580871955,34.11384580153295],[-117.04442080157717,34.10202674440486],[-117.03619781675249,34.09060059733536],[-117.01993060085624,34.09099232458501]]]},"properties":{"h3_index":"8729a009effffff","station_count":1,"program_id":"smc","program":"SMC","resolution":7,"stations":[{"station_id":"{03446FFC-CE33-4F00-A2D7-DB02FD63531A}","station_name":"SMC2_15479","lat":34.098819,"lon":-117.026221,"county":"SAN BERNARDINO"}]}},{"type":"Feature","geometry":{"type":"Polygon","coordinates":[[[-117.16690696367941,34.15709863155217],[-117.1588750542436,34.168919826505665],[-117.16711214383363,34.18032838093577],[-117.18338188510485,34.17991455563538],[-117.19141116743887,34.168092938659605],[-117.18317333657303,34.15668556895099],[-117.16690696367941,34.15709863155217]]]},"properties":{"h3_index":"8729a00d3ffffff","station_count":1,"program_id":"smc","program":"SMC","resolution":7,"stations":[{"station_id":"{C2E832E2-3563-4551-A894-2C781C7A4603}","station_name":"City Creek ~0.1mi below confluence","lat":34.17289,"lon":-117.18064,"county":"SAN BERNARDINO"}]}},{"type":"Feature","geometry":{"type":"Polygon","coordinates":[[[-117.63136349605328,34.248906705625224],[-117.62339018553716,34.260741551328074],[-117.63166501892067,34.27209993777482],[-117.64791383543549,34.27162228468863],[-117.6558844590797,34.25978705003558],[-117.64760895404203,34.24842985735816],[-117.63136349605328,34.248906705625224]]]},"properties":{"h3_index":"8729a022effffff","station_count":1,"program_id":"smc","program":"SMC","resolution":7,"stations":[{"station_id":"{8BE60AB8-2B97-4491-8929-23376B656A1D}","station_name":"San Antonio Creek Non-perennial site 002","lat":34.2559,"lon":-117.64111,"county":"SAN BERNARDINO"}]}},{"type":"Feature","geometry":{"type":"Polygon","coordinates":[[[-117.509343178101,34.24081496671702],[-117.50135323791302,34.25264547526881],[-117.50961943607702,34.26401577037181],[-117.52587626555537,34.26355436590591],[-117.53386353370898,34.251723459968844],[-117.52559664538234,34.24035435582361],[-117.509343178101,34.24081496671702]]]},"properties":{"h3_index":"8729a0232ffffff","station_count":1,"program_id":"smc","program":"SMC","resolution":7,"stations":[{"station_id":"{F28C9456-F34F-42C3-96F4-49BDAA6F0CF1}","station_name":"Lytle Creek Middle Fork Non-perennial site 001","lat":34.2442,"lon":-117.50727,"county":"SAN BERNARDINO"}]}},{"type":"Feature","geometry":{"type":"Polygon","coordinates":[[[-116.82503351075417,34.165282733627485],[-116.8169535697412,34.1770894478918],[-116.82516783216178,34.18852814463396],[-116.84146283002725,34.18815895202801],[-116.84954018506022,34.17635179311962],[-116.84132512918505,34.164914271409835],[-116.82503351075417,34.165282733627485]]]},"properties":{"h3_index":"8729a0453ffffff","station_count":2,"program_id":"smc","program":"SMC","resolution":7,"stations":[{"station_id":"{47D0B638-F460-4991-91DF-77B0ED64309C}","station_name":"Upper Santa Ana River near Seven Oaks Road SMC2_15511","lat":34.177075,"lon":-116.844262,"county":"SAN BERNARDINO"},{"station_id":"{253D601E-F3D8-49AB-9334-832031E9263D}","station_name":"Santa Ana River near Barton Flats SMC Site 01671","lat":34.16963,"lon":-116.82558,"county":"SAN BERNARDINO","huc8":"Fish Creek-Santa Ana River"}]}},{"type":"Feature","geometry":{"type":"Polygon","coordinates":[[[-116.87390483199783,34.16417096083549],[-116.86583172593836,34.175979771382124],[-116.87404929017461,34.187414176047746],[-116.89034074744262,34.18703859367154],[-116.89841126160124,34.17522934169845],[-116.89019291136898,34.16379611347599],[-116.87390483199783,34.16417096083549]]]},"properties":{"h3_index":"8729a045cffffff","station_count":1,"program_id":"smc","program":"SMC","resolution":7,"stations":[{"station_id":"{BFF5589F-97DB-4BFB-A745-D5114D16B679}","station_name":"SMC2_15447","lat":34.166907,"lon":-116.88835,"county":"SAN BERNARDINO"}]}},{"type":"Feature","geometry":{"type":"Polygon","coordinates":[[[-116.89841126160124,34.17522934169845],[-116.89034074744262,34.18703859367154],[-116.89856081748823,34.19846987834294],[-116.91485218508694,34.198090734214986],[-116.92292010384107,34.18628104265071],[-116.914699251377,34.17485093475327],[-116.89841126160124,34.17522934169845]]]},"properties":{"h3_index":"8729a045dffffff","station_count":1,"program_id":"smc","program":"SMC","resolution":7,"stations":[{"station_id":"{EEB72CF1-5D92-4F31-92C0-683163E0CBF2}","station_name":"Barton Creek ~ 1.4 mi. NW of Barton Flats Campground","lat":34.18128,"lon":-116.91197,"county":"SAN BERNARDINO"}]}},{"type":"Feature","geometry":{"type":"Polygon","coordinates":[[[-116.99646102021116,34.21939602558241],[-116.98840090867377,34.231207024900286],[-116.99663097636915,34.24262580019402],[-117.01292192466579,34.24223239804456],[-117.02097942680265,34.230420966484886],[-117.01274859101841,34.219003369263085],[-116.99646102021116,34.21939602558241]]]},"properties":{"h3_index":"8729a0710ffffff","station_count":1,"program_id":"smc","program":"SMC","resolution":7,"stations":[{"station_id":"{D5AD6039-9DC9-4ED1-93C0-68C6B5671F50}","station_name":"Bear Creek ~5mi W Big Bear Lake","lat":34.23169,"lon":-116.99915,"county":"SAN BERNARDINO"}]}},{"type":"Feature","geometry":{"type":"Polygon","coordinates":[[[-116.97210984645457,34.23159686090381],[-116.96404547392737,34.243406215522846],[-116.97227476965277,34.25482616782582],[-116.98856921085122,34.25443558844745],[-116.99663097636915,34.24262580019402],[-116.98840090867377,34.231207024900286],[-116.97210984645457,34.23159686090381]]]},"properties":{"h3_index":"8729a0712ffffff","station_count":1,"program_id":"smc","program":"SMC","resolution":7,"stations":[{"station_id":"{6E090FE0-3CA9-4692-9196-59B22127201E}","station_name":"Big Bear Lake, Pine Oak Lane North Beach","lat":34.24529,"lon":-116.97269,"county":"SAN BERNARDINO"}]}},{"type":"Feature","geometry":{"type":"Polygon","coordinates":[[[-117.11810049243626,34.15832510504451],[-117.11006169482772,34.17014425898447],[-117.1182955642122,34.181557133320325],[-117.13456898090101,34.181149670297394],[-117.14260515723582,34.16933009108955],[-117.13437053912622,34.15791840011761],[-117.11810049243626,34.15832510504451]]]},"properties":{"h3_index":"8729a0721ffffff","station_count":1,"program_id":"smc","program":"SMC","resolution":7,"stations":[{"station_id":"{1CB1E63C-9DA8-4750-955D-4E4B8121A607}","station_name":"Fredalba Creek above City Creek Road","lat":34.17,"lon":-117.12977,"county":"SAN BERNARDINO"}]}},{"type":"Feature","geometry":{"type":"Polygon","coordinates":[[[-117.16711214383363,34.18032838093577],[-117.15907859224654,34.192148383564366],[-117.16731740918028,34.20355498252088],[-117.18359052022397,34.20314039482014],[-117.19162144359129,34.191319970618714],[-117.18338188510485,34.17991455563538],[-117.16711214383363,34.18032838093577]]]},"properties":{"h3_index":"8729a072dffffff","station_count":1,"program_id":"smc","program":"SMC","resolution":7,"stations":[{"station_id":"{5A27A1CE-6B14-4F91-B362-D7F4247CE500}","station_name":"City Creek Above West Fork","lat":34.187778,"lon":-117.181944,"county":"SAN BERNARDINO","waterbody":"City Creek"}]}},{"type":"Feature","geometry":{"type":"Polygon","coordinates":[[[-116.9232294771994,34.23275359000033],[-116.91515824318624,34.24456085846992],[-116.9233842603192,34.25598511781386],[-116.93968229188197,34.25560093301621],[-116.94775092478677,34.24379322768496],[-116.93952412821415,34.232370143960544],[-116.9232294771994,34.23275359000033]]]},"properties":{"h3_index":"8729a07a0ffffff","station_count":1,"program_id":"smc","program":"SMC","resolution":7,"stations":[{"station_id":"{05C4C733-708E-4E0D-A5A4-939D8DD581F9}","station_name":"Metcalf Creek at Hwy 18","lat":34.238617,"lon":-116.936657,"county":"SAN BERNARDINO","huc8":"Big Bear Lake"}]}},{"type":"Feature","geometry":{"type":"Polygon","coordinates":[[[-116.89886011573772,34.244941476082225],[-116.8907846243713,34.256747089286634],[-116.8990098581777,34.26817252318214],[-116.91531136765491,34.267791169269486],[-116.9233842603192,34.25598511781386],[-116.91515824318624,34.24456085846992],[-116.89886011573772,34.244941476082225]]]},"properties":{"h3_index":"8729a07a2ffffff","station_count":1,"program_id":"smc","program":"SMC","resolution":7,"stations":[{"station_id":"{563FCF84-40F3-45D1-91B1-3E3C29D7A520}","station_name":"Big Bear Lake, Pine Knot Marina","lat":34.24779,"lon":-116.91302,"county":"SAN BERNARDINO"}]}},{"type":"Feature","geometry":{"type":"Polygon","coordinates":[[[-116.94759110425044,34.220561224812926],[-116.93952412821415,34.232370143960544],[-116.94775092478677,34.24379322768496],[-116.96404547392737,34.243406215522846],[-116.97210984645457,34.23159686090381],[-116.96388227432641,34.22017495386549],[-116.94759110425044,34.220561224812926]]]},"properties":{"h3_index":"8729a07a5ffffff","station_count":1,"program_id":"smc","program":"SMC","resolution":7,"stations":[{"station_id":"{5D858FCC-7007-4386-BDBA-6704850A992D}","station_name":"Boulder Creek SMC2_15547","lat":34.234937,"lon":-116.95849,"county":"SAN BERNARDINO","huc8":"Big Bear Lake"}]}},{"type":"Feature","geometry":{"type":"Polygon","coordinates":[[[-116.94791081175362,34.26702206126433],[-116.93984052129974,34.27882854913727],[-116.94807076519233,34.290247718564544],[-116.96437207666833,34.28985922486098],[-116.97243976140533,34.27805230240542],[-116.96420874136058,34.266634308183306],[-116.94791081175362,34.26702206126433]]]},"properties":{"h3_index":"8729a07aeffffff","station_count":1,"program_id":"smc","program":"SMC","resolution":7,"stations":[{"station_id":"{F892857F-9E04-4E9F-9D28-8B64B7790B75}","station_name":"Mid Grout Creek","lat":34.275082,"lon":-116.954657,"county":"SAN BERNARDINO"}]}},{"type":"Feature","geometry":{"type":"Polygon","coordinates":[[[-116.87433838663956,34.23389114010844],[-116.86626030008121,34.245696313228635],[-116.87448302500259,34.25712487495416],[-116.8907846243713,34.256747089286634],[-116.89886011573772,34.244941476082225],[-116.89063660390545,34.233514088577635],[-116.87433838663956,34.23389114010844]]]},"properties":{"h3_index":"8729a07b5ffffff","station_count":1,"program_id":"smc","program":"SMC","resolution":7,"stations":[{"station_id":"{479FFBB6-6A69-481E-80D3-EB53A4454B52}","station_name":"Rathbun Creek below Sandalwood Dr","lat":34.2531,"lon":-116.887354,"county":"SAN BERNARDINO","huc8":"Big Bear Lake"}]}},{"type":"Feature","geometry":{"type":"Polygon","coordinates":[[[-117.40390968493554,33.52262804599355],[-117.395956042143,33.53448974174399],[-117.40416249366292,33.54592840098508],[-117.42032328618066,33.54550415233921],[-117.42827430335562,33.53364203812463],[-117.42006715457828,33.522204590960634],[-117.40390968493554,33.52262804599355]]]},"properties":{"h3_index":"8729a0804ffffff","station_count":2,"program_id":"smc","program":"SMC","resolution":7,"stations":[{"station_id":"{EC24151A-1AE5-4D5C-AA01-A1092F4DDD46}","station_name":"San Mateo Canyon Creek below Tenaja Cyn. Cr.","lat":33.531606,"lon":-117.414154,"county":"RIVERSIDE"},{"station_id":"{182D8233-E278-431B-B879-1CF4DCE95B5B}","station_name":"San Mateo Canyon above Tenaja Cyn. Cr.","lat":33.52999,"lon":-117.408551,"county":"RIVERSIDE","huc8":"Middle San Mateo Creek"}]}},{"type":"Feature","geometry":{"type":"Polygon","coordinates":[[[-117.37979503808545,33.53491048811033],[-117.37183716210647,33.54677068482535],[-117.380042912585,33.558210555084045],[-117.3962072410326,33.557789017550995],[-117.40416249366292,33.54592840098508],[-117.395956042143,33.53448974174399],[-117.37979503808545,33.53491048811033]]]},"properties":{"h3_index":"8729a0806ffffff","station_count":3,"program_id":"smc","program":"SMC","resolution":7,"stations":[{"station_id":"{5EAF1BB3-A3A4-4B2F-949A-8492909C1389}","station_name":"San Mateo Creek ~0.6mi below Los Alamos Cyn. Cr.","lat":33.54344,"lon":-117.397393,"county":"RIVERSIDE"},{"station_id":"{142BFCE4-9758-4F04-AAA8-973C9CAFD282}","station_name":"San Mateo Creek ~0.4mi above Los Alamos Cyn. Cr.","lat":33.555239,"lon":-117.397797,"county":"RIVERSIDE","waterbody":"San Mateo Creek"},{"station_id":"{D498043B-F22E-48F5-9375-D8615630B24E}","station_name":"San Mateo Creek above Los Alamos Cyn. Cr.","lat":33.553349,"lon":-117.395796,"county":"RIVERSIDE","waterbody":"San Mateo Creek"}]}},{"type":"Feature","geometry":{"type":"Polygon","coordinates":[[[-117.45316698923466,33.59123652133141],[-117.44521538520212,33.603096888083],[-117.45343009035732,33.614525614622785],[-117.46959709117404,33.61409276327488],[-117.47754606058724,33.602231982799296],[-117.46933066475147,33.59080446733573],[-117.45316698923466,33.59123652133141]]]},"properties":{"h3_index":"8729a0808ffffff","station_count":1,"program_id":"smc","program":"SMC","resolution":7,"stations":[{"station_id":"{6B868020-AA56-4520-9776-602A616ABC23}","station_name":"San Juan Creek ~0.4mi above Lion Cyn. Cr.","lat":33.603476,"lon":-117.453146,"county":"RIVERSIDE"}]}},{"type":"Feature","geometry":{"type":"Polygon","coordinates":[[[-117.42904816063002,33.60352623074156],[-117.4210923153384,33.61538509478847],[-117.42930632602535,33.626815031351754],[-117.44547687742147,33.626384893785044],[-117.45343009035732,33.614525614622785],[-117.44521538520212,33.603096888083],[-117.42904816063002,33.60352623074156]]]},"properties":{"h3_index":"8729a080affffff","station_count":1,"program_id":"smc","program":"SMC","resolution":7,"stations":[{"station_id":"{341D5B5E-7669-45CF-BCD3-1353215713F5}","station_name":"San Juan Creek ~1mi above Lion Cyn. Cr.","lat":33.606429,"lon":-117.446235,"county":"ORANGE","huc8":"Upper San Juan Creek"}]}},{"type":"Feature","geometry":{"type":"Polygon","coordinates":[[[-117.45185311048947,33.474746709321224],[-117.44390954122788,33.486612458323606],[-117.45211566954634,33.498050560652175],[-117.46826605752452,33.497621698945586],[-117.47620699776505,33.48575553375949],[-117.46800017999402,33.474318646403624],[-117.45185311048947,33.474746709321224]]]},"properties":{"h3_index":"8729a0825ffffff","station_count":1,"program_id":"smc","program":"SMC","resolution":7,"stations":[{"station_id":"{E04B419D-1325-4888-9EE5-6FBC89451D18}","station_name":"San Mateo Canyon Creek above Devil Cyn. Cr.","lat":33.474861,"lon":-117.466052,"county":"SAN DIEGO"}]}},{"type":"Feature","geometry":{"type":"Polygon","coordinates":[[[-117.50165423195124,33.58993414405497],[-117.4937095065475,33.60179642123109],[-117.50192730728646,33.61322084069264],[-117.51809051773145,33.61278177051898],[-117.52603260288042,33.600919082892474],[-117.51781411878645,33.58949587582957],[-117.50165423195124,33.58993414405497]]]},"properties":{"h3_index":"8729a0872ffffff","station_count":1,"program_id":"smc","program":"SMC","resolution":7,"stations":[{"station_id":"{5BD99C49-D827-4362-917C-AE41A230839F}","station_name":"Hot Spring Canyon Creek ~1.2mi above Hwy 74","lat":33.603698,"lon":-117.510004,"county":"ORANGE","huc8":"Upper San Juan Creek"}]}},{"type":"Feature","geometry":{"type":"Polygon","coordinates":[[[-117.32916788771627,33.32630651928327],[-117.32121766233467,33.33817438793729],[-117.32940490473185,33.349635244168354],[-117.34554307950923,33.34922701499169],[-117.3534906971789,33.33735871873853],[-117.34530274872773,33.32589907920222],[-117.32916788771627,33.32630651928327]]]},"properties":{"h3_index":"8729a0936ffffff","station_count":1,"program_id":"smc","program":"SMC","resolution":7,"stations":[{"station_id":"{9A671F1B-87A0-4F66-8C20-75160BD6B1DE}","station_name":"Santa Margarita River above Wood Cyn.","lat":33.340951,"lon":-117.331936,"county":"SAN DIEGO","waterbody":"Santa Margarita River"}]}},{"type":"Feature","geometry":{"type":"Polygon","coordinates":[[[-117.62178038124783,33.505091149325395],[-117.61385847949597,33.51696190582647],[-117.6220779400329,33.52838213280597],[-117.6382199675104,33.52793038481717],[-117.64613921894924,33.516059224348496],[-117.6379190941659,33.50464021577423],[-117.62178038124783,33.505091149325395]]]},"properties":{"h3_index":"8729a0948ffffff","station_count":2,"program_id":"smc","program":"SMC","resolution":7,"stations":[{"station_id":"{CCAE87EF-7C09-4C0B-A5D6-9DC21761E9DB}","station_name":"San Juan Creek ~1mi above La Novia Ave.","lat":33.5099,"lon":-117.6348,"county":"ORANGE"},{"station_id":"{4DBE39E1-21B3-48E9-83A5-D1BE65D40807}","station_name":"San Juan Creek ~0.3mi below Hwy 74","lat":33.514425,"lon":-117.626137,"county":"ORANGE"}]}},{"type":"Feature","geometry":{"type":"Polygon","coordinates":[[[-117.64583675087843,33.492767993486915],[-117.6379190941659,33.50464021577423],[-117.64613921894924,33.516059224348496],[-117.66227766186809,33.5156047911266],[-117.67019266604726,33.50373216626779],[-117.66197188078237,33.4923143771401],[-117.64583675087843,33.492767993486915]]]},"properties":{"h3_index":"8729a094dffffff","station_count":1,"program_id":"smc","program":"SMC","resolution":7,"stations":[{"station_id":"{664A9E46-3178-4C02-8B7B-DC65C42577E1}","station_name":"San Juan Creek above La Novia Ave.","lat":33.50267,"lon":-117.647948,"county":"ORANGE","huc8":"Lower San Juan Creek"}]}},{"type":"Feature","geometry":{"type":"Polygon","coordinates":[[[-117.66957804458592,33.45714629124721],[-117.66166622567287,33.469021029580766],[-117.66988529200836,33.48044069368461],[-117.68601683469144,33.47998439811946],[-117.69392599998922,33.4681092581146],[-117.68570627715918,33.45669081528357],[-117.66957804458592,33.45714629124721]]]},"properties":{"h3_index":"8729a0969ffffff","station_count":1,"program_id":"smc","program":"SMC","resolution":7,"stations":[{"station_id":"{1084ABC2-0F6F-4E4A-A450-75F1B8BAA055}","station_name":"San Juan Creek ~0.2mi above Stonehill Dr.","lat":33.4779,"lon":-117.6785,"county":"ORANGE"}]}},{"type":"Feature","geometry":{"type":"Polygon","coordinates":[[[-117.6208884402843,33.435200600261936],[-117.6129713241768,33.447074529574635],[-117.62118563144925,33.45850037590271],[-117.63731771932773,33.458051072094975],[-117.64523218851136,33.44617673732573],[-117.63701721768095,33.43475211175864],[-117.6208884402843,33.435200600261936]]]},"properties":{"h3_index":"8729a096effffff","station_count":1,"program_id":"smc","program":"SMC","resolution":7,"stations":[{"station_id":"{F6C8B045-B6A0-4FCC-BC86-CCCBF72E545F}","station_name":"Segunda Deshecha Canada above E Avenida Pico","lat":33.440027,"lon":-117.619377,"county":"ORANGE","huc8":"Prima Deshecha Canada-Frontal Capistrano Bight"}]}},{"type":"Feature","geometry":{"type":"Polygon","coordinates":[[[-117.25799105989188,33.47972226078543],[-117.25002011801561,33.4915803300942],[-117.2582137541236,33.50303557774674],[-117.27437905174253,33.502631546458886],[-117.28234738722529,33.49077304791788],[-117.27415303243275,33.479319009839195],[-117.25799105989188,33.47972226078543]]]},"properties":{"h3_index":"8729a0981ffffff","station_count":1,"program_id":"smc","program":"SMC","resolution":7,"stations":[{"station_id":"{D6CD4EA4-8764-4B91-9CD3-89957BD73BE0}","station_name":"Sandia Canyon Creek ~1.9mi above De Anza Rd.","lat":33.487242,"lon":-117.255378,"county":"RIVERSIDE","huc8":"Sandia Canyon"}]}},{"type":"Feature","geometry":{"type":"Polygon","coordinates":[[[-117.23298453987657,33.39869949981943],[-117.22501584581686,33.41056035400217],[-117.2332019314925,33.422024221942145],[-117.24935743358832,33.421626024029166],[-117.25732352795436,33.40976473724586],[-117.24913672086682,33.398302080918434],[-117.23298453987657,33.39869949981943]]]},"properties":{"h3_index":"8729a09a6ffffff","station_count":2,"program_id":"smc","program":"SMC","resolution":7,"stations":[{"station_id":"{B5B70010-C31B-4DFC-9232-D13C80ED5C43}","station_name":"Santa Margarita River ~0.8mi below Sandia Cr.","lat":33.405685,"lon":-117.249771,"county":"SAN DIEGO"},{"station_id":"{03BA4D5B-6862-446A-BCCF-A8B864C264E4}","station_name":"Santa Margarita River ~0.3mi above Sandia Cr. Dr.","lat":33.410319,"lon":-117.239036,"county":"SAN DIEGO","huc8":"Rainbow Creek-Santa Margarita River"}]}},{"type":"Feature","geometry":{"type":"Polygon","coordinates":[[[-117.20886017404408,33.41095506150461],[-117.20088726630274,33.42281441344864],[-117.20907262678408,33.434279491923],[-117.22523162115056,33.43388400786162],[-117.2332019314925,33.422024221942145],[-117.22501584581686,33.41056035400217],[-117.20886017404408,33.41095506150461]]]},"properties":{"h3_index":"8729a09b5ffffff","station_count":1,"program_id":"smc","program":"SMC","resolution":7,"stations":[{"station_id":"{9FE54868-2498-4BF2-A90F-E676A0BA1A93}","station_name":"Santa Margarita River ~1.2mi above Rainbow Cr.","lat":33.423397,"lon":-117.204668,"county":"SAN DIEGO"}]}},{"type":"Feature","geometry":{"type":"Polygon","coordinates":[[[-117.7448873295755,33.65295758808435],[-117.73697234576794,33.664826053284905],[-117.74521059869498,33.67622317035485],[-117.76136448379053,33.675750605628586],[-117.7692767959715,33.663881747869226],[-117.76103789562654,33.652485847331825],[-117.7448873295755,33.65295758808435]]]},"properties":{"h3_index":"8729a0b22ffffff","station_count":1,"program_id":"smc","program":"SMC","resolution":7,"stations":[{"station_id":"{4645DA77-D886-4E9E-BB30-61640662BCC0}","station_name":"San Diego Creek Randon SMC Site 19399","lat":33.655516,"lon":-117.762242,"county":"ORANGE","huc8":"Upper San Diego Creek"}]}},{"type":"Feature","geometry":{"type":"Polygon","coordinates":[[[-117.81772366131351,33.66244978633601],[-117.8098182917408,33.67432050360435],[-117.81806193124721,33.685710155755224],[-117.83421157780519,33.68522787253574],[-117.84211426685512,33.67335676790107],[-117.83386999081137,33.66196833378831],[-117.81772366131351,33.66244978633601]]]},"properties":{"h3_index":"8729a0b2cffffff","station_count":1,"program_id":"smc","program":"SMC","resolution":7,"stations":[{"station_id":"{76622DA1-DB26-4FB7-91B0-D54602A138BF}","station_name":"San Diego Creek Randon SMC Site 19486","lat":33.676256,"lon":-117.826992,"county":"ORANGE","huc8":"Lower San Diego Creek"}]}},{"type":"Feature","geometry":{"type":"Polygon","coordinates":[[[-118.44069481308604,34.558167382020955],[-118.43281511707082,34.57001645590246],[-118.44116466350185,34.58127254603394],[-118.45739445829291,34.580678359918124],[-118.4652713582026,34.56882895826014],[-118.45692126037504,34.557574070425204],[-118.44069481308604,34.558167382020955]]]},"properties":{"h3_index":"8729a1019ffffff","station_count":2,"program_id":"smc","program":"SMC","resolution":7,"stations":[{"station_id":"{6E1FDC3C-7D65-434B-B04B-402B054594D8}","station_name":"San Francisquito d/s of Power Plant","lat":34.572321,"lon":-118.46288,"county":"LOS ANGELES","huc8":"San Francisquito Canyon"},{"station_id":"{1E74437A-80AA-4BD3-8721-BC0024AD1EB3}","station_name":"San Francisquito Canyon (01728)","lat":34.574901,"lon":-118.460022,"county":"LOS ANGELES","waterbody":"San Francisquito Canyon"}]}},{"type":"Feature","geometry":{"type":"Polygon","coordinates":[[[-118.39200690276573,34.55993469514639],[-118.38412004533038,34.57178191894274],[-118.39246670667812,34.583042473790535],[-118.40870078527736,34.58245460358319],[-118.41658485208,34.570607048651766],[-118.40823763186575,34.559347694994045],[-118.39200690276573,34.55993469514639]]]},"properties":{"h3_index":"8729a101affffff","station_count":2,"program_id":"smc","program":"SMC","resolution":7,"stations":[{"station_id":"{3279FBD0-A8B6-4A36-8B2B-94B8D44A9B86}","station_name":"Bouquet Canyon Creek ~0.5mi Below Bouquet Reservoir","lat":34.57066,"lon":-118.38974,"county":"LOS ANGELES"},{"station_id":"{928BD8C4-5AC2-4AC7-B0B3-B612D5592E89}","station_name":"Boquet Canyon Creek (1536)","lat":34.56909,"lon":-118.392126,"county":"LOS ANGELES","waterbody":"Boquet Canyon Creek"}]}},{"type":"Feature","geometry":{"type":"Polygon","coordinates":[[[-118.48697338602398,34.44081989933586],[-118.47910871857388,34.452676694850595],[-118.4874522825663,34.46393859943627],[-118.5036610581167,34.46334250121883],[-118.51152293011553,34.451485379149545],[-118.50317882295921,34.44022468178231],[-118.48697338602398,34.44081989933586]]]},"properties":{"h3_index":"8729a1021ffffff","station_count":1,"program_id":"smc","program":"SMC","resolution":7,"stations":[{"station_id":"{593EE3E0-CA37-46C8-AD47-06C677E329E3}","station_name":"Plum Canyon Rd","lat":34.446055,"lon":-118.48921,"county":"LOS ANGELES","huc8":"Lower Bouquet Canyon"}]}},{"type":"Feature","geometry":{"type":"Polygon","coordinates":[[[-118.56310064010856,34.58831295634119],[-118.55523652806718,34.60016483840886],[-118.56359588863612,34.61140664494741],[-118.57981989514856,34.61079536546877],[-118.5876811956314,34.59894316467282],[-118.57932130210607,34.5877025620133],[-118.56310064010856,34.58831295634119]]]},"properties":{"h3_index":"8729a1051ffffff","station_count":1,"program_id":"smc","program":"SMC","resolution":7,"stations":[{"station_id":"{8CC4C374-4CD8-471E-9B08-A8F8CF7558EE}","station_name":"Unnamed 640","lat":34.60115,"lon":-118.558,"county":"LOS ANGELES","huc8":"Elizabeth Lake Canyon"}]}},{"type":"Feature","geometry":{"type":"Polygon","coordinates":[[[-118.44116466350185,34.58127254603394],[-118.43328339068009,34.59312043020994],[-118.4416347090273,34.60437445569274],[-118.45786785269956,34.60377939539457],[-118.46574632819457,34.591931183865164],[-118.45739445829291,34.580678359918124],[-118.44116466350185,34.58127254603394]]]},"properties":{"h3_index":"8729a10e6ffffff","station_count":2,"program_id":"smc","program":"SMC","resolution":7,"stations":[{"station_id":"{B6D1E114-A309-4D92-8DFF-C894D54D6132}","station_name":"San Francisquito u/s of Power Plant","lat":34.587394,"lon":-118.45117,"county":"LOS ANGELES","huc8":"San Francisquito Canyon"},{"station_id":"{4A97B4AE-769B-4D8E-8680-D96C48960F41}","station_name":"Clearwater Canyon Creek","lat":34.59079,"lon":-118.4617,"county":"LOS ANGELES","waterbody":"Clearwater Creek"}]}},{"type":"Feature","geometry":{"type":"Polygon","coordinates":[[[-118.51540059444082,34.636320939309904],[-118.50752614986366,34.648168605318986],[-118.51588620848207,34.65941074152082],[-118.53212125335273,34.65880401036889],[-118.53999288935171,34.64695602310326],[-118.53163229000648,34.6357150881762],[-118.51540059444082,34.636320939309904]]]},"properties":{"h3_index":"8729a10e8ffffff","station_count":1,"program_id":"smc","program":"SMC","resolution":7,"stations":[{"station_id":"{3BEAE163-A130-4459-94E1-39D469649EB9}","station_name":"Elizabeth Lake Canyon","lat":34.64435,"lon":-118.51372,"county":"LOS ANGELES"}]}},{"type":"Feature","geometry":{"type":"Polygon","coordinates":[[[-118.51491518202543,34.61322786721862],[-118.50704231121198,34.62507672777862],[-118.51540059444082,34.636320939309904],[-118.53163229000648,34.6357150881762],[-118.53950235346987,34.62386590594027],[-118.53114352966536,34.61262289644404],[-118.51491518202543,34.61322786721862]]]},"properties":{"h3_index":"8729a10ecffffff","station_count":1,"program_id":"smc","program":"SMC","resolution":7,"stations":[{"station_id":"{95E43C93-C87A-42AA-A350-4D7B9E40F115}","station_name":"Elizabeth Canyon Creek Lake Hughes Rd. ~10mi E I5","lat":34.63193,"lon":-118.52977,"county":"LOS ANGELES","huc8":"Elizabeth Lake Canyon "}]}},{"type":"Feature","geometry":{"type":"Polygon","coordinates":[[[-118.58368570862405,34.41410060268732],[-118.57583693631761,34.42596218366699],[-118.5841844200336,34.43721720675273],[-118.60038120514069,34.43660943861776],[-118.60822717239239,34.42474753738452],[-118.59987916053245,34.4134937244688],[-118.58368570862405,34.41410060268732]]]},"properties":{"h3_index":"8729a1142ffffff","station_count":1,"program_id":"smc","program":"SMC","resolution":7,"stations":[{"station_id":"{A7BEAB1C-AEFE-42F9-A8D2-4420821EEF88}","station_name":"Santa Clara River Site 14156","lat":34.42523,"lon":-118.582,"county":"LOS ANGELES","huc8":"Salt Canyon-Santa Clara River"}]}},{"type":"Feature","geometry":{"type":"Polygon","coordinates":[[[-118.60822717239239,34.42474753738452],[-118.60038120514069,34.43660943861776],[-118.60873098772316,34.447861202004844],[-118.62492726299791,34.447249853762315],[-118.63277042188584,34.435387634178305],[-118.62442011480312,34.42413708111632],[-118.60822717239239,34.42474753738452]]]},"properties":{"h3_index":"8729a1143ffffff","station_count":1,"program_id":"smc","program":"SMC","resolution":7,"stations":[{"station_id":"{77E48272-716B-44A6-A777-67EDE0C9BA71}","station_name":"Santa Clara River (403S39062)","lat":34.4323,"lon":-118.61744,"county":"LOS ANGELES"}]}},{"type":"Feature","geometry":{"type":"Polygon","coordinates":[[[-118.55914603938993,34.403446833482676],[-118.55129446534028,34.41530809230664],[-118.55963964744038,34.42656637244038],[-118.57583693631761,34.42596218366699],[-118.58368570862405,34.41410060268732],[-118.5753399947376,34.40284353256599],[-118.55914603938993,34.403446833482676]]]},"properties":{"h3_index":"8729a1155ffffff","station_count":2,"program_id":"smc","program":"SMC","resolution":7,"stations":[{"station_id":"{0B198CFC-3D59-4EA8-9D5F-A7B95517B4D6}","station_name":"Santa Clara River 11084","lat":34.42487,"lon":-118.56081,"county":"LOS ANGELES"},{"station_id":"{D1E8A956-F3EE-4514-9552-9E9EEDE8AF0D}","station_name":"Santa Clara River (34646)","lat":34.425565,"lon":-118.566167,"county":"LOS ANGELES"}]}},{"type":"Feature","geometry":{"type":"Polygon","coordinates":[[[-118.68030614149818,34.38731358045139],[-118.67247328233904,34.39917989448406],[-118.6808246270727,34.41042802412559],[-118.69700934506004,34.409808626569706],[-118.70483938964006,34.39794199859701],[-118.69648753174927,34.38669508204814],[-118.68030614149818,34.38731358045139]]]},"properties":{"h3_index":"8729a1168ffffff","station_count":2,"program_id":"smc","program":"SMC","resolution":7,"stations":[{"station_id":"{7A9FBB7F-9EC0-4504-91AD-B704BDD5C7E4}","station_name":"Santa Clara River 15608","lat":34.4019,"lon":-118.70052,"county":"VENTURA"},{"station_id":"{A00419DB-3D10-4E0A-8B06-099C8A236B20}","station_name":"Santa Clara River Site 1272","lat":34.40303,"lon":-118.6905,"county":"LOS ANGELES","huc8":"Salt Canyon-Santa Clara River"}]}},{"type":"Feature","geometry":{"type":"Polygon","coordinates":[[[-118.70431602109902,34.374827306353524],[-118.69648753174927,34.38669508204814],[-118.70483938964006,34.39794199859701],[-118.72102024719959,34.39731992536637],[-118.72884591990962,34.38545183720278],[-118.72049355263627,34.374206134666444],[-118.70431602109902,34.374827306353524]]]},"properties":{"h3_index":"8729a116dffffff","station_count":1,"program_id":"smc","program":"SMC","resolution":7,"stations":[{"station_id":"{708CD867-1BFF-458C-9879-B5657D835B9C}","station_name":"Santa Clara River 4600","lat":34.39728,"lon":-118.7105,"county":"VENTURA"}]}},{"type":"Feature","geometry":{"type":"Polygon","coordinates":[[[-118.8330328622443,34.68180261402473],[-118.82520141575554,34.69365908695464],[-118.83358423579737,34.70486680120249],[-118.8497989957615,34.704216836222884],[-118.85762759547413,34.69236006504685],[-118.84924428293945,34.681153557023315],[-118.8330328622443,34.68180261402473]]]},"properties":{"h3_index":"8729a1308ffffff","station_count":1,"program_id":"smc","program":"SMC","resolution":7,"stations":[{"station_id":"{40A0BB5C-A23A-4FC4-820B-33B5D5382CE8}","station_name":"Piru Creek (16493)","lat":34.686704,"lon":-118.845469,"county":"VENTURA"}]}},{"type":"Feature","geometry":{"type":"Polygon","coordinates":[[[-118.85762759547413,34.69236006504685],[-118.8497989957615,34.704216836222884],[-118.85818409314395,34.71542124735104],[-118.87439827999886,34.71476768087694],[-118.88222402963666,34.702910613358995],[-118.87383844343461,34.6917074085836],[-118.85762759547413,34.69236006504685]]]},"properties":{"h3_index":"8729a1309ffffff","station_count":3,"program_id":"smc","program":"SMC","resolution":7,"stations":[{"station_id":"{217C2B3A-0E2D-41E6-A385-BD3CD153C20E}","station_name":"Piru Creek (06283)","lat":34.693866,"lon":-118.860798,"county":"VENTURA"},{"station_id":"{3AC885E4-57FB-44FD-ADC6-762898F131BB}","station_name":"Piru Creek u/s of Hardluck Campground Site 1163","lat":34.69943,"lon":-118.86529,"county":"VENTURA","huc8":"Snowy Creek-Piru Creek"},{"station_id":"{E44CFB77-DEE2-4212-951E-92B6FF1948D6}","station_name":"Piru Creek (18093)","lat":34.69441,"lon":-118.856582,"county":"VENTURA"}]}},{"type":"Feature","geometry":{"type":"Polygon","coordinates":[[[-118.75818761552196,34.60393271975667],[-118.75035076574254,34.615790651850794],[-118.75872317512692,34.62701243089151],[-118.77493293848025,34.626375070409935],[-118.78276695388347,34.614516833521556],[-118.77439404125037,34.60329626183645],[-118.75818761552196,34.60393271975667]]]},"properties":{"h3_index":"8729a1331ffffff","station_count":3,"program_id":"smc","program":"SMC","resolution":7,"stations":[{"station_id":"{B5CD3E1C-614D-4C18-AEF3-B341818D1586}","station_name":"Piru Creek 1.3 miles upstream from Fish Creek","lat":34.61359,"lon":-118.7798,"county":"LOS ANGELES"},{"station_id":"{ED738906-863B-466E-A71F-6EBCBE745F44}","station_name":"Piru Creek (07024)","lat":34.6092,"lon":-118.757717,"county":"LOS ANGELES"},{"station_id":"{06D45BDC-8C1F-4B40-8025-BC8EE7BEAD5D}","station_name":"Piru Creek 403R4S216","lat":34.61029,"lon":-118.77807,"county":"LOS ANGELES"}]}},{"type":"Feature","geometry":{"type":"Polygon","coordinates":[[[-118.73414045437733,34.61642441765187],[-118.72629921398226,34.62828086259538],[-118.7346711163244,34.63950384808641],[-118.75088476704565,34.638869182111314],[-118.75872317512692,34.62701243089151],[-118.75035076574254,34.615790651850794],[-118.73414045437733,34.61642441765187]]]},"properties":{"h3_index":"8729a1333ffffff","station_count":1,"program_id":"smc","program":"SMC","resolution":7,"stations":[{"station_id":"{2F3E76BC-216E-4204-BE7D-07E22863DAD8}","station_name":"Piru Creek 01136","lat":34.627623,"lon":-118.74403,"county":"LOS ANGELES","waterbody":"Piru Creek"}]}},{"type":"Feature","geometry":{"type":"Polygon","coordinates":[[[-119.00405762866227,34.70946368917395],[-118.99624927094214,34.72132458346683],[-119.00464439413292,34.73251334185085],[-119.02084834252375,34.731839997262284],[-119.02865383295844,34.71997881724061],[-119.02025824322429,34.70879126746132],[-119.00405762866227,34.70946368917395]]]},"properties":{"h3_index":"8729a136affffff","station_count":1,"program_id":"smc","program":"SMC","resolution":7,"stations":[{"station_id":"{157FA4D4-B529-4F7B-9750-7F9A6481EE2D}","station_name":"Lockwood Creek","lat":34.71629,"lon":-119.0189,"county":"VENTURA"}]}},{"type":"Feature","geometry":{"type":"Polygon","coordinates":[[[-119.02865383295844,34.71997881724061],[-119.02084834252375,34.731839997262284],[-119.02924572168403,34.74302543947329],[-119.04544905508087,34.7423484928719],[-119.05325167495297,34.73048702903135],[-119.04485383292689,34.71930279553588],[-119.02865383295844,34.71997881724061]]]},"properties":{"h3_index":"8729a136bffffff","station_count":1,"program_id":"smc","program":"SMC","resolution":7,"stations":[{"station_id":"{3E756FD8-18E4-4426-82C4-9C96087EAAED}","station_name":"Lockwood Creek Lockwood Valley Campground","lat":34.72654,"lon":-119.02842,"county":"VENTURA"}]}},{"type":"Feature","geometry":{"type":"Polygon","coordinates":[[[-118.57622975840225,34.06697099379688],[-118.56840436949484,34.07884954042379],[-118.57672538416256,34.0901349245338],[-118.59287231466168,34.08954054011434],[-118.60069491681048,34.07766166654069],[-118.59237337615097,34.066377504261666],[-118.57622975840225,34.06697099379688]]]},"properties":{"h3_index":"8729a1806ffffff","station_count":1,"program_id":"smc","program":"SMC","resolution":7,"stations":[{"station_id":"{FCEFC3DD-FD3C-4F19-86BD-BD3BAC58788C}","station_name":"Topanga Canyon (34230)","lat":34.069093,"lon":-118.586781,"county":"LOS ANGELES"}]}},{"type":"Feature","geometry":{"type":"Polygon","coordinates":[[[-118.62415093739503,34.0420199880407],[-118.61633422772842,34.05390138887713],[-118.62465629062915,34.06518432838304],[-118.64079558262064,34.06458464326651],[-118.6486095014064,34.05270291839335],[-118.64028692001176,34.041421202601335],[-118.62415093739503,34.0420199880407]]]},"properties":{"h3_index":"8729a1823ffffff","station_count":1,"program_id":"smc","program":"SMC","resolution":7,"stations":[{"station_id":"{E884B84F-C5E5-4DBF-872A-83518A6EC6A6}","station_name":"Las Flores Canyon Creek","lat":34.045876,"lon":-118.638734,"county":"LOS ANGELES","huc8":"Santa Monica Beach-Frontal Santa Monica Bay"}]}},{"type":"Feature","geometry":{"type":"Polygon","coordinates":[[[-118.69753189726929,34.07404847468285],[-118.6897235700546,34.08593084188167],[-118.69805245968892,34.0972041062775],[-118.71419018513329,34.096593779237615],[-118.72199571166249,34.084711093751146],[-118.71366631436186,34.073439053519365],[-118.69753189726929,34.07404847468285]]]},"properties":{"h3_index":"8729a1829ffffff","station_count":2,"program_id":"smc","program":"SMC","resolution":7,"stations":[{"station_id":"{55E39E1A-DD01-42D5-A042-47FADA20DEDC}","station_name":"Malibu Creek (35418)","lat":34.08262,"lon":-118.708577,"county":"LOS ANGELES"},{"station_id":"{7B0325B5-C6FB-4E2E-9A72-AA8E2237F0A7}","station_name":"Malibu Creek 13672","lat":34.075401,"lon":-118.70292,"county":"LOS ANGELES","waterbody":"Malibu Creek"}]}},{"type":"Feature","geometry":{"type":"Polygon","coordinates":[[[-118.6725545449443,34.04021744490651],[-118.66474496817904,34.05210058847365],[-118.67306982427357,34.06337908175398],[-118.68920476920505,34.062773206590975],[-118.69701154977037,34.05088974235975],[-118.68868618253305,34.039612473882954],[-118.6725545449443,34.04021744490651]]]},"properties":{"h3_index":"8729a182cffffff","station_count":3,"program_id":"smc","program":"SMC","resolution":7,"stations":[{"station_id":"{0882BD33-C33D-4FE4-91E7-2A865825438E}","station_name":"Malibu Creek Site 11406","lat":34.04939,"lon":-118.69,"county":"LOS ANGELES","huc8":"Cold Creek-Malibu Creek"},{"station_id":"{3B8EFABB-F56A-43EA-9728-FD4E0BCAF310}","station_name":"Malibu Creek (25298)","lat":34.045532,"lon":-118.687325,"county":"LOS ANGELES"},{"station_id":"{63619673-293B-4622-B478-F527196E708D}","station_name":"Malibu Creek near Palm Canyon Ln","lat":34.048658,"lon":-118.689862,"county":"LOS ANGELES"}]}},{"type":"Feature","geometry":{"type":"Polygon","coordinates":[[[-118.69701154977037,34.05088974235975],[-118.68920476920505,34.062773206590975],[-118.69753189726929,34.07404847468285],[-118.71366631436186,34.073439053519365],[-118.72147029546338,34.061555270541696],[-118.71314265986462,34.05028122740105],[-118.69701154977037,34.05088974235975]]]},"properties":{"h3_index":"8729a182dffffff","station_count":1,"program_id":"smc","program":"SMC","resolution":7,"stations":[{"station_id":"{ED8BD26E-855B-42AD-9880-C8331665BE09}","station_name":"Malibu Creek 16168","lat":34.06765,"lon":-118.70704,"county":"LOS ANGELES"}]}},{"type":"Feature","geometry":{"type":"Polygon","coordinates":[[[-118.5757343373335,34.043803963356524],[-118.56791050238365,34.0556836120007],[-118.57622975840225,34.06697099379688],[-118.59237337615097,34.066377504261666],[-118.60019442555557,34.054497528211776],[-118.59187464368834,34.0432113690312],[-118.5757343373335,34.043803963356524]]]},"properties":{"h3_index":"8729a1831ffffff","station_count":4,"program_id":"smc","program":"SMC","resolution":7,"stations":[{"station_id":"{AC1D959F-A9D1-4C9C-B098-F5FEDC8F941B}","station_name":"Topanga Creek 8846","lat":34.05442,"lon":-118.58176,"county":"LOS ANGELES"},{"station_id":"{A2833E72-A5F2-4FAB-B6AC-5A41EA7E3925}","station_name":"Topanga Creek (45622)","lat":34.061494,"lon":-118.585344,"county":"LOS ANGELES"},{"station_id":"{38C49DDF-7096-406F-B93D-4E04DCC3FEEC}","station_name":"Topanga Canyon (23297)","lat":34.050062,"lon":-118.581031,"county":"LOS ANGELES"},{"station_id":"{2605496F-CDE7-4212-9DAB-E8C828EB7579}","station_name":"Topanga Creek Site 6456","lat":34.06463,"lon":-118.58685,"county":"LOS ANGELES","huc8":"Garapito Creek"}]}},{"type":"Feature","geometry":{"type":"Polygon","coordinates":[[[-118.77200030381242,34.152306643197136],[-118.76419730066014,34.164187751795644],[-118.77253652303126,34.17544728465598],[-118.78867924656055,34.17482448582554],[-118.79647943678681,34.16294306560282],[-118.78813971733878,34.15168475576126],[-118.77200030381242,34.152306643197136]]]},"properties":{"h3_index":"8729a1840ffffff","station_count":2,"program_id":"smc","program":"SMC","resolution":7,"stations":[{"station_id":"{257905E8-8A42-4D47-B1D1-4E076A47D1D0}","station_name":"Lindero Canyon (34120)","lat":34.165588,"lon":-118.789188,"county":"LOS ANGELES"},{"station_id":"{73DCE1FC-52FE-4EF6-B83B-552FB1762C46}","station_name":"Lindero Canyon Creek near Yerba Buena Elementary School","lat":34.167227,"lon":-118.787702,"county":"LOS ANGELES"}]}},{"type":"Feature","geometry":{"type":"Polygon","coordinates":[[[-118.79647943678681,34.16294306560282],[-118.78867924656055,34.17482448582554],[-118.7970207325619,34.18608077530762],[-118.81316290317466,34.18545442133742],[-118.82096027721475,34.173572691408594],[-118.8126182977568,34.162317625082345],[-118.79647943678681,34.16294306560282]]]},"properties":{"h3_index":"8729a1841ffffff","station_count":1,"program_id":"smc","program":"SMC","resolution":7,"stations":[{"station_id":"{72A51F2E-8835-4CB0-9C43-025F27C3F16E}","station_name":"Creek next to Via Merida Road","lat":34.163293,"lon":-118.810699,"county":"VENTURA","huc8":"Potrero Valley Creek"}]}},{"type":"Feature","geometry":{"type":"Polygon","coordinates":[[[-118.74805403022602,34.16480699621474],[-118.74024667137817,34.176686682426286],[-118.74858539292603,34.18794743738102],[-118.76473197507491,34.187327283956606],[-118.77253652303126,34.17544728465598],[-118.76419730066014,34.164187751795644],[-118.74805403022602,34.16480699621474]]]},"properties":{"h3_index":"8729a1842ffffff","station_count":5,"program_id":"smc","program":"SMC","resolution":7,"stations":[{"station_id":"{9FC9855B-17C1-4CF2-A252-50AA9E5E09F3}","station_name":"Medea Creek 18666","lat":34.172068,"lon":-118.763755,"county":"VENTURA","waterbody":"Medea Creek"},{"station_id":"{980C77C1-2F20-403C-80DD-21B625082C56}","station_name":"Medea Creek u/s of Thousand Oaks","lat":34.176012,"lon":-118.761699,"county":"VENTURA","huc8":"Medea Creek"},{"station_id":"{6D81D9DA-681B-463B-9755-2A77789F3B25}","station_name":"Medea Creek (27470)","lat":34.174456,"lon":-118.76389,"county":"VENTURA"},{"station_id":"{1551196D-5EEE-4728-BE7A-981AD5FFFF17}","station_name":"Medea Creek Site 2920","lat":34.17748,"lon":-118.767,"county":"VENTURA","huc8":"Medea Creek"},{"station_id":"{DA32C308-7812-46F2-B129-134871E192E0}","station_name":"Medea Creek (31468)","lat":34.16874,"lon":-118.76171,"county":"VENTURA"}]}},{"type":"Feature","geometry":{"type":"Polygon","coordinates":[[[-118.77253652303126,34.17544728465598],[-118.76473197507491,34.187327283956606],[-118.77307296387424,34.1985847956725],[-118.78921899876153,34.197961085780506],[-118.7970207325619,34.18608077530762],[-118.78867924656055,34.17482448582554],[-118.77253652303126,34.17544728465598]]]},"properties":{"h3_index":"8729a1843ffffff","station_count":1,"program_id":"smc","program":"SMC","resolution":7,"stations":[{"station_id":"{E3815172-7087-414C-AEEA-E13675AE2D6C}","station_name":"Lindero Canyon Site 3048","lat":34.18426,"lon":-118.79089,"county":"VENTURA","huc8":"Medea Creek"}]}},{"type":"Feature","geometry":{"type":"Polygon","coordinates":[[[-118.74752288704863,34.141663427567885],[-118.7397170742329,34.15354422262464],[-118.74805403022602,34.16480699621474],[-118.76419730066014,34.164187751795644],[-118.77200030381242,34.152306643197136],[-118.7636628471234,34.14104509248623],[-118.74752288704863,34.141663427567885]]]},"properties":{"h3_index":"8729a1846ffffff","station_count":7,"program_id":"smc","program":"SMC","resolution":7,"stations":[{"station_id":"{D425BB7A-122A-45E1-AC4B-D45FEEDFE3CF}","station_name":"Medea Creek Site 5992","lat":34.15698,"lon":-118.7588,"county":"VENTURA","huc8":"Medea Creek"},{"station_id":"{F6610966-B848-4D12-A199-688F6CE2EA50}","station_name":"404R4S015","lat":34.142552,"lon":-118.75225,"county":"LOS ANGELES","huc8":"Medea Creek"},{"station_id":"{D8E8AC45-E885-463C-B478-B6D13F76332A}","station_name":"Santa Monica watershed unknown Site 8040","lat":34.14358,"lon":-118.75527,"county":"VENTURA","huc8":"Medea Creek"},{"station_id":"{38F55472-59C8-4A24-AF29-784E05029AC2}","station_name":"Medea Creek 13160","lat":34.1578,"lon":-118.75973,"county":"LOS ANGELES"},{"station_id":"{D9E3A412-30EC-4B24-972C-C595AA3813C2}","station_name":"Medea Creek (26670)","lat":34.163856,"lon":-118.76205,"county":"LOS ANGELES"},{"station_id":"{334EA04C-036A-4F88-8A16-F8AD9D1C7495}","station_name":"Medea Creek (44210)","lat":34.143019,"lon":-118.757795,"county":"VENTURA"},{"station_id":"{29F7626A-1428-4BD9-BDBA-DE247028456D}","station_name":"GTG Medea at E Thousand Oaks Blvd","lat":34.15459,"lon":-118.75848,"county":"LOS ANGELES"}]}},{"type":"Feature","geometry":{"type":"Polygon","coordinates":[[[-118.69961543780379,34.166652327264615],[-118.6918009178824,34.178530269982105],[-118.70013686123843,34.189795486548995],[-118.716287833641,34.18918153930135],[-118.72409954798233,34.17730328011538],[-118.7157630964325,34.16603928457283],[-118.69961543780379,34.166652327264615]]]},"properties":{"h3_index":"8729a1850ffffff","station_count":1,"program_id":"smc","program":"SMC","resolution":7,"stations":[{"station_id":"{CFCE4700-515B-4729-9E43-E6A85461373B}","station_name":"Las Virgenes (44642)","lat":34.16873,"lon":-118.70306,"county":"VENTURA"}]}},{"type":"Feature","geometry":{"type":"Polygon","coordinates":[[[-118.69909422982292,34.143506039505084],[-118.69128125899532,34.15538509379042],[-118.69961543780379,34.166652327264615],[-118.7157630964325,34.16603928457283],[-118.72357326290485,34.1541599133666],[-118.71523857603451,34.14289390170032],[-118.69909422982292,34.143506039505084]]]},"properties":{"h3_index":"8729a1854ffffff","station_count":3,"program_id":"smc","program":"SMC","resolution":7,"stations":[{"station_id":"{EFB8A671-2459-4030-803E-93E184A1FF3D}","station_name":"Las Virgenes Creek Site 17664","lat":34.14994,"lon":-118.6976,"county":"LOS ANGELES","huc8":"Las Virgenes Creek"},{"station_id":"{56D1A0C3-1492-4AA6-B922-D56729870CB3}","station_name":"Las Virgenes (24066)","lat":34.163219,"lon":-118.700774,"county":"VENTURA"},{"station_id":"{9CF3D4E5-A76F-4B0C-A5BD-0293B28E8D1F}","station_name":"Las Virgenes Creek (33670)","lat":34.158248,"lon":-118.700126,"county":"LOS ANGELES"}]}},{"type":"Feature","geometry":{"type":"Polygon","coordinates":[[[-118.7709285296983,34.10601599664503],[-118.7631286143279,34.117899312953355],[-118.77146430608046,34.12916287821763],[-118.78760041095809,34.12854190250862],[-118.79539751585995,34.11665827366736],[-118.78706132728057,34.10539593299449],[-118.7709285296983,34.10601599664503]]]},"properties":{"h3_index":"8729a1862ffffff","station_count":2,"program_id":"smc","program":"SMC","resolution":7,"stations":[{"station_id":"{C1EE6D75-EAFF-474B-9705-35E1423D77C5}","station_name":"Malibu Creek (17016)","lat":34.118309,"lon":-118.780574,"county":"VENTURA"},{"station_id":"{9CF63F32-D387-46E7-8E13-3A5598614BA7}","station_name":"Triunfo Canyon 808","lat":34.11411,"lon":-118.77907,"county":"LOS ANGELES"}]}},{"type":"Feature","geometry":{"type":"Polygon","coordinates":[[[-118.79539751585995,34.11665827366736],[-118.78760041095809,34.12854190250862],[-118.79593836459895,34.139802229414876],[-118.8120739172801,34.13917770267729],[-118.8198682084572,34.127293763222575],[-118.81152976160534,34.11603466104508],[-118.79539751585995,34.11665827366736]]]},"properties":{"h3_index":"8729a1863ffffff","station_count":2,"program_id":"smc","program":"SMC","resolution":7,"stations":[{"station_id":"{5761D70B-DBA5-43A5-9A4E-C01CE525F007}","station_name":"Malibu Creek Site 8616","lat":34.12188,"lon":-118.792402,"county":"VENTURA","huc8":"Cold Creek-Malibu Creek"},{"station_id":"{5903D59A-DAEF-4319-8783-40BF794262DA}","station_name":"Potero Valley Creek (44532)","lat":34.126825,"lon":-118.796174,"county":"VENTURA"}]}},{"type":"Feature","geometry":{"type":"Polygon","coordinates":[[[-118.8198682084572,34.127293763222575],[-118.8120739172801,34.13917770267729],[-118.8204141300619,34.15043478857699],[-118.83654912454178,34.14980671008432],[-118.8443405987403,34.13792246193624],[-118.8359998963646,34.12666660090013],[-118.8198682084572,34.127293763222575]]]},"properties":{"h3_index":"8729a186effffff","station_count":1,"program_id":"smc","program":"SMC","resolution":7,"stations":[{"station_id":"{0EDEC48F-800C-4F5D-94C5-3954DB3EEC0D}","station_name":"Potrero Valley Creek (18250)","lat":34.132222,"lon":-118.82051,"county":"VENTURA"}]}},{"type":"Feature","geometry":{"type":"Polygon","coordinates":[[[-118.74699196325804,34.11851673836607],[-118.73918769586466,34.13039863863868],[-118.74752288704863,34.141663427567885],[-118.7636628471234,34.14104509248623],[-118.77146430608046,34.12916287821763],[-118.7631286143279,34.117899312953355],[-118.74699196325804,34.11851673836607]]]},"properties":{"h3_index":"8729a1871ffffff","station_count":3,"program_id":"smc","program":"SMC","resolution":7,"stations":[{"station_id":"{30BA2753-F38B-4205-A51A-C2295BEB41A7}","station_name":"Medea Creek (28270)","lat":34.136633,"lon":-118.757257,"county":"LOS ANGELES"},{"station_id":"{B9762CBC-0AA1-4D88-BA53-EC192A56D85E}","station_name":"Medea Creek Site 16516","lat":34.12998,"lon":-118.75648,"county":"VENTURA","huc8":"Medea Creek"},{"station_id":"{0E7D755D-E570-45CD-9253-DA2E6D7E2102}","station_name":"Medea Creek 16232","lat":34.125498,"lon":-118.753172,"county":"LOS ANGELES","waterbody":"Medea Creek"}]}},{"type":"Feature","geometry":{"type":"Polygon","coordinates":[[[-118.6985732371624,34.12035663019813],[-118.69076181481697,34.132236792421374],[-118.69909422982292,34.143506039505084],[-118.71523857603451,34.14289390170032],[-118.72304719524878,34.131013422102185],[-118.71471427231282,34.11974539761092],[-118.6985732371624,34.12035663019813]]]},"properties":{"h3_index":"8729a1872ffffff","station_count":8,"program_id":"smc","program":"SMC","resolution":7,"stations":[{"station_id":"{D410517D-4039-4A47-9A2D-408DBEA0A822}","station_name":"Las Virgenes Creek 25668","lat":34.12139,"lon":-118.70914,"county":"LOS ANGELES"},{"station_id":"{12AAB05F-00CF-4655-A232-95549219F180}","station_name":"Las Virgenes Creek 14952","lat":34.14268,"lon":-118.700899,"county":"LOS ANGELES","waterbody":"Las Virgenes Creek"},{"station_id":"{C0352671-B38E-48CE-8C23-78603E57D99A}","station_name":"Las Virgenes Creek (35270)","lat":34.133251,"lon":-118.706562,"county":"LOS ANGELES"},{"station_id":"{74C109C4-8CE1-415B-A724-C6059F293B34}","station_name":"Las Virgenes Creek (28068)","lat":34.139362,"lon":-118.703664,"county":"LOS ANGELES"},{"station_id":"{085850CB-BFE3-4B0F-A72E-87D08BB456A3}","station_name":"Las Virgenes Creek downstream of Agoura Rd.","lat":34.141621,"lon":-118.701083,"county":"LOS ANGELES"},{"station_id":"{D51A8B95-0006-4C5F-86EA-2C8A83B1FED2}","station_name":"Las Virgenes Creek (37670)","lat":34.14074,"lon":-118.701178,"county":"LOS ANGELES"},{"station_id":"{39C519F0-F41E-4B20-8E39-63559C4849DC}","station_name":"Virgenes Creek","lat":34.125293,"lon":-118.708279,"county":"LOS ANGELES","waterbody":"Virgenes Creek"},{"station_id":"{9C9E1BE2-6CA4-47E8-A2A2-3158A59F7191}","station_name":"Las Virgenes Creek Site 22464","lat":34.12676,"lon":-118.70685,"county":"LOS ANGELES","huc8":"Las Virgenes Creek"}]}},{"type":"Feature","geometry":{"type":"Polygon","coordinates":[[[-118.72199571166249,34.084711093751146],[-118.71419018513329,34.096593779237615],[-118.72252134487951,34.107863813251825],[-118.73865853613805,34.10724993739742],[-118.74646125871837,34.0953669355409],[-118.7381295949177,34.084098125835744],[-118.72199571166249,34.084711093751146]]]},"properties":{"h3_index":"8729a1874ffffff","station_count":3,"program_id":"smc","program":"SMC","resolution":7,"stations":[{"station_id":"{AFED93F3-B0A3-48A4-9F2D-282AAF8941F8}","station_name":"Malibu Creek (32468)","lat":34.0999,"lon":-118.723049,"county":"LOS ANGELES"},{"station_id":"{770259F3-6098-48AE-B975-BA8FD4D003A7}","station_name":"Las Virgenes Creek 13416","lat":34.098751,"lon":-118.715946,"county":"LOS ANGELES","waterbody":"Las Virgenes Creek"},{"station_id":"{9F7A5CD2-5BFD-418F-BD48-77AB9FE34268}","station_name":"Las Virgenes Creek (26868)","lat":34.096751,"lon":-118.717372,"county":"LOS ANGELES"}]}},{"type":"Feature","geometry":{"type":"Polygon","coordinates":[[[-118.69805245968892,34.0972041062775],[-118.69024258521434,34.10908537280611],[-118.6985732371624,34.12035663019813],[-118.71471427231282,34.11974539761092],[-118.72252134487951,34.107863813251825],[-118.71419018513329,34.096593779237615],[-118.69805245968892,34.0972041062775]]]},"properties":{"h3_index":"8729a1876ffffff","station_count":2,"program_id":"smc","program":"SMC","resolution":7,"stations":[{"station_id":"{5EE0803D-6DE2-4321-AB68-097761FB59D5}","station_name":"Las Virgenes Creek 1128","lat":34.1039,"lon":-118.71271,"county":"LOS ANGELES"},{"station_id":"{481CC4C7-4B4F-422C-8672-B5D2A41B1A10}","station_name":"Liberty Canyon Creek","lat":34.11117,"lon":-118.716392,"county":"LOS ANGELES"}]}},{"type":"Feature","geometry":{"type":"Polygon","coordinates":[[[-118.6964914170592,34.027727916259664],[-118.68868618253305,34.039612473882954],[-118.69701154977037,34.05088974235975],[-118.71314265986462,34.05028122740105],[-118.72094509614786,34.038396350570956],[-118.71261922150774,34.02712030783343],[-118.6964914170592,34.027727916259664]]]},"properties":{"h3_index":"8729a1953ffffff","station_count":1,"program_id":"smc","program":"SMC","resolution":7,"stations":[{"station_id":"{DF1CCBA7-C4AB-4107-88EA-C7452FA1AB43}","station_name":"Puerco Canyon 0.2miles down stream of HWY 1","lat":34.033249,"lon":-118.713863,"county":"LOS ANGELES","huc8":"Solstice Canyon-Frontal Santa Monica Bay"}]}},{"type":"Feature","geometry":{"type":"Polygon","coordinates":[[[-118.3570249424427,34.01682737470861],[-118.34917148921431,34.02870068615878],[-118.3574753154062,34.04001098743847],[-118.37363315450627,34.039446758462105],[-118.38148384820083,34.02757310380196],[-118.3731794632659,34.01626402125889],[-118.3570249424427,34.01682737470861]]]},"properties":{"h3_index":"8729a1990ffffff","station_count":1,"program_id":"smc","program":"SMC","resolution":7,"stations":[{"station_id":"{6FBF9FF4-A20C-4FD7-BF59-9CDD53B7B27D}","station_name":"Ballona Creek downstream of S. Fairfax Ave.","lat":34.03767,"lon":-118.370384,"county":"LOS ANGELES"}]}},{"type":"Feature","geometry":{"type":"Polygon","coordinates":[[[-118.40456420371068,33.96875989088518],[-118.39672096190421,33.98063719415793],[-118.4050241494157,33.99194703690989],[-118.42117113072953,33.991378354877384],[-118.42901160999708,33.9795007108206],[-118.42070787142396,33.96819208951048],[-118.40456420371068,33.96875989088518]]]},"properties":{"h3_index":"8729a19b1ffffff","station_count":1,"program_id":"smc","program":"SMC","resolution":7,"stations":[{"station_id":"{895405F2-197F-4559-8D23-DCAE3223BD0A}","station_name":"Centinela Creek","lat":33.98426,"lon":-118.41426,"county":"LOS ANGELES","huc8":"Ballona Creek"}]}},{"type":"Feature","geometry":{"type":"Polygon","coordinates":[[[-118.9234405936429,34.400918488796016],[-118.91564220079613,34.41279244127276],[-118.92400915769404,34.42401609362719],[-118.94017498459776,34.42336457588978],[-118.9479705350381,34.41149032684502],[-118.93960310191214,34.40026789203103],[-118.9234405936429,34.400918488796016]]]},"properties":{"h3_index":"8729a1a02ffffff","station_count":2,"program_id":"smc","program":"SMC","resolution":7,"stations":[{"station_id":"{0C92B720-442C-4405-9304-D471005461BF}","station_name":"Sespe Creek Above Fillmore Site 772","lat":34.40976,"lon":-118.9322,"county":"VENTURA"},{"station_id":"{78204113-7925-4C39-A26C-8C3E847E3415}","station_name":"Sespe Creek 04868","lat":34.404915,"lon":-118.939435,"county":"VENTURA","waterbody":"Sespe Creek"}]}},{"type":"Feature","geometry":{"type":"Polygon","coordinates":[[[-118.92400915769404,34.42401609362719],[-118.91620922260692,34.435888905254345],[-118.92457795714662,34.447110495351716],[-118.9407471040446,34.44645805698558],[-118.94854419547707,34.43458494922543],[-118.94017498459776,34.42336457588978],[-118.92400915769404,34.42401609362719]]]},"properties":{"h3_index":"8729a1a1cffffff","station_count":1,"program_id":"smc","program":"SMC","resolution":7,"stations":[{"station_id":"{FA911FCE-7AE1-4B1B-9824-D94CEF9B375F}","station_name":"Sespe Creek (06660)","lat":34.429633,"lon":-118.923739,"county":"VENTURA"}]}},{"type":"Feature","geometry":{"type":"Polygon","coordinates":[[[-118.97076729945107,34.35276122076613],[-118.96297921027406,34.36463916804633],[-118.97134533876266,34.37586244186403],[-118.98750002596995,34.375206548204865],[-118.99528526997226,34.363328306879325],[-118.98691867287042,34.35210625318304],[-118.97076729945107,34.35276122076613]]]},"properties":{"h3_index":"8729a1a23ffffff","station_count":1,"program_id":"smc","program":"SMC","resolution":7,"stations":[{"station_id":"{6F7B9058-0EE7-4BCB-AD1D-F42CE2120A9A}","station_name":"Santa Clara River","lat":34.369316,"lon":-118.98739,"county":"VENTURA"}]}},{"type":"Feature","geometry":{"type":"Polygon","coordinates":[[[-119.0437330526166,34.36134648880782],[-119.03595504228271,34.37322644111094],[-119.04432612097528,34.3844419384211],[-119.060475668512,34.383776262107645],[-119.06825082518262,34.37189602108173],[-119.0598792889064,34.36068174501609],[-119.0437330526166,34.36134648880782]]]},"properties":{"h3_index":"8729a1a2dffffff","station_count":1,"program_id":"smc","program":"SMC","resolution":7,"stations":[{"station_id":"{2D777EA7-011C-451A-8872-6862EA35EADA}","station_name":"Santa Paula Creek ~2.5mi above Santa Clara River","lat":34.379167,"lon":-119.063333,"county":"VENTURA","waterbody":"Santa Paula Creek","huc8":"Santa Paula Creek"}]}},{"type":"Feature","geometry":{"type":"Polygon","coordinates":[[[-119.06944738992316,34.41807774046034],[-119.06166916801952,34.4299557197221],[-119.07004604364946,34.44116380356896],[-119.08620159624634,34.44049268829087],[-119.09397695873184,34.42861442310157],[-119.08559962896585,34.41740755904177],[-119.06944738992316,34.41807774046034]]]},"properties":{"h3_index":"8729a1a70ffffff","station_count":1,"program_id":"smc","program":"SMC","resolution":7,"stations":[{"station_id":"{FA34CFF9-4B89-4239-B6D3-1514F1693E1E}","station_name":"Santa Paula Creek ~1.5mi N Hwy 150","lat":34.43952,"lon":-119.07616,"county":"VENTURA"}]}},{"type":"Feature","geometry":{"type":"Polygon","coordinates":[[[-119.06884898381871,34.39498847735028],[-119.06107229483204,34.40686758929175],[-119.06944738992316,34.41807774046034],[-119.08559962896585,34.41740755904177],[-119.09337345979185,34.405528160737],[-119.08499791066254,34.39431923013793],[-119.06884898381871,34.39498847735028]]]},"properties":{"h3_index":"8729a1a74ffffff","station_count":2,"program_id":"smc","program":"SMC","resolution":7,"stations":[{"station_id":"{FDC87767-D553-4BF1-96EC-0D0686149D03}","station_name":"Santa Paula Creek ~2mi above Santa Paula","lat":34.39548,"lon":-119.07511,"county":"VENTURA","waterbody":"Santa Paula Creek"},{"station_id":"{F06BE008-61E9-4534-89C7-584D3EA10160}","station_name":"Santa Paula Creek 403R4S225","lat":34.397391,"lon":-119.07746,"county":"VENTURA","huc8":"Santa Paula Creek"}]}},{"type":"Feature","geometry":{"type":"Polygon","coordinates":[[[-118.7565822689142,34.534674066047046],[-118.74875009034018,34.54653551929818],[-118.75711716255361,34.55776353052054],[-118.77331691714515,34.55712887875848],[-118.78114626507055,34.54526711944213],[-118.77277868999207,34.53404031788041],[-118.7565822689142,34.534674066047046]]]},"properties":{"h3_index":"8729a1a98ffffff","station_count":1,"program_id":"smc","program":"SMC","resolution":7,"stations":[{"station_id":"{3ACC21E0-8C56-4A38-A245-B5A2B35033BB}","station_name":"Agua Blanca Creek ~1mi Above Piru Creek","lat":34.54172,"lon":-118.77286,"county":"VENTURA"}]}},{"type":"Feature","geometry":{"type":"Polygon","coordinates":[[[-118.75604759698753,34.511581364098646],[-118.74821697424979,34.523443983904386],[-118.7565822689142,34.534674066047046],[-118.77277868999207,34.53404031788041],[-118.78060648332205,34.52217739158255],[-118.7722406859204,34.51094851987076],[-118.75604759698753,34.511581364098646]]]},"properties":{"h3_index":"8729a1a9cffffff","station_count":1,"program_id":"smc","program":"SMC","resolution":7,"stations":[{"station_id":"{61DFF4F4-AC59-42DB-8F2D-329491720F99}","station_name":"Piru Creek (16332)","lat":34.531705,"lon":-118.758128,"county":"VENTURA"}]}},{"type":"Feature","geometry":{"type":"Polygon","coordinates":[[[-118.82698282210914,34.42788156134017],[-118.81916844882464,34.43975088028587],[-118.8275316867694,34.450981455885824],[-118.84370979009557,34.45034149776485],[-118.8515213303193,34.43847187590021],[-118.84315760121204,34.42724251500191],[-118.82698282210914,34.42788156134017]]]},"properties":{"h3_index":"8729a1aa1ffffff","station_count":1,"program_id":"smc","program":"SMC","resolution":7,"stations":[{"station_id":"{59C475E8-DDD2-411A-A903-5A93DE2B9E12}","station_name":"Hopper Canyon Cr.","lat":34.43048,"lon":-118.8318,"county":"VENTURA"}]}},{"type":"Feature","geometry":{"type":"Polygon","coordinates":[[[-118.77791092724392,34.40668038580363],[-118.77009089767822,34.41854909317826],[-118.77844959190017,34.429786213022325],[-118.79462881507753,34.42915341098498],[-118.80244601814356,34.41728439686951],[-118.7940868254671,34.4060484914591],[-118.77791092724392,34.40668038580363]]]},"properties":{"h3_index":"8729a1aa6ffffff","station_count":2,"program_id":"smc","program":"SMC","resolution":7,"stations":[{"station_id":"{995EF751-0CDD-4FCC-9B1F-51E96D709008}","station_name":"Piru Creek 403R4S193","lat":34.417227,"lon":-118.78928,"county":"VENTURA","huc8":"Hosler Canyon-Piru Creek"},{"station_id":"{4281D377-80CE-4294-B45C-BA8A76A086ED}","station_name":"Piru Creek 6904","lat":34.41964,"lon":-118.78769,"county":"VENTURA"}]}},{"type":"Feature","geometry":{"type":"Polygon","coordinates":[[[-118.75444491010687,34.44228390172665],[-118.7466189511866,34.45414999966503],[-118.7549789177214,34.46538627510009],[-118.77116534646716,34.46475523977689],[-118.77898847969747,34.45288883405604],[-118.77062801080875,34.44165377136804],[-118.75444491010687,34.44228390172665]]]},"properties":{"h3_index":"8729a1ab1ffffff","station_count":1,"program_id":"smc","program":"SMC","resolution":7,"stations":[{"station_id":"{8C213AA1-46D0-40E0-BA30-4AE36059E889}","station_name":"Piru Creek 02764","lat":34.447782,"lon":-118.754901,"county":"VENTURA","waterbody":"Piru Creek"}]}},{"type":"Feature","geometry":{"type":"Polygon","coordinates":[[[-118.75391112365485,34.41917831823175],[-118.74608671811112,34.4310455683616],[-118.75444491010687,34.44228390172665],[-118.77062801080875,34.44165377136804],[-118.77844959190017,34.429786213022325],[-118.77009089767822,34.41854909317826],[-118.75391112365485,34.41917831823175]]]},"properties":{"h3_index":"8729a1ab5ffffff","station_count":2,"program_id":"smc","program":"SMC","resolution":7,"stations":[{"station_id":"{49410456-9A2E-4FC3-82AF-EDBD32BA8E08}","station_name":"Piru Creek 1.7 miles down stream from Lake Piru","lat":34.43957,"lon":-118.7591,"county":"VENTURA","huc8":"Hosler Canyon-Piru Creek"},{"station_id":"{24A3EB18-8BF0-46E0-8B95-6775190A7DC4}","station_name":"Piru Creek (16978)","lat":34.42319,"lon":-118.767716,"county":"VENTURA"}]}},{"type":"Feature","geometry":{"type":"Polygon","coordinates":[[[-119.04314022946552,34.33824785579503],[-119.03536375210093,34.35012893314497],[-119.0437330526166,34.36134648880782],[-119.0598792889064,34.36068174501609],[-119.06765291386158,34.34880037850366],[-119.05928315586239,34.33758404486945],[-119.04314022946552,34.33824785579503]]]},"properties":{"h3_index":"8729a1b53ffffff","station_count":2,"program_id":"smc","program":"SMC","resolution":7,"stations":[{"station_id":"{AC29D9B9-AAD0-440A-B8DA-F2DABEEB7B79}","station_name":"Santa Paula Creek ~0.6mi above Santa Clara River","lat":34.356111,"lon":-119.048611,"county":"VENTURA","waterbody":"Santa Paula Creek","huc8":"Santa Paula Creek"},{"station_id":"{5D19D13F-2CDD-468D-AB80-1144CEE92F8F}","station_name":"Santa Clara River 403RS230","lat":34.349221,"lon":-119.044,"county":"VENTURA","huc8":"Timber Canyon-Santa Clara River"}]}},{"type":"Feature","geometry":{"type":"Polygon","coordinates":[[[-119.21099732111182,34.273439096262024],[-119.2032500109623,34.28532885051297],[-119.21162421429264,34.29653578041143],[-119.2277461601579,34.29585172851531],[-119.23549060286616,34.283961695929584],[-119.22711596807007,34.272755993496915],[-119.21099732111182,34.273439096262024]]]},"properties":{"h3_index":"8729a1b6dffffff","station_count":2,"program_id":"smc","program":"SMC","resolution":7,"stations":[{"station_id":"{157CA26B-10D2-45FC-9F8F-F0EDCF041EBA}","station_name":"Arundell Barranca ~0.25mi above Telegraph Rd.","lat":34.28,"lon":-119.220833,"county":"VENTURA"},{"station_id":"{CE2684DF-F68D-40BE-BBF3-E500378D9BDC}","station_name":"Arundell Barranca ~0.25mi above Telgraph Road","lat":34.279861,"lon":-119.220139,"county":"VENTURA"}]}},{"type":"Feature","geometry":{"type":"Polygon","coordinates":[[[-118.77737248559022,34.38357135925547],[-118.76955400693735,34.39544121206045],[-118.77791092724392,34.40668038580363],[-118.7940868254671,34.4060484914591],[-118.80190247885828,34.3941783314774],[-118.79354506022261,34.38294037294379],[-118.77737248559022,34.38357135925547]]]},"properties":{"h3_index":"8729a1b99ffffff","station_count":1,"program_id":"smc","program":"SMC","resolution":7,"stations":[{"station_id":"{78C7C99F-7F96-4F6D-8CBC-65D1FFDB01B1}","station_name":"Piru Creek d/s of HWY 126 Site 3832","lat":34.40211,"lon":-118.78471,"county":"VENTURA"}]}},{"type":"Feature","geometry":{"type":"Polygon","coordinates":[[[-118.72884591990962,34.38545183720278],[-118.72102024719959,34.39731992536637],[-118.72937438662956,34.40856357897538],[-118.74555470544676,34.40793793019272],[-118.75337755822797,34.39606953146892],[-118.7450229130568,34.38482709201538],[-118.72884591990962,34.38545183720278]]]},"properties":{"h3_index":"8729a1b9affffff","station_count":2,"program_id":"smc","program":"SMC","resolution":7,"stations":[{"station_id":"{1F1B2BCA-CACE-48C6-B0AE-D55487831110}","station_name":"Santa Clara River u/s Site 1784","lat":34.40228,"lon":-118.7471,"county":"VENTURA"},{"station_id":"{8F873253-9D24-47BC-BAE5-BD6B73EFF232}","station_name":"Tapo Canyon","lat":34.39996,"lon":-118.72346,"county":"VENTURA"}]}},{"type":"Feature","geometry":{"type":"Polygon","coordinates":[[[-117.08382688914473,32.9349481698417],[-117.07587015599867,32.946823923728694],[-117.08401283010028,32.95833668656669],[-117.10011297605611,32.95797247231643],[-117.10806714828027,32.946096265796726],[-117.09992373641082,32.934584726103175],[-117.08382688914473,32.9349481698417]]]},"properties":{"h3_index":"8729a408effffff","station_count":1,"program_id":"smc","program":"SMC","resolution":7,"stations":[{"station_id":"{8509685F-9FAB-429A-8E8A-B88869C1A0D3}","station_name":"Los Penasquitos ~0.8mi above I-15","lat":32.946365,"lon":-117.098493,"county":"SAN DIEGO"}]}},{"type":"Feature","geometry":{"type":"Polygon","coordinates":[[[-117.0597698776335,32.94718469150275],[-117.05180897417038,32.95905899010942],[-117.05995090675879,32.97057297498348],[-117.07605448526469,32.97021143915829],[-117.08401283010028,32.95833668656669],[-117.07587015599867,32.946823923728694],[-117.0597698776335,32.94718469150275]]]},"properties":{"h3_index":"8729a409dffffff","station_count":1,"program_id":"smc","program":"SMC","resolution":7,"stations":[{"station_id":"{5DC36567-4FED-4DF4-A0E0-702297C91491}","station_name":"Poway Creek","lat":32.949075,"lon":-117.064432,"county":"SAN DIEGO","huc8":"Penasquitos"}]}},{"type":"Feature","geometry":{"type":"Polygon","coordinates":[[[-117.20547280231041,33.037372928077644],[-117.19752569419745,33.04924891465047],[-117.20568386048436,33.06074309834401],[-117.22178985675791,33.06036007230601],[-117.22973438496022,33.04848364357215],[-117.22157549773983,33.03699068297926],[-117.20547280231041,33.037372928077644]]]},"properties":{"h3_index":"8729a40d8ffffff","station_count":1,"program_id":"smc","program":"SMC","resolution":7,"stations":[{"station_id":"{E616587D-2D3A-4454-B670-749CD81BDFAC}","station_name":"Escondido Creek above El Camino Del Norte","lat":33.050316,"lon":-117.224287,"county":"SAN DIEGO"}]}},{"type":"Feature","geometry":{"type":"Polygon","coordinates":[[[-117.20526183084057,33.01399996066279],[-117.19731632966482,33.025876954943804],[-117.20547280231041,33.037372928077644],[-117.22157549773983,33.03699068297926],[-117.22951842009215,33.025113246012914],[-117.22136122677816,33.01361849677216],[-117.20526183084057,33.01399996066279]]]},"properties":{"h3_index":"8729a40dcffffff","station_count":1,"program_id":"smc","program":"SMC","resolution":7,"stations":[{"station_id":"{D1476365-3FFA-42C0-A41E-147DC6E062A5}","station_name":"Rancho Santa Fe Golf Course","lat":33.02292,"lon":-117.2273,"county":"SAN DIEGO"}]}},{"type":"Feature","geometry":{"type":"Polygon","coordinates":[[[-117.10654254229377,32.75890937764834],[-117.09860123154859,32.77079346240056],[-117.10673284452034,32.78231730416344],[-117.12280650128844,32.781955831287796],[-117.1307452563469,32.77007129150549],[-117.12261291125944,32.758548679571426],[-117.10654254229377,32.75890937764834]]]},"properties":{"h3_index":"8729a418cffffff","station_count":1,"program_id":"smc","program":"SMC","resolution":7,"stations":[{"station_id":"{763B7AB7-4581-4713-9A64-23E40EDB3A43}","station_name":"Murphy Canyon Creek","lat":32.7818,"lon":-117.1142,"county":"SAN DIEGO"}]}},{"type":"Feature","geometry":{"type":"Polygon","coordinates":[[[-117.32751149767476,33.16292505237177],[-117.3195725143898,33.17480017734382],[-117.32774783284432,33.18627382490292],[-117.34386283979184,33.185871125225454],[-117.35179922308102,33.17399556908084],[-117.34362320035905,33.162523143726986],[-117.32751149767476,33.16292505237177]]]},"properties":{"h3_index":"8729a42b6ffffff","station_count":1,"program_id":"smc","program":"SMC","resolution":7,"stations":[{"station_id":"{7DE483E0-E925-489F-B9A2-082BF469C6B9}","station_name":"Buena Vista Creek above Buena Vista Lagoon","lat":33.179798,"lon":-117.337354,"county":"SAN DIEGO"}]}},{"type":"Feature","geometry":{"type":"Polygon","coordinates":[[[-116.74563887204162,32.965512855386415],[-116.73763360962234,32.97737401830752],[-116.74575547129179,32.988914414372715],[-116.76188338492653,32.98859243527397],[-116.76988612534967,32.97673079771263],[-116.76176347508262,32.96519161383759],[-116.74563887204162,32.965512855386415]]]},"properties":{"h3_index":"8729a440affffff","station_count":1,"program_id":"smc","program":"SMC","resolution":7,"stations":[{"station_id":"{341C220A-05A5-4EB5-AC16-E3D90EF157BC}","station_name":"San Diego River ~0.4mi above Boulder Cr.","lat":32.97974,"lon":-116.742466,"county":"SAN DIEGO"}]}},{"type":"Feature","geometry":{"type":"Polygon","coordinates":[[[-116.74552232071183,32.94210851730013],[-116.73751868947551,32.95397070060344],[-116.74563887204162,32.965512855386415],[-116.76176347508262,32.96519161383759],[-116.76976458537465,32.95332895536587],[-116.7616436145178,32.941788013558664],[-116.74552232071183,32.94210851730013]]]},"properties":{"h3_index":"8729a440effffff","station_count":1,"program_id":"smc","program":"SMC","resolution":7,"stations":[{"station_id":"{8D871DCF-2937-4059-9F76-138330E6A09A}","station_name":"San Diego River below El Capitan Truck Trail","lat":32.961986,"lon":-116.750772,"county":"SAN DIEGO"}]}},{"type":"Feature","geometry":{"type":"Polygon","coordinates":[[[-116.64877075665906,32.943988473729235],[-116.64075380433518,32.95584669739195],[-116.64886744242945,32.967397205831276],[-116.66499883653469,32.96708828056424],[-116.67301327946855,32.95522957533494],[-116.66489883863697,32.94368027688771],[-116.64877075665906,32.943988473729235]]]},"properties":{"h3_index":"8729a4413ffffff","station_count":1,"program_id":"smc","program":"SMC","resolution":7,"stations":[{"station_id":"{99B05F9E-3832-4DC8-BA21-F4251648494A}","station_name":"Boulder Creek ~0.7mi above Boulder Cr. Rd.","lat":32.966755,"lon":-116.652751,"county":"SAN DIEGO"}]}},{"type":"Feature","geometry":{"type":"Polygon","coordinates":[[[-116.72150564510216,32.977692549992625],[-116.71349623119836,32.989552212768224],[-116.72161730050219,33.00109381988914],[-116.73774857702459,33.00077455312638],[-116.74575547129179,32.988914414372715],[-116.73763360962234,32.97737401830752],[-116.72150564510216,32.977692549992625]]]},"properties":{"h3_index":"8729a4419ffffff","station_count":1,"program_id":"smc","program":"SMC","resolution":7,"stations":[{"station_id":"{4E49D190-85D4-4A7E-9CEB-395BB366506E}","station_name":"Cedar Creek ~1.5mi above San Diego R.","lat":32.992545,"lon":-116.717712,"county":"SAN DIEGO","huc8":"Cedar Creek"}]}},{"type":"Feature","geometry":{"type":"Polygon","coordinates":[[[-116.64848093767226,32.87374566682722],[-116.6404688914574,32.88560694527587],[-116.64857750430495,32.89716269689819],[-116.66469896610656,32.89685595767224],[-116.67270850606191,32.88499419606439],[-116.66459909142323,32.87343965679001],[-116.64848093767226,32.87374566682722]]]},"properties":{"h3_index":"8729a4432ffffff","station_count":1,"program_id":"smc","program":"SMC","resolution":7,"stations":[{"station_id":"{138324E9-8E54-4C27-B8A7-BCE09C7E1E91}","station_name":"King Creek ~1.1mi below Grove Dr.","lat":32.894218,"lon":-116.658443,"county":"SAN DIEGO"}]}},{"type":"Feature","geometry":{"type":"Polygon","coordinates":[[[-116.6735220712787,33.07223291143711],[-116.66549944336292,33.08408644698985],[-116.67362395529292,33.095625168474506],[-116.68977189694318,33.095309147916154],[-116.69779200681067,33.08345513528056],[-116.6896666940287,33.07191762023459],[-116.6735220712787,33.07223291143711]]]},"properties":{"h3_index":"8729a44d5ffffff","station_count":1,"program_id":"smc","program":"SMC","resolution":7,"stations":[{"station_id":"{2BC80477-F23D-4FB5-B2BF-A5E954C3F8E2}","station_name":"San Diego River below Sentenac Cr.","lat":33.0767,"lon":-116.67455,"county":"SAN DIEGO","huc8":"Ritchie Creek-San Diego River"}]}},{"type":"Feature","geometry":{"type":"Polygon","coordinates":[[[-116.72161730050219,33.00109381988914],[-116.71360625303409,33.01295245524037],[-116.72172900182639,33.02449229933328],[-116.7378635917115,33.02417229775083],[-116.7458721184919,33.01231318694746],[-116.73774857702459,33.00077455312638],[-116.72161730050219,33.00109381988914]]]},"properties":{"h3_index":"8729a44e6ffffff","station_count":1,"program_id":"smc","program":"SMC","resolution":7,"stations":[{"station_id":"{07C853B2-A7D2-4D83-A8B1-EFA0B7DD1463}","station_name":"San Diego River below Ritchie Cr.","lat":33.003129,"lon":-116.729186,"county":"SAN DIEGO"}]}},{"type":"Feature","geometry":{"type":"Polygon","coordinates":[[[-116.62388985398225,32.768785351234406],[-116.61588184122363,32.78065016240895],[-116.62398128850695,32.792215796944326],[-116.64008955346542,32.79191540511318],[-116.64809506753366,32.78005010676971],[-116.63999481627974,32.76848568737473],[-116.62388985398225,32.768785351234406]]]},"properties":{"h3_index":"8729a4512ffffff","station_count":1,"program_id":"smc","program":"SMC","resolution":7,"stations":[{"station_id":"{01BE4790-E067-4701-9FAA-B01621538AFD}","station_name":"Pine Valley Creek ~2.3mi above Secret Cyn. Cr.","lat":32.781234,"lon":-116.632071,"county":"SAN DIEGO","huc8":"Middle Pine Valley Creek"}]}},{"type":"Feature","geometry":{"type":"Polygon","coordinates":[[[-116.64790236995808,32.733185965804154],[-116.63990011797105,32.74505325127246],[-116.64799869897503,32.756619393564996],[-116.66410033281431,32.756317033255726],[-116.67210008478521,32.744449261403794],[-116.66400070387752,32.73288433619278],[-116.64790236995808,32.733185965804154]]]},"properties":{"h3_index":"8729a4514ffffff","station_count":1,"program_id":"smc","program":"SMC","resolution":7,"stations":[{"station_id":"{88075F1B-1A82-4C6B-A64B-4EEB97A99AA7}","station_name":"Pine Valley Creek ~0.9mi below Espinosa Cr.","lat":32.735477,"lon":-116.652682,"county":"SAN DIEGO"}]}},{"type":"Feature","geometry":{"type":"Polygon","coordinates":[[[-116.62379845698065,32.74535218691086],[-116.61579207663249,32.75721799301143],[-116.62388985398225,32.768785351234406],[-116.63999481627974,32.76848568737473],[-116.64799869897503,32.756619393564996],[-116.63990011797105,32.74505325127246],[-116.62379845698065,32.74535218691086]]]},"properties":{"h3_index":"8729a4516ffffff","station_count":1,"program_id":"smc","program":"SMC","resolution":7,"stations":[{"station_id":"{33E19C18-B05F-4B67-AF14-CFFA3AD6FE5C}","station_name":"Pine Valley Creek below Secret Cyn. Cr.","lat":32.76142,"lon":-116.642572,"county":"SAN DIEGO"}]}},{"type":"Feature","geometry":{"type":"Polygon","coordinates":[[[-116.72072534080311,32.813806142758565],[-116.71272734322488,32.825672891410136],[-116.72083667552548,32.83722674084298],[-116.7369447965546,32.83691262500567],[-116.74494028183547,32.825045396653714],[-116.73683015932963,32.81349276378678],[-116.72072534080311,32.813806142758565]]]},"properties":{"h3_index":"8729a4519ffffff","station_count":1,"program_id":"smc","program":"SMC","resolution":7,"stations":[{"station_id":"{9AF14990-17BA-4425-A103-FB3BB90ED1C1}","station_name":"Viejas Creek (SMC Code SMC14218)","lat":32.829985,"lon":-116.736039,"county":"SAN DIEGO","waterbody":"Viejas Creek"}]}},{"type":"Feature","geometry":{"type":"Polygon","coordinates":[[[-116.86576873525118,32.83432618288276],[-116.85778910560882,32.84619777848412],[-116.8659098328781,32.85773735602232],[-116.8820109596429,32.857404117691736],[-116.88998805874506,32.84553205254909],[-116.88186656256516,32.8339936952239],[-116.86576873525118,32.83432618288276]]]},"properties":{"h3_index":"8729a4542ffffff","station_count":1,"program_id":"smc","program":"SMC","resolution":7,"stations":[{"station_id":"{D6B7DD8E-F83A-4F01-BC9C-A833198629FB}","station_name":"Coches Creek, Los (SMC Code SMC11430)","lat":32.848374,"lon":-116.860048,"county":"SAN DIEGO","waterbody":"Los Coches Creek"}]}},{"type":"Feature","geometry":{"type":"Polygon","coordinates":[[[-116.96217749229339,32.808891301002106],[-116.95421285228872,32.82076773667628],[-116.96233831312786,32.832300682060506],[-116.97842916914082,32.831955967793],[-116.98639126827817,32.82007906847843],[-116.97826505320973,32.80854734701612],[-116.96217749229339,32.808891301002106]]]},"properties":{"h3_index":"8729a4568ffffff","station_count":1,"program_id":"smc","program":"SMC","resolution":7,"stations":[{"station_id":"{AEC8DD1F-8F5A-4F26-83F3-5D156FAE935E}","station_name":"Forester Creek above Veron Way","lat":32.811821,"lon":-116.973235,"county":"SAN DIEGO"}]}},{"type":"Feature","geometry":{"type":"Polygon","coordinates":[[[-116.62434740229911,32.88591024648206],[-116.61633121749416,32.89777002597202],[-116.62443902478631,32.90932698879656],[-116.64056382338768,32.90902296087755],[-116.64857750430495,32.89716269689819],[-116.6404688914574,32.88560694527587],[-116.62434740229911,32.88591024648206]]]},"properties":{"h3_index":"8729a4589ffffff","station_count":1,"program_id":"smc","program":"SMC","resolution":7,"stations":[{"station_id":"{F474F1B1-6673-4BE5-ABCF-EDA4658684EB}","station_name":"King Creek ~0.8mi above WF","lat":32.90475,"lon":-116.62501,"county":"SAN DIEGO","huc8":"Conejos Creek"}]}},{"type":"Feature","geometry":{"type":"Polygon","coordinates":[[[-116.50330063756905,32.8529812631912],[-116.49527034301919,32.86483757726267],[-116.50336738307497,32.87640753901871],[-116.51949554173127,32.8761199780711],[-116.52752334846143,32.86426317074526],[-116.51942548530543,32.85269441757144],[-116.50330063756905,32.8529812631912]]]},"properties":{"h3_index":"8729a4591ffffff","station_count":1,"program_id":"smc","program":"SMC","resolution":7,"stations":[{"station_id":"{E4A02975-C4E4-44CC-9FBE-31E42DAB4AB1}","station_name":"Pine Valley Creek below Noble Cyn. Cr.","lat":32.862159,"lon":-116.520376,"county":"SAN DIEGO","huc8":"Upper Pine Valley Creek"}]}},{"type":"Feature","geometry":{"type":"Polygon","coordinates":[[[-116.5997735548847,32.780947126377924],[-116.5917614127294,32.792810450325206],[-116.59986005228683,32.804377298849275],[-116.61597164267216,32.80407960938609],[-116.62398128850695,32.792215796944326],[-116.61588184122363,32.78065016240895],[-116.5997735548847,32.780947126377924]]]},"properties":{"h3_index":"8729a45a1ffffff","station_count":1,"program_id":"smc","program":"SMC","resolution":7,"stations":[{"station_id":"{73A3B123-DAB4-40CA-A2F4-CE8843033616}","station_name":"Pine Valley Creek ~3.8mi above Secret Cyn. Cr.","lat":32.791121,"lon":-116.616771,"county":"SAN DIEGO","huc8":"Middle Pine Valley Creek"}]}},{"type":"Feature","geometry":{"type":"Polygon","coordinates":[[[-117.01369207303759,33.252113458629715],[-117.00570338482262,33.26397245134484],[-117.01386411621172,33.275467349211326],[-117.03001428917914,33.275102043917414],[-117.03800041046152,33.26324260073706],[-117.02983892665893,33.25174891326049],[-117.01369207303759,33.252113458629715]]]},"properties":{"h3_index":"8729a4611ffffff","station_count":1,"program_id":"smc","program":"SMC","resolution":7,"stations":[{"station_id":"{39E3297C-EAA1-429F-9F16-909473822B57}","station_name":"Keys Creek East of Shady Creek Lane","lat":33.269344,"lon":-117.031468,"county":"SAN DIEGO","huc8":"San Luis Rey - Escondido"}]}},{"type":"Feature","geometry":{"type":"Polygon","coordinates":[[[-117.28121015167939,33.37417575749626],[-117.27324988659632,33.38603960233421],[-117.28143741131599,33.39750104597231],[-117.29758591592098,33.39709743094963],[-117.30554357673799,33.385233156262785],[-117.29735533816302,33.37377292638927],[-117.28121015167939,33.37417575749626]]]},"properties":{"h3_index":"8729a464bffffff","station_count":1,"program_id":"smc","program":"SMC","resolution":7,"stations":[{"station_id":"{BF298ED5-6E81-4DFF-9351-7F81F53DE4FE}","station_name":"Santa Margarita River ~2.5mi below De Luz Rd.","lat":33.397108,"lon":-117.283647,"county":"SAN DIEGO"}]}},{"type":"Feature","geometry":{"type":"Polygon","coordinates":[[[-117.10921389380216,33.08637031473615],[-117.1012500481091,33.098240453657304],[-117.10940529315428,33.10973951879218],[-117.12552512077806,33.109367226235875],[-117.13348639570256,33.09749663971308],[-117.12533041471539,33.08599879329142],[-117.10921389380216,33.08637031473615]]]},"properties":{"h3_index":"8729a470cffffff","station_count":1,"program_id":"smc","program":"SMC","resolution":7,"stations":[{"station_id":"{C3E2875A-454C-4AA3-9276-2BE0FA97C94E}","station_name":"Escondido Creek above Harmony Grove","lat":33.099184,"lon":-117.130139,"county":"SAN DIEGO"}]}},{"type":"Feature","geometry":{"type":"Polygon","coordinates":[[[-117.13329007684395,33.074127185547226],[-117.12533041471539,33.08599879329142],[-117.13348639570256,33.09749663971308],[-117.1496027719468,33.09712165852115],[-117.15755986101335,33.08524960453449],[-117.14940314784037,33.07375297792509],[-117.13329007684395,33.074127185547226]]]},"properties":{"h3_index":"8729a472bffffff","station_count":1,"program_id":"smc","program":"SMC","resolution":7,"stations":[{"station_id":"{FCB3C38A-B936-4FD4-B1A0-D88750DD4372}","station_name":"Escondido Creek ~1.1mi below Country Club Dr.","lat":33.088998,"lon":-117.137485,"county":"SAN DIEGO"}]}},{"type":"Feature","geometry":{"type":"Polygon","coordinates":[[[-117.22995043858802,33.07185124074817],[-117.22200430388665,33.08372665747937],[-117.23016658103028,33.09521603027101],[-117.24627571152983,33.0948287636635],[-117.25421926186914,33.082952907178736],[-117.24605626701143,33.071464756996754],[-117.22995043858802,33.07185124074817]]]},"properties":{"h3_index":"8729a4766ffffff","station_count":1,"program_id":"smc","program":"SMC","resolution":7,"stations":[{"station_id":"{579A30AA-ADD6-468E-83B3-40471B9F53B5}","station_name":"San Marcos Creek ~1.6mi above El Camino Real","lat":33.090865,"lon":-117.244701,"county":"SAN DIEGO"}]}},{"type":"Feature","geometry":{"type":"Polygon","coordinates":[[[-116.8914515286908,33.0794942926082],[-116.88345819767342,33.09135621695484],[-116.89159820685022,33.10287516412398],[-116.90773231638575,33.10253097422584],[-116.91572310285284,33.0906685874913],[-116.90758232528279,33.07915085298858],[-116.8914515286908,33.0794942926082]]]},"properties":{"h3_index":"8729a47a6ffffff","station_count":1,"program_id":"smc","program":"SMC","resolution":7,"stations":[{"station_id":"{DF6A4B7F-6FE1-411D-BFE8-D13688A02B30}","station_name":"Santa Ysabel Creek below Clevenger Cyn. Cr.","lat":33.089585,"lon":-116.903207,"county":"SAN DIEGO","huc8":"San Pasqual Valley-Santa Ysabel Creek"}]}},{"type":"Feature","geometry":{"type":"Polygon","coordinates":[[[-116.84318891118889,33.10389539206365],[-116.83518724271829,33.11575431461335],[-116.84332570379271,33.12727568375911],[-116.85946661022555,33.12693691987313],[-116.86746573882988,33.115077532239376],[-116.85932650181742,33.10355737352205],[-116.84318891118889,33.10389539206365]]]},"properties":{"h3_index":"8729a47b0ffffff","station_count":1,"program_id":"smc","program":"SMC","resolution":7,"stations":[{"station_id":"{6A94F6A3-6F54-43B7-9EAF-6185B695B210}","station_name":"Santa Ysabel Creek below Temescal Cr.","lat":33.117781,"lon":-116.854448,"county":"SAN DIEGO"}]}},{"type":"Feature","geometry":{"type":"Polygon","coordinates":[[[-116.67169530210977,32.65069833033924],[-116.66370206218397,32.662570032880346],[-116.67179643553052,32.67414010303852],[-116.68788484496643,32.67383724999182],[-116.69587558563535,32.66196506075925],[-116.6877804170673,32.650396211212396],[-116.67169530210977,32.65069833033924]]]},"properties":{"h3_index":"8729a4c9affffff","station_count":1,"program_id":"smc","program":"SMC","resolution":7,"stations":[{"station_id":"{ADD7EE59-F0B9-4EF3-A192-8A96B851DB2E}","station_name":"Cottonwood Creek ~0.6mi below Bob Owens Cyn. Cr.","lat":32.656651,"lon":-116.680563,"county":"SAN DIEGO"}]}},{"type":"Feature","geometry":{"type":"Polygon","coordinates":[[[-116.86464203588211,32.646938887541516],[-116.85667535283416,32.658818318285284],[-116.86478267125277,32.67037174983551],[-116.88085744021436,32.670044524011495],[-116.88882160115952,32.65816461939379],[-116.88071351618387,32.64661241441923],[-116.86464203588211,32.646938887541516]]]},"properties":{"h3_index":"8729a4cc6ffffff","station_count":1,"program_id":"smc","program":"SMC","resolution":7,"stations":[{"station_id":"{80D6649B-08E8-44C1-B681-7D40624E8984}","station_name":"Jamul Creek below Dulzura Cr.","lat":32.647877,"lon":-116.869991,"county":"SAN DIEGO"}]}},{"type":"Feature","geometry":{"type":"Polygon","coordinates":[[[-116.86450145813379,32.6235033472534],[-116.85653639045756,32.6353837402439],[-116.86464203588211,32.646938887541516],[-116.88071351618387,32.64661241441923],[-116.88867606280897,32.63473154700671],[-116.88056965112081,32.62317762708364],[-116.86450145813379,32.6235033472534]]]},"properties":{"h3_index":"8729a4cf1ffffff","station_count":1,"program_id":"smc","program":"SMC","resolution":7,"stations":[{"station_id":"{B9722E42-B415-48BA-BDED-78C668F9C849}","station_name":"Jamul creek below Otay Lakes Rd.","lat":32.634814,"lon":-116.885413,"county":"SAN DIEGO"}]}},{"type":"Feature","geometry":{"type":"Polygon","coordinates":[[[-117.7676372497556,33.54752285217477],[-117.75973288917707,33.559397068395675],[-117.76796488864697,33.570800558832275],[-117.78410189241585,33.570328612290936],[-117.79200358373772,33.55845400296413],[-117.78377094148723,33.54705173322098],[-117.7676372497556,33.54752285217477]]]},"properties":{"h3_index":"8729a5481ffffff","station_count":1,"program_id":"smc","program":"SMC","resolution":7,"stations":[{"station_id":"{5BCEDC5A-1D4F-4E3C-AAC1-19BE49D18392}","station_name":"Laguna Canyon ~1.5mi above Mouth","lat":33.559753,"lon":-117.772006,"county":"ORANGE","huc8":"Salt Creek-Frontal Gulf of Santa Catalina"}]}},{"type":"Feature","geometry":{"type":"Polygon","coordinates":[[[-117.71922835869124,33.54892384870814],[-117.71131707830031,33.56079620973525],[-117.71954605794497,33.5722040289844],[-117.73568696900819,33.57173826772607],[-117.74359558568698,33.5598655102967],[-117.73536595595573,33.5484589104649],[-117.71922835869124,33.54892384870814]]]},"properties":{"h3_index":"8729a5482ffffff","station_count":1,"program_id":"smc","program":"SMC","resolution":7,"stations":[{"station_id":"{3D77E3E3-6830-4E3D-B6DB-CDF239ECF1D7}","station_name":"Aliso Creek ~0.7mi above Aliso Cr. Rd.","lat":33.56418,"lon":-117.717926,"county":"ORANGE","huc8":"Aliso Creek"}]}},{"type":"Feature","geometry":{"type":"Polygon","coordinates":[[[-117.74295051214354,33.513301721798605],[-117.73504507519455,33.52517660309858],[-117.7432729824504,33.53658508924448],[-117.75940697370035,33.536117472792064],[-117.76730974587309,33.524242195998674],[-117.7590811925117,33.51283493108776],[-117.74295051214354,33.513301721798605]]]},"properties":{"h3_index":"8729a5484ffffff","station_count":1,"program_id":"smc","program":"SMC","resolution":7,"stations":[{"station_id":"{C062A5B5-6685-4540-8C5C-8C5D56AD2955}","station_name":"Aliso Creek ~0.8mi below Wood Cyn. Cr.","lat":33.531543,"lon":-117.741447,"county":"ORANGE"}]}},{"type":"Feature","geometry":{"type":"Polygon","coordinates":[[[-117.67080779428753,33.55030629329392],[-117.66288960227972,33.56217678981362],[-117.67111554864564,33.573588933462375],[-117.6872603453567,33.57312936239646],[-117.69517587921263,33.56125846618229],[-117.68694927545161,33.54984754066606],[-117.67080779428753,33.55030629329392]]]},"properties":{"h3_index":"8729a5490ffffff","station_count":1,"program_id":"smc","program":"SMC","resolution":7,"stations":[{"station_id":"{53AD1FA4-85E6-4019-9C6C-F46F341F5F91}","station_name":"Oso Creek ~0.5mi below Crown Valley Pkwy","lat":33.550524,"lon":-117.675428,"county":"ORANGE"}]}},{"type":"Feature","geometry":{"type":"Polygon","coordinates":[[[-117.71859335289861,33.5023546440941],[-117.71068525451396,33.514229128006114],[-117.71891079036943,33.525640718033905],[-117.73504507519455,33.52517660309858],[-117.74295051214354,33.513301721798605],[-117.73472432664292,33.50189135275882],[-117.71859335289861,33.5023546440941]]]},"properties":{"h3_index":"8729a54b1ffffff","station_count":1,"program_id":"smc","program":"SMC","resolution":7,"stations":[{"station_id":"{6814FA0F-AE91-4FFA-9E82-245C689A75CC}","station_name":"Aliso Creek ~1mi above mouth (SMC)","lat":33.516368,"lon":-117.740624,"county":"ORANGE"}]}},{"type":"Feature","geometry":{"type":"Polygon","coordinates":[[[-117.66988529200836,33.48044069368461],[-117.66197188078237,33.4923143771401],[-117.67019266604726,33.50373216626779],[-117.68632752019818,33.50327505139097],[-117.69423827667583,33.491400966760686],[-117.68601683469144,33.47998439811946],[-117.66988529200836,33.48044069368461]]]},"properties":{"h3_index":"8729a54b6ffffff","station_count":1,"program_id":"smc","program":"SMC","resolution":7,"stations":[{"station_id":"{7CBB3BED-FE44-43F0-93C6-D24D354DF07E}","station_name":"San Juan Creek above Arroyo Trabuco","lat":33.490389,"lon":-117.665322,"county":"ORANGE"}]}},{"type":"Feature","geometry":{"type":"Polygon","coordinates":[[[-118.1105439330626,33.792894318563],[-118.10267094989413,33.80476955906415],[-118.11094280346376,33.81612148256415],[-118.1270882348885,33.81559694478915],[-118.1349584975663,33.803721339696985],[-118.1266860502475,33.792370636903875],[-118.1105439330626,33.792894318563]]]},"properties":{"h3_index":"8729a56a0ffffff","station_count":1,"program_id":"smc","program":"SMC","resolution":7,"stations":[{"station_id":"{3834710F-6281-4259-BFF5-E448FDBCDB1F}","station_name":"Cerritos Channel d/s of LB Airport","lat":33.81024,"lon":-118.1282,"county":"LOS ANGELES","huc8":"Colorado Lagoon-Frontal Alamitos Bay"}]}},{"type":"Feature","geometry":{"type":"Polygon","coordinates":[[[-118.33078853146412,33.913298265312704],[-118.32293858718482,33.925175628515916],[-118.33123309867553,33.93649702548512],[-118.3473781170608,33.935939837497216],[-118.35522530988835,33.924062127318926],[-118.3469302367172,33.91274195203445],[-118.33078853146412,33.913298265312704]]]},"properties":{"h3_index":"8729a56e8ffffff","station_count":1,"program_id":"smc","program":"SMC","resolution":7,"stations":[{"station_id":"{81B918F7-923B-4200-BDB7-EED13DF4ACE6}","station_name":"Dominguez Channel at Jack Northrop Field Hawthorn Municipal Airport","lat":33.923857,"lon":-118.330647,"county":"LOS ANGELES","huc8":"Upper Dominguez Channel"}]}},{"type":"Feature","geometry":{"type":"Polygon","coordinates":[[[-116.4792039830302,32.88854767315195],[-116.4711679168405,32.90040145165543],[-116.47926579938837,32.911970885327804],[-116.49540057627875,32.911685333806254],[-116.5034341560161,32.89983106125852],[-116.49533544626728,32.888262834227],[-116.4792039830302,32.88854767315195]]]},"properties":{"h3_index":"8729a696dffffff","station_count":1,"program_id":"smc","program":"SMC","resolution":7,"stations":[{"station_id":"{FB36C197-BFB3-41B0-B452-2AEC652D42C2}","station_name":"Indian creek ~1.2mi above Deer Park Rd.","lat":32.902824,"lon":-116.493371,"county":"SAN DIEGO"}]}},{"type":"Feature","geometry":{"type":"Polygon","coordinates":[[[-116.62526532475407,33.11995246936558],[-116.61723274572275,33.131801901167734],[-116.62535732490916,33.143341255417326],[-116.64151529282076,33.143029974426625],[-116.64954535752112,33.13118006338477],[-116.64141996959555,33.119641912522425],[-116.62526532475407,33.11995246936558]]]},"properties":{"h3_index":"8729a6b2cffffff","station_count":1,"program_id":"smc","program":"SMC","resolution":7,"stations":[{"station_id":"{CB0B1895-039F-4C6F-9861-14539145247F}","station_name":"Santa Ysabel Creek ~2mi below Dan Price Cr.","lat":33.129743,"lon":-116.635916,"county":"SAN DIEGO"}]}},{"type":"Feature","geometry":{"type":"Polygon","coordinates":[[[-116.79553105333493,33.24514962159083],[-116.78751287458121,33.25700024701053],[-116.79565820935802,33.26851505474098],[-116.81182250885685,33.26817803270607],[-116.81983814713931,33.256326942076704],[-116.8116920273485,33.24481333863918],[-116.79553105333493,33.24514962159083]]]},"properties":{"h3_index":"8729a6b6bffffff","station_count":1,"program_id":"smc","program":"SMC","resolution":7,"stations":[{"station_id":"{2AF6FAB7-B706-4AE0-A7FF-58350BF4FCCF}","station_name":"San Luis Rey River ~0.5mi above Lusardi Cyn.","lat":33.2645,"lon":-116.8131,"county":"SAN DIEGO"}]}},{"type":"Feature","geometry":{"type":"Polygon","coordinates":[[[-119.2909150610385,34.535719408239395],[-119.2831611682771,34.54759875147747],[-119.29155985157709,34.55877504464249],[-119.30771284989075,34.55807077462968],[-119.31546385287093,34.54619116320482],[-119.30706474824254,34.53501608990133],[-119.2909150610385,34.535719408239395]]]},"properties":{"h3_index":"8729acd00ffffff","station_count":1,"program_id":"smc","program":"SMC","resolution":7,"stations":[{"station_id":"{7E67CBC0-7879-4C97-9460-320CCCCD7B01}","station_name":"Tule Creek 875","lat":34.55668,"lon":-119.30629,"county":"VENTURA","waterbody":"Tule Creek"}]}},{"type":"Feature","geometry":{"type":"Polygon","coordinates":[[[-119.2670074936414,34.548299438903264],[-119.25924919032957,34.5601773687258],[-119.26764744856075,34.57135488088541],[-119.28380443609747,34.57065324414996],[-119.29155985157709,34.55877504464249],[-119.2831611682771,34.54759875147747],[-119.2670074936414,34.548299438903264]]]},"properties":{"h3_index":"8729acd02ffffff","station_count":2,"program_id":"smc","program":"SMC","resolution":7,"stations":[{"station_id":"{395BB2D6-85E5-4725-AEF0-4506EE8D6B54}","station_name":"Sespe Creek 5291","lat":34.56397,"lon":-119.26305,"county":"VENTURA"},{"station_id":"{6C4B432B-D049-4A58-B242-B977D1F0A9F8}","station_name":"Sespe Creek Site 1195","lat":34.55903,"lon":-119.2678,"county":"VENTURA","huc8":"Tule Creek-Sespe Creek"}]}},{"type":"Feature","geometry":{"type":"Polygon","coordinates":[[[-119.34066916282558,34.5797055605169],[-119.33291953268429,34.59158429361997],[-119.3413244266435,34.60275185374964],[-119.35747936574332,34.60203946145645],[-119.36522609838367,34.59016046444384],[-119.35682079034864,34.578994123555326],[-119.34066916282558,34.5797055605169]]]},"properties":{"h3_index":"8729acd08ffffff","station_count":1,"program_id":"smc","program":"SMC","resolution":7,"stations":[{"station_id":"{C9898636-4240-4DCE-ADDF-CA0EADC7BB35}","station_name":"Sespe","lat":34.59835,"lon":-119.34799,"county":"VENTURA"}]}},{"type":"Feature","geometry":{"type":"Polygon","coordinates":[[[-119.24245667932898,34.53781693878654],[-119.23469549141304,34.54969459700014],[-119.24309153208524,34.56087542146227],[-119.25924919032957,34.5601773687258],[-119.2670074936414,34.548299438903264],[-119.25861102423833,34.53711983334844],[-119.24245667932898,34.53781693878654]]]},"properties":{"h3_index":"8729acd15ffffff","station_count":2,"program_id":"smc","program":"SMC","resolution":7,"stations":[{"station_id":"{EA499F9E-1F98-419F-A81D-4071C8E5FF4D}","station_name":"Sespe Creek Jacinto Reyes Scenic Byway~0.4mi W Beaver Cmp.","lat":34.55734,"lon":-119.24876,"county":"VENTURA"},{"station_id":"{95C5DEE5-3F5D-4D94-AF93-710A4AC4378A}","station_name":"Sespe Creek (06139)","lat":34.55464,"lon":-119.240503,"county":"VENTURA"}]}},{"type":"Feature","geometry":{"type":"Polygon","coordinates":[[[-119.19398436671442,34.53989581865873],[-119.18621589088208,34.55177178228751],[-119.19460927503769,34.562957134467624],[-119.21077157209022,34.56226530499723],[-119.2185371685128,34.55038906634072],[-119.21014334821933,34.53920493210513],[-119.19398436671442,34.53989581865873]]]},"properties":{"h3_index":"8729acd16ffffff","station_count":1,"program_id":"smc","program":"SMC","resolution":7,"stations":[{"station_id":"{58C0A6C6-588A-4F87-AF11-23FF4B7E1B89}","station_name":"Howard Creek ~1.6mi N Route 6n31","lat":34.5515,"lon":-119.20811,"county":"VENTURA"}]}},{"type":"Feature","geometry":{"type":"Polygon","coordinates":[[[-119.2922049090648,34.58182744148318],[-119.28444797027244,34.59370449368745],[-119.2928502336672,34.60487659197367],[-119.30900985826216,34.60417041967942],[-119.31676390471948,34.592293100139564],[-119.30836121984179,34.581122220151414],[-119.2922049090648,34.58182744148318]]]},"properties":{"h3_index":"8729acd1dffffff","station_count":1,"program_id":"smc","program":"SMC","resolution":7,"stations":[{"station_id":"{B49CCC69-09A8-43BE-A259-4A7AC368256A}","station_name":"Sespe Creek (06315)","lat":34.59223,"lon":-119.310339,"county":"VENTURA"}]}},{"type":"Feature","geometry":{"type":"Polygon","coordinates":[[[-119.38712540759124,34.50841533198731],[-119.37938764252897,34.52029915128896],[-119.3877897786968,34.531468467122636],[-119.40393008731624,34.53075274104555],[-119.41166495357649,34.518868659982765],[-119.40326241093962,34.507700566678984],[-119.38712540759124,34.50841533198731]]]},"properties":{"h3_index":"8729acd2dffffff","station_count":2,"program_id":"smc","program":"SMC","resolution":7,"stations":[{"station_id":"{89D6D155-7022-46AA-9BFF-EA598153429C}","station_name":"Matilija Creek 1.7 miles upstream from Upper North Fork Matilija Creek.","lat":34.5196,"lon":-119.4054,"county":"VENTURA"},{"station_id":"{99512830-BD5F-4028-8598-0260F642C64B}","station_name":"Matilija Creek","lat":34.52216,"lon":-119.40402,"county":"VENTURA","huc8":"Matilija Creek"}]}},{"type":"Feature","geometry":{"type":"Polygon","coordinates":[[[-119.09941970574984,34.63624583522518],[-119.09163053126642,34.64811374110387],[-119.10002570899657,34.659299761844146],[-119.11621051348953,34.65861666373945],[-119.12399681394099,34.64674847769741],[-119.11560118486337,34.63556366984735],[-119.09941970574984,34.63624583522518]]]},"properties":{"h3_index":"8729acd82ffffff","station_count":1,"program_id":"smc","program":"SMC","resolution":7,"stations":[{"station_id":"{93E72F27-4FD1-4537-AF2C-12A6261822E0}","station_name":"Piru Creek ~1.9 miles upstream from Cedar Creek.","lat":34.65136,"lon":-119.1185,"county":"VENTURA"}]}},{"type":"Feature","geometry":{"type":"Polygon","coordinates":[[[-119.12399681394099,34.64674847769741],[-119.11621051348953,34.65861666373945],[-119.1246079316295,34.66979937031313],[-119.14079209882888,34.669112677776795],[-119.14857552199126,34.657244213487104],[-119.1401776561748,34.646062719905075],[-119.12399681394099,34.64674847769741]]]},"properties":{"h3_index":"8729acd83ffffff","station_count":1,"program_id":"smc","program":"SMC","resolution":7,"stations":[{"station_id":"{22D6B724-2BE5-495A-A54A-660EA0FB4369}","station_name":"Piru Creek Above Mutau Flat Road","lat":34.65926,"lon":-119.14255,"county":"VENTURA"}]}},{"type":"Feature","geometry":{"type":"Polygon","coordinates":[[[-119.07484420630507,34.62573628923568],[-119.06705216104936,34.637603913035825],[-119.07544509555527,34.648793245400974],[-119.09163053126642,34.64811374110387],[-119.09941970574984,34.63624583522518],[-119.09102631622673,34.6250577156463],[-119.07484420630507,34.62573628923568]]]},"properties":{"h3_index":"8729acd95ffffff","station_count":1,"program_id":"smc","program":"SMC","resolution":7,"stations":[{"station_id":"{9EA870CA-B1D3-4E40-8C93-9CE3601122FF}","station_name":"Piru Creek ~1.7mi Below Cedar Creek","lat":34.6408,"lon":-119.08094,"county":"VENTURA"}]}},{"type":"Feature","geometry":{"type":"Polygon","coordinates":[[[-119.14549818660147,34.54195602995621],[-119.1377224301294,34.55383028944552],[-119.14611314387938,34.56502016574314],[-119.1622800585789,34.56433456550162],[-119.17005294085273,34.55246002756922],[-119.16166178355351,34.541271368244715],[-119.14549818660147,34.54195602995621]]]},"properties":{"h3_index":"8729acda4ffffff","station_count":1,"program_id":"smc","program":"SMC","resolution":7,"stations":[{"station_id":"{5677FD05-02B4-45A1-98DA-2F179D4759CA}","station_name":"Sespe (upper) 02363","lat":34.558855,"lon":-119.154565,"county":"VENTURA","waterbody":"Sespe Creek"}]}},{"type":"Feature","geometry":{"type":"Polygon","coordinates":[[[-119.17005294085273,34.55246002756922],[-119.1622800585789,34.56433456550162],[-119.1706730028472,34.575521134751995],[-119.18683927020439,34.57483194892277],[-119.19460927503769,34.562957134467624],[-119.18621589088208,34.55177178228751],[-119.17005294085273,34.55246002756922]]]},"properties":{"h3_index":"8729acda5ffffff","station_count":1,"program_id":"smc","program":"SMC","resolution":7,"stations":[{"station_id":"{FC4C790D-DF49-4A72-B4E4-774138EE00AD}","station_name":"Sespe Creek 07227","lat":34.56208,"lon":-119.16664,"county":"VENTURA"}]}},{"type":"Feature","geometry":{"type":"Polygon","coordinates":[[[-119.12155487414508,34.554512304721655],[-119.11377471331781,34.56638513237764],[-119.12216497976458,34.577576224770475],[-119.13833585527105,34.57689327333568],[-119.14611314387938,34.56502016574314],[-119.1377224301294,34.55383028944552],[-119.12155487414508,34.554512304721655]]]},"properties":{"h3_index":"8729acda6ffffff","station_count":2,"program_id":"smc","program":"SMC","resolution":7,"stations":[{"station_id":"{D6C20EA2-7806-43E2-9AAD-A6A537071888}","station_name":"Sespe Creek ~0.2 miles downstream from Trout Creek.","lat":34.55841,"lon":-119.1408,"county":"VENTURA"},{"station_id":"{10DFD836-86CC-4836-929A-D4215ABE9978}","station_name":"Sespe Creek 3643","lat":34.56213,"lon":-119.12891,"county":"VENTURA"}]}},{"type":"Feature","geometry":{"type":"Polygon","coordinates":[[[-116.57516116597195,32.65246834673357],[-116.567154699971,32.66433613046875],[-116.5752425225939,32.67591449000476],[-116.59133762172223,32.67562384817721],[-116.59934159997589,32.66375557136895],[-116.5912529677926,32.652178429410085],[-116.57516116597195,32.65246834673357]]]},"properties":{"h3_index":"874859245ffffff","station_count":1,"program_id":"smc","program":"SMC","resolution":7,"stations":[{"station_id":"{67BCFDB2-D8BF-4099-9DAD-B0947983B638}","station_name":"Cottonwood Creek ~0.7mi below Hauser Cr.","lat":32.674548,"lon":-116.577779,"county":"SAN DIEGO"}]}}]}