station_id,station_name,lat,lon,county,waterbody,huc8,organization,batch_year
B98_139005,139005_B98,33.9603,-118.717,FEDERAL WATERS,,,CLAEMD,1998
B98_139006,139006_B98,33.9428,-118.717,FEDERAL WATERS,,,CLAEMD,1998
B98_140001,140001_B98,33.9953,-118.805,LOS ANGELES,,,CLAEMD,1998
B98_140002,140002_B98,33.9883,-118.805,LOS ANGELES,,,CLAEMD,1998
B98_140003,140003_B98,33.9806,-118.805,LOS ANGELES,,,CLAEMD,1998
B98_140004,140004_B98,33.9583,-118.805,LOS ANGELES,,,CLAEMD,1998
B98_140005,140005_B98,33.928,-118.805,FEDERAL WATERS,,,CLAEMD,1998
B98_140006,140006_B98,33.9125,-118.805,FEDERAL WATERS,,,CLAEMD,1998
SCBPP_0038,0038_SCBPP,34.4442,-120.06448,SANTA BARBARA,,,SCCWRP,1994
SCBPP_0046,0046_SCBPP,34.44067,-120.30175,SANTA BARBARA,,,SCCWRP,1994
SCBPP_0059,0059_SCBPP,34.43667,-120.23307,SANTA BARBARA,,,SCCWRP,1994
SCBPP_0060,0060_SCBPP,34.4361,-120.00448,SANTA BARBARA,,,SCCWRP,1994
SCBPP_0103,0103_SCBPP,34.42055,-120.18388,SANTA BARBARA,,,SCCWRP,1994
SCBPP_0112,0112_SCBPP,34.41777,-120.07648,SANTA BARBARA,,,SCCWRP,1994
SCBPP_0115,0115_SCBPP,34.41638,-120.33678,SANTA BARBARA,,,SCCWRP,1994
SCBPP_0122,0122_SCBPP,34.41472,-120.41442,SANTA BARBARA,,,SCCWRP,1994
SCBPP_0189,0189_SCBPP,34.39905,-119.62103,SANTA BARBARA,,,SCCWRP,1994
SCBPP_0228,0228_SCBPP,34.38837,-119.7885,SANTA BARBARA,,,SCCWRP,1994
SCBPP_0232,0232_SCBPP,34.38673,-119.8142,SANTA BARBARA,,,SCCWRP,1994
SCBPP_0234,0234_SCBPP,34.38578,-119.68078,SANTA BARBARA,,,SCCWRP,1994
SCBPP_0245,0245_SCBPP,34.38245,-120.41465,FEDERAL WATERS,,,SCCWRP,1994
SCBPP_0252,0252_SCBPP,34.38093,-119.62662,SANTA BARBARA,,,SCCWRP,1994
SCBPP_0255,0255_SCBPP,34.38,-120.3991,FEDERAL WATERS,,,SCCWRP,1994
SCBPP_0289,0289_SCBPP,34.3694,-119.64722,SANTA BARBARA,,,SCCWRP,1994
SCBPP_0334,0334_SCBPP,34.35115,-119.7759,FEDERAL WATERS,,,SCCWRP,1994
SCBPP_0360,0360_SCBPP,34.34122,-119.69108,FEDERAL WATERS,,,SCCWRP,1994
SCBPP_0365,0365_SCBPP,34.33767,-119.76462,FEDERAL WATERS,,,SCCWRP,1994
SCBPP_0371,0371_SCBPP,34.33517,-119.64275,FEDERAL WATERS,,,SCCWRP,1994
SCBPP_0381,0381_SCBPP,34.33125,-119.78365,FEDERAL WATERS,,,SCCWRP,1994
SCBPP_0398,0398_SCBPP,34.32423,-119.53312,FEDERAL WATERS,,,SCCWRP,1994
SCBPP_0407,0407_SCBPP,34.32157,-119.56273,FEDERAL WATERS,,,SCCWRP,1994
SCBPP_0446,0446_SCBPP,34.30162,-119.68037,FEDERAL WATERS,,,SCCWRP,1994
SCBPP_0480,0480_SCBPP,34.28488,-119.64237,FEDERAL WATERS,,,SCCWRP,1994
SCBPP_0499,0499_SCBPP,34.27447,-119.64338,FEDERAL WATERS,,,SCCWRP,1994
SCBPP_0503,0503_SCBPP,34.2729,-119.57535,FEDERAL WATERS,,,SCCWRP,1994
SCBPP_0530,0530_SCBPP,34.25817,-119.32553,VENTURA,,,SCCWRP,1994
SCBPP_0535,0535_SCBPP,34.25615,-119.53995,FEDERAL WATERS,,,SCCWRP,1994
SCBPP_0537,0537_SCBPP,34.25433,-119.43502,FEDERAL WATERS,,,SCCWRP,1994
SCBPP_0540,0540_SCBPP,34.2541,-119.30723,VENTURA,,,SCCWRP,1994
SCBPP_0542,0542_SCBPP,34.25402,-119.49203,FEDERAL WATERS,,,SCCWRP,1994
SCBPP_0577,0577_SCBPP,34.24008,-119.59933,FEDERAL WATERS,,,SCCWRP,1994
SCBPP_0604,0604_SCBPP,34.22755,-119.61892,FEDERAL WATERS,,,SCCWRP,1994
SCBPP_0617,0617_SCBPP,34.223,-119.2823,VENTURA,,,SCCWRP,1994
SCBPP_0670,0670_SCBPP,34.20282,-119.66537,FEDERAL WATERS,,,SCCWRP,1994
SCBPP_0682,0682_SCBPP,34.19715,-119.63373,FEDERAL WATERS,,,SCCWRP,1994
SCBPP_0708,0708_SCBPP,34.18492,-119.56937,FEDERAL WATERS,,,SCCWRP,1994
SCBPP_0714,0714_SCBPP,34.17782,-119.45438,FEDERAL WATERS,,,SCCWRP,1994
SCBPP_0739,0739_SCBPP,34.16478,-119.4461,FEDERAL WATERS,,,SCCWRP,1994
SCBPP_0753,0753_SCBPP,34.1557,-119.42623,FEDERAL WATERS,,,SCCWRP,1994
SCBPP_0757,0757_SCBPP,34.152,-119.37165,FEDERAL WATERS,,,SCCWRP,1994
SCBPP_0814,0814_SCBPP,34.09568,-119.16613,VENTURA,,,SCCWRP,1994
SCBPP_0815,0815_SCBPP,34.0953,-119.29272,FEDERAL WATERS,,,SCCWRP,1994
SCBPP_0823,0823_SCBPP,34.07043,-119.25042,FEDERAL WATERS,,,SCCWRP,1994
SCBPP_0827,0827_SCBPP,34.08243,-119.21852,FEDERAL WATERS,,,SCCWRP,1994
SCBPP_0834,0834_SCBPP,34.07738,-119.08557,VENTURA,,,SCCWRP,1994
SCBPP_0890,0890_SCBPP,34.02735,-118.93965,LOS ANGELES,,,SCCWRP,1994
SCBPP_0903,0903_SCBPP,34.02183,-118.68167,LOS ANGELES,,,CLAEMD,1994
SCBPP_0916,0916_SCBPP,34.01583,-118.63383,LOS ANGELES,,,CLAEMD,1994
SCBPP_0918,0918_SCBPP,34.01417,-118.69633,LOS ANGELES,,,CLAEMD,1994
SCBPP_0920,0920_SCBPP,34.01333,-118.66217,LOS ANGELES,,,CLAEMD,1994
SCBPP_0936,0936_SCBPP,34.00783,-118.68317,LOS ANGELES,,,CLAEMD,1994
SCBPP_0937,0937_SCBPP,34.00667,-119.02963,FEDERAL WATERS,,,SCCWRP,1994
SCBPP_0942,0942_SCBPP,34.00667,-118.7205,LOS ANGELES,,,CLAEMD,1994
SCBPP_0943,0943_SCBPP,34.0065,-118.59533,LOS ANGELES,,,CLAEMD,1994
SCBPP_0949,0949_SCBPP,34.00383,-118.6385,LOS ANGELES,,,CLAEMD,1994
SCBPP_0960,0960_SCBPP,33.99883,-118.59433,LOS ANGELES,,,CLAEMD,1994
SCBPP_0972,0972_SCBPP,33.99567,-118.67217,LOS ANGELES,,,CLAEMD,1994
SCBPP_0976,0976_SCBPP,33.9944,-119.00008,FEDERAL WATERS,,,SCCWRP,1994
B98_112002,112002_B98,33.1906,-117.411,SAN DIEGO,,,MEC,1998
B98_116003,116003_B98,33.4343,-117.693,ORANGE,,,MEC,1998
B98_112004,112004_B98,33.1746,-117.437,SAN DIEGO,,,MEC,1998
B98_112003,112003_B98,33.1852,-117.42,SAN DIEGO,,,MEC,1998
B98_101001,101001_B98,32.5403,-117.132,SAN DIEGO,,,CSD,1998
B98_116004,116004_B98,33.4228,-117.711,ORANGE,,,MEC,1998
B98_101002,101002_B98,32.5406,-117.142,SAN DIEGO,,,CSD,1998
B98_101003,101003_B98,32.5393,-117.154,SAN DIEGO,,,CSD,1998
B98_111103,111103_B98,33.1648,-117.398,SAN DIEGO,,,MEC,1998
B98_112103,112103_B98,33.1927,-117.426,SAN DIEGO,,,MEC,1998
B98_112901,112901_B98,33.2177,-117.419,SAN DIEGO,,,MEC,1998
B98_111902,111902_B98,33.1851,-117.402,SAN DIEGO,,,MEC,1998
B98_112902,112902_B98,33.2124,-117.428,SAN DIEGO,,,MEC,1998
B98_111903,111903_B98,33.1795,-117.411,SAN DIEGO,,,MEC,1998
B98_116101,116101_B98,33.4484,-117.687,ORANGE,,,MEC,1998
B98_113001,113001_B98,33.2253,-117.426,SAN DIEGO,,,MEC,1998
B98_116102,116102_B98,33.443,-117.696,ORANGE,,,MEC,1998
B98_101006,101006_B98,32.5397,-117.239,FEDERAL WATERS,,,CSD,1998
B98_113002,113002_B98,33.2199,-117.435,SAN DIEGO,,,MEC,1998
B98_116103,116103_B98,33.4376,-117.704,ORANGE,,,MEC,1998
B98_113003,113003_B98,33.2145,-117.443,SAN DIEGO,,,MEC,1998
B98_101502,101502_B98,32.5491,-117.147,SAN DIEGO,,,CSD,1998
B98_116202,116202_B98,33.4477,-117.706,ORANGE,,,MEC,1998
B98_113004,113004_B98,33.2038,-117.461,SAN DIEGO,,,MEC,1998
B98_101503,101503_B98,32.5487,-117.158,SAN DIEGO,,,CSD,1998
B98_102001,102001_B98,32.5571,-117.147,SAN DIEGO,,,CSD,1998
B98_116203,116203_B98,33.4421,-117.715,ORANGE,,,MEC,1998
B98_112101,112101_B98,33.2037,-117.409,SAN DIEGO,,,MEC,1998
B98_113102,113102_B98,33.2274,-117.441,SAN DIEGO,,,MEC,1998
B98_102003,102003_B98,32.5578,-117.17,SAN DIEGO,,,CSD,1998
B98_102004,102004_B98,32.5574,-117.191,SAN DIEGO,,,CSD,1998
B98_117003,117003_B98,33.4689,-117.75,ORANGE,,,MEC,1998
B98_113201,113201_B98,33.2406,-117.438,SAN DIEGO,,,MEC,1998
B98_102005,102005_B98,32.5574,-117.211,FEDERAL WATERS,,,CSD,1998
B98_113101,113101_B98,33.2328,-117.432,SAN DIEGO,,,MEC,1998
B98_113203,113203_B98,33.2297,-117.456,SAN DIEGO,,,MEC,1998
B98_112903,112903_B98,33.207,-117.437,SAN DIEGO,,,MEC,1998
B98_115001,115001_B98,33.4217,-117.638,ORANGE,,,MEC,1998
B98_117901,117901_B98,33.5024,-117.75,ORANGE,,,MEC,1998
B98_102006,102006_B98,32.5574,-117.255,FEDERAL WATERS,,,CSD,1998
B98_115003,115003_B98,33.4106,-117.657,ORANGE,,,MEC,1998
B98_115002,115002_B98,33.4163,-117.647,ORANGE,,,MEC,1998
B98_117903,117903_B98,33.4912,-117.769,ORANGE,,,MEC,1998
B98_115901,115901_B98,33.4395,-117.665,ORANGE,,,MEC,1998
B98_102101,102101_B98,32.5661,-117.153,SAN DIEGO,,,CSD,1998
B98_115903,115903_B98,33.4288,-117.683,ORANGE,,,MEC,1998
B98_115902,115902_B98,33.4343,-117.674,ORANGE,,,MEC,1998
B98_116001,116001_B98,33.4442,-117.677,ORANGE,,,MEC,1998
B98_102103,102103_B98,32.5658,-117.175,SAN DIEGO,,,CSD,1998
B98_118002,118002_B98,33.5035,-117.766,ORANGE,,,MEC,1998
B98_102201,102201_B98,32.5747,-117.152,SAN DIEGO,,,CSD,1998
B98_102202,102202_B98,32.5749,-117.162,SAN DIEGO,,,CSD,1998
B98_102203,102203_B98,32.5752,-117.172,SAN DIEGO,,,CSD,1998
B98_102301,102301_B98,32.6227,-117.15,SAN DIEGO,,,CSD,1998
B98_118003,118003_B98,33.4979,-117.776,ORANGE,,,MEC,1998
B98_102401,102401_B98,32.6512,-117.163,SAN DIEGO,,,CSD,1998
B98_118004,118004_B98,33.4874,-117.793,ORANGE,,,MEC,1998
B98_103002,103002_B98,32.6479,-117.22,SAN DIEGO,,,CSD,1998
B98_103003,103003_B98,32.6208,-117.219,SAN DIEGO,,,CSD,1998
B98_104002,104002_B98,32.6563,-117.23,SAN DIEGO,,,CSD,1998
B98_104003,104003_B98,32.6474,-117.231,SAN DIEGO,,,CSD,1998
B98_118101,118101_B98,33.5162,-117.765,ORANGE,,,MEC,1998
B98_104004,104004_B98,32.6204,-117.233,SAN DIEGO,,,CSD,1998
B98_118102,118102_B98,33.5106,-117.774,ORANGE,,,MEC,1998
B98_116201,116201_B98,33.4532,-117.697,ORANGE,,,MEC,1998
B98_116002,116002_B98,33.4389,-117.685,ORANGE,,,MEC,1998
B98_105002,105002_B98,32.6467,-117.242,SAN DIEGO,,,CSD,1998
B98_105003,105003_B98,32.6201,-117.244,SAN DIEGO,,,CSD,1998
B98_118103,118103_B98,33.505,-117.783,ORANGE,,,MEC,1998
B98_117001,117001_B98,33.4802,-117.732,ORANGE,,,MEC,1998
B98_106001,106001_B98,32.6604,-117.249,SAN DIEGO,,,CSD,1998
B98_106002,106002_B98,32.6562,-117.27,SAN DIEGO,,,CSD,1998
B98_117002,117002_B98,33.4746,-117.741,ORANGE,,,MEC,1998
B98_119002,119002_B98,33.5528,-117.832,ORANGE,,,OCSD,1998
B98_106003,106003_B98,32.6523,-117.291,SAN DIEGO,,,CSD,1998
B98_119003,119003_B98,33.546,-117.836,ORANGE,,,OCSD,1998
B98_117902,117902_B98,33.4968,-117.759,ORANGE,,,MEC,1998
B98_106004,106004_B98,32.6487,-117.312,FEDERAL WATERS,,,CSD,1998
B98_119004,119004_B98,33.5298,-117.846,ORANGE,,,OCSD,1998
B98_106005,106005_B98,32.64,-117.354,FEDERAL WATERS,,,CSD,1998
B98_119005,119005_B98,33.5135,-117.855,ORANGE,,,OCSD,1998
B98_107002,107002_B98,32.6735,-117.282,SAN DIEGO,,,CSD,1998
B98_119006,119006_B98,33.4971,-117.864,FEDERAL WATERS,,,OCSD,1998
B98_107003,107003_B98,32.6696,-117.303,SAN DIEGO,,,CSD,1998
B98_107004,107004_B98,32.6656,-117.324,FEDERAL WATERS,,,CSD,1998
B98_119802,119802_B98,33.572,-117.864,ORANGE,,,OCSD,1998
B98_119001,119001_B98,33.5614,-117.828,ORANGE,,,OCSD,1998
B98_119803,119803_B98,33.5639,-117.869,ORANGE,,,OCSD,1998
B98_107005,107005_B98,32.6574,-117.365,FEDERAL WATERS,,,CSD,1998
B98_107902,107902_B98,32.7454,-117.277,SAN DIEGO,,,CSD,1998
B98_107903,107903_B98,32.7432,-117.287,SAN DIEGO,,,CSD,1998
B98_119902,119902_B98,33.5774,-117.873,ORANGE,,,OCSD,1998
B98_119903,119903_B98,33.5693,-117.878,ORANGE,,,OCSD,1998
B98_108001,108001_B98,32.7571,-117.265,SAN DIEGO,,,CSD,1998
B98_108004,108004_B98,32.7488,-117.308,SAN DIEGO,,,CSD,1998
B98_120002,120002_B98,33.5793,-117.884,ORANGE,,,OCSD,1998
B98_108101,108101_B98,32.7667,-117.263,SAN DIEGO,,,CSD,1998
B18-10380,B18-10380,32.93172,-117.3947,OOS,,,SCCWRP,2018
B18-10381,B18-10381,32.85102,-117.4108,OOS,,,SCCWRP,2018
B18-10384,B18-10384,34.10157036,-120.1423334,OOS,,,SCCWRP,2018
B18-10385,B18-10385,34.07971667,-119.5112333,SANTA BARBARA,,,SCCWRP,2018
B18-10389,B18-10389,34.0586972,-119.4970739,SANTA BARBARA,,,SCCWRP,2018
B18-10658,B18-10658,34.23463,-119.25753,VENTURA,,,SCCWRP,2018
B18-10672,B18-10672,33.97211,-118.45938,LOS ANGELES,,,SCCWRP,2018
B18-10677,B18-10677,33.7752,-118.20581,LOS ANGELES,,,SCCWRP,2018
B18-10741,B18-10741,34.42166,-119.66171,SANTA BARBARA,,,SCCWRP,2018
B18-10772,B18-10772,33.80271,-118.20541,LOS ANGELES,,,SCCWRP,2018
B18-10774,B18-10774,33.79818,-118.2052,LOS ANGELES,,,SCCWRP,2018
B18-10776,B18-10776,33.79285,-118.20511,LOS ANGELES,,,SCCWRP,2018
B18-10778,B18-10778,33.78753,-118.20475,LOS ANGELES,,,SCCWRP,2018
B18-10838,B18-10838,34.4126,-119.89586,SANTA BARBARA,,,SCCWRP,2018
B18-10875,B18-10875,33.17534,-117.40352,SAN DIEGO,,,SCCWRP,2018
B18-10876,B18-10876,33.00712,-117.29793,SAN DIEGO,,,SCCWRP,2018
B18-10880,B18-10880,32.65306,-117.21495,SAN DIEGO,,,SCCWRP,2018
B18-11000,B18-11000,34.22873,-119.81914,OOS,,,SCCWRP,2018
B18-10000,B18-10000,33.75918333,-118.1626333,LOS ANGELES,,,SCCWRP,2018
B18-10001,B18-10001,33.7531,-118.1501833,LOS ANGELES,,,SCCWRP,2018
B18-10002,B18-10002,33.744,-118.1687333,LOS ANGELES,,,SCCWRP,2018
B18-10003,B18-10003,33.743833,-118.1401,LOS ANGELES,,,SCCWRP,2018
B18-10004,B18-10004,33.74288333,-118.1533,LOS ANGELES,,,SCCWRP,2018
B18-10005,B18-10005,33.740683,-118.17495,LOS ANGELES,,,SCCWRP,2018
B18-10006,B18-10006,33.73963333,-118.1715333,LOS ANGELES,,,SCCWRP,2018
B18-10007,B18-10007,33.73368333,-118.2115667,LOS ANGELES,,,SCCWRP,2018
B18-10012,B18-10012,33.71365,-118.2415667,LOS ANGELES,,,SCCWRP,2018
B18-10013,B18-10013,33.71243333,-118.2582,LOS ANGELES,,,SCCWRP,2018
B18-10014,B18-10014,33.710033,-118.27885,LOS ANGELES,,,SCCWRP,2018
B18-10045,B18-10045,34.25844,-119.2669,VENTURA,,,SCCWRP,2018
B18-10046,B18-10046,34.1712,-119.2235,VENTURA,,,SCCWRP,2018
B18-10047,B18-10047,33.98298,-118.45072,LOS ANGELES,,,SCCWRP,2018
B18-10048,B18-10048,33.98025,-118.4509,LOS ANGELES,,,SCCWRP,2018
B18-10049,B18-10049,33.9752,-118.45609,LOS ANGELES,,,SCCWRP,2018
B18-10050,B18-10050,33.97037,-118.44776,LOS ANGELES,,,SCCWRP,2018
B18-10051,B18-10051,33.96463,-118.45383,LOS ANGELES,,,SCCWRP,2018
B18-10052,B18-10052,33.773667,-118.24765,LOS ANGELES,,,SCCWRP,2018
B18-10053,B18-10053,33.767233,-118.24965,LOS ANGELES,,,SCCWRP,2018
B18-10054,B18-10054,33.76028,-118.18738,LOS ANGELES,,,SCCWRP,2018
B18-10055,B18-10055,33.75551,-118.12986,LOS ANGELES,,,SCCWRP,2018
B18-10056,B18-10056,33.7555,-118.11381,LOS ANGELES,,,SCCWRP,2018
B18-10057,B18-10057,33.71925,-118.281317,LOS ANGELES,,,SCCWRP,2018
B18-10059,B18-10059,33.61909103,-117.9271469,ORANGE,,,SCCWRP,2018
B18-10060,B18-10060,33.61505127,-117.925087,ORANGE,,,SCCWRP,2018
B18-10061,B18-10061,33.61248016,-117.9053726,ORANGE,,,SCCWRP,2018
B18-10063,B18-10063,33.60649109,-117.9112473,ORANGE,,,SCCWRP,2018
B18-10064,B18-10064,33.59653091,-117.8802719,ORANGE,,,SCCWRP,2018
B18-10089,B18-10089,33.769567,-118.22305,LOS ANGELES,,,SCCWRP,2018
B18-10090,B18-10090,33.766217,-118.277683,LOS ANGELES,,,SCCWRP,2018
2435_B98,B98_2435,32.71159,-117.22289,SAN DIEGO,,,CSD,1998
2436_B98,B98_2436,32.71504,-117.18308,SAN DIEGO,,,SCCWRP,1998
2441_B98,B98_2441,32.69111,-117.23803,SAN DIEGO,,,CSD,1998
2442_B98,B98_2442,32.68926,-117.23707,SAN DIEGO,,,SCCWRP,1998
4121_B03,B03_4121,33.85259,-119.19421,FEDERAL WATERS,,,CSD,2003
2449_B98,B98_2449,33.96377,-118.45721,LOS ANGELES,,,SCCWRP,1998
4128_B03,B03_4128,32.91757,-117.27326,SAN DIEGO,,,CSD,2003
4131_B03,B03_4131,34.16239,-119.22486,VENTURA,,,CRGML,2003
2455_B98,B98_2455,33.11006,-117.34678,SAN DIEGO,,,CRGML,1998
4133_B03,B03_4133,34.04406,-119.05558,VENTURA,,,CRGML,2003
4143_B03,B03_4143,34.35899,-119.48885,SANTA BARBARA,,,CRGML,2003
4155_B03,B03_4155,34.10163,-120.14239,FEDERAL WATERS,,,CSD,2003
4160_B03,B03_4160,33.10199,-117.63092,FEDERAL WATERS,,,CSD,2003
4165_B03,B03_4165,34.01387,-118.59154,LOS ANGELES,,,CLAEMD,2003
4172_B03,B03_4172,32.59487,-117.24518,FEDERAL WATERS,,,CSD,2003
3001_B03,B03_3001,33.36157,-118.30707,LOS ANGELES,,,CSD,2003
4000_B03,B03_4000,32.55081,-117.19931,FEDERAL WATERS,,,CSD,2003
4179_B03,B03_4179,34.14562,-119.77009,FEDERAL WATERS,,,CRGML,2003
4184_B03,B03_4184,32.68794,-117.32394,FEDERAL WATERS,,,CSD,2003
4185_B03,B03_4185,33.99208,-118.79829,LOS ANGELES,,,CLAEMD,2003
4007_B03,B03_4007,34.36268,-120.01034,FEDERAL WATERS,,,CRGML,2003
4187_B03,B03_4187,34.40998,-120.21872,FEDERAL WATERS,,,CRGML,2003
4192_B03,B03_4192,32.95846,-117.27351,SAN DIEGO,,,CRGML,2003
4200_B03,B03_4200,33.15909,-117.39761,SAN DIEGO,,,CRGML,2003
4026_B03,B03_4026,33.62105,-118.19507,FEDERAL WATERS,,,LACSD,2003
4209_B03,B03_4209,33.23181,-117.41337,SAN DIEGO,,,SCCWRP,2003
4027_B03,B03_4027,34.1156,-119.93616,SANTA BARBARA,,,CSD,2003
4033_B03,B03_4033,32.75785,-117.22741,SAN DIEGO,,,CRGML,2003
4227_B03,B03_4227,34.20677,-119.56748,FEDERAL WATERS,,,CRGML,2003
4230_B03,B03_4230,33.89793,-118.50134,FEDERAL WATERS,,,SCCWRP,2003
4041_B03,B03_4041,33.56737,-117.98962,FEDERAL WATERS,,,OCSD,2003
4232_B03,B03_4232,33.10725,-117.35739,SAN DIEGO,,,CRGML,2003
4235_B03,B03_4235,33.88651,-120.01008,SANTA BARBARA,,,CSD,2003
4236_B03,B03_4236,32.67889,-117.16925,SAN DIEGO,,,CSD,2003
4238_B03,B03_4238,33.49975,-117.75211,ORANGE,,,OCSD,2003
4239_B03,B03_4239,34.33966,-120.44223,FEDERAL WATERS,,,CSD,2003
4051_B03,B03_4051,34.0754,-119.74853,SANTA BARBARA,,,CSD,2003
4055_B03,B03_4055,34.40395,-119.81211,SANTA BARBARA,,,CRGML,2003
4249_B03,B03_4249,33.99595,-119.12378,FEDERAL WATERS,,,CSD,2003
4061_B03,B03_4061,34.10112,-119.15082,VENTURA,,,CRGML,2003
4067_B03,B03_4067,34.23016,-119.68744,FEDERAL WATERS,,,CSD,2003
4069_B03,B03_4069,34.03663,-118.91685,LOS ANGELES,,,CLAEMD,2003
4257_B03,B03_4257,33.60293,-117.89843,ORANGE,,,OCSD,2003
4074_B03,B03_4074,33.57929,-118.32888,FEDERAL WATERS,,,CSD,2003
4265_B03,B03_4265,33.59147,-118.02659,FEDERAL WATERS,,,OCSD,2003
4267_B03,B03_4267,34.31299,-119.43347,VENTURA,,,CRGML,2003
4086_B03,B03_4086,33.83546,-118.46982,FEDERAL WATERS,,,CLAEMD,2003
4269_B03,B03_4269,33.95711,-118.59303,FEDERAL WATERS,,,CLAEMD,2003
4274_B03,B03_4274,33.72857,-118.15722,LOS ANGELES,,,CLAEMD,2003
4090_B03,B03_4090,33.65956,-118.13065,FEDERAL WATERS,,,LACSD,2003
4094_B03,B03_4094,33.43967,-117.69386,ORANGE,,,OCSD,2003
4284_B03,B03_4284,32.72692,-117.20206,SAN DIEGO,,,CSD,2003
4285_B03,B03_4285,34.10717,-119.31902,FEDERAL WATERS,,,CSD,2003
4100_B03,B03_4100,32.9318,-117.39483,FEDERAL WATERS,,,CSD,2003
4291_B03,B03_4291,34.30455,-119.41371,VENTURA,,,CRGML,2003
4296_B03,B03_4296,33.15194,-117.38332,SAN DIEGO,,,CRGML,2003
4108_B03,B03_4108,32.71598,-117.17404,SAN DIEGO,,,CSD,2003
4109_B03,B03_4109,33.95864,-118.51976,LOS ANGELES,,,CLAEMD,2003
4110_B03,B03_4110,33.46444,-117.76246,ORANGE,,,OCSD,2003
4300_B03,B03_4300,32.64194,-117.22137,SAN DIEGO,,,CSD,2003
4301_B03,B03_4301,33.89681,-118.54023,FEDERAL WATERS,,,CLAEMD,2003
4304_B03,B03_4304,33.14016,-117.32504,SAN DIEGO,,,CRGML,2003
4305_B03,B03_4305,33.62269,-117.89268,ORANGE,,,CRGML,2003
4117_B03,B03_4117,33.98225,-118.44393,LOS ANGELES,,,CRGML,2003
4321_B03,B03_4321,33.59819,-117.87994,ORANGE,,,OCSD,2003
4322_B03,B03_4322,33.75027,-118.11069,LOS ANGELES,,,CRGML,2003
4145_B03,B03_4145,33.08758,-117.31049,SAN DIEGO,,,CRGML,2003
4338_B03,B03_4338,33.76249,-118.20776,LOS ANGELES,,,CLAEMD,2003
4148_B03,B03_4148,32.6468,-117.1178,SAN DIEGO,,,CSD,2003
4341_B03,B03_4341,33.97253,-118.44897,LOS ANGELES,,,CRGML,2003
4152_B03,B03_4152,33.11466,-117.35762,SAN DIEGO,,,CRGML,2003
4348_B03,B03_4348,32.70647,-117.1797,SAN DIEGO,,,CSD,2003
4157_B03,B03_4157,34.11039,-119.2216,VENTURA,,,CRGML,2003
4159_B03,B03_4159,33.99461,-120.33736,SANTA BARBARA,,,CSD,2003
4167_B03,B03_4167,34.26112,-119.76734,FEDERAL WATERS,,,CRGML,2003
4171_B03,B03_4171,33.85571,-120.00273,FEDERAL WATERS,,,CSD,2003
4173_B03,B03_4173,33.90783,-118.56696,FEDERAL WATERS,,,CLAEMD,2003
4374_B03,B03_4374,33.68284,-118.06256,ORANGE,,,OCSD,2003
4181_B03,B03_4181,33.99991,-118.50807,LOS ANGELES,,,CLAEMD,2003
4378_B03,B03_4378,33.54646,-118.22716,FEDERAL WATERS,,,LACSD,2003
4189_B03,B03_4189,34.20065,-119.30295,VENTURA,,,CRGML,2003
4193_B03,B03_4193,33.60075,-117.89236,ORANGE,,,OCSD,2003
4386_B03,B03_4386,33.7554,-118.11329,LOS ANGELES,,,CRGML,2003
4199_B03,B03_4199,34.18317,-120.35129,FEDERAL WATERS,,,CRGML,2003
4398_B03,B03_4398,32.99928,-117.42155,FEDERAL WATERS,,,CRGML,2003
4203_B03,B03_4203,34.26386,-119.37103,VENTURA,,,CRGML,2003
4404_B03,B03_4404,33.72186,-118.06536,ORANGE,,,CRGML,2003
4206_B03,B03_4206,33.80819,-118.22892,LOS ANGELES,,,CRGML,2003
4419_B03,B03_4419,34.12281,-119.33129,FEDERAL WATERS,,,CRGML,2003
4208_B03,B03_4208,33.33932,-117.52219,SAN DIEGO,,,CRGML,2003
4453_B03,B03_4453,33.94977,-120.23714,SANTA BARBARA,,,CSD,2003
4456_B03,B03_4456,33.76621,-118.11363,LOS ANGELES,,,CRGML,2003
4218_B03,B03_4218,33.60717,-118.12462,FEDERAL WATERS,,,LACSD,2003
4219_B03,B03_4219,34.21259,-119.94542,FEDERAL WATERS,,,CSD,2003
4234_B03,B03_4234,33.67179,-118.26478,LOS ANGELES,,,LACSD,2003
4636_B03,B03_4636,33.7754,-118.10424,LOS ANGELES,,,CRGML,2003
4695_B03,B03_4695,32.55659,-117.12814,SAN DIEGO,,,CRGML,2003
4246_B03,B03_4246,33.71744,-118.06246,ORANGE,,,CRGML,2003
5012_B03,B03_5012,33.81636,-118.23644,LOS ANGELES,,,CSD,2003
5014_B03,B03_5014,33.74025,-118.08426,ORANGE,,,CRGML,2003
4254_B03,B03_4254,33.51348,-118.17863,FEDERAL WATERS,,,LACSD,2003
4258_B03,B03_4258,33.75925,-118.09883,LOS ANGELES,,,CRGML,2003
4263_B03,B03_4263,34.20829,-120.29988,FEDERAL WATERS,,,CSD,2003
B03W077_B03,B03_B03W077,33.66845,-118.2968,LOS ANGELES,,,USC,2003
B03W078_B03,B03_B03W078,33.65767,-118.30128,LOS ANGELES,,,USC,2003
B03W079_B03,B03_B03W079,33.7677,-118.2503,LOS ANGELES,,,USC,2003
B03W088_B03,B03_B03W088,33.93138,-118.44805,LOS ANGELES,,,USC,2003
4282_B03,B03_4282,33.63578,-118.19773,FEDERAL WATERS,,,USC,2003
BRI-03_B03,B03_BRI-03,33.73721,-118.26634,LOS ANGELES,,,CRGML,2003
BRI-10_B03,B03_BRI-10,33.61443,-117.92697,ORANGE,,,OCSD,2003
BRI-19_B03,B03_BRI-19,32.67853,-117.12438,SAN DIEGO,,,CRGML,2003
BRI-20_B03,B03_BRI-20,32.67317,-117.11617,SAN DIEGO,,,CRGML,2003
4339_B03,B03_4339,33.95318,-119.68685,SANTA BARBARA,,,CSD,2003
4364_B03,B03_4364,32.67929,-117.16506,SAN DIEGO,,,CSD,2003
4368_B03,B03_4368,33.12793,-117.54343,FEDERAL WATERS,,,CSD,2003
4376_B03,B03_4376,32.68005,-117.32393,FEDERAL WATERS,,,CSD,2003
4380_B03,B03_4380,33.61425,-118.59116,FEDERAL WATERS,,,CSD,2003
4426_B03,B03_4426,32.82544,-117.36599,FEDERAL WATERS,,,CSD,2003
4436_B03,B03_4436,33.80886,-118.22874,LOS ANGELES,,,SCCWRP,2003
B03_BAY0SH,BAY0SH_B03,32.62949,-117.1086,SAN DIEGO,,,MEC,2003
B03_BC MAR,BC MAR_B03,33.96159,-118.46114,LOS ANGELES,,,CLAEMD,2003
4458_B03,B03_4458,32.5977,-117.35125,FEDERAL WATERS,,,CSD,2003
4494_B03,B03_4494,33.63788,-117.96433,ORANGE,,,CRGML,2003
4520_B03,B03_4520,33.75612,-118.10125,LOS ANGELES,,,CSD,2003
4529_B03,B03_4529,34.04678,-119.43864,VENTURA,,,CRGML,2003
4561_B03,B03_4561,33.82683,-120.07563,FEDERAL WATERS,,,CSD,2003
4574_B03,B03_4574,33.45741,-119.10557,SANTA BARBARA,,,CSD,2003
4600_B03,B03_4600,33.77379,-118.20631,LOS ANGELES,,,CRGML,2003
5002_B03,B03_5002,32.78442,-117.39021,FEDERAL WATERS,,,CSD,2003
B03W036_B03,B03_B03W036,33.56352,-117.91718,ORANGE,,,USC,2003
B03W038_B03,B03_B03W038,33.59385,-117.93677,ORANGE,,,USC,2003
B03W075_B03,B03_B03W075,33.70288,-118.28438,LOS ANGELES,,,USC,2003
B03W094_B03,B03_B03W094,33.94026,-118.50976,LOS ANGELES,,,USC,2003
BRI-04_B03,B03_BRI-04,33.77058,-118.24997,LOS ANGELES,,,CRGML,2003
BRI-12_B03,B03_BRI-12,33.46067,-117.69837,ORANGE,,,CRGML,2003
BRI-17_B03,B03_BRI-17,32.69323,-117.14757,SAN DIEGO,,,CRGML,2003
B03_LB450R,LB450R_B03,33.74631,-118.12111,LOS ANGELES,,,OCSD,2003
B03_SAR 75 R,SAR 75 R_B03,33.62916,-117.9595,ORANGE,,,OCSD,2003
B03_B03W040,B03W040_B03,33.56998,-117.9569,ORANGE,,,USC,2003
B03_B03W048,B03W048_B03,33.62562,-118.0156,ORANGE,,,USC,2003
B03_B03W069,B03W069_B03,33.66752,-118.19674,FEDERAL WATERS,,,USC,2003
B03_B03W070,B03W070_B03,33.64107,-118.20299,FEDERAL WATERS,,,LACSD,2003
B03_B03W072,B03W072_B03,33.68864,-118.25112,LOS ANGELES,,,LACSD,2003
B03_B03W073,B03W073_B03,33.66953,-118.25559,LOS ANGELES,,,USC,2003
6004_B08,B08-6004,32.55739,-117.1224,SAN DIEGO,,,CRGML,2008
B03_B03W082,B03W082_B03,33.7163,-118.2382,LOS ANGELES,,,LACSD,2003
B03_B03W091,B03W091_B03,33.9517,-118.461,LOS ANGELES,,,CLAEMD,2003
B03_B03W095,B03W095_B03,33.9671,-118.472,LOS ANGELES,,,USC,2003
6009_B08,B08-6009,32.55918,-117.11606,SAN DIEGO,,,CRGML,2008
6010_B08,B08-6010,32.55941,-117.11133,SAN DIEGO,,,CRGML,2008
B03_B03W175,B03W175_B03,33.59502,-117.9624,ORANGE,,,OCSD,2003
B03_BCS25LO,BCS25LO_B03,33.96085,-118.4566,LOS ANGELES,,,CLAEMD,2003
6015_B08,B08-6015,32.60687,-117.12297,SAN DIEGO,,,CRGML,2008
6017_B08,B08-6017,32.60815,-117.11068,SAN DIEGO,,,CRGML,2008
6025_B08,B08-6025,32.62322,-117.13415,SAN DIEGO,,,CRGML,2008
6027_B08,B08-6027,32.62586,-117.13514,SAN DIEGO,,,CRGML,2008
6031_B08,B08-6031,32.63213,-117.1365,SAN DIEGO,,,CRGML,2008
6039_B08,B08-6039,32.64665,-117.11931,SAN DIEGO,,,CRGML,2008
6040_B08,B08-6040,32.6468,-117.1178,SAN DIEGO,,,CRGML,2008
6042_B08,B08-6042,32.64747,-117.12141,SAN DIEGO,,,CRGML,2008
6044_B08,B08-6044,32.6481,-117.11466,SAN DIEGO,,,CSD,2008
B03_LB0,LB0_B03,33.74031,-118.1167,ORANGE,,,OCSD,2003
B03_SAR 0,SAR 0_B03,33.62902,-117.9583,ORANGE,,,OCSD,2003
B03_TM 225 L,TM 225 L_B03,33.62959,-117.96033,ORANGE,,,OCSD,2003
6047_B08,B08-6047,32.64896,-117.11012,SAN DIEGO,,,NOAACOAST,2008
6001_B08,B08-6001,32.55659,-117.12814,SAN DIEGO,,,CRGML,2008
6049_B08,B08-6049,32.64913,-117.11337,SAN DIEGO,,,CRGML,2008
6052_B08,B08-6052,32.65127,-117.10309,SAN DIEGO,,,CRGML,2008
6054_B08,B08-6054,32.65143,-117.12293,SAN DIEGO,,,CRGML,2008
6057_B08,B08-6057,32.6521,-117.1005,SAN DIEGO,,,CRGML,2008
6012_B08,B08-6012,32.56239,-117.10849,SAN DIEGO,,,CRGML,2008
6060_B08,B08-6060,32.65374,-117.09502,SAN DIEGO,,,CRGML,2008
6065_B08,B08-6065,32.65501,-117.09134,SAN DIEGO,,,CRGML,2008
6069_B08,B08-6069,32.65658,-117.08717,SAN DIEGO,,,CRGML,2008
6072_B08,B08-6072,32.65848,-117.11953,SAN DIEGO,,,CRGML,2008
6075_B08,B08-6075,32.66033,-117.12292,SAN DIEGO,,,CRGML,2008
6080_B08,B08-6080,32.66493,-117.14993,SAN DIEGO,,,NOAACOAST,2008
6083_B08,B08-6083,32.67008,-117.15501,SAN DIEGO,,,CRGML,2008
6084_B08,B08-6084,32.67029,-117.13662,SAN DIEGO,,,CRGML,2008
6085_B08,B08-6085,32.67094,-117.12408,SAN DIEGO,,,CRGML,2008
6046_B08,B08-6046,32.64857,-117.11395,SAN DIEGO,,,NOAACOAST,2008
6087_B08,B08-6087,32.67178,-117.12578,SAN DIEGO,,,CRGML,2008
6090_B08,B08-6090,32.67337,-117.13653,SAN DIEGO,,,CRGML,2008
6093_B08,B08-6093,32.67537,-117.14385,SAN DIEGO,,,CRGML,2008
6068_B08,B08-6068,32.65565,-117.12568,SAN DIEGO,,,CRGML,2008
6071_B08,B08-6071,32.65828,-117.14434,SAN DIEGO,,,CRGML,2008
6094_B08,B08-6094,32.67594,-117.12786,SAN DIEGO,,,CRGML,2008
6106_B08,B08-6106,32.6812,-117.14544,SAN DIEGO,,,CSD,2008
6113_B08,B08-6113,32.68487,-117.1355,SAN DIEGO,,,CRGML,2008
6119_B08,B08-6119,32.68632,-117.13295,SAN DIEGO,,,CRGML,2008
6086_B08,B08-6086,32.6715,-117.1307,SAN DIEGO,,,CSD,2008
6120_B08,B08-6120,32.68659,-117.13392,SAN DIEGO,,,CRGML,2008
6125_B08,B08-6125,32.68821,-117.13786,SAN DIEGO,,,CRGML,2008
6127_B08,B08-6127,32.68994,-117.13917,SAN DIEGO,,,CRGML,2008
6128_B08,B08-6128,32.69111,-117.23803,SAN DIEGO,,,CRGML,2008
6129_B08,B08-6129,32.69177,-117.15298,SAN DIEGO,,,CRGML,2008
6130_B08,B08-6130,32.69405,-117.23851,SAN DIEGO,,,CRGML,2008
6133_B08,B08-6133,32.69619,-117.15341,SAN DIEGO,,,CRGML,2008
6134_B08,B08-6134,32.69857,-117.15877,SAN DIEGO,,,CRGML,2008
6136_B08,B08-6136,32.69981,-117.16097,SAN DIEGO,,,CRGML,2008
6138_B08,B08-6138,32.70122,-117.22646,SAN DIEGO,,,CRGML,2008
6145_B08,B08-6145,32.71138,-117.23213,SAN DIEGO,,,CRGML,2008
6148_B08,B08-6148,32.7125,-117.23079,SAN DIEGO,,,CRGML,2008
6115_B08,B08-6115,32.68541,-117.13649,SAN DIEGO,,,CRGML,2008
6154_B08,B08-6154,32.71598,-117.17404,SAN DIEGO,,,CRGML,2008
6157_B08,B08-6157,32.71683,-117.22429,SAN DIEGO,,,CRGML,2008
6159_B08,B08-6159,32.7181,-117.23046,SAN DIEGO,,,CRGML,2008
6165_B08,B08-6165,32.72171,-117.22162,SAN DIEGO,,,CRGML,2008
6168_B08,B08-6168,32.72352,-117.17571,SAN DIEGO,,,CSD,2008
6172_B08,B08-6172,32.72427,-117.18276,SAN DIEGO,,,CSD,2008
6173_B08,B08-6173,32.72487,-117.18359,SAN DIEGO,,,CRGML,2008
6177_B08,B08-6177,32.72692,-117.20206,SAN DIEGO,,,CRGML,2008
6179_B08,B08-6179,32.72835,-117.20811,SAN DIEGO,,,CRGML,2008
SCBPP_0009,0009_SCBPP,34.45845,-120.14752,SANTA BARBARA,,,OCSD,1994
SCBPP_0016,0016_SCBPP,34.4527,-120.02815,SANTA BARBARA,,,TEX-AM,1994
SCBPP_0902,0902_SCBPP,34.02233,-118.70383,LOS ANGELES,,,TEX-AM,1994
SCBPP_1027,1027_SCBPP,33.94867,-118.51383,LOS ANGELES,,,TEX-AM,1994
SCBPP_1152,1152_SCBPP,33.8445,-118.5875,FEDERAL WATERS,,,CLAEMD,1994
SCBPP_1191,1191_SCBPP,33.78467,-118.49258,FEDERAL WATERS,,,TEX-AM,1994
SCBPP_1417,1417_SCBPP,33.59808,-117.96947,ORANGE,,,PACE,1994
SCBPP_1650,1650_SCBPP,33.18232,-117.40057,SAN DIEGO,,,PACE,1994
SCBPP_1660,1660_SCBPP,33.1639,-117.39302,SAN DIEGO,,,PACE,1994
2129_B98,B98_2129,34.17298,-119.22742,VENTURA,,,CRGML,1998
2141_B98,B98_2141,33.61067,-117.90235,ORANGE,,,OCSD,1998
2145_B98,B98_2145,33.60376,-117.88878,ORANGE,,,SCCWRP,1998
2149_B98,B98_2149,33.46303,-117.70377,ORANGE,,,OCSD,1998
2157_B98,B98_2157,33.74233,-118.15301,LOS ANGELES,,,CLAEMD,1998
2158_B98,B98_2158,33.72839,-118.20859,LOS ANGELES,,,CLAEMD,1998
2160_B98,B98_2160,33.72338,-118.2045,LOS ANGELES,,,CLAEMD,1998
2162_B98,B98_2162,33.71351,-118.24162,LOS ANGELES,,,SCCWRP,1998
2164_B98,B98_2164,33.73022,-118.08266,ORANGE,,,OCSD,1998
2172_B98,B98_2172,33.74928,-118.24261,LOS ANGELES,,,CLAEMD,1998
2175_B98,B98_2175,33.74104,-118.22655,LOS ANGELES,,,CLAEMD,1998
2176_B98,B98_2176,33.7311,-118.26128,LOS ANGELES,,,SCCWRP,1998
2184_B98,B98_2184,33.72131,-118.26908,LOS ANGELES,,,SCCWRP,1998
2192_B98,B98_2192,33.94372,-118.51978,LOS ANGELES,,,CLAEMD,1998
2197_B98,B98_2197,33.90378,-118.50082,FEDERAL WATERS,,,CLAEMD,1998
SCBPP_0759,0759_SCBPP,34.15073,-119.29808,FEDERAL WATERS,,,PACE,1994
SCBPP_0833,0833_SCBPP,34.0775,-119.0787,VENTURA,,,TEX-AM,1994
SCBPP_0886,0886_SCBPP,34.0285,-118.66917,LOS ANGELES,,,TEX-AM,1994
2208_B98,B98_2208,33.60185,-118.05647,FEDERAL WATERS,,,OCSD,1998
SCBPP_1103,1103_SCBPP,33.88583,-118.55267,FEDERAL WATERS,,,TEX-AM,1994
SCBPP_1120,1120_SCBPP,33.87133,-118.62533,FEDERAL WATERS,,,TEX-AM,1994
SCBPP_1123,1123_SCBPP,33.87095,-118.4187,LOS ANGELES,,,LACSD,1994
2213_B98,B98_2213,33.57184,-117.97731,FEDERAL WATERS,,,OCSD,1998
SCBPP_1195,1195_SCBPP,33.77208,-118.47137,LOS ANGELES,,,SCCWRP,1994
SCBPP_1287,1287_SCBPP,33.67783,-118.067,ORANGE,,,TEX-AM,1994
SCBPP_1348,1348_SCBPP,33.63553,-118.01522,ORANGE,,,OCSD,1994
SCBPP_1418,1418_SCBPP,33.59707,-118.10977,FEDERAL WATERS,,,TEX-AM,1994
SCBPP_1595,1595_SCBPP,33.2856,-117.56975,FEDERAL WATERS,,,TEX-AM,1994
2222_B98,B98_2222,32.71867,-117.22571,SAN DIEGO,,,EPARD,1998
SCBPP_1797,1797_SCBPP,32.75767,-117.33783,FEDERAL WATERS,,,TEX-AM,1994
2227_B98,B98_2227,32.72376,-117.2079,SAN DIEGO,,,CSD,1998
2229_B98,B98_2229,32.70894,-117.176,SAN DIEGO,,,CSD,1998
2238_B98,B98_2238,32.62548,-117.12802,SAN DIEGO,,,CSD,1998
2243_B98,B98_2243,32.66459,-117.14282,SAN DIEGO,,,CSD,1998
2251_B98,B98_2251,32.70226,-117.16198,SAN DIEGO,,,CSD,1998
2132_B98,B98_2132,34.1563,-119.22732,VENTURA,,,CSD,1998
2253_B98,B98_2253,32.68821,-117.13786,SAN DIEGO,,,CSD,1998
2136_B98,B98_2136,33.61891,-117.92728,ORANGE,,,OCSD,1998
2137_B98,B98_2137,33.61282,-117.92436,ORANGE,,,SCCWRP,1998
2256_B98,B98_2256,32.67678,-117.13577,SAN DIEGO,,,CSD,1998
2143_B98,B98_2143,33.60676,-117.90572,ORANGE,,,SCCWRP,1998
2259_B98,B98_2259,32.67015,-117.12477,SAN DIEGO,,,CSD,1998
2262_B98,B98_2262,32.65143,-117.12293,SAN DIEGO,,,CSD,1998
2264_B98,B98_2264,32.6854,-117.13293,SAN DIEGO,,,SCCWRP,1998
2151_B98,B98_2151,33.46183,-117.69773,ORANGE,,,OCSD,1998
2266_B98,B98_2266,34.3982,-119.8214,SANTA BARBARA,,,CLAEMD,1998
2154_B98,B98_2154,33.74883,-118.15595,LOS ANGELES,,,CLAEMD,1998
2269_B98,B98_2269,34.3973,-119.6669,SANTA BARBARA,,,CRGML,1998
2272_B98,B98_2272,34.3983,-119.6593,SANTA BARBARA,,,SCCWRP,1998
2156_B98,B98_2156,33.73992,-118.17122,LOS ANGELES,,,CLAEMD,1998
2275_B98,B98_2275,34.13,-119.194,VENTURA,,,CRGML,1998
2276_B98,B98_2276,34.124,-119.1828,VENTURA,,,CRGML,1998
2161_B98,B98_2161,33.72338,-118.20143,LOS ANGELES,,,SCCWRP,1998
2170_B98,B98_2170,33.76412,-118.256,LOS ANGELES,,,CLAEMD,1998
2299_B98,B98_2299,33.7203,-118.2337,LOS ANGELES,,,CLAEMD,1998
2300_B98,B98_2300,33.7182,-118.2392,LOS ANGELES,,,SCCWRP,1998
2302_B98,B98_2302,33.5099,-117.7765,ORANGE,,,CRGML,1998
2189_B98,B98_2189,33.95292,-118.56029,FEDERAL WATERS,,,CLAEMD,1998
2196_B98,B98_2196,33.90285,-118.5532,FEDERAL WATERS,,,CLAEMD,1998
2311_B98,B98_2311,33.7556,-118.1851,LOS ANGELES,,,CRGML,1998
2205_B98,B98_2205,33.67687,-118.30578,LOS ANGELES,,,LACSD,1998
2209_B98,B98_2209,33.59162,-118.06273,FEDERAL WATERS,,,OCSD,1998
2330_B98,B98_2330,34.2394,-119.2807,VENTURA,,,SCCWRP,1998
2212_B98,B98_2212,33.58956,-117.98899,ORANGE,,,OCSD,1998
2335_B98,B98_2335,32.5447,-117.1548,SAN DIEGO,,,CSD,1998
2344_B98,B98_2344,34.01883,-118.8563,LOS ANGELES,,,CRGML,1998
2345_B98,B98_2345,33.50742,-117.76845,ORANGE,,,CRGML,1998
2348_B98,B98_2348,33.39535,-117.66508,ORANGE,,,CRGML,1998
2218_B98,B98_2218,32.66639,-117.27978,SAN DIEGO,,,CSD,1998
2219_B98,B98_2219,32.65496,-117.3315,FEDERAL WATERS,,,CSD,1998
2221_B98,B98_2221,32.7279,-117.205,SAN DIEGO,,,CSD,1998
2355_B98,B98_2355,34.4516,-120.33624,SANTA BARBARA,,,CSD,1998
2225_B98,B98_2225,32.71338,-117.23004,SAN DIEGO,,,CSD,1998
2362_B98,B98_2362,34.36883,-119.66829,SANTA BARBARA,,,SCCWRP,1998
2363_B98,B98_2363,34.35528,-119.62877,FEDERAL WATERS,,,SCCWRP,1998
2231_B98,B98_2231,32.69485,-117.15653,SAN DIEGO,,,CSD,1998
2233_B98,B98_2233,32.68573,-117.15179,SAN DIEGO,,,SCCWRP,1998
2371_B98,B98_2371,34.26484,-119.50966,FEDERAL WATERS,,,CSD,1998
2374_B98,B98_2374,34.18842,-119.49138,FEDERAL WATERS,,,CAS,1998
2376_B98,B98_2376,34.17867,-119.34686,FEDERAL WATERS,,,CRGML,1998
2254_B98,B98_2254,32.67672,-117.16326,SAN DIEGO,,,CSD,1998
2383_B98,B98_2383,34.01118,-118.51295,LOS ANGELES,,,CLAEMD,1998
2255_B98,B98_2255,32.67801,-117.12937,SAN DIEGO,,,SCCWRP,1998
2390_B98,B98_2390,33.69334,-118.26469,LOS ANGELES,,,LACSD,1998
2265_B98,B98_2265,32.6839,-117.14028,SAN DIEGO,,,CSD,1998
2403_B98,B98_2403,33.5186,-117.80297,ORANGE,,,OCSD,1998
2273_B98,B98_2273,34.1302,-119.1985,VENTURA,,,SCCWRP,1998
2404_B98,B98_2404,33.42203,-117.65541,ORANGE,,,SCCWRP,1998
2408_B98,B98_2408,33.10513,-117.36191,SAN DIEGO,,,EPARD,1998
2282_B98,B98_2282,33.436,-117.6789,ORANGE,,,CRGML,1998
2284_B98,B98_2284,33.434,-117.697,ORANGE,,,CRGML,1998
2418_B98,B98_2418,32.5952,-117.31481,FEDERAL WATERS,,,CSD,1998
2291_B98,B98_2291,33.1,-117.3529,SAN DIEGO,,,SCCWRP,1998
2424_B98,B98_2424,32.76668,-117.24686,SAN DIEGO,,,CSD,1998
2425_B98,B98_2425,32.76715,-117.23551,SAN DIEGO,,,CSD,1998
2426_B98,B98_2426,33.73426,-118.23149,LOS ANGELES,,,CRGML,1998
2446_B98,B98_2446,33.97734,-118.44143,LOS ANGELES,,,OCSD,1998
2447_B98,B98_2447,33.97404,-118.44719,LOS ANGELES,,,CAS,1998
2457_B98,B98_2457,33.44105,-117.69137,ORANGE,,,SCCWRP,1998
2354_B98,B98_2354,34.45887,-120.31283,SANTA BARBARA,,,CSD,1998
2356_B98,B98_2356,34.44788,-120.07345,SANTA BARBARA,,,CRGML,1998
B03_AC0,AC0_B03,33.5117,-117.7547,ORANGE,,,SOCWA,2003
2358_B98,B98_2358,34.39681,-119.9725,SANTA BARBARA,,,CSD,1998
2359_B98,B98_2359,34.39839,-119.86476,SANTA BARBARA,,,OCSD,1998
B03_AC75ROFFSHORE,AC75ROFFSHORE_B03,33.5122,-117.7552,ORANGE,,,SOCWA,2003
4001_B03,B03_4001,33.3175,-118.16009,FEDERAL WATERS,,,CSD,2003
4003_B03,B03_4003,34.12507,-119.19268,VENTURA,,,CRGML,2003
2365_B98,B98_2365,34.34408,-119.56258,FEDERAL WATERS,,,SCCWRP,1998
4005_B03,B03_4005,33.93408,-118.89655,FEDERAL WATERS,,,CSD,2003
2369_B98,B98_2369,34.30414,-119.42533,VENTURA,,,CSD,1998
2373_B98,B98_2373,34.22055,-119.38588,FEDERAL WATERS,,,CRGML,1998
2375_B98,B98_2375,34.18758,-119.3554,FEDERAL WATERS,,,CRGML,1998
4025_B03,B03_4025,33.73889,-119.0648,FEDERAL WATERS,,,CSD,2003
2380_B98,B98_2380,34.0181,-118.75943,LOS ANGELES,,,CLAEMD,1998
2382_B98,B98_2382,34.02321,-118.59282,LOS ANGELES,,,SCCWRP,1998
2389_B98,B98_2389,33.7095,-118.32193,LOS ANGELES,,,LACSD,1998
4039_B03,B03_4039,34.28711,-120.45557,FEDERAL WATERS,,,CRGML,2003
2393_B98,B98_2393,33.68281,-118.08831,ORANGE,,,SCCWRP,1998
2394_B98,B98_2394,33.65103,-118.24907,FEDERAL WATERS,,,LACSD,1998
2399_B98,B98_2399,33.63478,-117.99484,ORANGE,,,OCSD,1998
2400_B98,B98_2400,33.60346,-118.09545,FEDERAL WATERS,,,OCSD,1998
2407_B98,B98_2407,33.2602,-117.52352,FEDERAL WATERS,,,CRGML,1998
4060_B03,B03_4060,33.03242,-117.66924,FEDERAL WATERS,,,CSD,2003
4062_B03,B03_4062,33.43071,-117.67675,ORANGE,,,OCSD,2003
2409_B98,B98_2409,33.0007,-117.28334,SAN DIEGO,,,SCCWRP,1998
4066_B03,B03_4066,33.74202,-118.11713,ORANGE,,,CRGML,2003
4072_B03,B03_4072,33.63664,-117.95407,ORANGE,,,CRGML,2003
4073_B03,B03_4073,33.59768,-118.04613,FEDERAL WATERS,,,OCSD,2003
2417_B98,B98_2417,32.62495,-117.21479,SAN DIEGO,,,CSD,1998
4080_B03,B03_4080,33.26553,-117.53393,FEDERAL WATERS,,,CRGML,2003
4084_B03,B03_4084,32.66033,-117.12292,SAN DIEGO,,,CSD,2003
2431_B98,B98_2431,33.75334,-118.22415,LOS ANGELES,,,CRGML,1998
4099_B03,B03_4099,34.30636,-119.55858,FEDERAL WATERS,,,CRGML,2003
4101_B03,B03_4101,33.99826,-118.55925,LOS ANGELES,,,CLAEMD,2003
4102_B03,B03_4102,33.72076,-118.36463,LOS ANGELES,,,LACSD,2003
4104_B03,B03_4104,33.63333,-117.88773,ORANGE,,,CRGML,2003
4113_B03,B03_4113,33.59036,-117.97115,ORANGE,,,OCSD,2003
4118_B03,B03_4118,33.76563,-118.10257,LOS ANGELES,,,CRGML,2003
4120_B03,B03_4120,32.65786,-117.30952,FEDERAL WATERS,,,CSD,2003
4124_B03,B03_4124,33.46387,-118.39468,LOS ANGELES,,,CSD,2003
4125_B03,B03_4125,34.04114,-119.19721,FEDERAL WATERS,,,CRGML,2003
2448_B98,B98_2448,33.97031,-118.4482,LOS ANGELES,,,CRGML,1998
4126_B03,B03_4126,33.35464,-117.61934,ORANGE,,,OCSD,2003
4130_B03,B03_4130,33.76479,-118.11207,LOS ANGELES,,,CRGML,2003
2453_B98,B98_2453,33.62803,-117.9749,ORANGE,,,OCSD,1998
4137_B03,B03_4137,33.57691,-118.0116,FEDERAL WATERS,,,OCSD,2003
4142_B03,B03_4142,33.78073,-118.20585,LOS ANGELES,,,CRGML,2003
4146_B03,B03_4146,33.74555,-118.21575,LOS ANGELES,,,CLAEMD,2003
4147_B03,B03_4147,34.16886,-119.46023,FEDERAL WATERS,,,CSD,2003
4156_B03,B03_4156,32.72288,-117.21263,SAN DIEGO,,,CSD,2003
4182_B03,B03_4182,33.7676,-118.10544,LOS ANGELES,,,CRGML,2003
4006_B03,B03_4006,33.86038,-118.44805,LOS ANGELES,,,CLAEMD,2003
4012_B03,B03_4012,32.6948,-117.30227,SAN DIEGO,,,CSD,2003
4198_B03,B03_4198,33.78969,-118.45579,LOS ANGELES,,,SCCWRP,2003
4022_B03,B03_4022,33.87377,-118.51654,FEDERAL WATERS,,,CLAEMD,2003
4213_B03,B03_4213,33.9739,-118.43505,LOS ANGELES,,,CRGML,2003
4032_B03,B03_4032,33.00918,-117.27651,SAN DIEGO,,,CRGML,2003
4034_B03,B03_4034,33.74723,-118.11445,LOS ANGELES,,,CRGML,2003
4233_B03,B03_4233,33.78929,-118.98572,FEDERAL WATERS,,,CSD,2003
4045_B03,B03_4045,33.93486,-118.53976,FEDERAL WATERS,,,CLAEMD,2003
4243_B03,B03_4243,33.96568,-119.60482,SANTA BARBARA,,,CSD,2003
4053_B03,B03_4053,33.97134,-118.43959,LOS ANGELES,,,CRGML,2003
4250_B03,B03_4250,33.57688,-118.21028,FEDERAL WATERS,,,LACSD,2003
4251_B03,B03_4251,34.39695,-120.03105,FEDERAL WATERS,,,CRGML,2003
4256_B03,B03_4256,32.58955,-117.2281,FEDERAL WATERS,,,CSD,2003
4260_B03,B03_4260,32.65885,-117.33599,FEDERAL WATERS,,,USC,2003
4261_B03,B03_4261,34.01656,-119.05833,FEDERAL WATERS,,,CLAEMD,2003
4079_B03,B03_4079,34.38357,-119.59577,SANTA BARBARA,,,CRGML,2003
4089_B03,B03_4089,33.84796,-118.56788,FEDERAL WATERS,,,CLAEMD,2003
4283_B03,B03_4283,34.28539,-120.08299,FEDERAL WATERS,,,CSD,2003
4129_B03,B03_4129,33.61569,-117.92184,ORANGE,,,OCSD,2003
4323_B03,B03_4323,34.19776,-119.62915,FEDERAL WATERS,,,CRGML,2003
4326_B03,B03_4326,33.74302,-118.4238,LOS ANGELES,,,LACSD,2003
4330_B03,B03_4330,33.61664,-118.25975,FEDERAL WATERS,,,LACSD,2003
4336_B03,B03_4336,33.35445,-117.59883,SAN DIEGO,,,OCSD,2003
4151_B03,B03_4151,34.3321,-119.76202,FEDERAL WATERS,,,USC,2003
4351_B03,B03_4351,34.07112,-120.32896,SANTA BARBARA,,,CSD,2003
4354_B03,B03_4354,33.74866,-118.19867,LOS ANGELES,,,SCCWRP,2003
4358_B03,B03_4358,33.88162,-118.53487,FEDERAL WATERS,,,CLAEMD,2003
4359_B03,B03_4359,34.24913,-119.92159,FEDERAL WATERS,,,CSD,2003
4365_B03,B03_4365,33.9604,-118.52937,LOS ANGELES,,,CLAEMD,2003
4170_B03,B03_4170,33.69851,-118.30383,LOS ANGELES,,,LACSD,2003
4381_B03,B03_4381,34.12991,-119.18755,VENTURA,,,CRGML,2003
4194_B03,B03_4194,33.75355,-118.10551,LOS ANGELES,,,CRGML,2003
4204_B03,B03_4204,32.7623,-117.23618,SAN DIEGO,,,CSD,2003
4417_B03,B03_4417,33.8896,-120.08207,SANTA BARBARA,,,CSD,2003
4207_B03,B03_4207,34.3991,-119.66007,SANTA BARBARA,,,CRGML,2003
4425_B03,B03_4425,34.22125,-119.64195,FEDERAL WATERS,,,CSD,2003
4210_B03,B03_4210,33.75274,-118.21773,LOS ANGELES,,,CLAEMD,2003
4657_B03,B03_4657,34.05698,-119.47359,VENTURA,,,CSD,2003
4697_B03,B03_4697,33.97551,-119.88065,SANTA BARBARA,,,CSD,2003
4241_B03,B03_4241,33.60295,-118.03602,FEDERAL WATERS,,,OCSD,2003
4788_B03,B03_4788,33.77996,-118.20608,LOS ANGELES,,,CRGML,2003
4852_B03,B03_4852,33.80323,-118.22836,LOS ANGELES,,,CSD,2003
4244_B03,B03_4244,32.68243,-117.28197,SAN DIEGO,,,CSD,2003
4252_B03,B03_4252,33.6132,-118.71975,FEDERAL WATERS,,,CSD,2003
4255_B03,B03_4255,34.05191,-120.55802,FEDERAL WATERS,,,CSD,2003
4266_B03,B03_4266,33.76623,-118.27732,LOS ANGELES,,,CLAEMD,2003
B03W057_B03,B03_B03W057,33.67898,-118.0764,ORANGE,,,USC,2003
4268_B03,B03_4268,32.71868,-117.22003,SAN DIEGO,,,CSD,2003
4270_B03,B03_4270,33.82032,-118.24138,LOS ANGELES,,,CRGML,2003
4272_B03,B03_4272,33.14495,-117.333,SAN DIEGO,,,CRGML,2003
B03W084_B03,B03_B03W084,33.7298,-118.1726,LOS ANGELES,,,USC,2003
B03W087_B03,B03_B03W087,33.9011,-118.46,LOS ANGELES,,,USC,2003
4278_B03,B03_4278,33.87807,-118.54424,FEDERAL WATERS,,,CLAEMD,2003
4279_B03,B03_4279,34.27781,-119.71827,FEDERAL WATERS,,,CRGML,2003
B03W100_B03,B03_B03W100,34.00335,-118.49872,LOS ANGELES,,,USC,2003
B03W161_B03,B03_B03W161,32.76018,-117.3058,SAN DIEGO,,,USC,2003
4288_B03,B03_4288,33.65104,-117.86848,ORANGE,,,CRGML,2003
BRI-05_B03,B03_BRI-05,33.77593,-118.24295,LOS ANGELES,,,CRGML,2003
4299_B03,B03_4299,33.87472,-119.94776,FEDERAL WATERS,,,CSD,2003
4306_B03,B03_4306,33.73834,-118.23341,LOS ANGELES,,,CLAEMD,2003
4314_B03,B03_4314,33.60638,-118.19069,FEDERAL WATERS,,,LACSD,2003
4329_B03,B03_4329,33.55625,-118.02254,FEDERAL WATERS,,,OCSD,2003
B03_B03W027,B03W027_B03,33.56393,-117.86872,ORANGE,,,USC,2003
B03_B03W028,B03W028_B03,33.5492,-117.87762,ORANGE,,,USC,2003
B03_B03W041,B03W041_B03,33.62488,-117.96385,ORANGE,,,USC,2003
B03_B03W043,B03W043_B03,33.60522,-117.98017,ORANGE,,,USC,2003
4350_B03,B03_4350,33.428,-117.686,ORANGE,,,OCSD,2003
B03_B03W067,B03W067_B03,33.72043,-118.18426,LOS ANGELES,,,LACSD,2003
4361_B03,B03_4361,33.25417,-117.79306,FEDERAL WATERS,,,CSD,2003
B03_B03W068,B03W068_B03,33.69398,-118.1905,LOS ANGELES,,,LACSD,2003
B03_B03W076,B03W076_B03,33.69327,-118.28908,LOS ANGELES,,,USC,2003
4377_B03,B03_4377,33.95657,-119.25765,FEDERAL WATERS,,,CSD,2003
B03_B03W128,B03W128_B03,34.23412,-119.28981,VENTURA,,,USC,2003
4408_B03,B03_4408,33.75507,-118.16386,LOS ANGELES,,,CLAEMD,2003
4421_B03,B03_4421,33.98797,-120.38008,SANTA BARBARA,,,CSD,2003
4683_B03,B03_4683,34.03278,-118.68477,LOS ANGELES,,,CSD,2003
4810_B03,B03_4810,32.75142,-117.38699,FEDERAL WATERS,,,CSD,2003
5108_B03,B03_5108,33.80261,-118.22818,LOS ANGELES,,,CSD,2003
5735_B03,B03_5735,33.96727,-118.44781,LOS ANGELES,,,CSD,2003
5771_B03,B03_5771,34.03279,-118.68459,LOS ANGELES,,,CSD,2003
A2_B03,B03_A2,34.28726,-119.39814,VENTURA,,,CRGML,2003
B03W071_B03,B03_B03W071,33.70775,-118.24666,LOS ANGELES,,,USC,2003
B03W165_B03,B03_B03W165,32.78272,-117.27838,SAN DIEGO,,,USC,2003
B03W304_B03,B03_B03W304,33.7669,-118.206,LOS ANGELES,,,USC,2003
BRI-01_B03,B03_BRI-01,33.98292,-118.4558,LOS ANGELES,,,CRGML,2003
BRI-07_B03,B03_BRI-07,33.62085,-117.93623,ORANGE,,,OCSD,2003
BRI-11_B03,B03_BRI-11,33.64988,-117.87075,ORANGE,,,CRGML,2003
B03_SGAB 450 L OFF,SGAB 450 L OFF_B03,33.73888,-118.11149,ORANGE,,,OCSD,2003
B03_B03W018,B03W018_B03,32.55083,-117.165,SAN DIEGO,,,USC,2003
B03_B03W032,B03W032_B03,33.55982,-117.89513,ORANGE,,,USC,2003
B03_TJ RIVER UPSTREAM,TJ RIVER UPSTREAM_B03,32.5572,-117.08413,SAN DIEGO,,,CSD,2003
B03_TM 0 OFF,TM 0 OFF_B03,33.63035,-117.9626,ORANGE,,,OCSD,2003
B03_KEL225RSH,KEL225RSH_B03,32.70993,-117.23655,SAN DIEGO,,,MEC,2003
B03_SEL 25LSL,SEL 25LSL_B03,33.01499,-117.2822,SAN DIEGO,,,EN,2003
B03_TJ RIVER 75L SHORE,TJ RIVER 75L SHORE_B03,32.55558,-117.1294,SAN DIEGO,,,CSD,2003
SCBPP_0977,0977_SCBPP,33.9935,-118.62283,LOS ANGELES,,,CLAEMD,1994
SCBPP_0988,0988_SCBPP,33.99017,-118.79767,LOS ANGELES,,,CLAEMD,1994
SCBPP_0993,0993_SCBPP,33.98867,-118.5925,LOS ANGELES,,,CLAEMD,1994
SCBPP_0997,0997_SCBPP,33.98767,-118.6685,LOS ANGELES,,,CLAEMD,1994
SCBPP_1001,1001_SCBPP,33.98533,-118.60767,FEDERAL WATERS,,,CLAEMD,1994
SCBPP_1003,1003_SCBPP,33.984,-118.569,FEDERAL WATERS,,,CLAEMD,1994
SCBPP_1005,1005_SCBPP,33.9825,-118.53733,LOS ANGELES,,,CLAEMD,1994
SCBPP_1019,1019_SCBPP,33.97067,-118.48,LOS ANGELES,,,CLAEMD,1994
SCBPP_1028,1028_SCBPP,33.96583,-118.58817,FEDERAL WATERS,,,CLAEMD,1994
SCBPP_1034,1034_SCBPP,33.95967,-118.64167,FEDERAL WATERS,,,CLAEMD,1994
SCBPP_1040,1040_SCBPP,33.95167,-118.5505,FEDERAL WATERS,,,CLAEMD,1994
SCBPP_1042,1042_SCBPP,33.94967,-118.47967,LOS ANGELES,,,CLAEMD,1994
SCBPP_1045,1045_SCBPP,33.948,-118.53833,FEDERAL WATERS,,,CLAEMD,1994
SCBPP_1049,1049_SCBPP,33.94383,-118.53683,FEDERAL WATERS,,,CLAEMD,1994
SCBPP_1052,1052_SCBPP,33.9395,-118.60717,FEDERAL WATERS,,,CLAEMD,1994
SCBPP_1056,1056_SCBPP,33.93217,-118.56733,FEDERAL WATERS,,,CLAEMD,1994
SCBPP_1059,1059_SCBPP,33.93117,-118.58983,FEDERAL WATERS,,,CLAEMD,1994
SCBPP_1067,1067_SCBPP,33.92283,-118.55417,FEDERAL WATERS,,,CLAEMD,1994
SCBPP_1072,1072_SCBPP,33.9165,-118.5465,FEDERAL WATERS,,,CLAEMD,1994
SCBPP_1074,1074_SCBPP,33.9115,-118.5815,FEDERAL WATERS,,,CLAEMD,1994
SCBPP_1078,1078_SCBPP,33.90933,-118.603,FEDERAL WATERS,,,CLAEMD,1994
SCBPP_1081,1081_SCBPP,33.90467,-118.44067,LOS ANGELES,,,CLAEMD,1994
SCBPP_1091,1091_SCBPP,33.89617,-118.5415,FEDERAL WATERS,,,CLAEMD,1994
SCBPP_1105,1105_SCBPP,33.883,-118.53817,FEDERAL WATERS,,,CLAEMD,1994
SCBPP_1106,1106_SCBPP,33.883,-118.61433,FEDERAL WATERS,,,CLAEMD,1994
SCBPP_1109,1109_SCBPP,33.8825,-118.51733,FEDERAL WATERS,,,CLAEMD,1994
SCBPP_1110,1110_SCBPP,33.87983,-118.56933,FEDERAL WATERS,,,CLAEMD,1994
SCBPP_1118,1118_SCBPP,33.87467,-118.61433,FEDERAL WATERS,,,CLAEMD,1994
SCBPP_1122,1122_SCBPP,33.87067,-118.481,FEDERAL WATERS,,,CLAEMD,1994
SCBPP_1126,1126_SCBPP,33.86717,-118.48583,FEDERAL WATERS,,,CLAEMD,1994
SCBPP_1128,1128_SCBPP,33.86467,-118.55833,FEDERAL WATERS,,,CLAEMD,1994
SCBPP_1131,1131_SCBPP,33.862,-118.61133,FEDERAL WATERS,,,CLAEMD,1994
SCBPP_1146,1146_SCBPP,33.85117,-118.55283,FEDERAL WATERS,,,CLAEMD,1994
SCBPP_1148,1148_SCBPP,33.85033,-118.51733,FEDERAL WATERS,,,CLAEMD,1994
SCBPP_1159,1159_SCBPP,33.83687,-118.43758,LOS ANGELES,,,LACSD,1994
SCBPP_1160,1160_SCBPP,33.83583,-118.5975,FEDERAL WATERS,,,CLAEMD,1994
SCBPP_1162,1162_SCBPP,33.83462,-118.52512,FEDERAL WATERS,,,LACSD,1994
SCBPP_1168,1168_SCBPP,33.83295,-118.48772,FEDERAL WATERS,,,LACSD,1994
SCBPP_1169,1169_SCBPP,33.83005,-118.5088,FEDERAL WATERS,,,LACSD,1994
SCBPP_1175,1175_SCBPP,33.82067,-118.54937,FEDERAL WATERS,,,LACSD,1994
SCBPP_1187,1187_SCBPP,33.78917,-118.44522,LOS ANGELES,,,LACSD,1994
SCBPP_1194,1194_SCBPP,33.77392,-118.43438,LOS ANGELES,,,LACSD,1994
SCBPP_1214,1214_SCBPP,33.72758,-118.4142,LOS ANGELES,,,LACSD,1994
SCBPP_1222,1222_SCBPP,33.72203,-118.20733,LOS ANGELES,,,LACSD,1994
SCBPP_1232,1232_SCBPP,33.71413,-118.3475,LOS ANGELES,,,LACSD,1994
SCBPP_1256,1256_SCBPP,33.69812,-118.18613,LOS ANGELES,,,LACSD,1994
SCBPP_1267,1267_SCBPP,33.68913,-118.30055,LOS ANGELES,,,LACSD,1994
SCBPP_1321,1321_SCBPP,33.65322,-118.10197,FEDERAL WATERS,,,OCSD,1994
SCBPP_1355,1355_SCBPP,33.63222,-118.08635,FEDERAL WATERS,,,OCSD,1994
SCBPP_1401,1401_SCBPP,33.60503,-117.97145,ORANGE,,,OCSD,1994
SCBPP_1415,1415_SCBPP,33.5987,-118.01638,FEDERAL WATERS,,,OCSD,1994
SCBPP_1426,1426_SCBPP,33.5937,-118.05247,FEDERAL WATERS,,,OCSD,1994
SCBPP_1444,1444_SCBPP,33.58492,-117.9315,ORANGE,,,OCSD,1994
SCBPP_1450,1450_SCBPP,33.58012,-118.06847,FEDERAL WATERS,,,OCSD,1994
SCBPP_1455,1455_SCBPP,33.57708,-118.03025,FEDERAL WATERS,,,OCSD,1994
SCBPP_1468,1468_SCBPP,33.57228,-117.96412,ORANGE,,,OCSD,1994
SCBPP_1469,1469_SCBPP,33.5718,-118.04897,FEDERAL WATERS,,,OCSD,1994
SCBPP_1476,1476_SCBPP,33.56513,-118.14628,FEDERAL WATERS,,,LACSD,1994
SCBPP_1551,1551_SCBPP,33.35555,-117.65028,FEDERAL WATERS,,,OCSD,1994
SCBPP_1571,1571_SCBPP,33.3206,-117.62688,FEDERAL WATERS,,,OCSD,1994
SCBPP_1574,1574_SCBPP,33.31797,-117.61265,FEDERAL WATERS,,,OCSD,1994
SCBPP_1585,1585_SCBPP,33.29895,-117.58048,FEDERAL WATERS,,,OCSD,1994
SCBPP_1655,1655_SCBPP,33.17712,-117.46128,FEDERAL WATERS,,,OCSD,1994
SCBPP_1662,1662_SCBPP,33.15932,-117.42712,SAN DIEGO,,,OCSD,1994
SCBPP_1667,1667_SCBPP,33.14398,-117.37797,SAN DIEGO,,,OCSD,1994
SCBPP_1728,1728_SCBPP,32.9215,-117.2955,SAN DIEGO,,,CSD,1994
SCBPP_1737,1737_SCBPP,32.87783,-117.3145,SAN DIEGO,,,CSD,1994
SCBPP_1757,1757_SCBPP,32.82633,-117.324,SAN DIEGO,,,CSD,1994
SCBPP_1769,1769_SCBPP,32.80317,-117.3285,SAN DIEGO,,,CSD,1994
SCBPP_1770,1770_SCBPP,32.79633,-117.35967,FEDERAL WATERS,,,CSD,1994
SCBPP_1774,1774_SCBPP,32.793,-117.3705,FEDERAL WATERS,,,CSD,1994
SCBPP_1794,1794_SCBPP,32.764,-117.3665,FEDERAL WATERS,,,CSD,1994
SCBPP_1814,1814_SCBPP,32.73267,-117.28067,SAN DIEGO,,,CSD,1994
SCBPP_1823,1823_SCBPP,32.72633,-117.21183,SAN DIEGO,,,CSD,1994
SCBPP_1828,1828_SCBPP,32.704,-117.31933,FEDERAL WATERS,,,CSD,1994
SCBPP_1833,1833_SCBPP,32.69433,-117.32333,FEDERAL WATERS,,,CSD,1994
SCBPP_1836,1836_SCBPP,32.68233,-117.27467,SAN DIEGO,,,CSD,1994
SCBPP_1850,1850_SCBPP,32.66133,-117.32933,FEDERAL WATERS,,,CSD,1994
SCBPP_1867,1867_SCBPP,32.647,-117.18733,SAN DIEGO,,,CSD,1994
SCBPP_1874,1874_SCBPP,32.64,-117.43017,FEDERAL WATERS,,,CSD,1994
SCBPP_1888,1888_SCBPP,32.63,-117.349,FEDERAL WATERS,,,CSD,1994
SCBPP_1903,1903_SCBPP,32.61933,-117.335,FEDERAL WATERS,,,CSD,1994
SCBPP_1905,1905_SCBPP,32.61867,-117.42233,FEDERAL WATERS,,,CSD,1994
SCBPP_1908,1908_SCBPP,32.61683,-117.34667,FEDERAL WATERS,,,CSD,1994
SCBPP_1916,1916_SCBPP,32.6085,-117.39833,FEDERAL WATERS,,,CSD,1994
SCBPP_2011,2011_SCBPP,32.54267,-117.19267,FEDERAL WATERS,,,CSD,1994
B98_101005,101005_B98,32.5405,-117.195,FEDERAL WATERS,,,CSD,1998
B98_102002,102002_B98,32.5575,-117.159,SAN DIEGO,,,CSD,1998
B98_102302,102302_B98,32.6217,-117.185,SAN DIEGO,,,CSD,1998
B98_103001,103001_B98,32.6563,-117.22,SAN DIEGO,,,CSD,1998
B98_107001,107001_B98,32.6782,-117.26,SAN DIEGO,,,CSD,1998
B98_107901,107901_B98,32.7471,-117.266,SAN DIEGO,,,CSD,1998
B98_108002,108002_B98,32.755,-117.276,SAN DIEGO,,,CSD,1998
B98_108003,108003_B98,32.7528,-117.287,SAN DIEGO,,,CSD,1998
B98_108102,108102_B98,32.7648,-117.274,SAN DIEGO,,,CSD,1998
B98_108103,108103_B98,32.7627,-117.284,SAN DIEGO,,,CSD,1998
B98_108901,108901_B98,33.0029,-117.286,SAN DIEGO,,,MEC,1998
B98_108902,108902_B98,33.001,-117.297,SAN DIEGO,,,MEC,1998
B98_108903,108903_B98,32.999,-117.308,SAN DIEGO,,,MEC,1998
B98_109002,109002_B98,33.0059,-117.298,SAN DIEGO,,,MEC,1998
B98_109003,109003_B98,33.0039,-117.309,SAN DIEGO,,,MEC,1998
B98_109004,109004_B98,33.0001,-117.33,SAN DIEGO,,,MEC,1998
B98_109102,109102_B98,33.0106,-117.299,SAN DIEGO,,,MEC,1998
B98_109103,109103_B98,33.0087,-117.31,SAN DIEGO,,,MEC,1998
B98_109201,109201_B98,33.0489,-117.307,SAN DIEGO,,,MEC,1998
B98_109202,109202_B98,33.0472,-117.317,SAN DIEGO,,,MEC,1998
B98_109203,109203_B98,33.0454,-117.328,SAN DIEGO,,,MEC,1998
B98_109301,109301_B98,33.0854,-117.321,SAN DIEGO,,,MEC,1998
B98_109302,109302_B98,33.0839,-117.331,SAN DIEGO,,,MEC,1998
B98_109303,109303_B98,33.0819,-117.342,SAN DIEGO,,,MEC,1998
B98_109901,109901_B98,33.1097,-117.331,SAN DIEGO,,,MEC,1998
B98_109902,109902_B98,33.108,-117.342,SAN DIEGO,,,MEC,1998
B98_109903,109903_B98,33.1062,-117.352,SAN DIEGO,,,MEC,1998
B98_110002,110002_B98,33.1123,-117.343,SAN DIEGO,,,MEC,1998
B98_110003,110003_B98,33.1106,-117.354,SAN DIEGO,,,MEC,1998
B98_110004,110004_B98,33.1069,-117.376,SAN DIEGO,,,MEC,1998
B98_110102,110102_B98,33.1169,-117.345,SAN DIEGO,,,MEC,1998
B98_110103,110103_B98,33.1149,-117.356,SAN DIEGO,,,MEC,1998
B98_110201,110201_B98,33.1425,-117.351,SAN DIEGO,,,MEC,1998
B98_110202,110202_B98,33.1381,-117.36,SAN DIEGO,,,MEC,1998
B98_110203,110203_B98,33.1336,-117.37,SAN DIEGO,,,MEC,1998
B98_110902,110902_B98,33.1632,-117.381,SAN DIEGO,,,MEC,1998
B98_110903,110903_B98,33.1578,-117.39,SAN DIEGO,,,MEC,1998
B98_111002,111002_B98,33.1665,-117.385,SAN DIEGO,,,MEC,1998
B98_111004,111004_B98,33.1506,-117.411,SAN DIEGO,,,MEC,1998
B98_111901,111901_B98,33.1903,-117.393,SAN DIEGO,,,MEC,1998
B98_112102,112102_B98,33.1983,-117.418,SAN DIEGO,,,MEC,1998
B98_118001,118001_B98,33.5092,-117.757,ORANGE,,,MEC,1998
B98_119801,119801_B98,33.5802,-117.859,ORANGE,,,OCSD,1998
B98_119901,119901_B98,33.5855,-117.868,ORANGE,,,OCSD,1998
B98_120001,120001_B98,33.5889,-117.878,ORANGE,,,OCSD,1998
B98_120003,120003_B98,33.5761,-117.886,ORANGE,,,OCSD,1998
B98_120004,120004_B98,33.5598,-117.895,ORANGE,,,OCSD,1998
B98_120005,120005_B98,33.5436,-117.904,ORANGE,,,OCSD,1998
B98_120006,120006_B98,33.5275,-117.914,FEDERAL WATERS,,,OCSD,1998
B98_120102,120102_B98,33.5846,-117.893,ORANGE,,,OCSD,1998
B98_120103,120103_B98,33.5765,-117.897,ORANGE,,,OCSD,1998
B98_120202,120202_B98,33.5881,-117.903,ORANGE,,,OCSD,1998
B98_138402,138402_B98,34.0272,-118.664,LOS ANGELES,,,CLAEMD,1998
B98_138506,138506_B98,33.9494,-118.673,FEDERAL WATERS,,,CLAEMD,1998
B98_138403,138403_B98,34.0182,-118.664,LOS ANGELES,,,CLAEMD,1998
B98_138505,138505_B98,33.9662,-118.674,FEDERAL WATERS,,,CLAEMD,1998
B98_138501,138501_B98,34.0319,-118.676,LOS ANGELES,,,CLAEMD,1998
B98_122006,122006_B98,33.5607,-118.017,FEDERAL WATERS,,,OCSD,1998
B98_138503,138503_B98,34.0136,-118.675,LOS ANGELES,,,CLAEMD,1998
B98_138601,138601_B98,34.0278,-118.686,LOS ANGELES,,,CLAEMD,1998
B98_138602,138602_B98,34.0188,-118.686,LOS ANGELES,,,CLAEMD,1998
B98_122102,122102_B98,33.6202,-117.981,ORANGE,,,OCSD,1998
B98_138603,138603_B98,34.0097,-118.686,LOS ANGELES,,,CLAEMD,1998
B98_138504,138504_B98,33.9957,-118.675,LOS ANGELES,,,CLAEMD,1998
B98_138701,138701_B98,34.0285,-118.697,LOS ANGELES,,,CLAEMD,1998
B98_138702,138702_B98,34.0195,-118.697,LOS ANGELES,,,CLAEMD,1998
B98_122201,122201_B98,33.635,-117.982,ORANGE,,,OCSD,1998
B98_138703,138703_B98,34.0104,-118.697,LOS ANGELES,,,CLAEMD,1998
B98_122203,122203_B98,33.6154,-117.998,ORANGE,,,OCSD,1998
B98_139001,139001_B98,34.0275,-118.717,LOS ANGELES,,,CLAEMD,1998
B98_123002,123002_B98,33.6342,-118.008,ORANGE,,,OCSD,1998
B98_139002,139002_B98,34.0194,-118.717,LOS ANGELES,,,CLAEMD,1998
B98_123003,123003_B98,33.6256,-118.016,ORANGE,,,OCSD,1998
B98_123004,123004_B98,33.6108,-118.028,ORANGE,,,OCSD,1998
B98_139003,139003_B98,34.0111,-118.717,LOS ANGELES,,,CLAEMD,1998
B98_139004,139004_B98,33.9975,-118.717,LOS ANGELES,,,CLAEMD,1998
B98_123006,123006_B98,33.5812,-118.052,FEDERAL WATERS,,,OCSD,1998
B98_124002,124002_B98,33.6557,-118.043,ORANGE,,,OCSD,1998
B98_124004,124004_B98,33.6313,-118.063,FEDERAL WATERS,,,OCSD,1998
B98_124005,124005_B98,33.6164,-118.076,FEDERAL WATERS,,,OCSD,1998
B98_124006,124006_B98,33.6016,-118.088,FEDERAL WATERS,,,OCSD,1998
B98_124503,124503_B98,33.6664,-118.087,ORANGE,,,OCSD,1998
B98_124505,124505_B98,33.6368,-118.111,FEDERAL WATERS,,,OCSD,1998
B98_124506,124506_B98,33.622,-118.124,FEDERAL WATERS,,,OCSD,1998
B98_132002,132002_B98,33.8486,-118.418,LOS ANGELES,,,CLAEMD,1998
B98_132003,132003_B98,33.8453,-118.426,LOS ANGELES,,,CLAEMD,1998
B98_132004,132004_B98,33.837,-118.441,LOS ANGELES,,,CLAEMD,1998
B98_132005,132005_B98,33.8239,-118.464,FEDERAL WATERS,,,CLAEMD,1998
B98_132006,132006_B98,33.8111,-118.493,FEDERAL WATERS,,,CLAEMD,1998
B98_133001,133001_B98,33.8931,-118.427,LOS ANGELES,,,CLAEMD,1998
B98_133002,133002_B98,33.8892,-118.436,LOS ANGELES,,,CLAEMD,1998
B98_133003,133003_B98,33.8856,-118.447,LOS ANGELES,,,CLAEMD,1998
B98_133004,133004_B98,33.8794,-118.457,LOS ANGELES,,,CLAEMD,1998
B98_133005,133005_B98,33.8683,-118.493,FEDERAL WATERS,,,CLAEMD,1998
B98_133006,133006_B98,33.8511,-118.527,FEDERAL WATERS,,,CLAEMD,1998
B98_134002,134002_B98,33.9,-118.447,LOS ANGELES,,,CLAEMD,1998
B98_134003,134003_B98,33.9011,-118.46,LOS ANGELES,,,CLAEMD,1998
B98_134004,134004_B98,33.8969,-118.469,LOS ANGELES,,,CLAEMD,1998
B98_134005,134005_B98,33.8872,-118.506,FEDERAL WATERS,,,CLAEMD,1998
B98_134006,134006_B98,33.8792,-118.536,FEDERAL WATERS,,,CLAEMD,1998
B98_135002,135002_B98,33.9278,-118.46,LOS ANGELES,,,CLAEMD,1998
B98_135004,135004_B98,33.9167,-118.494,LOS ANGELES,,,CLAEMD,1998
B98_135005,135005_B98,33.9092,-118.525,FEDERAL WATERS,,,CLAEMD,1998
B98_135006,135006_B98,33.9,-118.55,FEDERAL WATERS,,,CLAEMD,1998
B98_135802,135802_B98,33.9391,-118.465,LOS ANGELES,,,CLAEMD,1998
B98_135803,135803_B98,33.935,-118.474,LOS ANGELES,,,CLAEMD,1998
B98_135902,135902_B98,33.9475,-118.471,LOS ANGELES,,,CLAEMD,1998
B98_135903,135903_B98,33.9434,-118.48,LOS ANGELES,,,CLAEMD,1998
B98_136001,136001_B98,33.9597,-118.466,LOS ANGELES,,,CLAEMD,1998
B98_136003,136003_B98,33.9494,-118.49,LOS ANGELES,,,CLAEMD,1998
B98_136004,136004_B98,33.9403,-118.51,LOS ANGELES,,,CLAEMD,1998
B98_136005,136005_B98,33.9278,-118.536,FEDERAL WATERS,,,CLAEMD,1998
B98_136006,136006_B98,33.9167,-118.558,FEDERAL WATERS,,,CLAEMD,1998
B98_136102,136102_B98,33.9629,-118.482,LOS ANGELES,,,CLAEMD,1998
B98_136201,136201_B98,33.9743,-118.48,LOS ANGELES,,,CLAEMD,1998
B98_136202,136202_B98,33.9701,-118.49,LOS ANGELES,,,CLAEMD,1998
B98_136203,136203_B98,33.966,-118.499,LOS ANGELES,,,CLAEMD,1998
B98_137004,137004_B98,33.9667,-118.526,LOS ANGELES,,,CLAEMD,1998
B98_137005,137005_B98,33.9536,-118.554,FEDERAL WATERS,,,CLAEMD,1998
B98_137006,137006_B98,33.9425,-118.575,FEDERAL WATERS,,,CLAEMD,1998
B98_138001,138001_B98,34.0333,-118.583,LOS ANGELES,,,CLAEMD,1998
B98_138002,138002_B98,34.0258,-118.588,LOS ANGELES,,,CLAEMD,1998
B98_138003,138003_B98,34.0058,-118.597,LOS ANGELES,,,CLAEMD,1998
B98_138004,138004_B98,33.9933,-118.604,LOS ANGELES,,,CLAEMD,1998
B98_138005,138005_B98,33.9722,-118.614,FEDERAL WATERS,,,CLAEMD,1998
B98_138006,138006_B98,33.9561,-118.624,FEDERAL WATERS,,,CLAEMD,1998
B98_138303,138303_B98,34.0179,-118.653,LOS ANGELES,,,CLAEMD,1998
SCBPP_0032,0032_SCBPP,34.44773,-120.22302,SANTA BARBARA,,,SCCWRP,1994
SCBPP_0136,0136_SCBPP,34.40985,-119.94912,SANTA BARBARA,,,SCCWRP,1994
SCBPP_0150,0150_SCBPP,34.40588,-120.40885,SANTA BARBARA,,,SCCWRP,1994
6041_B08,B08-6041,32.64714,-117.11661,SAN DIEGO,,,CRGML,2008
6116_B08,B08-6116,32.68547,-117.1341,SAN DIEGO,,,CRGML,2008
6140_B08,B08-6140,32.70226,-117.16198,SAN DIEGO,,,CRGML,2008
6151_B08,B08-6151,32.7145,-117.23005,SAN DIEGO,,,CRGML,2008
6153_B08,B08-6153,32.71576,-117.23093,SAN DIEGO,,,CRGML,2008
6156_B08,B08-6156,32.7165,-117.19687,SAN DIEGO,,,CSD,2008
6161_B08,B08-6161,32.71867,-117.22571,SAN DIEGO,,,CRGML,2008
6174_B08,B08-6174,32.72619,-117.17706,SAN DIEGO,,,CSD,2008
6180_B08,B08-6180,32.72845,-117.20184,SAN DIEGO,,,CRGML,2008
6189_B08,B08-6189,32.75768,-117.24162,SAN DIEGO,,,CRGML,2008
6152_B08,B08-6152,32.71504,-117.18308,SAN DIEGO,,,CRGML,2008
6192_B08,B08-6192,32.75785,-117.22741,SAN DIEGO,,,CRGML,2008
6197_B08,B08-6197,32.75996,-117.22087,SAN DIEGO,,,CRGML,2008
6204_B08,B08-6204,32.7623,-117.23618,SAN DIEGO,,,CRGML,2008
6211_B08,B08-6211,32.76715,-117.23551,SAN DIEGO,,,CRGML,2008
6212_B08,B08-6212,32.76749,-117.2416,SAN DIEGO,,,CRGML,2008
6171_B08,B08-6171,32.72416,-117.22484,SAN DIEGO,,,CRGML,2008
6213_B08,B08-6213,32.76795,-117.24747,SAN DIEGO,,,CRGML,2008
6217_B08,B08-6217,32.78439,-117.2155,SAN DIEGO,,,CRGML,2008
6219_B08,B08-6219,32.78721,-117.20868,SAN DIEGO,,,CRGML,2008
6223_B08,B08-6223,32.79459,-117.21997,SAN DIEGO,,,CRGML,2008
6228_B08,B08-6228,32.93046,-117.24862,SAN DIEGO,,,CRGML,2008
6230_B08,B08-6230,32.93209,-117.2533,SAN DIEGO,,,CRGML,2008
6232_B08,B08-6232,32.9328,-117.2579,SAN DIEGO,,,CRGML,2008
6236_B08,B08-6236,32.93379,-117.2569,SAN DIEGO,,,NOAACOAST,2008
6181_B08,B08-6181,32.75681,-117.23538,SAN DIEGO,,,CRGML,2008
6239_B08,B08-6239,33.0077,-117.27092,SAN DIEGO,,,CRGML,2008
6200_B08,B08-6200,32.76041,-117.21034,SAN DIEGO,,,CRGML,2008
6244_B08,B08-6244,33.01405,-117.27968,SAN DIEGO,,,CRGML,2008
6245_B08,B08-6245,33.0143,-117.27695,SAN DIEGO,,,CRGML,2008
6250_B08,B08-6250,33.08775,-117.29287,SAN DIEGO,,,CRGML,2008
6251_B08,B08-6251,33.08812,-117.31052,SAN DIEGO,,,CRGML,2008
6252_B08,B08-6252,33.08852,-117.27261,SAN DIEGO,,,CRGML,2008
6216_B08,B08-6216,32.78093,-117.2496,SAN DIEGO,,,CRGML,2008
6253_B08,B08-6253,33.08855,-117.305,SAN DIEGO,,,CRGML,2008
6264_B08,B08-6264,33.09067,-117.28723,SAN DIEGO,,,CRGML,2008
6269_B08,B08-6269,33.13922,-117.33776,SAN DIEGO,,,CRGML,2008
6270_B08,B08-6270,33.13944,-117.31866,SAN DIEGO,,,CRGML,2008
6271_B08,B08-6271,33.14016,-117.32504,SAN DIEGO,,,CRGML,2008
6280_B08,B08-6280,33.14458,-117.32815,SAN DIEGO,,,CRGML,2008
6282_B08,B08-6282,33.14507,-117.3356,SAN DIEGO,,,CRGML,2008
6294_B08,B08-6294,33.20764,-117.39742,SAN DIEGO,,,CRGML,2008
6303_B08,B08-6303,33.23181,-117.41337,SAN DIEGO,,,CRGML,2008
6242_B08,B08-6242,33.0109,-117.26269,SAN DIEGO,,,CRGML,2008
6308_B08,B08-6308,33.23341,-117.41157,SAN DIEGO,,,NOAACOAST,2008
6311_B08,B08-6311,33.23441,-117.40897,SAN DIEGO,,,CRGML,2008
6314_B08,B08-6314,33.23541,-117.40748,SAN DIEGO,,,CRGML,2008
6243_B08,B08-6243,33.01132,-117.27332,SAN DIEGO,,,CRGML,2008
6317_B08,B08-6317,33.23558,-117.40562,SAN DIEGO,,,CRGML,2008
6320_B08,B08-6320,33.45894,-117.69773,ORANGE,,,CRGML,2008
6325_B08,B08-6325,33.46071,-117.70556,ORANGE,,,CRGML,2008
6327_B08,B08-6327,33.46092,-117.7023,ORANGE,,,CRGML,2008
6328_B08,B08-6328,33.46195,-117.70205,ORANGE,,,CRGML,2008
6335_B08,B08-6335,33.60268,-117.89683,ORANGE,,,OCSD,2008
6343_B08,B08-6343,33.6094,-117.90476,ORANGE,,,CRGML,2008
6344_B08,B08-6344,33.61023,-117.92412,ORANGE,,,OCSD,2008
6354_B08,B08-6354,33.63333,-117.88773,ORANGE,,,CSD,2008
6362_B08,B08-6362,33.64585,-117.88895,ORANGE,,,CRGML,2008
6363_B08,B08-6363,33.64658,-117.8834,ORANGE,,,CRGML,2008
6291_B08,B08-6291,33.20693,-117.39351,SAN DIEGO,,,CRGML,2008
6372_B08,B08-6372,33.68706,-118.03397,ORANGE,,,CSD,2008
6375_B08,B08-6375,33.69115,-118.0419,ORANGE,,,CSD,2008
6382_B08,B08-6382,33.70325,-118.04919,ORANGE,,,CSD,2008
6383_B08,B08-6383,33.70781,-118.26975,LOS ANGELES,,,CRGML,2008
6384_B08,B08-6384,33.70899,-118.26202,LOS ANGELES,,,CRGML,2008
6386_B08,B08-6386,33.71205,-118.25789,LOS ANGELES,,,CRGML,2008
6350_B08,B08-6350,33.61891,-117.92728,ORANGE,,,OCSD,2008
6355_B08,B08-6355,33.63664,-117.95407,ORANGE,,,NOAACOAST,2008
6404_B08,B08-6404,33.72421,-118.22423,LOS ANGELES,,,CRGML,2008
6405_B08,B08-6405,33.72657,-118.23239,LOS ANGELES,,,CRGML,2008
6406_B08,B08-6406,33.72736,-118.07909,ORANGE,,,NOAACOAST,2008
B18-10091,B18-10091,33.76245,-118.220433,LOS ANGELES,,,SCCWRP,2018
B18-10092,B18-10092,33.759683,-118.260583,LOS ANGELES,,,SCCWRP,2018
B18-10093,B18-10093,33.753367,-118.188083,LOS ANGELES,,,SCCWRP,2018
B18-10094,B18-10094,33.7527,-118.2180833,LOS ANGELES,,,SCCWRP,2018
B18-10095,B18-10095,33.751033,-118.2308,LOS ANGELES,,,SCCWRP,2018
B18-10097,B18-10097,33.74495,-118.2072,LOS ANGELES,,,SCCWRP,2018
B18-10098,B18-10098,33.742283,-118.274167,LOS ANGELES,,,SCCWRP,2018
B18-10099,B18-10099,33.74,-118.276183,LOS ANGELES,,,SCCWRP,2018
B18-10100,B18-10100,33.7396,-118.2043833,LOS ANGELES,,,SCCWRP,2018
B18-10101,B18-10101,33.73891667,-118.2104,LOS ANGELES,,,SCCWRP,2018
B18-10102,B18-10102,33.738133,-118.229217,LOS ANGELES,,,SCCWRP,2018
B18-10103,B18-10103,33.737383,-118.266083,LOS ANGELES,,,SCCWRP,2018
B18-10105,B18-10105,33.73165,-118.181083,LOS ANGELES,,,SCCWRP,2018
B18-10106,B18-10106,33.7311,-118.192083,LOS ANGELES,,,SCCWRP,2018
B18-10107,B18-10107,33.72896667,-118.2337333,LOS ANGELES,,,SCCWRP,2018
B18-10108,B18-10108,33.723867,-118.262117,LOS ANGELES,,,SCCWRP,2018
B18-10109,B18-10109,33.71975,-118.2317667,LOS ANGELES,,,SCCWRP,2018
B18-10110,B18-10110,33.719083,-118.244983,LOS ANGELES,,,SCCWRP,2018
B18-10111,B18-10111,33.71763,-118.26845,LOS ANGELES,,,SCCWRP,2018
B18-10146,B18-10146,33.96393,-118.45195,LOS ANGELES,,,SCCWRP,2018
B18-10148,B18-10148,33.77783,-118.20531,LOS ANGELES,,,SCCWRP,2018
B18-10149,B18-10149,33.76635,-118.10438,LOS ANGELES,,,SCCWRP,2018
B18-10150,B18-10150,33.76144,-118.2001,LOS ANGELES,,,SCCWRP,2018
B18-10151,B18-10151,33.75301,-118.10528,LOS ANGELES,,,SCCWRP,2018
B18-10184,B18-10184,34.27683,-119.30746,VENTURA,,,SCCWRP,2018
B18-10188,B18-10188,33.97929,-118.42496,LOS ANGELES,,,SCCWRP,2018
B18-10192,B18-10192,33.38717,-117.59338,SAN DIEGO,,,SCCWRP,2018
B18-10213,B18-10213,34.17873,-119.34684,OOS,,,SCCWRP,2018
B18-10215,B18-10215,34.10128,-119.151108,VENTURA,,,SCCWRP,2018
B18-10216,B18-10216,34.03668,-118.91671,LOS ANGELES,,,SCCWRP,2018
B18-10218,B18-10218,34.02313333,-118.5936167,LOS ANGELES,,,SCCWRP,2018
B18-10219,B18-10219,33.9623,-118.4760667,LOS ANGELES,,,SCCWRP,2018
B18-10220,B18-10220,33.73347092,-118.1220703,LOS ANGELES,,,SCCWRP,2018
B18-10222,B18-10222,33.71020889,-118.2218094,LOS ANGELES,,,SCCWRP,2018
B18-10223,B18-10223,33.70513916,-118.1918488,LOS ANGELES,,,SCCWRP,2018
B18-10224,B18-10224,33.69525,-118.29598,LOS ANGELES,,,SCCWRP,2018
B18-10226,B18-10226,33.64360046,-118.0787582,OOS,,,SCCWRP,2018
B18-10227,B18-10227,33.62776184,-117.9875488,ORANGE,,,SCCWRP,2018
B18-10228,B18-10228,33.61899948,-118.0417786,ORANGE,,,SCCWRP,2018
B18-10229,B18-10229,33.52082825,-117.7702332,ORANGE,,,SCCWRP,2018
B18-10230,B18-10230,33.43069077,-117.6582336,ORANGE,,,SCCWRP,2018
B18-10250,B18-10250,34.0528,-119.0490667,VENTURA,,,SCCWRP,2018
B18-10252,B18-10252,33.9864,-118.6220167,LOS ANGELES,,,SCCWRP,2018
B18-10253,B18-10253,33.94383333,-118.5198333,LOS ANGELES,,,SCCWRP,2018
B18-10255,B18-10255,33.86583333,-118.5281,OOS,,,SCCWRP,2018
B18-10257,B18-10257,33.84823333,-118.5678167,OOS,,,SCCWRP,2018
B18-10258,B18-10258,33.64805984,-118.14888,OOS,,,SCCWRP,2018
B18-10259,B18-10259,33.62118149,-118.1944809,OOS,,,SCCWRP,2018
B18-10260,B18-10260,33.60198975,-118.0566101,OOS,,,SCCWRP,2018
B18-10262,B18-10262,33.59486008,-118.194397,OOS,,,SCCWRP,2018
B18-10263,B18-10263,33.59231186,-117.9253082,ORANGE,,,SCCWRP,2018
B18-10264,B18-10264,33.51208878,-117.7713471,ORANGE,,,SCCWRP,2018
B18-10282,B18-10282,34.30788,-119.71282,OOS,,,SCCWRP,2018
B18-10283,B18-10283,34.2778,-119.71835,OOS,,,SCCWRP,2018
B18-10284,B18-10284,34.27241,-119.65734,OOS,,,SCCWRP,2018
B18-10285,B18-10285,34.26087,-119.7673,OOS,,,SCCWRP,2018
B18-10286,B18-10286,34.24398,-119.70575,OOS,,,SCCWRP,2018
B18-10287,B18-10287,34.23294,-119.70663,OOS,,,SCCWRP,2018
B18-10288,B18-10288,34.2303,-119.68725,OOS,,,SCCWRP,2018
B18-10289,B18-10289,34.22411,-119.6061,OOS,,,SCCWRP,2018
B18-10291,B18-10291,34.1969,-119.57137,OOS,,,SCCWRP,2018
B18-10292,B18-10292,34.19564,-119.63729,OOS,,,SCCWRP,2018
B18-10293,B18-10293,34.16894,-119.46091,OOS,,,SCCWRP,2018
B18-10303,B18-10303,34.04463333,-119.05545,VENTURA,,,SCCWRP,2018
6407_B08,B08-6407,33.72766,-118.15792,LOS ANGELES,,,CLAEMD,2008
6411_B08,B08-6411,33.72857,-118.15722,LOS ANGELES,,,CRGML,2008
6413_B08,B08-6413,33.7291,-118.2338,LOS ANGELES,,,CRGML,2008
6416_B08,B08-6416,33.731,-118.22339,LOS ANGELES,,,CRGML,2008
6419_B08,B08-6419,33.73118,-118.19192,LOS ANGELES,,,CRGML,2008
6424_B08,B08-6424,33.73249,-118.2532,LOS ANGELES,,,CRGML,2008
6428_B08,B08-6428,33.73426,-118.23149,LOS ANGELES,,,CRGML,2008
6387_B08,B08-6387,33.71351,-118.24162,LOS ANGELES,,,CRGML,2008
6402_B08,B08-6402,33.72387,-118.26265,LOS ANGELES,,,CRGML,2008
6432_B08,B08-6432,33.73589,-118.18046,LOS ANGELES,,,CRGML,2008
6436_B08,B08-6436,33.73898,-118.13493,LOS ANGELES,,,CLAEMD,2008
6437_B08,B08-6437,33.73992,-118.17122,LOS ANGELES,,,CRGML,2008
6438_B08,B08-6438,33.7401,-118.08435,ORANGE,,,LACSD,2008
6442_B08,B08-6442,33.74202,-118.11713,ORANGE,,,LACSD,2008
B98_110001,110001_B98,33.1141,-117.333,SAN DIEGO,,,MEC,1998
B98_110101,110101_B98,33.1186,-117.335,SAN DIEGO,,,MEC,1998
B98_120101,120101_B98,33.5926,-117.888,ORANGE,,,OCSD,1998
B98_120201,120201_B98,33.5962,-117.898,ORANGE,,,OCSD,1998
B98_110901,110901_B98,33.1685,-117.373,SAN DIEGO,,,MEC,1998
B98_120203,120203_B98,33.5799,-117.907,ORANGE,,,OCSD,1998
B98_111003,111003_B98,33.161,-117.394,SAN DIEGO,,,MEC,1998
B98_121002,121002_B98,33.5939,-117.937,ORANGE,,,OCSD,1998
B98_121003,121003_B98,33.5848,-117.945,ORANGE,,,OCSD,1998
B98_111102,111102_B98,33.17,-117.389,SAN DIEGO,,,MEC,1998
B98_121001,121001_B98,33.6031,-117.929,ORANGE,,,OCSD,1998
B98_121004,121004_B98,33.57,-117.957,ORANGE,,,OCSD,1998
B98_121005,121005_B98,33.5551,-117.969,FEDERAL WATERS,,,OCSD,1998
B98_121006,121006_B98,33.5403,-117.981,FEDERAL WATERS,,,OCSD,1998
B98_121803,121803_B98,33.5949,-117.962,ORANGE,,,OCSD,1998
B98_121801,121801_B98,33.6146,-117.946,ORANGE,,,OCSD,1998
B98_121802,121802_B98,33.6045,-117.954,ORANGE,,,OCSD,1998
B98_121902,121902_B98,33.6099,-117.963,ORANGE,,,OCSD,1998
B98_121903,121903_B98,33.6001,-117.971,ORANGE,,,OCSD,1998
B98_122003,122003_B98,33.6052,-117.98,ORANGE,,,OCSD,1998
B98_122004,122004_B98,33.5904,-117.992,ORANGE,,,OCSD,1998
B98_122005,122005_B98,33.5756,-118.005,FEDERAL WATERS,,,OCSD,1998
B98_122103,122103_B98,33.6103,-117.989,ORANGE,,,OCSD,1998
B98_123001,123001_B98,33.6429,-118.001,ORANGE,,,OCSD,1998
B98_123005,123005_B98,33.596,-118.04,FEDERAL WATERS,,,OCSD,1998
B98_124003,124003_B98,33.6461,-118.051,ORANGE,,,OCSD,1998
B98_124501,124501_B98,33.6912,-118.066,ORANGE,,,OCSD,1998
B98_124504,124504_B98,33.6516,-118.099,FEDERAL WATERS,,,OCSD,1998
B98_135001,135001_B98,33.9314,-118.448,LOS ANGELES,,,CLAEMD,1998
B98_135003,135003_B98,33.9239,-118.473,LOS ANGELES,,,CLAEMD,1998
B98_136002,136002_B98,33.9556,-118.478,LOS ANGELES,,,CLAEMD,1998
B98_136101,136101_B98,33.9671,-118.472,LOS ANGELES,,,CLAEMD,1998
B98_136103,136103_B98,33.9588,-118.492,LOS ANGELES,,,CLAEMD,1998
B98_137001,137001_B98,33.9861,-118.486,LOS ANGELES,,,CLAEMD,1998
B98_138301,138301_B98,34.0359,-118.654,LOS ANGELES,,,CLAEMD,1998
B98_138302,138302_B98,34.0271,-118.654,LOS ANGELES,,,CLAEMD,1998
B98_138502,138502_B98,34.0228,-118.675,LOS ANGELES,,,CLAEMD,1998
SCBPP_0161,0161_SCBPP,34.40383,-119.78115,SANTA BARBARA,,,SCCWRP,1994
SCBPP_0297,0297_SCBPP,34.36495,-119.54235,SANTA BARBARA,,,SCCWRP,1994
SCBPP_0366,0366_SCBPP,34.33748,-119.44682,VENTURA,,,SCCWRP,1994
SCBPP_0460,0460_SCBPP,34.29385,-119.60048,FEDERAL WATERS,,,SCCWRP,1994
SCBPP_0474,0474_SCBPP,34.28665,-119.5107,FEDERAL WATERS,,,SCCWRP,1994
SCBPP_0502,0502_SCBPP,34.27315,-119.40943,VENTURA,,,SCCWRP,1994
SCBPP_0552,0552_SCBPP,34.25013,-119.28585,VENTURA,,,SCCWRP,1994
SCBPP_0661,0661_SCBPP,34.20527,-119.50637,FEDERAL WATERS,,,SCCWRP,1994
SCBPP_0830,0830_SCBPP,34.08078,-119.16953,VENTURA,,,SCCWRP,1994
SCBPP_0859,0859_SCBPP,34.05868,-119.20637,FEDERAL WATERS,,,SCCWRP,1994
SCBPP_0894,0894_SCBPP,34.02483,-118.66533,LOS ANGELES,,,CLAEMD,1994
SCBPP_0897,0897_SCBPP,34.02433,-118.59733,LOS ANGELES,,,CLAEMD,1994
SCBPP_0899,0899_SCBPP,34.02317,-118.61033,LOS ANGELES,,,CLAEMD,1994
SCBPP_0921,0921_SCBPP,34.01312,-118.93952,LOS ANGELES,,,SCCWRP,1994
SCBPP_1014,1014_SCBPP,33.97417,-118.55883,FEDERAL WATERS,,,CLAEMD,1994
SCBPP_1065,1065_SCBPP,33.92317,-118.50267,LOS ANGELES,,,CLAEMD,1994
SCBPP_1096,1096_SCBPP,33.89383,-118.51917,FEDERAL WATERS,,,CLAEMD,1994
SCBPP_1108,1108_SCBPP,33.88283,-118.49717,FEDERAL WATERS,,,CLAEMD,1994
SCBPP_1119,1119_SCBPP,33.87217,-118.46367,LOS ANGELES,,,CLAEMD,1994
SCBPP_1121,1121_SCBPP,33.871,-118.49133,FEDERAL WATERS,,,CLAEMD,1994
SCBPP_1129,1129_SCBPP,33.86517,-118.52033,FEDERAL WATERS,,,CLAEMD,1994
SCBPP_1150,1150_SCBPP,33.84767,-118.5515,FEDERAL WATERS,,,CLAEMD,1994
SCBPP_1170,1170_SCBPP,33.82975,-118.44917,LOS ANGELES,,,LACSD,1994
SCBPP_1173,1173_SCBPP,33.8258,-118.41622,LOS ANGELES,,,LACSD,1994
SCBPP_1227,1227_SCBPP,33.71783,-118.16028,LOS ANGELES,,,LACSD,1994
SCBPP_1272,1272_SCBPP,33.68687,-118.09065,ORANGE,,,OCSD,1994
SCBPP_1300,1300_SCBPP,33.6664,-118.10862,FEDERAL WATERS,,,OCSD,1994
SCBPP_1306,1306_SCBPP,33.665,-118.04593,ORANGE,,,OCSD,1994
SCBPP_1312,1312_SCBPP,33.65978,-118.13113,FEDERAL WATERS,,,LACSD,1994
SCBPP_1406,1406_SCBPP,33.6034,-118.05022,FEDERAL WATERS,,,OCSD,1994
SCBPP_1560,1560_SCBPP,33.33817,-117.61928,FEDERAL WATERS,,,OCSD,1994
SCBPP_1570,1570_SCBPP,33.32263,-117.58872,FEDERAL WATERS,,,OCSD,1994
SCBPP_1684,1684_SCBPP,33.07098,-117.31602,SAN DIEGO,,,OCSD,1994
SCBPP_1734,1734_SCBPP,32.885,-117.27217,SAN DIEGO,,,CSD,1994
SCBPP_1767,1767_SCBPP,32.805,-117.34683,FEDERAL WATERS,,,CSD,1994
SCBPP_1780,1780_SCBPP,32.78417,-117.26817,SAN DIEGO,,,CSD,1994
SCBPP_1793,1793_SCBPP,32.76583,-117.27367,SAN DIEGO,,,CSD,1994
SCBPP_1799,1799_SCBPP,32.75483,-117.26917,SAN DIEGO,,,CSD,1994
SCBPP_1825,1825_SCBPP,32.70767,-117.30433,SAN DIEGO,,,CSD,1994
6155_B08,B08-6155,32.71608,-117.17615,SAN DIEGO,,,CRGML,2008
6229_B08,B08-6229,32.93151,-117.25094,SAN DIEGO,,,CRGML,2008
6288_B08,B08-6288,33.20485,-117.39075,SAN DIEGO,,,CRGML,2008
6444_B08,B08-6444,33.74233,-118.15301,LOS ANGELES,,,CLAEMD,2008
6446_B08,B08-6446,33.74335,-118.20498,LOS ANGELES,,,CRGML,2008
6447_B08,B08-6447,33.74337,-118.16549,LOS ANGELES,,,CLAEMD,2008
6449_B08,B08-6449,33.74509,-118.23829,LOS ANGELES,,,CRGML,2008
6451_B08,B08-6451,33.74585,-118.08255,ORANGE,,,CLAEMD,2008
6460_B08,B08-6460,33.75007,-118.22494,LOS ANGELES,,,CRGML,2008
6462_B08,B08-6462,33.75069,-118.17608,LOS ANGELES,,,CRGML,2008
6466_B08,B08-6466,33.75274,-118.21773,LOS ANGELES,,,CRGML,2008
6468_B08,B08-6468,33.75355,-118.10551,LOS ANGELES,,,CSD,2008
6472_B08,B08-6472,33.75536,-118.12987,LOS ANGELES,,,CSD,2008
6478_B08,B08-6478,33.75964,-118.16271,LOS ANGELES,,,NOAACOAST,2008
6485_B08,B08-6485,33.76563,-118.10257,LOS ANGELES,,,NOAACOAST,2008
6443_B08,B08-6443,33.74219,-118.20581,LOS ANGELES,,,CRGML,2008
6487_B08,B08-6487,33.76623,-118.27732,LOS ANGELES,,,CRGML,2008
6489_B08,B08-6489,33.7668,-118.24909,LOS ANGELES,,,CRGML,2008
6500_B08,B08-6500,33.78073,-118.20585,LOS ANGELES,,,CSD,2008
6448_B08,B08-6448,33.7442,-118.16867,LOS ANGELES,,,CRGML,2008
6450_B08,B08-6450,33.74555,-118.21575,LOS ANGELES,,,CRGML,2008
6508_B08,B08-6508,33.96283,-118.45337,LOS ANGELES,,,ABCL,2008
6467_B08,B08-6467,33.75334,-118.22415,LOS ANGELES,,,CRGML,2008
6513_B08,B08-6513,33.9643,-118.45345,LOS ANGELES,,,ABCL,2008
6518_B08,B08-6518,33.97031,-118.4482,LOS ANGELES,,,ABCL,2008
6520_B08,B08-6520,33.97134,-118.43959,LOS ANGELES,,,NOAACOAST,2008
6482_B08,B08-6482,33.76342,-118.25095,LOS ANGELES,,,CRGML,2008
6527_B08,B08-6527,33.98101,-118.44205,LOS ANGELES,,,ABCL,2008
6539_B08,B08-6539,34.10464,-119.11205,VENTURA,,,CSD,2008
6543_B08,B08-6543,34.11472,-119.0944,VENTURA,,,CSD,2008
6493_B08,B08-6493,33.76988,-118.21699,LOS ANGELES,,,CRGML,2008
6549_B08,B08-6549,34.1712,-119.2235,VENTURA,,,ABCL,2008
6553_B08,B08-6553,34.18464,-119.2309,VENTURA,,,ABCL,2008
6560_B08,B08-6560,34.24867,-119.26405,VENTURA,,,ABCL,2008
6562_B08,B08-6562,34.42176,-119.82931,SANTA BARBARA,,,NOAACOAST,2008
6570_B08,B08-6570,32.658,-117.12265,SAN DIEGO,,,CRGML,2008
6572_B08,B08-6572,32.66889,-117.12862,SAN DIEGO,,,CRGML,2008
6649_B08,B08-6649,33.97793,-118.45258,LOS ANGELES,,,CRGML,2008
6659_B08,B08-6659,32.64776,-117.11995,SAN DIEGO,,,CRGML,2008
6530_B08,B08-6530,33.98331,-118.45055,LOS ANGELES,,,ABCL,2008
6660_B08,B08-6660,32.65607,-117.12244,SAN DIEGO,,,CRGML,2008
SCBPP_1871,1871_SCBPP,32.642,-117.31167,FEDERAL WATERS,,,CSD,1994
SCBPP_1892,1892_SCBPP,32.6275,-117.2745,SAN DIEGO,,,CSD,1994
SCBPP_1937,1937_SCBPP,32.595,-117.20767,FEDERAL WATERS,,,CSD,1994
SCBPP_2001,2001_SCBPP,32.5455,-117.2325,FEDERAL WATERS,,,CSD,1994
B98_104001,104001_B98,32.6664,-117.229,SAN DIEGO,,,CSD,1998
B98_105001,105001_B98,32.6556,-117.242,SAN DIEGO,,,CSD,1998
B98_109001,109001_B98,33.0078,-117.287,SAN DIEGO,,,MEC,1998
B98_111001,111001_B98,33.1719,-117.377,SAN DIEGO,,,MEC,1998
B98_111101,111101_B98,33.1753,-117.38,SAN DIEGO,,,MEC,1998
B98_113202,113202_B98,33.2353,-117.447,SAN DIEGO,,,MEC,1998
SC1-2,Daylight of Cascadita Channel,33.442455,-117.641938,ORANGE,,,OCPW,2023
PDCM01,Prima Deshecha channel at Calle Grande Vista,33.445371202,-117.644336156,ORANGE,,,OCPW,2023
POCHEz,Poche Beach Point Zero,33.44063593,-117.6455844,ORANGE,,,OCPW,2023
SCM1,Salt Creek Mouth,33.48119,-117.7249,ORANGE,,,OCPW,2023
SCM1uin,SCM1 Outlet Influent,33.48166,-117.72419,ORANGE,,,OCPW,2023
SCM1z,Salt Creek Mouth Point Zero,33.48129348,-117.7251575,ORANGE,,,OCPW,2023
2289_B98,B98_2289,33.1032,-117.3581,SAN DIEGO,,,EPARD,1998
2293_B98,B98_2293,32.9998,-117.2924,SAN DIEGO,,,CRGML,1998
2301_B98,B98_2301,34.401,-119.8328,SANTA BARBARA,,,CAS,1998
2306_B98,B98_2306,33.9359,-118.453,LOS ANGELES,,,CLAEMD,1998
2314_B98,B98_2314,34.0271,-118.6826,LOS ANGELES,,,CLAEMD,1998
2340_B98,B98_2340,34.265,-119.3408,VENTURA,,,CRGML,1998
2341_B98,B98_2341,34.08835,-119.15133,VENTURA,,,CRGML,1998
2343_B98,B98_2343,34.02442,-118.8518,LOS ANGELES,,,CRGML,1998
2346_B98,B98_2346,33.49405,-117.77713,ORANGE,,,CRGML,1998
2350_B98,B98_2350,32.88868,-117.27772,SAN DIEGO,,,CSD,1998
2352_B98,B98_2352,32.54203,-117.19023,FEDERAL WATERS,,,CSD,1998
2372_B98,B98_2372,34.23981,-119.60213,FEDERAL WATERS,,,CSD,1998
2384_B98,B98_2384,33.93014,-118.50469,LOS ANGELES,,,CLAEMD,1998
2385_B98,B98_2385,33.90638,-118.45707,LOS ANGELES,,,CLAEMD,1998
2402_B98,B98_2402,33.55758,-117.82971,ORANGE,,,SCCWRP,1998
2405_B98,B98_2405,33.29445,-117.55956,FEDERAL WATERS,,,EPARD,1998
2415_B98,B98_2415,32.65863,-117.18214,SAN DIEGO,,,CSD,1998
2421_B98,B98_2421,33.76646,-118.24132,LOS ANGELES,,,CRGML,1998
2433_B98,B98_2433,32.72239,-117.2095,SAN DIEGO,,,CSD,1998
2439_B98,B98_2439,32.72603,-117.18946,SAN DIEGO,,,CSD,1998
2445_B98,B98_2445,33.97833,-118.45551,LOS ANGELES,,,OCSD,1998
4009_B03,B03_4009,33.46418,-117.91914,FEDERAL WATERS,,,CSD,2003
4040_B03,B03_4040,33.15278,-117.38742,SAN DIEGO,,,CRGML,2003
4042_B03,B03_4042,33.69541,-118.29616,LOS ANGELES,,,LACSD,2003
4047_B03,B03_4047,34.39548,-119.66218,SANTA BARBARA,,,CRGML,2003
4057_B03,B03_4057,33.97774,-118.62712,FEDERAL WATERS,,,CLAEMD,2003
4077_B03,B03_4077,33.92197,-118.52053,FEDERAL WATERS,,,CLAEMD,2003
4085_B03,B03_4085,33.9643,-118.45345,LOS ANGELES,,,CRGML,2003
4091_B03,B03_4091,34.14379,-120.17822,FEDERAL WATERS,,,CRGML,2003
4092_B03,B03_4092,32.72427,-117.18276,SAN DIEGO,,,CSD,2003
4096_B03,B03_4096,33.26991,-117.56485,FEDERAL WATERS,,,CRGML,2003
4183_B03,B03_4183,34.39989,-119.83052,SANTA BARBARA,,,CRGML,2003
4201_B03,B03_4201,33.53686,-117.84848,ORANGE,,,OCSD,2003
4215_B03,B03_4215,34.40245,-119.81198,SANTA BARBARA,,,CRGML,2003
4221_B03,B03_4221,33.62364,-117.88599,ORANGE,,,CRGML,2003
4240_B03,B03_4240,33.12841,-117.41203,FEDERAL WATERS,,,CRGML,2003
4253_B03,B03_4253,34.12034,-119.18962,VENTURA,,,CRGML,2003
4262_B03,B03_4262,33.84305,-118.39579,LOS ANGELES,,,LACSD,2003
4273_B03,B03_4273,33.64223,-117.95243,ORANGE,,,CRGML,2003
4276_B03,B03_4276,32.78612,-117.25065,SAN DIEGO,,,CSD,2003
4315_B03,B03_4315,34.46529,-120.12961,SANTA BARBARA,,,CRGML,2003
4318_B03,B03_4318,33.46323,-117.70382,ORANGE,,,OCSD,2003
4363_B03,B03_4363,33.97749,-119.92153,SANTA BARBARA,,,CSD,2003
4913_B03,B03_4913,33.96249,-119.58506,SANTA BARBARA,,,CSD,2003
5034_B03,B03_5034,32.65973,-117.41446,FEDERAL WATERS,,,CSD,2003
B03W056_B03,B03_B03W056,33.69125,-118.06573,ORANGE,,,USC,2003
B03_B03W029,B03W029_B03,33.58892,-117.8782,ORANGE,,,OCSD,2003
B03_B03W033,B03W033_B03,33.59618,-117.89803,ORANGE,,,OCSD,2003
B03_B03W101,B03W101_B03,33.9887,-118.5273,LOS ANGELES,,,CLAEMD,2003
B03_B03W182,B03W182_B03,33.7377,-118.1313,LOS ANGELES,,,MEC,2003
B03_CORTEZ SHORE,CORTEZ SHORE_B03,32.57269,-117.13268,SAN DIEGO,,,CSD,2003
B03_SAR 225 L,SAR 225 L_B03,33.62754,-117.9565,ORANGE,,,OCSD,2003
B03_TM 450 R,TM 450 R_B03,33.63274,-117.96602,ORANGE,,,OCSD,2003
6045_B08,B08-6045,32.64828,-117.11623,SAN DIEGO,,,CRGML,2008
7009_B08,B08-7009,32.58938,-117.26361,FEDERAL WATERS,,,CSD,2008
7029_B08,B08-7029,32.63637,-117.41743,FEDERAL WATERS,,,CSD,2008
7044_B08,B08-7044,32.66354,-117.20016,SAN DIEGO,,,NOAACOAST,2008
6546_B08,B08-6546,34.15284,-119.20991,VENTURA,,,ABCL,2008
7048_B08,B08-7048,32.67923,-117.44339,FEDERAL WATERS,,,CSD,2008
7069_B08,B08-7069,32.71136,-117.38791,FEDERAL WATERS,,,NOAACOAST,2008
7070_B08,B08-7070,32.72998,-117.48206,FEDERAL WATERS,,,CSD,2008
7079_B08,B08-7079,32.74507,-117.42713,FEDERAL WATERS,,,CSD,2008
7091_B08,B08-7091,32.79631,-117.26563,SAN DIEGO,,,CSD,2008
7098_B08,B08-7098,32.84963,-117.35444,FEDERAL WATERS,,,CSD,2008
7100_B08,B08-7100,32.82789,-117.44233,FEDERAL WATERS,,,CSD,2008
7122_B08,B08-7122,33.08807,-117.35098,SAN DIEGO,,,NOAACOAST,2008
7123_B08,B08-7123,33.09375,-117.41715,FEDERAL WATERS,,,CRGML,2008
7128_B08,B08-7128,33.10513,-117.36191,SAN DIEGO,,,CRGML,2008
7155_B08,B08-7155,33.2098,-118.08101,FEDERAL WATERS,,,OCSD,2008
7158_B08,B08-7158,33.22069,-117.51202,FEDERAL WATERS,,,CRGML,2008
7159_B08,B08-7159,33.22288,-117.41733,SAN DIEGO,,,CRGML,2008
7165_B08,B08-7165,33.26247,-117.56476,FEDERAL WATERS,,,OCSD,2008
6661_B08,B08-6661,32.65747,-117.12274,SAN DIEGO,,,CRGML,2008
7166_B08,B08-7166,33.26553,-117.53393,FEDERAL WATERS,,,OCSD,2008
7168_B08,B08-7168,33.27417,-118.08588,FEDERAL WATERS,,,OCSD,2008
7002_B08,B08-7002,32.55081,-117.19931,FEDERAL WATERS,,,NOAACOAST,2008
7173_B08,B08-7173,33.29897,-117.77856,FEDERAL WATERS,,,OCSD,2008
7174_B08,B08-7174,33.31582,-117.63862,FEDERAL WATERS,,,OCSD,2008
7175_B08,B08-7175,33.3175,-118.16009,FEDERAL WATERS,,,NOAACOAST,2008
7021_B08,B08-7021,32.61335,-117.1779,SAN DIEGO,,,CSD,2008
7032_B08,B08-7032,32.64377,-117.34108,FEDERAL WATERS,,,CSD,2008
7045_B08,B08-7045,32.67054,-117.37446,FEDERAL WATERS,,,CSD,2008
7056_B08,B08-7056,32.68395,-117.37729,FEDERAL WATERS,,,CSD,2008
7193_B08,B08-7193,33.43037,-117.74519,ORANGE,,,OCSD,2008
7207_B08,B08-7207,33.46418,-117.91914,FEDERAL WATERS,,,NOAACOAST,2008
7208_B08,B08-7208,33.46444,-117.76246,ORANGE,,,OCSD,2008
7212_B08,B08-7212,33.48685,-118.42354,FEDERAL WATERS,,,LACSD,2008
7092_B08,B08-7092,32.80048,-117.56625,FEDERAL WATERS,,,CSD,2008
7215_B08,B08-7215,33.49911,-117.75286,ORANGE,,,OCSD,2008
7231_B08,B08-7231,33.5214,-117.7698,ORANGE,,,OCSD,2008
7096_B08,B08-7096,32.82587,-117.38585,FEDERAL WATERS,,,CSD,2008
7236_B08,B08-7236,33.53686,-117.84848,ORANGE,,,OCSD,2008
7241_B08,B08-7241,33.55138,-118.10198,FEDERAL WATERS,,,OCSD,2008
7250_B08,B08-7250,33.57762,-118.68437,FEDERAL WATERS,,,LACSD,2008
7251_B08,B08-7251,33.57929,-118.32888,FEDERAL WATERS,,,LACSD,2008
7269_B08,B08-7269,33.60185,-118.05647,FEDERAL WATERS,,,OCSD,2008
7287_B08,B08-7287,33.62105,-118.19507,FEDERAL WATERS,,,NOAACOAST,2008
7293_B08,B08-7293,33.6278,-117.9872,ORANGE,,,OCSD,2008
7300_B08,B08-7300,33.643,-118.07835,FEDERAL WATERS,,,OCSD,2008
7301_B08,B08-7301,33.648,-118.1495,FEDERAL WATERS,,,LACSD,2008
7312_B08,B08-7312,33.67918,-118.14037,LOS ANGELES,,,LACSD,2008
7313_B08,B08-7313,33.68192,-118.19304,LOS ANGELES,,,LACSD,2008
7167_B08,B08-7167,33.26991,-117.56485,FEDERAL WATERS,,,OCSD,2008
7355_B08,B08-7355,33.733,-118.1215,LOS ANGELES,,,LACSD,2008
7395_B08,B08-7395,33.76682,-118.46048,LOS ANGELES,,,LACSD,2008
7405_B08,B08-7405,33.83735,-120.0097,FEDERAL WATERS,,,CSD,2008
7185_B08,B08-7185,33.40608,-117.67847,ORANGE,,,NOAACOAST,2008
7415_B08,B08-7415,33.85649,-118.51605,FEDERAL WATERS,,,CLAEMD,2008
7206_B08,B08-7206,33.46387,-118.39468,LOS ANGELES,,,LACSD,2008
7438_B08,B08-7438,33.91281,-119.9476,SANTA BARBARA,,,CSD,2008
7235_B08,B08-7235,33.53276,-119.04797,SANTA BARBARA,,,CSD,2008
7456_B08,B08-7456,33.93764,-119.76309,SANTA BARBARA,,,CSD,2008
7458_B08,B08-7458,33.93888,-118.55849,FEDERAL WATERS,,,NOAACOAST,2008
7253_B08,B08-7253,33.57957,-118.13934,FEDERAL WATERS,,,OCSD,2008
7461_B08,B08-7461,33.94372,-118.51978,LOS ANGELES,,,CLAEMD,2008
7475_B08,B08-7475,33.96516,-119.8526,SANTA BARBARA,,,CSD,2008
7479_B08,B08-7479,33.97086,-118.7277,FEDERAL WATERS,,,CLAEMD,2008
7493_B08,B08-7493,33.99461,-120.33736,SANTA BARBARA,,,CSD,2008
7494_B08,B08-7494,33.99574,-119.54551,SANTA BARBARA,,,CSD,2008
7298_B08,B08-7298,33.63954,-118.16601,FEDERAL WATERS,,,LACSD,2008
7506_B08,B08-7506,34.01145,-120.4746,SANTA BARBARA,,,CSD,2008
7517_B08,B08-7517,34.02321,-118.59282,LOS ANGELES,,,CLAEMD,2008
7518_B08,B08-7518,34.03101,-119.4229,VENTURA,,,CSD,2008
7522_B08,B08-7522,34.03663,-118.91685,LOS ANGELES,,,ABCL,2008
7527_B08,B08-7527,34.0421,-119.94706,SANTA BARBARA,,,CSD,2008
7550_B08,B08-7550,34.07332,-119.13908,VENTURA,,,NOAACOAST,2008
7551_B08,B08-7551,34.0754,-119.74853,SANTA BARBARA,,,CSD,2008
7553_B08,B08-7553,34.07693,-120.06498,SANTA BARBARA,,,CSD,2008
7555_B08,B08-7555,34.07876,-119.51005,SANTA BARBARA,,,CSD,2008
7556_B08,B08-7556,34.07896,-119.70119,SANTA BARBARA,,,CSD,2008
7557_B08,B08-7557,34.08006,-119.05977,VENTURA,,,NOAACOAST,2008
7572_B08,B08-7572,34.10112,-119.15082,VENTURA,,,ABCL,2008
7439_B08,B08-7439,33.91313,-120.22178,SANTA BARBARA,,,CSD,2008
7442_B08,B08-7442,33.92059,-119.95171,SANTA BARBARA,,,CSD,2008
7573_B08,B08-7573,34.10163,-120.14239,FEDERAL WATERS,,,CLAEMD,2008
7586_B08,B08-7586,34.113,-120.02598,FEDERAL WATERS,,,CSD,2008
7596_B08,B08-7596,34.12507,-119.19268,VENTURA,,,ABCL,2008
7477_B08,B08-7477,33.96712,-118.64768,FEDERAL WATERS,,,CLAEMD,2008
7607_B08,B08-7607,34.13869,-119.3456,FEDERAL WATERS,,,CSD,2008
7617_B08,B08-7617,34.15836,-119.82763,FEDERAL WATERS,,,CSD,2008
7624_B08,B08-7624,34.16886,-119.46023,FEDERAL WATERS,,,CSD,2008
7625_B08,B08-7625,34.17009,-119.53296,FEDERAL WATERS,,,CSD,2008
7629_B08,B08-7629,34.17867,-119.34686,FEDERAL WATERS,,,CSD,2008
7637_B08,B08-7637,34.19602,-120.41721,FEDERAL WATERS,,,CSD,2008
7652_B08,B08-7652,34.23016,-119.68744,FEDERAL WATERS,,,CSD,2008
7520_B08,B08-7520,34.03417,-119.3516,VENTURA,,,CSD,2008
7678_B08,B08-7678,34.27781,-119.71827,FEDERAL WATERS,,,CSD,2008
7681_B08,B08-7681,34.28399,-119.35491,VENTURA,,,CSD,2008
7526_B08,B08-7526,34.04114,-119.19721,FEDERAL WATERS,,,ABCL,2008
7529_B08,B08-7529,34.04548,-120.4901,SANTA BARBARA,,,CSD,2008
7686_B08,B08-7686,34.28711,-120.45557,FEDERAL WATERS,,,CSD,2008
7688_B08,B08-7688,34.29097,-119.44378,FEDERAL WATERS,,,CSD,2008
7696_B08,B08-7696,34.30784,-119.71267,FEDERAL WATERS,,,CSD,2008
7537_B08,B08-7537,34.0533,-119.06285,VENTURA,,,ABCL,2008
7697_B08,B08-7697,34.30788,-120.23025,FEDERAL WATERS,,,CSD,2008
7708_B08,B08-7708,34.34408,-119.56258,FEDERAL WATERS,,,CSD,2008
7540_B08,B08-7540,34.0587,-119.4967,SANTA BARBARA,,,CLAEMD,2008
7716_B08,B08-7716,34.36268,-120.01034,FEDERAL WATERS,,,CSD,2008
7544_B08,B08-7544,34.06674,-119.20596,FEDERAL WATERS,,,ABCL,2008
7549_B08,B08-7549,34.07253,-119.60179,SANTA BARBARA,,,CLAEMD,2008
7727_B08,B08-7727,34.39469,-120.33147,FEDERAL WATERS,,,CSD,2008
7735_B08,B08-7735,34.39839,-119.86476,SANTA BARBARA,,,CSD,2008
7741_B08,B08-7741,34.401,-119.8328,SANTA BARBARA,,,CSD,2008
B13-8014,B13-8014 OpenwaterStation,32.6265,-117.13465,SAN DIEGO,,,SCCWRP,2013
B13-8020,B13-8020 OpenwaterStation,32.64183,-117.13123,SAN DIEGO,,,SCCWRP,2013
B13-8029,B13-8029 OpenwaterStation,32.6468,-117.1178,SAN DIEGO,,,SCCWRP,2013
B13-8030,B13-8030 OpenwaterStation,32.64714,-117.11661,SAN DIEGO,,,SCCWRP,2013
7583_B08,B08-7583,34.11039,-119.2216,VENTURA,,,ABCL,2008
7585_B08,B08-7585,34.11224,-119.87178,SANTA BARBARA,,,CSD,2008
B13-8045,B13-8045 OpenwaterStation,32.65143,-117.12293,SAN DIEGO,,,SCCWRP,2013
7588_B08,B08-7588,34.1156,-119.93616,SANTA BARBARA,,,CSD,2008
B13-8077,B13-8077 OpenwaterStation,32.68658,-117.13392,SAN DIEGO,,,SCCWRP,2013
B13-8078,B13-8078 OpenwaterStation,32.68684,-117.14839,SAN DIEGO,,,SCCWRP,2013
B13-8090,B13-8090 OpenwaterStation,32.69329,-117.14728,SAN DIEGO,,,SCCWRP,2013
B13-8093,B13-8093 OpenwaterStation,32.69562,-117.16262,SAN DIEGO,,,SCCWRP,2013
B13-8122,B13-8122 OpenwaterStation,32.72427,-117.18276,SAN DIEGO,,,SCCWRP,2013
B13-8134,B13-8134 OpenwaterStation,32.75751,-117.23789,SAN DIEGO,,,SCCWRP,2013
B13-8157,B13-8157 OpenwaterStation,32.78282,-117.22998,SAN DIEGO,,,SCCWRP,2013
B13-8169,B13-8169 OpenwaterStation,32.93165,-117.25232,SAN DIEGO,,,SCCWRP,2013
B13-8180,B13-8180 OpenwaterStation,32.96648,-117.25787,SAN DIEGO,,,SCCWRP,2013
7654_B08,B08-7654,34.23279,-119.70681,FEDERAL WATERS,,,CSD,2008
B13-8200,B13-8200 OpenwaterStation,33.08508,-117.30971,SAN DIEGO,,,SCCWRP,2013
B13-8219,B13-8219 OpenwaterStation,33.13944,-117.31866,SAN DIEGO,,,SCCWRP,2013
B98_122202,122202_B98,33.6254,-117.99,ORANGE,,,OCSD,1998
B98_132001,132001_B98,33.8542,-118.406,LOS ANGELES,,,CLAEMD,1998
B98_138401,138401_B98,34.0363,-118.665,LOS ANGELES,,,CLAEMD,1998
7280_B08,B08-7280,33.6132,-118.71975,FEDERAL WATERS,,,LACSD,2008
7462_B08,B08-7462,33.94782,-119.92735,SANTA BARBARA,,,CSD,2008
7499_B08,B08-7499,33.99945,-119.01377,FEDERAL WATERS,,,ABCL,2008
7320_B08,B08-7320,33.69409,-118.34651,LOS ANGELES,,,LACSD,2008
7321_B08,B08-7321,33.69541,-118.29616,LOS ANGELES,,,LACSD,2008
7534_B08,B08-7534,34.04837,-120.32606,SANTA BARBARA,,,CSD,2008
7408_B08,B08-7408,33.84025,-120.07927,FEDERAL WATERS,,,CSD,2008
7542_B08,B08-7542,34.0666,-119.1344,VENTURA,,,NOAACOAST,2008
7543_B08,B08-7543,34.06661,-119.5889,SANTA BARBARA,,,CSD,2008
7417_B08,B08-7417,33.86038,-118.44805,LOS ANGELES,,,CLAEMD,2008
7452_B08,B08-7452,33.93408,-118.89655,FEDERAL WATERS,,,LACSD,2008
7457_B08,B08-7457,33.93804,-119.26619,FEDERAL WATERS,,,NOAACOAST,2008
7609_B08,B08-7609,34.14379,-120.17822,FEDERAL WATERS,,,CSD,2008
7645_B08,B08-7645,34.21335,-119.59106,FEDERAL WATERS,,,CSD,2008
7684_B08,B08-7684,34.28551,-120.28014,FEDERAL WATERS,,,CSD,2008
7528_B08,B08-7528,34.04406,-119.05558,VENTURA,,,ABCL,2008
7728_B08,B08-7728,34.39548,-119.66218,SANTA BARBARA,,,CSD,2008
7750_B08,B08-7750,34.41352,-120.22272,FEDERAL WATERS,,,CSD,2008
7752_B08,B08-7752,34.43856,-120.28506,SANTA BARBARA,,,CSD,2008
B13-8036,B13-8036 OpenwaterStation,32.64828,-117.11623,SAN DIEGO,,,SCCWRP,2013
B13-8040,B13-8040 OpenwaterStation,32.64896,-117.11012,SAN DIEGO,,,SCCWRP,2013
B13-8050,B13-8050 OpenwaterStation,32.65747,-117.12274,SAN DIEGO,,,SCCWRP,2013
B13-8053,B13-8053 OpenwaterStation,32.65848,-117.11953,SAN DIEGO,,,SCCWRP,2013
B13-8058,B13-8058 OpenwaterStation,32.66106,-117.144,SAN DIEGO,,,SCCWRP,2013
B13-8073,B13-8073 OpenwaterStation,32.68052,-117.17523,SAN DIEGO,,,SCCWRP,2013
B13-8075,B13-8075 OpenwaterStation,32.68547,-117.1341,SAN DIEGO,,,SCCWRP,2013
7604_B08,B08-7604,34.13287,-119.3797,FEDERAL WATERS,,,CSD,2008
B13-8096,B13-8096 OpenwaterStation,32.69857,-117.15877,SAN DIEGO,,,SCCWRP,2013
B13-8136,B13-8136 OpenwaterStation,32.75785,-117.22741,SAN DIEGO,,,SCCWRP,2013
B13-8156,B13-8156 OpenwaterStation,32.78093,-117.2496,SAN DIEGO,,,SCCWRP,2013
B13-8188,B13-8188 OpenwaterStation,33.01616,-117.28071,SAN DIEGO,,,SCCWRP,2013
B13-8205,B13-8205 OpenwaterStation,33.08886,-117.29564,SAN DIEGO,,,SCCWRP,2013
B13-8233,B13-8233 OpenwaterStation,33.20485,-117.39075,SAN DIEGO,,,SCCWRP,2013
7700_B08,B08-7700,34.31445,-120.28235,FEDERAL WATERS,,,CSD,2008
B13-8259,B13-8259 OpenwaterStation,33.45894,-117.69773,ORANGE,,,SCCWRP,2013
B13-8263,B13-8263 OpenwaterStation,33.46071,-117.70556,ORANGE,,,SCCWRP,2013
7709_B08,B08-7709,34.34424,-120.36861,FEDERAL WATERS,,,NOAACOAST,2008
7714_B08,B08-7714,34.36211,-119.58528,SANTA BARBARA,,,CSD,2008
B13-8295,B13-8295 OpenwaterStation,33.6865,-118.03631,ORANGE,,,SCCWRP,2013
B13-8298,B13-8298 OpenwaterStation,33.6974,-118.04056,ORANGE,,,SCCWRP,2013
B13-8301,B13-8301 OpenwaterStation,33.71028,-118.05957,ORANGE,,,SCCWRP,2013
B13-8316,B13-8316-Los Angeles Inner Harbor,33.72387,-118.2627,LOS ANGELES,,,SCCWRP,2013
7753_B08,B08-7753,34.4454,-120.4264,SANTA BARBARA,,,CSD,2008
B13-8318,B13-8318-Long Beach Outer Harbor,33.72421,-118.22437,LOS ANGELES,,,SCCWRP,2013
B13-8326,B13-8326-Long Beach Outer Harbor,33.72924,-118.23361,LOS ANGELES,,,SCCWRP,2013
B13-8333,B13-8333-Long Beach Outer Harbor,33.7311,-118.1924,LOS ANGELES,,,SCCWRP,2013
B13-8340,B13-8340-Los Angeles Inner Harbor,33.73549,-118.27676,LOS ANGELES,,,SCCWRP,2013
B13-8347,B13-8347-Long Beach Outer Harbor,33.73891,-118.21039,LOS ANGELES,,,SCCWRP,2013
B13-8350,B13-8350 OpenwaterStation,33.73992,-118.17122,LOS ANGELES,,,SCCWRP,2013
B13-8033,B13-8033 OpenwaterStation,32.64776,-117.11994,SAN DIEGO,,,SCCWRP,2013
B13-8052,B13-8052 OpenwaterStation,32.65828,-117.14434,SAN DIEGO,,,SCCWRP,2013
B13-8360,B13-8360-Long Beach Inner Harbor,33.74553,-118.2157,LOS ANGELES,,,SCCWRP,2013
B13-8363,B13-8363-Long Beach Inner Harbor,33.74719,-118.22137,LOS ANGELES,,,SCCWRP,2013
B13-8365,B13-8365-Long Beach Inner Harbor,33.74767,-118.19819,LOS ANGELES,,,SCCWRP,2013
B13-8367,B13-8367-Los Angeles Inner Harbor,33.74853,-118.2489,LOS ANGELES,,,SCCWRP,2013
B13-8374,B13-8374-Long Beach Inner Harbor,33.75269,-118.21776,LOS ANGELES,,,SCCWRP,2013
B13-8066,B13-8066 OpenwaterStation,32.67178,-117.12578,SAN DIEGO,,,SCCWRP,2013
B13-8378,B13-8378 OpenwaterStation,33.75299,-118.10511,LOS ANGELES,,,SCCWRP,2013
B13-8382,B13-8382-Long Beach Inner Harbor,33.75512,-118.23012,LOS ANGELES,,,SCCWRP,2013
B13-8383,B13-8383 OpenwaterStation,33.75536,-118.12987,LOS ANGELES,,,SCCWRP,2013
B13-8394,B13-8394 OpenwaterStation,33.76578,-118.10355,LOS ANGELES,,,SCCWRP,2013
B13-8397,B13-8397-Los Angeles Inner Harbor,33.767,-118.24938,LOS ANGELES,,,SCCWRP,2013
SCBPP_0533,0533_SCBPP,34.25745,-119.32988,VENTURA,,,TEX-AM,1994
B13-8118,B13-8118 OpenwaterStation,32.71979,-117.17863,SAN DIEGO,,,SCCWRP,2013
B13-8399,B13-8399-Long Beach Inner Harbor,33.76871,-118.22204,LOS ANGELES,,,SCCWRP,2013
B13-8401,B13-8401-Long Beach Inner Harbor,33.77158,-118.2118,LOS ANGELES,,,SCCWRP,2013
B13-8407,B13-8407 OpenwaterStation,33.9643,-118.45345,LOS ANGELES,,,SCCWRP,2013
B13-8409,B13-8409 OpenwaterStation,33.97031,-118.4482,LOS ANGELES,,,SCCWRP,2013
B13-8411,B13-8411 OpenwaterStation,33.97134,-118.43959,LOS ANGELES,,,SCCWRP,2013
B13-8419,B13-8419 OpenwaterStation,34.10078,-119.08739,VENTURA,,,SCCWRP,2013
B13-8431,B13-8431 OpenwaterStation,34.40438,-119.68903,SANTA BARBARA,,,SCCWRP,2013
B13-9125,B13-9125 OpenwaterStation,33.22069,-117.51202,SAN DIEGO,,,SCCWRP,2013
B13-9130,B13-9130 OpenwaterStation,33.26882,-117.53942,SAN DIEGO,,,SCCWRP,2013
SCBPP_1085,1085_SCBPP,33.9015,-118.47883,LOS ANGELES,,,CLAEMD,1994
B13-9132,B13-9132 OpenwaterStation,33.27417,-118.08588,ORANGE,,,SCCWRP,2013
SCBPP_1332,1332_SCBPP,33.64492,-118.14528,FEDERAL WATERS,,,TEX-AM,1994
SCBPP_1340,1340_SCBPP,33.64092,-118.23883,FEDERAL WATERS,,,TEX-AM,1994
B13-9155,B13-9155 OpenwaterStation,33.48685,-118.42354,LOS ANGELES,,,SCCWRP,2013
B13-9160,B13-9160 OpenwaterStation,33.50366,-117.91586,ORANGE,,,SCCWRP,2013
B13-9171,B13-9171 OpenwaterStation,33.5214,-117.7698,ORANGE,,,SCCWRP,2013
SCBPP_1839,1839_SCBPP,32.6775,-117.27467,SAN DIEGO,,,TEX-AM,1994
B13-8236,B13-8236 OpenwaterStation,33.20693,-117.39351,SAN DIEGO,,,SCCWRP,2013
B13-9190,B13-9190 OpenwaterStation,33.57929,-118.32888,LOS ANGELES,,,SCCWRP,2013
B13-9192,B13-9192 OpenwaterStation,33.58086,-117.86846,ORANGE,,,SCCWRP,2013
B13-9194,B13-9194 OpenwaterStation,33.58976,-117.89468,ORANGE,,,SCCWRP,2013
B13-8267,B13-8267 OpenwaterStation,33.46195,-117.70205,ORANGE,,,SCCWRP,2013
2131_B98,B98_2131,34.16291,-119.22436,VENTURA,,,CRGML,1998
B13-9210,B13-9210 OpenwaterStation,33.63906,-118.34245,LOS ANGELES,,,SCCWRP,2013
B13-9211,B13-9211 OpenwaterStation,33.64026,-118.33735,LOS ANGELES,,,SCCWRP,2013
B13-9214,B13-9214 OpenwaterStation,33.643,-118.07835,ORANGE,,,SCCWRP,2013
B13-8308,B13-8308-Los Angeles Outer Harbor,33.7174,-118.24385,LOS ANGELES,,,SCCWRP,2013
B13-9221,B13-9221 OpenwaterStation,33.65956,-118.13065,LOS ANGELES,,,SCCWRP,2013
B13-9225,B13-9225 OpenwaterStation,33.68691,-118.52101,LOS ANGELES,,,SCCWRP,2013
B13-9228,B13-9228 OpenwaterStation,33.69409,-118.34651,LOS ANGELES,,,SCCWRP,2013
2169_B98,B98_2169,33.76801,-118.27816,LOS ANGELES,,,CLAEMD,1998
B13-9237,B13-9237 OpenwaterStation,33.72141,-118.41792,LOS ANGELES,,,SCCWRP,2013
B13-8349,B13-8349-Long Beach Outer Harbor,33.73906,-118.23651,LOS ANGELES,,,SCCWRP,2013
2173_B98,B98_2173,33.74763,-118.23769,LOS ANGELES,,,CLAEMD,1998
B13-9246,B13-9246 OpenwaterStation,33.73639,-118.52796,LOS ANGELES,,,SCCWRP,2013
B13-9250,B13-9250 OpenwaterStation,33.7602,-118.54097,LOS ANGELES,,,SCCWRP,2013
B13-9251,B13-9251 OpenwaterStation,33.76682,-118.46048,LOS ANGELES,,,SCCWRP,2013
2185_B98,B98_2185,33.73303,-118.19945,LOS ANGELES,,,CRGML,1998
2187_B98,B98_2187,33.73123,-118.18399,LOS ANGELES,,,CRGML,1998
2188_B98,B98_2188,33.73399,-118.08882,ORANGE,,,CRGML,1998
B13-9265,B13-9265 OpenwaterStation,33.85259,-119.19421,VENTURA,,,SCCWRP,2013
2190_B98,B98_2190,33.94792,-118.52871,FEDERAL WATERS,,,CLAEMD,1998
B13-9388,B13-9388 OpenwaterStation,34.14562,-119.77009,SANTA BARBARA,,,SCCWRP,2013
B13-9399,B13-9399 OpenwaterStation,34.18235,-120.40732,SANTA BARBARA,,,SCCWRP,2013
2204_B98,B98_2204,33.6968,-118.33906,LOS ANGELES,,,SCCWRP,1998
B13-9413,B13-9413 OpenwaterStation,34.22414,-119.60633,SANTA BARBARA,,,SCCWRP,2013
B13-8396,B13-8396-Los Angeles Inner Harbor,33.7662,-118.27747,LOS ANGELES,,,SCCWRP,2013
B13-9417,B13-9417 OpenwaterStation,34.23279,-119.70681,SANTA BARBARA,,,SCCWRP,2013
2210_B98,B98_2210,33.58968,-118.04062,FEDERAL WATERS,,,OCSD,1998
B13-9428,B13-9428 OpenwaterStation,34.26112,-119.76734,SANTA BARBARA,,,SCCWRP,2013
B13-9443,B13-9443 OpenwaterStation,34.31445,-120.28235,SANTA BARBARA,,,SCCWRP,2013
B13-9448,B13-9448 OpenwaterStation,34.34384,-119.77376,SANTA BARBARA,,,SCCWRP,2013
B13-9455,B13-9455 OpenwaterStation,34.3605,-119.89146,SANTA BARBARA,,,SCCWRP,2013
B13-9456,B13-9456 OpenwaterStation,34.36084,-119.84922,SANTA BARBARA,,,SCCWRP,2013
2224_B98,B98_2224,32.71292,-117.23367,SAN DIEGO,,,CSD,1998
2226_B98,B98_2226,32.71138,-117.23213,SAN DIEGO,,,SCCWRP,1998
B13-9466,B13-9466 OpenwaterStation,34.39548,-119.66218,SANTA BARBARA,,,SCCWRP,2013
B13-9468,B13-9468 OpenwaterStation,34.39975,-119.87481,SANTA BARBARA,,,SCCWRP,2013
B13-9133,B13-9133 OpenwaterStation,33.3175,-118.16009,LOS ANGELES,,,SCCWRP,2013
B13-9476,B13-9476 OpenwaterStation,34.42003,-120.26919,SANTA BARBARA,,,SCCWRP,2013
B13-9148,B13-9148 OpenwaterStation,33.46387,-118.39468,LOS ANGELES,,,SCCWRP,2013
2235_B98,B98_2235,32.64081,-117.13707,SAN DIEGO,,,CSD,1998
B13-9150,B13-9150 OpenwaterStation,33.46444,-117.76246,ORANGE,,,SCCWRP,2013
B13-9152,B13-9152 OpenwaterStation,33.47427,-117.73662,ORANGE,,,SCCWRP,2013
2239_B98,B98_2239,32.68248,-117.14509,SAN DIEGO,,,CSD,1998
2242_B98,B98_2242,32.66493,-117.14993,SAN DIEGO,,,SCCWRP,1998
B13-9161,B13-9161 OpenwaterStation,33.50506,-117.77313,ORANGE,,,SCCWRP,2013
2245_B98,B98_2245,32.65091,-117.14279,SAN DIEGO,,,CSD,1998
B13-9173,B13-9173 OpenwaterStation,33.52456,-117.79534,ORANGE,,,SCCWRP,2013
B18-10020,B18-10020,32.75827226,-117.2443929,SAN DIEGO,,,SCCWRP,2018
2257_B98,B98_2257,32.67693,-117.13415,SAN DIEGO,,,CSD,1998
B13-9202,B13-9202 OpenwaterStation,33.62105,-118.19507,LOS ANGELES,,,SCCWRP,2013
B13-9204,B13-9204 OpenwaterStation,33.6278,-117.9872,ORANGE,,,SCCWRP,2013
B18-10040,B18-10040,32.64175,-117.11708,SAN DIEGO,,,SCCWRP,2018
B13-9205,B13-9205 OpenwaterStation,33.63083,-118.26736,LOS ANGELES,,,SCCWRP,2013
2267_B98,B98_2267,34.4057,-119.8254,SANTA BARBARA,,,CSD,1998
2281_B98,B98_2281,33.4329,-117.6985,ORANGE,,,CRGML,1998
B13-9217,B13-9217 OpenwaterStation,33.648,-118.1495,LOS ANGELES,,,SCCWRP,2013
B13-9219,B13-9219 OpenwaterStation,33.6545,-118.05838,ORANGE,,,SCCWRP,2013
B18-10070,B18-10070,33.20929,-117.39532,SAN DIEGO,,,SCCWRP,2018
B13-9223,B13-9223 OpenwaterStation,33.67587,-118.33247,LOS ANGELES,,,SCCWRP,2013
B18-10082,B18-10082,32.71643,-117.22662,SAN DIEGO,,,SCCWRP,2018
B13-9236,B13-9236 OpenwaterStation,33.71121,-118.45872,LOS ANGELES,,,SCCWRP,2013
2297_B98,B98_2297,33.723,-118.2353,LOS ANGELES,,,CRGML,1998
B13-9239,B13-9239 OpenwaterStation,33.72266,-118.15526,LOS ANGELES,,,SCCWRP,2013
B13-9241,B13-9241 OpenwaterStation,33.72565,-118.45606,LOS ANGELES,,,SCCWRP,2013
B13-9245,B13-9245 OpenwaterStation,33.733,-118.1215,LOS ANGELES,,,SCCWRP,2013
6479_B08,B08-6479,33.7604,-118.12209,LOS ANGELES,,,CSD,2008
7008_B08,B08-7008,32.58567,-117.3411,FEDERAL WATERS,,,NOAACOAST,2008
7068_B08,B08-7068,32.71039,-117.30977,SAN DIEGO,,,CSD,2008
7080_B08,B08-7080,32.74149,-117.42695,FEDERAL WATERS,,,CSD,2008
7082_B08,B08-7082,32.76012,-117.55549,FEDERAL WATERS,,,CSD,2008
7097_B08,B08-7097,32.84262,-117.54891,FEDERAL WATERS,,,CSD,2008
7099_B08,B08-7099,32.85096,-117.41068,FEDERAL WATERS,,,CSD,2008
7104_B08,B08-7104,32.9318,-117.39483,FEDERAL WATERS,,,CSD,2008
7111_B08,B08-7111,32.99614,-117.38861,FEDERAL WATERS,,,NOAACOAST,2008
7126_B08,B08-7126,33.10199,-117.63092,FEDERAL WATERS,,,CSD,2008
7064_B08,B08-7064,32.69385,-117.39582,FEDERAL WATERS,,,CSD,2008
7093_B08,B08-7093,32.8079,-117.3442,FEDERAL WATERS,,,CSD,2008
7102_B08,B08-7102,32.88625,-117.48326,FEDERAL WATERS,,,NOAACOAST,2008
7145_B08,B08-7145,33.15223,-117.38101,SAN DIEGO,,,CRGML,2008
7324_B08,B08-7324,33.702,-118.30387,LOS ANGELES,,,LACSD,2008
7325_B08,B08-7325,33.70286,-118.08263,ORANGE,,,LACSD,2008
B98_122001,122001_B98,33.6249,-117.964,ORANGE,,,OCSD,1998
B98_113103,113103_B98,33.2219,-117.45,SAN DIEGO,,,MEC,1998
B98_121901,121901_B98,33.6198,-117.955,ORANGE,,,OCSD,1998
B98_122002,122002_B98,33.615,-117.972,ORANGE,,,OCSD,1998
B98_124001,124001_B98,33.6653,-118.035,ORANGE,,,OCSD,1998
B98_124502,124502_B98,33.679,-118.076,ORANGE,,,OCSD,1998
B13-8239,B13-8239 OpenwaterStation,33.20764,-117.39742,SAN DIEGO,,,SCCWRP,2013
B13-8253,B13-8253 OpenwaterStation,33.23321,-117.41318,SAN DIEGO,,,SCCWRP,2013
B13-8302,B13-8302-Los Angeles Outer Harbor,33.71242,-118.2579,LOS ANGELES,,,SCCWRP,2013
B13-8304,B13-8304-Los Angeles Outer Harbor,33.71345,-118.24131,LOS ANGELES,,,SCCWRP,2013
7717_B08,B08-7717,34.36628,-119.45927,VENTURA,,,NOAACOAST,2008
7732_B08,B08-7732,34.39766,-120.07158,FEDERAL WATERS,,,CSD,2008
7744_B08,B08-7744,34.4052,-120.31916,FEDERAL WATERS,,,CSD,2008
7186_B08,B08-7186,33.41845,-118.02251,FEDERAL WATERS,,,OCSD,2008
7200_B08,B08-7200,33.45449,-118.25805,FEDERAL WATERS,,,NOAACOAST,2008
7210_B08,B08-7210,33.47534,-118.09962,FEDERAL WATERS,,,OCSD,2008
7238_B08,B08-7238,33.54382,-118.65987,FEDERAL WATERS,,,NOAACOAST,2008
7288_B08,B08-7288,33.62157,-118.44349,FEDERAL WATERS,,,LACSD,2008
7410_B08,B08-7410,33.84796,-118.56788,FEDERAL WATERS,,,CLAEMD,2008
7474_B08,B08-7474,33.9625,-118.4762,LOS ANGELES,,,CLAEMD,2008
7476_B08,B08-7476,33.96626,-120.34609,SANTA BARBARA,,,CSD,2008
7619_B08,B08-7619,34.1611,-120.31952,FEDERAL WATERS,,,CSD,2008
7632_B08,B08-7632,34.18317,-120.35129,FEDERAL WATERS,,,CSD,2008
7651_B08,B08-7651,34.22414,-119.60633,FEDERAL WATERS,,,CSD,2008
7701_B08,B08-7701,34.31661,-119.72398,FEDERAL WATERS,,,CSD,2008
B13-8002,B13-8002 OpenwaterStation,32.55659,-117.12813,SAN DIEGO,,,SCCWRP,2013
B13-8018,B13-8018 OpenwaterStation,32.63403,-117.10721,SAN DIEGO,,,SCCWRP,2013
B13-8043,B13-8043 OpenwaterStation,32.65008,-117.10506,SAN DIEGO,,,SCCWRP,2013
B13-8049,B13-8049 OpenwaterStation,32.65607,-117.12244,SAN DIEGO,,,SCCWRP,2013
B13-8056,B13-8056 OpenwaterStation,32.66033,-117.12292,SAN DIEGO,,,SCCWRP,2013
B13-8076,B13-8076 OpenwaterStation,32.68632,-117.13295,SAN DIEGO,,,SCCWRP,2013
B13-8100,B13-8100 OpenwaterStation,32.70226,-117.16198,SAN DIEGO,,,SCCWRP,2013
B13-8152,B13-8152 OpenwaterStation,32.76749,-117.2416,SAN DIEGO,,,SCCWRP,2013
B13-8218,B13-8218 OpenwaterStation,33.13922,-117.33775,SAN DIEGO,,,SCCWRP,2013
B13-8306,B13-8306-Los Angeles Harbor Inner Cabrillo Beach,33.71475,-118.28269,LOS ANGELES,,,SCCWRP,2013
B13-8319,B13-8319 OpenwaterStation,33.7256,-118.13738,LOS ANGELES,,,SCCWRP,2013
B13-8322,B13-8322-Long Beach Outer Harbor,33.72762,-118.21274,LOS ANGELES,,,SCCWRP,2013
B13-8338,B13-8338 OpenwaterStation,33.7351,-118.09155,ORANGE,,,SCCWRP,2013
B13-8353,B13-8353 OpenwaterStation,33.74202,-118.11713,LOS ANGELES,,,SCCWRP,2013
B13-8356,B13-8356-Long Beach Inner Harbor,33.74337,-118.20448,LOS ANGELES,,,SCCWRP,2013
B13-8390,B13-8390 OpenwaterStation,33.76101,-118.20211,LOS ANGELES,,,SCCWRP,2013
B13-8391,B13-8391 OpenwaterStation,33.76256,-118.20497,LOS ANGELES,,,SCCWRP,2013
B13-9163,B13-9163 OpenwaterStation,33.50792,-117.81413,ORANGE,,,SCCWRP,2013
B13-9179,B13-9179 OpenwaterStation,33.55625,-118.02254,ORANGE,,,SCCWRP,2013
B13-9201,B13-9201 OpenwaterStation,33.6132,-118.71975,LOS ANGELES,,,SCCWRP,2013
B13-9207,B13-9207 OpenwaterStation,33.63784,-118.30275,LOS ANGELES,,,SCCWRP,2013
B13-9319,B13-9319 OpenwaterStation,33.99744,-118.49182,LOS ANGELES,,,SCCWRP,2013
B13-9320,B13-9320 OpenwaterStation,33.99917,-118.86887,LOS ANGELES,,,SCCWRP,2013
B13-9436,B13-9436 OpenwaterStation,34.28711,-120.45557,SANTA BARBARA,,,SCCWRP,2013
B13-9449,B13-9449 OpenwaterStation,34.34408,-119.56258,SANTA BARBARA,,,SCCWRP,2013
B13-9459,B13-9459 OpenwaterStation,34.36839,-120.11302,SANTA BARBARA,,,SCCWRP,2013
B18-10015,B18-10015,32.78730613,-117.2099913,SAN DIEGO,,,SCCWRP,2018
B18-10032,B18-10032,32.67526,-117.14397,SAN DIEGO,,,SCCWRP,2018
B18-10074,B18-10074,32.77706769,-117.249967,SAN DIEGO,,,SCCWRP,2018
B18-10112,B18-10112,32.71627,-117.17632,SAN DIEGO,,,SCCWRP,2018
B18-10116,B18-10116,32.6914,-117.15337,SAN DIEGO,,,SCCWRP,2018
B18-10119,B18-10119,32.69004,-117.1432,SAN DIEGO,,,SCCWRP,2018
B18-10126,B18-10126,32.68173,-117.13109,SAN DIEGO,,,SCCWRP,2018
B18-10133,B18-10133,32.67313,-117.12943,SAN DIEGO,,,SCCWRP,2018
B18-10158,B18-10158,33.64677,-117.88462,ORANGE,,,SCCWRP,2018
B18-10159,B18-10159,33.64582,-117.88868,ORANGE,,,SCCWRP,2018
B18-10165,B18-10165,33.61797,-117.9039,ORANGE,,,SCCWRP,2018
B18-10169,B18-10169,33.13982,-117.31879,SAN DIEGO,,,SCCWRP,2018
B18-10171,B18-10171,33.08992,-117.27848,SAN DIEGO,,,SCCWRP,2018
B18-10175,B18-10175,32.93258,-117.25812,SAN DIEGO,,,SCCWRP,2018
B18-10176,B18-10176,32.75778,-117.22729,SAN DIEGO,,,WestonSolu,2018
B18-10193,B18-10193,33.20341,-117.39078,SAN DIEGO,,,SCCWRP,2018
B18-10199,B18-10199,32.65833,-117.08308,SAN DIEGO,,,SCCWRP,2018
B18-10201,B18-10201,32.59892,-117.11589,SAN DIEGO,,,SCCWRP,2018
B18-10207,B18-10207,34.3960926,-119.6623071,SANTA BARBARA,,,SCCWRP,2018
B18-10231,B18-10231,33.30723,-117.52338,SAN DIEGO,,,SCCWRP,2018
B18-10233,B18-10233,33.03999,-117.31188,SAN DIEGO,,,SCCWRP,2018
B18-10239,B18-10239,32.61205,-117.14342,SAN DIEGO,,,SCCWRP,2018
B18-10244,B18-10244,34.3591,-119.82501,SANTA BARBARA,,,SCCWRP,2018
B18-10245,B18-10245,34.3576,-119.67377,SANTA BARBARA,,,SCCWRP,2018
B18-10269,B18-10269,33.08759,-117.35117,SAN DIEGO,,,SCCWRP,2018
B18-10271,B18-10271,32.85105,-117.32598,SAN DIEGO,,,SCCWRP,2018
B18-10275,B18-10275,32.63241,-117.30571,OOS,,,SCCWRP,2018
B18-10278,B18-10278,32.55155,-117.19943,OOS,,,SCCWRP,2018
B18-10311,B18-10311,33.76675,-118.4602333,LOS ANGELES,,,SCCWRP,2018
B18-10317,B18-10317,33.22107,-117.51145,OOS,,,SCCWRP,2018
B18-10323,B18-10323,34.31458,-120.28148,OOS,,,SCCWRP,2018
B18-10335,B18-10335,34.14569,-119.76998,OOS,,,SCCWRP,2018
B18-10342,B18-10342,33.90604,-118.66641,OOS,,,SCCWRP,2018
B18-10349,B18-10349,33.05041,-117.38961,OOS,,,SCCWRP,2018
B18-10355,B18-10355,33.8837,-118.79004,OOS,,,SCCWRP,2018
B18-10363,B18-10363,33.61354,-118.72014,OOS,,,SCCWRP,2018
B18-10365,B18-10365,33.53645,-118.5894,OOS,,,SCCWRP,2018
B18-10366,B18-10366,33.4869,-118.42356,OOS,,,SCCWRP,2018
B18-10375,B18-10375,33.10182,-117.63109,OOS,,,SCCWRP,2018
B18-10379,B18-10379,32.95544,-117.36261,OOS,,,SCCWRP,2018
B18-10382,B18-10382,34.11581667,-119.9368833,SANTA BARBARA,,,SCCWRP,2018
B18-10391,B18-10391,34.035,-119.3509833,VENTURA,,,SCCWRP,2018
B18-10393,B18-10393,34.01203711,-120.4746646,SANTA BARBARA,,,SCCWRP,2018
B18-10905,B18-10905,33.9912,-118.5356333,LOS ANGELES,,,SCCWRP,2018
SCBPP_0831,0831_SCBPP,34.07957,-119.1572,VENTURA,,,TEX-AM,1994
SCBPP_0947,0947_SCBPP,34.00532,-118.91848,LOS ANGELES,,,TEX-AM,1994
SCBPP_1654,1654_SCBPP,33.1793,-117.39853,SAN DIEGO,,,TEX-AM,1994
2134_B98,B98_2134,33.71545,-118.06217,ORANGE,,,CAS,1998
2147_B98,B98_2147,33.60055,-117.89336,ORANGE,,,OCSD,1998
2148_B98,B98_2148,33.59463,-117.87958,ORANGE,,,OCSD,1998
2153_B98,B98_2153,33.75359,-118.1579,LOS ANGELES,,,CLAEMD,1998
2163_B98,B98_2163,33.72781,-118.16684,LOS ANGELES,,,OCSD,1998
2199_B98,B98_2199,33.88228,-118.53538,FEDERAL WATERS,,,CLAEMD,1998
2207_B98,B98_2207,33.61233,-118.06563,FEDERAL WATERS,,,OCSD,1998
2240_B98,B98_2240,32.66743,-117.15428,SAN DIEGO,,,CSD,1998
2247_B98,B98_2247,32.64235,-117.12493,SAN DIEGO,,,SCCWRP,1998
2283_B98,B98_2283,33.4317,-117.6895,ORANGE,,,SCCWRP,1998
2285_B98,B98_2285,33.159,-117.3982,SAN DIEGO,,,CRGML,1998
2286_B98,B98_2286,33.1666,-117.3886,SAN DIEGO,,,CRGML,1998
2307_B98,B98_2307,33.9625,-118.4762,LOS ANGELES,,,CRGML,1998
2308_B98,B98_2308,34.0841,-119.0908,VENTURA,,,CRGML,1998
2319_B98,B98_2319,33.7372,-118.1434,LOS ANGELES,,,OCSD,1998
2349_B98,B98_2349,32.8946,-117.26883,SAN DIEGO,,,CSD,1998
2370_B98,B98_2370,34.29865,-119.3623,VENTURA,,,SCCWRP,1998
2392_B98,B98_2392,33.70507,-118.15527,LOS ANGELES,,,SCCWRP,1998
2410_B98,B98_2410,32.77209,-117.35459,FEDERAL WATERS,,,CSD,1998
2423_B98,B98_2423,32.78093,-117.2496,SAN DIEGO,,,EPARD,1998
2434_B98,B98_2434,32.72487,-117.18359,SAN DIEGO,,,CSD,1998
2440_B98,B98_2440,32.71851,-117.17484,SAN DIEGO,,,CSD,1998
4019_B03,B03_4019,34.23101,-119.5122,FEDERAL WATERS,,,CRGML,2003
4023_B03,B03_4023,34.30784,-119.71267,FEDERAL WATERS,,,CRGML,2003
4024_B03,B03_4024,33.11935,-117.36062,SAN DIEGO,,,CRGML,2003
4028_B03,B03_4028,32.67537,-117.14385,SAN DIEGO,,,CSD,2003
4029_B03,B03_4029,34.03417,-119.3516,VENTURA,,,CSD,2003
4048_B03,B03_4048,33.08807,-117.35098,SAN DIEGO,,,CRGML,2003
4088_B03,B03_4088,33.09375,-117.41715,FEDERAL WATERS,,,CRGML,2003
4093_B03,B03_4093,34.0666,-119.1344,VENTURA,,,CRGML,2003
4098_B03,B03_4098,33.7442,-118.16867,LOS ANGELES,,,CLAEMD,2003
4140_B03,B03_4140,32.71683,-117.22429,SAN DIEGO,,,CSD,2003
4164_B03,B03_4164,32.72937,-117.34445,FEDERAL WATERS,,,CSD,2003
4178_B03,B03_4178,33.71205,-118.25789,LOS ANGELES,,,CLAEMD,2003
4188_B03,B03_4188,33.48685,-118.42354,FEDERAL WATERS,,,CSD,2003
4202_B03,B03_4202,33.69409,-118.34651,LOS ANGELES,,,LACSD,2003
4211_B03,B03_4211,34.15836,-119.82763,FEDERAL WATERS,,,CSD,2003
4220_B03,B03_4220,33.10826,-117.90126,FEDERAL WATERS,,,CSD,2003
4277_B03,B03_4277,33.9096,-118.49967,FEDERAL WATERS,,,CLAEMD,2003
4290_B03,B03_4290,33.71166,-118.18459,LOS ANGELES,,,LACSD,2003
4297_B03,B03_4297,33.52704,-117.8961,FEDERAL WATERS,,,OCSD,2003
4328_B03,B03_4328,33.16199,-117.38595,SAN DIEGO,,,CRGML,2003
4332_B03,B03_4332,32.77401,-117.27398,SAN DIEGO,,,CSD,2003
4367_B03,B03_4367,34.462,-120.29112,SANTA BARBARA,,,CRGML,2003
4370_B03,B03_4370,33.73168,-118.20415,LOS ANGELES,,,CLAEMD,2003
4379_B03,B03_4379,34.40608,-120.106,FEDERAL WATERS,,,CRGML,2003
5767_B03,B03_5767,33.96568,-118.45023,LOS ANGELES,,,CSD,2003
B03W162_B03,B03_B03W162,32.76855,-117.28762,SAN DIEGO,,,USC,2003
BRI-06_B03,B03_BRI-06,33.75925,-118.18983,LOS ANGELES,,,CRGML,2003
BRI-13_B03,B03_BRI-13,33.45883,-117.69813,ORANGE,,,CRGML,2003
B03_B03W020,B03W020_B03,32.57233,-117.1675,SAN DIEGO,,,CSD,2003
B03_B03W049,B03W049_B03,33.61082,-118.0279,ORANGE,,,MEC,2003
B03_B03W063,B03W063_B03,33.67021,-118.13533,FEDERAL WATERS,,,USC,2003
B03_B03W089,B03W089_B03,33.92388,-118.4725,LOS ANGELES,,,CLAEMD,2003
B03_B03W156,B03W156_B03,32.73448,-117.28563,SAN DIEGO,,,MEC,2003
B03_B03W174,B03W174_B03,33.60453,-117.9544,ORANGE,,,USC,2003
B03_B03W301,B03W301_B03,34.2781,-119.315,VENTURA,,,USC,2003
B18-10096,B18-10096,33.745217,-118.215967,LOS ANGELES,,,SCCWRP,2018
B13-9257,B13-9257 OpenwaterStation,33.82949,-118.40126,LOS ANGELES,,,SCCWRP,2013
2318_B98,B98_2318,33.7237,-118.127,LOS ANGELES,,,OCSD,1998
2320_B98,B98_2320,33.733,-118.1215,LOS ANGELES,,,OCSD,1998
B13-9391,B13-9391 OpenwaterStation,34.15836,-119.82763,SANTA BARBARA,,,SCCWRP,2013
B18-10121,B18-10121,32.6878,-117.14076,SAN DIEGO,,,SCCWRP,2018
B13-9403,B13-9403 OpenwaterStation,34.20641,-119.63271,SANTA BARBARA,,,SCCWRP,2013
B13-9433,B13-9433 OpenwaterStation,34.27832,-119.58314,SANTA BARBARA,,,SCCWRP,2013
2357_B98,B98_2357,34.40632,-119.94079,SANTA BARBARA,,,EPARD,1998
B13-9458,B13-9458 OpenwaterStation,34.36812,-119.54012,SANTA BARBARA,,,SCCWRP,2013
2360_B98,B98_2360,34.394,-119.87538,SANTA BARBARA,,,CSD,1998
2364_B98,B98_2364,34.34274,-119.65683,FEDERAL WATERS,,,OCSD,1998
B18-10164,B18-10164,33.62135,-117.89479,ORANGE,,,SCCWRP,2018
2377_B98,B98_2377,34.03842,-118.93932,LOS ANGELES,,,CRGML,1998
B18-10174,B18-10174,32.97309,-117.24952,SAN DIEGO,,,SCCWRP,2018
2381_B98,B98_2381,34.00295,-118.76933,LOS ANGELES,,,SCCWRP,1998
B18-10195,B18-10195,32.80451,-117.22296,SAN DIEGO,,,SCCWRP,2018
B18-10034,B18-10034,32.66525639,-117.1498493,SAN DIEGO,,,SCCWRP,2018
B18-10196,B18-10196,32.76053,-117.21038,SAN DIEGO,,,WestonSolu,2018
2401_B98,B98_2401,33.5914,-117.95776,ORANGE,,,OCSD,1998
B18-10203,B18-10203,34.44325,-120.42973,SANTA BARBARA,,,SCCWRP,2018
B18-10058,B18-10058,33.71305,-118.05379,ORANGE,,,SCCWRP,2018
2406_B98,B98_2406,33.28164,-117.47103,SAN DIEGO,,,CAS,1998
B18-10212,B18-10212,34.19924,-119.29642,VENTURA,,,SCCWRP,2018
2413_B98,B98_2413,32.69036,-117.27828,SAN DIEGO,,,SCCWRP,1998
B18-10237,B18-10237,32.65987,-117.16851,SAN DIEGO,,,SCCWRP,2018
B18-10238,B18-10238,32.63929,-117.18663,SAN DIEGO,,,SCCWRP,2018
B18-10240,B18-10240,32.53442,-117.16923,SAN DIEGO,,,SCCWRP,2018
B18-10077,B18-10077,32.72496,-117.18335,SAN DIEGO,,,SCCWRP,2018
B18-10241,B18-10241,34.43598,-120.23708,SANTA BARBARA,,,SCCWRP,2018
B18-10079,B18-10079,32.72045802,-117.2207786,SAN DIEGO,,,SCCWRP,2018
B18-10080,B18-10080,32.71881627,-117.2262917,SAN DIEGO,,,SCCWRP,2018
B18-10081,B18-10081,32.71823039,-117.2303976,SAN DIEGO,,,SCCWRP,2018
B18-10247,B18-10247,34.31191,-119.54771,OOS,,,SCCWRP,2018
2427_B98,B98_2427,33.73108,-118.23526,LOS ANGELES,,,CRGML,1998
2438_B98,B98_2438,32.62229,-117.10144,SAN DIEGO,,,SCCWRP,1998
B18-10274,B18-10274,32.66374,-117.296,SAN DIEGO,,,SCCWRP,2018
B18-10281,B18-10281,34.39491,-120.33138,OOS,,,SCCWRP,2018
2456_B98,B98_2456,33.01056,-117.3025,SAN DIEGO,,,CRGML,1998
B18-10300,B18-10300,34.08896,-119.27475,OOS,,,SCCWRP,2018
B18-10136,B18-10136,32.67028,-117.1235,SAN DIEGO,,,SCCWRP,2018
B18-10141,B18-10141,32.66045,-117.12539,SAN DIEGO,,,SCCWRP,2018
B18-10143,B18-10143,32.65763121,-117.1231219,SAN DIEGO,,,SCCWRP,2018
B18-10316,B18-10316,33.30321,-117.60922,OOS,,,SCCWRP,2018
B18-10327,B18-10327,34.25798,-120.2615,OOS,,,SCCWRP,2018
4002_B03,B03_4002,33.75502,-118.10254,LOS ANGELES,,,CRGML,2003
B18-10343,B18-10343,33.6942,-118.34708,LOS ANGELES,,,SCCWRP,2018
B18-10350,B18-10350,32.70479,-117.35374,OOS,,,SCCWRP,2018
B18-10168,B18-10168,33.14021,-117.32424,SAN DIEGO,,,SCCWRP,2018
B18-10358,B18-10358,33.83383,-118.95249,OOS,,,SCCWRP,2018
B18-10378,B18-10378,32.97718,-117.69445,OOS,,,SCCWRP,2018
4037_B03,B03_4037,33.99816,-118.70954,LOS ANGELES,,,CLAEMD,2003
B18-10388,B18-10388,34.06655,-119.5891,SANTA BARBARA,,,SCCWRP,2018
B18-10390,B18-10390,34.04544631,-120.489955,SANTA BARBARA,,,SCCWRP,2018
B18-10392,B18-10392,34.03116308,-119.423912,VENTURA,,,SCCWRP,2018
B18-10206,B18-10206,34.39825,-119.86523,SANTA BARBARA,,,SCCWRP,2018
4050_B03,B03_4050,33.72416,-118.26216,LOS ANGELES,,,CLAEMD,2003
4059_B03,B03_4059,34.38695,-119.98782,FEDERAL WATERS,,,CSD,2003
B18-10824,B18-10824,32.58854,-117.10763,SAN DIEGO,,,SCCWRP,2018
4076_B03,B03_4076,32.7181,-117.23046,SAN DIEGO,,,CSD,2003
B18-10249,B18-10249,34.19588,-119.39064,OOS,,,SCCWRP,2018
B18-10265,B18-10265,33.26985,-117.56491,OOS,,,SCCWRP,2018
B18-10268,B18-10268,33.10525,-117.36218,SAN DIEGO,,,SCCWRP,2018
B18-10273,B18-10273,32.66447,-117.27128,SAN DIEGO,,,SCCWRP,2018
4123_B03,B03_4123,34.45367,-120.19748,SANTA BARBARA,,,CRGML,2003
4149_B03,B03_4149,33.96344,-118.45527,LOS ANGELES,,,CRGML,2003
B18-10324,B18-10324,34.2849,-120.4568,OOS,,,SCCWRP,2018
B18-10328,B18-10328,34.25214,-119.83732,OOS,,,SCCWRP,2018
B18-10331,B18-10331,34.18321,-120.35063,OOS,,,SCCWRP,2018
4162_B03,B03_4162,33.73118,-118.19192,LOS ANGELES,,,CLAEMD,2003
B18-10333,B18-10333,34.15836,-119.82789,OOS,,,SCCWRP,2018
B18-10357,B18-10357,33.85209,-119.1943,OOS,,,SCCWRP,2018
4196_B03,B03_4196,32.85096,-117.41068,FEDERAL WATERS,,,CSD,2003
B18-10383,B18-10383,34.11347597,-120.024021,OOS,,,SCCWRP,2018
B18-10386,B18-10386,34.07885,-119.7018167,SANTA BARBARA,,,SCCWRP,2018
4205_B03,B03_4205,33.92785,-118.54376,FEDERAL WATERS,,,CLAEMD,2003
B18-10395,B18-10395,33.96561667,-119.8525167,SANTA BARBARA,,,SCCWRP,2018
4216_B03,B03_4216,33.27417,-118.08588,FEDERAL WATERS,,,CSD,2003
4224_B03,B03_4224,33.15081,-117.58454,FEDERAL WATERS,,,CSD,2003
4294_B03,B03_4294,33.73573,-118.40969,LOS ANGELES,,,LACSD,2003
4309_B03,B03_4309,33.97847,-118.48764,LOS ANGELES,,,CLAEMD,2003
4320_B03,B03_4320,32.99387,-117.29005,SAN DIEGO,,,CRGML,2003
4346_B03,B03_4346,33.60216,-118.11667,FEDERAL WATERS,,,LACSD,2003
4347_B03,B03_4347,34.113,-120.02598,FEDERAL WATERS,,,CSD,2003
4371_B03,B03_4371,34.05343,-119.52926,SANTA BARBARA,,,CSD,2003
4384_B03,B03_4384,32.99889,-117.30116,SAN DIEGO,,,CRGML,2003
4440_B03,B03_4440,33.76554,-118.20633,LOS ANGELES,,,CSD,2003
4481_B03,B03_4481,34.09643,-120.12385,FEDERAL WATERS,,,CSD,2003
4613_B03,B03_4613,34.10742,-120.20488,FEDERAL WATERS,,,CSD,2003
4633_B03,B03_4633,34.08035,-119.65596,FEDERAL WATERS,,,CSD,2003
5739_B03,B03_5739,34.03451,-118.68188,LOS ANGELES,,,CSD,2003
B03W031_B03,B03_B03W031,33.57608,-117.88573,ORANGE,,,USC,2003
B03W143_B03,B03_B03W143,34.20041,-119.31078,VENTURA,,,USC,2003
B03W159_B03,B03_B03W159,32.75407,-117.26387,SAN DIEGO,,,USC,2003
BRI-02_B03,B03_BRI-02,33.97557,-118.45505,LOS ANGELES,,,CRGML,2003
BRI-18_B03,B03_BRI-18,32.69283,-117.14583,SAN DIEGO,,,CRGML,2003
B03_B03W021,B03W021_B03,32.57417,-117.19083,SAN DIEGO,,,USC,2003
B03_B03W098,B03W098_B03,33.97416,-118.51,LOS ANGELES,,,CLAEMD,2003
B03_B03W136,B03W136_B03,34.21801,-119.28971,VENTURA,,,USC,2003
B03_B03W184,B03W184_B03,33.72234,-118.26041,LOS ANGELES,,,USC,2003
B03_BCS225RO,BCS225RO_B03,33.96564,-118.4603,LOS ANGELES,,,CLAEMD,2003
B03_SAR 75 L OFF,SAR 75 L OFF_B03,33.62746,-117.9582,ORANGE,,,OCSD,2003
B03_TJ RIVER 25L SURF,TJ RIVER 25L SURF_B03,32.55595,-117.1297,SAN DIEGO,,,CSD,2003
B03_B03W155,B03W155_B03,32.73855,-117.26515,SAN DIEGO,,,USC,2003
B03_B03W172,B03W172_B03,32.59513,-117.20273,FEDERAL WATERS,,,USC,2003
B03_KEL250LSH,KEL250LSH_B03,32.71054,-117.23655,SAN DIEGO,,,MEC,2003
5301_B03,B03_5301,32.93171,-117.2533,SAN DIEGO,,,CRGML,2003
B03W141_B03,B03_B03W141,34.20059,-119.354,FEDERAL WATERS,,,USC,2003
B03W157_B03,B03_B03W157,32.74343,-117.30307,SAN DIEGO,,,USC,2003
B03W171_B03,B03_B03W171,32.6687,-117.18675,SAN DIEGO,,,USC,2003
BRI-16_B03,B03_BRI-16,32.7075,-117.16867,SAN DIEGO,,,CRGML,2003
B03_MCSN225L,MCSN225L_B03,34.03053,-118.681,LOS ANGELES,,,LMU,2003
B03_B03W014,B03W014_B03,32.53617,-117.16117,SAN DIEGO,,,USC,2003
B03_SAR 25 L,SAR 25 L_B03,33.62882,-117.9579,ORANGE,,,OCSD,2003
B03_B03W017,B03W017_B03,32.56117,-117.14783,SAN DIEGO,,,CSD,2003
B03_SGAB 75 L,SGAB 75 L_B03,33.74011,-118.115,ORANGE,,,OCSD,2003
B03_B03W037,B03W037_B03,33.60305,-117.92915,ORANGE,,,USC,2003
B03_BC25R,BC25R_B03,33.96404,-118.4597,LOS ANGELES,,,CLAEMD,2003
B03_KEL225RO,KEL225RO_B03,32.70906,-117.2363,SAN DIEGO,,,MEC,2003
B03_MC0,MC0_B03,34.03218,-118.6797,LOS ANGELES,,,LMU,2003
B03_MCS225,MCS225_B03,34.03379,-118.6786,LOS ANGELES,,,LMU,2003
B03_SEL 0MSL,SEL 0MSL_B03,33.01517,-117.2824,SAN DIEGO,,,EN,2003
B03_TJ RIVER 225L SHORE,TJ RIVER 225L SHORE_B03,32.55445,-117.1287,SAN DIEGO,,,CSD,2003
B13-8371,B13-8371-Long Beach Inner Harbor,33.75109,-118.23063,LOS ANGELES,,,SCCWRP,2013
B13-8384,B13-8384-Los Angeles Inner Harbor,33.75686,-118.27742,LOS ANGELES,,,SCCWRP,2013
B13-8403,B13-8403 OpenwaterStation,33.78073,-118.20585,LOS ANGELES,,,SCCWRP,2013
B13-9137,B13-9137 OpenwaterStation,33.36965,-117.68986,ORANGE,,,SCCWRP,2013
B13-9149,B13-9149 OpenwaterStation,33.46418,-117.91914,ORANGE,,,SCCWRP,2013
B13-9159,B13-9159 OpenwaterStation,33.50056,-117.75367,ORANGE,,,SCCWRP,2013
B13-9174,B13-9174 OpenwaterStation,33.53686,-117.84848,ORANGE,,,SCCWRP,2013
B13-9193,B13-9193 OpenwaterStation,33.58426,-118.11316,ORANGE,,,SCCWRP,2013
B13-9229,B13-9229 OpenwaterStation,33.69541,-118.29616,LOS ANGELES,,,SCCWRP,2013
B13-9311,B13-9311 OpenwaterStation,33.98246,-118.8024,LOS ANGELES,,,SCCWRP,2013
B13-9387,B13-9387 OpenwaterStation,34.14379,-120.17822,SANTA BARBARA,,,SCCWRP,2013
B13-9414,B13-9414 OpenwaterStation,34.22508,-119.73198,SANTA BARBARA,,,SCCWRP,2013
B13-9416,B13-9416 OpenwaterStation,34.23016,-119.68744,SANTA BARBARA,,,SCCWRP,2013
B13-9440,B13-9440 OpenwaterStation,34.30784,-119.71267,SANTA BARBARA,,,SCCWRP,2013
B13-9444,B13-9444 OpenwaterStation,34.31988,-119.75112,SANTA BARBARA,,,SCCWRP,2013
B13-9450,B13-9450 OpenwaterStation,34.34424,-120.36861,SANTA BARBARA,,,SCCWRP,2013
B13-9470,B13-9470 OpenwaterStation,34.401,-119.8328,SANTA BARBARA,,,SCCWRP,2013
B13-9474,B13-9474 OpenwaterStation,34.40637,-120.41731,SANTA BARBARA,,,SCCWRP,2013
B18-10017,B18-10017,32.78439096,-117.2153139,SAN DIEGO,,,SCCWRP,2018
B18-10031,B18-10031,32.68665,-117.13354,SAN DIEGO,,,SCCWRP,2018
B18-10078,B18-10078,32.72303606,-117.2237276,SAN DIEGO,,,SCCWRP,2018
B18-10139,B18-10139,32.66359,-117.1227,SAN DIEGO,,,SCCWRP,2018
B18-10166,B18-10166,33.23306,-117.41336,SAN DIEGO,,,WestonSolu,2018
B18-10177,B18-10177,32.75703,-117.23524,SAN DIEGO,,,WestonSolu,2018
B18-10182,B18-10182,32.55694,-117.12755,SAN DIEGO,,,SCCWRP,2018
B18-10198,B18-10198,32.75799,-117.22474,SAN DIEGO,,,SCCWRP,2018
B18-10270,B18-10270,32.96762,-117.29975,SAN DIEGO,,,SCCWRP,2018
B18-10277,B18-10277,32.58963,-117.26429,OOS,,,SCCWRP,2018
B18-10279,B18-10279,34.41865,-120.21411,OOS,,,SCCWRP,2018
B18-10295,B18-10295,34.13292,-119.36349,OOS,,,SCCWRP,2018
B18-10309,B18-10309,33.81933333,-118.5253667,OOS,,,SCCWRP,2018
B18-10319,B18-10319,32.65916,-117.33711,OOS,,,SCCWRP,2018
B18-10322,B18-10322,34.3431,-120.3685,OOS,,,SCCWRP,2018
B18-10332,B18-10332,34.17078,-119.79365,OOS,,,SCCWRP,2018
B18-10340,B18-10340,34.03851,-119.12563,OOS,,,SCCWRP,2018
B18-10352,B18-10352,34.2172,-119.9141,OOS,,,SCCWRP,2018
B18-10362,B18-10362,33.63471,-118.58363,OOS,,,SCCWRP,2018
B18-10417,B18-10417,33.73108333,-118.1573667,LOS ANGELES,,,SCCWRP,2018
SCBPP_0595,0595_SCBPP,34.23253,-119.29198,VENTURA,,,CLAEMD,1994
SCBPP_1090,1090_SCBPP,33.89717,-118.442,LOS ANGELES,,,TEX-AM,1994
2146_B98,B98_2146,33.60272,-117.88758,ORANGE,,,OCSD,1998
2174_B98,B98_2174,33.73431,-118.2666,LOS ANGELES,,,OCSD,1998
2178_B98,B98_2178,33.72796,-118.27064,LOS ANGELES,,,CRGML,1998
2195_B98,B98_2195,33.91026,-118.52452,FEDERAL WATERS,,,CLAEMD,1998
2200_B98,B98_2200,33.74789,-118.42915,LOS ANGELES,,,LACSD,1998
2201_B98,B98_2201,33.72054,-118.39262,LOS ANGELES,,,LACSD,1998
2217_B98,B98_2217,32.66257,-117.31068,FEDERAL WATERS,,,SCCWRP,1998
2268_B98,B98_2268,34.4001,-119.8106,SANTA BARBARA,,,CLAEMD,1998
2277_B98,B98_2277,33.5082,-117.7651,ORANGE,,,CRGML,1998
2294_B98,B98_2294,33.0034,-117.3048,SAN DIEGO,,,CRGML,1998
2351_B98,B98_2351,32.8215,-117.3202,SAN DIEGO,,,CSD,1998
2379_B98,B98_2379,34.019,-118.83729,LOS ANGELES,,,CRGML,1998
2398_B98,B98_2398,33.6192,-118.14307,FEDERAL WATERS,,,LACSD,1998
2411_B98,B98_2411,32.75267,-117.34298,FEDERAL WATERS,,,CSD,1998
4017_B03,B03_4017,33.64585,-117.88895,ORANGE,,,CRGML,2003
4030_B03,B03_4030,33.51182,-117.77133,ORANGE,,,OCSD,2003
4043_B03,B03_4043,34.28399,-119.35491,VENTURA,,,CRGML,2003
4068_B03,B03_4068,32.58567,-117.3411,FEDERAL WATERS,,,CSD,2003
4070_B03,B03_4070,33.75853,-118.44631,LOS ANGELES,,,LACSD,2003
4087_B03,B03_4087,33.13944,-117.31866,SAN DIEGO,,,CRGML,2003
4158_B03,B03_4158,33.42784,-117.64485,ORANGE,,,OCSD,2003
4197_B03,B03_4197,34.03279,-118.6822,LOS ANGELES,,,CRGML,2003
4242_B03,B03_4242,33.72421,-118.22423,LOS ANGELES,,,CLAEMD,2003
4248_B03,B03_4248,32.67934,-117.28212,SAN DIEGO,,,CSD,2003
4286_B03,B03_4286,33.50335,-117.76498,ORANGE,,,OCSD,2003
4308_B03,B03_4308,32.6308,-117.12242,SAN DIEGO,,,CSD,2003
4331_B03,B03_4331,34.25494,-119.32504,VENTURA,,,CRGML,2003
4362_B03,B03_4362,33.63717,-118.24808,FEDERAL WATERS,,,LACSD,2003
4400_B03,B03_4400,33.7222,-118.21169,LOS ANGELES,,,CLAEMD,2003
4423_B03,B03_4423,33.60848,-117.89604,ORANGE,,,OCSD,2003
4446_B03,B03_4446,33.45058,-119.06927,SANTA BARBARA,,,CSD,2003
4522_B03,B03_4522,32.66186,-117.44736,FEDERAL WATERS,,,CSD,2003
5787_B03,B03_5787,33.96347,-118.4554,LOS ANGELES,,,CSD,2003
B03W046_B03,B03_B03W046,33.64287,-118.00107,ORANGE,,,USC,2003
BRI-08_B03,B03_BRI-08,33.61202,-117.92783,ORANGE,,,OCSD,2003
BRI-14_B03,B03_BRI-14,33.46075,-117.69122,ORANGE,,,CRGML,2003
B03_SAR 75 L,SAR 75 L_B03,33.62853,-117.9576,ORANGE,,,OCSD,2003
6110_B08,B08-6110,32.68286,-117.13838,SAN DIEGO,,,CSD,2008
B18-10304,B18-10304,34.0336,-119.0299167,VENTURA,,,SCCWRP,2018
B18-10308,B18-10308,33.91241667,-118.5884,OOS,,,SCCWRP,2018
B18-10312,B18-10312,33.57585144,-118.1258469,OOS,,,SCCWRP,2018
B18-10313,B18-10313,33.56827164,-118.0244064,OOS,,,SCCWRP,2018
B18-10315,B18-10315,33.46405029,-117.7619476,ORANGE,,,SCCWRP,2018
B18-10325,B18-10325,34.26192,-119.80543,OOS,,,SCCWRP,2018
B18-10338,B18-10338,34.11835,-119.62891,OOS,,,SCCWRP,2018
B18-10339,B18-10339,34.0416,-119.19758,OOS,,,SCCWRP,2018
B18-10341,B18-10341,33.95835,-118.6488333,OOS,,,SCCWRP,2018
B18-10344,B18-10344,33.55599976,-118.022377,OOS,,,SCCWRP,2018
B18-10345,B18-10345,33.55567169,-118.1146774,OOS,,,SCCWRP,2018
B18-10346,B18-10346,33.53686142,-117.8476868,ORANGE,,,SCCWRP,2018
B18-10353,B18-10353,33.94426667,-118.7714333,OOS,,,SCCWRP,2018
B18-10354,B18-10354,33.93569,-118.89724,OOS,,,SCCWRP,2018
B18-10359,B18-10359,33.83238333,-118.6494333,OOS,,,SCCWRP,2018
B18-10361,B18-10361,33.63793945,-118.3023605,OOS,,,SCCWRP,2018
B03_KEL125L,KEL125L_B03,32.71215,-117.2364,SAN DIEGO,,,MEC,2003
B03_SEL 225LSL,SEL 225LSL_B03,33.01355,-117.2813,SAN DIEGO,,,EN,2003
B03_TJ RIVER SURF,TJ RIVER SURF_B03,32.55713,-117.1298,SAN DIEGO,,,CSD,2003
B98_134001,134001_B98,33.9025,-118.433,LOS ANGELES,,,CLAEMD,1998
7296_B08,B08-7296,33.63784,-118.30275,FEDERAL WATERS,,,LACSD,2008
7305_B08,B08-7305,33.65956,-118.13065,FEDERAL WATERS,,,LACSD,2008
7426_B08,B08-7426,33.8935,-118.58414,FEDERAL WATERS,,,CLAEMD,2008
7460_B08,B08-7460,33.94219,-119.41164,FEDERAL WATERS,,,LACSD,2008
7615_B08,B08-7615,34.1511,-119.80065,FEDERAL WATERS,,,NOAACOAST,2008
7633_B08,B08-7633,34.18408,-120.11138,FEDERAL WATERS,,,CSD,2008
7668_B08,B08-7668,34.25396,-119.72961,FEDERAL WATERS,,,CSD,2008
B13-8008,B13-8008 OpenwaterStation,32.55824,-117.12058,SAN DIEGO,,,SCCWRP,2013
B13-8087,B13-8087 OpenwaterStation,32.69177,-117.15298,SAN DIEGO,,,SCCWRP,2013
B13-8095,B13-8095 OpenwaterStation,32.69619,-117.15341,SAN DIEGO,,,SCCWRP,2013
B13-8202,B13-8202 OpenwaterStation,33.08822,-117.29156,SAN DIEGO,,,SCCWRP,2013
B13-8222,B13-8222 OpenwaterStation,33.14016,-117.32504,SAN DIEGO,,,SCCWRP,2013
B13-8310,B13-8310-Long Beach Outer Harbor,33.71791,-118.23298,LOS ANGELES,,,SCCWRP,2013
B13-8430,B13-8430 OpenwaterStation,34.24421,-119.26488,VENTURA,,,SCCWRP,2013
B13-9151,B13-9151 OpenwaterStation,33.46467,-118.06632,ORANGE,,,SCCWRP,2013
B13-9185,B13-9185 OpenwaterStation,33.56469,-118.01844,ORANGE,,,SCCWRP,2013
B13-9400,B13-9400 OpenwaterStation,34.18317,-120.35129,SANTA BARBARA,,,SCCWRP,2013
B13-9427,B13-9427 OpenwaterStation,34.26002,-120.28113,SANTA BARBARA,,,SCCWRP,2013
B13-9432,B13-9432 OpenwaterStation,34.27781,-119.71827,SANTA BARBARA,,,SCCWRP,2013
B13-9467,B13-9467 OpenwaterStation,34.39839,-119.86476,SANTA BARBARA,,,SCCWRP,2013
B13-9482,B13-9482 OpenwaterStation,34.44309,-120.28516,SANTA BARBARA,,,SCCWRP,2013
B13-9487,B13-9487 OpenwaterStation,34.4647,-120.17971,SANTA BARBARA,,,SCCWRP,2013
B18-10016,B18-10016,32.78454056,-117.2405927,SAN DIEGO,,,SCCWRP,2018
B18-10030,B18-10030,32.68784148,-117.2302673,SAN DIEGO,,,SCCWRP,2018
B18-10067,B18-10067,33.45884207,-117.6992453,ORANGE,,,SCCWRP,2018
B18-10117,B18-10117,32.69188465,-117.238369,SAN DIEGO,,,SCCWRP,2018
B18-10124,B18-10124,32.68433,-117.13126,SAN DIEGO,,,SCCWRP,2018
B18-10137,B18-10137,32.66776,-117.12199,SAN DIEGO,,,SCCWRP,2018
B18-10152,B18-10152,33.7278,-118.07249,ORANGE,,,SCCWRP,2018
B18-10156,B18-10156,33.69625,-118.04604,ORANGE,,,SCCWRP,2018
B18-10172,B18-10172,33.0896,-117.29459,SAN DIEGO,,,SCCWRP,2018
B18-10178,B18-10178,32.68753,-117.13087,SAN DIEGO,,,SCCWRP,2018
B18-10194,B18-10194,32.97625,-117.24787,SAN DIEGO,,,SCCWRP,2018
B18-10197,B18-10197,32.75887,-117.2164,SAN DIEGO,,,SCCWRP,2018
B18-10232,B18-10232,33.09989,-117.32652,SAN DIEGO,,,SCCWRP,2018
7024_B08,B08-7024,32.62152,-117.14137,SAN DIEGO,,,CSD,2008
7611_B08,B08-7611,34.14562,-119.77009,FEDERAL WATERS,,,CSD,2008
7620_B08,B08-7620,34.16217,-119.66426,FEDERAL WATERS,,,CSD,2008
B13-8069,B13-8069 OpenwaterStation,32.67594,-117.12786,SAN DIEGO,,,SCCWRP,2013
B13-8099,B13-8099 OpenwaterStation,32.70224,-117.16059,SAN DIEGO,,,SCCWRP,2013
B13-8159,B13-8159 OpenwaterStation,32.78439,-117.2155,SAN DIEGO,,,SCCWRP,2013
7022_B08,B08-7022,32.62145,-117.4582,FEDERAL WATERS,,,CSD,2008
7121_B08,B08-7121,33.03242,-117.66924,FEDERAL WATERS,,,NOAACOAST,2008
SCBPP_0621,0621_SCBPP,34.22007,-119.3739,FEDERAL WATERS,,,SCCWRP,1994
SCBPP_0652,0652_SCBPP,34.2082,-119.34722,FEDERAL WATERS,,,SCCWRP,1994
B98_109101,109101_B98,33.0125,-117.288,SAN DIEGO,,,MEC,1998
B98_112001,112001_B98,33.1962,-117.402,SAN DIEGO,,,MEC,1998
SCBPP_0846,0846_SCBPP,34.06507,-119.11555,VENTURA,,,SCCWRP,1994
SCBPP_0884,0884_SCBPP,34.0295,-118.63367,LOS ANGELES,,,CLAEMD,1994
SCBPP_0908,0908_SCBPP,34.02033,-118.664,LOS ANGELES,,,CLAEMD,1994
SCBPP_0929,0929_SCBPP,34.01,-118.7505,LOS ANGELES,,,CLAEMD,1994
SCBPP_1100,1100_SCBPP,33.88717,-118.45417,LOS ANGELES,,,CLAEMD,1994
SCBPP_1142,1142_SCBPP,33.8523,-118.46112,LOS ANGELES,,,LACSD,1994
SCBPP_1236,1236_SCBPP,33.71053,-118.24497,LOS ANGELES,,,LACSD,1994
SCBPP_1399,1399_SCBPP,33.60658,-117.95763,ORANGE,,,OCSD,1994
SCBPP_1424,1424_SCBPP,33.59475,-117.92222,ORANGE,,,OCSD,1994
SCBPP_1550,1550_SCBPP,33.3572,-117.58207,SAN DIEGO,,,OCSD,1994
SCBPP_1634,1634_SCBPP,33.21318,-117.42523,SAN DIEGO,,,OCSD,1994
SCBPP_1804,1804_SCBPP,32.7505,-117.2785,SAN DIEGO,,,CSD,1994
7403_B08,B08-7403,33.83546,-118.46982,FEDERAL WATERS,,,CLAEMD,2008
7412_B08,B08-7412,33.85259,-119.19421,FEDERAL WATERS,,,NOAACOAST,2008
7428_B08,B08-7428,33.89774,-118.65692,FEDERAL WATERS,,,CLAEMD,2008
7671_B08,B08-7671,34.26112,-119.76734,FEDERAL WATERS,,,CSD,2008
B13-8060,B13-8060 OpenwaterStation,32.66493,-117.14993,SAN DIEGO,,,SCCWRP,2013
B13-8064,B13-8064 OpenwaterStation,32.67094,-117.12408,SAN DIEGO,,,SCCWRP,2013
B13-8074,B13-8074 OpenwaterStation,32.68541,-117.1365,SAN DIEGO,,,SCCWRP,2013
B13-8146,B13-8146 OpenwaterStation,32.7623,-117.23618,SAN DIEGO,,,SCCWRP,2013
B13-8179,B13-8179 OpenwaterStation,32.96601,-117.25244,SAN DIEGO,,,SCCWRP,2013
B13-8250,B13-8250 OpenwaterStation,33.2321,-117.41244,SAN DIEGO,,,SCCWRP,2013
B13-8265,B13-8265 OpenwaterStation,33.46092,-117.7023,ORANGE,,,SCCWRP,2013
B13-8321,B13-8321 OpenwaterStation,33.72697,-118.07016,ORANGE,,,SCCWRP,2013
B13-8372,B13-8372 OpenwaterStation,33.75123,-118.11866,LOS ANGELES,,,SCCWRP,2013
B13-9231,B13-9231 OpenwaterStation,33.69805,-118.4327,LOS ANGELES,,,SCCWRP,2013
B13-9435,B13-9435 OpenwaterStation,34.28456,-120.42371,SANTA BARBARA,,,SCCWRP,2013
B13-9465,B13-9465 OpenwaterStation,34.39505,-119.85862,SANTA BARBARA,,,SCCWRP,2013
B13-9481,B13-9481 OpenwaterStation,34.44262,-120.42759,SANTA BARBARA,,,SCCWRP,2013
B18-10069,B18-10069,33.21276,-117.39514,SAN DIEGO,,,SCCWRP,2018
B18-10076,B18-10076,32.72653738,-117.1765436,SAN DIEGO,,,SCCWRP,2018
B18-10180,B18-10180,32.64777,-117.11644,SAN DIEGO,,,SCCWRP,2018
B18-10181,B18-10181,32.64819,-117.1134,SAN DIEGO,,,SCCWRP,2018
B18-10318,B18-10318,32.70575,-117.34714,OOS,,,SCCWRP,2018
B18-10368,B18-10368,33.46393,-118.39472,LOS ANGELES,,,SCCWRP,2018
B18-10371,B18-10371,33.31747055,-118.1605301,OOS,,,SCCWRP,2018
B18-10374,B18-10374,33.14643,-117.74287,OOS,,,SCCWRP,2018
B18-10377,B18-10377,33.03235,-117.66876,OOS,,,SCCWRP,2018
B18-10396,B18-10396,33.9126205,-119.9479052,SANTA BARBARA,,,SCCWRP,2018
B18-10760,B18-10760,33.84,-118.27,LOS ANGELES,,,SCCWRP,2018
B18-10347,B18-10347,33.18063,-117.47828,OOS,,,SCCWRP,2018
B18-10351,B18-10351,32.69289,-117.3949,OOS,,,SCCWRP,2018
B18-10394,B18-10394,33.9948685,-120.3369503,SANTA BARBARA,,,SCCWRP,2018
7401_B08,B08-7401,33.83243,-118.64881,FEDERAL WATERS,,,LACSD,2008
7566_B08,B08-7566,34.09362,-120.58859,FEDERAL WATERS,,,CSD,2008
B13-8017,B13-8017 OpenwaterStation,32.63191,-117.13096,SAN DIEGO,,,SCCWRP,2013
B13-8068,B13-8068 OpenwaterStation,32.67537,-117.14385,SAN DIEGO,,,SCCWRP,2013
B13-8160,B13-8160 OpenwaterStation,32.78721,-117.20868,SAN DIEGO,,,SCCWRP,2013
B13-8346,B13-8346 OpenwaterStation,33.73889,-118.14453,LOS ANGELES,,,SCCWRP,2013
B13-8028,B13-8028 OpenwaterStation,32.64665,-117.11931,SAN DIEGO,,,SCCWRP,2013
B13-8031,B13-8031 OpenwaterStation,32.64747,-117.12142,SAN DIEGO,,,SCCWRP,2013
B13-8389,B13-8389 OpenwaterStation,33.76009,-118.12611,LOS ANGELES,,,SCCWRP,2013
B13-8098,B13-8098 OpenwaterStation,32.69981,-117.16097,SAN DIEGO,,,SCCWRP,2013
B13-8109,B13-8109 OpenwaterStation,32.71504,-117.18308,SAN DIEGO,,,SCCWRP,2013
SCBPP_0560,0560_SCBPP,34.24607,-119.28293,VENTURA,,,OCSD,1994
SCBPP_0665,0665_SCBPP,34.20447,-119.3463,FEDERAL WATERS,,,PACE,1994
SCBPP_1811,1811_SCBPP,32.73917,-117.272,SAN DIEGO,,,CSD,1994
B13-9178,B13-9178 OpenwaterStation,33.55364,-117.92891,ORANGE,,,SCCWRP,2013
B13-9197,B13-9197 OpenwaterStation,33.60008,-117.93292,ORANGE,,,SCCWRP,2013
2128_B98,B98_2128,34.24604,-119.25924,VENTURA,,,CRGML,1998
2130_B98,B98_2130,34.1712,-119.2235,VENTURA,,,CSD,1998
B13-8290,B13-8290 OpenwaterStation,33.64585,-117.88894,ORANGE,,,SCCWRP,2013
2138_B98,B98_2138,33.61408,-117.91378,ORANGE,,,OCSD,1998
2152_B98,B98_2152,33.75964,-118.16271,LOS ANGELES,,,CLAEMD,1998
B13-8315,B13-8315 OpenwaterStation,33.72378,-118.15268,LOS ANGELES,,,SCCWRP,2013
2159_B98,B98_2159,33.72233,-118.21024,LOS ANGELES,,,CLAEMD,1998
B13-8325,B13-8325 OpenwaterStation,33.72857,-118.15722,LOS ANGELES,,,SCCWRP,2013
2167_B98,B98_2167,33.7356,-118.15764,LOS ANGELES,,,CLAEMD,1998
2168_B98,B98_2168,33.71185,-118.25079,LOS ANGELES,,,SCCWRP,1998
2177_B98,B98_2177,33.73459,-118.24238,LOS ANGELES,,,CRGML,1998
2179_B98,B98_2179,33.73893,-118.21017,LOS ANGELES,,,CRGML,1998
2182_B98,B98_2182,33.72387,-118.26265,LOS ANGELES,,,CRGML,1998
2198_B98,B98_2198,33.88776,-118.52437,FEDERAL WATERS,,,CLAEMD,1998
2206_B98,B98_2206,33.6751,-118.2933,LOS ANGELES,,,LACSD,1998
2211_B98,B98_2211,33.58788,-118.00967,FEDERAL WATERS,,,OCSD,1998
2214_B98,B98_2214,32.68981,-117.30102,SAN DIEGO,,,SCCWRP,1998
2306,OCSD Ocean WQ Station 2306,33.58118,-118.05248,ORANGE,,,SCCWRP,2013
B13-9177,B13-9177 OpenwaterStation,33.54831,-117.82495,ORANGE,,,SCCWRP,2013
B18-10024,B18-10024,32.7148,-117.18302,SAN DIEGO,,,SCCWRP,2018
B18-10035,B18-10035,32.66075264,-117.14543,SAN DIEGO,,,SCCWRP,2018
2263_B98,B98_2263,32.71608,-117.17615,SAN DIEGO,,,CSD,1998
B18-10039,B18-10039,32.64157944,-117.139037,SAN DIEGO,,,SCCWRP,2018
2279_B98,B98_2279,33.5157,-117.7661,ORANGE,,,CRGML,1998
B18-10068,B18-10068,33.45761775,-117.6913947,ORANGE,,,SCCWRP,2018
2288_B98,B98_2288,33.1586,-117.3846,SAN DIEGO,,,CAS,1998
2295_B98,B98_2295,32.9911,-117.2991,SAN DIEGO,,,CRGML,1998
2296_B98,B98_2296,32.9989,-117.297,SAN DIEGO,,,CRGML,1998
2305_B98,B98_2305,33.9757,-118.4712,LOS ANGELES,,,SCCWRP,1998
2312_B98,B98_2312,34.0206,-118.665,LOS ANGELES,,,SCCWRP,1998
B13-9338,B13-9338 OpenwaterStation,34.02139,-119.22639,VENTURA,,,SCCWRP,2013
2325_B98,B98_2325,33.6278,-117.9872,ORANGE,,,OCSD,1998
B18-10113,B18-10113,32.71614,-117.17398,SAN DIEGO,,,SCCWRP,2018
2331_B98,B98_2331,34.2458,-119.2894,VENTURA,,,SCCWRP,1998
2339_B98,B98_2339,34.26696,-119.31223,VENTURA,,,CRGML,1998
B13-9415,B13-9415 OpenwaterStation,34.22748,-119.69712,SANTA BARBARA,,,SCCWRP,2013
B18-10364,B18-10364,33.57949829,-118.328743,OOS,,,SCCWRP,2018
B98_122101,122101_B98,33.63,-117.973,ORANGE,,,OCSD,1998
B13-8279,B13-8279 OpenwaterStation,33.61702,-117.90498,ORANGE,,,SCCWRP,2013
B98_135901,135901_B98,33.9517,-118.461,LOS ANGELES,,,CLAEMD,1998
B98_135801,135801_B98,33.9433,-118.455,LOS ANGELES,,,CLAEMD,1998
B98_137002,137002_B98,33.98,-118.5,LOS ANGELES,,,CLAEMD,1998
B98_137003,137003_B98,33.9742,-118.51,LOS ANGELES,,,CLAEMD,1998
B13-8351,B13-8351 OpenwaterStation,33.7402,-118.15912,LOS ANGELES,,,SCCWRP,2013
B13-8413,B13-8413 OpenwaterStation,33.97608,-118.4465,LOS ANGELES,,,SCCWRP,2013
B13-9170,B13-9170 OpenwaterStation,33.5155,-118.0768,ORANGE,,,SCCWRP,2013
B13-9310,B13-9310 OpenwaterStation,33.98202,-118.81463,LOS ANGELES,,,SCCWRP,2013
B13-9454,B13-9454 OpenwaterStation,34.3593,-119.8495,SANTA BARBARA,,,SCCWRP,2013
B13-9457,B13-9457 OpenwaterStation,34.36268,-120.01034,SANTA BARBARA,,,SCCWRP,2013
B18-10029,B18-10029,32.70189,-117.15893,SAN DIEGO,,,SCCWRP,2018
B18-10062,B18-10062,33.60879135,-117.9047699,ORANGE,,,SCCWRP,2018
B18-10065,B18-10065,33.46065841,-117.7009009,ORANGE,,,SCCWRP,2018
B18-10084,B18-10084,32.71208,-117.23282,SAN DIEGO,,,SCCWRP,2018
B18-10123,B18-10123,32.68549,-117.13635,SAN DIEGO,,,SCCWRP,2018
B18-10167,B18-10167,33.2314,-117.41233,SAN DIEGO,,,SCCWRP,2018
B18-10214,B18-10214,34.12493,-119.19272,VENTURA,,,SCCWRP,2018
B18-10246,B18-10246,34.3441,-119.56253,OOS,,,SCCWRP,2018
B18-10320,B18-10320,32.58565,-117.34061,OOS,,,SCCWRP,2018
7094_B08,B08-7094,32.80282,-117.48778,FEDERAL WATERS,,,CSD,2008
7647_B08,B08-7647,34.21884,-119.35474,FEDERAL WATERS,,,CSD,2008
B13-8038,B13-8038 OpenwaterStation,32.64857,-117.11395,SAN DIEGO,,,SCCWRP,2013
B13-8129,B13-8129 OpenwaterStation,32.7568,-117.23537,SAN DIEGO,,,SCCWRP,2013
B13-8176,B13-8176 OpenwaterStation,32.93356,-117.25665,SAN DIEGO,,,SCCWRP,2013
B13-8189,B13-8189 OpenwaterStation,33.01224,-117.27457,SAN DIEGO,,,SCCWRP,2013
B13-8421,B13-8421 OpenwaterStation,34.1127,-119.08406,VENTURA,,,SCCWRP,2013
B13-9396,B13-9396 OpenwaterStation,34.17124,-119.87676,SANTA BARBARA,,,SCCWRP,2013
B13-9407,B13-9407 OpenwaterStation,34.21626,-119.60595,SANTA BARBARA,,,SCCWRP,2013
2366_B98,B98_2366,34.33147,-119.61059,FEDERAL WATERS,,,SCCWRP,1998
2378_B98,B98_2378,34.03201,-118.92229,LOS ANGELES,,,CAS,1998
B18-10019,B18-10019,32.76813577,-117.2417244,SAN DIEGO,,,SCCWRP,2018
2388_B98,B98_2388,33.74816,-118.14888,LOS ANGELES,,,LACSD,1998
2414_B98,B98_2414,32.67683,-117.18999,SAN DIEGO,,,CSD,1998
B18-10073,B18-10073,32.78059831,-117.2492576,SAN DIEGO,,,SCCWRP,2018
2428_B98,B98_2428,33.71876,-118.25915,LOS ANGELES,,,SCCWRP,1998
2443_B98,B98_2443,33.98331,-118.45055,LOS ANGELES,,,CAS,1998
B18-10114,B18-10114,32.7026,-117.1618,SAN DIEGO,,,SCCWRP,2018
2454_B98,B98_2454,33.50985,-117.75307,ORANGE,,,CRGML,1998
4010_B03,B03_4010,33.7668,-118.24909,LOS ANGELES,,,CLAEMD,2003
4018_B03,B03_4018,33.75536,-118.12987,LOS ANGELES,,,CRGML,2003
B18-10376,B18-10376,33.05216,-117.45417,OOS,,,SCCWRP,2018
B18-10387,B18-10387,34.07546667,-119.74955,SANTA BARBARA,,,SCCWRP,2018
B18-10411,B18-10411,33.73636667,-118.2169333,LOS ANGELES,,,SCCWRP,2018
B18-10208,B18-10208,34.33409,-119.43464,VENTURA,,,SCCWRP,2018
4065_B03,B03_4065,33.6094,-117.90476,ORANGE,,,OCSD,2003
B18-10248,B18-10248,34.22984,-119.5182,OOS,,,SCCWRP,2018
B18-10251,B18-10251,34.01572,-118.91216,LOS ANGELES,,,SCCWRP,2018
4106_B03,B03_4106,33.63784,-118.30275,FEDERAL WATERS,,,CSD,2003
4116_B03,B03_4116,32.65828,-117.14434,SAN DIEGO,,,CSD,2003
4132_B03,B03_4132,32.69385,-117.39582,FEDERAL WATERS,,,CSD,2003
B13-8145,B13-8145 OpenwaterStation,32.7617,-117.23813,SAN DIEGO,,,SCCWRP,2013
B13-8163,B13-8163 OpenwaterStation,32.79459,-117.21997,SAN DIEGO,,,SCCWRP,2013
B13-8426,B13-8426 OpenwaterStation,34.17297,-119.22346,VENTURA,,,SCCWRP,2013
B13-9129,B13-9129 OpenwaterStation,33.26553,-117.53393,SAN DIEGO,,,SCCWRP,2013
B13-9426,B13-9426 OpenwaterStation,34.25858,-119.8104,SANTA BARBARA,,,SCCWRP,2013
B18-10173,B18-10173,33.08952,-117.28498,SAN DIEGO,,,SCCWRP,2018
B18-10242,B18-10242,34.42388,-120.05751,SANTA BARBARA,,,SCCWRP,2018
B18-10266,B18-10266,33.26554,-117.53338,OOS,,,SCCWRP,2018
2142_B98,B98_2142,33.60721,-117.91058,ORANGE,,,OCSD,1998
2155_B98,B98_2155,33.74333,-118.16782,LOS ANGELES,,,SCCWRP,1998
2186_B98,B98_2186,33.73126,-118.19305,LOS ANGELES,,,CLAEMD,1998
2191_B98,B98_2191,33.93661,-118.56096,FEDERAL WATERS,,,CLAEMD,1998
2241_B98,B98_2241,32.67029,-117.13662,SAN DIEGO,,,CSD,1998
2249_B98,B98_2249,32.62083,-117.128,SAN DIEGO,,,CSD,1998
2252_B98,B98_2252,32.69177,-117.15298,SAN DIEGO,,,CSD,1998
2260_B98,B98_2260,32.66723,-117.12999,SAN DIEGO,,,CSD,1998
2278_B98,B98_2278,33.5049,-117.7635,ORANGE,,,CAS,1998
2280_B98,B98_2280,33.5089,-117.7689,ORANGE,,,CRGML,1998
2321_B98,B98_2321,33.7295,-118.134,LOS ANGELES,,,OCSD,1998
2326_B98,B98_2326,33.6227,-117.9562,ORANGE,,,OCSD,1998
2329_B98,B98_2329,34.25,-119.2766,VENTURA,,,OCSD,1998
2338_B98,B98_2338,34.2697,-119.3411,VENTURA,,,CRGML,1998
2347_B98,B98_2347,33.40483,-117.65442,ORANGE,,,CAS,1998
2387_B98,B98_2387,33.84834,-118.45222,LOS ANGELES,,,LACSD,1998
2391_B98,B98_2391,33.70941,-118.13774,LOS ANGELES,,,LACSD,1998
2432_B98,B98_2432,33.75085,-118.23051,LOS ANGELES,,,OCSD,1998
2451_B98,B98_2451,33.75222,-118.17407,LOS ANGELES,,,CRGML,1998
B03_AC25R,AC25R_B03,33.51153,-117.75488,ORANGE,,,OCPHL,2003
B03_AC75L,AC75L_B03,33.51221,-117.75521,ORANGE,,,OCPHL,2003
4021_B03,B03_4021,33.92867,-118.48282,LOS ANGELES,,,CLAEMD,2003
4058_B03,B03_4058,33.643,-118.07835,FEDERAL WATERS,,,OCSD,2003
4083_B03,B03_4083,34.11821,-119.62891,FEDERAL WATERS,,,CSD,2003
4135_B03,B03_4135,34.31445,-120.28235,FEDERAL WATERS,,,CRGML,2003
4141_B03,B03_4141,33.92458,-118.52622,FEDERAL WATERS,,,CLAEMD,2003
4154_B03,B03_4154,33.62488,-118.07523,FEDERAL WATERS,,,OCSD,2003
4177_B03,B03_4177,33.61296,-117.91067,ORANGE,,,OCSD,2003
4327_B03,B03_4327,34.26882,-120.30652,FEDERAL WATERS,,,CRGML,2003
4349_B03,B03_4349,34.10503,-119.19551,VENTURA,,,CRGML,2003
B03W085_B03,B03_B03W085,33.7589,-118.1963,LOS ANGELES,,,USC,2003
B03W086_B03,B03_B03W086,33.9025,-118.4325,LOS ANGELES,,,USC,2003
B03_B03W058,B03W058_B03,33.66645,-118.08673,ORANGE,,,MEC,2003
B03_B03W113,B03W113_B03,34.27024,-119.31132,VENTURA,,,USC,2003
B03_KEL20O,KEL20O_B03,32.71014,-117.23658,SAN DIEGO,,,MEC,2003
SCBPP_1572,1572_SCBPP,33.31867,-117.55528,SAN DIEGO,,,TEX-AM,1994
2144_B98,B98_2144,33.60743,-117.90021,ORANGE,,,OCSD,1998
2150_B98,B98_2150,33.46248,-117.70234,ORANGE,,,OCSD,1998
2258_B98,B98_2258,32.676,-117.13215,SAN DIEGO,,,CSD,1998
2274_B98,B98_2274,34.1239,-119.1977,VENTURA,,,CRGML,1998
2304_B98,B98_2304,33.5214,-117.7698,ORANGE,,,CRGML,1998
2310_B98,B98_2310,34.0907,-119.0721,VENTURA,,,SCCWRP,1998
2396_B98,B98_2396,33.648,-118.1495,FEDERAL WATERS,,,LACSD,1998
2444_B98,B98_2444,33.98125,-118.44823,LOS ANGELES,,,CRGML,1998
4008_B03,B03_4008,33.22882,-117.41244,SAN DIEGO,,,CRGML,2003
4071_B03,B03_4071,34.34424,-120.36861,FEDERAL WATERS,,,CRGML,2003
4138_B03,B03_4138,33.72251,-118.27938,LOS ANGELES,,,CLAEMD,2003
4150_B03,B03_4150,33.87689,-118.47034,LOS ANGELES,,,CLAEMD,2003
4212_B03,B03_4212,32.62586,-117.13514,SAN DIEGO,,,CSD,2003
4298_B03,B03_4298,33.638,-118.31008,FEDERAL WATERS,,,CSD,2003
4337_B03,B03_4337,33.64729,-117.88633,ORANGE,,,CRGML,2003
4356_B03,B03_4356,32.74149,-117.42695,FEDERAL WATERS,,,CSD,2003
4545_B03,B03_4545,34.13421,-119.9578,FEDERAL WATERS,,,CSD,2003
B03W164_B03,B03_B03W164,32.77447,-117.26193,SAN DIEGO,,,USC,2003
BRI-15_B03,B03_BRI-15,32.7265,-117.1945,SAN DIEGO,,,CRGML,2003
B03_B03W015,B03W015_B03,32.53633,-117.12883,SAN DIEGO,,,CSD,2003
B03_B03W023,B03W023_B03,32.5955,-117.17217,SAN DIEGO,,,CSD,2003
B03_B03W092,B03W092_B03,33.9434,-118.48,LOS ANGELES,,,CLAEMD,2003
B03_B03W186,B03W186_B03,33.7391,-118.21558,LOS ANGELES,,,USC,2003
B03_B03W188,B03W188_B03,33.74725,-118.15083,LOS ANGELES,,,USC,2003
B03_B03W201,B03W201_B03,32.66887,-117.1867,SAN DIEGO,,,USC,2003
B03_LB225R,LB225R_B03,33.7452,-118.1194,LOS ANGELES,,,OCSD,2003
B03_MMT SHORE,MMT SHORE_B03,32.54343,-117.12488,SAN DIEGO,,,CSD,2003
B03_SGAB 25 L OFF,SGAB 25 L OFF_B03,33.73951,-118.1155,ORANGE,,,OCSD,2003
4153_B03,B03_4153,33.83243,-118.64881,FEDERAL WATERS,,,CSD,2003
SCBPP_1026,1026_SCBPP,33.967,-118.4965,LOS ANGELES,,,CLAEMD,1994
SCBPP_1046,1046_SCBPP,33.94767,-118.46017,LOS ANGELES,,,CLAEMD,1994
SCBPP_1776,1776_SCBPP,32.7905,-117.28283,SAN DIEGO,,,CSD,1994
B98_101004,101004_B98,32.54,-117.174,SAN DIEGO,,,CSD,1998
B98_102402,102402_B98,32.6495,-117.194,SAN DIEGO,,,CSD,1998
4195_B03,B03_4195,34.22414,-119.60633,FEDERAL WATERS,,,CRGML,2003
4222_B03,B03_4222,33.4282,-117.69035,ORANGE,,,OCSD,2003
4259_B03,B03_4259,34.13507,-119.19381,VENTURA,,,CRGML,2003
4369_B03,B03_4369,33.5751,-117.98489,FEDERAL WATERS,,,OCSD,2003
B03W013_B03,B03_B03W013,32.557,-117.257,FEDERAL WATERS,,,USC,2003
B03W052_B03,B03_B03W052,33.6557,-118.04322,ORANGE,,,USC,2003
B03W154_B03,B03_B03W154,32.72352,-117.27305,SAN DIEGO,,,USC,2003
B03_B03W024,B03W024_B03,32.59533,-117.19717,FEDERAL WATERS,,,CSD,2003
B03_B03W061,B03W061_B03,33.72787,-118.12025,LOS ANGELES,,,USC,2003
B03_B03W102,B03W102_B03,33.95944,-118.45972,LOS ANGELES,,,CLAEMD,2003
B03_B03W185,B03W185_B03,33.73065,-118.23106,LOS ANGELES,,,USC,2003
B03_SEL 0MSZ,SEL 0MSZ_B03,33.01428,-117.2841,SAN DIEGO,,,SEJPA,2003
B03_SGAB 75 L OFF,SGAB 75 L OFF_B03,33.73949,-118.115,ORANGE,,,OCSD,2003
B03_TJ RIVER 225R SURF,TJ RIVER 225R SURF_B03,32.55851,-117.1312,SAN DIEGO,,,CSD,2003
SCBPP_1944,1944_SCBPP,32.59,-117.16117,SAN DIEGO,,,CSD,1994
B98_101501,101501_B98,32.5491,-117.136,SAN DIEGO,,,CSD,1998
B98_102102,102102_B98,32.566,-117.164,SAN DIEGO,,,CSD,1998
SCBPP_1378,1378_SCBPP,33.61508,-117.97435,ORANGE,,,OCSD,1994
7413_B08,B08-7413,33.85342,-119.00988,FEDERAL WATERS,,,LACSD,2008
7590_B08,B08-7590,34.11821,-119.62891,FEDERAL WATERS,,,CSD,2008
B13-8248,B13-8248 OpenwaterStation,33.2318,-117.41337,SAN DIEGO,,,SCCWRP,2013
SCBPP_1208,1208_SCBPP,33.73405,-118.14513,LOS ANGELES,,,SCCWRP,1994
B13-9315,B13-9315 OpenwaterStation,33.99461,-120.33736,SANTA BARBARA,,,SCCWRP,2013
B13-9321,B13-9321 OpenwaterStation,34.00042,-118.81508,LOS ANGELES,,,SCCWRP,2013
B13-9122,B13-9122 OpenwaterStation,33.1878,-117.49531,SAN DIEGO,,,SCCWRP,2013
2244_B98,B98_2244,32.65966,-117.13189,SAN DIEGO,,,CSD,1998
B18-10072,B18-10072,33.20428,-117.39137,SAN DIEGO,,,SCCWRP,2018
2290_B98,B98_2290,33.116,-117.3587,SAN DIEGO,,,CRGML,1998
B13-9309,B13-9309 OpenwaterStation,33.97742,-118.87639,LOS ANGELES,,,SCCWRP,2013
B18-10140,B18-10140,32.66056,-117.12296,SAN DIEGO,,,SCCWRP,2018
B13-9464,B13-9464 OpenwaterStation,34.39469,-120.33147,SANTA BARBARA,,,SCCWRP,2013
B18-10162,B18-10162,33.63735,-117.96364,ORANGE,,,SCCWRP,2018
9030,Oceanside Pier-9030,33.192833333,-117.383166667,SAN DIEGO,,,SCCWRP,2013
B18-10023,B18-10023,32.71750433,-117.2155607,SAN DIEGO,,,SCCWRP,2018
2386_B98,B98_2386,33.87812,-118.42448,LOS ANGELES,,,LACSD,1998
2419_B98,B98_2419,32.58938,-117.26361,FEDERAL WATERS,,,CSD,1998
B18-10083,B18-10083,32.71255525,-117.2313107,SAN DIEGO,,,SCCWRP,2018
B18-10104,B18-10104,33.72181,-118.05772,ORANGE,,,SCCWRP,2018
B18-10127,B18-10127,32.6792,-117.12836,SAN DIEGO,,,SCCWRP,2018
B18-10132,B18-10132,32.67427308,-117.1246573,SAN DIEGO,,,SCCWRP,2018
B18-10142,B18-10142,32.66009,-117.11918,SAN DIEGO,,,SCCWRP,2018
B18-10163,B18-10163,33.62416,-117.89256,ORANGE,,,SCCWRP,2018
B18-10372,B18-10372,33.30579,-117.69797,OOS,,,SCCWRP,2018
4049_B03,B03_4049,33.13922,-117.33776,SAN DIEGO,,,CRGML,2003
B18-10674,B18-10674,33.79426,-118.229416,LOS ANGELES,,,SCCWRP,2018
4075_B03,B03_4075,33.64658,-117.8834,ORANGE,,,CRGML,2003
B18-10267,B18-10267,33.21753,-117.48042,OOS,,,SCCWRP,2018
4111_B03,B03_4111,34.39469,-120.33147,FEDERAL WATERS,,,CRGML,2003
B18-10276,B18-10276,32.59759,-117.24479,OOS,,,SCCWRP,2018
B18-10334,B18-10334,34.14988,-120.12125,OOS,,,SCCWRP,2018
4169_B03,B03_4169,33.41845,-118.02251,FEDERAL WATERS,,,OCSD,2003
4228_B03,B03_4228,32.78439,-117.2155,SAN DIEGO,,,CSD,2003
4360_B03,B03_4360,33.09137,-117.29967,SAN DIEGO,,,CRGML,2003
4366_B03,B03_4366,33.50726,-117.76013,ORANGE,,,OCSD,2003
4392_B03,B03_4392,33.58151,-118.75468,FEDERAL WATERS,,,CRGML,2003
4581_B03,B03_4581,34.16654,-120.60963,FEDERAL WATERS,,,CRGML,2003
B03W050_B03,B03_B03W050,33.596,-118.0402,FEDERAL WATERS,,,USC,2003
B03_B03W025,B03W025_B03,33.58018,-117.8594,ORANGE,,,USC,2003
B03_B03W035,B03W035_B03,33.57993,-117.90737,ORANGE,,,USC,2003
B03_B03W177,B03W177_B03,33.62537,-117.98957,ORANGE,,,USC,2003
B03_KEL150LSH,KEL150LSH_B03,32.70956,-117.23663,SAN DIEGO,,,MEC,2003
B03_LB75R,LB75R_B03,33.74431,-118.1183,LOS ANGELES,,,OCSD,2003
B03_SAR 450 L,SAR 450 L_B03,33.62672,-117.95481,ORANGE,,,OCSD,2003
7000_B08,B08-7000,32.53745,-117.14172,SAN DIEGO,,,CSD,2008
B13-8065,B13-8065 OpenwaterStation,32.67134,-117.11893,SAN DIEGO,,,SCCWRP,2013
B13-8417,B13-8417 OpenwaterStation,33.98331,-118.45055,LOS ANGELES,,,SCCWRP,2013
B13-9131,B13-9131 OpenwaterStation,33.26991,-117.56485,SAN DIEGO,,,SCCWRP,2013
B13-9135,B13-9135 OpenwaterStation,33.35272,-117.56349,SAN DIEGO,,,SCCWRP,2013
B18-10075,B18-10075,32.76727516,-117.2357596,SAN DIEGO,,,SCCWRP,2018
B18-10217,B18-10217,34.03331,-118.86411,LOS ANGELES,,,SCCWRP,2018
B18-10301,B18-10301,34.066452,-119.13413,VENTURA,,,SCCWRP,2018
SCBPP_1791,1791_SCBPP,32.769,-117.27883,SAN DIEGO,,,CSD,1994
2205,OCSD Ocean WQ Station 2205,33.57557,-118.0047,ORANGE,,,SCCWRP,2013
B18-10036,B18-10036,32.6581594,-117.1443714,SAN DIEGO,,,SCCWRP,2018
B18-10115,B18-10115,32.69442,-117.15254,SAN DIEGO,,,SCCWRP,2018
B18-10170,B18-10170,33.13903,-117.33747,SAN DIEGO,,,SCCWRP,2018
B18-10272,B18-10272,32.75187,-117.32275,OOS,,,SCCWRP,2018
B18-10280,B18-10280,34.39784,-120.08755,OOS,,,SCCWRP,2018
B18-10438,B18-10438,32.76652,-117.21854,SAN DIEGO,,,SCCWRP,2018
B18-10968,B18-10968,33.92353333,-118.5680667,OOS,,,SCCWRP,2018
2216_B98,B98_2216,32.67613,-117.32215,FEDERAL WATERS,,,CSD,1998
2303_B98,B98_2303,33.5189,-117.7821,ORANGE,,,CRGML,1998
2361_B98,B98_2361,34.39968,-119.57106,SANTA BARBARA,,,CAS,1998
2412_B98,B98_2412,32.72145,-117.29626,SAN DIEGO,,,CSD,1998
B03_AC75R,AC75R_B03,33.51123,-117.75415,ORANGE,,,SOCWA,2003
4097_B03,B03_4097,33.61521,-117.90282,ORANGE,,,OCSD,2003
4144_B03,B03_4144,33.22069,-117.51202,FEDERAL WATERS,,,CRGML,2003
4166_B03,B03_4166,33.70786,-118.35721,LOS ANGELES,,,LACSD,2003
4168_B03,B03_4168,33.64981,-117.86689,ORANGE,,,CRGML,2003
4317_B03,B03_4317,34.18276,-119.35365,FEDERAL WATERS,,,SCCWRP,2003
4340_B03,B03_4340,32.67891,-117.12767,SAN DIEGO,,,CSD,2003
4345_B03,B03_4345,33.90589,-118.81805,FEDERAL WATERS,,,CSD,2003
B03W170_B03,B03_B03W170,32.639,-117.15348,SAN DIEGO,,,USC,2003
B03_B03W042,B03W042_B03,33.61502,-117.9719,ORANGE,,,USC,2003
B03_SGAB 0 OFF,SGAB 0 OFF_B03,33.73904,-118.1173,ORANGE,,,OCSD,2003
SCBPP_0900,0900_SCBPP,34.023,-118.74683,LOS ANGELES,,,TEX-AM,1994
2287_B98,B98_2287,33.1593,-117.3892,SAN DIEGO,,,CRGML,1998
2328_B98,B98_2328,34.2202,-119.2889,VENTURA,,,OCSD,1998
2353_B98,B98_2353,32.552,-117.26367,FEDERAL WATERS,,,SCCWRP,1998
B03_AC225L,AC225L_B03,33.51296,-117.75613,ORANGE,,,SOCWA,2003
B03_AC225R,AC225R_B03,33.51026,-117.75318,ORANGE,,,OCPHL,2003
4036_B03,B03_4036,32.79645,-117.30499,SAN DIEGO,,,CSD,2003
4064_B03,B03_4064,33.00613,-117.29666,SAN DIEGO,,,CRGML,2003
4122_B03,B03_4122,33.60442,-118.14047,FEDERAL WATERS,,,LACSD,2003
4295_B03,B03_4295,34.3138,-119.88421,FEDERAL WATERS,,,CRGML,2003
4352_B03,B03_4352,33.211,-117.75559,FEDERAL WATERS,,,CSD,2003
4418_B03,B03_4418,32.67998,-117.17326,SAN DIEGO,,,CSD,2003
4856_B03,B03_4856,33.76993,-118.20629,LOS ANGELES,,,CSD,2003
4939_B03,B03_4939,34.03254,-118.68137,LOS ANGELES,,,CRGML,2003
B03_B03W016,B03W016_B03,32.55383,-117.13617,SAN DIEGO,,,USC,2003
B03_B03W019,B03W019_B03,32.55333,-117.18467,SAN DIEGO,,,USC,2003
B03_B03W051,B03W051_B03,33.66533,-118.03505,ORANGE,,,MEC,2003
B03_B03W111,B03W111_B03,34.27036,-119.35466,VENTURA,,,USC,2003
B03_LB75RO,LB75RO_B03,33.7438,-118.1186,LOS ANGELES,,,OCSD,2003
B03_TJ RIVER 25R SURF,TJ RIVER 25R SURF_B03,32.55718,-117.1301,SAN DIEGO,,,CSD,2003
B13-8151,B13-8151 OpenwaterStation,32.76715,-117.23551,SAN DIEGO,,,SCCWRP,2013
B13-9199,B13-9199 OpenwaterStation,33.60185,-118.05647,ORANGE,,,SCCWRP,2013
1903,OCSD Ocean WQ Station 1903,33.54603,-117.83637,ORANGE,,,SCCWRP,2013
B18-10022,B18-10022,32.72408,-117.18307,SAN DIEGO,,,SCCWRP,2018
B18-10071,B18-10071,33.20798,-117.3975367,SAN DIEGO,,,SCCWRP,2018
B18-10369,B18-10369,33.45228958,-117.7768402,ORANGE,,,SCCWRP,2018
2395_B98,B98_2395,33.67262,-118.05404,ORANGE,,,LACSD,1998
B03_AC25L,AC25L_B03,33.51195,-117.7549,ORANGE,,,SOCWA,2003
4161_B03,B03_4161,33.70325,-118.04919,ORANGE,,,CRGML,2003
4163_B03,B03_4163,34.07876,-119.51005,SANTA BARBARA,,,CSD,2003
B13-8328,B13-8328 OpenwaterStation,33.73088,-118.08168,ORANGE,,,SCCWRP,2013
B13-8358,B13-8358 OpenwaterStation,33.7442,-118.16867,LOS ANGELES,,,SCCWRP,2013
SCBPP_0085,0085_SCBPP,34.42653,-120.41188,SANTA BARBARA,,,SCCWRP,1994
B13-8375,B13-8375 OpenwaterStation,33.75284,-118.17749,LOS ANGELES,,,SCCWRP,2013
B13-9341,B13-9341 OpenwaterStation,34.02321,-118.59282,LOS ANGELES,,,SCCWRP,2013
B18-10043,B18-10043,32.61634603,-117.1031998,SAN DIEGO,,,SCCWRP,2018
B18-10210,B18-10210,34.24356,-119.38531,OOS,,,SCCWRP,2018
B18-10211,B18-10211,34.22837,-119.352,OOS,,,SCCWRP,2018
4280_B03,B03_4280,33.11481,-117.3481,SAN DIEGO,,,CRGML,2003
B03W083_B03,B03_B03W083,33.7264,-118.213,LOS ANGELES,,,USC,2003
B03W097_B03,B03_B03W097,33.9861,-118.4861,LOS ANGELES,,,USC,2003
B03_B03W066,B03W066_B03,33.7285,-118.1393,LOS ANGELES,,,MEC,2003
B03_BCS 700L,BCS 700L_B03,33.95654,-118.45148,LOS ANGELES,,,CLAEMD,2003
7081_B08,B08-7081,32.74998,-117.37212,FEDERAL WATERS,,,CSD,2008
7109_B08,B08-7109,32.99147,-117.63497,FEDERAL WATERS,,,CSD,2008
SCBPP_1328,1328_SCBPP,33.6485,-118.117,FEDERAL WATERS,,,LACSD,1994
B13-9316,B13-9316 OpenwaterStation,33.99528,-118.6328,LOS ANGELES,,,SCCWRP,2013
B13-9347,B13-9347 OpenwaterStation,34.03983,-119.23459,VENTURA,,,SCCWRP,2013
B18-10298,B18-10298,34.11006,-119.22164,VENTURA,,,SCCWRP,2018
SCBPP_0964,0964_SCBPP,33.974,-118.55883,FEDERAL WATERS,,,CLAEMD,1994
2194_B98,B98_2194,33.92056,-118.5215,FEDERAL WATERS,,,CLAEMD,1998
2220_B98,B98_2220,32.65967,-117.27998,SAN DIEGO,,,CSD,1998
2223_B98,B98_2223,32.71576,-117.23093,SAN DIEGO,,,CSD,1998
2430_B98,B98_2430,33.76916,-118.22453,LOS ANGELES,,,CRGML,1998
4004_B03,B03_4004,32.66321,-117.34123,FEDERAL WATERS,,,CSD,2003
4103_B03,B03_4103,34.23279,-119.70681,FEDERAL WATERS,,,CRGML,2003
4237_B03,B03_4237,34.12721,-119.4018,FEDERAL WATERS,,,CRGML,2003
B03W053_B03,B03_B03W053,33.64608,-118.0512,ORANGE,,,USC,2003
B03W090_B03,B03_B03W090,33.91666,-118.49416,LOS ANGELES,,,USC,2003
B03_B03W022,B03W022_B03,32.59467,-117.13783,SAN DIEGO,,,USC,2003
B03_B03W030,B03W030_B03,33.57925,-117.8838,ORANGE,,,USC,2003
B03_B03W044,B03W044_B03,33.59038,-117.99243,ORANGE,,,OCSD,2003
B03_B03W178,B03W178_B03,33.6154,-117.99785,ORANGE,,,USC,2003
B03_BCCENT,BCCENT_B03,33.96159,-118.4568,LOS ANGELES,,,CLAEMD,2003
B03_KEL2100L,KEL2100L_B03,32.71357,-117.235,SAN DIEGO,,,MEC,2003
B03_LB450RO,LB450RO_B03,33.74591,-118.12145,LOS ANGELES,,,OCSD,2003
B13-8013,B13-8013 OpenwaterStation,32.62351,-117.13374,SAN DIEGO,,,SCCWRP,2013
B13-8187,B13-8187 OpenwaterStation,32.97084,-117.25818,SAN DIEGO,,,SCCWRP,2013
2215_B98,B98_2215,32.68131,-117.31001,SAN DIEGO,,,CSD,1998
2230_B98,B98_2230,32.70192,-117.1787,SAN DIEGO,,,CSD,1998
4020_B03,B03_4020,32.76749,-117.2416,SAN DIEGO,,,CSD,2003
4035_B03,B03_4035,34.28359,-119.50714,FEDERAL WATERS,,,CRGML,2003
4115_B03,B03_4115,34.07896,-119.70119,SANTA BARBARA,,,CSD,2003
4119_B03,B03_4119,34.39993,-119.84333,SANTA BARBARA,,,CRGML,2003
4134_B03,B03_4134,33.81984,-118.42712,LOS ANGELES,,,LACSD,2003
SCBPP_1224,1224_SCBPP,33.72158,-118.13125,LOS ANGELES,,,LACSD,1994
SCBPP_1635,1635_SCBPP,33.21302,-117.41882,SAN DIEGO,,,OCSD,1994
SCBPP_1739,1739_SCBPP,32.8715,-117.25667,SAN DIEGO,,,CSD,1994
SCBPP_1617,1617_SCBPP,33.25283,-117.46823,SAN DIEGO,,,OCSD,1994
2450_B98,B98_2450,33.76004,-118.19923,LOS ANGELES,,,CRGML,1998
2368_B98,B98_2368,34.30119,-119.4631,FEDERAL WATERS,,,SCCWRP,1998
4038_B03,B03_4038,33.76682,-118.46048,LOS ANGELES,,,LACSD,2003
SCBPP_0820,0820_SCBPP,34.08888,-119.07395,VENTURA,,,SCCWRP,1994
B18-10740,B18-10740,34.42128,-119.65961,SANTA BARBARA,,,SCCWRP,2018
2342_B98,B98_2342,34.07007,-119.15965,VENTURA,,,CRGML,1998
2228_B98,B98_2228,32.72413,-117.1782,SAN DIEGO,,,SCCWRP,1998
2367_B98,B98_2367,34.31741,-119.53315,FEDERAL WATERS,,,CSD,1998
4015_B03,B03_4015,34.33381,-119.74172,FEDERAL WATERS,,,CRGML,2003
4264_B03,B03_4264,32.75681,-117.23538,SAN DIEGO,,,CRGML,2003
4343_B03,B03_4343,34.35025,-119.86295,FEDERAL WATERS,,,CRGML,2003
4231_B03,B03_4231,34.29313,-119.66079,FEDERAL WATERS,,,USC,2003
B03_B03W055,B03W055_B03,33.61643,-118.07573,FEDERAL WATERS,,,USC,2003
B03_B03W163,B03W163_B03,32.7648,-117.27415,SAN DIEGO,,,USC,2003
B03_KEL145RSH,KEL145RSH_B03,32.70885,-117.23681,SAN DIEGO,,,MEC,2003
B03_MCSS75,MCSS75_B03,34.03228,-118.6783,LOS ANGELES,,,LMU,2003
B03_BCS 225R,BCS 225R_B03,33.96611,-118.45969,LOS ANGELES,,,CLAEMD,2003
B03_B03W047,B03W047_B03,33.63422,-118.00825,ORANGE,,,MEC,2003
B03_B03W060,B03W060_B03,33.63683,-118.11125,FEDERAL WATERS,,,USC,2003
B03_B03W074,B03W074_B03,33.65042,-118.26005,FEDERAL WATERS,,,USC,2003
4186_B03,B03_4186,33.5669,-118.19137,FEDERAL WATERS,,,LACSD,2003
4217_B03,B03_4217,33.98485,-118.67034,LOS ANGELES,,,USC,2003
4052_B03,B03_4052,32.62322,-117.13415,SAN DIEGO,,,CSD,2003
4424_B03,B03_4424,33.75116,-118.11207,LOS ANGELES,,,CRGML,2003
BRI-09_B03,B03_BRI-09,33.61095,-117.9274,ORANGE,,,OCSD,2003
B03_BCS 75L,BCS 75L_B03,33.96084,-118.45512,LOS ANGELES,,,CLAEMD,2003
B03_KEL125LSH,KEL125LSH_B03,32.7094,-117.23674,SAN DIEGO,,,MEC,2003
B03_B03W081,B03W081_B03,33.7104,-118.2614,LOS ANGELES,,,USC,2003
B03_BAY0O,BAY0O_B03,32.62954,-117.1084,SAN DIEGO,,,MEC,2003
B03_KEL250RO,KEL250RO_B03,32.70971,-117.23659,SAN DIEGO,,,MEC,2003
B03_MCSN25L,MCSN25L_B03,34.03147,-118.6791,LOS ANGELES,,,LMU,2003
B03_TJ RIVER 75R SHORE,TJ RIVER 75R SHORE_B03,32.55718,-117.1308,SAN DIEGO,,,CSD,2003
2202_B98,B98_2202,33.72207,-118.37256,LOS ANGELES,,,LACSD,1998
B13-9281,B13-9281 OpenwaterStation,33.92103,-118.65011,LOS ANGELES,,,SCCWRP,2013
B18-10155,B18-10155,33.703369,-118.053169,ORANGE,,,SCCWRP,2018
B18-10066,B18-10066,33.46009293,-117.6939755,ORANGE,,,SCCWRP,2018
4316_B03,B03_4316,32.87412,-117.58208,FEDERAL WATERS,,,CSD,2003
B03_B03W080,B03W080_B03,33.7188,-118.2685,LOS ANGELES,,,USC,2003
B03_B03W200,B03W200_B03,32.61133,-117.14567,SAN DIEGO,,,USC,2003
B03_BCS 75R,BCS 75R_B03,33.96452,-118.45972,LOS ANGELES,,,CLAEMD,2003
B03_KEL250LO,KEL250LO_B03,32.71056,-117.23608,SAN DIEGO,,,MEC,2003
B03_SEL 75RSL,SEL 75RSL_B03,33.0156,-117.2829,SAN DIEGO,,,EN,2003
B13-9484,B13-9484 OpenwaterStation,34.45911,-120.31709,SANTA BARBARA,,,SCCWRP,2013
B18-10348,B18-10348,33.09388,-117.4173,OOS,,,SCCWRP,2018
2292_B98,B98_2292,33.1191,-117.3564,SAN DIEGO,,,SCCWRP,1998
2317_B98,B98_2317,32.7671,-117.2765,SAN DIEGO,,,SCCWRP,1998
B03W306_B03,B03_B03W306,33.6287,-117.957,ORANGE,,,USC,2003
B03_B03W062,B03W062_B03,33.69904,-118.12779,LOS ANGELES,,,USC,2003
7019_B08,B08-7019,32.60679,-117.27749,FEDERAL WATERS,,,CSD,2008
2315_B98,B98_2315,32.7695,-117.2698,SAN DIEGO,,,CSD,1998
B18-10370,B18-10370,33.3543396,-118.0431137,OOS,,,SCCWRP,2018
4325_B03,B03_4325,34.00971,-118.76078,LOS ANGELES,,,USC,2003
B18-10044,B18-10044,32.61409,-117.09877,SAN DIEGO,,,SCCWRP,2018
2298_B98,B98_2298,33.7291,-118.2338,LOS ANGELES,,,LACSD,1998
B03_B03W176,B03W176_B03,33.63498,-117.9818,ORANGE,,,USC,2003
B03_TM 25 R OFF,TM 25 R OFF_B03,33.63049,-117.963,ORANGE,,,OCSD,2003
B03_B03W026,B03W026_B03,33.57205,-117.86407,ORANGE,,,USC,2003
B03_B03W160,B03W160_B03,32.7528,-117.28703,SAN DIEGO,,,MEC,2003
B03_KEL1100LO,KEL1100LO_B03,32.71306,-117.235,SAN DIEGO,,,MEC,2003
B03_KEL280LSH,KEL280LSH_B03,32.7108,-117.23676,SAN DIEGO,,,MEC,2003
B03_LB225RO,LB225RO_B03,33.74455,-118.1201,LOS ANGELES,,,OCSD,2003
B03_B03W039,B03W039_B03,33.58482,-117.94463,ORANGE,,,USC,2003
B03_BCS25RO,BCS25RO_B03,33.96397,-118.46,LOS ANGELES,,,CLAEMD,2003
B03_SAR 0 OFF,SAR 0 OFF_B03,33.62791,-117.9591,ORANGE,,,OCSD,2003
B03_SEL 25LSZ,SEL 25LSZ_B03,33.01406,-117.2839,SAN DIEGO,,,EN,2003
SCBPP_1025,1025_SCBPP,33.96833,-118.476,LOS ANGELES,,,CLAEMD,1994
B18-10209,B18-10209,34.28353,-119.35437,VENTURA,,,SCCWRP,2018
B18-10243,B18-10243,34.40081,-119.83277,SANTA BARBARA,,,SCCWRP,2018
B18-10330,B18-10330,34.19786,-120.36249,OOS,,,SCCWRP,2018
B18-10397,B18-10397,33.855889,-118.279524,LOS ANGELES,,,SCCWRP,2018
B13-9087,B13-9087 OpenwaterStation,33.00299,-117.29813,SAN DIEGO,,,SCCWRP,2013
B18-10321,B18-10321,34.3625,-120.01058,OOS,,,SCCWRP,2018
B18-10367,B18-10367,33.46427917,-117.9197769,OOS,,,SCCWRP,2018
2397_B98,B98_2397,33.65001,-118.12609,FEDERAL WATERS,,,LACSD,1998
4355_B03,B03_4355,34.25865,-119.61226,FEDERAL WATERS,,,USC,2003
B03_B03W065,B03W065_B03,33.72993,-118.11792,ORANGE,,,USC,2003
B18-10011,B18-10011,33.724433,-118.2243,LOS ANGELES,,,SCCWRP,2018
B18-10373,B18-10373,33.27410889,-118.0863266,OOS,,,SCCWRP,2018
B18-10042,B18-10042,32.62558921,-117.1112711,SAN DIEGO,,,SCCWRP,2018
B18-10086,B18-10086,32.62354954,-117.1336251,SAN DIEGO,,,SCCWRP,2018
B18-10087,B18-10087,32.62166071,-117.1021686,SAN DIEGO,,,SCCWRP,2018
B18-10088,B18-10088,32.62153,-117.13015,SAN DIEGO,,,SCCWRP,2018
B18-10144,B18-10144,32.65118111,-117.1229596,SAN DIEGO,,,SCCWRP,2018
B18-10179,B18-10179,32.64968,-117.10863,SAN DIEGO,,,SCCWRP,2018
B18-10200,B18-10200,32.61784,-117.09824,SAN DIEGO,,,SCCWRP,2018
SCBPP_1223,1223_SCBPP,33.72255,-118.12125,LOS ANGELES,,,LACSD,1994
4312_B03,B03_4312,32.69094,-117.33595,FEDERAL WATERS,,,CSD,2003
B03_B03W059,B03W059_B03,33.65163,-118.0991,FEDERAL WATERS,,,USC,2003
B03_B03W202,B03W202_B03,32.66628,-117.22805,SAN DIEGO,,,USC,2003
SCBPP_0758,0758_SCBPP,34.1509,-119.27972,VENTURA,,,SCCWRP,1994
B13-9049,B13-9049 OpenwaterStation,32.82002,-117.3393,SAN DIEGO,,,SCCWRP,2013
B03_SEL 500LSZ,SEL 500LSZ_B03,33.01167,-117.27972,SAN DIEGO,,,EN,2003
B03_TM 225 R,TM 225 R_B03,33.63179,-117.9642,ORANGE,,,OCSD,2003
B18-10037,B18-10037,32.64698,-117.11822,SAN DIEGO,,,SCCWRP,2018
B18-10038,B18-10038,32.64268,-117.12624,SAN DIEGO,,,SCCWRP,2018
B18-10041,B18-10041,32.62848,-117.1254,SAN DIEGO,,,SCCWRP,2018
B18-10085,B18-10085,32.62588267,-117.1357061,SAN DIEGO,,,SCCWRP,2018
B18-10225,B18-10225,33.65979004,-118.1309433,OOS,,,SCCWRP,2018
B18-10336,B18-10336,34.14478,-120.17886,OOS,,,SCCWRP,2018
B18-10161,B18-10161,33.63159,-117.88644,ORANGE,,,SCCWRP,2018
4229_B03,B03_4229,33.98465,-118.60559,FEDERAL WATERS,,,USC,2003
B03_B03W173,B03W173_B03,33.61462,-117.94587,ORANGE,,,USC,2003
B03_B03W125,B03W125_B03,34.23425,-119.35444,FEDERAL WATERS,,,USC,2003
B03_KEL125R,KEL125R_B03,32.71017,-117.2368,SAN DIEGO,,,MEC,2003
B03_SAR 225 R,SAR 225 R_B03,33.62978,-117.9607,ORANGE,,,OCSD,2003
B03W034_B03,B03_B03W034,33.58805,-117.9027,ORANGE,,,USC,2003
B03_B03W054,B03W054_B03,33.63125,-118.06347,FEDERAL WATERS,,,MEC,2003
B03_B03W308,B03W308_B03,32.5553,-117.13,SAN DIEGO,,,USC,2003
B03_B03W158,B03W158_B03,32.74535,-117.27728,SAN DIEGO,,,USC,2003
B03_KEL150LO,KEL150LO_B03,32.70956,-117.23607,SAN DIEGO,,,MEC,2003
B03_TM 450 R OFF,TM 450 R OFF_B03,33.63231,-117.9664,ORANGE,,,OCSD,2003
B13-8425,B13-8425 OpenwaterStation,34.1712,-119.2235,VENTURA,,,SCCWRP,2013
B13-8355,B13-8355 OpenwaterStation,33.74233,-118.15301,LOS ANGELES,,,SCCWRP,2013
B03_AC25ROFFSHORE,AC25ROFFSHORE_B03,33.5119,-117.7549,ORANGE,,,OCPHL,2003
B03_AC75LOFFSHORE,AC75LOFFSHORE_B03,33.5112,-117.7542,ORANGE,,,OCPHL,2003
4214_B03,B03_4214,33.84182,-118.56007,FEDERAL WATERS,,,USC,2003
B03_KEL1MZO,KEL1MZO_B03,32.71104,-117.2363,SAN DIEGO,,,MEC,2003
B03_SAR 75 R OFF,SAR 75 R OFF_B03,33.6283,-117.96,ORANGE,,,OCSD,2003
B03_B03W129,B03W129_B03,34.23407,-119.26808,VENTURA,,,USC,2003
B03_TM 75 R,TM 75 R_B03,33.631,-117.9631,ORANGE,,,OCSD,2003
B03_B03W112,B03W112_B03,34.26988,-119.33196,VENTURA,,,USC,2003
B03_BAY100LSH,BAY100LSH_B03,32.62927,-117.1084,SAN DIEGO,,,MEC,2003
B03_BAY150LO,BAY150LO_B03,32.6281,-117.10862,SAN DIEGO,,,MEC,2003
B03_KEL10O,KEL10O_B03,32.70914,-117.23623,SAN DIEGO,,,MEC,2003
B03_LB25R,LB25R_B03,33.74402,-118.118,LOS ANGELES,,,OCSD,2003
B03_SEL 225LSZ,SEL 225LSZ_B03,33.01263,-117.2829,SAN DIEGO,,,SEJPA,2003
B03_SEL 75LSL,SEL 75LSL_B03,33.01466,-117.2819,SAN DIEGO,,,SEJPA,2003
B03_B03W305,B03W305_B03,33.742,-118.114,ORANGE,,,USC,2003
4342_B03,B03_4342,33.84007,-118.52216,FEDERAL WATERS,,,USC,2003
B03W167_B03,B03_B03W167,34.1638,-119.3527,FEDERAL WATERS,,,USC,2003
B03W168_B03,B03_B03W168,34.1638,-119.31122,FEDERAL WATERS,,,USC,2003
B03_BC 5280U,BC 5280U_B03,33.98671,-118.41577,LOS ANGELES,,,CLAEMD,2003
B03_MCSS25L,MCSS25L_B03,34.03187,-118.6786,LOS ANGELES,,,LMU,2003
B03_B_TM,B_TM_B03,33.37966,-117.57637,SAN DIEGO,,,OCSD,2003
B03_BC25L,BC25L_B03,33.96103,-118.4562,LOS ANGELES,,,CLAEMD,2003
B03_TM 225 R OFF,TM 225 R OFF_B03,33.63137,-117.9647,ORANGE,,,OCSD,2003
4324_B03,B03_4324,32.56644,-117.25758,FEDERAL WATERS,,,USC,2003
B23-12163,B23-12163_Agua Hedionda Lagoon,33.13948,-117.31869,SAN DIEGO,,,WestonSolu,2023
B23-12164,B23-12164_Agua Hedionda Lagoon,33.14009,-117.32445,SAN DIEGO,,,WestonSolu,2023
B23-12160,B23-12160_Batiquitos Lagoon,33.09033,-117.28693,SAN DIEGO,,,WestonSolu,2023
B23-12545,B23-12545_Agua Hedionda Lagoon,33.14236,-117.32822,SAN DIEGO,,,WestonSolu,2023
B23-12161,B23-12161_Batiquitos Lagoon,33.09052,-117.2786,SAN DIEGO,,,WestonSolu,2023
B23-12156,B23-12156_San Diego River Estuary,32.75697,-117.23527,SAN DIEGO,,,WestonSolu,2023
B23-12157,B23-12157_San Diego River Estuary,32.75755,-117.22719,SAN DIEGO,,,WestonSolu,2023
B23-12364,B23-12364_San Diego River Estuary,32.75987,-117.22216,SAN DIEGO,,,WestonSolu,2023
B23-12979,B23-12979_San Luis Rey River Estuary,33.20475,-117.38651,SAN DIEGO,,,WestonSolu,2023
B23-12368,B23-12368_San Luis Rey River Estuary,33.20347,-117.39084,SAN DIEGO,,,WestonSolu,2023
B23-12369,B23-12369_Santa Margarita River Estuary,33.23767,-117.3939,SAN DIEGO,,,WestonSolu,2023
B23-12976,B23-12976_Santa Margarita River Estuary,33.2353,-117.40871,SAN DIEGO,,,WestonSolu,2023
B23-12165,B23-12165_Santa Margarita River Estuary,33.23262,-117.41289,SAN DIEGO,,,WestonSolu,2023
B03_B03W099,B03W099_B03,33.96666,-118.52555,LOS ANGELES,,,USC,2003
B13-9366,B13-9366 OpenwaterStation,34.07896,-119.70119,SANTA BARBARA,,,SCCWRP,2013
B13-9357,B13-9357 OpenwaterStation,34.0587,-119.4967,SANTA BARBARA,,,SCCWRP,2013
B03_SAR 225 R OFF,SAR 225 R OFF_B03,33.62877,-117.9614,ORANGE,,,OCSD,2003
B03_SGAB 225 L OFF,SGAB 225 L OFF_B03,33.73939,-118.1137,ORANGE,,,OCSD,2003
4344_B03,B03_4344,33.20515,-117.45483,SAN DIEGO,,,USC,2003
B03_B03W189,B03W189_B03,33.71917,-118.23127,LOS ANGELES,,,USC,2003
B03_KEL125RO,KEL125RO_B03,32.71012,-117.2362,SAN DIEGO,,,MEC,2003
B03_SAR 25 R,SAR 25 R_B03,33.62912,-117.959,ORANGE,,,OCSD,2003
B03_SEL 300RSZ,SEL 300RSZ_B03,33.01806,-117.28333,SAN DIEGO,,,EN,2003
B03_LB25RO,LB25RO_B03,33.74355,-118.1184,LOS ANGELES,,,OCSD,2003
B03_KEL125RSH,KEL125RSH_B03,32.70901,-117.23686,SAN DIEGO,,,MEC,2003
B03_SEL 75LSZ,SEL 75LSZ_B03,33.01378,-117.2836,SAN DIEGO,,,SEJPA,2003
B03W096_B03,B03_B03W096,33.9588,-118.492,LOS ANGELES,,,USC,2003
B03_SAR 225 L OFF,SAR 225 L OFF_B03,33.62666,-117.9572,ORANGE,,,OCSD,2003
B03_B03W093,B03W093_B03,33.95555,-118.47776,LOS ANGELES,,,CLAEMD,2003
B03_B03W120,B03W120_B03,34.25157,-119.31132,VENTURA,,,USC,2003
B03_BC 0M,BC 0M_B03,33.96305,-118.45337,LOS ANGELES,,,CLAEMD,2003
B13-9373,B13-9373 OpenwaterStation,34.10163,-120.14239,SANTA BARBARA,,,SCCWRP,2013
B03_B03W190,B03W190_B03,33.7254,-118.20947,LOS ANGELES,,,LACSD,2003
B03_TM 0,TM 0_B03,33.6307,-117.9623,ORANGE,,,OCSD,2003
B03_TM 75 R OFF,TM 75 R OFF_B03,33.63066,-117.9634,ORANGE,,,OCSD,2003
B03_AC225ROFFSHORE,AC225ROFFSHORE_B03,33.513,-117.7561,ORANGE,,,SOCWA,2003
B03W045_B03,B03_B03W045,33.57557,-118.0047,FEDERAL WATERS,,,USC,2003
B03_SEL 225RSL,SEL 225RSL_B03,33.0168,-117.2832,SAN DIEGO,,,EN,2003
B03W166_B03,B03_B03W166,34.16407,-119.39658,FEDERAL WATERS,,,USC,2003
B03_B03W150,B03W150_B03,34.18281,-119.33272,FEDERAL WATERS,,,USC,2003
B03_B03W180,B03W180_B03,33.6903,-118.1036,ORANGE,,,MEC,2003
B03_BAY25LO,BAY25LO_B03,32.62941,-117.1095,SAN DIEGO,,,MEC,2003
B13-9277,B13-9277 OpenwaterStation,33.91856,-118.56344,LOS ANGELES,,,SCCWRP,2013
B13-9263,B13-9263 OpenwaterStation,33.84796,-118.56788,LOS ANGELES,,,SCCWRP,2013
B03_B03W121,B03W121_B03,34.25202,-119.28992,VENTURA,,,USC,2003
B03_BC75R,BC75R_B03,33.96451,-118.4598,LOS ANGELES,,,CLAEMD,2003
4281_B03,B03_4281,33.87804,-118.57077,FEDERAL WATERS,,,USC,2003
B03_SAR 25 R OFF,SAR 25 R OFF_B03,33.628,-117.9595,ORANGE,,,OCSD,2003
B03_B03W119,B03W119_B03,34.25148,-119.33218,VENTURA,,,USC,2003
B03_TM 25 R,TM 25 R_B03,33.63082,-117.9627,ORANGE,,,OCSD,2003
B13-9307,B13-9307 OpenwaterStation,33.96859,-119.07012,VENTURA,,,SCCWRP,2013
4335_B03,B03_4335,34.34981,-119.56926,SANTA BARBARA,,,USC,2003
B03_BAY25LSH,BAY25LSH_B03,32.62945,-117.1085,SAN DIEGO,,,MEC,2003
B03_BAY100LO,BAY100LO_B03,32.62904,-117.1094,SAN DIEGO,,,MEC,2003
B03_BC225L,BC225L_B03,33.95987,-118.4548,LOS ANGELES,,,CLAEMD,2003
B03_KEL1100L,KEL1100L_B03,32.71316,-117.2355,SAN DIEGO,,,MEC,2003
B03_B03W179,B03W179_B03,33.7099,-118.0929,ORANGE,,,MEC,2003
B03_BAY50LO,BAY50LO_B03,32.6288,-117.10911,SAN DIEGO,,,MEC,2003
B03_CORTEZ SURF,CORTEZ SURF_B03,32.57268,-117.13287,SAN DIEGO,,,CSD,2003
B13-8280,B13-8280 OpenwaterStation,33.61891,-117.92728,ORANGE,,,SCCWRP,2013
B03_B03W181,B03W181_B03,33.6616,-118.1175,FEDERAL WATERS,,,MEC,2003
B03_B03W191,B03W191_B03,33.7289,-118.15316,LOS ANGELES,,,LACSD,2003
B03_TM 25 L OFF,TM 25 L OFF_B03,33.63007,-117.9623,ORANGE,,,OCSD,2003
B03_KEL225LO,KEL225LO_B03,32.71278,-117.2354,SAN DIEGO,,,MEC,2003
B03_TM 75 L,TM 75 L_B03,33.63022,-117.9616,ORANGE,,,OCSD,2003
B03_KEL2100RO,KEL2100RO_B03,32.70789,-117.2364,SAN DIEGO,,,MEC,2003
B03_KEL2O,KEL2O_B03,32.71097,-117.2358,SAN DIEGO,,,MEC,2003
B03W064_B03,B03_B03W064,33.64139,-118.14287,FEDERAL WATERS,,,USC,2003
B03_SAR 25 L OFF,SAR 25 L OFF_B03,33.62774,-117.9587,ORANGE,,,OCSD,2003
B13-9285,B13-9285 OpenwaterStation,33.93477,-118.55325,LOS ANGELES,,,SCCWRP,2013
B13-8286,B13-8286 OpenwaterStation,33.63567,-117.9561,ORANGE,,,SCCWRP,2013
B03_BCPAC,BCPAC_B03,33.96107,-118.4579,LOS ANGELES,,,CLAEMD,2003
B03_KEL10SH,KEL10SH_B03,32.70919,-117.23678,SAN DIEGO,,,MEC,2003
B03_SGAB 450 L,SGAB 450 L_B03,33.73936,-118.11137,ORANGE,,,OCSD,2003
B03_TM 25 L,TM 25 L_B03,33.63049,-117.962,ORANGE,,,OCSD,2003
B13-9336,B13-9336 OpenwaterStation,34.01948,-118.74305,LOS ANGELES,,,SCCWRP,2013
B03_B03W114,B03W114_B03,34.26988,-119.28949,VENTURA,,,USC,2003
B03_AC225LOFFSHORE,AC225LOFFSHORE_B03,33.5103,-117.7532,ORANGE,,,OCPHL,2003
B13-9303,B13-9303 OpenwaterStation,33.9625,-118.4762,LOS ANGELES,,,SCCWRP,2013
B03_B03W135,B03W135_B03,34.21792,-119.3111,VENTURA,,,USC,2003
4271_B03,B03_4271,34.36487,-119.5308,SANTA BARBARA,,,USC,2003
B13-9348,B13-9348 OpenwaterStation,34.04114,-119.19721,VENTURA,,,SCCWRP,2013
B03_BCS225LO,BCS225LO_B03,33.95959,-118.4551,LOS ANGELES,,,CLAEMD,2003
B03_B03W187,B03W187_B03,33.75045,-118.17628,LOS ANGELES,,,USC,2003
B13-9326,B13-9326 OpenwaterStation,34.00509,-118.76663,LOS ANGELES,,,SCCWRP,2013
B03_KEL145RO,KEL145RO_B03,32.70883,-117.23632,SAN DIEGO,,,MEC,2003
B13-8273,B13-8273 OpenwaterStation,33.6094,-117.90476,ORANGE,,,SCCWRP,2013
B03_B03W183,B03W183_B03,33.7275,-118.1354,LOS ANGELES,,,USC,2003
B03_SGAB 225 L,SGAB 225 L_B03,33.73989,-118.1135,ORANGE,,,OCSD,2003
B03_ACU,ACU_B03,33.5117,-117.75468,ORANGE,,,OCPHL,2003
B13-9304,B13-9304 OpenwaterStation,33.96516,-119.8526,SANTA BARBARA,,,SCCWRP,2013
2103,OCSD Ocean WQ Station 2103,33.58482,-117.94463,ORANGE,,,SCCWRP,2013
B03_KEL2100R,KEL2100R_B03,32.7079,-117.2369,SAN DIEGO,,,MEC,2003
B13-9365,B13-9365 OpenwaterStation,34.07876,-119.51005,SANTA BARBARA,,,SCCWRP,2013
B03_BAY150LSH,BAY150LSH_B03,32.62838,-117.1079,SAN DIEGO,,,MEC,2003
B03_SEL 25RSZ,SEL 25RSZ_B03,33.01455,-117.2842,SAN DIEGO,,,EN,2003
B03_BAY50LSH,BAY50LSH_B03,32.62907,-117.10839,SAN DIEGO,,,MEC,2003
B03_TM 225 L OFF,TM 225 L OFF_B03,33.62899,-117.96071,ORANGE,,,OCSD,2003
B03_BCS 530L,BCS 530L_B03,33.95803,-118.45237,LOS ANGELES,,,CLAEMD,2003
B03_KEL2100LO,KEL2100LO_B03,32.7134,-117.2347,SAN DIEGO,,,MEC,2003
4357_B03,B03_4357,34.00908,-118.64084,LOS ANGELES,,,USC,2003
B03_SEL 25RSL,SEL 25RSL_B03,33.01531,-117.2826,SAN DIEGO,,,EN,2003
4190_B03,B03_4190,33.39655,-117.64992,ORANGE,,,USC,2003
4313_B03,B03_4313,33.99568,-118.74935,LOS ANGELES,,,USC,2003
B03_MCS25L,MCS25L_B03,34.03233,-118.6795,LOS ANGELES,,,LMU,2003
B03_AC25LOFFSHORE,AC25LOFFSHORE_B03,33.5115,-117.7545,ORANGE,,,SOCWA,2003
B03_BCS75LO,BCS75LO_B03,33.96053,-118.4562,LOS ANGELES,,,CLAEMD,2003
B03_KEL280LO,KEL280LO_B03,32.71081,-117.23613,SAN DIEGO,,,MEC,2003
4275_B03,B03_4275,34.1959,-119.45404,FEDERAL WATERS,,,USC,2003
B03_SGAB 25 L,SGAB 25 L_B03,33.74472,-118.0693,ORANGE,,,OCSD,2003
B03_B03W127,B03W127_B03,34.2338,-119.31121,VENTURA,,,USC,2003
B13-9305,B13-9305 OpenwaterStation,33.96621,-118.81172,LOS ANGELES,,,SCCWRP,2013
B03_B03W137,B03W137_B03,34.21819,-119.26841,VENTURA,,,USC,2003
4303_B03,B03_4303,34.43291,-120.35373,SANTA BARBARA,,,USC,2003
B03W169_B03,B03_B03W169,34.1638,-119.2669,VENTURA,,,USC,2003
B13-9345,B13-9345 OpenwaterStation,34.03417,-119.3516,VENTURA,,,SCCWRP,2013
4333_B03,B03_4333,33.95477,-118.5708,FEDERAL WATERS,,,USC,2003
B03_B03W126,B03W126_B03,34.23398,-119.33228,VENTURA,,,USC,2003
B13-9331,B13-9331 OpenwaterStation,34.0132,-118.67019,LOS ANGELES,,,SCCWRP,2013
B13-9363,B13-9363 OpenwaterStation,34.0754,-119.74853,SANTA BARBARA,,,SCCWRP,2013
B03_SAR 450 L OFF,SAR 450 L OFF_B03,33.626,-117.95528,ORANGE,,,OCSD,2003
B03_BC75L,BC75L_B03,33.96072,-118.4559,LOS ANGELES,,,CLAEMD,2003
B13-9323,B13-9323 OpenwaterStation,34.00126,-118.82444,LOS ANGELES,,,SCCWRP,2013
B03_BCS 225L,BCS 225L_B03,33.96005,-118.45402,LOS ANGELES,,,CLAEMD,2003
B13-8292,B13-8292 OpenwaterStation,33.64682,-117.88411,ORANGE,,,SCCWRP,2013
B13-9349,B13-9349 OpenwaterStation,34.04243,-119.08599,VENTURA,,,SCCWRP,2013
B03_TM 75 L OFF,TM 75 L OFF_B03,33.62983,-117.962,ORANGE,,,OCSD,2003
B03_BCSH 500R,BCSH 500R_B03,33.96613,-118.46057,LOS ANGELES,,,CLAEMD,2003
B13-9343,B13-9343 OpenwaterStation,34.03101,-119.4229,VENTURA,,,SCCWRP,2013
B03_KEL225R,KEL225R_B03,32.70906,-117.2369,SAN DIEGO,,,MEC,2003
B03W302_B03,B03_B03W302,34.2315,-119.265,VENTURA,,,USC,2003
B03_MCN25L,MCN25L_B03,34.03202,-118.6799,LOS ANGELES,,,LMU,2003
B03_KEL1MZ,KEL1MZ_B03,32.71115,-117.2368,SAN DIEGO,,,MEC,2003
B03_KEL1100RO,KEL1100RO_B03,32.70835,-117.2364,SAN DIEGO,,,MEC,2003
B03_KEL125LO,KEL125LO_B03,32.71207,-117.2357,SAN DIEGO,,,MEC,2003
B03_KEL225L,KEL225L_B03,32.71292,-117.2358,SAN DIEGO,,,MEC,2003
B03_SEL 75RSZ,SEL 75RSZ_B03,33.01546,-117.2844,SAN DIEGO,,,EN,2003
B03_MCS75L,MCS75L_B03,34.03272,-118.6793,LOS ANGELES,,,LMU,2003
B13-9292,B13-9292 OpenwaterStation,33.94372,-118.51978,LOS ANGELES,,,SCCWRP,2013
B03_BCS 530R,BCS 530R_B03,33.96849,-118.46051,LOS ANGELES,,,CLAEMD,2003
B03_BCS75RO,BCS75RO_B03,33.96444,-118.4602,LOS ANGELES,,,CLAEMD,2003
B03_SEL 225RSZ,SEL 225RSZ_B03,33.01671,-117.284,SAN DIEGO,,,EN,2003
B03_MCSN75L,MCSN75L_B03,34.03112,-118.6795,LOS ANGELES,,,LMU,2003
B03_KEL1100R,KEL1100R_B03,32.70838,-117.2368,SAN DIEGO,,,MEC,2003
B03_BC225R,BC225R_B03,33.96569,-118.4599,LOS ANGELES,,,CLAEMD,2003
B03_MCN75L,MCN75L_B03,34.03174,-118.6802,LOS ANGELES,,,LMU,2003
4311_B03,B03_4311,34.37571,-119.79339,SANTA BARBARA,,,USC,2003
B03_MCN225L,MCN225L_B03,34.03121,-118.6816,LOS ANGELES,,,LMU,2003
B13-8291,B13-8291 OpenwaterStation,33.64655,-117.88678,ORANGE,,,SCCWRP,2013
B13-9329,B13-9329 OpenwaterStation,34.01145,-120.4746,SANTA BARBARA,,,SCCWRP,2013
B13-9360,B13-9360 OpenwaterStation,34.06661,-119.5889,SANTA BARBARA,,,SCCWRP,2013
B13-9274,B13-9274 OpenwaterStation,33.91281,-119.9476,SANTA BARBARA,,,SCCWRP,2013
B13-8275,B13-8275 OpenwaterStation,33.61521,-117.89425,ORANGE,,,SCCWRP,2013
B03_MCSS225L,MCSS225L_B03,34.03352,-118.6777,LOS ANGELES,,,LMU,2003
B13-9259,B13-9259 OpenwaterStation,33.83243,-118.64881,LOS ANGELES,,,SCCWRP,2013
B03_MCS0L,MCS0L_B03,34.03171,-118.6788,LOS ANGELES,,,LMU,2003
B03_BCSH 500L,BCSH 500L_B03,33.95817,-118.45297,LOS ANGELES,,,CLAEMD,2003
B13-9376,B13-9376 OpenwaterStation,34.113,-120.02598,SANTA BARBARA,,,SCCWRP,2013
B13-9266,B13-9266 OpenwaterStation,33.86038,-118.44805,LOS ANGELES,,,SCCWRP,2013
B13-9378,B13-9378 OpenwaterStation,34.1156,-119.93616,SANTA BARBARA,,,SCCWRP,2013
B13-8269,B13-8269 OpenwaterStation,33.60067,-117.89502,ORANGE,,,SCCWRP,2013
B13-9267,B13-9267 OpenwaterStation,33.86084,-118.55917,LOS ANGELES,,,SCCWRP,2013
B13-9351,B13-9351 OpenwaterStation,34.04548,-120.4901,SANTA BARBARA,,,SCCWRP,2013
B13-9434,B13-9434 OpenwaterStation,34.28399,-119.35491,VENTURA,,,SCCWRP,2013
B13-9287,B13-9287 OpenwaterStation,33.93551,-118.59212,LOS ANGELES,,,SCCWRP,2013
