station_id,station_name,lat,lon,waterbody,subbasin,organization
15,"Antelope Creek, lower",42.019441,-120.968522,Antelope Creek,Lost,Bureau of Land Management
144,"Antelope Creek, upper",42.039783,-121.066896,Antelope Creek,Lost,Bureau of Land Management
66,"Barnes Valley Creek, lower",42.173996,-121.044495,Barnes Valley Creek,Lost,Bureau of Land Management
88,"Barnes Valley Creek, upper",42.165216,-120.999139,Barnes Valley Creek,Lost,Bureau of Land Management
1859,Beaver Creek above Corral Creek,42.11888889,-122.37,Beaver Creek,Upper Klamath,Bureau of Land Management
1860,Beaver Creek above Corral Creek (site operated by Friends of Grennsprings),42.11888889,-122.37,Beaver Creek,Upper Klamath,Bureau of Land Management
1861,Beaver Creek above Corral Creek (site operated by Southern Oregon University),42.11888889,-122.37,Beaver Creek,Upper Klamath,Bureau of Land Management
164,Ben Hall Creek,42.224557,-121.151625,Ben Hall Creek,Lost,Bureau of Land Management
13,"Buck Lake Springs, at control gate",42.267418,-122.199054,Spencer Creek,Upper Klamath,Bureau of Land Management
1865,Corral Creek @ confluence with Beaver Creek,42.11861111,-122.3702778,Corral Creek,Upper Klamath,Bureau of Land Management
1866,Corral Creek @ confluence with Beaver Creek (site operated by Friends of Grennsprings),42.11861111,-122.3702778,Corral Creek,Upper Klamath,Bureau of Land Management
1867,Corral Creek @ confluence with Beaver Creek (site operated by Southern Oregon University),42.11861111,-122.3702778,Corral Creek,Upper Klamath,Bureau of Land Management
1868,Dutch Oven Creek above confluence with Camp Creek,42.02333333,-122.4697222,Dutch Oven Creek,Upper Klamath,Bureau of Land Management
137,Gerber Reservoir North Campground,42.22,-121.135,Gerber Reservoir,Lost,Bureau of Land Management
10,Gerber Reservoir South Campground,42.202,-121.128,Gerber Reservoir,Lost,Bureau of Land Management
1869,Jenny Creek @ Irongate Reservoir,41.97722222,-122.3983333,Jenny Creek,Upper Klamath,Bureau of Land Management
1870,"Jenny Creek above Beaver Creek, Sec.33 SW1/4 SE1/4",42.12805556,-122.3530556,Jenny Creek,Upper Klamath,Bureau of Land Management
1871,Jenny Creek above Johnson Creek,42.16472222,-122.3219444,Jenny Creek,Upper Klamath,Bureau of Land Management
1872,Jenny Creek above Johnson Creek (site operated by Southern Oregon University),42.16472222,-122.3219444,Jenny Creek,Upper Klamath,Bureau of Land Management
1863,"Jenny Creek below Keene Creek, @ Box O Ranch north boundary",42.0825,-122.3497222,Jenny Creek,Upper Klamath,Bureau of Land Management
1864,"Jenny Creek below Oregon Gulch, @ Box O Ranch south boundary",42.05305556,-122.3586111,Jenny Creek,Upper Klamath,Bureau of Land Management
1873,"Jenny Creek below Spring Creek, @ Road 41-2E-10.1",42.02305556,-122.3588889,Jenny Creek,Upper Klamath,Bureau of Land Management
11,"Johnson Creek, lower (Sec. 29)",42.231867,-122.253226,Johnson Creek,Upper Klamath,Bureau of Land Management
149,"Johnson Creek, upper (sec 28)",42.239985,-122.240138,Johnson Creek,Upper Klamath,Bureau of Land Management
1862,"Keene Creek below Lincoln Creek, @ lower BLM line Sec.17 NW1/4",42.09361111,-122.3836111,Keene Creek,Upper Klamath,Bureau of Land Management
23,Klamath River at USGS station below JC Boyle Powerhouse,42.085002,-122.073083,Klamath River,Upper Klamath,Bureau of Land Management
86,Klamath River below springs,42.115576,-122.055,Klamath River,Upper Klamath,Bureau of Land Management
75,"Klamath River, below JC Boyle Dam",42.120504,-122.048733,Klamath River,Upper Klamath,Bureau of Land Management
116,"Klamath River, near power house",42.093165,-122.068961,Klamath River,Upper Klamath,Bureau of Land Management
57,Long Branch Creek,42.186868,-121.013218,Long Branch Creek,Lost,Bureau of Land Management
155,"Lost River, East Branch",42.004613,-121.117155,East Branch Lost River,Lost,Bureau of Land Management
154,"Miller Creek, lower (sec 33)",42.143193,-121.179456,Miller Creek,Lost,Bureau of Land Management
48,"Miller Creek, upper",42.18607,-121.135721,Miller Creek,Lost,Bureau of Land Management
78,"Miners Creek, lower (Sec 34)",42.218001,-122.095966,Miners Creek,Upper Klamath,Bureau of Land Management
17,"Miners Creek, upper (Sec 33)",42.222848,-122.115938,Miners Creek,Upper Klamath,Bureau of Land Management
1874,"Parker Creek above confluence with Jenny Creek, @ BLM gage",42.07361111,-122.3413889,Parker Creek,Upper Klamath,Bureau of Land Management
46,Rock Creek,42.00995,-120.965527,Rock Creek,Lost,Bureau of Land Management
56,Sevenmile Canal Fish Screen,42.607731,-122.000757,Sevenmile Canal,Wood,Bureau of Land Management
8,Sevenmile Canal Pump Discharge,42.582513,-121.97095,Wood River Wetland,Wood,Bureau of Land Management
85,Spencer Creek (Sec 11),42.194547,-122.074366,Spencer Creek,Upper Klamath,Bureau of Land Management
114,Spencer Creek (sec 28),42.238308,-122.115419,Spencer Creek,Upper Klamath,Bureau of Land Management
102,Spencer Creek (sec. 2),42.205853,-122.088229,Spencer Creek,Upper Klamath,Bureau of Land Management
42,Spencer Creek at mouth,42.154234,-122.027397,Spencer Creek,Upper Klamath,Bureau of Land Management
182,"Spencer Creek, above mouth",42.159352,-122.028711,Spencer Creek,Upper Klamath,Bureau of Land Management
129,"Spencer Creek, upper (sec 21)",42.246185,-122.123237,Spencer Creek,Upper Klamath,Bureau of Land Management
12,Wood River Above Pump,42.619164,-121.966713,Wood River,Wood,Bureau of Land Management
1045,Wood River Control Structure,42.60457092,-121.9519473,Wood River Wetland,Wood,Bureau of Land Management
39,Wood River Dike Bridge,42.580995,-121.941716,Wood River,Wood,Bureau of Land Management
135,Wood River New Mouth,42.570344,-121.936218,Wood River,Wood,Bureau of Land Management
30,Wood River Old Mouth,42.577896,-121.940635,Wood River,Wood,Bureau of Land Management
118,Wood River Pump Discharge,42.605155,-121.953242,Wood River Wetland,Wood,Bureau of Land Management
81,Wood River Top Channel,42.596217,-121.942982,Wood River,Wood,Bureau of Land Management
1046,WRW North Half 1,42.60333155,-121.9597297,Wood River Wetland,Wood,Bureau of Land Management
1043,WRW South Half 1,42.59946425,-121.964029,Wood River Wetland,Wood,Bureau of Land Management
1044,WRW South Half 2,42.58447663,-121.9719513,Wood River Wetland,Wood,Bureau of Land Management
101,Brazie Ranch,41.687,-122.6,,Shasta,CA Dept of Forestry and Fire Protection
111,Quartz Hill,41.6,-122.929,,Scott,CA Dept of Forestry and Fire Protection
43,Trinity Camp,40.679,-122.833,,Trinity,CA Dept of Forestry and Fire Protection
173,Weed Airport,41.47889,-122.45472,,Shasta,CA Dept of Forestry and Fire Protection
1594,Coffee Creek Ranger Station,41.08944,-122.70861,,Trinity,CA Dept of Water Resources/DFM-Hydro-SMN
112,Mud Springs,40.71213,-123.28921,,Trinity,CA Dept of Water Resources/DFM-Hydro-SMN
1596,Shasta R at Grenada Pumping Plant,41.61,-122.47111,Shasta River,Shasta,CA Dept of Water Resources/North Central Region Office
1597,Big Springs Creek near Grenada,41.59923,-122.43136,Big Springs Creek,Shasta,CA Dept of Water Resources/North Region Office
1598,French Creek at Hwy 3 near Callahan,41.41175,-122.85883,French Creek,Scott,CA Dept of Water Resources/North Region Office
1599,Little Shasta River below Big Springs Rd,41.70674,-122.43803,Little Shasta River,Shasta,CA Dept of Water Resources/North Region Office
1600,Little Springs Creek near Grenada,41.59341,-122.43166,Little Springs Creek,Shasta,CA Dept of Water Resources/North Region Office
1601,Shackleford Ck nr Mugginsville,41.62481,-122.96567,Shackleford Creek,Scott,CA Dept of Water Resources/North Region Office
1602,Shasta R blw Cty Rd A-12 nr Grenada,41.64907,-122.49917,,Shasta,CA Dept of Water Resources/North Region Office
1603,Shasta R nr Edgewood,41.47288,-122.4394,Shasta River,Shasta,CA Dept of Water Resources/North Region Office
1604,Sugar Ck blw Darbee Ditch nr Callahan,41.31568,-122.86948,Sugar Creek,Scott,CA Dept of Water Resources/North Region Office
1605,Sugar Creek nr Callahan,41.32859,-122.84339,Sugar Creek,Scott,CA Dept of Water Resources/North Region Office
1763,Beaver Creek,41.873924,-122.818961,Beaver Creek,Middle Klamath,"Cal Poly Humboldt, O'Dowd Lab"
1764,Bogus Creek,41.929448,-122.437423,Bogus Creek,Middle Klamath,"Cal Poly Humboldt, O'Dowd Lab"
1765,Brown Bear River Access,41.823147,-122.961755,Klamath River,Middle Klamath,"Cal Poly Humboldt, O'Dowd Lab"
1766,Gottville River Access,41.858519,-122.749668,Klamath River,Middle Klamath,"Cal Poly Humboldt, O'Dowd Lab"
1767,Horse Creek,41.84391,-123.04045,Horse Creek,Middle Klamath,"Cal Poly Humboldt, O'Dowd Lab"
1768,Iron Gate Dam,41.930849,-122.442208,Klamath River,Middle Klamath,"Cal Poly Humboldt, O'Dowd Lab"
1762,Klamath at Grider Road,41.82776,-123.19087,Klamath River,Middle Klamath,"Cal Poly Humboldt, O'Dowd Lab"
1769,Seiad Cr,41.84338,-123.20722,Seiad Creek,Middle Klamath,"Cal Poly Humboldt, O'Dowd Lab"
2258,Copco 1,41.979276,-122.334528,Klamath River,Upper Klamath,Cal Trout
2257,Iron Gate,41.931222,-122.441523,Klamath River,Middle Klamath,Cal Trout
92,Anderson Grade bridge (RL),41.772131,-122.593099,Shasta River,Shasta,California Department of Fish and Wildlife_Yreka Office
1957,Beaver Creek near mouth,41.98319,-122.31708,Beaver Creek,Upper Klamath,California Department of Fish and Wildlife_Yreka Office
1958,Beaver Creek reservoir footprint approx 0.15 RM from Copco Road,41.99316,-122.3104,Beaver Creek,Upper Klamath,California Department of Fish and Wildlife_Yreka Office
29,Below furthest DS culvert (RR),41.589473,-122.428182,Little Springs Creek,Shasta,California Department of Fish and Wildlife_Yreka Office
113,Big Springs between second and third road crossing (RL),41.602184,-122.427531,Big Springs Creek,Shasta,California Department of Fish and Wildlife_Yreka Office
1770,Big Springs Complex Snorkel Surveys,41.601733,-122.420031,Big Springs Creek,Shasta,California Department of Fish and Wildlife_Yreka Office
90,Big Springs DS of Little Springs confluence (RL),41.595922,-122.433854,Big Springs Creek,Shasta,California Department of Fish and Wildlife_Yreka Office
176,Big Springs outfall (RL),41.599125,-122.409542,Big Springs Creek,Shasta,California Department of Fish and Wildlife_Yreka Office
63,Big Springs US of confluence with Shasta (RL),41.594307,-122.437897,Big Springs Creek,Shasta,California Department of Fish and Wildlife_Yreka Office
59,Big Springs US of Little Springs confluence (RL),41.596112,-122.43326,Big Springs Creek,Shasta,California Department of Fish and Wildlife_Yreka Office
1959,Bogus Creek PIT array river left,41.92884,-122.44167,Bogus Creek,Middle Klamath,California Department of Fish and Wildlife_Yreka Office
1961,Camp Creek,41.70838,-122.64484,Camp Creek,Lower Klamath,California Department of Fish and Wildlife_Yreka Office
1962,Camp Creek reservoir footprint,41.96756,-122.43729,Camp Creek,Upper Klamath,California Department of Fish and Wildlife_Yreka Office
1963,Camp Creek right below Copco Road,41.97359,-122.4366,Camp Creek,Upper Klamath,California Department of Fish and Wildlife_Yreka Office
136,CDFW fish counting facility near Iron Gate Hatchery (RL),41.9294,-122.438258,Bogus Creek,Middle Klamath,California Department of Fish and Wildlife_Yreka Office
47,CDFW fish counting weir facility and rotary screw trap,41.829374,-122.593767,Shasta River,Shasta,California Department of Fish and Wildlife_Yreka Office
177,CDFW fish counting weir facility and rotary screw trap (RR),41.829374,-122.593767,Shasta River,Shasta,California Department of Fish and Wildlife_Yreka Office
1960,CDFW juvenile outmigrant trap on Bogus Creek,41.92924,-122.43941,Bogus Creek,Middle Klamath,California Department of Fish and Wildlife_Yreka Office
1964,Copco Springs mouth,41.98475,-122.3257,Copco Springs,Upper Klamath,California Department of Fish and Wildlife_Yreka Office
1965,Deer Creek near mouth,41.97823,-122.30131,Deer Creek,Upper Klamath,California Department of Fish and Wildlife_Yreka Office
1966,Deer Creek reservoir footprint approx 0.2 RM from Copco Road,41.97376,-122.30032,Deer Creek,Upper Klamath,California Department of Fish and Wildlife_Yreka Office
145,Down a hill from Ball Mountain Little Shasta Road (RR),41.752407,-122.278479,Little Shasta River,Shasta,California Department of Fish and Wildlife_Yreka Office
5,DS of fenceline and above seep inflow (RL),41.582403,-122.428498,Hole in the Ground Creek,Shasta,California Department of Fish and Wildlife_Yreka Office
98,DS of Martin Dairy Day Use Area (RR),41.789633,-122.197786,Little Shasta River,Shasta,California Department of Fish and Wildlife_Yreka Office
97,DS of rotary screw trap near Cabin Hole,41.727763,-123.008785,Scott River,Scott,California Department of Fish and Wildlife_Yreka Office
99,DS of spring outfall culvert (RL),41.592249,-122.420445,Little Springs Creek,Shasta,California Department of Fish and Wildlife_Yreka Office
1968,Fall Creek below culvert at Copco Village,41.97319,-122.36667,Fall Creek,Upper Klamath,California Department of Fish and Wildlife_Yreka Office
1967,Fall Creek near mouth river left,41.9727,-122.36647,Fall Creek,Upper Klamath,California Department of Fish and Wildlife_Yreka Office
108,Hidden Valley Ranch above Hole in Ground Ranch (RL),41.561948,-122.407746,Shasta River,Shasta,California Department of Fish and Wildlife_Yreka Office
168,Hole in Ground Creek (RL),41.582272,-122.429865,Hole in the Ground Creek,Shasta,California Department of Fish and Wildlife_Yreka Office
72,Hole in Ground Creek (RR),41.582494,-122.430246,Hole in the Ground Creek,Shasta,California Department of Fish and Wildlife_Yreka Office
141,Hole in Ground Creek near seep (RL),41.582289,-122.430061,Hole in the Ground Creek,Shasta,California Department of Fish and Wildlife_Yreka Office
6,Hole in Ground Creek US of confluence with Shasta (RR),41.582763,-122.430419,Hole in the Ground Creek,Shasta,California Department of Fish and Wildlife_Yreka Office
122,Immediately DS of middle culvert (RR),41.588153,-122.425316,Little Springs Creek,Shasta,California Department of Fish and Wildlife_Yreka Office
28,In Bull Meadow Branch of the Little Shasta (RR),41.745839,-122.166096,Little Shasta River,Shasta,California Department of Fish and Wildlife_Yreka Office
100,In meadow on Martin Dairy Campground (RL),41.796297,-122.208927,Little Shasta River,Shasta,California Department of Fish and Wildlife_Yreka Office
1970,Jenny Creek,41.972764,-122.403805,Jenny Creek,Upper Klamath,California Department of Fish and Wildlife_Yreka Office
1969,Jenny Creek mouth,41.97176,-122.40501,Jenny Creek,Upper Klamath,California Department of Fish and Wildlife_Yreka Office
1972,Jenny Creek near CalFire water intake off Copco Road,41.97692,-122.39848,Jenny Creek,Upper Klamath,California Department of Fish and Wildlife_Yreka Office
1971,Jenny Creek reservoir footprint river left approx 200m below Copco road bridge,41.97339,-122.4015,Jenny Creek,Upper Klamath,California Department of Fish and Wildlife_Yreka Office
1771,"Left of culvert, if facing opening",41.592139,-122.420869,Little Springs Creek,Lower Klamath,California Department of Fish and Wildlife_Yreka Office
53,Little Springs at confluence (RR),41.59582,-122.433296,Little Springs Creek,Shasta,California Department of Fish and Wildlife_Yreka Office
186,Little Springs Creek DS of Louie Road crossing (RR),41.593936,-122.432268,Little Springs Creek,Shasta,California Department of Fish and Wildlife_Yreka Office
49,Little Springs Creek US of Louie Road crossing (RR),41.590882,-122.430034,Little Springs Creek,Shasta,California Department of Fish and Wildlife_Yreka Office
125,Little Springs Creek US of Louie Road crossing (RR),41.592853,-122.430896,Little Springs Creek,Shasta,California Department of Fish and Wildlife_Yreka Office
184,Location of rotary screw trap near Cabin Hole (RL),41.726425,-122.009707,Scott River,Scott,California Department of Fish and Wildlife_Yreka Office
174,"Nelson Ranch, location of CDFW screw trap (RR)",41.607643,-122.455034,Shasta River,Shasta,California Department of Fish and Wildlife_Yreka Office
143,Old water wheel location (RR),41.601706,-122.419895,Big Springs Creek,Shasta,California Department of Fish and Wildlife_Yreka Office
44,Outfall of Kettle Springs impoundment,41.549378,-122.428424,Parks Creek,Shasta,California Department of Fish and Wildlife_Yreka Office
89,Parks Creek immediately US of confluence with Shasta (RL),41.580774,-122.429674,Parks Creek,Shasta,California Department of Fish and Wildlife_Yreka Office
9,Parks Creek overflow (RR),41.588309,-122.433826,Parks Creek,Shasta,California Department of Fish and Wildlife_Yreka Office
67,Parks Creek US of confluence with channel from Kettle Springs,41.534206,-122.441392,Parks Creek,Shasta,California Department of Fish and Wildlife_Yreka Office
94,Parks Creek US of confluence with channel from Kettle Springs,41.535733,-122.444272,Parks Creek,Shasta,California Department of Fish and Wildlife_Yreka Office
1772,Scott River Adult Dive,41.681828,-123.095383,Scott River,Scott,California Department of Fish and Wildlife_Yreka Office
1773,Scott River Juvenile Snorkel Surveys,41.648433,-123.114061,Scott River,Scott,California Department of Fish and Wildlife_Yreka Office
41,Shasta Big Springs immediately US Big Springs (RR),41.593145,-122.438732,Shasta River,Shasta,California Department of Fish and Wildlife_Yreka Office
83,Shasta Big Springs Ranch DS Big Springs (RL),41.594078,-122.444883,Shasta River,Shasta,California Department of Fish and Wildlife_Yreka Office
65,Shasta Big Springs Ranch DS Big Springs (RR),41.593059,-122.444089,Shasta River,Shasta,California Department of Fish and Wildlife_Yreka Office
3,Shasta Big Springs Ranch DS Big Springs (RR),41.594117,-122.440466,Shasta River,Shasta,California Department of Fish and Wildlife_Yreka Office
77,Shasta Big Springs Ranch DS Big Springs (RR),41.594715,-122.446313,Shasta River,Shasta,California Department of Fish and Wildlife_Yreka Office
1774,Shasta Canyon Snorkel Surveys,41.814736,-122.587378,Shasta River,Shasta,California Department of Fish and Wildlife_Yreka Office
128,Shasta River DS of confluence with Hole in Ground Creek (RL),41.583411,-122.430637,Shasta River,Shasta,California Department of Fish and Wildlife_Yreka Office
36,Shasta River immediately DS of Hole in Ground Ranch (RR),41.58054,-122.428928,Shasta River,Shasta,California Department of Fish and Wildlife_Yreka Office
68,Shasta River US of confluence with Hole in Ground Creek (RL),41.582508,-122.430707,Shasta River,Shasta,California Department of Fish and Wildlife_Yreka Office
1976,Shovel Creek at road crossing 1 RKM above mouth,41.96505,-122.15102,Shovel Creek,Upper Klamath,California Department of Fish and Wildlife_Yreka Office
1974,Shovel Creek near mouth,41.97238,-122.2035,Shovel Creek,Upper Klamath,California Department of Fish and Wildlife_Yreka Office
1975,Shovel Creek pool near barn,41.97121,-122.20161,Shovel Creek,Upper Klamath,California Department of Fish and Wildlife_Yreka Office
152,Small channel with water from Hole in Ground Creek (RR),41.580679,-122.428801,Hole in the Ground Creek,Shasta,California Department of Fish and Wildlife_Yreka Office
140,Small seep between CSC 3 and 4 (RR),41.582511,-122.429201,Hole in the Ground Creek,Shasta,California Department of Fish and Wildlife_Yreka Office
58,Suspended over largest spring in impoundment,41.593874,-122.419952,Little Springs Creek,Shasta,California Department of Fish and Wildlife_Yreka Office
134,US of confluence with Parks Creek (RR),41.581178,-122.428966,Shasta River,Shasta,California Department of Fish and Wildlife_Yreka Office
21,US of dirt road crossing on forest service land (RL),41.758417,-122.250577,Little Shasta River,Shasta,California Department of Fish and Wildlife_Yreka Office
20,"US of Hole in Ground Creek, DS of Parks Creek (RL)",41.581851,-122.430597,Shasta River,Shasta,California Department of Fish and Wildlife_Yreka Office
153,"US of trap location, point of release for marked fish",41.824108,-122.594395,Shasta River,Shasta,California Department of Fish and Wildlife_Yreka Office
38,US Shasta confluence (RL),41.831202,-122.593338,Klamath River,Middle Klamath,California Department of Fish and Wildlife_Yreka Office
87,Water entering from opening in bank into Big Springs (RR),41.599531,-122.432263,Big Springs Creek,Shasta,California Department of Fish and Wildlife_Yreka Office
175,Darbee Ditch near Callahan,41.316,-122.8686,,Scott,California Department of Water Resources
109,Dwinnell Reservoir near Edgewood,41.54089355,-122.3745499,Shasta River,Shasta,California Department of Water Resources
162,French Creek at HWY 3 near Callahan,41.41174698,-122.8588257,French Creek,Scott,California Department of Water Resources
1606,Gazelle Mountain,41.533989,-122.532279,,Shasta,California Department of Water Resources
27,Little Shasta River near Montague,41.73309326,-122.3503571,Little Shasta River,Shasta,California Department of Water Resources
1607,Macdoel II,41.802476,-121.996159,,Butte,California Department of Water Resources
146,Mill Creek near Mugginsville,41.58152771,-122.9605865,Mill Creek,Scott,California Department of Water Resources
1608,Montague,41.798331,-122.463425,,Shasta,California Department of Water Resources
187,MWCD Parks Creek Diversion near Edgewood,41.45180511,-122.4476471,Parks Creek Diversion,Shasta,California Department of Water Resources
131,Parks Creek near Big Springs,41.57934189,-122.4330902,Parks Creek,Shasta,California Department of Water Resources
142,Parks Creek near Edgewood,41.4921,-122.4711,Parks Creek,Shasta,California Department of Water Resources
1609,Scott Valley √¢¬Ä¬ì near Fort Jones,41.577778,-122.838125,,Scott,California Department of Water Resources
183,Shackelford Creek near Mugginsville,41.62481308,-122.9656677,Shackleford Creek,Scott,California Department of Water Resources
79,Shasta River near Edgewood,41.47288132,-122.4393997,Shasta River,Shasta,California Department of Water Resources
181,Sugar Creek below Darbee Ditch near Callahan,41.31568146,-122.8694839,Sugar Creek,Scott,California Department of Water Resources
160,Sugar Creek near Callahan,41.32859421,-122.8433914,Sugar Creek,Scott,California Department of Water Resources
1610,Tulelake √¢¬Ä¬ì UC Field Office near Tulelake,41.958869,-121.47237,,Lost,California Department of Water Resources
1611,MWCD Parks Cr Diversion NR Edgewood,41.45181,-122.44765,Parks Creek Diversion,Shasta,Eyasco Inc.
1612,Parks Big Springs,41.5735,-122.4395,Parks Big Springs,Shasta,Eyasco Inc.
1613,Parks Ck blw MWCD Diversion nr Edgewood,41.45293,-122.44748,Parks Creek,Shasta,Eyasco Inc.
1614,Upper Parks Creek,41.43552,-122.47804,Parks Creek,Shasta,Eyasco Inc.
1180,Ah Pah Creek,41.411105,-123.977191,,Lower Klamath,Green Diamond Resource Company
1173,Ah Pah Creek (WY 2008-present),41.41229715,-123.9528557,Ah Pah Creek,Lower Klamath,Green Diamond Resource Company
1138,Ah_Pah_Moon,41.41669657,-123.9515441,Moon Creek,Lower Klamath,Green Diamond Resource Company
1139,Ah_Pah_Moon_1RME,41.42337363,-123.9758721,Moon Creek,Lower Klamath,Green Diamond Resource Company
1140,Ah_Pah_SF_(CM_reach),41.40840072,-123.9510361,South Fork Ah Pah Creek,Lower Klamath,Green Diamond Resource Company
1141,Ah_Pah_SF_(rock_pit),41.40712251,-123.9516167,South Fork Ah Pah Creek,Lower Klamath,Green Diamond Resource Company
1142,Ah_Pah_SF_(Yurok),41.40287909,-123.9500725,South Fork Ah Pah Creek,Lower Klamath,Green Diamond Resource Company
84,Ah_Pah_SF_1,41.39566693,-123.9502021,South Fork Ah Pah Creek,Lower Klamath,Green Diamond Resource Company
103,Blue_(above_WF),41.44853227,-123.8927733,Blue Creek,Lower Klamath,Green Diamond Resource Company
1143,Dandy,41.53648943,-123.959085,Dandy Creek,Lower Klamath,Green Diamond Resource Company
1174,EF Tectah Creek (WY 2015 - present),41.26288564,-123.9641439,Tectah Creek,Lower Klamath,Green Diamond Resource Company
1144,EFT_1,41.229869,-123.9502628,Tectah Creek,Lower Klamath,Green Diamond Resource Company
1178,Elk Prairie,41.222426,-123.958867,,Lower Klamath,Green Diamond Resource Company
1145,Hoppaw_Creek_13,41.53147683,-124.0079893,Hoppaw Creek,Lower Klamath,Green Diamond Resource Company
1179,Hunter Creek,41.614527,-124.058305,,Lower Klamath,Green Diamond Resource Company
1146,Hunter_(H300),41.61425658,-124.0331994,West Fork Hunter Creek,Lower Klamath,Green Diamond Resource Company
1147,Hunter_EF,41.5979303,-124.0211872,Hunter Creek,Lower Klamath,Green Diamond Resource Company
1148,Johnson_(T251),41.32835143,-123.8883356,Johnson Creek,Lower Klamath,Green Diamond Resource Company
172,Klamath_(below_Hunter),41.54567694,-124.061429,Klamath River,Lower Klamath,Green Diamond Resource Company
1149,Kurowitz,41.63719249,-124.0231217,Kurwitz Creek,Lower Klamath,Green Diamond Resource Company
1175,Little Surpur Creek (WY 2013-present),41.37345247,-123.9066261,Little Surpur Creek,Lower Klamath,Green Diamond Resource Company
1150,Little_Surpur,41.37227264,-123.9077578,Little Surpur Creek,Lower Klamath,Green Diamond Resource Company
45,Little_Surpur_1,41.3696597,-123.9147532,Little Surpur Creek,Lower Klamath,Green Diamond Resource Company
1151,Mettah_(J805),41.27678825,-123.9250297,Mettah Creek,Lower Klamath,Green Diamond Resource Company
1152,Middle_Fork_Ah_Pah_1,41.40229019,-123.9734186,Ah Pah Creek,Lower Klamath,Green Diamond Resource Company
1153,Middle_Fork_Ah_Pah_2,41.38969735,-123.9802723,Ah Pah Creek,Lower Klamath,Green Diamond Resource Company
1154,Middle_Fork_Ah_Pah_3,41.40287343,-123.9735716,Ah Pah Creek,Lower Klamath,Green Diamond Resource Company
1155,Middle_Fork_Ah_Pah_4,41.40784572,-123.9975248,Ah Pah Creek,Lower Klamath,Green Diamond Resource Company
1156,Morek,41.2749969,-123.8323167,Morek Creek,Lower Klamath,Green Diamond Resource Company
1157,Mynot_(02),41.56620949,-124.027422,Mynot Creek,Lower Klamath,Green Diamond Resource Company
1158,Roach_(R100),41.22010352,-123.8895024,Roach Creek,Lower Klamath,Green Diamond Resource Company
1159,Roach_SF,41.18411189,-123.894052,Roach Creek,Lower Klamath,Green Diamond Resource Company
1176,SF Ah Pah Creek (WY 2017-present),41.40883812,-123.9510297,South Fork Ah Pah Creek,Lower Klamath,Green Diamond Resource Company
1160,Surpur,41.37455193,-123.9375135,Surpur Creek,Lower Klamath,Green Diamond Resource Company
1161,Surpur_A400A_(Rhva),41.34894079,-123.9553994,Surpur Creek,Lower Klamath,Green Diamond Resource Company
1162,Surpur_A400B_(Rhva),41.35212651,-123.9501497,Surpur Creek,Lower Klamath,Green Diamond Resource Company
1163,Surpur_B1042B_(Rhva),41.37542083,-123.9515292,Surpur Creek,Lower Klamath,Green Diamond Resource Company
1164,Surpur_B700A_(Rhva),41.36760261,-123.9641945,Surpur Creek,Lower Klamath,Green Diamond Resource Company
1165,Surpur_South_(Astr),41.3491651,-123.9561432,Surpur Creek,Lower Klamath,Green Diamond Resource Company
1166,Surpur_West_(Astr),41.36640947,-123.9528775,Surpur Creek,Lower Klamath,Green Diamond Resource Company
179,Tec_Air_1,41.26334778,-123.9642362,,Lower Klamath,Green Diamond Resource Company
1167,Tectah_(CM_reach),41.35688497,-123.9044768,Tectah Creek,Lower Klamath,Green Diamond Resource Company
1168,Tectah_T100_(Astr),41.29487239,-123.9505439,Tectah Creek,Lower Klamath,Green Diamond Resource Company
1169,Tectah_T190_(Astr),41.29708846,-123.9500646,Tectah Creek,Lower Klamath,Green Diamond Resource Company
1170,Tully_(W1200),41.20216622,-123.8253367,Tully Creek,Lower Klamath,Green Diamond Resource Company
1177,WF Tectah Creek (WY 2015-present),41.26297567,-123.9658708,Tectah Creek,Lower Klamath,Green Diamond Resource Company
1171,WFT_1,41.26350655,-123.9653203,Tectah Creek,Lower Klamath,Green Diamond Resource Company
167,WFT_5,41.26277018,-123.9715219,West Fork Tectah Creek,Lower Klamath,Green Diamond Resource Company
50,WFT_6,41.26255943,-123.9715743,West Fork Tectah Creek,Lower Klamath,Green Diamond Resource Company
133,Big_Hill,41.1,-123.64,,Trinity,Hoopa Tribe
170,Campbell Creek,41.02,-123.65,Campbell Creek,Trinity,Hoopa Tribe
1480,Confluence of Klamath and Trinity Rivers,41.187,-123.713,Klamath River,Lower Klamath,Hoopa Tribe
1479,Hospital Creek,41.041352,-123.679824,Hospital Creek,Trinity,Hoopa Tribe
171,Hospital Creek,41.04,-123.68,Hospital Creek,Trinity,Hoopa Tribe
1491,Hostler Creek,41.02544,-123.639049,Hostler Creek,Trinity,Hoopa Tribe
22,Hostler Creek,41.07,-123.68,Hostler Creek,Trinity,Hoopa Tribe
80,Klamath River/Hoopa,41.19,-123.68,Klamath River,Lower Klamath,Hoopa Tribe
126,Klamath/Trinity River,41.19,-123.71,Trinity River,Trinity,Hoopa Tribe
60,Lower Beaver Creek,41.1,-123.71,Beaver Creek,Trinity,Hoopa Tribe
1482,Lower Campbell Creek,41.022511,-123.649183,Campbell Creek,Trinity,Hoopa Tribe
1483,Lower Hostler Creek,41.075103,-123.688141,Hostler Creek,Trinity,Hoopa Tribe
1484,Lower Mill Creek,41.089677,-123.703186,Mill Creek,Trinity,Hoopa Tribe
1485,Lower Pine Creek,41.14681,-123.78519,Pine Creek,Trinity,Hoopa Tribe
1486,Lower Soctish Creek,41.086847,-123.708917,Soctish Creek,Trinity,Hoopa Tribe
1487,Lower Supply Creek,41.053784,-123.676885,Supply Creek,Trinity,Hoopa Tribe
1488,Lower Tish Tang Creek,41.025969,-123.640124,Tish Tang Creek,Trinity,Hoopa Tribe
1492,Medildin Village,41.037061,-123.668575,Trinity River,Trinity,Hoopa Tribe
147,Mill Creek,41.09,-123.7,Mill Creek,Trinity,Hoopa Tribe
1493,North Boundary,41.179995,-123.705535,Trinity River,Trinity,Hoopa Tribe
104,Pine Creek,41.15,-123.78,Pine Creek,Trinity,Hoopa Tribe
1495,Red Rock,41.10679,-123.688768,Trinity River,Trinity,Hoopa Tribe
1496,Red Rock Riverbar,41.105409,-123.691381,Trinity River,Trinity,Hoopa Tribe
1497,River Intake,41.049283,-123.670772,Trinity River,Trinity,Hoopa Tribe
1481,Saints Rest Bar,41.187972,-123.676941,Klamath River,Lower Klamath,Hoopa Tribe
119,Soctish Creek,41.09,-123.71,Soctish Creek,Trinity,Hoopa Tribe
1498,South Boundary,41.017311,-123.635596,Trinity River,Trinity,Hoopa Tribe
2,Supply Creek,41.05,-123.68,Supply Creek,Trinity,Hoopa Tribe
1500,Takamildin,41.066883,-123.693758,Trinity River,Trinity,Hoopa Tribe
1490,Tish Tang Campground,41.020446,-123.635142,Trinity River,Trinity,Hoopa Tribe
163,Tish Tang Creek,41.03,-123.64,Tish Tang Creek,Trinity,Hoopa Tribe
1494,TR_NORTON,41.138643,-123.685352,Trinity River,Trinity,Hoopa Tribe
1499,Treatment Facility,41.0498,-123.673553,Trinity River,Trinity,Hoopa Tribe
107,Trinity River Gorge,41.14,-123.68,Trinity River,Trinity,Hoopa Tribe
33,Trinity River Gorge,41.14,-123.68,Trinity River,Trinity,Hoopa Tribe
25,Trinity River Hoopa,41.05,-123.67,Trinity River,Trinity,Hoopa Tribe
127,Trinity River South,41.01,-123.63,Trinity River,Trinity,Hoopa Tribe
1501,Upper Hostler Creek,41.078254,-123.670769,Hostler Creek,Trinity,Hoopa Tribe
1502,Upper Mill Creek,41.1554,-123.5753,Mill Creek,Trinity,Hoopa Tribe
1503,Upper Pine Creek,41.025,-123.749194,Pine Creek,Trinity,Hoopa Tribe
156,Upper Pine Creek,41.03,-123.75,Upper Pine Creek,Trinity,Hoopa Tribe
1504,Upper Supply Creek,41.101,-123.739611,Supply Creek,Trinity,Hoopa Tribe
70,Upper Supply Creek,41.0,-123.74,Supply Creek,Trinity,Hoopa Tribe
1505,Upper Tish Tang Creek,41.0483,-123.58888,Tish Tang Creek,Trinity,Hoopa Tribe
1186,Beaver Creek confluence,41.87007,-122.8171,Beaver Creek,Middle Klamath,"Humboldt State University, Department of Fisheries Biology"
1185,Bogus Creek confluence,41.92916,-122.44271,Bogus Creek,Middle Klamath,"Humboldt State University, Department of Fisheries Biology"
1184,Camp Creek confluence,41.97411,-122.43571,Camp Creek,Upper Klamath,"Humboldt State University, Department of Fisheries Biology"
1183,Fall Creek confluence,41.97302,-122.36657,Fall Creek,Upper Klamath,"Humboldt State University, Department of Fisheries Biology"
1182,Jenny Creek confluence,41.97701,-122.39896,Jenny Creek,Upper Klamath,"Humboldt State University, Department of Fisheries Biology"
1187,Scotch Creek confluence,41.97559,-122.44007,Scotch Creek,Upper Klamath,"Humboldt State University, Department of Fisheries Biology"
1181,Shovel Creek confluence,41.97178,-122.20255,Shovel Creek,Upper Klamath,"Humboldt State University, Department of Fisheries Biology"
51,Aikens Creek,41.228403,-123.658152,Aikens Creek,Middle Klamath,Karuk Tribe
69,Aubrey Creek,41.586183,-123.517243,Aubrey Creek,Middle Klamath,Karuk Tribe
157,Beaver Creek,41.872851,-122.818159,Beaver Creek,Middle Klamath,Karuk Tribe
130,Bluff Creek,41.240405,-123.653984,Bluff Creek,Lower Klamath,Karuk Tribe
31,Bogus Creek,41.929224,-122.443039,Bogus Creek,Middle Klamath,Karuk Tribe
151,Cade Creek,41.807824,-123.34783,Cade Creek,Middle Klamath,Karuk Tribe
37,Camp Creek,41.295719,-123.557587,Camp Creek,Lower Klamath,Karuk Tribe
61,China Creek,41.794107,-123.303687,China Creek,Middle Klamath,Karuk Tribe
74,Coon Creek,41.61302,-123.49717,Coon Creek,Lower Klamath,Karuk Tribe
73,Cougar Creek (Tributary of Elk Creek),41.702396,-123.353677,Cougar Creek,Middle Klamath,Karuk Tribe
64,Crawford Creek (Humboldt Co.),41.29796,-123.563865,Crawford Creek,Lower Klamath,Karuk Tribe
19,Dillon Creek,41.576119,-123.539194,Dillon Creek,Middle Klamath,Karuk Tribe
283,East Fork Elk Creek (Tributary of Elk Creek),41.740889,-123.355254,East Fork Elk Creek,Middle Klamath,Karuk Tribe
34,Elk Creek,41.780953,-123.393684,Elk Creek,Middle Klamath,Karuk Tribe
115,Elliot Creek,41.594014,-123.508826,Elliott Creek,Middle Klamath,Karuk Tribe
7,Fort Goff Creek,41.864622,-123.257929,Fort Goff Creek,Middle Klamath,Karuk Tribe
278,Grider Creek,41.837389,-123.207935,Grider Creek,Middle Klamath,Karuk Tribe
110,Halverson Creek,41.459173,-123.504937,Halverson Creek,Middle Klamath,Karuk Tribe
305,Horse Creek,41.843322,-123.038084,Horse Creek,Middle Klamath,Karuk Tribe
158,Horse Creek (Near China Cr.),41.782085,-123.317525,Horse Creek,Middle Klamath,Karuk Tribe
26,Independence Creek,41.657402,-123.451239,Independence Creek,Middle Klamath,Karuk Tribe
161,Indian Creek,41.790191,-123.378799,Indian Creek,Middle Klamath,Karuk Tribe
76,Irving Creek,41.469202,-123.493952,Irving Creek,Middle Klamath,Karuk Tribe
165,Kings Creek,41.618149,-123.472065,King Creek,Middle Klamath,Karuk Tribe
138,Klamath River at Beaver Creek,41.8673,-122.80992,Klamath River,Middle Klamath,Karuk Tribe
54,Klamath River at Big Bar,41.250725,-123.639036,Klamath River,Lower Klamath,Karuk Tribe
197,Klamath River at Brown Bear River Access,41.823067,-122.961967,Klamath River,Middle Klamath,Karuk Tribe
216,Klamath River at I-5 Rest Area,41.856947,-122.57085,Klamath River,Middle Klamath,Karuk Tribe
169,Klamath River at Independednce Creek,41.659037,-123.449533,Klamath River,Middle Klamath,Karuk Tribe
196,Klamath River at Orleans,41.307133,-123.5311,Klamath River,Lower Klamath,Karuk Tribe
24,Klamath River at Sarah Totten Campground,41.787869,-123.05345,Klamath River,Middle Klamath,Karuk Tribe
280,Klamath River at Walker Bridge,41.837411,-122.864806,Klamath River,Middle Klamath,Karuk Tribe
217,Klamath River below Happy Camp,41.729654,-123.429207,Klamath River,Middle Klamath,Karuk Tribe
296,Klamath River below Iron Gate Dam,41.93099411,-122.4420678,Klamath River,Middle Klamath,Karuk Tribe
316,Klamath River below Seiad,41.842331,-123.220106,Klamath River,Middle Klamath,Karuk Tribe
117,Little Grider Creek,41.783848,-123.395181,Little Grider Creek,Middle Klamath,Karuk Tribe
62,Natuket Creek,41.401287,-123.503411,Natuket Creek,Middle Klamath,Karuk Tribe
95,Oak Flat Creek,41.729795,-123.435593,Oak Flat Creek,Middle Klamath,Karuk Tribe
120,O'Neil Creek,41.81044,-123.115922,O'Neil Creek,Middle Klamath,Karuk Tribe
139,Pearch Creek,41.309354,-123.520234,Pearch Creek,Lower Klamath,Karuk Tribe
1,Portuguese Creek,41.85924,-123.245397,Portuguese Creek,Middle Klamath,Karuk Tribe
32,Red Cap Creek,41.258888,-123.587094,Red Cap Creek,Lower Klamath,Karuk Tribe
106,Reynolds Creek,41.429166,-123.504686,Reynolds Creek,Middle Klamath,Karuk Tribe
166,Rock Creek (mouth),41.51291,-123.531144,Rock Creek,Middle Klamath,Karuk Tribe
180,Rogers Creek,41.444671,-123.490251,Rogers Creek,Middle Klamath,Karuk Tribe
150,Salmon River at Brannon's Bar,41.374614,-123.432759,Salmon River,Salmon,Karuk Tribe
93,Salmon River at Hippo Rock,41.37707,-123.477084,Salmon River,Salmon,Karuk Tribe
287,Salmon River near mouth,41.377331,-123.477297,Salmon River,Salmon,Karuk Tribe
121,Sandy Bar Creek,41.487583,-123.514731,Sandy Bar Creek,Middle Klamath,Karuk Tribe
243,Scott River near mouth,41.766631,-123.024386,Scott River,Scott,Karuk Tribe
4,Seiad Creek (above diversion),41.901564,-123.140006,Seiad Creek,Middle Klamath,Karuk Tribe
259,Seiad Creek (below diversion),41.842252,-123.197251,Seiad Creek,Middle Klamath,Karuk Tribe
298,Shasta River near mouth,41.823,-122.595,Shasta River,Shasta,Karuk Tribe
96,Slate Creek,41.25045,-123.643303,Slate Creek,Lower Klamath,Karuk Tribe
319,South Fork Salmon River above East Fork,41.14632,-123.10688,South Fork Salmon River,Salmon,Karuk Tribe
14,South Fork Salmon River at Methodist Gorge,41.219106,-123.239167,South Fork Salmon River,Salmon,Karuk Tribe
124,South Fork Salmon River at Missouri Bar,41.250055,-123.304525,South Fork Salmon River,Salmon,Karuk Tribe
55,South Fork Salmon River at Plumber Creek,41.154204,-123.210568,South Fork Salmon River,Salmon,Karuk Tribe
52,Stanshaw Creek,41.47579,-123.506782,Stanshaw Creek,Middle Klamath,Karuk Tribe
123,Stanshaw Diversion,41.469708,-123.497081,Stanshaw Diversion,Middle Klamath,Karuk Tribe
18,Swillup Creek,41.60825,-123.501322,Swillup Creek,Middle Klamath,Karuk Tribe
178,Teneyck Creek,41.403132,-123.504021,Teneyck Creek,Middle Klamath,Karuk Tribe
218,Thompson Creek,41.863521,-123.31063,Thompson Creek,Middle Klamath,Karuk Tribe
71,Ti Creek,41.524988,-123.523537,Ti Creek,Middle Klamath,Karuk Tribe
185,Titus Creek,41.670883,-123.430011,Titus Creek,Middle Klamath,Karuk Tribe
40,Tom Martin Creek,41.783997,-123.042123,Tom Martin Creek,Middle Klamath,Karuk Tribe
16,Ukonom Creek,41.615072,-123.483545,Ukonom Creek,Middle Klamath,Karuk Tribe
82,Ullathorne Creek,41.291677,-123.572664,Ullathorne Creek,Lower Klamath,Karuk Tribe
148,Walker Creek,41.821359,-123.164545,Walker Creek,Middle Klamath,Karuk Tribe
159,Wilson Creek,41.33782,-123.52027,Wilson Creek,Lower Klamath,Karuk Tribe
105,Wooley Creek (Tributary of Salmon River),41.378498,-123.422241,Wooley Creek,Salmon,Karuk Tribe
1616,Klamath River at Daggett Bridge,41.972871,-122.364402,Klamath River,Upper Klamath,Karuk Tribe/RES
1617,Klamath River at Orleans,41.307133,-123.5311,Klamath River,Lower Klamath,Karuk Tribe/RES
1618,Klamath River at Walker Bridge,41.837411,-122.864806,Klamath River,Middle Klamath,Karuk Tribe/RES
1619,Klamath River below Iron Gate Dam,41.930994108,-122.442067789,Klamath River,Middle Klamath,Karuk Tribe/RES
1620,Klamath River below Seiad,41.842331,-123.220106,Klamath River,Middle Klamath,Karuk Tribe/RES
1621,Klamath River below Shovel Creek,41.9673,-122.221,Klamath River,Upper Klamath,Karuk Tribe/RES
260,Sevenmile DSTW#1A (formerly SM Treatment Wetland B),42.67425,-122.05496,Irrigation Ditch off of Sevenmile Creek,Wood,Klamath Basin Rangeland Trust
292,Sevenmile DSTW#1B,42.67376,-122.05495,Irrigation Ditch off of Sevenmile Creek,Wood,Klamath Basin Rangeland Trust
284,Sevenmile DSTW#2A (formerly SM Treatment Wetland C),42.67124,-122.05497,Irrigation Ditch off of Sevenmile Creek,Wood,Klamath Basin Rangeland Trust
320,Sevenmile DSTW#2B,42.67061,-122.05497,Irrigation Ditch off of Sevenmile Creek,Wood,Klamath Basin Rangeland Trust
238,Sevenmile DSTW#3A,42.67362,-122.05947,Irrigation Ditch off of Sevenmile Creek,Wood,Klamath Basin Rangeland Trust
201,Sevenmile DSTW#4A,42.66288,-122.06458,Irrigation Ditch off of Sevenmile Creek,Wood,Klamath Basin Rangeland Trust
221,Sevenmile DSTW#5A,42.66126,-122.06227,Irrigation Ditch off of Sevenmile Creek,Wood,Klamath Basin Rangeland Trust
234,Sevenmile DSTW#6A,42.66994,-122.04533,Irrigation Ditch off of Sevenmile Creek,Wood,Klamath Basin Rangeland Trust
1288,7MIL - Sevenmile Guard Station CES (USFS),42.7051,-122.07463,,Wood,Klamath Bird Observatory 
1287,CABN - Rocky Point Field Station CES (USFWS),42.49729,-122.07983,,Upper Klamath Lake,Klamath Bird Observatory 
1278,HOTE,41.23877314,-123.2776308,,Salmon,Klamath Bird Observatory 
1289,MUVA- Munson Valley/Crater Lake National Park (NPS),42.89112974,-122.1379828,,Wood,Klamath Bird Observatory 
1279,NFS1,41.30142068,-123.1528767,,Salmon,Klamath Bird Observatory 
1280,NFS2,41.31717598,-123.1702087,,Salmon,Klamath Bird Observatory 
1281,NFS3,41.30914394,-123.1964454,,Salmon,Klamath Bird Observatory 
1282,NFS4,41.29907928,-123.225397,,Salmon,Klamath Bird Observatory 
1283,REDB,41.29834071,-123.2287234,,Salmon,Klamath Bird Observatory 
1286,TOPS - Frain Ranch Campground/Topsy Grade CES (BLM),42.026815,-122.099552,,Upper Klamath,Klamath Bird Observatory 
1190,Above Beaver Creek,41.86707,-122.80956,Klamath River,Middle Klamath,Klamath Tribal Water Quality Consortium
1188,Above I5-Bridge,41.8642,-122.56434,Klamath River,Middle Klamath,Klamath Tribal Water Quality Consortium
1193,Below Seiad Valley,41.85465,-123.23254,Klamath River,Middle Klamath,Klamath Tribal Water Quality Consortium
1191,Brown Bear ,41.82336,-122.96172,Klamath River,Middle Klamath,Klamath Tribal Water Quality Consortium
1194,Happy Camp,41.78677,-123.39106,Klamath River,Middle Klamath,Klamath Tribal Water Quality Consortium
1198,Klamath at Klamath Glen,41.5108,-123.9784,Klamath River,Lower Klamath,Klamath Tribal Water Quality Consortium
1196,Orleans,41.30549,-123.533,Klamath River,Middle Klamath,Klamath Tribal Water Quality Consortium
1192,Rocky Point,41.81597,-123.12736,Klamath River,Middle Klamath,Klamath Tribal Water Quality Consortium
1195,Stanshaw Creek,41.47537,-123.51257,Klamath River,Middle Klamath,Klamath Tribal Water Quality Consortium
1189,Tree of Heaven,41.83071,-122.66141,Klamath River,Middle Klamath,Klamath Tribal Water Quality Consortium
1199,Walker Bridge ,41.83807,-122.8637,Klamath River,Middle Klamath,Klamath Tribal Water Quality Consortium
1197,Weitchpec,41.18631,-123.69928,Klamath River,Lower Klamath,Klamath Tribal Water Quality Consortium
1506,AGENCY LAKE AT HENZEL PARK BOAT LAUNCH,42.529518,-121.9298,Agency Lake,Upper Klamath Lake,Klamath Tribes
227,AGENCY NORTH,42.5606003,-121.9469986,Upper Klamath Lake,Upper Klamath Lake,Klamath Tribes
318,AGENCY SOUTH,42.5236015,-121.9840012,Upper Klamath Lake,Upper Klamath Lake,Klamath Tribes
2446,Annie Creek at Dixon Bridge,42.73369,-122.0066,Annie Creek,Wood,Klamath Tribes
2442,Annie creek at Snow Park,42.76844,-122.059471,Annie Creek,Wood,Klamath Tribes
290,BOULDER CREEK,42.517167,-121.94025,Boulder Creek,Sprague,Klamath Tribes
199,COON POINT,42.4356995,-122.0279999,Upper Klamath Lake,Upper Klamath Lake,Klamath Tribes
2449,Crooked,42.64403,-121.94514,Crooked Creek,Wood,Klamath Tribes
277,EAGLE RIDGE,42.4221001,-121.9430008,Upper Klamath Lake,Upper Klamath Lake,Klamath Tribes
1775,Fishhole Cr,42.39609,-121.03635,Fishhole Creek,Sprague,Klamath Tribes
262,FIVE MILE,42.5441017,-121.1190033,Fivemile Creek,Sprague,Klamath Tribes
1776,Fivemile Cr,42.54405,-121.11922,Fivemile Creek,Sprague,Klamath Tribes
2451,Fort Creek,42.68122,-121.97311,Fort Creek,Wood,Klamath Tribes
2452,Head of Williamson,42.73147,-121.4197,Williamson River,Williamson,Klamath Tribes
263,MID LAKE,42.3690987,-121.848999,Upper Klamath Lake,Upper Klamath Lake,Klamath Tribes
304,MID NORTH,42.4413986,-121.9990005,Upper Klamath Lake,Upper Klamath Lake,Klamath Tribes
308,N . FORK SPRAGUE @ 3411 ROAD,42.4970016,-121.0059967,North Fork Sprague River,Sprague,Klamath Tribes
291,N.F. SPRAGUE R.@ IVORY PINE RD.,42.485199,-121.0950012,North Fork Sprague River,Sprague,Klamath Tribes
1777,NF Sprague R at 3411 Road,42.4968,-121.0063,North Fork Sprague River,Sprague,Klamath Tribes
1778,NF Sprague R at Ivory Pine Rd,42.4850794,-121.0957907,North Fork Sprague River,Sprague,Klamath Tribes
311,NORTH BUCK IS.,42.3083992,-121.8560028,Upper Klamath Lake,Upper Klamath Lake,Klamath Tribes
266,PELICAN MARINA,42.237999,-121.8099976,Upper Klamath Lake,Upper Klamath Lake,Klamath Tribes
237,S. FORK SPRAGUE @ PICNIC AREA,42.3759995,-120.9690018,South Fork Sprague River,Sprague,Klamath Tribes
235,S.F. SPRAGUE @ BLAISDELL,42.373722,-120.844139,South Fork Sprague River,Sprague,Klamath Tribes
222,S.F. SPRAGUE @ IVORY PINE RD.,42.4394989,-121.0940018,South Fork Sprague River,Sprague,Klamath Tribes
2443,Sevenmile Canal at Dike Road,42.58192,-121.970969,Sevenmile Canal,Wood,Klamath Tribes
1779,SF Sprague R at 34 Road,42.39846,-120.99227,South Fork Sprague River,Sprague,Klamath Tribes
1780,SF Sprague R at Blaisdell,42.37437,-120.84576,South Fork Sprague River,Sprague,Klamath Tribes
1781,SF Sprague R at Demming US,42.41524,-121.01744,South Fork Sprague River,Sprague,Klamath Tribes
1782,SF Sprague R at Ivory Pine Rd,42.43941,-121.09544,South Fork Sprague River,Sprague,Klamath Tribes
1783,SF Sprague R at Picnic,42.37391,-120.96975,South Fork Sprague River,Sprague,Klamath Tribes
203,SHOALWATER BAY,42.4071999,-121.9629974,Upper Klamath Lake,Upper Klamath Lake,Klamath Tribes
1784,Sprague R at Beatty Gap USGS,42.44772,-121.23858,Sprague River,Sprague,Klamath Tribes
1785,Sprague R at Godowa,42.46009,-121.27133,Sprague River,Sprague,Klamath Tribes
1786,Sprague R at Hatchery,42.60675,-121.81036,Sprague River,Sprague,Klamath Tribes
1787,Sprague R at Kirchers,42.56688,-121.86423,Sprague River,Sprague,Klamath Tribes
2457,Sprague R at Kirchers Bridge,42.5678,-121.864472,Sprague River,Sprague,Klamath Tribes
1788,Sprague R at Lone Pine,42.55146,-121.61977,Sprague River,Sprague,Klamath Tribes
265,SPRAGUE R. @ CHILOQUIN RIDGE RD.,42.5845985,-121.8420029,Sprague River,Sprague,Klamath Tribes
274,SPRAGUE R. @ HATCHERY,42.606861,-121.809167,Sprague River,Sprague,Klamath Tribes
231,SPRAGUE R. @ LONE PINE,42.550499,-121.6179962,Sprague River,Sprague,Klamath Tribes
269,SPRAGUE R. @ TINKERS,42.466028,-121.515278,Sprague River,Sprague,Klamath Tribes
244,SPRAGUE R. ABOVE BEATTY GAP,42.442,-121.199,Sprague River,Sprague,Klamath Tribes
215,Sprague River @ Godowa Springs Road,42.455056,-121.249917,Sprague River,Sprague,Klamath Tribes
309,SPRAGUE RIVER @ POWER STATION,42.415,-121.017,Sprague River,Sprague,Klamath Tribes
1789,Spring Cr,42.64315,-121.87946,Spring Creek,Williamson,Klamath Tribes
204,SYCAN @ LOWER YAINAX,42.468694,-121.279972,Sycan River,Sprague,Klamath Tribes
1790,Sycan R at Coyote Bucket,42.54264,-121.30725,Sycan River,Sprague,Klamath Tribes
1791,Sycan R at Drews Rd,42.48522,-121.27843,Sycan River,Sprague,Klamath Tribes
1792,Sycan R at Elde Flat,42.61536,-121.34689,Sycan River,Sprague,Klamath Tribes
1793,Sycan R at Lower Yainix,42.46846,-121.28102,Sycan River,Sprague,Klamath Tribes
248,SYCAN R. @ DREWS RD.,42.4852982,-121.2770004,Sycan River,Sprague,Klamath Tribes
282,SYCAN R. @ ELDE FLAT,42.615333,-121.346139,Sycan River,Sprague,Klamath Tribes
2456,Tecumseh,42.64231,-121.94344,Tecumseh Spring,Wood,Klamath Tribes
1794,Trout Cr,42.48841,-121.61851,Trout Creek,Sprague,Klamath Tribes
191,TROUT CREEK,42.4882011,-121.6179962,Trout Creek,Sprague,Klamath Tribes
2445,UKL at Fremont Bridge,42.23861,-121.80588,Upper Klamath Lake,Upper Klamath Lake,Klamath Tribes
2453,Williamson at Donahue,42.85673,-121.46332,Williamson River,Williamson,Klamath Tribes
2455,Williamson at Marsh HQ,42.96421,-121.5837,Williamson River,Williamson,Klamath Tribes
2454,Williamson at Rocky Ford,42.89394,-121.46322,Williamson River,Williamson,Klamath Tribes
2447,Williamson below Collier,42.63261,-121.87806,Williamson River,Williamson,Klamath Tribes
1795,Williamson R at 97,42.525904,-121.884786,Williamson River,Williamson,Klamath Tribes
1796,Williamson R at Knapps Dam,42.66591,-121.84452,Williamson River,Williamson,Klamath Tribes
1797,Williamson R below Spring Cr,42.63261,-121.87806,Williamson River,Williamson,Klamath Tribes
2444,Williamson River at Modoc Point Road,42.51452,-121.915806,Williamson River,Williamson,Klamath Tribes
275,WOCUS BAY,42.3264008,-121.9199982,Upper Klamath Lake,Upper Klamath Lake,Klamath Tribes
2450,Wood at Loosley,42.66908,-121.97905,Wood River,Wood,Klamath Tribes
1798,Wood R at Kimball,42.7389,-121.98001,Wood River,Wood,Klamath Tribes
198,WOOD R. @ ANNIE,42.7667007,-122.0599976,Annie Creek,Wood,Klamath Tribes
206,WOOD R. @ DIKE RD,42.5830002,-121.9420013,Wood River,Wood,Klamath Tribes
212,WOOD R. @ Seven Mile,42.5812988,-121.9710007,Sevenmile Canal,Wood,Klamath Tribes
253,"WOOD R. @ Sprague- WQ, flow, YSI",42.5670013,-121.8649979,Sprague River,Sprague,Klamath Tribes
214,WOOD R. @ WEED RD,42.6459999,-121.9950027,Wood River,Wood,Klamath Tribes
193,WOOD R. @ WILLIAMSON,42.5149002,-121.9169998,Williamson River,Williamson,Klamath Tribes
2448,Wood River at Wetlands,42.58147,-121.94165,Wood River,Wood,Klamath Tribes
273,Barkhouse Creek,41.858163,-122.858163,Barkhouse Creek,Middle Klamath,Michigan-California Timber Company
261,Beaver Creek,41.942299,-122.823766,Beaver Creek,Middle Klamath,Michigan-California Timber Company
289,Collins Creek,41.821341,-122.981179,Collins Creek,Middle Klamath,Michigan-California Timber Company
299,McKinney Creek Section 21,41.812874,-122.906346,McKinney Creek,Middle Klamath,Michigan-California Timber Company
240,McKinney Creek Section 33-1,41.787902,-122.902455,McKinney Creek,Middle Klamath,Michigan-California Timber Company
249,McKinney Creek Section 33-2,41.782992,-122.897772,McKinney Creek,Middle Klamath,Michigan-California Timber Company
200,Negro Creek,41.950039,-122.196539,Negro Creek,Upper Klamath,Michigan-California Timber Company
202,Shovel Creek - Shovel Meadow,41.884182,-122.159718,Shovel Creek,Upper Klamath,Michigan-California Timber Company
210,Shovel Creek - Upper Shovel,41.878057,-122.183959,Shovel Creek,Upper Klamath,Michigan-California Timber Company
1622,Dwinnell Reservoir near Edgewood,41.54089,-122.37455,Dwinnell Reservoir,Shasta,Montague Water Conservation District
1623,Shasta River below Dwinnell,41.54338,-122.37683,Shasta River,Shasta,Montague Water Conservation District
1627,Backbone RAWS,40.8892,-123.1422,,Trinity,National Weather Service
1628,Callahan,41.317,-122.8,,Scott,National Weather Service
132,Crowder Flat,41.8934,-120.7519,,Lost,Natural Resources Conservation Service
1629,Hoopa,41.05,-123.667,,Trinity,Natural Resources Conservation Service
1567,Big Spring Creek at the old waterwheel,41.601795,-122.419888,Big Springs Creek,Shasta,NCRWQCB
1559,East Fork Scott at Callahan,41.3066711,-122.7970428,East Fork Scott River,Scott,NCRWQCB
1558,Indian Scotty Campground,41.6357193,-123.0763779,Scott RIver,Scott,NCRWQCB
1561,Kangaroo Creek,41.3463287,-122.6904678,Kangaroo Creek,Scott,NCRWQCB
1564,Parks Creek Mouth,41.580787,-122.429653,Parks Creek,Shasta,NCRWQCB
1563,Rail Creek downstream of Rock Fence Creek confluence,41.3630409,-122.6467514,Rail Creek,Scott,NCRWQCB
1556,Scott River at Bridge Flat,41.6490288,-123.1123886,Scott River,Scott,NCRWQCB
1557,Scott River at USGS Gage,41.6405106,-123.0148163,Scott River,Scott,NCRWQCB
1562,Scott River Below Young's Dam,41.4423103,-122.8504333,Scott RIver,Scott,NCRWQCB
1555,Scott River downstream of Eller Lane,41.5415611,-122.840683,Scott River,Scott,NCRWQCB
1560,Scott River downstream of Rosedale Road,41.62397,-122.9076996,Scott RIver,Scott,NCRWQCB
1566,Shasta River downstream of Parks Creek,41.591037,-122.429747,Shasta River,Shasta,NCRWQCB
1565,Shasta River upstream of Parks Creek,41.580857,-122.42946,Shasta River,Shasta,NCRWQCB
1321,Algoma 1: Pump Outlet,42.354865,-121.824551,,Upper Klamath Lake,Oregon Department of Agriculture
1322,Algoma 2: Pump Outlet,42.35355,-121.824795,,Upper Klamath Lake,Oregon Department of Agriculture
1323,Algoma: Field 1 to 3,42.363521,-121.805245,,Upper Klamath Lake,Oregon Department of Agriculture
1324,Algoma: Field 2 to 3,42.3687,-121.805103,,Upper Klamath Lake,Oregon Department of Agriculture
1325,Algoma: Plum Valley @ Road,42.35468,-121.80672,,Upper Klamath Lake,Oregon Department of Agriculture
1326,Algoma: Road to Big Canal,42.355673,-121.807041,,Upper Klamath Lake,Oregon Department of Agriculture
1327,Algoma: top end of Big Canal,42.355786,-121.807219,,Upper Klamath Lake,Oregon Department of Agriculture
1309,Background Lake Level: Howard Bay Boat Ramp,42.313762,-121.942146,Upper Klamath Lake,Upper Klamath Lake,Oregon Department of Agriculture
1312,Background Lake Level: McCornack Boat Ramp,42.254526,-121.840547,Upper Klamath Lake,Upper Klamath Lake,Oregon Department of Agriculture
1332,Ball Bay North: pump outlet (not pumping),42.401096,-122.029891,,Upper Klamath Lake,Oregon Department of Agriculture
1331,Ball Bay South: Powerhouse,42.365399,-122.002413,Rock Creek,Upper Klamath Lake,Oregon Department of Agriculture
1329,Ball Bay South: Pump Outlet,42.396736,-122.003023,,Upper Klamath Lake,Oregon Department of Agriculture
1330,Ball Bay South: Rock Creek Upstream,42.365342,-122.002576,Rock Creek,Upper Klamath Lake,Oregon Department of Agriculture
1308,Caledonia - East Outlet - RY resort boat ramp,42.289352,-121.876662,,Upper Klamath Lake,Oregon Department of Agriculture
1307,Caledonia - West pump into Geary Canal ,42.293453,-121.928891,,Upper Klamath Lake,Oregon Department of Agriculture
1306,Caledonia 3 Background,42.316145,-121.89685,Upper Klamath Lake,Upper Klamath Lake,Oregon Department of Agriculture
1299,Caledonia Inlet 1,42.312805,-121.906171,Upper Klamath Lake,Upper Klamath Lake,Oregon Department of Agriculture
1302,Caledonia Inlet 2,42.300028,-121.927649,Upper Klamath Lake,Upper Klamath Lake,Oregon Department of Agriculture
1304,Caledonia Inlet 3,42.316145,-121.89685,Upper Klamath Lake,Upper Klamath Lake,Oregon Department of Agriculture
1301,Caledonia middle pump - Outgoing,42.30938,-121.922702,,Upper Klamath Lake,Oregon Department of Agriculture
1300,Caledonia Pump 1 - Outgoing,42.312805,-121.906171,,Upper Klamath Lake,Oregon Department of Agriculture
1303,Caledonia Pump 2 - Outgoing,42.300028,-121.927649,,Upper Klamath Lake,Oregon Department of Agriculture
1305,Caledonia Pump 3 - Outgoing,42.3161,-121.8968,,Upper Klamath Lake,Oregon Department of Agriculture
1313,Cove Point 1: Pump Outlet,42.301055,-121.818685,,Upper Klamath Lake,Oregon Department of Agriculture
1314,Cove Point 2: Secondary pump,42.301055,-121.818851,,Upper Klamath Lake,Oregon Department of Agriculture
1315,Cove Point 3: Spring,42.286997,-121.819756,,Upper Klamath Lake,Oregon Department of Agriculture
1316,Cove Point/Hanks Marsh,42.301051,-121.83033,Upper Klamath Lake,Upper Klamath Lake,Oregon Department of Agriculture
1317,Cove Point: Eastern Drainage Area to downslope farm ,42.288189,-121.816462,,Upper Klamath Lake,Oregon Department of Agriculture
1298,Geary Bridge @ Hwy 140,42.292675,-121.92893,Upper Klamath Lake,Upper Klamath Lake,Oregon Department of Agriculture
1328,Lake Background @ Algoma,42.363816,-121.821953,Upper Klamath Lake,Upper Klamath Lake,Oregon Department of Agriculture
1310,"McCornack Outlet 1 Farm Side, Not Pumping (NP) (south pump)",42.256818,-121.844736,,Upper Klamath Lake,Oregon Department of Agriculture
1633,"McCornack Outlet 1 Farm Side, PUMPING (south pump)",42.256818,-121.844736,,Upper Klamath Lake,Oregon Department of Agriculture
1311,"McCornack Outlet 2  Lake Side, NP (north pump/inlet)",42.267049,-121.850827,Upper Klamath Lake,Upper Klamath Lake,Oregon Department of Agriculture
1293,"RY Inlet (near fish screen intake,  Farm Side of Fish Screen)",42.280915,-121.927202,,Upper Klamath Lake,Oregon Department of Agriculture
1292,"RY Inlet (near fish screen intake, in Geary Canal)",42.281215,-121.927326,Upper Klamath Lake,Upper Klamath Lake,Oregon Department of Agriculture
1294,RY Inlet in Fish Screen,42.281098,-121.927271,,Upper Klamath Lake,Oregon Department of Agriculture
1295,RY Tailwater (water in upstream end of tailwater pipe),42.280749,-121.92745,,Upper Klamath Lake,Oregon Department of Agriculture
1296,RY: Pump 1 - outgoing,42.279192,-121.92881,,Upper Klamath Lake,Oregon Department of Agriculture
1297,RY: Pump 2 - outgoing,42.279239,-121.928976,,Upper Klamath Lake,Oregon Department of Agriculture
1319,Shady Pine Farm Field Outlet,42.312243,-121.817016,,Upper Klamath Lake,Oregon Department of Agriculture
1318,Shady Pine Inlet,42.330013,-121.818501,Upper Klamath Lake,Upper Klamath Lake,Oregon Department of Agriculture
1320,Shady Pine Pump Outlet (to Lake),42.30251,-121.817522,,Upper Klamath Lake,Oregon Department of Agriculture
219,7 mile Creek (Wood River Valley),42.6466,-122.0512,7 mile Creek,Wood,Oregon Department of Environmental Quality
2261,Agency Lake at Henzel Boat Launch,42.52968,-121.929516,Agency Lake,Upper Klamath Lake,Oregon Department of Environmental Quality
2285,Antelope Creek upstream of Willow Valley Reservoir,42.0221,-121.0867,Antelope Creek,Lost,Oregon Department of Environmental Quality
2280,Barnes Valley Creek upstream BLM 40-15E-17,42.1731,-121.0436,Barnes Valley Creek,Lost,Oregon Department of Environmental Quality
2279,Ben Hall Creek upstream of bridge,42.2257,-121.1527,Ben Hall Creek,Lost,Oregon Department of Environmental Quality
2277,Buck Creek at first bridge upstream of Lost River,42.195,-121.454,Buck Creek,Lost,Oregon Department of Environmental Quality
2270,Corral Creek downstream of Beaver Cr. at OR66,42.118,-122.37,Corral Creek,Upper Klamath,Oregon Department of Environmental Quality
2286,East Branch Lost River downstream of Willow Valley Reservoir,42.0047,-121.1161,E. Branch Lost River,Lost,Oregon Department of Environmental Quality
2262,Fourmile Lake at Fourmile Lake Campground Beach,42.45487,-122.2473,Fourmile Lake,Upper Klamath Lake,Oregon Department of Environmental Quality
2266,Grizzly Creek downstream of Soda Creek,42.1969,-122.347,Grizzly Creek,Upper Klamath,Oregon Department of Environmental Quality
2278,Horse Canyon Creek at FS Rd 024,42.2583,-121.2254,Horse Canyon Creek,Lost,Oregon Department of Environmental Quality
2264,Howard Prairie at resort boat ramp,42.2402,-122.41137,Howard Prairie Lake,Upper Klamath,Oregon Department of Environmental Quality
2265,Hoxie Creek upstream of Howard Prairie Lake,42.235,-122.3868,Hoxie Creek,Upper Klamath,Oregon Department of Environmental Quality
1342,JC Boyle Reservoir at Topsy Campground,42.124379,-122.042977,JC Boyle Reservoir,Upper Klamath,Oregon Department of Environmental Quality
2269,Jenny Creek at OR66 Green Springs Hwy,42.119,-122.366,Jenny Creek,Upper Klamath,Oregon Department of Environmental Quality
2274,Jenny Creek downstream of Spring Creek at BLM 41-2E-10.1,42.0233,-122.3581,Jenny Creek,Upper Klamath,Oregon Department of Environmental Quality
2267,Jenny Creek upstream of Johnson Creek,42.1652,-122.3214,Jenny Creek,Upper Klamath,Oregon Department of Environmental Quality
2268,Johnson Creek at Moon Prairie Road,42.1577,-122.3079,Johnson Creek,Upper Klamath,Oregon Department of Environmental Quality
2271,Keene Creek ds of Lincoln Creek,42.0946,-122.3852,Keene Creek,Upper Klamath,Oregon Department of Environmental Quality
1343,Keno Reservoir at Keno Park,42.135896,-121.94248,Keno Reservoir,Keno,Oregon Department of Environmental Quality
313,Klamath River at Keno,42.129,-121.93,Klamath River,Keno,Oregon Department of Environmental Quality
225,Klamath River at Miller Island Boat Ramp,42.1472,-121.8476,Klamath River,Keno,Oregon Department of Environmental Quality
268,Klamath River downstream of Big Bend Powerhouse,42.0869,-122.0599,Klamath River,Upper Klamath,Oregon Department of Environmental Quality
281,Klamath Strait at USBR Pump Station F,42.0799,-121.8407,Klamath Straits Drain,Lost,Oregon Department of Environmental Quality
2263,Lake of the Woods at Rainbox Day Use Area,42.37899,-122.21107,Lake of the Woods,Upper Klamath Lake,Oregon Department of Environmental Quality
2282,Lapham Creek at FS Rd 397,42.1875,-120.8733,Lapham Creek,Lost,Oregon Department of Environmental Quality
295,Link River at mouth (Klamath Falls),42.2188,-121.7884,Link River,Keno,Oregon Department of Environmental Quality
2281,Long Branch Creek downstream of Barnes Valley Rd,42.1872,-121.013,Long Branch Creek,Lost,Oregon Department of Environmental Quality
223,Lost River above Bonanza,42.1986,-121.3989,Lost River,Lost,Oregon Department of Environmental Quality
302,Lost River at Anderson Rose Dam,42.0102,-121.561,Lost River,Lost,Oregon Department of Environmental Quality
285,Lost River at Hwy 39 (Merrill),42.0404,-121.6227,Lost River,Lost,Oregon Department of Environmental Quality
2287,Lost River at Malone Dam,42.0068,-121.2241,Lost River,Lost,Oregon Department of Environmental Quality
2272,Mill Creek off Mill Creek Rd.,42.099,-122.427,Mill Creek,Upper Klamath,Oregon Department of Environmental Quality
2283,North Fork Willow Creek upstream of OR/CA border,41.9961,-120.8048,N. Fork Willow Creek,Lost,Oregon Department of Environmental Quality
2284,Rock Creek downstream of BLM 41-14E-13,42.0103,-120.9653,Rock Creek,Lost,Oregon Department of Environmental Quality
2273,South Fork Keene Creek at BLM 40-3E-2,42.098,-122.453,S. Fork Keene Creek,Upper Klamath,Oregon Department of Environmental Quality
2276,Spencer Creek at mouth,42.15621,-122.02731,Spencer Creek,Upper Klamath,Oregon Department of Environmental Quality
303,Spencer Creek at RM 0.6,42.1563,-122.0273,Spencer Creek,Upper Klamath,Oregon Department of Environmental Quality
2275,Spencer Creek below Buck Lake,42.263,-122.167,Spencer Creek,Upper Klamath,Oregon Department of Environmental Quality
194,Sprague River at Sprague River Rd,42.4634,-121.5066,Sprague River,Sprague,Oregon Department of Environmental Quality
1344,Upper Klamath Lake at Eagle Ridge County Park,42.405634,-121.953405,Upper Klamath Lake,Upper Klamath Lake,Oregon Department of Environmental Quality
1345,Upper Klamath Lake at Howard¬ís Bay Park ,42.314441,-121.942275,Upper Klamath Lake,Upper Klamath Lake,Oregon Department of Environmental Quality
1346,Upper Klamath Lake at Moore Park ,42.235544,-121.808286,Upper Klamath Lake,Upper Klamath Lake,Oregon Department of Environmental Quality
256,Williamson River at Williamson River Store,42.5146,-121.9162,Williamson River,Williamson,Oregon Department of Environmental Quality
314,Wood River at Weed Rd,42.6464,-121.9949,Wood River,Wood,Oregon Department of Environmental Quality
1635,7 Mile Bridge at lake,42.5819277,-121.9708056,Sevenmile Creek,Wood,Oregon State University
1636,Above Kamkaun/S'choholis Nat. forest patch,42.543428,-121.608229,Sprague River,Sprague,Oregon State University
1637,Above Narrows,42.60475,-121.812453,Sprague River,Sprague,Oregon State University
1638,Annie Creek,42.7641049,-122.0590603,Annie Creek,Wood,Oregon State University
1639,Below Narrows @ Goose Rock,42.58799,-121.833929,Sprague River,Sprague,Oregon State University
1640,Below Spring Cr.,42.6327387,-121.8779003,Williamson River,Williamson,Oregon State University
2260,Between the Klamath River Community Hall and Walker Bridge,41.83736,-122.8649,Klamath River,Middle Klamath,Oregon State University
1978,Big Bar - Klamath River Access,41.251806,-123.63441,Klamath River,Lower Klamath,Oregon State University
1641,Brown Springs (Sycan River),42.4954015,-121.2953603,Sycan River,Sprague,Oregon State University
1642,Cherry Creek just above diversion,42.5988097,-122.0948071,Cherry Creek,Wood,Oregon State University
1568,Chiloquin Bridge,42.577291,-121.865731,Williamson River,Williamson,Oregon State University
1588,Cleos Childcare Center,42.5217472,-121.91595,Williamson River,Williamson,Oregon State University
1569,Collier State Park (Spring Creek),42.641497,-121.877415,Spring Creek,Williamson,Oregon State University
1570,Collier State Park (WMR),42.640544,-121.879081,Williamson River,Williamson,Oregon State University
1571,Collier State Park campground,42.640501,-121.875563,Williamson River,Williamson,Oregon State University
1643,Crooked Creek,42.643892,-121.944992,Crooked Creek,Wood,Oregon State University
1644,Crooked Creek below hatchery,42.643892,-121.944992,Crooked Creek,Wood,Oregon State University
1645,Drew's Road Bridge,42.463041,-121.5062,Sprague River,Sprague,Oregon State University
1646,Fish Hole Cr.,42.3058594,-120.9578372,Fishhole Creek,Sprague,Oregon State University
1572,Fishing Guide Property (replacement for Cleos Childcare WCC),42.521694,-121.915923,Williamson River ,Williamson,Oregon State University
1647,Five Mile Creek (Foster Field),42.5401159,-121.1248828,Fivemile Creek,Sprague,Oregon State University
1648,Fort Creek,42.6811984,-121.972996,Fort Creek,Wood,Oregon State University
1649,Gadowa Springs Road bridge,42.459942,-121.270985,Sprague River,Sprague,Oregon State University
1650,Hagelstein Spring (East side ukl spring),42.382126,-121.8133643,Upper Klamath Lake,Upper Klamath Lake,Oregon State University
1651,Harriman Springs,42.46954,-122.09237,Pelican Bay,Upper Klamath Lake,Oregon State University
1652,Howard Bay,42.3310518,-121.907202,Upper Klamath Lake,Upper Klamath Lake,Oregon State University
1979,Iron Gate Dam - just below the dam,41.930839,-122.442282,Klamath River,Middle Klamath,Oregon State University
233,JC Boyle Bypass,41.810345,-123.013657,Klamath River,Upper Klamath,Oregon State University
1653,Kamkaun Spring,42.5914373,-121.7026789,Kamkaun Spring,Sprague,Oregon State University
1573,Keno Eddy,42.14968,-122.015618,Klamath River,Upper Klamath,Oregon State University
1654,Kirk Springs,42.6780907,-121.8348548,Kirk Springs,Williamson,Oregon State University
1574,Klamath County Park,42.570672,-121.878707,Williamson River,Williamson,Oregon State University
310,Klamath Grange,41.84010833,-122.8373694,Klamath River,Middle Klamath,Oregon State University
229,Klamath River above Beaver Creek,41.86764167,-122.8116806,Klamath River,Middle Klamath,Oregon State University
301,Klamath River above Beaver Creek,41.867238,-122.809769,Klamath River,Middle Klamath,Oregon State University
270,Klamath River above Beaver Creek,41.86972,-122.811,Klamath River,Middle Klamath,Oregon State University
250,Klamath River at  Keno Eddy,42.149625,-122.0156556,Klamath River,Upper Klamath,Oregon State University
264,Klamath River at I5 fish trap,41.863449,-122.564733,Klamath River,Middle Klamath,Oregon State University
286,Klamath River at I5 fish trap,41.85994722,-122.5666444,Klamath River,Middle Klamath,Oregon State University
293,Klamath River at I5 fish trap,41.855935,-122.572465,Klamath River,Middle Klamath,Oregon State University
288,Klamath River at Keno Eddy,42.149625,-122.0156556,Klamath River,Upper Klamath,Oregon State University
236,Klamath River at Kinsman Fish Trap,41.810345,-123.013657,Klamath River,Middle Klamath,Oregon State University
294,Klamath River at Orleans,41.310553,-123.527496,Klamath River,Lower Klamath,Oregon State University
226,Klamath River at Orleans,41.307133,-123.5311,Klamath River,Lower Klamath,Oregon State University
195,Klamath River at Seiad Valley,41.849149,-123.227904,Klamath River,Middle Klamath,Oregon State University
255,Klamath River at Seiad Valley,41.834393,-123.196261,Klamath River,Middle Klamath,Oregon State University
297,Klamath River at Seiad Valley,41.84742222,-123.2278167,Klamath River,Middle Klamath,Oregon State University
230,Klamath River at Tully Creek,41.853611,-122.572222,Klamath River,Lower Klamath,Oregon State University
228,Klamath River at Tully Creek,41.226617,-123.772406,Klamath River,Lower Klamath,Oregon State University
1980,Klamath River in Hornbrook - 10 km above the Shasta River Confluence,41.873604,-122.557557,Klamath River,Middle Klamath,Oregon State University
1655,Lake Ewauna,42.2092398,-121.778681,Lake Ewauna,Keno,Oregon State University
1656,Larkin Creek,42.6510924,-121.8564744,Larkin Creek,Williamson,Oregon State University
1657,Link River,42.2213966,-121.7930955,Link River,Keno,Oregon State University
1575,Lonesome Duck,42.53949,-121.880138,Williamson River,Williamson,Oregon State University
245,Lonesome Duck,42.494731,-121.925786,Williamson River,Williamson,Oregon State University
1658,Long Creek (Sycan Marsh),42.8290483,-121.1834043,Long Creek,Sprague,Oregon State University
1659,Lower Keno stretch Klamath River,42.1504091,-122.0165044,Klamath River,Upper Klamath,Oregon State University
1660,Lower Spencer Creek,42.156275,-122.0273466,Spencer Creek,Upper Klamath,Oregon State University
1576,Lower Sprague River,42.564112,-121.863001,Sprague River,Sprague,Oregon State University
1661,Lower Williamson pinecone bridge,42.5941225,-121.8610828,Williamson River,Williamson,Oregon State University
1662,Lower Wood River mainstem,42.5734507,-121.9373303,Wood River,Wood,Oregon State University
1663,Mainstem Recreation/Crystal Creek near/above Malogne Springs,42.5308465,-122.0825739,Upper Klamath Lake,Upper Klamath Lake,Oregon State University
1664,Mainstem Sprague ABOVE Sherry boat ramp,42.4412686,-121.186712,Sprague River,Sprague,Oregon State University
1665,Mainstem Sprague BELOW Sherry boat ramp,42.4475818,-121.2377679,Sprague River,Sprague,Oregon State University
1666,Mainstem Sprague River above Kamkaun Springs,42.5912781,-121.7011963,Sprague River,Sprague,Oregon State University
1667,Mainstem Sycan River above marsh,42.779017,-121.0550402,Sycan River,Sprague,Oregon State University
1668,Mainstem Williamson above Kirk Springs,42.6797257,-121.834314,Williamson River,Williamson,Oregon State University
1669,Mainstem Williamson above Sportsman RV Park boat ramp at lowest riffle,42.5234888,-121.904151,Williamson River,Williamson,Oregon State University
1670,Mainstem Williamson above Spring Creek below Sunny Brook,42.637772,-121.8721533,Williamson River,Williamson,Oregon State University
1671,Moore Park,42.2392414,-121.8074654,Upper Klamath Lake,Upper Klamath Lake,Oregon State University
1672,NF Sprague; North Fork Campbell Road bridge,42.4560207,-121.1127398,North Fork Sprague River,Sprague,Oregon State University
1673,North Fork Sprague (Sandhill crossing),42.5943992,-120.8811575,North Fork Sprague River,Sprague,Oregon State University
1674,North Fork Sprague River @ elbow crossing/campground,42.4969322,-121.0082818,North Fork Sprague River,Sprague,Oregon State University
1675,Odessa Spring,42.4322917,-122.059068,Upper Klamath Lake,Upper Klamath Lake,Oregon State University
224,Orleans Dolans Bar River Access,41.31841389,-123.5248139,Klamath River,Lower Klamath,Oregon State University
1577,Pine Ridge Bridge,42.594035,-121.86092,Williamson River,Williamson,Oregon State University
1676,Potter's Park Boat Ramp,42.559517,-121.66779,Sprague River,Sprague,Oregon State University
1677,Recreation Creek,42.48089,-122.08434,Recreation Creek,Upper Klamath Lake,Oregon State University
1678,Rifflezilla,42.663711,-121.846328,Williamson River,Williamson,Oregon State University
1679,sevenmile,42.6464829,-122.0511337,Sevenmile Creek,Wood,Oregon State University
1981,Shasta River Confluence - immediately above the Shasta River confluence on the Klamath,41.831409,-122.592522,Klamath River,Middle Klamath,Oregon State University
1680,Sheri's Springs in Beatty Gap,42.441492,-121.1995817,Sprague River,Sprague,Oregon State University
1681,Short creek (seven mile creek drainage),42.6799672,-122.0807789,Sevenmile Creek,Wood,Oregon State University
1682,South Fork Sprague River @ campground along HWY 140 (or 190?),42.3732011,-120.9678958,South Fork Sprague River,Sprague,Oregon State University
1578,Spencer Creek,42.156082,-122.027259,Spencer Creek,Upper Klamath,Oregon State University
1683,Sprague High School under bridge,42.5675814,-121.8655212,Sprague River,Sprague,Oregon State University
1684,Spring Creek at confluence of Willy,42.6414,-121.87742,Spring Creek,Williamson,Oregon State University
1685,Sun Creek,42.7616987,-122.0153413,Sun Creek,Wood,Oregon State University
1686,Sunnybrook (lower),42.6355477,-121.8661478,Larkin Spring,Williamson,Oregon State University
1687,Sycan River @ Drews Road bridge,42.4853145,-121.2785234,Sycan River,Sprague,Oregon State University
1688,Torrent Springs (Sycan River),42.687008,-121.2718018,Sycan River,Sprague,Oregon State University
252,Tree of Heaven,41.82708056,-122.6612333,Klamath River,Middle Klamath,Oregon State University
1982,Tree of Heaven Campground,41.829127,-122.661438,Klamath River,Middle Klamath,Oregon State University
1689,Upper 7-mile Creek @ Volcanic Legacy HWY Bridge Crossing,42.6684857,-122.0735144,Sevenmile Creek,Wood,Oregon State University
1690,Upper South Fork below camp Creek,42.444652,-120.7949262,South Fork Sprague River,Sprague,Oregon State University
1691,Upper Spencer Creek,42.2637267,-122.1583758,Spencer Creek,Upper Klamath,Oregon State University
1579,Upper Sprague River,42.601386,-121.778387,Sprague River,Sprague,Oregon State University
1580,Upper Spring Creek,42.648477,-121.882825,Spring Creek,Williamson,Oregon State University
1581,Water Wheel Campground,42.523947,-121.887874,Williamson River,Williamson,Oregon State University
1692,Willamson River mouth,42.4750405,-121.9564417,Williamson River,Williamson,Oregon State University
1693,Willamson River ODFW Boat Ramp,42.570361,-121.878932,Williamson River,Williamson,Oregon State University
312,Williamson River - Nature Conservatory (Klamath River Rkm441),42.493899,-121.936598,Williamson River ,Williamson,Oregon State University
1582,Williamson River campground,42.656145,-121.851594,Williamson River ,Williamson,Oregon State University
1583,Williamson River Resort,42.514425,-121.917029,Williamson River ,Williamson,Oregon State University
1694,Williamson River Road Boat Ramp,42.610828,-121.775015,Williamson River,Williamson,Oregon State University
1584,Winema Bridge,42.66372,-121.846333,Williamson River ,Williamson,Oregon State University
1695,Wood Mouth,42.5655803,-121.9373303,Wood River,Wood,Oregon State University
1585,Wood River - Below Crooked Creek,42.595356,-121.943135,Wood River,Wood,Oregon State University
1586,Wood River - Wood Road,42.581588,-121.941546,Wood River,Wood,Oregon State University
1696,Wood River day use,42.7091,-121.99232,Wood River,Wood,Oregon State University
1697,Wood River Dixon Road,42.73379,-121.98831,Wood River,Wood,Oregon State University
2474,"A CANAL HEADWORKS AT UPPER KLAMATH LAKE NEAR KLAMATH FALLS, OR",42.238611,-121.801944,A Canal,Upper Klamath Lake,Oregon Water Resources Department
2475,BEAVER CREEK AND BEAVER SIPHON AT HOWARD PRARIE CANAL,42.150556,-122.395833,Beaver Creek,Upper Klamath,Oregon Water Resources Department
2463,BONANZA BIG SPRINGS PARK,42.196629,-121.400934,Lost River,Lost,Oregon Water Resources Department
2464,BONANZA SPRING WELL,42.196629,-121.400934,Lost River,Lost,Oregon Water Resources Department
2470,"CASCADE CN AT FOURMILE LAKE NR LAKECREEK, OR",42.4552803,-122.242775,Canal,Upper Klamath Lake,Oregon Water Resources Department
2468,"CHERRY CR NR KLAMATH AGENCY, OR",42.598333,-122.095556,Cherry Creek,Wood,Oregon Water Resources Department
2476,"CLEAR LAKE, WEST LOBE, OR",41.846667,-121.209722,Clear Lake,Lost,Oregon Water Resources Department
2469,"FOURMILE LAKE NR RECREATION, OR",42.45666885,-122.242775,Fourmile Lake,Upper Klamath Lake,Oregon Water Resources Department
2473,"GREEN SPRINGS POWERPLANT DIV NR ASHLAND, OR",42.13027573,-122.4872208,Canal,Upper Klamath,Oregon Water Resources Department
2471,"HYATT RES NR ASHLAND, OR",42.17194748,-122.4677811,Hyatt Reservoir,Upper Klamath,Oregon Water Resources Department
2472,"KEENE CR NR ASHLAND, OR",42.17083359,-122.4772263,Keene Creek,Upper Klamath,Oregon Water Resources Department
2465,LOST R DIVERSION AT TINGLEY LN NR KLAMATH FALLS,42.167778,-121.775278,Lost River Diversion Canal,Lost,Oregon Water Resources Department
2477,"MALONE RESERVOIR NR LANGELL VALLEY, OR",42.00583333,-121.2236111,Malone Reservoir,Lost,Oregon Water Resources Department
2478,"MILLER HILL PUMP PLANT ON LOST R DIV CH NR KLAMATH FALLS, OR",42.14277778,-121.7513889,Lost River Diversion Canal,Keno,Oregon Water Resources Department
2467,SPRAGUE R IRRIG CO CN AT HEADGATE NR BLY,42.497895,-121.012073,Canal,Sprague,Oregon Water Resources Department
2466,"SPRING CR NR CHILOQUIN, OR",42.643814,-121.880167,Spring Creek,Williamson,Oregon Water Resources Department
1134,Annie Creek near Fort Klamath,42.763625,-122.05835,Annie Creek,Wood,Oregon Water Resources Department 
188,"Crooked Creek nr Klamath Agency, OR",42.602787,-121.940683,Crooked Creek,Wood,Oregon Water Resources Department 
220,"Fort Creek at mouth, nr Fort Klamath, OR",42.675102,-121.978814,Fort Creek,Wood,Oregon Water Resources Department 
271,Larkin Creek near Chiloquin,42.651569,-121.858983,Larkin Creek,Williamson,Oregon Water Resources Department 
242,Lost River at Bonanza,42.196634,-121.400911,Lost River,Lost,Oregon Water Resources Department 
207,North Fork Sprague River above Sprague River irrigation canal near Bly,42.496533,-121.006921,North Fork Sprague River,Sprague,Oregon Water Resources Department 
1135,Sevenmile Creek below Dry Creek,42.725139,-122.087106,Sevenmile Creek,Wood,Oregon Water Resources Department 
205,South Fork Sprague River at Sprague River Park near Bly,42.373875,-120.969789,South Fork Sprague River,Sprague,Oregon Water Resources Department 
276,South Fork Sprague River below Fishhole Creek near Bly,42.419956,-121.05644,South Fork Sprague River,Sprague,Oregon Water Resources Department 
300,Spencer Creek near Keno,42.156401,-122.027228,Spencer Creek,Upper Klamath,Oregon Water Resources Department 
192,Sprague River at Lone Pine,42.551531,-121.619844,Sprague River,Sprague,Oregon Water Resources Department 
251,Sprague River below Brown Creek near Beatty,42.459791,-121.271283,Sprague River,Sprague,Oregon Water Resources Department 
241,Sprague River near Beatty,42.447587,-121.238487,Sprague River,Sprague,Oregon Water Resources Department 
1136,Sun Creek at Ranger Station,42.765892,-122.019058,Sun Creek,Wood,Oregon Water Resources Department 
189,Sycan River below Snake Creek near Beatty,42.486403,-121.278715,Sycan River,Sprague,Oregon Water Resources Department 
1137,Trout Creek near Lone Pine,42.488611,-121.618392,Trout Creek,Sprague,Oregon Water Resources Department 
307,Williamson River above Sprague River at Chiloquin,42.576442,-121.866419,Williamson River,Williamson,Oregon Water Resources Department 
239,"Williamson River above Spring Creek near Klamath Agency, OR",42.656061,-121.851014,Williamson River,Williamson,Oregon Water Resources Department 
213,"Williamson River at Modoc Point Road, near Chiloquin",42.514384,-121.916754,Williamson River,Williamson,Oregon Water Resources Department 
232,Williamson River below Sheep Creek near Lenz,42.910965,-121.475546,Williamson River,Williamson,Oregon Water Resources Department 
209,Wood River above Crooked Creek near Klamath Agency,42.598858,-121.946243,Wood River,Wood,Oregon Water Resources Department 
272,Wood River below Sun Creek Near Fort Klamath,42.732208,-121.988521,Wood River,Wood,Oregon Water Resources Department 
254,Below Copco 2,41.972895,-122.364403,Klamath River,Upper Klamath,PacifiCorp
279,Copco Reservoir at Bouy Line,41.98039,-122.331223,Copco Reservoir,Upper Klamath,PacifiCorp
190,Copco Reservoir at Copco Cove,41.983447,-122.330722,Copco Reservoir,Upper Klamath,PacifiCorp
267,Copco Reservoir at Mallard Cove,41.973486,-122.299494,Copco Reservoir,Upper Klamath,PacifiCorp
1698,Iron Gate Reservoir,41.934,-122.436,Iron Gate Reservoir,Upper Klamath,PacifiCorp
257,Iron Gate Reservoir at Camp Creek,41.972514,-122.436461,Iron Gate Reservoir,Upper Klamath,PacifiCorp
208,Iron Gate Reservoir at Williams Boat Ramp,41.962236,-122.440461,Iron Gate Reservoir,Upper Klamath,PacifiCorp
306,IronGate Reservoir at Log Boom,41.93821423,-122.4322276,Iron Gate Reservoir,Upper Klamath,PacifiCorp
211,JC BOYLE RESERVOIR AT HWY 66 BRIDGE,42.1351,-122.0313,JC Boyle Reservoir,Upper Klamath,PacifiCorp
317,Klamath River above Shovel Cr.,41.972434,-122.201601,Klamath River,Upper Klamath,PacifiCorp
246,KLAMATH RIVER ABV JC BOYLE RESERVOIR,42.1499,-122.0154,Klamath River,Upper Klamath,PacifiCorp
258,Klamath River below Iron Gate Dam (Baseline),41.93099411,-122.4420678,Klamath River,Middle Klamath,PacifiCorp
1347,Klamath River below Iron Gate Dam (Public health),41.938219,-122.432241,Klamath River,Middle Klamath,PacifiCorp
315,Klamath River below JC Boyle Dam,42.121222,-122.049272,Klamath River,Upper Klamath,PacifiCorp
247,Klamath River below USGS Gage,42.087,-122.075,Klamath River,Upper Klamath,PacifiCorp
2290,Big Meadows Creek at Rd,41.575667,-123.024861,Big Meadows Creek,Scott,Quartz Valley Indian Reservation
2291,Campbell Lake tributary above inlet for Campbell Lake,41.532,-123.1075,,Scott,Quartz Valley Indian Reservation
2292,"Campbell Lake tributary above Shackleford Creek- cross Shackleford Creek and go up trail to creek 300 feet to creek, before switchback starts",41.5434,-123.0924,,Scott,Quartz Valley Indian Reservation
2293,Campbell Lake tributary below Campbell Lake and above unnamed tributary,41.53941,-123.09877,,Scott,Quartz Valley Indian Reservation
2294,"Isolates Emerald Tributary, ungrazed without heavy recreation",41.5445,-123.0891,,Scott,Quartz Valley Indian Reservation
2295,"Isolates unnamed tributary above confluence with Shackleford Creek, near trail split for Calf Lake",41.5457,-123.0963,,Scott,Quartz Valley Indian Reservation
2303,Kangaroo Creek,41.34633,-122.69047,Kangaroo Creek,Scott,Quartz Valley Indian Reservation
2296,Long High Creek above confluence with Shackleford Creek and above trail crossing,41.5511,-123.0739,Long High Creek,Scott,Quartz Valley Indian Reservation
2304,Rail Creek,41.36304,-122.64675,Rail Creek,Scott,Quartz Valley Indian Reservation
2309,Scott below Young's Dam,41.44231,-122.85043,Scott River,Scott,Quartz Valley Indian Reservation
2305,Scott River,41.64903,-123.11239,Scott River,Scott,Quartz Valley Indian Reservation
2302,Scott River @ Callahan Station,41.30667,-122.79704,EF Scott,Scott,Quartz Valley Indian Reservation
2306,Scott River @ Indian Scotty,41.63572,-123.07638,Scott River,Scott,Quartz Valley Indian Reservation
2308,Scott River off Eastside RoD,41.54165,-122.84068,Scott River,Scott,Quartz Valley Indian Reservation
2307,Scott Riverr @ USGS gage,41.64051,-123.01482,Scott River,Scott,Quartz Valley Indian Reservation
2297,Shackleford Creek above Campbell Lake tributary (directly above log crossing),41.5443,-123.0922,Shackleford Creek,Scott,Quartz Valley Indian Reservation
2298,Shackleford Creek above confluence with Long High Creek,41.5509,-123.0744,Shackleford Creek,Scott,Quartz Valley Indian Reservation
2299,"Shackleford Creek at green gate below meadow complex, directly below rock wall",41.5573,-123.0635,Shackleford Creek,Scott,Quartz Valley Indian Reservation
2300,Shackleford Creek below Log Lake Meadow complex and slightly above Lake,41.5443,-123.0996,Shackleford Creek,Scott,Quartz Valley Indian Reservation
2301,"Shackleford Creek in Log Lake Meadow, below trail junction",41.5424,-123.106,Shackleford Creek,Scott,Quartz Valley Indian Reservation
708,#12837 Kuut,41.589722,-122.983056,,Scott,Quartz Valley Indian Reservations
751,#14208 Dangel Lane,41.613889,-122.960278,,Scott,Quartz Valley Indian Reservations
658,100 Quartz Valley Drive,41.603056,-122.971111,,Scott,Quartz Valley Indian Reservations
675,12808 Yamitch ,41.589542,-122.980642,,Scott,Quartz Valley Indian Reservations
665,12817 Yamitch,41.589539,-122.980917,,Scott,Quartz Valley Indian Reservations
726,12839 Yamitch,41.590278,-122.980556,,Scott,Quartz Valley Indian Reservations
736,12912 Yamitch,41.590278,-122.980556,,Scott,Quartz Valley Indian Reservations
775,12920 Yamitch ,41.591385,-122.9805868,,Scott,Quartz Valley Indian Reservations
768,12929 Kuut,41.591016,-122.983418,,Scott,Quartz Valley Indian Reservations
760,13601 Quartz Valley Road,41.6014,-122.976132,,Scott,Quartz Valley Indian Reservations
702,13605 Quartz Valley Road,41.601094,-122.977656,,Scott,Quartz Valley Indian Reservations
719,13616 Quartz Valley Road,41.601616,-122.974452,,Scott,Quartz Valley Indian Reservations
749,13824 Quartz Valley Road,41.604533,-122.975189,,Scott,Quartz Valley Indian Reservations
690,9009 Big Meadows Drive,41.615117,-122.979436,,Scott,Quartz Valley Indian Reservations
1017,9013 Big Meadows,41.6162,-122.9788,,Scott,Quartz Valley Indian Reservations
784,9021 Sniktaw,41.6,-122.979436,,Scott,Quartz Valley Indian Reservations
679,9024 Sniktaw - QVIR Clinic,41.5996,-122.976744,,Scott,Quartz Valley Indian Reservations
755,9117 Sniktaw,41.583461,-122.975056,,Scott,Quartz Valley Indian Reservations
778,9301 Thaxtuuy,41.591683,-122.979825,,Scott,Quartz Valley Indian Reservations
748,Campbell Lake Outlet,41.542222,-123.0925,Shackleford Creek,Scott,Quartz Valley Indian Reservations
752,Deep Creek,41.665,-123.112222,Deep Creek,Scott,Quartz Valley Indian Reservations
1018,Etna Creek,41.428972,-122.947111,Etna Creek,Scott,Quartz Valley Indian Reservations
693,Grouse Creek,41.314444,-122.705833,Grouse Creek,Scott,Quartz Valley Indian Reservations
733,Kangaroo Creek,41.338611,-122.705833,Kangaroo Creek,Scott,Quartz Valley Indian Reservations
698,Lower Shackleford Mill,41.624186,-122.965584,Shackleford Creek,Scott,Quartz Valley Indian Reservations
711,Lower Sniktaw Creek,41.614732,-122.981528,Sniktaw Creek,Scott,Quartz Valley Indian Reservations
662,Mill Creek,41.592962,-122.989897,Mill Creek,Scott,Quartz Valley Indian Reservations
677,Mule Creek,41.293611,-122.734167,Mule Creek,Scott,Quartz Valley Indian Reservations
1019,Patterson Creek,41.509639,-122.9345,Patterson Creek,Scott,Quartz Valley Indian Reservations
706,QVIR Gymnasium,41.598455,-122.976745,,Scott,Quartz Valley Indian Reservations
769,Rez swim spot,41.592961,-122.981078,Shackleford Creek,Scott,Quartz Valley Indian Reservations
1020,Scott River @ Black Bridge,41.517056,-122.850806,Scott River,Scott,Quartz Valley Indian Reservations
797,Scott River @ East Fork,41.306642,-122.797493,Scott River,Scott,Quartz Valley Indian Reservations
753,Scott River @ Jones Beach,41.639444,-123.059167,Scott River,Scott,Quartz Valley Indian Reservations
764,Scott River @ South Fork,41.295694,-122.809097,Scott River,Scott,Quartz Valley Indian Reservations
1021,Scott River @ Townsend,41.687344,-123.08389,Scott River,Scott,Quartz Valley Indian Reservations
802,Scott River @ USGS Gage,41.64,-123.013889,Scott River,Scott,Quartz Valley Indian Reservations
699,Shackleford @ Falls,41.590556,-123.000833,Shackleford Creek,Scott,Quartz Valley Indian Reservations
783,Shackleford @ QVR Bridge,41.594167,-122.975,Shackleford Creek,Scott,Quartz Valley Indian Reservations
772,Shackleford @ Trailhead,41.560833,-123.050833,Shackleford Creek,Scott,Quartz Valley Indian Reservations
672,Summit Lake Outlet,41.543611,-123.093611,Summit Lake,Scott,Quartz Valley Indian Reservations
1022,Upper Sniktaw,41.598159,-122.996401,Sniktaw Creek,Scott,Quartz Valley Indian Reservations
740,Well # 10-Forest parcel_south,41.593501,-122.977802,,Scott,Quartz Valley Indian Reservations
651,Well # 6 -Yamitch,41.589512,-122.979712,,Scott,Quartz Valley Indian Reservations
714,Well #11-Forest parcel_northeast,41.596158,-122.974358,,Scott,Quartz Valley Indian Reservations
810,Well #12-Quartz Valley Road by Shackleford,41.59287,-122.974647,,Scott,Quartz Valley Indian Reservations
741,Well #13-QVIR Culture Camp,41.60248,-122.978279,,Scott,Quartz Valley Indian Reservations
1023,Well #14- Shackleford Creek @QVR Bridge upstream left,41.589028,-122.975194,,Scott,Quartz Valley Indian Reservations
1024,Well #15- QVR @ Kev's,41.617028,-122.979389,,Scott,Quartz Valley Indian Reservations
1025,Well #16-Big Meadows @ north end,41.597,-122.972194,,Scott,Quartz Valley Indian Reservations
789,Well #1-Forest parcel_due north,41.59696,-122.978029,,Scott,Quartz Valley Indian Reservations
652,Well #2  -Quartz Valley Drive parcel_due north,41.603543,-122.971139,,Scott,Quartz Valley Indian Reservations
737,Well #3-QVIR Admin Building,41.601013,-122.976144,,Scott,Quartz Valley Indian Reservations
668,Well #4-Corner of Kuut and Thaxtuuy,41.591512,-122.983274,,Scott,Quartz Valley Indian Reservations
774,Well #5-Kuut,41.592872,-122.983838,,Scott,Quartz Valley Indian Reservations
732,Well #7-Quartz Valley Drive parcel_due south,41.600886,-122.971152,,Scott,Quartz Valley Indian Reservations
705,Well #8-Keet Road,41.589511,-122.974624,,Scott,Quartz Valley Indian Reservations
739,Well #8-Keet Road ,41.589511,-122.974624,,Scott,Quartz Valley Indian Reservations
715,Well #9-Back of Gymnasium,41.598104,-122.975797,,Scott,Quartz Valley Indian Reservations
2162,Beaver1,41.99012883,-122.3128605,Copco Reservoir,Upper Klamath,RES
2502,Beaver1,41.99012883,-122.3128605,Beaver Creek,Upper Klamath,RES
2163,Beaver2,41.99581792,-122.3097291,Beaver Creek,Upper Klamath,RES
2164,Bogus1,41.92915103,-122.4394213,Bogus Creek,Middle Klamath,RES
2165,Canyon1,41.63241206,-123.1042746,Canyon Creek,Scott,RES
2166,Fall1,41.9816955,-122.3627775,Fall Creek,Upper Klamath,RES
2167,Fall2,42.01759794,-122.3460424,Fall Creek,Upper Klamath,RES
2168,Hayden1,42.00755127,-122.1889547,Hayden Creek,Upper Klamath,RES
2169,Jenny1,41.97340552,-122.4019864,Iron Gate Reservoir,Upper Klamath,RES
2503,Jenny1,41.97340552,-122.4019864,Jenny Creek,Upper Klamath,RES
2170,Jenny2,41.9791788,-122.3922812,Jenny Creek,Upper Klamath,RES
2171,Jenny3,41.98321762,-122.3824132,Jenny Creek,Upper Klamath,RES
2172,Jenny4,42.0232263,-122.358247,Jenny Creek,Upper Klamath,RES
2173,Kelsey1,41.64505846,-123.1179742,Kelsey Creek,Scott,RES
2174,Kelsey2,41.64323478,-123.1249067,Kelsey Creek,Scott,RES
2175,Klamath_Ranch,41.91678658,-122.4602819,Klamath River,Middle Klamath,RES
2176,Klamath1,41.93121034,-122.4418899,Klamath River,Middle Klamath,RES
2177,Klamath10,41.98255099,-122.3280525,Copco Reservoir,Upper Klamath,RES
2504,Klamath10,41.98255099,-122.3280525,Klamath River,Upper Klamath,RES
2178,Klamath12,41.97439909,-122.2895092,Copco Reservoir,Upper Klamath,RES
2505,Klamath12,41.97439909,-122.2895092,Klamath River,Upper Klamath,RES
2179,Klamath14,41.97439322,-122.2895086,Klamath River,Upper Klamath,RES
2180,Klamath16,41.96621715,-122.2176978,Klamath River,Upper Klamath,RES
2181,Klamath18,41.9734895,-122.1999829,Klamath River,Upper Klamath,RES
2182,Klamath2,41.93550312,-122.4328805,Iron Gate Reservoir,Upper Klamath,RES
2183,Klamath20,42.00880108,-122.1757219,Klamath River,Upper Klamath,RES
2184,Klamath22,42.01516707,-122.1417106,Klamath River,Upper Klamath,RES
2185,Klamath24,42.02528283,-122.1037671,Klamath River,Upper Klamath,RES
2186,Klamath26,42.05584878,-122.0892316,Klamath River,Upper Klamath,RES
2187,Klamath28,42.08003685,-122.0764396,Klamath River,Upper Klamath,RES
2188,Klamath30,42.09346037,-122.0695376,Klamath River,Upper Klamath,RES
2189,Klamath32,42.12152856,-122.0492941,Klamath River,Upper Klamath,RES
2190,Klamath34,42.13350307,-122.0318512,J.C. Boyle Reservoir,Upper Klamath,RES
2506,Klamath34,42.13350307,-122.0318512,Klamath River,Upper Klamath,RES
2191,Klamath36,42.14955973,-122.0237201,J.C. Boyle Reservoir,Upper Klamath,RES
2507,Klamath36,42.14955973,-122.0237201,Klamath River,Upper Klamath,RES
2192,Klamath4,41.96538983,-122.4246874,Iron Gate Reservoir,Upper Klamath,RES
2193,Klamath6,41.96889648,-122.3856685,Iron Gate Reservoir,Upper Klamath,RES
2508,Klamath6,41.96889648,-122.3856685,Klamath River,Upper Klamath,RES
2194,Klamath8,41.9731828,-122.3626357,Klamath River,Upper Klamath,RES
2195,Scotch1,41.95880099,-122.4337255,Iron Gate Reservoir,Upper Klamath,RES
2509,Scotch1,41.95880099,-122.4337255,Scotch Creek,Upper Klamath,RES
2196,Scotch2,41.97546389,-122.4399845,Scotch Creek,Upper Klamath,RES
2197,Scotch3,41.98144238,-122.4521164,Scotch Creek,Upper Klamath,RES
2198,Scott1,41.66398585,-123.1138953,Scott River,Scott,RES
2199,Scott2,41.64464513,-123.113597,Scott River,Scott,RES
2200,Scott3,41.63494027,-123.0981284,Scott River,Scott,RES
2201,Shovel1,41.96640631,-122.1937949,Shovel Creek,Upper Klamath,RES
2202,Shovel2,41.95769054,-122.1808994,Shovel Creek,Upper Klamath,RES
2206,Shovel3,41.95084821,-122.1757772,Shovel Creek,Upper Klamath,RES
2203,Spencer1,42.15837422,-122.0288513,Spencer Creek,Upper Klamath,RES
2204,Spencer2,42.16286269,-122.0406051,Spencer Creek,Upper Klamath,RES
2205,Spencer3,42.17408789,-122.0513758,Spencer Creek,Upper Klamath,RES
700,Junior Creek approx. 0.5 mile east on Klamath bch Rd from 101 HWY,41.511667,-124.019444,Junior Creek,Lower Klamath,Resighini Rancheria 
735,Klamath River,41.5167,-124.0279,Klamath River,Lower Klamath,Resighini Rancheria 
795,Klamath River R-2,41.51005,-124.01665,Klamath River,Lower Klamath,Resighini Rancheria 
655,Pond one West end of Klamath River overflow Channel,41.5175,-124.023333,Pond,Lower Klamath,Resighini Rancheria 
656,Pond three East on Klamath Beach Rd Riparian to the Racheria,41.512222,-124.023611,Pond,Lower Klamath,Resighini Rancheria 
776,Unnamed Creek runs parallel with Klamath bch RD,41.512222,-124.023889,Creek,Lower Klamath,Resighini Rancheria 
691,Unnamed stream about 1.25 miles east on Klamath bch Rd,41.513611,-124.0125,Creek,Lower Klamath,Resighini Rancheria 
804,Waukell Creek near HWY 101 on Klamath bch RD,41.511111,-124.027778,Waukell Creek,Lower Klamath,Resighini Rancheria 
654,Black Bear Creek,41.204393,-123.224449,Black Bear Creek,Salmon,Salmon River Restoration Council
695,Butler Creek,41.336218,-123.409295,Butler Creek,Salmon,Salmon River Restoration Council
779,Cecil Creek,41.139214,-123.127483,Cecil Creek,Salmon,Salmon River Restoration Council
727,Cecil Creek Air,41.139214,-123.127483,,Salmon,Salmon River Restoration Council
666,Crapo Creek,41.292286,-123.361699,Crapo Creek,Salmon,Salmon River Restoration Council
788,Crapo Creek Air,41.292318,-123.361349,,Salmon,Salmon River Restoration Council
811,Crawfod Creek,41.140583,-123.138394,Crawford Creek,Salmon,Salmon River Restoration Council
688,East Fork Salmon below Taylor Creek,41.1638,-123.093696,East Fork South Fork Salmon River,Salmon,Salmon River Restoration Council
758,East Fork Salmon below Taylor Creek Air,41.1638,-123.093696,,Salmon,Salmon River Restoration Council
713,Eddy Gulch,41.295697,-123.120653,Eddy Gulch,Salmon,Salmon River Restoration Council
2254,Hotelling Gulch,41.23914,123.27813,Hotelling Gulch,Salmon,Salmon River Restoration Council
780,Knownothing Creek,41.241816,-123.292808,Knownothing Creek,Salmon,Salmon River Restoration Council
696,Knownothing Creek Air,41.241751,-123.292859,,Salmon,Salmon River Restoration Council
759,Little North Fork ,41.320582,-123.17889,Little North Fork Salmon River,Salmon,Salmon River Restoration Council
687,Little North Fork Air,41.32076,-123.179355,,Salmon,Salmon River Restoration Council
717,Mainstem Salmon above Nordheimer,41.296008,-123.360538,Salmon River,Salmon,Salmon River Restoration Council
720,Mainstem Salmon at Crapo Creek,41.292343,-123.362943,Salmon River,Salmon,Salmon River Restoration Council
664,Mainstem Salmon below Nordheimer Creek,41.297996,-123.358975,Salmon River,Salmon,Salmon River Restoration Council
762,Mathews Creek,41.186803,-123.213933,Matthews Creek,Salmon,Salmon River Restoration Council
678,Methodist Creek,41.222106,-123.25005,Methodist Creek,Salmon,Salmon River Restoration Council
743,Methodist Creek Air,41.221962,-123.250387,,Salmon,Salmon River Restoration Council
747,Nordheimer Creek,41.297303,-123.361096,Nordheimer Creek,Salmon,Salmon River Restoration Council
697,North Fork Salmon above Little Nork Fork,41.320731,-123.176185,North Fork Salmon River,Salmon,Salmon River Restoration Council
686,North Fork Salmon above Right Hand Fork,41.429797,-123.110106,North Fork Salmon River,Salmon,Salmon River Restoration Council
710,North Fork Salmon at Kelly Gulch,41.315597,-123.168891,North Fork Salmon River,Salmon,Salmon River Restoration Council
701,North Fork Salmon at Mule Bridge,41.356744,-123.074053,North Fork Salmon River,Salmon,Salmon River Restoration Council
1699,North Fork Salmon at Red Bank,41.29864,-123.2275,North Fork Salmon River,Salmon,Salmon River Restoration Council
2259,North Fork Salmon at Red Bank,41.29864,123.2275,North Fork Salmon River,Salmon,Salmon River Restoration Council
796,North Fork Salmon below Little North Fork,41.316922,-123.178568,North Fork Salmon River,Salmon,Salmon River Restoration Council
2255,North Fork Salmon River,41.2647366,-123.3079728,North Fork Salmon River,Salmon,Salmon River Restoration Council
718,North Fork Salmon River above Forks,41.258607,-123.321021,North Fork Salmon River,Salmon,Salmon River Restoration Council
792,North Fork Salmon River at Sawyers Bar,41.299461,-123.14087,North Fork Salmon River,Salmon,Salmon River Restoration Council
745,North Russian Creek,41.328971,-123.049537,,Salmon,Salmon River Restoration Council
790,North Russian Creek,41.32882,-123.04938,North Russian Creek,Salmon,Salmon River Restoration Council
767,Plummer Creek,41.149942,-123.213731,Plummer Creek,Salmon,Salmon River Restoration Council
725,Right Hand Fork of North Fork,41.429933,-123.109669,Right Hand North Fork Salmon River,Salmon,Salmon River Restoration Council
803,Right Hand Fork of North Fork Air,41.429933,-123.109669,,Salmon,Salmon River Restoration Council
781,Rush Creek,41.091094,-123.050599,Rush Creek,Salmon,Salmon River Restoration Council
669,Rush Creek Air,41.091094,-123.050599,,Salmon,Salmon River Restoration Council
794,S. Fork Salmon above Knownothing,41.243963,-123.289819,South Fork Salmon River,Salmon,Salmon River Restoration Council
750,S. Fork Salmon below Knownothing,41.243419,-123.293063,South Fork Salmon River,Salmon,Salmon River Restoration Council
663,Salmon River below Forks,41.260152,-123.329128,Salmon River,Salmon,Salmon River Restoration Council
660,Shadow Creek,41.201075,-123.071739,Shadow Creek,Salmon,Salmon River Restoration Council
807,South Fork Salmon above Black Bear Creek,41.203319,-123.224345,South Fork Salmon River,Salmon,Salmon River Restoration Council
676,South Fork Salmon above East Fork,41.152527,-123.111358,South Fork Salmon River,Salmon,Salmon River Restoration Council
692,South Fork Salmon below Blind Horse,41.091385,-123.054639,South Fork Salmon River,Salmon,Salmon River Restoration Council
2256,South Fork Salmon River,41.2414144,-123.283033,South Fork Salmon River,Salmon,Salmon River Restoration Council
694,South Fork Salmon River above Forks,41.256752,-123.320152,South Fork Salmon River,Salmon,Salmon River Restoration Council
683,South Russian Creek,41.32619,-123.057008,South Russian Creek,Salmon,Salmon River Restoration Council
738,South Taylor Creek,41.171544,-123.093611,Taylor Creek,Salmon,Salmon River Restoration Council
682,St. Clair Creek,41.140758,-123.171886,Sainte Claire Creek,Salmon,Salmon River Restoration Council
757,Uncles Creek,41.378277,-123.179636,Uncles Creek,Salmon,Salmon River Restoration Council
785,Whites Gulch,41.298215,-123.083676,Whites Gulch,Salmon,Salmon River Restoration Council
1983,BHMW1,41.3375639775999,-122.8261418,Sugar Creek,Scott,Scott River Watershed Council
1984,BHMW2s,41.3376444259,-122.8265457,Sugar Creek,Scott,Scott River Watershed Council
1985,BHMW3,41.3376674199,-122.8267476,Sugar Creek,Scott,Scott River Watershed Council
1986,BHMW4,41.3376797851,-122.8268815,Sugar Creek,Scott,Scott River Watershed Council
1987,BHMW5s,41.337727714,-122.8270207,Sugar Creek,Scott,Scott River Watershed Council
1988,BHMW6,41.3383108923,-122.826251,Sugar Creek,Scott,Scott River Watershed Council
1989,BHMW7s,41.3383211689,-122.8266235,Sugar Creek,Scott,Scott River Watershed Council
1990,BHMW8,41.3383207227999,-122.8267937,Sugar Creek,Scott,Scott River Watershed Council
1991,CMMW1,41.36471543,-122.6134998,Cabin Meadows Creek,Scott,Scott River Watershed Council
1992,CMMW10,41.3377249760999,-122.5974997,Cabin Meadows Creek,Scott,Scott River Watershed Council
1993,CMMW11,41.3391174201999,-122.593614,Cabin Meadows Creek,Scott,Scott River Watershed Council
1994,CMMW12,41.3344374265,-122.5968005,Cabin Meadows Creek,Scott,Scott River Watershed Council
1995,CMMW13,41.3344139988,-122.5962844,Cabin Meadows Creek,Scott,Scott River Watershed Council
1996,CMMW14,41.3339043383999,-122.5965911,Cabin Meadows Creek,Scott,Scott River Watershed Council
1997,CMMW15,41.3326727836,-122.5955064,Cabin Meadows Creek,Scott,Scott River Watershed Council
1998,CMMW16,41.3352742770999,-122.5937371,Cabin Meadows Creek,Scott,Scott River Watershed Council
1999,CMMW17,41.3346628206,-122.5937839,Cabin Meadows Creek,Scott,Scott River Watershed Council
2000,CMMW2,41.36408533,-122.6125578,Cabin Meadows Creek,Scott,Scott River Watershed Council
2001,CMMW3,41.3582887510999,-122.6069325,Cabin Meadows Creek,Scott,Scott River Watershed Council
2002,CMMW4,41.3557786977,-122.6073075,Cabin Meadows Creek,Scott,Scott River Watershed Council
2003,CMMW5,41.35545464,-122.606053,Cabin Meadows Creek,Scott,Scott River Watershed Council
2004,CMMW6,41.3548975765,-122.6067294,Cabin Meadows Creek,Scott,Scott River Watershed Council
2005,CMMW7,41.3453221795999,-122.6019401,Cabin Meadows Creek,Scott,Scott River Watershed Council
2006,CMMW8,41.3452330579999,-122.6006557,Cabin Meadows Creek,Scott,Scott River Watershed Council
2007,CMMW9,41.3400485554,-122.5979001,Cabin Meadows Creek,Scott,Scott River Watershed Council
2008,EFMW1,41.3243802901999,-122.7226176,East Fork Scott River,Scott,Scott River Watershed Council
2009,EFMW10,41.3156602346,-122.726896,East Fork Scott River,Scott,Scott River Watershed Council
2010,EFMW2,41.3243909138,-122.7217943,East Fork Scott River,Scott,Scott River Watershed Council
2011,EFMW3,41.3234516886999,-122.7234054,East Fork Scott River,Scott,Scott River Watershed Council
2012,EFMW4,41.3232157018,-122.7230372,East Fork Scott River,Scott,Scott River Watershed Council
2013,EFMW5,41.3211695315999,-122.7235716,East Fork Scott River,Scott,Scott River Watershed Council
2014,EFMW6,41.3211877394999,-122.7229024,East Fork Scott River,Scott,Scott River Watershed Council
2015,EFMW7,41.3181894,-122.7237897,East Fork Scott River,Scott,Scott River Watershed Council
2016,EFMW8,41.3179340004,-122.7232149,East Fork Scott River,Scott,Scott River Watershed Council
2017,EFMW9,41.31589652,-122.7273932,East Fork Scott River,Scott,Scott River Watershed Council
1386,French above Miners,41.38827107,-122.8726343,French Creek,Scott,Scott River Watershed Council
1418,French Above Pool 4 - RKM 3.6,41.3967544,-122.8701211,French Creek,Scott,Scott River Watershed Council
1419,French BAS - RKM 4.0,41.39384735,-122.8722405,French Creek,Scott,Scott River Watershed Council
1387,French below Miners,41.38922528,-122.8714579,French Creek,Scott,Scott River Watershed Council
1421,French Below Sidechannel Outlet - RKM 3.1,41.40040546,-122.8672224,French Creek,Scott,Scott River Watershed Council
1417,French Creek below Sidechannel Outlet,41.40035213,-122.8672502,French Creek,Scott,Scott River Watershed Council
1420,French Pool 3 - RKM 3.5,41.39757233,-122.8698918,French Creek,Scott,Scott River Watershed Council
2018,GRMW1,41.3144488382,-122.715428,Grouse Creek,Scott,Scott River Watershed Council
2019,GRMW10,41.3147598501,-122.7058508,Grouse Creek,Scott,Scott River Watershed Council
2020,GRMW11,41.3139324938999,-122.7053241,Grouse Creek,Scott,Scott River Watershed Council
2021,GRMW12,41.31514492,-122.7039148,Grouse Creek,Scott,Scott River Watershed Council
2022,GRMW13,41.31454432,-122.70435,Grouse Creek,Scott,Scott River Watershed Council
2023,GRMW2,41.3140883112,-122.71534,Grouse Creek,Scott,Scott River Watershed Council
2024,GRMW3,41.31452995,-122.7125436,Grouse Creek,Scott,Scott River Watershed Council
2025,GRMW4,41.3145492573,-122.7112615,Grouse Creek,Scott,Scott River Watershed Council
2026,GRMW5,41.3139285984999,-122.7112511,Grouse Creek,Scott,Scott River Watershed Council
2027,GRMW6,41.3146411262,-122.7101823,Grouse Creek,Scott,Scott River Watershed Council
2028,GRMW7,41.3142948178999,-122.7100189,Grouse Creek,Scott,Scott River Watershed Council
2029,GRMW8,41.3149424542,-122.7075191,Grouse Creek,Scott,Scott River Watershed Council
2030,GRMW9,41.3145322549,-122.7073823,Grouse Creek,Scott,Scott River Watershed Council
1438,MFMW16,41.40158475,-122.8680275,French Creek,Scott,Scott River Watershed Council
1439,MFMW17,41.40168002,-122.8686183,French Creek,Scott,Scott River Watershed Council
1440,MFMW18,41.40220292,-122.8679123,French Creek,Scott,Scott River Watershed Council
1441,MFMW19,41.40220379,-122.8680234,French Creek,Scott,Scott River Watershed Council
1442,MFMW20,41.40224683,-122.8684123,French Creek,Scott,Scott River Watershed Council
1445,MFMW21,41.39753275,-122.8691083,French Creek,Scott,Scott River Watershed Council
1444,MFMW22,41.39711783,-122.8693705,French Creek,Scott,Scott River Watershed Council
1443,MFMW23,41.39657939,-122.8697994,French Creek,Scott,Scott River Watershed Council
1423,MFRMW1,41.39844919,-122.8696903,French Creek,Scott,Scott River Watershed Council
1432,MFRMW10,41.39680444,-122.8713636,French Creek,Scott,Scott River Watershed Council
1433,MFRMW11,41.39537188,-122.8719872,French Creek,Scott,Scott River Watershed Council
1422,MFRMW12,41.4001673,-122.8675721,French Creek,Scott,Scott River Watershed Council
1434,MFRMW12s,41.39983073,-122.8675743,French Creek,Scott,Scott River Watershed Council
1435,MFRMW13,41.40017638,-122.8682659,French Creek,Scott,Scott River Watershed Council
1436,MFRMW14,41.40033306,-122.8689887,French Creek,Scott,Scott River Watershed Council
1437,MFRMW15s,41.40159316,-122.8676638,French Creek,Scott,Scott River Watershed Council
1424,MFRMW2s,41.39828162,-122.8695451,French Creek,Scott,Scott River Watershed Council
1425,MFRMW3,41.39823235,-122.8695216,French Creek,Scott,Scott River Watershed Council
1426,MFRMW4,41.39813799,-122.8704288,French Creek,Scott,Scott River Watershed Council
1427,MFRMW5s,41.39801713,-122.8702479,French Creek,Scott,Scott River Watershed Council
1428,MFRMW6,41.39784459,-122.8700313,French Creek,Scott,Scott River Watershed Council
1429,MFRMW7,41.39776779,-122.8711126,French Creek,Scott,Scott River Watershed Council
1430,MFRMW8,41.39753837,-122.8708309,French Creek,Scott,Scott River Watershed Council
1431,MFRMW9,41.39716241,-122.8704094,French Creek,Scott,Scott River Watershed Council
1914,MGMW1s,41.3530861333,-122.825549522,Scott River Tailings Pond,Scott,Scott River Watershed Council
1915,MGMW2s,41.3559341865,-122.824681756999,Scott River Tailings Pond,Scott,Scott River Watershed Council
1916,MGMW3s,41.3522751873999,-122.825025756,Scott River Tailings Pond,Scott,Scott River Watershed Council
1917,MGMW4s,41.3545801817,-122.823357755999,Scott River Tailings Pond,Scott,Scott River Watershed Council
1918,MGMW5s,41.3556588929999,-122.823190767,Scott River Tailings Pond,Scott,Scott River Watershed Council
1448,Mid French Creek RKM 3.5,41.39761666,-122.8698474,French Creek,Scott,Scott River Watershed Council
1380,Mid French FRGP Sidechannel,41.40025065,-122.8674337,French Creek,Scott,Scott River Watershed Council
1447,Mid French Sidechannel BDA Pond 1,41.39807262,-122.8700896,French Creek,Scott,Scott River Watershed Council
1449,Mid French Sidechannel BDA Pond 2,41.39781753,-122.8704472,French Creek,Scott,Scott River Watershed Council
1451,Mid French Sidechannel BDA Pond EF,41.3973163,-122.8706279,French Creek,Scott,Scott River Watershed Council
1450,Mid French Sidechannel BDA Pond WF,41.39757232,-122.8711034,French Creek,Scott,Scott River Watershed Council
1452,Mid French Sidechannel BDA UC Davis Control,41.39660002,-122.8711687,French Creek,Scott,Scott River Watershed Council
1381,Mid French Sidechannel BDA1,41.39810843,-122.8699888,French Creek,Scott,Scott River Watershed Council
1382,Mid French Sidechannel BDA2,41.39784079,-122.8704127,French Creek,Scott,Scott River Watershed Council
1446,Mid French Sidechannel Below BDAs,41.3982304,-122.869674,French Creek,Scott,Scott River Watershed Council
1395,MIMW10RP,41.38655878,-122.8706305,Miners Creek,Scott,Scott River Watershed Council
1397,MIMW11RP,41.38593314,-122.8711025,Miners Creek,Scott,Scott River Watershed Council
1396,MIMW12RP,41.38563903,-122.8707203,Miners Creek,Scott,Scott River Watershed Council
1403,MIMW1RP,41.38751984,-122.8715239,Miners Creek,Scott,Scott River Watershed Council
1392,MIMW2RP,41.38779094,-122.8708753,Miners Creek,Scott,Scott River Watershed Council
1393,MIMW3RP,41.38758196,-122.8711846,Miners Creek,Scott,Scott River Watershed Council
1401,MIMW4RP,41.38714432,-122.8715152,Miners Creek,Scott,Scott River Watershed Council
1402,MIMW5RP,41.3872473,-122.8711114,Miners Creek,Scott,Scott River Watershed Council
1394,MIMW6RP,41.38719255,-122.8707833,Miners Creek,Scott,Scott River Watershed Council
1400,MIMW7RP,41.38679804,-122.8711735,Miners Creek,Scott,Scott River Watershed Council
1398,MIMW8RP,41.386425,-122.8712386,Miners Creek,Scott,Scott River Watershed Council
1399,MIMW9RP,41.38657156,-122.8709631,Miners Creek,Scott,Scott River Watershed Council
1390,Miners above BDA RKM 0.2,41.38725159,-122.8710952,Miners Creek,Scott,Scott River Watershed Council
1388,Miners above BDA RKM 0.3,41.38574054,-122.8709586,Miners Creek,Scott,Scott River Watershed Council
1389,Miners below BDA RKM 0.2,41.38809992,-122.8716238,Miners Creek,Scott,Scott River Watershed Council
1391,Miners Below BDA RKM 0.3,41.38666842,-122.8710552,Miners Creek,Scott,Scott River Watershed Council
1411,mmmw10rp,41.37842159,-122.9623204,Meeks Meadow,Scott,Scott River Watershed Council
1410,mmmw11rp,41.37883453,-122.9628499,Meeks Meadow,Scott,Scott River Watershed Council
1404,mmmw1rp,41.3761914,-122.9575992,Meeks Meadow,Scott,Scott River Watershed Council
1405,mmmw2rp,41.37643274,-122.9578059,Meeks Meadow,Scott,Scott River Watershed Council
1406,mmmw3rp,41.37676867,-122.9581195,Meeks Meadow,Scott,Scott River Watershed Council
1407,mmmw4rp,41.37710707,-122.9584358,Meeks Meadow,Scott,Scott River Watershed Council
1408,mmmw5rp,41.37745666,-122.9587236,Meeks Meadow,Scott,Scott River Watershed Council
1409,mmmw6rp,41.37779884,-122.9584075,Meeks Meadow,Scott,Scott River Watershed Council
1414,mmmw7rp,41.37814898,-122.958179,Meeks Meadow,Scott,Scott River Watershed Council
1412,mmmw8rp,41.37879606,-122.9634508,Meeks Meadow,Scott,Scott River Watershed Council
1413,mmmw9rp,41.37826591,-122.9631012,Meeks Meadow,Scott,Scott River Watershed Council
1453,Moffett above Soap Creek,41.63215891,-122.7367238,Moffett Creek,Scott,Scott River Watershed Council
1454,PCTEMP1,41.507859,-122.930777,Patterson Creek,Scott,Scott River Watershed Council
1455,PCTEMP2,41.506663,-122.929545,Patterson Creek,Scott,Scott River Watershed Council
1456,PCTEMP3,41.504772,-122.925783,Patterson Creek,Scott,Scott River Watershed Council
1457,Rattlesnake Creek - Temperature,41.67170523,-122.8902553,Rattlesnake Creek,Scott,Scott River Watershed Council
1458,RCMW1,41.6714385,-122.8903807,Rattlesnake Creek,Scott,Scott River Watershed Council
1459,RCMW2s,41.67148371,-122.8901698,Rattlesnake Creek,Scott,Scott River Watershed Council
1460,RCMW3,41.67149239,-122.8901167,Rattlesnake Creek,Scott,Scott River Watershed Council
1461,RCMW4,41.67170252,-122.8903631,Rattlesnake Creek,Scott,Scott River Watershed Council
1462,RCMW5s,41.67171318,-122.8902548,Rattlesnake Creek,Scott,Scott River Watershed Council
1463,RCMW6,41.67171523,-122.8902051,Rattlesnake Creek,Scott,Scott River Watershed Council
2031,RFMW1,41.3596584638999,-122.6338614,Rock Fence Creek,Scott,Scott River Watershed Council
2032,RFMW10,41.3437106455,-122.6162429,Rock Fence Creek,Scott,Scott River Watershed Council
2033,RFMW11,41.3387750604999,-122.613468,Rock Fence Creek,Scott,Scott River Watershed Council
2034,RFMW12,41.3387477098999,-122.6131024,Rock Fence Creek,Scott,Scott River Watershed Council
2035,RFMW13,41.3381234937,-122.6123042,Rock Fence Creek,Scott,Scott River Watershed Council
2036,RFMW2,41.35992111,-122.634594,Rock Fence Creek,Scott,Scott River Watershed Council
2037,RFMW3,41.3409348547,-122.6168962,Rock Fence Creek,Scott,Scott River Watershed Council
2038,RFMW4,41.33963942,-122.6171285,Rock Fence Creek,Scott,Scott River Watershed Council
2039,RFMW5,41.3458690961999,-122.6179311,Rock Fence Creek,Scott,Scott River Watershed Council
2040,RFMW6,41.3458300527,-122.6172955,Rock Fence Creek,Scott,Scott River Watershed Council
2041,RFMW7,41.3460268592999,-122.6163452,Rock Fence Creek,Scott,Scott River Watershed Council
2042,RFMW8,41.34371838,-122.6172134,Rock Fence Creek,Scott,Scott River Watershed Council
2043,RFMW9,41.3437338446999,-122.6167173,Rock Fence Creek,Scott,Scott River Watershed Council
1919,SCMW00,41.3380351563,-122.818206013999,Scott River - Tailings Reach,Scott,Scott River Watershed Council
1920,SCMW10,41.3616145056999,-122.823791576999,Scott River - Tailings Reach,Scott,Scott River Watershed Council
1921,SCMW11,41.3616350681,-122.823378925,Scott River - Tailings Reach,Scott,Scott River Watershed Council
1922,SCMW12s,41.3521922110999,-122.824105551,Scott River - Tailings Reach,Scott,Scott River Watershed Council
1923,SCMW2,41.3587537212,-122.823966317,Scott River - Tailings Reach,Scott,Scott River Watershed Council
1924,SCMW3,41.3590222604,-122.823432898999,Scott River - Tailings Reach,Scott,Scott River Watershed Council
1925,SCMW4,41.3591953911999,-122.822971882999,Scott River - Tailings Reach,Scott,Scott River Watershed Council
1926,SCMW5,41.3607086737999,-122.824686201999,Scott River - Tailings Reach,Scott,Scott River Watershed Council
1927,SCMW6,41.3602846475,-122.823996192999,Scott River - Tailings Reach,Scott,Scott River Watershed Council
1928,SCMW7,41.3603271492,-122.823334200999,Scott River - Tailings Reach,Scott,Scott River Watershed Council
1929,SCMW9,41.3613731096,-122.824747458,Scott River - Tailings Reach,Scott,Scott River Watershed Council
1385,Scott Tailings - Alexander Pond,41.35875511,-122.8239899,Scott River,Scott,Scott River Watershed Council
1415,Sidechannel Bottom,41.40026627,-122.8673773,French Creek,Scott,Scott River Watershed Council
1416,Sidechannel Outlet,41.40009167,-122.86749,French Creek,Scott,Scott River Watershed Council
1930,STMW1,41.3609501839,-122.825317756999,Scott River Tailings Pond,Scott,Scott River Watershed Council
1931,STMW2s,41.3494657036,-122.827636859999,Scott River Tailings Pond,Scott,Scott River Watershed Council
1932,STMW3s,41.3570879253,-122.823427085999,Scott River Tailings Pond,Scott,Scott River Watershed Council
1478,Sugar Creek - BP2 Above OCP Channel,41.34027392,-122.8252717,Sugar Creek,Scott,Scott River Watershed Council
1477,Sugar Creek below Highway 3,41.33955377,-122.8259577,Sugar Creek,Scott,Scott River Watershed Council
1384,Sugar Long Pond,41.33736118,-122.820223,Sugar Creek,Scott,Scott River Watershed Council
1383,Sugar OCP,41.33956516,-122.8246234,Sugar Creek,Scott,Scott River Watershed Council
1475,Sugar OCP - Bottom,41.33960898,-122.8246484,Sugar Creek,Scott,Scott River Watershed Council
1476,Sugar OCP - Outlet Channel,41.34006687,-122.8248464,Sugar Creek,Scott,Scott River Watershed Council
1464,SUMW10s,41.33869631,-122.8227688,Sugar Creek - Scott River Tailings,Scott,Scott River Watershed Council
1465,SUMW11S,41.33836796,-122.8215913,Sugar Creek - Scott River Tailings,Scott,Scott River Watershed Council
1466,SUMW12s,41.33737595,-122.8202603,Sugar Creek - Scott River Tailings,Scott,Scott River Watershed Council
1467,SUMW13s,41.33469125,-122.8182874,Sugar Creek - Scott River Tailings,Scott,Scott River Watershed Council
1468,SUMW14,41.3388674,-122.8237282,Sugar Creek - Scott River Tailings,Scott,Scott River Watershed Council
1469,SUMW15,41.33902166,-122.8245867,Sugar Creek - Scott River Tailings,Scott,Scott River Watershed Council
1933,SUMW16,41.3419021328,-122.824613283,Sugar Creek - Scott River Tailings,Scott,Scott River Watershed Council
1934,SUMW17s,41.3394225357,-122.826071775,Sugar Creek - Scott River Tailings,Scott,Scott River Watershed Council
1935,SUMW18,41.3394095220999,-122.825870899999,Sugar Creek - Scott River Tailings,Scott,Scott River Watershed Council
1936,SUMW19,41.3395279614,-122.826268330999,Sugar Creek - Scott River Tailings,Scott,Scott River Watershed Council
1470,SUMW1s,41.33953982,-122.8244877,Sugar Creek - Scott River Tailings,Scott,Scott River Watershed Council
1937,SUMW20,41.339818203,-122.826792998,Sugar Creek - Scott River Tailings,Scott,Scott River Watershed Council
1938,SUMW21,41.3408106409999,-122.825346498,Sugar Creek - Scott River Tailings,Scott,Scott River Watershed Council
1939,SUMW22,41.3394734100999,-122.825155554999,Sugar Creek - Scott River Tailings,Scott,Scott River Watershed Council
1940,SUMW23,41.339058805,-122.824004024999,Sugar Creek - Scott River Tailings,Scott,Scott River Watershed Council
1471,SUMW6s,41.341502,-122.8258784,Sugar Creek - Scott River Tailings,Scott,Scott River Watershed Council
1472,SUMW7s,41.34358648,-122.8265375,Sugar Creek - Scott River Tailings,Scott,Scott River Watershed Council
1473,SUMW8S,41.34451548,-122.8273382,Sugar Creek - Scott River Tailings,Scott,Scott River Watershed Council
1474,SUMW9S,41.33961604,-122.8230879,Sugar Creek - Scott River Tailings,Scott,Scott River Watershed Council
1941,WCMW1s,41.3560471886,-122.828423756999,Westside Channel,Scott,Scott River Watershed Council
1942,WCMW2s,41.3607941854,-122.827314758,Westside Channel,Scott,Scott River Watershed Council
2044,WHMW1,41.4765365589,-122.8489265,Scott River,Scott,Scott River Watershed Council
2045,WHMW10,41.4671048303999,-122.8513392,Scott River,Scott,Scott River Watershed Council
2046,WHMW11,41.4678888185,-122.8507972,Scott River,Scott,Scott River Watershed Council
2047,WHMW12,41.4687605917999,-122.850148,Scott River,Scott,Scott River Watershed Council
2048,WHMW13,41.4722140176999,-122.8505834,Scott River,Scott,Scott River Watershed Council
2049,WHMW14,41.4717332291,-122.8500094,Scott River,Scott,Scott River Watershed Council
2050,WHMW15,41.4714417316,-122.8490707,Scott River,Scott,Scott River Watershed Council
2051,WHMW16,41.4757396038,-122.851134,Scott River,Scott,Scott River Watershed Council
2052,WHMW17,41.4771100824,-122.851198,Scott River,Scott,Scott River Watershed Council
2053,WHMW18,41.47838135,-122.8500762,Scott River,Scott,Scott River Watershed Council
2054,WHMW19,41.478176453,-122.8496078,Scott River,Scott,Scott River Watershed Council
2055,WHMW3,41.47623738,-122.8510729,Scott River,Scott,Scott River Watershed Council
2056,WHMW4,41.4757256999999,-122.8486755,Scott River,Scott,Scott River Watershed Council
2057,WHMW5,41.4756820393999,-122.8489421,Scott River,Scott,Scott River Watershed Council
2058,WHMW6,41.4755690567,-122.8493808,Scott River,Scott,Scott River Watershed Council
2059,WHMW7,41.4754315464,-122.8498706,Scott River,Scott,Scott River Watershed Council
2060,WHMW8,41.4743446100999,-122.8491636,Scott River,Scott,Scott River Watershed Council
2061,WHMW9,41.4743274746,-122.8499326,Scott River,Scott,Scott River Watershed Council
1943,WIMW1,41.3203166998999,-122.812331755,Wildcat Creek,Scott,Scott River Watershed Council
1944,WIMW10,41.3133963476999,-122.820421218999,Wildcat Creek,Scott,Scott River Watershed Council
1945,WIMW11,41.3095815508999,-122.828160170999,Wildcat Creek,Scott,Scott River Watershed Council
1946,WIMW12s,41.3094091250999,-122.828102625,Wildcat Creek,Scott,Scott River Watershed Council
1947,WIMW13,41.3092904056999,-122.828081627,Wildcat Creek,Scott,Scott River Watershed Council
1948,WIMW14,41.3095349653,-122.832156416999,Wildcat Creek,Scott,Scott River Watershed Council
1949,WIMW15s,41.3094224590999,-122.832136606999,Wildcat Creek,Scott,Scott River Watershed Council
1950,WIMW2s,41.3199621724999,-122.811603715,Wildcat Creek,Scott,Scott River Watershed Council
1951,WIMW3,41.3166738052999,-122.815383823,Wildcat Creek,Scott,Scott River Watershed Council
1952,WIMW4s,41.3165880091,-122.814165432999,Wildcat Creek,Scott,Scott River Watershed Council
1953,WIMW6,41.314893941,-122.816231047,Wildcat Creek,Scott,Scott River Watershed Council
1954,WIMW8,41.3135939163,-122.820084172999,Wildcat Creek,Scott,Scott River Watershed Council
1955,WIMW9s,41.3129033812,-122.820059663999,Wildcat Creek,Scott,Scott River Watershed Council
765,A-12 Bridge,41.648001,-122.499318,Shasta River,Shasta,Shasta Valley RCD
659,Araujo - Dam Site,41.730361,-122.561167,Shasta River,Shasta,Shasta Valley RCD
1706,Bolam,41.47609,-122.20695,,Shasta,Shasta Valley RCD
1707,Goosenest,41.7271,-122.21774,,Shasta,Shasta Valley RCD
707,Hidden Valley ,41.549884,-122.395585,Shasta River,Shasta,Shasta Valley RCD
806,Hidden Valley downstream bridge,41.561034,-122.403276,Shasta River,Shasta,Shasta Valley RCD
1202,Hidden Valley Downstream of Spring,41.550144,-122.395775,Shasta River,Shasta,Shasta Valley RCD
681,Hidden Valley East Fencing,41.553223,-122.398703,Shasta River,Shasta,Shasta Valley RCD
1203,Hidden Valley Fish Alcove,41.549872,-122.395433,Shasta River,Shasta,Shasta Valley RCD
1200,Hidden Valley point of diversion,41.548325,-122.382186,Shasta River,Shasta,Shasta Valley RCD
661,Hidden Valley Ranch Site DS to Hole in the Ground,41.56281,-122.40828,Shasta River,Shasta,Shasta Valley RCD
1201,Hidden Valley South Property Line,41.549109,-122.39546,Shasta River,Shasta,Shasta Valley RCD
734,Lemos @ Hwy 3,41.726444,-122.558611,Shasta River,Shasta,Shasta Valley RCD
809,Lower Shasta - Hwy 263,41.824058,-122.59447,Shasta River,Shasta,Shasta Valley RCD
704,Meamber Ranch,41.70908,-122.538136,,Shasta,Shasta Valley RCD
798,Montague-Grenada Rd. Bridge,41.708592,-122.537594,Shasta River,Shasta,Shasta Valley RCD
716,Nelson Ranch,41.607625,-122.454577,Shasta River,Shasta,Shasta Valley RCD
799,Novy Ranch,41.63412,-122.48223,Shasta River,Shasta,Shasta Valley RCD
756,Novy Ranch downstream end of property,41.641595,-122.495743,Shasta River,Shasta,Shasta Valley RCD
724,Novy Ranch upstream of diversion,41.634579,-122.490451,Shasta River,Shasta,Shasta Valley RCD
763,Parks Creek,41.580817,-122.429661,Parks Creek,Shasta,Shasta Valley RCD
2479,Parks Creek Above Fish Passage,41.476438,-122.459663,Parks Creek,Shasta,Shasta Valley RCD
2482,Parks Creek Below Montague Diversion,41.458261,-122.450366,Parks Creek,Shasta,Shasta Valley RCD
2481,Parks Creek Downstream of Hwy 99 Bridge,41.448023,-122.449016,Parks Creek,Shasta,Shasta Valley RCD
2484,Parks Creek Fish Passage,41.497751,-122.465221,Parks Creek,Shasta,Shasta Valley RCD
1204,Parks Creek Fish Passage Project,41.497751,-122.465221,Shasta River,Shasta,Shasta Valley RCD
671,Parks Creek overflow ditch,41.588249,-122.433962,Parks Creek,Shasta,Shasta Valley RCD
800,Rice Bootfield 06_074TW,41.64369,-122.496128,Tailwater,Shasta,Shasta Valley RCD
746,Root Ranch_downstream,41.667913,-122.504908,Shasta River,Shasta,Shasta Valley RCD
2480,Shelley Bridge,41.7721326,-122.5930043,Shasta River,Shasta,Shasta Valley RCD
680,SRWA - Dam Site,41.687735,-122.529959,Shasta River,Shasta,Shasta Valley RCD
761,TMDL Monitoring Site- Salmon Heaven,41.824097,-122.59427,Shasta River,Shasta,Shasta Valley RCD
722,TNC @ Hole in the Ground Creek Fence,41.586347,-122.427471,Tailwater,Shasta,Shasta Valley RCD
770,TNC Pasture 06_355,41.562806,-122.426442,Tailwater,Shasta,Shasta Valley RCD
744,Yreka Creek at Anderson Grade,41.771907,-122.604345,Yreka Creek,Shasta,Shasta Valley RCD
1708,Yreka Creek at Anderson Grade Road,41.77196,-122.60435,Yreka Creek,Shasta,Shasta Valley RCD
667,Yreka-Ager Rd. Bridge,41.746028,-122.574083,Shasta River,Shasta,Shasta Valley RCD
2491,Fay_GW,41.393873,-122.83348,,Scott,Siskiyou Resource Conservation District
2494,Fay_SW,41.396,-122.833,Scott River,Scott,Siskiyou Resource Conservation District
2490,Horn_GW,41.457168,-122.851486,,Scott,Siskiyou Resource Conservation District
2493,Horn_SW,41.456,-122.853,Scott River,Scott,Siskiyou Resource Conservation District
2489,Meamber_GW,41.629481,-122.957788,,Scott,Siskiyou Resource Conservation District
2492,Meamber_SW,41.629,-122.957,Scott River,Scott,Siskiyou Resource Conservation District
2496,South Fork Scott River groundwater well 1,41.289605,-122.833869,,Scott,Siskiyou Resource Conservation District
2497,South Fork Scott River groundwater well 2,41.289721,-122.833275,,Scott,Siskiyou Resource Conservation District
2498,South Fork Scott River groundwater well 3,41.290066,-122.832734,,Scott,Siskiyou Resource Conservation District
2499,South Fork Scott River temp station,41.289969,-122.832668,South Fork Scott River,Scott,Siskiyou Resource Conservation District
2495,Youngs Dam,41.438708,-122.846176,Scott River,Scott,Siskiyou Resource Conservation District
1133,Sprague River Mile 43.5,42.49181,-121.55038,,Sprague,The Freshwater Trust
731,Big Springs Creek abv SR,41.59357,-122.438252,Big Springs Creek,Shasta,The Nature Conservancy
674,Big Springs Dam,41.599089,-122.409363,Big Springs Creek,Shasta,The Nature Conservancy
771,Blw. waterwheel,41.601739,-122.419893,Big Springs Creek,Shasta,The Nature Conservancy
684,Busk bridge,41.598893,-122.412414,Big Springs Creek,Shasta,The Nature Conservancy
766,HIG diffuse,41.582798,-122.430507,Hole in the Ground Creek,Shasta,The Nature Conservancy
1630,Little Shasta R nr Montague,41.73309,-122.35036,Little Shasta River,Shasta,The Nature Conservancy
721,Lower Creek,41.600176,-122.428019,Big Springs Creek,Shasta,The Nature Conservancy
773,Lowest bridge crossing,41.596491,-122.436967,Big Springs Creek,Shasta,The Nature Conservancy
673,LSC- 1st headgate,41.58799,-122.425206,Little Springs Creek,Shasta,The Nature Conservancy
754,LSC-Louie Rd,41.593446,-122.431462,Little Springs Creek,Shasta,The Nature Conservancy
657,LSC-outflow,41.592139,-122.420748,Little Springs Creek,Shasta,The Nature Conservancy
787,Meteorological station,41.599316,-122.428537,Big Springs Creek,Shasta,The Nature Conservancy
729,NEL_TH1,41.606396,-122.452437,Shasta River,Shasta,The Nature Conservancy
730,NEL_TH12,41.615715,-122.483375,Shasta River,Shasta,The Nature Conservancy
689,NEL_TH15,41.622896,-122.480947,Shasta River,Shasta,The Nature Conservancy
703,NEL_TH18,41.628714,-122.478671,Shasta River,Shasta,The Nature Conservancy
712,NEL_TH2,41.607671,-122.455694,Shasta River,Shasta,The Nature Conservancy
805,NEL_TH20,41.632099,-122.47936,Shasta River,Shasta,The Nature Conservancy
670,NEL_TH4,41.607453,-122.465179,Shasta River,Shasta,The Nature Conservancy
793,NEL_TH5,41.609547,-122.469474,Shasta River,Shasta,The Nature Conservancy
786,NEL_TH6,41.609933,-122.473343,Shasta River,Shasta,The Nature Conservancy
791,NEL_TH9,41.614533,-122.477269,Shasta River,Shasta,The Nature Conservancy
709,Parks Ck abv SR,41.580786,-122.429852,Parks Creek,Shasta,The Nature Conservancy
808,SR abv BSC,41.592789,-122.439198,Shasta River,Shasta,The Nature Conservancy
801,SR abv Parks Ck,41.581045,-122.429418,Shasta River,Shasta,The Nature Conservancy
462,Bear Basin,40.97352095,-122.8682478,,Trinity,The Watershed Research and Training Center
458,Big Browns Creek @ Hazel Valley Bridge,40.57208751,-122.9276255,Browns Creek,Trinity,The Watershed Research and Training Center
742,Big Ck at 324 Bridge,40.61462055,-123.1598544,Big Creek,Trinity,The Watershed Research and Training Center
389,Big Ck at Hwy 3,40.55318253,-123.1442004,Big Creek,Trinity,The Watershed Research and Training Center
340,Browns Creek @ B-Bar-K Bridge,40.66768446,-122.9898607,Browns Creek,Trinity,The Watershed Research and Training Center
436,Browns Creek at Hazel (Smith Lane Bridge),40.57208751,-122.9276255,Browns Creek,Trinity,The Watershed Research and Training Center
1337,Butter Creek,40.570926,-123.441845,Butter Creek,Trinity,The Watershed Research and Training Center
723,Crystal Side Channel (SFTR),40.63131988,-123.4775888,South Fork Trinity River,Trinity,The Watershed Research and Training Center
777,East Fork Hayfork Creek,40.50312214,-123.0384752,East Fork Hayfork Creek,Trinity,The Watershed Research and Training Center
391,Hayfork Ck below Tule Cr Conf (Pig Ranch),40.55196144,-123.2165741,Hayfork Creek,Trinity,The Watershed Research and Training Center
435,Hayfork Cr @ Shiel Gulch,40.46989675,-123.0597723,Hayfork Creek,Trinity,The Watershed Research and Training Center
1339,Hayfork Creek @ Hyampom,40.61609991,-123.4494386,Hayfork Creek,Trinity,The Watershed Research and Training Center
359,HF Ck @ Wetland,40.54864505,-123.1685905,Hayfork Creek,Trinity,The Watershed Research and Training Center
418,HF Ck nr Carr Ck (Arnold Br),40.55685894,-123.1010367,Hayfork Creek,Trinity,The Watershed Research and Training Center
1335,Little Bear Wallow Creek,40.42669851,-123.4089499,Little Bear Wallow Creek,Trinity,The Watershed Research and Training Center
346,Little Browns Cr @ Highway 3 bridge,40.694851,-122.926729,Little Browns Creek,Trinity,The Watershed Research and Training Center
1333,Plummer Creek,40.47600634,-123.4171457,Plummer Creek,Trinity,The Watershed Research and Training Center
489,Red Rock Mountain,41.02340161,-122.887156,,Trinity,The Watershed Research and Training Center
354,Salt Ck at Tule Cr Rd Br.,40.54886567,-123.2048838,Salt Creek,Trinity,The Watershed Research and Training Center
407,Salt Creek at Beaver USFS,40.49675815,-123.1714344,Salt Creek,Trinity,The Watershed Research and Training Center
372,Salt Creek at USFS Campground (13 Dips),40.42521479,-123.1151154,Salt Creek,Trinity,The Watershed Research and Training Center
1338,SFTR at Butter Cr,40.571249,-123.443763,South Fork Trinity River,Trinity,The Watershed Research and Training Center
1336,SFTR at Little Bear Wallow,40.42669218,-123.4094644,South Fork Trinity River,Trinity,The Watershed Research and Training Center
1334,SFTR at Plummer Creek,40.476622,-123.4192706,South Fork Trinity River,Trinity,The Watershed Research and Training Center
336,SFTR at Smoky Creek,40.30420681,-123.2368564,Smoky Creek,Trinity,The Watershed Research and Training Center
327,Shimmy Lake,41.00660614,-122.8034917,,Trinity,The Watershed Research and Training Center
653,Smoky Creek,40.30463063,-123.2366696,Smoky Creek,Trinity,The Watershed Research and Training Center
782,Tule Ck @ Confl.,40.55144359,-123.2140686,Tule Creek,Trinity,The Watershed Research and Training Center
480,Tule Creek at Tule Cr Rd Br,40.52400865,-123.2249607,Tule Creek,Trinity,The Watershed Research and Training Center
1340,West Weaver Creek @ Mill Street Br,40.721673,-122.940706,West Weaver Creek,Trinity,The Watershed Research and Training Center
1341,West Weaver Creek @ USFS Boundary,40.739112,-122.967956,West Weaver Creek,Trinity,The Watershed Research and Training Center
1375,Above Grass Valley Creek,40.698,-122.8534,Trinity River,Trinity,Trinity River Restoration Program / USBR
1358,Above Weaver,40.654,-122.933,Trinity River,Trinity,Trinity River Restoration Program / USBR
1354,Browns Creek,40.6477,-122.986,Browns Creek,Trinity,Trinity River Restoration Program / USBR
1362,Bucktail,40.708,-122.847,Trinity River,Trinity,Trinity River Restoration Program / USBR
1353,Canyon Creek,40.7377,-123.05,Canyon Creek,Trinity,Trinity River Restoration Program / USBR
1370,Carrville,41.0563,-122.698,Trinity River,Trinity,Trinity River Restoration Program / USBR
1372,Chapman,40.6994,-123.042,Trinity River,Trinity,Trinity River Restoration Program / USBR
1366,Deadwood Creek,40.717,-122.801,Deadwood Creek,Trinity,Trinity River Restoration Program / USBR
1371,Deep Gulch,40.7011,-123.045,Trinity River,Trinity,Trinity River Restoration Program / USBR
1369,East Fork,41.01,-122.619,East Fork Trinity River,Trinity,Trinity River Restoration Program / USBR
1355,Evens Bar,40.6771,-123.028,Trinity River,Trinity,Trinity River Restoration Program / USBR
1359,Indian Creek,40.6568,-122.914,Indian Creek,Trinity,Trinity River Restoration Program / USBR
1364,Lewiston,40.7081,-122.808,Trinity River,Trinity,Trinity River Restoration Program / USBR
1374,Lewiston,40.7079,-122.808,Trinity River,Trinity,Trinity River Restoration Program / USBR
1373,Lewiston Dam,40.7265,-122.795,Trinity River,Trinity,Trinity River Restoration Program / USBR
1356,Lorenz Gulch,40.6649,-122.967,Trinity River,Trinity,Trinity River Restoration Program / USBR
1377,Near Douglas City,40.6467,-122.9565,Trinity River,Trinity,Trinity River Restoration Program / USBR
1376,Near Limekiln Gulch,40.6731,-122.9208,Trinity River,Trinity,Trinity River Restoration Program / USBR
1351,North Fork,40.7825,-123.129,North Fork Trinity River,Trinity,Trinity River Restoration Program / USBR
1352,Pear Tree Gulch,40.766,-123.118,Trinity River,Trinity,Trinity River Restoration Program / USBR
1349,Pear Tree Pool,40.766,-123.119,Trinity River,Trinity,Trinity River Restoration Program / USBR
1350,Pigeon Point,40.7685,-123.128,Trinity River,Trinity,Trinity River Restoration Program / USBR
1363,Rush Creek,40.7383,-122.84,Rush Creek,Trinity,Trinity River Restoration Program / USBR
1360,Steelbridge,40.6756,-122.918,Trinity River,Trinity,Trinity River Restoration Program / USBR
1367,Stewart Fork,40.8726,-122.918,Stuart Fork,Trinity,Trinity River Restoration Program / USBR
1368,Swift Creek,40.9684,-122.731,Swift Creek,Trinity,Trinity River Restoration Program / USBR
1348,Upper Trinity Pool,41.162,-122.665,Trinity River,Trinity,Trinity River Restoration Program / USBR
1357,Weaver Creek,40.6529,-122.94,Weaver Creek,Trinity,Trinity River Restoration Program / USBR
1365,Weir Pool,40.7197,-122.802,Trinity River,Trinity,Trinity River Restoration Program / USBR
2062,Cold Creek @ 3411 Rd,42.58813,-120.89209,Cold Creek,Sprague,Trout Unlimited
2063,Cold Creek above 3411 Rd,42.58873,-120.89825,Cold Creek,Sprague,Trout Unlimited
2064,Cold Creek at confluence with North Fork Sprague,42.58607,-120.88095,Cold Creek,Sprague,Trout Unlimited
2065,Crane Creek,42.651521,-122.0662,Crane Creek,Wood,Trout Unlimited
2066,Crane Creek,42.644893,-122.065542,Crane Creek,Wood,Trout Unlimited
2067,Crane Creek,42.637901,-122.066403,Crane Creek,Wood,Trout Unlimited
2068,Meryl Creek,42.502167,-121.10368,Meryl Creek,Sprague,Trout Unlimited
2069,Meryl Creek,42.508907,-121.09483,Meryl Creek,Sprague,Trout Unlimited
2070,North Fork Sprague River @ 3325 Rd,42.604773,-120.850543,North Fork Sprague River,Sprague,Trout Unlimited
2071,North Fork Sprague River @ Sandhill Crossing,42.59432,-120.8792,North Fork Sprague River,Sprague,Trout Unlimited
2072,North Fork Sprague River above Sandhill meadow,42.60433,-120.8833,North Fork Sprague River,Sprague,Trout Unlimited
2073,North Fork Sprague River upstream of Cold Creek,42.5861,-120.88061,North Fork Sprague River,Sprague,Trout Unlimited
2074,Sycan River,42.49936,-121.29368,Sycan River,Sprague,Trout Unlimited
2075,Sycan River,42.50326,-121.29366,Sycan River,Sprague,Trout Unlimited
2076,Sycan River,42.54843,-121.31164,Sycan River,Sprague,Trout Unlimited
2077,Threemile Creek,42.645188,-122.066449,Threemile Creek,Wood,Trout Unlimited
2078,Threemile Creek,42.644953,-122.069346,Threemile Creek,Wood,Trout Unlimited
1709,Tule Lake,41.967,-121.467,,Lost,Tule Lake Irrigation District
1234,7Mile @ Agency Lake Ranch,42.582526,-121.972347,Sevenmile Creek,Wood,U.S. Bureau of Reclamation
1235,7Mile @ Guard Station,42.704909,-122.074673,Sevenmile Creek,Wood,U.S. Bureau of Reclamation
414,ADY Canal @ HWay 97,42.080875,-121.845349,Ady Canal,Lost,U.S. Bureau of Reclamation
1236,Annie Creek,42.763586,-122.058318,Annie Creek,Wood,U.S. Bureau of Reclamation
1237,Artesian Well @ Area S,42.60892,-122.058676,,Wood,U.S. Bureau of Reclamation
1238,Barkley Springs ,42.382306,-121.811311,,Upper Klamath Lake,U.S. Bureau of Reclamation
339,Big Flat,41.0776,-122.94223,,Trinity,U.S. Bureau of Reclamation
432,Bonanza King,41.08312,-122.63127,,Trinity,U.S. Bureau of Reclamation
1239,Cherry Creek,42.59892,-122.094723,Cherry Creek,Wood,U.S. Bureau of Reclamation
1240,Clear Lake Dam,41.926073,-121.075919,Clear Lake,Lost,U.S. Bureau of Reclamation
1710,Clear Lake- Klamath River,41.927,-121.075,Clear Lake,Lost,U.S. Bureau of Reclamation
513,Coffee Ridge,41.083,-122.717,,Trinity,U.S. Bureau of Reclamation
1241,Crane Creek Canal,42.637873,-122.0656,Crane Creek Canal,Wood,U.S. Bureau of Reclamation
1242,Crooked Creek,42.643742,-121.945076,Crooked Creek,Wood,U.S. Bureau of Reclamation
1243,Fort Creek,42.702402,-121.963005,Fort Creek,Wood,U.S. Bureau of Reclamation
1711,Gerber,42.205,-121.13,Gerber Reservoir,Lost,U.S. Bureau of Reclamation
1244,Gerber Reservoir @ North Boat Ramp,42.218151,-121.133306,Gerber Reservoir,Lost,U.S. Bureau of Reclamation
1233,Gerber Reservoir @ South Boat Ramp,42.201977,-121.123429,Gerber Reservoir,Lost,U.S. Bureau of Reclamation
324,Grass Valley Creek,40.625,-122.76,Grass Valley Creek,Trinity,U.S. Bureau of Reclamation
1712,Grass Valley Creek,40.625,-122.76,Grass Valley Creek,Trinity,U.S. Bureau of Reclamation
405,Grass Valley Creek - Inflow,40.621,-122.752,,Trinity,U.S. Bureau of Reclamation
463,Grass Valley Creek near Lewiston,40.6867,-122.86,Grass Valley Creek,Trinity,U.S. Bureau of Reclamation
1245,Harriman Springs,42.468496,-122.099903,,Upper Klamath Lake,U.S. Bureau of Reclamation
1224,Henley East Drain,42.151615,-121.720394,,Keno,U.S. Bureau of Reclamation
1246,Henzel Park Boat Ramp on Agency Lake(UKL),42.529842,-121.929309,Agency Lake ,Upper Klamath Lake,U.S. Bureau of Reclamation
355,Highland Lakes,41.09178,-122.49156,,Trinity,U.S. Bureau of Reclamation
337,Hoadley,40.683,-122.75,,Trinity,U.S. Bureau of Reclamation
1230,Homedale East Drain,42.158149,-121.722821,,Keno,U.S. Bureau of Reclamation
1225,Homedale SE Drain,42.144389,-121.718027,,Keno,U.S. Bureau of Reclamation
1247,Howard Bay Boat Ramp on UKL,42.314612,-121.942243,Upper Klamath Lake,Upper Klamath Lake,U.S. Bureau of Reclamation
1229,Klamath & Lost River Diversion Channel at Homedale Rd,42.140615,-121.718312,Lost River Diversion Channel,Lost,U.S. Bureau of Reclamation
1231,Klamath & Lost River Diversion Channel at Runway,42.13966,-121.725872,Lost River Diversion Channel,Lost,U.S. Bureau of Reclamation
1228,Klamath & Lost River Diversion Channel at Springlake Rd,42.140709,-121.742839,Lost River Diversion Channel,Keno,U.S. Bureau of Reclamation
454,"Klamath R. above Keno Dam nr Keno, OR [bottom]",42.128184,-121.929046,Klamath River,Keno,U.S. Bureau of Reclamation
369,"Klamath R. above Keno Dam nr Keno, OR [top]",42.128184,-121.929046,Klamath River,Keno,U.S. Bureau of Reclamation
450,Klamath R. at Miller Island Boat Ramp   ,42.148107,-121.848646,Klamath River,Keno,U.S. Bureau of Reclamation
469,Klamath River @ South Side Bypass,42.191714,-121.784589,Klamath River,Keno,U.S. Bureau of Reclamation
479,Klamath River below Keno Dam,42.134525,-121.948071,Klamath River,Upper Klamath,U.S. Bureau of Reclamation
419,Klamath Straits Drain @ Stateline Rd,41.996707,-121.777911,Klamath Straits Drain,Lost,U.S. Bureau of Reclamation
331,Klamath Straits Drain at Hwy 97,42.080631,-121.8458,Klamath Straits Drain,Keno,U.S. Bureau of Reclamation
412,Klamath Straits Drain nr Hwy 97,42.080833,-121.846919,Klamath Straits Drain,Keno,U.S. Bureau of Reclamation
404,Klamath Straits Drain nr Hwy 97,42.080631,-121.8458,Klamath Straits Drain,Keno,U.S. Bureau of Reclamation
433,Lewiston,40.71931076,-122.8036346,Trinity River,Trinity,U.S. Bureau of Reclamation
351,Lewiston,40.727,-122.793,Trinity River,Trinity,U.S. Bureau of Reclamation
1713,Lewiston,40.727,-122.793,Lewiston Reservoir,Trinity,U.S. Bureau of Reclamation
451,Lewiston Fish Hatchery,40.727,-122.793,,Trinity,U.S. Bureau of Reclamation
1714,Lewiston Fish Hatchery,40.727,-122.793,,Trinity,U.S. Bureau of Reclamation
1248,Link River below Dam,42.231923,-121.800804,Link River,Keno,U.S. Bureau of Reclamation
442,Lost River @ East-West Road,41.953831,-121.505053,Lost River,Lost,U.S. Bureau of Reclamation
503,Lost River @ Malone Dam,42.006267,-121.22395,Lost River,Lost,U.S. Bureau of Reclamation
488,Lost River @ Malone Dam ,42.006267,-121.22395,Lost River,Lost,U.S. Bureau of Reclamation
384,Lost River @ Wilson Reservior,42.155044,-121.663539,Lost River,Lost,U.S. Bureau of Reclamation
490,Lost River at Anderson Rose Dam,42.010517,-121.561542,Lost River,Lost,U.S. Bureau of Reclamation
1249,Lost River Below Harpold Dam,42.169649,-121.453469,Lost River,Lost,U.S. Bureau of Reclamation
323,Lost River Diversion Channel @ Tingley Lane,42.16779,-121.776666,Lost River Diversion Channel,Lost,U.S. Bureau of Reclamation
1250,Lower Fourmile Cr,42.613533,-122.055845,Lower Fourmile Creek,Wood,U.S. Bureau of Reclamation
1251,Malone Springs Ramp,42.530497,-122.085715,,Upper Klamath Lake,U.S. Bureau of Reclamation
1252,Mares Egg Spring,42.660306,-122.088144,,Wood,U.S. Bureau of Reclamation
329,Middle Boulder 3,41.22484,-122.80616,,Scott,U.S. Bureau of Reclamation
333,Miller Creek @ N. Canal Diversion,42.134684,-121.198513,Miller Creek,Lost,U.S. Bureau of Reclamation
338,Miller Creek @ Round Valley Rd,42.187439,-121.133564,Miller Creek,Lost,U.S. Bureau of Reclamation
1253,Moore Park Boat Marina 2 on UKL,42.234734,-121.814969,Upper Klamath Lake,Upper Klamath Lake,U.S. Bureau of Reclamation
465,Mumbo Basin,41.19782,-122.52596,,Trinity,U.S. Bureau of Reclamation
482,North Canal @ Hway 97,42.122046,-121.82846,North Canal,Keno,U.S. Bureau of Reclamation
1254,North Fork Sprague River,42.496737,-121.007949,Sprague River,Sprague,U.S. Bureau of Reclamation
1255,Odessa Springs,42.430912,-122.060529,,Upper Klamath Lake,U.S. Bureau of Reclamation
367,Peterson Flat,41.30222,-122.52778,,Trinity,U.S. Bureau of Reclamation
1256,Pumping Plant F/FF,42.08076,-121.846706,Klamath Straits Drain,Keno,U.S. Bureau of Reclamation
1257,Rangeline Drain at S-16 Drain,42.002413,-121.815893,,Lost,U.S. Bureau of Reclamation
437,Red Rock Mountain,41.02362,-122.88663,,Trinity,U.S. Bureau of Reclamation
1258,Rocky Point Boat Ramp on UKL,42.477668,-122.086946,Upper Klamath Lake,Upper Klamath Lake,U.S. Bureau of Reclamation
1259,S-16 Drain @ Klamath straits Drain,42.001864,-121.778391,,Lost,U.S. Bureau of Reclamation
446,Scott Mountain,41.2722,-122.71948,,Scott,U.S. Bureau of Reclamation
502,Shimmy Lake,41.0053,-122.8016,,Trinity,U.S. Bureau of Reclamation
1260,South Fork Sprague River,42.372718,-120.966512,Sprague River,Sprague,U.S. Bureau of Reclamation
1261,Sprague River,42.58434,-121.842689,Sprague River,Sprague,U.S. Bureau of Reclamation
1262,Spring Creek,42.643125,-121.879206,Spring Creek,Williamson,U.S. Bureau of Reclamation
1223,Springlake Drain SW,42.141479,-121.742568,,Keno,U.S. Bureau of Reclamation
1226,Summers North Drain,42.172405,-121.737469,,Keno,U.S. Bureau of Reclamation
1263,Sun Creek ,42.762115,-122.015743,Sun Creek ,Wood,U.S. Bureau of Reclamation
409,Taylor Ridge,40.917,-122.817,,Trinity,U.S. Bureau of Reclamation
484,Trinity Guard Station,40.825,-122.66,,Trinity,U.S. Bureau of Reclamation
394,Trinity Lake,40.801,-122.762,Trinity Lake,Trinity,U.S. Bureau of Reclamation
1715,Trinity Lake,40.801,-122.762,,Trinity,U.S. Bureau of Reclamation
1716,Trinity R at Lewiston,40.719,-122.802,Trinity River,Trinity,U.S. Bureau of Reclamation
439,Tule Lake Tunnel(Pumping Plant D),41.924908,-121.566519,Tule Lake Tunnel,Lost,U.S. Bureau of Reclamation
393,Tule Lake Tunnel(Pumping Plant D),41.924908,-121.566519,Tule Lake Tunnel,Lost,U.S. Bureau of Reclamation
1264,Tule Lake West Boat Launch,41.907245,-121.564862,Tule Lake,Lost,U.S. Bureau of Reclamation
1265,Upper Fourmile Cr,42.628226,-122.070538,Upper Fourmile Creek,Wood,U.S. Bureau of Reclamation
1717,Upper Klamath,42.25,-121.815,Upper Klamath Lake,Upper Klamath Lake,U.S. Bureau of Reclamation
396,Upper Klamath Lake at Freemont Bridge,42.238564,-121.80635,Upper Klamath Lake,Upper Klamath Lake,U.S. Bureau of Reclamation
360,Upper Klamath Lake at Link River Dam,42.233611,-121.8025,Upper Klamath Lake,Upper Klamath Lake,U.S. Bureau of Reclamation
1266,Veteran's Park Boat Ramp @ Lake Ewauna,42.218607,-121.788179,Lake Ewauna,Keno,U.S. Bureau of Reclamation
1232,Washburn Rd SW Drain,42.151781,-121.758157,,Keno,U.S. Bureau of Reclamation
1227,Washburn West Drain,42.160789,-121.757378,,Keno,U.S. Bureau of Reclamation
1267,Williamson River,42.740711,-121.834139,Williamson River,Williamson,U.S. Bureau of Reclamation
1268,Williamson River Marsh,42.965285,-121.578322,Williamson River,Williamson,U.S. Bureau of Reclamation
1269,Williamson River TNC,42.494216,-121.935758,Williamson River,Williamson,U.S. Bureau of Reclamation
1270,Wood River ,42.646385,-121.99487,Wood River ,Wood,U.S. Bureau of Reclamation
1271,Wood River @ Kimball ,42.737739,-121.978166,Wood River ,Wood,U.S. Bureau of Reclamation
408,Below Link Dam above Lake Ewauna,42.219369,-121.79018,Klamath River,Keno,U.S. Bureau of Reclamation-USGS
328,Klamath R. at Miller Island Boat Ramp [bottom],42.148107,-121.848646,Klamath River,Keno,U.S. Bureau of Reclamation-USGS
444,Klamath R. at Miller Island Boat Ramp [top],42.148107,-121.848646,Klamath River,Keno,U.S. Bureau of Reclamation-USGS
464,Lost River @ Harpold Dam,42.169571,-121.453473,Lost River,Lost,U.S. Bureau of Reclamation-USGS
370,Upper Klamath Lake at Link River Dam,42.233611,-121.8025,Upper Klamath Lake,Upper Klamath Lake,U.S. Bureau of Reclamation-USGS
2144,A portion of the northwestern shoreline of Tule Lake 1A,41.923821,-121.543904,Tule Lake,Lost,U.S. Fish and Wildlife Service
2079,above jc boyle,42.134167,-121.031944,Klamath River,Upper Klamath,U.S. Fish and Wildlife Service
459,Beaver Creek Near Mouth,41.870833,-122.815833,Beaver Creek,Middle Klamath,U.S. Fish and Wildlife Service
2080,below jc boyle,42.022778,-122.107222,Klamath River,Upper Klamath,U.S. Fish and Wildlife Service
2081,below jc boyle,42.139167,-122.106111,Klamath River,Upper Klamath,U.S. Fish and Wildlife Service
2082,between copco 1 & 2,41.978889,-122.335,Klamath River,Upper Klamath,U.S. Fish and Wildlife Service
2083,between copco 1 & 2,41.978889,-122.335278,Klamath River,Upper Klamath,U.S. Fish and Wildlife Service
421,Big French Creek near mouth,40.780475,-123.308896,Big French Creek,Trinity,U.S. Fish and Wildlife Service
491,Canyon Creek near mouth,40.731906,-123.053819,Canyon Creek,Trinity,U.S. Fish and Wildlife Service
2150,Directly west of the pump station along the levee road at the gate; collect water from the south side of the existing levee.,42.56417,-122.01276,Wetland,Wood,U.S. Fish and Wildlife Service
2145,"East canal, northeast",42.301126,-121.818049,Canal,Upper Klamath Lake,U.S. Fish and Wildlife Service
1211,East Fork Trinity River near mouth,41.008173,-122.620356,East Fork Trinity River,Trinity,U.S. Fish and Wildlife Service
397,Fischers RV Park upstream of Beaver Ck,41.868332,-122.813131,Klamath River,Middle Klamath,U.S. Fish and Wildlife Service
2146,Gerber Lake Net Pen,42.183493,-121.102187,Gerber Lake,Lost,U.S. Fish and Wildlife Service
448,Indian Creek near mouth (Trinity River),40.656452,-122.913884,Indian Creek,Trinity,U.S. Fish and Wildlife Service
457,Klamath National Wildlife Refuge,41.953,-121.582,,Lost,U.S. Fish and Wildlife Service
476,Klamath River above Beaver Creek,41.86972,-122.811,Klamath River,Middle Klamath,U.S. Fish and Wildlife Service
424,Klamath River above Blue Creek,41.423077,-123.929328,Klamath River,Lower Klamath,U.S. Fish and Wildlife Service
332,Klamath River above Copco 1,41.96592,-122.21608,Klamath River,Upper Klamath,U.S. Fish and Wildlife Service
449,Klamath River above I-5 Bridge,41.853611,-122.572222,Klamath River,Middle Klamath,U.S. Fish and Wildlife Service
1718,Klamath River above I-5 Bridge,41.863354,-122.56474,Klamath River,Middle Klamath,U.S. Fish and Wildlife Service
2084,Klamath River Above Iron Gate,41.932222,-122.439167,Klamath River,Middle Klamath,U.S. Fish and Wildlife Service
2085,Klamath River Above Iron Gate,41.932222,-122.438889,Klamath River,Middle Klamath,U.S. Fish and Wildlife Service
2086,Klamath River Above Keno  Dam,42.136667,-121.949167,Klamath River,Upper Klamath,U.S. Fish and Wildlife Service
2087,Klamath River Above Link River Dam,42.2357751,-121.8034619,Klamath River,Upper Klamath Lake,U.S. Fish and Wildlife Service
2088,Klamath River Above Link River Dam,42.2360899,-121.8033788,Klamath River,Upper Klamath Lake,U.S. Fish and Wildlife Service
504,Klamath River above Scott River,41.779236,-123.033245,Klamath River,Middle Klamath,U.S. Fish and Wildlife Service
1511,Klamath River above Scott River,41.78741,-123.029632,Klamath River,Middle Klamath,U.S. Fish and Wildlife Service
474,Klamath River above Shasta River ,41.83124,-122.593382,Klamath River,Middle Klamath,U.S. Fish and Wildlife Service
515,Klamath River at Blakes Riffle (above Turwar),41.511184,-123.978439,Klamath River,Lower Klamath,U.S. Fish and Wildlife Service
1719,Klamath River At Kinsman Creek,41.810833,-123.011944,Klamath River,Middle Klamath,U.S. Fish and Wildlife Service
347,Klamath River at Orleans,41.303333,-123.533333,Klamath River,Lower Klamath,U.S. Fish and Wildlife Service
388,Klamath River at Seiad Valley,41.854087,-123.231469,Klamath River,Middle Klamath,U.S. Fish and Wildlife Service
1509,Klamath River at Seiad Valley,41.855721,-123.232442,Klamath River,Middle Klamath,U.S. Fish and Wildlife Service
1510,Klamath River at Seiad Valley,41.849201,-123.227828,Klamath River,Middle Klamath,U.S. Fish and Wildlife Service
426,Klamath River at Trees of Heaven,41.825556,-122.656389,Klamath River,Middle Klamath,U.S. Fish and Wildlife Service
325,Klamath River at Walker Creek Bridge,41.83778,-122.86417,Klamath River,Middle Klamath,U.S. Fish and Wildlife Service
379,Klamath River at Weitchepec,41.185991,-123.702282,Klamath River,Lower Klamath,U.S. Fish and Wildlife Service
1508,Klamath River at Weitchepec,41.18669,-123.698414,Klamath River,Lower Klamath,U.S. Fish and Wildlife Service
1720,Klamath River at Weitchepec,41.185836,-123.699852,Klamath River,Lower Klamath,U.S. Fish and Wildlife Service
352,Klamath River below Bogus Creek,41.917778,-122.450833,Klamath River,Middle Klamath,U.S. Fish and Wildlife Service
1721,Klamath River below Bogus Creek,41.917778,-122.450833,Klamath River,Middle Klamath,U.S. Fish and Wildlife Service
1722,Klamath River below Happy Camp,41.729593,-123.426319,Klamath River,Middle Klamath,U.S. Fish and Wildlife Service
510,Klamath River below Happy Camp ,41.729647,-123.425579,Klamath River,Middle Klamath,U.S. Fish and Wildlife Service
1538,Klamath River below Happy Camp ,41.729429,-123.42664,Klamath River,Middle Klamath,U.S. Fish and Wildlife Service
400,Klamath River below Iron Gate Hatchery Bridge,41.931049,-122.441397,Klamath River,Middle Klamath,U.S. Fish and Wildlife Service
1539,Klamath River below Iron Gate Hatchery Bridge,41.931098,-122.442037,Klamath River,Middle Klamath,U.S. Fish and Wildlife Service
2089,Klamath River Below Keno  Dam,42.131944,-121.947778,Klamath River,Upper Klamath,U.S. Fish and Wildlife Service
2090,Klamath River Below Keno  Dam,42.132222,-121.948056,Klamath River,Upper Klamath,U.S. Fish and Wildlife Service
2091,Klamath River Below Link River Dam,42.2317827,-121.8002848,Klamath River,Keno,U.S. Fish and Wildlife Service
2092,Klamath River Below Link River Dam,42.2325108,-121.8004404,Klamath River,Keno,U.S. Fish and Wildlife Service
350,Klamath River below R-Ranch,41.904167,-122.475,Klamath River,Middle Klamath,U.S. Fish and Wildlife Service
438,Klamath River below Scott River,41.788333,-123.078333,Klamath River,Middle Klamath,U.S. Fish and Wildlife Service
467,Klamath River below Weitchpec (Tully Creek),41.227666,-123.772591,Klamath River,Lower Klamath,U.S. Fish and Wildlife Service
399,Klamath River nr. Kinsman Creek,41.810833,-123.011944,Klamath River,Middle Klamath,U.S. Fish and Wildlife Service
428,Lower Klamath National Wildlife Refuge,41.999,-121.7,,Lost,U.S. Fish and Wildlife Service
1723,Lower Klamath NWR,41.999,-121.7,,Lost,U.S. Fish and Wildlife Service
2147,"Lower Klamath NWR, unit 3 at Stateline Rd",41.994,-121.75806,LKNWR Unit 3,Lost,U.S. Fish and Wildlife Service
2093,miller island,42.163056,-121.830278,Keno Reservoir,Keno,U.S. Fish and Wildlife Service
2094,miller island,42.162778,-121.830556,Keno Reservoir,Keno,U.S. Fish and Wildlife Service
2501,"North canal, northeast",42.30127,-121.81814,Canal,Upper Klamath Lake,U.S. Fish and Wildlife Service
434,North Fork Trinity River near mouth,40.777677,-123.131376,North Fork Trinity River,Trinity,U.S. Fish and Wildlife Service
440,Scott River at Johnson Bar,41.765479,-123.022657,Scott River,Scott,U.S. Fish and Wildlife Service
1205,Shasta River near mouth,41.824759,-122.593916,Shasta River,Shasta,U.S. Fish and Wildlife Service
2148,Sheepy Lake at Stateline Rd boat ramp,42.0016,-121.82508,Sheepy Lake,Lost,U.S. Fish and Wildlife Service
2149,Sheepy Lake at Stateline Road and Ady Canal inflow,42.0016,-121.82508,Sheepy Lake,Lost,U.S. Fish and Wildlife Service
477,South Fork Trinity River near mouth,40.889434,-123.602214,South Fork Trinity River,Trinity,U.S. Fish and Wildlife Service
2160,"Southeast corner of the unit, along levee 1; collect water from north-south running canal on the north side of levee 1.",42.53155,-122.01275,Canal,Upper Klamath Lake,U.S. Fish and Wildlife Service
2500,"Southwest corner of the unit, along levee 1; collect water from the north side of levee 1.",42.53076,-122.04633,Wetland,Upper Klamath Lake,U.S. Fish and Wildlife Service
2161,Southwest side of the unit along levee 2; collect water from the east side of levee 2.,42.54328,-122.05116,Wetland,Wood,U.S. Fish and Wildlife Service
2095,sprage river,42.563889,-121.863056,Sprague Rver,Sprague,U.S. Fish and Wildlife Service
2096,sprage river,42.563611,-121.096111,Sprague Rver,Sprague,U.S. Fish and Wildlife Service
2151,"Spring pond, north",42.288347,-121.820066,Pond,Upper Klamath Lake,U.S. Fish and Wildlife Service
2152,"Sucker pond, north",42.288718,-121.818508,Pond,Upper Klamath Lake,U.S. Fish and Wildlife Service
2153,The Agency-Barnes pump station; collect water in canal just west of the pump station.,42.56417,-121.98025,Canal,Upper Klamath Lake,U.S. Fish and Wildlife Service
430,Trinity River above Big French Creek,40.779208,-123.3085,Trinity River,Trinity,U.S. Fish and Wildlife Service
475,Trinity River above Canyon Creek,40.73139,-123.05361,Trinity River,Trinity,U.S. Fish and Wildlife Service
1206,Trinity River above North Fork Trinity River,40.766593,-123.113895,Trinity River,Trinity,U.S. Fish and Wildlife Service
495,Trinity River above Rush Creek,40.72089,-122.82898,Trinity River,Trinity,U.S. Fish and Wildlife Service
413,Trinity River above South Fork,40.88981,-123.602038,Trinity River,Trinity,U.S. Fish and Wildlife Service
1210,Trinity River above Trinity Lake,41.053538,-122.69754,Trinity River,Trinity,U.S. Fish and Wildlife Service
322,Trinity River at Burnt Ranch Transfer Station,40.79778,-123.45778,Trinity River,Trinity,U.S. Fish and Wildlife Service
1207,Trinity River at Douglas City (USGS station),40.646797,-122.9562,Trinity River,Trinity,U.S. Fish and Wildlife Service
1208,Trinity River below Lewiston Dam,40.719745,-122.803133,Trinity River,Trinity,U.S. Fish and Wildlife Service
1209,Trinity River below Lewiston Dam,40.718038,-122.802942,Trinity River,Trinity,U.S. Fish and Wildlife Service
378,Trinity River Near Mouth (at Weitchpec),41.181077,-123.705809,Trinity River,Trinity,U.S. Fish and Wildlife Service
1507,Trinity River Near Mouth (at Weitchpec),41.18119,-123.705765,Trinity River,Trinity,U.S. Fish and Wildlife Service
2154,"Tule Lake 1A, Lost River inflow",41.93492,-121.50613,Tule Lake,Lost,U.S. Fish and Wildlife Service
2155,"Tule Lake 1A, middle of ""Donut Hole""",41.88872,-121.53925,Tule Lake,Lost,U.S. Fish and Wildlife Service
2156,West canal,42.293353,-121.820596,Wetland,Upper Klamath Lake,U.S. Fish and Wildlife Service
2157,"West Sheepy Lake, near bird island",41.96461,-121.79619,Sheepy Lake,Lost,U.S. Fish and Wildlife Service
2158,"Wetland, middle",42.293392,-121.820231,Wetland,Upper Klamath Lake,U.S. Fish and Wildlife Service
2159,"Wetland, northeast",42.300373,-121.81886,Wetland,Upper Klamath Lake,U.S. Fish and Wildlife Service
2097,williamson river,42.846389,-121.8825,Williamson River,Williamson,U.S. Fish and Wildlife Service
2098,williamson river,42.505278,-121.925278,Williamson River,Williamson,U.S. Fish and Wildlife Service
2099,Wood River,42.581389,-121.941944,Wood River,Wood,U.S. Fish and Wildlife Service
2100,Wood River,42.538889,-121.916389,Wood River,Wood,U.S. Fish and Wildlife Service
2318,(AIR) North Fork Dillon Ck upstream of Vann Ck,41.65563492,-123.5986586,,Middle Klamath,U.S. Forest Service
550,Above Carr Crk near Arnold Ranch.,40.556228,-123.100908,Trinity River,Trinity,U.S. Forest Service
549,Above Hitchcock Crk,40.5428,-123.453958,Trinity River,Trinity,U.S. Forest Service
623,Above Surprise Crk,40.783861,-123.560713,Trinity River,Trinity,U.S. Forest Service
1821,Aikens Creek near mouth,41.2286362753,-123.658342322,Aikens Creek,Middle Klamath,U.S. Forest Service
1589,Antelope,41.545398,-121.917999,Antelope Creek,Butte,U.S. Forest Service
2319,Antelope Ck upstream of Tennant,41.544614154688894,-121.9184121,Antelope Creek,Butte,U.S. Forest Service
547,"Antelope Creek, upstream of Tennant",41.55143,-121.92052,Antelope Creek,Butte,U.S. Forest Service
385,"Aubrey Creek,  20ft upstream of HWY 96",41.58644,-123.51716,Aubrey Creek,Middle Klamath,U.S. Forest Service
1753,BEAR BASIN,40.967,-122.867,,Trinity,U.S. Forest Service
2320,Bear Ck (Elk Ck),41.6440566545103,-123.3070454,Bear Creek,Lower Klamath,U.S. Forest Service
584,"Bear Creek, just upstream of Elk Creek",41.64414,-123.3066,Bear Creek,Lower Klamath,U.S. Forest Service
2321,Beaver Ck upstream of Hwy 96 bridge,41.87334558,-122.8185503,Beaver Creek,Middle Klamath,U.S. Forest Service
2322,Beaver Ck upstream of West Fk,41.9365209851706,-122.8195776,Beaver Creek,Middle Klamath,U.S. Forest Service
506,"Beaver Creek,  near Temp Gauge",41.87454,-122.81876,Beaver Creek,Middle Klamath,U.S. Forest Service
636,"Beaver Creek, 1/4 mile above Klamath River",41.87448,-122.81871,Beaver Creek,Middle Klamath,U.S. Forest Service
610,"Beaver Creek, just downstream from Hwy 96 bridge",41.87009,-122.81712,Beaver Creek,Middle Klamath,U.S. Forest Service
551,"Beaver Creek, just upstream of WF Beaver",41.93674,-122.81746,Beaver Creek,Middle Klamath,U.S. Forest Service
1047,Beaver1,41.8698,-122.817001,Beaver Creek,Upper Klamath,U.S. Forest Service
1048,Beaver2,41.936401,-122.820999,Beaver Creek,Upper Klamath,U.S. Forest Service
539,Big Bar,40.733,-123.2,,Trinity,U.S. Forest Service
1754,Big Flat (Course),41.077,-122.938,,Trinity,U.S. Forest Service
1888,Big French Cr,40.780388154,-123.309097347,Big French Creek,Trinity,U.S. Forest Service
1049,Black Bear,41.204601,-123.223999,Black Bear Creek,Salmon,U.S. Forest Service
2323,Black Bear Ck,41.2046339714723,-123.2241746,Black Bear Creek,Salmon,U.S. Forest Service
1822,Bluff Creek at Dragon Bar,41.3148350635,-123.703186377,Bluff Creek,Lower Klamath,U.S. Forest Service
1823,Bluff Creek at Wrights Ranch,41.2796537712,-123.680172821,Bluff Creek,Lower Klamath,U.S. Forest Service
1824,Bluff Creek near mouth,41.2405503932,-123.654537073,Bluff Creek,Lower Klamath,U.S. Forest Service
1825,Boise Creek above bridge,41.2774479012264,-123.574096542164,Boise Creek,Lower Klamath,U.S. Forest Service
1826,Boise Creek near mouth,41.2806983435,-123.574851684,Boise Creek,Lower Klamath,U.S. Forest Service
1050,Boulder,41.293498,-122.824996,Boulder Creek,Scott,U.S. Forest Service
2324,Boulder Ck (South Fk Scott R),41.293960435942495,-122.8253605,Boulder Creek,Scott,U.S. Forest Service
631,"Boulder Creek (Scott R), just upstream from mouth",41.63421,-123.09914,Boulder Creek,Scott,U.S. Forest Service
1700,Box Camp,41.597,-123.165,,Scott,U.S. Forest Service
1886,Browns Cr Mid,40.626037526,-122.959145801,Browns Creek,Trinity,U.S. Forest Service
2325,Butler Ck,41.3361428440028,-123.4093201,Butler Creek,Salmon,U.S. Forest Service
1051,Butte,41.636501,-122.052001,Butte Creek,Butte,U.S. Forest Service
2326,Butte Ck near Soule Ranch,41.6363886552889,-122.0521789,Butte Creek,Butte,U.S. Forest Service
330,"Butte Creek, Soule Ranch",41.63607,-122.05275,Butte Creek,Butte,U.S. Forest Service
1052,Cade,41.8082,-123.347,Cade Creek,Middle Klamath,U.S. Forest Service
2327,Cade Ck,41.8081229395704,-123.3473623,Cade Creek,Middle Klamath,U.S. Forest Service
545,"Cade Creek , just upstream from mouth",41.80843,-123.34678,Cade Creek,Middle Klamath,U.S. Forest Service
485,"Cade Creek,  30ft upstream of Hwy 96",41.80789,-123.34793,Cade Creek,Middle Klamath,U.S. Forest Service
600,Callahan - USFS,41.333,-122.833,,Scott,U.S. Forest Service
1827,Camp Creek above 3rd Creek,41.3477537676,-123.590321003,Camp Creek,Lower Klamath,U.S. Forest Service
2458,Camp Creek above Hwy 96 Bridge,41.30086111111111,-123.5592222,Camp Creek,Lower Klamath,U.S. Forest Service
1828,Camp Creek below HWY 96 bridge,41.2969361417,-123.557638554,Camp Creek,Lower Klamath,U.S. Forest Service
1054,Canyon,41.861301,-123.165,Canyon Creek,Middle Klamath,U.S. Forest Service
2328,Canyon Ck (Scott R) above Red Rock Ck,41.582895414306094,-123.1558851,Canyon Creek,Scott,U.S. Forest Service
2329,Canyon Ck (Scott R) near mouth,41.6330074177788,-123.1041159,Canyon Creek,Scott,U.S. Forest Service
2330,Canyon Ck (Seiad Ck) upstream of private,41.8597259121364,-123.1643508,Canyon Creek,Middle Klamath,U.S. Forest Service
595,"Canyon Creek (Scott R), just upstream from mouth",41.63263,-123.10421,Canyon Creek,Scott,U.S. Forest Service
602,"Canyon Creek (Scott R), upstream of Red Rock Creek",41.5858,-123.15156,Canyon Creek,Scott,U.S. Forest Service
613,"Canyon Creek, upstream of private land",41.8603,-123.1645,Canyon Creek,Middle Klamath,U.S. Forest Service
1055,Canyon1,41.629299,-123.105003,Canyon Creek,Scott,U.S. Forest Service
1053,Canyon2,41.5843,-123.152999,Canyon Creek,Scott,U.S. Forest Service
1056,Cecil,41.136901,-123.126998,Cecil Creek,Salmon,U.S. Forest Service
2331,Cecil Ck,41.138275749844894,-123.1275059,Cecil Creek,Salmon,U.S. Forest Service
1057,Cedar,41.938301,-123.356002,Cedar Creek,Middle Klamath,U.S. Forest Service
2332,Cedar Ck,41.9372870276594,-123.3571939,Cedar Creek,Middle Klamath,U.S. Forest Service
576,Cedar Creek at mouth,41.00416055,-123.6027296,Cedar Creek,Trinity,U.S. Forest Service
541,"Cedar Creek, just upstream from Thompson Creek",41.93635,-123.35729,Cedar Creek,Middle Klamath,U.S. Forest Service
1058,China,41.793899,-123.301002,China Creek,Middle Klamath,U.S. Forest Service
2333,China Ck near 46N03 bridge,41.7948930252349,-123.305706,China Creek,Middle Klamath,U.S. Forest Service
371,"China Creek, 20ft downstream ofChina Grade  Culvert",41.79442,-123.30435,China Creek,Middle Klamath,U.S. Forest Service
471,"China Creek, 25 ft upstream of China Grade Rd Culvert",41.79426,-123.30369,China Creek,Middle Klamath,U.S. Forest Service
1059,Clear Bridge,41.7098,-123.450996,Clear Creek,Middle Klamath,U.S. Forest Service
2334,Clear Ck near mouth,41.7099187322528,-123.4489211,Clear Creek,Middle Klamath,U.S. Forest Service
2335,Clear Ck upstream of Tenmile Ck,41.7346863031534,-123.547036,Clear Creek,Middle Klamath,U.S. Forest Service
441,"Clear Creek,  2 ft upstream of HWY 96 Bridge",41.71002,-123.44939,Clear Creek,Middle Klamath,U.S. Forest Service
520,"Clear Creek, just upstream from mouth",41.70973,-123.44899,Clear Creek,Middle Klamath,U.S. Forest Service
356,"Clear Creek, upstream of Tenmile Creek",41.73461,-123.5474,Clear Creek,Middle Klamath,U.S. Forest Service
1060,Clear2,41.7346,-123.549003,Clear Creek,Middle Klamath,U.S. Forest Service
1889,Coffee Cr Mid,41.087471203,-122.74517372,Coffee Creek,Trinity,U.S. Forest Service
578,Collins Baldy ,41.775,-122.9503,,Scott,U.S. Forest Service
2336,Coon Ck,41.61388897,-123.4980886,Coon Creek,Lower Klamath,U.S. Forest Service
417,"Coon Creek, 20ft upstream of HWY 96",41.61302,-123.49709,Coon Creek,Middle Klamath,U.S. Forest Service
624,"Coon Creek, 50 ft upstream of HWY 96",41.61381,-123.49782,Coon Creek,Middle Klamath,U.S. Forest Service
516,"Cotton Creek, upstream of FS boundary",42.01915,-122.68215,Cottonwood Creek,Upper Klamath,U.S. Forest Service
1061,Cottonwood,42.0191,-122.681999,Cottonwood Creek,Upper Klamath,U.S. Forest Service
2337,Cottonwood Ck upstream of FS boundary,42.018400801447,-122.6792634,Cottonwood Creek,Upper Klamath,U.S. Forest Service
1062,Crapo,41.293399,-123.357002,Crapo Creek,Salmon,U.S. Forest Service
1063,Crawford,41.146099,-123.136001,Crawford Creek,Salmon,U.S. Forest Service
2338,Crawford Ck (Klamath R),41.6489689347899,-123.4644095,Crawford Creek,Middle Klamath,U.S. Forest Service
2339,Crawford Ck (South Fk Salmon R),41.139397140233,-123.1392687,Crawford Creek,Salmon,U.S. Forest Service
532,"Crawford Creek, 50 ft upstream of HWY 96",41.64903,-123.46428,Crawford Creek,Middle Klamath,U.S. Forest Service
382,"Crawford,  1 ft upstream of HWY 96",41.64895,-123.46433,Crawford Creek,Middle Klamath,U.S. Forest Service
1890,Deadfall Cr,41.334372414,-122.522470977,Deadfall Creek,Trinity,U.S. Forest Service
1624,Deadfall Lake,41.318,-122.503,,Trinity,U.S. Forest Service
1064,Dillon,41.574901,-123.541,Dillon Creek,Middle Klamath,U.S. Forest Service
342,"Dillon Creek, 10 ft downstream of last campsite swimming hole",41.57276,-123.544,Dillon Creek,Middle Klamath,U.S. Forest Service
548,"Dillon Creek, just upstream from mouth",41.57545,-123.54026,Dillon Creek,Middle Klamath,U.S. Forest Service
1065,Doolittle,41.8185,-123.387001,Doolittle Creek,Middle Klamath,U.S. Forest Service
2340,Doolittle Ck (Elk Ck),41.687210916862895,-123.3537405,Doolittle Creek,Middle Klamath,U.S. Forest Service
2341,Doolittle Ck (Indian Ck),41.8253604437559,-123.3978866,Doolittle Creek,Middle Klamath,U.S. Forest Service
635,"Doolittle Creek (Elk), 70 ft upstream of mouth",41.68715,-123.35396,Doolittle Creek,Middle Klamath,U.S. Forest Service
601,"Doolittle Creek (Indian), just upstream from mouth",41.81997,-123.39112,Doolittle Creek,Middle Klamath,U.S. Forest Service
1898,ds Little Trinity River,41.256389972,-122.628791482,Trinity River,Trinity,U.S. Forest Service
1701,Dynamite Meadow,41.233,-122.817,,Scott,U.S. Forest Service
2342,East Fk Elk Ck,41.7408650694483,-123.354107,East Fork Elk Creek,Middle Klamath,U.S. Forest Service
2343,East Fk Indian Ck ~1 mi upstream from mouth,41.8884139783755,-123.4141764,East Fork Indian Creek,Middle Klamath,U.S. Forest Service
2344,East Fk Seiad Ck,41.906239145905,-123.1427433,East Fork Seiad Creek,Middle Klamath,U.S. Forest Service
2345,East Fk South Fk Salmon R upstream of Shadow Ck,41.2022204493671,-123.0668623,East Fork South Fork Salmon River,Salmon,U.S. Forest Service
2346,East Fk South Fk Salmon R upstream of South Fk,41.1544298830408,-123.1070855,East Fork South Fork Salmon River,Salmon,U.S. Forest Service
1070,Eddy,41.296298,-123.120002,Eddy Gulch,Salmon,U.S. Forest Service
2347,Eddy Gulch,41.2963630337786,-123.1203243,Eddy Gulch,Salmon,U.S. Forest Service
1066,EF Elk,41.740898,-123.353996,East Fork Elk Creek,Middle Klamath,U.S. Forest Service
565,"EF Elk Creek, 70 ft upstream of mouth",41.74076,-123.35433,East Fork Elk Creek,Middle Klamath,U.S. Forest Service
1067,EF Indian,41.880298,-123.418998,East Fork Indian Creek,Middle Klamath,U.S. Forest Service
392,"EF Indian Creek, just upstream from mouth",41.88866,-123.41433,East Fork Elk Creek,Middle Klamath,U.S. Forest Service
1891,EF NF Trinity R,40.784366075,-123.128307092,East Fork North Fork Trinity River,Trinity,U.S. Forest Service
1887,EF NF Trinity R,40.783777628,-123.129467639,East Fork North Fork Trinity River,Trinity,U.S. Forest Service
1068,EF SF Salmon1,41.154499,-123.107002,East Fork South Fork Salmon River,Salmon,U.S. Forest Service
1069,EF SF Salmon2,41.202899,-123.066001,East Fork South Fork Salmon River,Salmon,U.S. Forest Service
1892,EF Trinity R Lower,41.009653579,-122.619685539,East Fork Trinity River,Trinity,U.S. Forest Service
1906,EF Trinity R Upper,41.048369488,-122.59951441,East Fork Trinity River,Trinity,U.S. Forest Service
1885,EF Trinity R Upper,41.048655029,-122.599125145,East Fork Trinity River,Trinity,U.S. Forest Service
558,EF Willow Creek,40.90617223,-123.7063656,East Fork Willow Creek,Trinity,U.S. Forest Service
2348,Elk Ck above mouth,41.7766957403604,-123.3846987,Elk Creek,Middle Klamath,U.S. Forest Service
2349,Elk Ck at 5-Mile Bridge,41.7494702658079,-123.3587969,Elk Creek,Middle Klamath,U.S. Forest Service
2350,Elk Ck upstream of Bear Ck,41.6435602691812,-123.3074153,Elk Creek,Middle Klamath,U.S. Forest Service
363,"Elk Creek, 100ft downstream of Curly Jack bridge",41.78093,-123.39368,Elk Creek,Middle Klamath,U.S. Forest Service
518,"Elk Creek, 8.5 mile Elk Creek (near the Crockett cable crossing)",41.71135,-123.35351,Elk Creek,Middle Klamath,U.S. Forest Service
563,"Elk Creek, at Five Mile Bridge",41.74926,-123.35828,Elk Creek,Middle Klamath,U.S. Forest Service
577,"Elk Creek, just above water plant",41.7758,-123.38337,Elk Creek,Middle Klamath,U.S. Forest Service
555,"Elk Creek, just upstream of Bear Creek",41.64334,-123.30644,Elk Creek,Middle Klamath,U.S. Forest Service
1072,Elk2,41.749401,-123.358001,Elk Creek,Middle Klamath,U.S. Forest Service
1071,Elk4,41.6436,-123.306999,Elk Creek,Middle Klamath,U.S. Forest Service
2351,Elliott Ck,41.5947103110017,-123.5109118,Elliott Creek,Middle Klamath,U.S. Forest Service
638,"Elliott Creek, 100 ft downstream of Hwy 96",41.59484,-123.51123,Elliott Creek,Middle Klamath,U.S. Forest Service
1702,Etna Mountain,41.4,-123.001,,Scott,U.S. Forest Service
598,Five Cent,40.7597,-122.9308,,Trinity,U.S. Forest Service
1073,Fort Goff,41.8647,-123.258003,Fort Goff Creek,Middle Klamath,U.S. Forest Service
411,"Fort Goff Creek,  60ft upstream of Bridge",41.86574,-123.26014,Fort Goff Creek,Middle Klamath,U.S. Forest Service
641,"Fort Goff Creek, 100 ft downstream of Hwy 96",41.86521,-123.2588,Fort Goff Creek,Middle Klamath,U.S. Forest Service
1725,Fort Jones RS,41.6,-122.85,,Scott,U.S. Forest Service
1074,French,41.377101,-122.890998,French Creek,Scott,U.S. Forest Service
2352,French Ck upstream of North Fk,41.3771466243009,-122.8911987,French Creek,Scott,U.S. Forest Service
326,"French Creek, upstream of NF French",41.37745,-122.89257,French Creek,Scott,U.S. Forest Service
2353,Ft Goff Ck,41.8647413629596,-123.2581429,Fort Goff Creek,Middle Klamath,U.S. Forest Service
1909,Grays Falls,40.854736725,-123.483923123,Trinity River,Trinity,U.S. Forest Service
1075,Grider,41.819198,-123.209999,Grider Creek,Middle Klamath,U.S. Forest Service
2354,Grider Ck near 46N66 bridge,41.819246257803,-123.2101344,Grider Creek,Middle Klamath,U.S. Forest Service
508,"Grider Creek,  200' upstream lower Grider Creek Ranch Bridge",41.83708,-123.20786,Grider Creek,Middle Klamath,U.S. Forest Service
556,"Grider Creek, near 46N66 bridge",41.81908,-123.21028,Grider Creek,Middle Klamath,U.S. Forest Service
1076,Grouse,41.314701,-122.706001,Grouse Creek,Scott,U.S. Forest Service
2355,Grouse Ck at section line 19/20,41.31474229,-122.7062852,Grouse Creek,Scott,U.S. Forest Service
514,"Grouse Creek (Scott), at Sec line 19/20",41.31493,-122.70632,Grouse Creek,Scott,U.S. Forest Service
398,Grouse Creek at Stringer Bridge,40.7165521,-123.5728677,Grouse Creek,Scott,U.S. Forest Service
1726,Happy Camp RS,41.8,-123.367,,Middle Klamath,U.S. Forest Service
538,Hayfork,40.5,-123.333,,Trinity,U.S. Forest Service
2356,Horse Ck (Happy Camp),41.778179918377695,-123.3175634,Horse Creek,Middle Klamath,U.S. Forest Service
2357,Horse Ck near 46N60 bridge,41.8431654719887,-123.0379062,Horse Creek,Middle Klamath,U.S. Forest Service
501,"Horse Creek, 200ft upstream of Mouth",41.82512,-123.00519,Horse Creek,Middle Klamath,U.S. Forest Service
526,"Horse Creek, 250 upstream of China Grade Bridge",41.78163,-123.31759,Horse Creek,Middle Klamath,U.S. Forest Service
521,"Horse Creek, near FS boundary at 46N60 Bridge",41.84337,-123.0382,Horse Creek,Middle Klamath,U.S. Forest Service
1899,Horse Linto Cr,41.005185019,-123.607077584,Horse Linto Creek,Trinity,U.S. Forest Service
648,Horse Linto Creek above Cedar confluence,41.00451938,-123.6030724,Horse Linto Creek,Trinity,U.S. Forest Service
645,Horse Linto Creek below Cedar,41.00349653,-123.6060694,Horse Linto Creek,Trinity,U.S. Forest Service
1077,Horse1,41.846099,-123.045997,Horse Creek,Middle Klamath,U.S. Forest Service
1078,Humbug,41.7999,-122.686996,Humbug Creek,Middle Klamath,U.S. Forest Service
603,"Humbug Creek, 500 m downstream from Trail Gulch",41.79944,-122.68864,Humbug Creek,Middle Klamath,U.S. Forest Service
2358,Hungry Ck,41.9730572628584,-122.7763377,Hungry Creek,Middle Klamath,U.S. Forest Service
622,In pool below Hell Gate CG,40.370787,-123.316621,Trinity River,Trinity,U.S. Forest Service
1079,Independence,41.655601,-123.449996,Independence Creek,Middle Klamath,U.S. Forest Service
2359,Independence Ck,41.6555371391975,-123.4503328,Independence Creek,Middle Klamath,U.S. Forest Service
579,"Independence Creek, 400m upstream of mouth",41.65714,-123.45108,Independence Creek,Middle Klamath,U.S. Forest Service
494,"Independence Creek, end of trail, upstream 10'",41.65734,-123.45119,Independence Creek,Middle Klamath,U.S. Forest Service
1080,Indian,41.882099,-123.428001,Indian Creek,Middle Klamath,U.S. Forest Service
2360,Indian Ck below bridge to South Fork,41.8821120329274,-123.4281407,Indian Creek,Middle Klamath,U.S. Forest Service
2361,Indian Ck near 2nd St bridge,41.7928627923019,-123.3794274,Indian Creek,Middle Klamath,U.S. Forest Service
2362,Indian Ck near USGS gage stn,41.835237861654,-123.3829173,Indian Creek,Middle Klamath,U.S. Forest Service
2363,Indian Ck upstream of West Branch,41.9286525746073,-123.4712088,Indian Creek,Middle Klamath,U.S. Forest Service
1081,Indian Creek Gage,41.835399,-123.383003,Indian Creek,Middle Klamath,U.S. Forest Service
375,"Indian Creek, 30 ft downstream of HWY 96 Bridge",41.790878,-123.378877,Indian Creek,Middle Klamath,U.S. Forest Service
606,"Indian Creek, just below bridge to SF",41.88255,-123.42896,Indian Creek,Middle Klamath,U.S. Forest Service
500,"Indian Creek, near mouth - above 2nd street bridge",41.79285,-123.37946,Indian Creek,Middle Klamath,U.S. Forest Service
420,"Indian Creek, near USGS gaging station",41.83557,-123.38308,Indian Creek,Middle Klamath,U.S. Forest Service
1829,Irving Creek near mouth,41.4692387739,-123.495450164,Irving Creek,Middle Klamath,U.S. Forest Service
1082,Kelsey,41.645999,-123.115997,Kelsey Creek,Scott,U.S. Forest Service
2364,Kelsey Ck,41.6459481849234,-123.1162532,Kelsey Creek,Scott,U.S. Forest Service
643,"Kelsey Creek, just upstream from mouth",41.64624,-123.11611,Kelsey Creek,Scott,U.S. Forest Service
1083,Kidder,41.522598,-122.973999,Kidder Creek,Scott,U.S. Forest Service
2365,Kidder Ck downstream of Hayes Ck,41.51923716,-122.9871042,Kidder Creek,Scott,U.S. Forest Service
581,"Kidder Creek, downstream of Hayes Creek",41.50678,-123.01071,Kidder Creek,Scott,U.S. Forest Service
1910,Kimtu,40.948072308,-123.617505212,Trinity River,Trinity,U.S. Forest Service
1084,King,41.617298,-123.472,King Creek,Middle Klamath,U.S. Forest Service
2366,King Ck,41.6172499343318,-123.4721759,King Creek,Middle Klamath,U.S. Forest Service
348,"Kings Creek, 200ft upstream of mouth",41.61756,-123.47213,King Creek,Middle Klamath,U.S. Forest Service
627,"Kings Creek, just upstream from mouth",41.61817,-123.47204,King Creek,Middle Klamath,U.S. Forest Service
2367,Klamath R at Persido Bar,41.5416309612472,-123.5286931,Klamath River,Middle Klamath,U.S. Forest Service
2368,Klamath R upstream of Bogus Ck,41.9296027535268,-122.443269,Klamath River,Middle Klamath,U.S. Forest Service
2369,Klamath R upstream of Grider Ck,41.8351293208348,-123.1814622,Klamath River,Middle Klamath,U.S. Forest Service
2370,Klamath R upstream of Indian Ck,41.7904494667262,-123.3765247,Klamath River,Middle Klamath,U.S. Forest Service
2371,Klamath R upstream of Oak Flat Ck,41.7296828095438,-123.4293996,Klamath River,Middle Klamath,U.S. Forest Service
2372,Klamath R upstream of Shasta R,41.8319220366288,-122.5905957,Klamath River,Middle Klamath,U.S. Forest Service
1830,Klamath River above Camp Creek,41.3018850499,-123.536214205,Klamath River,Lower Klamath,U.S. Forest Service
1831,Klamath River above Pearch Creek,41.3358523361,-123.510442563,Klamath River,Lower Klamath,U.S. Forest Service
1832,Klamath River above Salmon River,41.3789245958,-123.497851856,Klamath River,Middle Klamath,U.S. Forest Service
1833,Klamath River above Trinity River,41.1859193126,-123.701775416,Klamath River,Lower Klamath,U.S. Forest Service
1834,Klamath River at Green Riffle,41.4412466219,-123.507071105,Klamath River,Middle Klamath,U.S. Forest Service
1835,Klamath River below Bluff Creek,41.240065039,-123.652402455,Klamath River,Lower Klamath,U.S. Forest Service
1836,Klamath River below Boise Creek,41.2756465394,-123.59444392,Klamath River,Lower Klamath,U.S. Forest Service
1837,Klamath River below Camp Creek,41.294264959,-123.56434174,Klamath River,Lower Klamath,U.S. Forest Service
1838,Klamath River below Red Cap Creek,41.2585017392,-123.609296219,Klamath River,Lower Klamath,U.S. Forest Service
1839,Klamath River below Salmon River,41.369760044,-123.489902036,Klamath River,Lower Klamath,U.S. Forest Service
1840,Klamath River below Slate Creek,41.2488393709,-123.647720915,Klamath River,Lower Klamath,U.S. Forest Service
1841,Klamath River below Trinity River,41.1878495342876,-123.713480693575,Klamath River,Lower Klamath,U.S. Forest Service
496,"Klamath River, downstream end of Persido bar",41.54151,-123.52795,Klamath River,Middle Klamath,U.S. Forest Service
361,"Klamath River, highway side -just upstream of where Bogus Ck enters",41.92921,-122.44384,Klamath River,Middle Klamath,U.S. Forest Service
582,"Klamath River, upstream of Grider Creek",41.82636,-123.1887,Klamath River,Middle Klamath,U.S. Forest Service
639,"Klamath River, upstream of Indian Creek",41.79079,-123.37676,Klamath River,Middle Klamath,U.S. Forest Service
533,"Klamath River, upstream of Oak Flat Creek",41.7303,-123.43421,Klamath River,Middle Klamath,U.S. Forest Service
642,"Klamath River, upstream of the Scott River",41.78208,-123.03194,Klamath River,Middle Klamath,U.S. Forest Service
553,"Klamath River, upstream of the Shasta River",41.83201,-122.59114,Klamath River,Middle Klamath,U.S. Forest Service
1085,Knownothing,41.242,-123.292999,Knownothing Creek,Salmon,U.S. Forest Service
2373,Knownothing Ck,41.2428637092467,-123.2923187,Knownothing Creek,Salmon,U.S. Forest Service
468,"Kuntz Creek, 15' upstream of hwy 96 culvert",41.79075,-123.08508,Kuntz Creek,Middle Klamath,U.S. Forest Service
1088,L. Shasta,41.7579,-122.250999,Little Shasta River,Shasta,U.S. Forest Service
1086,Little Grider,41.783699,-123.399002,Little Grider Creek,Middle Klamath,U.S. Forest Service
2374,Little Grider Ck,41.7839015530728,-123.3952475,Little Grider Creek,Middle Klamath,U.S. Forest Service
530,"Little Grider Creek, just upstream from mouth",41.78377,-123.39684,Little Grider Creek,Middle Klamath,U.S. Forest Service
377,"Little Grider Creek, Under hwy 96 bridge",41.78378,-123.39693,Little Grider Creek,Middle Klamath,U.S. Forest Service
429,"Little Horse Creek, 10ft downstream of China Grade Rd. Bridge",41.78191,-123.31769,Little Horse Creek,Middle Klamath,U.S. Forest Service
2375,Little North Fk Salmon above Garden Gulch,41.3228926383522,-123.1809181,Little North Fork Salmon River,Salmon,U.S. Forest Service
1087,Little North Fork,41.330699,-123.179,Little North Fork Salmon River,Salmon,U.S. Forest Service
1615,Little Shasta,41.808,-122.195,,Shasta,U.S. Forest Service
608,"Little Shasta River, section 12",41.75794,-122.25191,Little Shasta River,Shasta,U.S. Forest Service
2376,Little South Fk Indian Ck,41.8690222024964,-123.5001726,Little South Fork Indian Creek,Middle Klamath,U.S. Forest Service
1036,Lost Subbasin BV5135,42.169244,-120.967761,Barnes Valley Creek,Lost,U.S. Forest Service
634,Lost Subbasin BV5135,42.169244,-120.967761,Barnes Valley Creek,Lost,U.S. Forest Service
614,Lost Subbasin LB5190 ,42.203905,-120.997205,Long Branch Creek,Lost,U.S. Forest Service
1032,Lost Subbasin LP5200,42.187671,-120.874167,Lapham Creek,Lost,U.S. Forest Service
567,Lost Subbasin LP5200,42.187671,-120.874167,Lapham Creek,Lost,U.S. Forest Service
353,Lost Subbasin LP5540,42.181215,-120.841938,Lapham Creek,Lost,U.S. Forest Service
1034,Lost Subbasin NFW5200,41.996283,-120.803622,North Fork Willow Creek,Lost,U.S. Forest Service
590,Lost Subbasin NFW5200,41.996283,-120.803622,North Fork Willow Creek,Lost,U.S. Forest Service
2459,Lower Salmon River,41.377833333333335,-123.47625,Salmon River,Salmon,U.S. Forest Service
2460,Lower Wooley Creek,41.37763888888889,-123.4231111,Wooley Creek,Salmon,U.S. Forest Service
368,Madden Creek at bridge,40.87444355,-123.6203054,Madden Creek,Trinity,U.S. Forest Service
1089,Matthews,41.188701,-123.210998,Matthews Creek,Salmon,U.S. Forest Service
2377,Matthews Ck,41.1877641042494,-123.2136594,Matthews Creek,Salmon,U.S. Forest Service
1090,McKinney,41.838298,-122.892997,McKinney Creek,Middle Klamath,U.S. Forest Service
483,"McKinney Creek, 35ft downstreamstream of culvert.",41.84173,-122.89278,McKinney Creek,Middle Klamath,U.S. Forest Service
583,"McKinnney Creek, 200 feet upstream of Walker Road",41.84125,-122.89313,McKinney Creek,Middle Klamath,U.S. Forest Service
1091,Methodist,41.221698,-123.250999,Methodist Creek,Salmon,U.S. Forest Service
2378,Methodist Ck,41.2219743908679,-123.2503019,Methodist Creek,Salmon,U.S. Forest Service
1703,Middle Boulder 1,41.217,-122.807,,Scott,U.S. Forest Service
2379,Middle Ck (Horse Ck) near FS boundary,41.87997501,-123.0424957,Middle Creek,Middle Klamath,U.S. Forest Service
2380,Middle Ck (Scott R),41.6680939364572,-123.1101186,Middle Creek,Scott,U.S. Forest Service
1093,Middle Creek,41.667999,-123.11,Middle Creek,Middle Klamath,U.S. Forest Service
486,"Middle Creek (Scott R), 75m up from Scott R RD",41.66816,-123.11027,Middle Creek,Scott,U.S. Forest Service
1092,Middle Horse,41.880001,-123.041999,Middle Creek,Middle Klamath,U.S. Forest Service
564,"Middle Horse Creeek, NW FS boundary Sec 32",41.88016,-123.04239,Middle Creek,Middle Klamath,U.S. Forest Service
2381,Mill Ck (Etna Ck),41.4295277349091,-122.967769,Mill Creek,Scott,U.S. Forest Service
2382,Mill Ck (Indian Ck),41.921473057793,-123.4692867,Mill Creek,Middle Klamath,U.S. Forest Service
2383,Mill Ck (Scott Bar),41.7419420699081,-122.9966567,Mill Creek,Scott,U.S. Forest Service
543,"Mill Creek (Etna), upstream of road above confluence with Etna Ck",41.42851,-122.96684,Mill Creek,Scott,U.S. Forest Service
647,"Mill Creek (Lower Scott), just upstream from mouth",41.74727,-122.95848,Mill Creek,Scott,U.S. Forest Service
410,"Mill Creek, 5' upstream Hwy 96 culvert",41.78747,-123.07947,Mill Creek,Middle Klamath,U.S. Forest Service
1094,Mill/Etna,41.4286,-122.967002,Mill Creek,Scott,U.S. Forest Service
1095,Millsb2,41.7471,-122.958,Mill Creek,Scott,U.S. Forest Service
2384,Morehouse Ck,41.3186335344039,-123.3799377,Morehouse Creek,Salmon,U.S. Forest Service
599,"Morehouse Creek, just upstream from mouth",41.31859,-123.38084,Morehouse Creek,Salmon,U.S. Forest Service
604,mouth of Big French Crk,40.780124,-123.309324,Big French Creek,Trinity,U.S. Forest Service
422,Mouth of Browns Crk,40.664757,-122.988961,Browns Creek,Trinity,U.S. Forest Service
628,mouth of Hayfork Creek under bridge,40.615905,-123.44911,Hayfork Creek,Trinity,U.S. Forest Service
644,Mouth of Indian Crk,40.657594,-122.913707,Indian Creek,Trinity,U.S. Forest Service
365,Mouth of Reading Crk,40.64277,-122.952494,Reading Creek,Trinity,U.S. Forest Service
334,Mouth of Salmon (Somes Bar),41.37746,-123.476874,Salmon River,Salmon,U.S. Forest Service
559,Mouth of Trinity,40.889052,-123.601886,Trinity River,Trinity,U.S. Forest Service
499,Mouth of Weaver Crk,40.656382,-122.941995,Weaver Creek,Trinity,U.S. Forest Service
1102,N Russian,41.326099,-123.055,North Russian Creek,Salmon,U.S. Forest Service
406,near mouth of Deadwood Crk in culvert pool,40.717189,-122.801728,Deadwood Creek,Trinity,U.S. Forest Service
1894,New R Low,40.863802937,-123.455850394,New River,Trinity,U.S. Forest Service
1900,New R Low,40.845946355,-123.479867171,New River,Trinity,U.S. Forest Service
1902,New R Mid,40.968907808,-123.346779186,New River,Trinity,U.S. Forest Service
1893,New R Mid,40.963227391,-123.348188644,New River,Trinity,U.S. Forest Service
1098,NF Dillon1,41.594299,-123.589996,North Fork Dillon Creek,Middle Klamath,U.S. Forest Service
1097,NF Dillon2,41.652599,-123.594001,North Fork Dillon Creek,Middle Klamath,U.S. Forest Service
1099,NF Salmon3,41.359401,-123.074996,North Fork Salmon River,Salmon,U.S. Forest Service
1100,NF Salmon5,41.429401,-123.112998,North Fork Salmon River,Salmon,U.S. Forest Service
1901,NF Trinity us EFNFT,40.783662609,-123.130417939,North Fork Trinity River,Trinity,U.S. Forest Service
1895,NF Trinity us EFNFT,40.784631764,-123.132158858,North Fork Trinity River,Trinity,U.S. Forest Service
1101,NF Wooley,41.473098,-123.277999,North Fork Wooley Creek,Salmon,U.S. Forest Service
1096,Nordheimer,41.296501,-123.363998,Nordheimer Creek,Salmon,U.S. Forest Service
2385,Nordheimer Ck,41.2972104027604,-123.3612044,Nordheimer Creek,Salmon,U.S. Forest Service
2386,North Fk Salmon R above Little North Fk,41.3202675656907,-123.1775892,North Fork Salmon River,Salmon,U.S. Forest Service
2387,North Fk Salmon R above Right Hand Fk,41.4295325343658,-123.1112226,North Fork Salmon River,Salmon,U.S. Forest Service
2388,North Fk Salmon R above Russians,41.3237843639626,-123.0609043,North Fork Salmon River,Salmon,U.S. Forest Service
2389,North Fk Salmon R at Sawyers Bar,41.2987276044477,-123.1325957,North Fork Salmon River,Salmon,U.S. Forest Service
2390,North Fk Salmon R downstream of Little North Fk,41.3143918798204,-123.1792937,North Fork Salmon River,Salmon,U.S. Forest Service
2391,North Fk Salmon R upstream of Forks,41.258920996234494,-123.320765,North Fork Salmon River,Salmon,U.S. Forest Service
2392,North Fk Salmon R upstream of Mule Bridge,41.3593472963265,-123.0752483,North Fork Salmon River,Salmon,U.S. Forest Service
591,"North Fork Dillon, upstream of MS Dillon",41.60286,-123.5942,North Fork Dillon Creek,Middle Klamath,U.S. Forest Service
569,"North Fork Dillon, upstream of Vann Creek",41.65326,-123.59558,North Fork Dillon Creek,Middle Klamath,U.S. Forest Service
466,"North Fork Salmon, upstream of Forks",41.26453,-123.30803,North Fork Salmon River,Salmon,U.S. Forest Service
607,"North Fork Wooley Creek, upstream of MS Wooley",41.47054,-123.27854,North Fork Wooley Creek,Salmon,U.S. Forest Service
2393,North Russian Ck upstream of South Russian Ck,41.3263812447634,-123.0556609,North Russian Creek,Salmon,U.S. Forest Service
1103,Oak Flat,41.7313,-123.435997,Oak Flat Creek,Middle Klamath,U.S. Forest Service
2394,Oak Flat Ck,41.7313598788874,-123.4361083,Oak Flat Creek,Middle Klamath,U.S. Forest Service
460,"Oak Flat Creek, 200 ft  upstream Hwy 96 bridge",41.72983,-123.43551,Oak Flat Creek,Middle Klamath,U.S. Forest Service
611,"Oak Flat Creek, just upstream from mouth",41.73011,-123.43561,Oak Flat Creek,Middle Klamath,U.S. Forest Service
2395,O'Neil Ck,41.8101285864458,-123.1171395,O'Neil Creek,Middle Klamath,U.S. Forest Service
431,"O'Neil Creek, 75' upstream of Hwy 96 bridge",41.81034,-123.11625,O'Neil Creek,Middle Klamath,U.S. Forest Service
509,"O'Neil Creek, just upstream from HWY 96 bridge",41.8102,-123.11728,O'Neil Creek,Middle Klamath,U.S. Forest Service
1625,Parks Creek,41.367,-122.55,,Shasta,U.S. Forest Service
1897,"Pear Tree, us NF Trinity",40.766022429,-123.115535998,Trinity River,Trinity,U.S. Forest Service
1842,Pearch Creek near campground,41.3085854688,-123.514953344,Pearch Creek,Lower Klamath,U.S. Forest Service
1843,Pearch Creek near mouth,41.3116977419,-123.524232631,Pearch Creek,Lower Klamath,U.S. Forest Service
1104,Plummer,41.150501,-123.211997,Plummer Creek,Salmon,U.S. Forest Service
2396,Plummer Ck,41.1505103550592,-123.2119296,Plummer Creek,Salmon,U.S. Forest Service
1105,Portuguese,41.859401,-123.244003,Portuguese Creek,Middle Klamath,U.S. Forest Service
2397,Portuguese Ck (Klamath R),41.85919412,-123.2453615,Portuguese Creek,Middle Klamath,U.S. Forest Service
2398,Portuguese Ck (Salmon R),41.33578651,-123.3709425,Portuguese Creek,Salmon,U.S. Forest Service
443,"Portuguese Creek   , just upstream from mouth",41.85927,-123.24514,Portuguese Creek,Middle Klamath,U.S. Forest Service
632,"Portuguese Creek (Salmon), just upstream from mouth",41.33549,-123.3711,Portuguese Creek,Salmon,U.S. Forest Service
362,"Portuguese Creek, 250' downstream of Hwy 96 culvert",41.85852,-123.246,Portuguese Creek,Middle Klamath,U.S. Forest Service
1908,Rattlesnake Mine,41.268143066,-122.60817742,Trinity River,Trinity,U.S. Forest Service
1844,Red Cap Creek above Schnable Bar,41.209346487,-123.556864627,Red Cap Creek,Lower Klamath,U.S. Forest Service
1845,Red Cap Creek near Adam's Creek,41.2602839996,-123.581689784,Red Cap Creek,Lower Klamath,U.S. Forest Service
1846,Red Cap Creek near mouth,41.2596262239,-123.602001967,Red Cap Creek,Lower Klamath,U.S. Forest Service
1106,RH NF Salmon,41.431999,-123.111,Right Hand North Fork Salmon River,Salmon,U.S. Forest Service
2399,Right Hand North Fk Salmon R above mouth,41.4307857914503,-123.109968,Right Hand North Fork Salmon River,Salmon,U.S. Forest Service
1847,Rogers Creek at 15N17,41.4417510481771,-123.42825873313,Rogers Creek,Middle Klamath,U.S. Forest Service
2461,Rogers Creek near Mouth,41.44430555555555,-123.4897222,Rogers Creek,Middle Klamath,U.S. Forest Service
2400,Rush Ck,41.0912679084896,-123.0510208,Rush Creek,Salmon,U.S. Forest Service
1107,Rush Creek,41.091999,-123.047996,Rush Creek,Salmon,U.S. Forest Service
1117,S Russian,41.325199,-123.056999,South Russian Creek,Salmon,U.S. Forest Service
2401,Salmon R below Forks,41.2561398687051,-123.3263616,Salmon River,Salmon,U.S. Forest Service
2402,Salmon R downstream of Nordheimer Ck,41.2974601100883,-123.3591275,Salmon River,Salmon,U.S. Forest Service
2403,Salmon R near mouth,41.3774043333326,-123.4799205,Salmon River,Salmon,U.S. Forest Service
2404,Salmon R upstream of Nordheimer Ck,41.2956710780093,-123.3608853,Salmon River,Salmon,U.S. Forest Service
1848,Salmon River at USGS gauge,41.3771830742,-123.477538409,Salmon River,Salmon,U.S. Forest Service
1849,Salmon River at Wooley pool,41.37662708,-123.4221313,Salmon River,Salmon,U.S. Forest Service
561,"Salmon River, about a mile above mouth",41.37802,-123.48275,Salmon River,Salmon,U.S. Forest Service
1911,Salyer,40.89197345,-123.585246214,Trinity River,Trinity,U.S. Forest Service
1851,Sandybar Creek Above HWY 96,41.4876930311091,-123.514526235263,Sandy Bar Creek,Middle Klamath,U.S. Forest Service
1727,Sawyers Bar,41.3,-123.117,,Salmon,U.S. Forest Service
519,Scorpion,41.112,-122.697,,Trinity,U.S. Forest Service
537,Scott Flat,40.362312,-123.307389,Trinity River,Trinity,U.S. Forest Service
2405,Scott R (lower) upstream of Boulder Ck,41.635167610317296,-123.0955228,Scott River,Scott,U.S. Forest Service
2406,Scott R at Sugarpine Gulch,41.69626494,-123.0505827,Scott River,Scott,U.S. Forest Service
2407,Scott R downstream of Bridge Flat Campground,41.6515981404637,-123.1138255,Scott River,Scott,U.S. Forest Service
2408,Scott R downstream of Townsend Gulch,41.6881871750373,-123.0794994,Scott River,Scott,U.S. Forest Service
2409,Scott R near Roxbury Bridge,41.7750828101991,-123.0347136,Scott River,Scott,U.S. Forest Service
2410,Scott R near USGS gage stn,41.6404845986486,-123.014709,Scott River,Scott,U.S. Forest Service
2411,Scott R under Scott Valley bridge - Road 7F01,41.76522333,-123.0215949,Scott River,Scott,U.S. Forest Service
423,"Scott River, 100' downstream of 1st bridge near temp gauge site",41.7654,-123.02192,Scott River,Scott,U.S. Forest Service
557,"Scott River, at Sugarpine Gulch",41.69438,-123.05308,Scott River,Scott,U.S. Forest Service
605,"Scott River, below Bridge Flat CG",41.64968,-123.11262,Scott River,Scott,U.S. Forest Service
587,"Scott River, downstream of Townsend Gulch",41.68746,-123.08449,Scott River,Scott,U.S. Forest Service
546,"Scott River, near Roxbury Bridge",41.77521,-123.03434,Scott River,Scott,U.S. Forest Service
566,"Scott River, near USGS Gaging Station",41.6405,-123.0147,Scott River,Scott,U.S. Forest Service
586,"Scott River, under Scott Valley Bridge- Road 7F01",41.76518,-123.02128,Scott River,Scott,U.S. Forest Service
617,"Scott River, upstream of Boulder Creek",41.63527,-123.09602,Scott River,Scott,U.S. Forest Service
1108,Seiad,41.8722,-123.133003,Seiad Creek,Middle Klamath,U.S. Forest Service
2412,Seiad Ck at FS boundary,41.8721414222413,-123.1334487,Seiad Creek,Middle Klamath,U.S. Forest Service
425,"Seiad Creek, 250' upstream of mouth",41.84256,-123.19717,Seiad Creek,Middle Klamath,U.S. Forest Service
487,"Seiad Creek, at FS boundary",41.87239,-123.13368,Seiad Creek,Middle Klamath,U.S. Forest Service
525,"Seiad Creek, at FS boundary",41.8721,-123.13335,Seiad Creek,Middle Klamath,U.S. Forest Service
1112,SF Clear,41.705001,-123.461997,South Fork Clear Creek,Middle Klamath,U.S. Forest Service
1113,SF Indian,41.878799,-123.433998,South Fork Indian Creek,Middle Klamath,U.S. Forest Service
1116,SF Scott Boulder,41.2942,-122.824996,South Fork Scott River,Scott,U.S. Forest Service
592,"SF Scott River, upstream of Boulder Creek",41.29427,-122.82571,South Fork Scott River,Scott,U.S. Forest Service
1903,SF Trinity ds Madden,40.8800164670001,-123.608258863,South Fork Trinity River,Trinity,U.S. Forest Service
1904,SF Trinity ds Madden,40.8808171740001,-123.611682138,South Fork Trinity River,Trinity,U.S. Forest Service
646,SF Trinity River above Madden Creek,40.87673612,-123.6122494,South Fork Trinity River,Trinity,U.S. Forest Service
1109,Shackleford,41.585998,-123.003997,Shackleford Creek,Scott,U.S. Forest Service
2413,Shackleford Ck upstream of Alder Gulch,41.5873875771759,-123.0041631,Shackleford Creek,Scott,U.S. Forest Service
596,"Shackleford Creek, upstream of Alder Gulch",41.58405,-123.00552,Shackleford Creek,Scott,U.S. Forest Service
1110,Shadow,41.206798,-123.072998,Shadow Creek,Salmon,U.S. Forest Service
2414,Shadow Ck,41.2058742181016,-123.07255549999999,Shadow Creek,Salmon,U.S. Forest Service
570,Sharber-Peckham Creek at road crossing,40.89624419,-123.5611277,Sharber-Peckham Creek,Trinity,U.S. Forest Service
1111,Shovel,41.847,-122.220001,Shovel Creek,Upper Klamath,U.S. Forest Service
2415,Shovel Ck near Kuck Meadow,41.8455968562774,-122.2204083,Shovel Creek,Upper Klamath,U.S. Forest Service
523,"Shovel Creek, Kuck Meadow",41.8458,-122.2207,Shovel Creek,Upper Klamath,U.S. Forest Service
1852,Slate Creek near mouth,41.2502693439,-123.643637348,Slate Creek,Lower Klamath,U.S. Forest Service
536,Slater Butte,41.858,-123.354,,Middle Klamath,U.S. Forest Service
629,Somes Bar,41.333,-123.5,,Lower Klamath,U.S. Forest Service
2416,South Fk Clear Ck,41.7065535942026,-123.4594269,South Fork Clear Creek,Middle Klamath,U.S. Forest Service
2417,South Fk Indian Ck upstream of Twins Valley Ck,41.8682249979097,-123.5194702,South Fork Indian Creek,Middle Klamath,U.S. Forest Service
2418,South Fk Salmon R downstream of Knownothing Ck,41.2434218557868,-123.2924524,South Fork Salmon River,Salmon,U.S. Forest Service
2419,South Fk Salmon R upstream of Black Bear Ck,41.2035251926099,-123.2245882,South Fork Salmon River,Salmon,U.S. Forest Service
2420,South Fk Salmon R upstream of Forks,41.2567162702738,-123.3199783,South Fork Salmon River,Salmon,U.S. Forest Service
2421,South Fk Salmon R upstream of Knownothing Ck,41.2435961787546,-123.2912001,South Fork Salmon River,Salmon,U.S. Forest Service
2422,South Fk Scott R upstream of Boulder Ck,41.2941855749752,-122.8253241,South Fork Scott River,Scott,U.S. Forest Service
335,"South Fork Clear, just upstream from mouth",41.7069,-123.45948,South Fork Clear Creek,Middle Klamath,U.S. Forest Service
386,"South Fork Indian , 55ft upstream of Twins Valley Cr confluence",41.86827,-123.51958,South Fork Indian Creek,Middle Klamath,U.S. Forest Service
594,"South Fork Indian, 200 feet downstream of SF Bridge",41.87968,-123.43147,South Fork Indian Creek,Middle Klamath,U.S. Forest Service
589,"South Fork Salmon River, upstream of forks",41.25425,-123.31602,South Fork Salmon River,Salmon,U.S. Forest Service
2423,South Russian Ck upstream of North Russian Ck,41.3256240119649,-123.0568552,South Russian Creek,Salmon,U.S. Forest Service
2211,Sprague Subbasin (Calahan Creek-Long Creek),42.9006898,-121.3159821,Long Creek,Sprague,U.S. Forest Service
2209,Sprague Subbasin (Middle Fishhole Creek),42.3054153,-120.9577663,Fishhole Creek,Sprague,U.S. Forest Service
2215,Sprague Subbasin (Middle SFK Sprague),42.3730353,-120.9680696,SFK Sprague River,Sprague,U.S. Forest Service
2218,Sprague Subbasin (Trout Creek),42.457844,-121.638089,Trout Creek,Sprague,U.S. Forest Service
2219,Sprague Subbasin (Trout Creek),42.4837259,-121.6225849,SFK Trout Creek,Sprague,U.S. Forest Service
2220,Sprague Subbasin (Trout Creek),42.4842581,-121.6302083,NFK Trout Creek,Sprague,U.S. Forest Service
1728,Sprague Subbasin (Upper NFK Sprague) CD6040,42.58607,-120.88095,Cold Creek,Sprague,U.S. Forest Service
1729,Sprague Subbasin (Upper NFK Sprague) CD6160,42.58813,-120.89209,Cold Creek,Sprague,U.S. Forest Service
1730,Sprague Subbasin (Upper NFK Sprague) CD6180,42.58873,-120.89825,Cold Creek,Sprague,U.S. Forest Service
1731,Sprague Subbasin (Upper NFK Sprague) NS6040,42.5861,-120.88061,North Fork Sprague River,Sprague,U.S. Forest Service
1732,Sprague Subbasin (Upper NFK Sprague) NS6080,42.59432,-120.8792,North Fork Sprague River,Sprague,U.S. Forest Service
1733,Sprague Subbasin (Upper NFK Sprague) NS6130,42.60433,-120.8833,North Fork Sprague River,Sprague,U.S. Forest Service
1734,Sprague Subbasin (Upper NFK Sprague) NS6200,42.604773,-120.850543,North Fork Sprague River,Sprague,U.S. Forest Service
344,Sprague Subbasin BC5120 mouth,42.516562,-120.951305,Boulder Creek,Sprague,U.S. Forest Service
1027,Sprague Subbasin BC5450,42.515621,-120.927905,Boulder Creek,Sprague,U.S. Forest Service
345,Sprague Subbasin BC5450,42.515621,-120.927905,Boulder Creek,Sprague,U.S. Forest Service
554,Sprague Subbasin BC5960,42.497169,-120.919483,Boulder Creek,Sprague,U.S. Forest Service
640,Sprague Subbasin BD6640,42.661842,-120.783359,Boulder Creek,Sprague,U.S. Forest Service
472,Sprague Subbasin BW4800,42.40309,-120.890763,Brownsworth Creek,Sprague,U.S. Forest Service
544,Sprague Subbasin BW5920,42.447979,-120.840412,Brownsworth Creek,Sprague,U.S. Forest Service
529,Sprague Subbasin CD6160,42.588238,-120.892534,Cold Creek,Sprague,U.S. Forest Service
374,Sprague Subbasin CP5880,42.4465888,-120.7962914,Camp Creek,Sprague,U.S. Forest Service
612,Sprague Subbasin CR5960,42.456977,-120.783571,Corral Creek,Sprague,U.S. Forest Service
403,Sprague Subbasin CY5060,42.864118,-121.171595,Coyote Creek ,Sprague,U.S. Forest Service
571,Sprague Subbasin CZ5800,42.6796166,-120.9168748,Crazy Creek,Sprague,U.S. Forest Service
625,Sprague Subbasin DG4680,42.442184,-120.978056,Deming Creek,Sprague,U.S. Forest Service
575,Sprague Subbasin DG5260 near quarry,42.45828,-120.936342,Deming Creek,Sprague,U.S. Forest Service
630,Sprague Subbasin HM5320 below Leonard conf.,42.427177,-120.863535,Hammond Creek,Sprague,U.S. Forest Service
528,Sprague Subbasin LE5440,42.4321722,-120.8556525,Leonard Creek,Sprague,U.S. Forest Service
447,Sprague Subbasin NS4560  elbow,42.496671,-121.005833,North Fork Sprague River,Sprague,U.S. Forest Service
522,Sprague Subbasin NS5120 abv Boulder Creek,42.516792,-120.951756,North Fork Sprague River,Sprague,U.S. Forest Service
534,Sprague Subbasin NS6200 Lee Thomas mdw,42.604671,-120.850218,North Fork Sprague River,Sprague,U.S. Forest Service
560,Sprague Subbasin PD5660 mouth,42.692505,-120.926916,Paradise Creek,Sprague,U.S. Forest Service
619,Sprague Subbasin PD5880,42.680994,-120.900151,Paradise Creek,Sprague,U.S. Forest Service
453,Sprague Subbasin RF6080,42.689205,-120.872909,Rifle Creek,Sprague,U.S. Forest Service
616,Sprague Subbasin SKL5980,42.690723,-120.887661,Skull Creek,Sprague,U.S. Forest Service
1033,Sprague Subbasin SS5870 34 road xing ,42.4529555,-120.7835536,South Fork Sprague River,Sprague,U.S. Forest Service
585,Sprague Subbasin SS5960 upstream Corral Cr. conf,42.457199,-120.780052,South Fork Sprague River,Sprague,U.S. Forest Service
588,Sprague Subbasin SWP4640,42.558727,-121.12982,Swamp Creek,Sprague,U.S. Forest Service
552,Sprague Subbasin SY5650 Pikes Crossing,42.698096,-120.933235,Sycan River,Sprague,U.S. Forest Service
415,Sprague Subbasin SY5660 Paradise Creek conf.,42.693444,-120.92624,Sycan River,Sprague,U.S. Forest Service
507,Sprague Subbasin SY6565 3380 road crossing,42.673033,-120.817144,Sycan River,Sprague,U.S. Forest Service
381,Sprague Subbasin SY6600,42.663069,-120.794222,South Fork Sycan River,Sprague,U.S. Forest Service
511,Sprague Subbasin SY6620 28 road crossing,42.662256,-120.79088,Sycan River,Sprague,U.S. Forest Service
542,Sprague Subbasin SY6660 upstream Boulder Cr. Conf.,42.66,-120.783611,Sycan River,Sprague,U.S. Forest Service
481,Sprague Subbasin WT6250,42.633378,-120.877317,Watson Creek,Sprague,U.S. Forest Service
1037,Sprague Subbbasin FH5140,42.2355055,-120.9122914,Fishhole Creek,Sprague,U.S. Forest Service
1038,Sprague Subbbasin FV4600,42.540061,-121.1249026,Fivemile Creek,Sprague,U.S. Forest Service
1042,Sprague Subbbasin SY5015 above marsh,42.7788111,-121.0511804,Sycan River,Sprague,U.S. Forest Service
1290,Sprague Subbbasin SY6565 3380xing,42.6730611,-120.8164025,Sycan River,Sprague,U.S. Forest Service
1291,Sprague Subbbasin SY6600,42.66307,-120.794432,South Fork Sycan River,Sprague,U.S. Forest Service
2424,St Claire Ck,41.139973489676,-123.1726575,St Claire Creek,Salmon,U.S. Forest Service
1118,St. Clair,41.138999,-123.172996,St Clair Creek,Salmon,U.S. Forest Service
1853,Stanshaw Creek below HWY 96 Culvert,41.4761807930865,-123.508590450129,Stanshaw Creek,Middle Klamath,U.S. Forest Service
1896,Stuart Fk Lower,40.853696077,-122.873886906,Stuart Fork,Trinity,U.S. Forest Service
1905,Stuart Fk Upper,40.872834748,-122.918790563,Stuart Fork,Trinity,U.S. Forest Service
1704,Swampy John,41.397,-122.993,,Scott,U.S. Forest Service
1626,Sweetwater,41.38197,-122.53529,,Shasta,U.S. Forest Service
1119,Swillup,41.608798,-123.502998,Swillup Creek,Middle Klamath,U.S. Forest Service
2425,Swillup Ck,41.6088166514568,-123.5025141,Swillup Creek,Middle Klamath,U.S. Forest Service
343,"Swillup Creek, 100ft upstream of HWY 96 Bridge",41.60816,-123.50122,Swillup Creek,Middle Klamath,U.S. Forest Service
615,"Swillup Creek, just upstream from mouth",41.60862,-123.50269,Swillup Creek,Middle Klamath,U.S. Forest Service
1120,Taylor,41.170799,-123.089996,Taylor Creek,Salmon,U.S. Forest Service
2426,Taylor Ck,41.1716565338966,-123.092796,Taylor Creek,Salmon,U.S. Forest Service
637,"Ten Mile Creek, just upstream from mouth",41.73575,-123.5472,Tenmile Creek,Middle Klamath,U.S. Forest Service
1854,Teneyck Creek above 13N14,41.4001458197417,-123.526744427019,Teneyck Creek,Middle Klamath,U.S. Forest Service
1121,Tenmile,41.736301,-123.547996,Tenmile Creek,Middle Klamath,U.S. Forest Service
2427,Tenmile Ck,41.7352082894625,-123.5471246,Tenmile Creek,Middle Klamath,U.S. Forest Service
1122,Thompson,41.878101,-123.321998,Thompson Creek,Middle Klamath,U.S. Forest Service
2428,Thompson Ck near 18N02 bridge,41.8773534726523,-123.3214042,Thompson Creek,Middle Klamath,U.S. Forest Service
2429,Thompson Ck near Hwy 96 bridge,41.86346702276,-123.3108159,Thompson Creek,Middle Klamath,U.S. Forest Service
2430,Thompson Ck upstream of Cedar Ck,41.93763633,-123.3578231,Thompson Creek,Middle Klamath,U.S. Forest Service
395,"Thompson Creek, 200 ft downstream of HWY96 Bridge",41.86352,-123.31027,Thompson Creek,Middle Klamath,U.S. Forest Service
650,"Thompson Creek, just upstream of Cedar Cr.",41.93694,-123.35795,Thompson Creek,Middle Klamath,U.S. Forest Service
574,"Thompson Creek, near 18N02 bridge",41.8804,-123.32393,Thompson Creek,Middle Klamath,U.S. Forest Service
1855,Ti Creek near USFS station,41.5244513271,-123.522938187,Ti Creek,Middle Klamath,U.S. Forest Service
1123,Titus,41.6707,-123.43,Titus Creek,Middle Klamath,U.S. Forest Service
2431,Titus Ck,41.6707114484979,-123.4298844,Titus Creek,Middle Klamath,U.S. Forest Service
497,"Titus Creek, 20ft upstream of old cabin",41.67,-123.42954,Titus Creek,Middle Klamath,U.S. Forest Service
649,"Titus Creek, just upstream from mouth",41.6705,-123.42963,Titus Creek,Middle Klamath,U.S. Forest Service
357,"Tom Martin Creek, just upstream of Hwy 96 Culvert",41.784,-123.04256,Tom Martin Creek,Middle Klamath,U.S. Forest Service
1124,Tompkins,41.6916,-123.107002,Tompkins Creek,Scott,U.S. Forest Service
2432,Tompkins Ck at FS boundary,41.6916233755262,-123.1072507,Tompkins Creek,Scott,U.S. Forest Service
373,"Tompkins Creek, FS property line Sec 3",41.69184,-123.10738,Tompkins Creek,Scott,U.S. Forest Service
1856,Trinity River above confluence,41.184380720887,-123.706803402717,Trinity River,Trinity,U.S. Forest Service
1125,Twin Valley,41.8689,-123.522003,Twin Valley Creek,Middle Klamath,U.S. Forest Service
2433,Twin Valley Ck,41.87042473,-123.5249589,Twin Valley Creek,Middle Klamath,U.S. Forest Service
633,"Twins Valley Creek, just upstream from mouth",41.86821,-123.5201,Twin Valley Creek,Middle Klamath,U.S. Forest Service
1126,Ukonom,41.614799,-123.483001,Ukonom Creek,Middle Klamath,U.S. Forest Service
2434,Ukonom Ck,41.6147806243037,-123.4833323,Ukonom Creek,Middle Klamath,U.S. Forest Service
531,"Ukonom Creek, just upstream from mouth",41.61527,-123.48375,Ukonom Creek,Middle Klamath,U.S. Forest Service
380,"Ukonom Creek, Tailout of pool approx. 200 ft. up from mouth",41.61482,-123.48348,Ukonom Creek,Middle Klamath,U.S. Forest Service
1127,Uncles,41.378501,-123.179,Uncles Creek,Salmon,U.S. Forest Service
2435,Uncles Ck,41.3771824465832,-123.1806021,Uncles Creek,Salmon,U.S. Forest Service
2207,Upper Klamath Lake Subbasin (Crooked Creek-Wood River),42.608194,-121.933472,Agency Creek,Wood,U.S. Forest Service
2208,Upper Klamath Lake Subbasin (Lower Annie Creek),42.769167,-122.059167,Annie Creek,Wood,U.S. Forest Service
2212,Upper Klamath Lake Subbasin (Rock Creek-Frontal Upper Klamath Lake),42.554005,-122.096778,Rock Creek,Upper Klamath Lake,U.S. Forest Service
2216,Upper Klamath Lake Subbasin (Threemile Creek),42.638619,-122.097176,Threemile Creek,Wood,U.S. Forest Service
2217,Upper Klamath Lake Subbasin (Threemile Creek),42.638932,-122.129686,Threemile Creek,Wood,U.S. Forest Service
1039,Upper Klamath Lake Subbasin CHR4360,42.5983387,-122.0956527,Cherry Creek,Wood,U.S. Forest Service
1040,Upper Klamath Lake Subbasin FR4144,42.6328109,-122.0745694,Fourmile Spring,Wood,U.S. Forest Service
1041,Upper Klamath Lake Subbasin RCK5200,42.5589498,-122.1496527,Rock Creek,Upper Klamath Lake,U.S. Forest Service
1035,Upper Klamath Lake Subbasin SM4420,42.725761,-122.106628,Sevenmile Creek,Wood,U.S. Forest Service
593,Upper Klamath Lake Subbasin SM4420,42.725761,-122.106628,Sevenmile Creek,Wood,U.S. Forest Service
1028,Upper Klamath Lake Subbasin SMT4420,42.725761,-122.106628,Sevenmile Creek tributary,Wood,U.S. Forest Service
349,Upper Klamath Lake Subbasin SMT4420,42.725761,-122.106628,Sevenmile Creek,Wood,U.S. Forest Service
1030,Upper Klamath Lake Subbasin TM4240,42.6424498,-122.0861805,Threemile Creek,Wood,U.S. Forest Service
572,Upper Klamath Lake Subbasin TM4600,42.639082,-122.096133,Threemile Creek,Wood,U.S. Forest Service
1029,Upper Klamath Lake Subbasin TM4900,42.636027,-122.10891,Threemile Creek,Wood,U.S. Forest Service
452,Upper Klamath Lake Subbasin TM4900,42.636027,-122.10891,Threemile Creek,Wood,U.S. Forest Service
478,Upper Klamath Lake Subbasin TM5210,42.639171,-122.128611,Threemile Creek,Wood,U.S. Forest Service
2213,Upper Klamath Subbasin (Upper Spencer Creek),42.263333,-122.157778,Spencer Creek,Upper Klamath,U.S. Forest Service
2214,Upper Klamath Subbasin (Upper Spencer Creek),42.26416,-122.164595,Spencer Creek,Upper Klamath,U.S. Forest Service
1512,Upper Klamath Subbasin SP4800,42.2607831,-122.1544305,Spencer Creek,Upper Klamath,U.S. Forest Service
2462,Upper Salmon River,41.375972222222224,-123.4207778,Salmon River,Salmon,U.S. Forest Service
2436,Upper South Fk Salmon R upstream of Boardtree Gul,41.0990468324369,-123.0749385,Upper South Fork Salmon River,Salmon,U.S. Forest Service
2437,Upper South Fk Salmon R upstream of East Fk,41.14635884,-123.1069532,Upper South Fork Salmon River,Salmon,U.S. Forest Service
445,Upr Indian thermal refugia,40.620491,-122.896564,Indian Creek,Trinity,U.S. Forest Service
1907,us Coffee Creek,41.108814537,-122.706945729,Trinity River,Trinity,U.S. Forest Service
1114,USF Salmon1,41.1464,-123.107002,South Fork Salmon River,Salmon,U.S. Forest Service
1115,USF Salmon2,41.096801,-123.069,South Fork Salmon River,Salmon,U.S. Forest Service
1128,Walker,41.8246,-123.166,Walker Creek,Middle Klamath,U.S. Forest Service
2438,Walker Ck above FS boundary,41.82609083,-123.166625,Walker Creek,Middle Klamath,U.S. Forest Service
427,"Walker Creek, Directly underneath FS Bridge",41.82131,-123.16443,Walker Creek,Middle Klamath,U.S. Forest Service
527,"Walker Creek, just above FS boundary",41.82659,-123.16691,Walker Creek,Middle Klamath,U.S. Forest Service
1735,Weaverville RS,40.733,-122.95,,Trinity,U.S. Forest Service
2439,West Fk Beaver Ck,41.9404068157791,-122.8220879,West Fork Beaver Creek,Middle Klamath,U.S. Forest Service
2440,West Fk Seiad Ck,41.9059865357163,-123.1430803,West Fork Seiad Creek,Middle Klamath,U.S. Forest Service
618,"West Fork Beaver Creek, just upstream from mouth",41.94043,-122.82178,West Fork Beaver Creek,Middle Klamath,U.S. Forest Service
1129,WF Beaver,41.936798,-122.821998,West Fork Beaver Creek,Middle Klamath,U.S. Forest Service
1755,Whalan,41.15,-122.45,,Trinity,U.S. Forest Service
1130,Whites,41.297798,-123.083999,Whites Gulch,Salmon,U.S. Forest Service
2441,Whites Gulch,41.2976027946938,-123.0833352,Whites Gulch,Salmon,U.S. Forest Service
2210,Williamson Subbasin (Long Prairie-Williamson River),42.985278,-121.450833,Jackson Creek,Williamson,U.S. Forest Service
609,Williamson Subbasin JK5430,43.258446,-121.614364,Jack Creek,Williamson,U.S. Forest Service
1031,Williamson Subbasin WM4200,42.65822,-121.849666,Williamson River,Williamson,U.S. Forest Service
517,Williamson Subbasin WM4200,42.65822,-121.849666,Williamson River,Williamson,U.S. Forest Service
1912,Willow Cr,40.943588333,-123.632352366,Willow Creek,Trinity,U.S. Forest Service
1913,Willow Cr,40.944030428,-123.639281793,Willow Creek,Trinity,U.S. Forest Service
540,Willow Creek mile above mouth,40.90704823,-123.7065868,Willow Creek,Trinity,U.S. Forest Service
1705,Wolford Cabin,41.2,-122.833,,Trinity,U.S. Forest Service
383,Wooley Creek,41.377624,-123.423031,Wooley Creek,Salmon,U.S. Forest Service
1857,Wooley Creek above Bridge Creek,41.4412244509,-123.357313555,Wooley Creek,Salmon,U.S. Forest Service
1858,Wooley Creek near mouth,41.3785809676,-123.421256491,Wooley Creek,Salmon,U.S. Forest Service
621,"Wooley Creek, downstream of Bridge Creek",41.44041,-123.35924,Wooley Creek,Salmon,U.S. Forest Service
524,"Wooley Creek, upstream of NF Wooley",41.47059,-123.27804,Wooley Creek,Salmon,U.S. Forest Service
1132,Wooley2,41.440101,-123.359001,Wooley Creek,Salmon,U.S. Forest Service
1131,Wooley3,41.472,-123.276,Wooley Creek,Salmon,U.S. Forest Service
1736,Yreka,41.7,-122.633,,Shasta,U.S. Forest Service
2101,35.00S/10.00E-29ACC01,42.5095833,-121.5549444,,Sprague,U.S. Geological Survey
2102,40.00S/09.00E-28ADB01,42.0630833,-121.7611389,,Sprague,U.S. Geological Survey
2103,40.00S/11.00E-28DDD01,42.0548333,-121.523861,,Sprague,U.S. Geological Survey
2118,A-Canal Submersibles,42.23841,-121.803911,Upper Klamath Lake,Upper Klamath Lake,U.S. Geological Survey
935,Ady Canal above Lower Klamath NWR near Worden,42.004037,-121.826945,Ady Canal,Lost,U.S. Geological Survey
859,Ady Canal at Highway 97 near Worden,42.080702,-121.84667,Ady Canal,Keno,U.S. Geological Survey
869,Agency Lake near Klamath Agency,42.58208,-121.970689,Agency Lake,Upper Klamath Lake,U.S. Geological Survey
916,Annie Spring near Crater Lake,42.871522,-122.168931,Annie Spring,Wood,U.S. Geological Survey
2119,Beaver Creek 1,41.8674525719365,-122.8107103,Klamath River,Middle Klamath,U.S. Geological Survey
2120,Beaver Creek 10,41.8674439665855,-122.8090051,Klamath River,Middle Klamath,U.S. Geological Survey
2121,Beaver Creek 11,41.8674481993998,-122.8085181,Klamath River,Middle Klamath,U.S. Geological Survey
2122,Beaver Creek 12,41.86758060034,-122.8079947,Klamath River,Middle Klamath,U.S. Geological Survey
2123,Beaver Creek 13,41.8670945068564,-122.8093562,Klamath River,Middle Klamath,U.S. Geological Survey
2124,Beaver Creek 14,41.8671686979256,-122.8089235,Klamath River,Middle Klamath,U.S. Geological Survey
2125,Beaver Creek 15,41.867206308766,-122.8084466,Klamath River,Middle Klamath,U.S. Geological Survey
2126,Beaver Creek 16,41.8672442677326,-122.8082061,Klamath River,Middle Klamath,U.S. Geological Survey
2127,Beaver Creek 17,41.8673740675251,-122.8079108,Klamath River,Middle Klamath,U.S. Geological Survey
2128,Beaver Creek 2,41.8672094676876,-122.8109893,Klamath River,Middle Klamath,U.S. Geological Survey
2129,Beaver Creek 3,41.86712168,-122.8104789,Klamath River,Middle Klamath,U.S. Geological Survey
2130,Beaver Creek 4,41.86734988,-122.8103722,Klamath River,Middle Klamath,U.S. Geological Survey
2131,Beaver Creek 5,41.8672469929669,-122.8099049,Klamath River,Middle Klamath,U.S. Geological Survey
2132,Beaver Creek 6,41.8670266552047,-122.8101374,Klamath River,Middle Klamath,U.S. Geological Survey
2133,Beaver Creek 7,41.8673753715783,-122.8094017,Klamath River,Middle Klamath,U.S. Geological Survey
2134,Beaver Creek 8,41.8669644,-122.8097909,Klamath River,Middle Klamath,U.S. Geological Survey
2135,Beaver Creek 9,41.8672366894916,-122.8097311,Klamath River,Middle Klamath,U.S. Geological Survey
1799,Beaver Creek Downstream,41.867506,-122.8107715,Klamath River,Middle Klamath,U.S. Geological Survey
1800,Beaver Creek Upstream,41.86732267,-122.8099375,Klamath River,Middle Klamath,U.S. Geological Survey
2136,Boulder Springs,42.4168,-121.84,Upper Klamath Lake,Upper Klamath Lake,U.S. Geological Survey
1547,Cinder Springs Remote Site,42.4107,-121.834901,Cinder Springs,Upper Klamath Lake,U.S. Geological Survey
2137,Clear Lake Straits Array,41.895602,-121.140512,Clear Lake,Lost,U.S. Geological Survey
1549,Clear Lake Willow Creek Array,41.901195,-121.04689,Clear Lake,Lost,U.S. Geological Survey
1801,Coon Creek Downstream,41.612186,-123.497118,Klamath River,Middle Klamath,U.S. Geological Survey
1802,Coon Creek Upstream,41.612202,-123.497102,Klamath River,Middle Klamath,U.S. Geological Survey
888,CRATER LAKE NEAR CRATER LAKE,42.975684,-122.089194,Crater Lake,Crater Lake,U.S. Geological Survey
1550,Crooked Creek Array,42.598684,-121.94521,Crooked Creek,Wood,U.S. Geological Survey
2104,"Crystal Creek Near Rocky Point, OR",42.51269444,-122.0761389,Crystal Creek,Upper Klamath Lake,U.S. Geological Survey
1540,Fish Banks,42.471313,-122.056694,Upper Klamath Lake,Upper Klamath Lake,U.S. Geological Survey
2105,"Fourmile Canal Near Klamath Agency, OR",42.5745,-122.051361,Fourmile Canal,Wood,U.S. Geological Survey
850,Grass Valley Creek near Lewiston,40.6865,-122.861,Grass Valley Creek,Trinity,U.S. Geological Survey
1545,Hagelstein Pond,42.383548,-121.812616,Hagelstein Pond,Upper Klamath Lake,U.S. Geological Survey
1803,Happy Camp Downstream,41.81075,-123.35858,Klamath River,Middle Klamath,U.S. Geological Survey
1804,Happy Camp Upstream,41.81088,-123.35771,Klamath River,Middle Klamath,U.S. Geological Survey
1805,I-5 Downstream,41.86823679,-122.5617365,Klamath River,Middle Klamath,U.S. Geological Survey
1806,I-5 Upstream,41.86841474,-122.5615929,Klamath River,Middle Klamath,U.S. Geological Survey
831,Indian Creek near Douglas City,40.651798,-122.914001,Indian Creek,Trinity,U.S. Geological Survey
851,Indian Creek near Happy Camp,41.83512497,-123.38311,Indian Creek,Middle Klamath,U.S. Geological Survey
1807,Iron Gate Hatchery Downstream,41.929722,-122.443116,Klamath River,Middle Klamath,U.S. Geological Survey
1808,Iron Gate Hatchery Upstream,41.930594,-122.442691,Klamath River,Middle Klamath,U.S. Geological Survey
2106,"Irving Creek Near Lenz, OR",42.95166667,-121.4590556,Irving Creek,Williamson,U.S. Geological Survey
2107,"Jackson Creek Near Lenz, OR",42.9783611,-121.459361,Jackson Creek,Williamson,U.S. Geological Survey
1737,"Keno Canal at Klamath Falls, OR",42.22111,-121.79305,Keno Canal,Keno,U.S. Geological Survey
2108,"Keno Reservoir at Keno, OR",42.13488056,-121.9481222,Keno Reservoir,Keno,U.S. Geological Survey
1809,Kinsman Downstream,41.81632,-123.014334,Klamath River,Middle Klamath,U.S. Geological Survey
1810,Kinsman Upstream,41.817016,-123.01449,Klamath River,Middle Klamath,U.S. Geological Survey
952,"KLAMATH RIVER ABOVE KENO DAM, AT KENO, OR",42.1279223,-121.9288964,Klamath River,Keno,U.S. Geological Survey
954,"KLAMATH RIVER ABV KENO DAM, AT KENO - BOTTOM",42.1279223,-121.9288964,Klamath River,Keno,U.S. Geological Survey
901,KLAMATH RIVER AT KENO,42.133199,-121.962231,Klamath River,Upper Klamath,U.S. Geological Survey
970,"Klamath River at Miller Island Boat Ramp, Bottom",42.1480609,-121.8486248,Klamath River,Keno,U.S. Geological Survey
842,"KLAMATH RIVER AT MILLER ISLAND BOAT RAMP, Upper",42.1480609,-121.8486248,Klamath River,Keno,U.S. Geological Survey
2109,"Klamath River at Miller Island, Near Midland, OR",42.1467833,-121.848686,Klamath River,Keno,U.S. Geological Survey
949,Klamath River at Orleans,41.303398,-123.533996,Klamath River,Lower Klamath,U.S. Geological Survey
899,Klamath River below Iron Gate Dam,41.927898,-122.444,Klamath River,Middle Klamath,U.S. Geological Survey
897,KLAMATH RIVER BLW JOHN C.BOYLE PWRPLNT (NR KENO),42.084588,-122.073345,Klamath River,Upper Klamath,U.S. Geological Survey
870,Klamath River near Klamath ,41.510898,-123.978996,Klamath River,Lower Klamath,U.S. Geological Survey
2110,"Klamath River Near Klamath Falls, OR",42.17467778,-121.798711,Klamath River,Keno,U.S. Geological Survey
936,Klamath River near Seiad Valley,41.853698,-123.232002,Klamath River,Middle Klamath,U.S. Geological Survey
1274,"KLAMATH STRAITS DRAIN ABOVE F-FF PUMPS, WORDEN, OR",42.0798943,-121.8419582,Klamath Straits Drain,Lost,U.S. Geological Survey
1275,"KLAMATH STRAITS DRAIN AT HIGHWAY 97, OR",42.0806359,-121.8419582,Klamath Straits Drain,Lost,U.S. Geological Survey
819,"KLAMATH STRAITS DRAIN NEAR HIGHWAY 97, OR",42.0808387,-121.8500137,Klamath Straits Drain,Keno,U.S. Geological Survey
813,Klamath Straits Drain near Worden,42.080005,-121.843625,Klamath Straits Drain,Lost,U.S. Geological Survey
895,Link River,42.219444,-121.790278,Link River,Keno,U.S. Geological Survey
2138,Link River Array,42.221762,-121.793622,Link River,Keno,U.S. Geological Survey
815,LINK RIVER AT KLAMATH FALLS,42.223478,-121.794171,Link River,Keno,U.S. Geological Survey
2111,"Link River Below Keno Canal, Near Klamath Falls, OR",42.2193114,-121.7902816,Link River,Keno,U.S. Geological Survey
940,Link River Dam,42.2318,-121.80156,Upper Klamath Lake,Keno,U.S. Geological Survey
900,Lost River at Tingley Lane near Klamath Falls,42.167783,-121.775292,Lost River Diversion Channel,Lost,U.S. Geological Survey
2112,"Lost River at Wilson Dam, at Henley, OR",42.14258889,-121.672186,Lost River,Lost,U.S. Geological Survey
960,"Lost River Diversion Channel near Klamath River, OR",42.1708387,-121.788347,Lost River Diversion Channel,Lost,U.S. Geological Survey
2113,"Lost Rvr at Anderson Rose Dvrsn Dam at Malone, OR",42.01040278,-121.5614222,Lost River,Lost,U.S. Geological Survey
2139,Lower Link River Submersibles,42.219272,-121.790104,Link River,Keno,U.S. Geological Survey
1541,Mid-North,42.439312,-122.010403,Upper Klamath Lake,Upper Klamath Lake,U.S. Geological Survey
981,Mid-North Lower - MDNL,42.4391649,-122.0122388,Upper Klamath Lake,Upper Klamath Lake,U.S. Geological Survey
891,Mid-North Upper - MDNU,42.4391649,-122.0122388,Upper Klamath Lake,Upper Klamath Lake,U.S. Geological Survey
968,Mid-Trench Lower - MDTL,42.3846892,-121.9286238,Upper Klamath Lake,Upper Klamath Lake,U.S. Geological Survey
829,Mid-Trench Upper - MDTU,42.3846892,-121.9286238,Upper Klamath Lake,Upper Klamath Lake,U.S. Geological Survey
2114,"Miller Creek Near Beaver Marsh, OR",43.1833333,-121.8735556,Miller Creek,Williamson,U.S. Geological Survey
1811,Mouth Downstream Downstream,41.5129,-123.97345,Klamath River,Lower Klamath,U.S. Geological Survey
1812,Mouth Downstream Upstream,41.5129,-123.97328,Klamath River,Lower Klamath,U.S. Geological Survey
1813,Mouth Upstream Downstream,41.51319,-123.97097,Klamath River,Lower Klamath,U.S. Geological Survey
1814,Mouth Upstream Upstream,41.5132,-123.97074,Klamath River,Lower Klamath,U.S. Geological Survey
825,North Canal at Highway 97 near Midland,42.122368,-121.830003,North Canal,Keno,U.S. Geological Survey
844,North Fork Trinity River at Helena,40.781799,-123.127998,North Fork Trinity River,Trinity,U.S. Geological Survey
2140,ODOT Pond,42.26169,-121.812797,ODOT Pond,Upper Klamath Lake,U.S. Geological Survey
1551,Ouxy Springs Remote Site,42.39888,-121.823592,Ouxy Springs,Upper Klamath Lake,U.S. Geological Survey
1542,Pelican Bay,42.455333,-122.073183,Upper Klamath Lake,Upper Klamath Lake,U.S. Geological Survey
2141,Pelican Bay Submersibles,42.4703388888888,-122.0848,Upper Klamath Lake,Upper Klamath Lake,U.S. Geological Survey
1277,"RANGELINE DRAIN AT S-16 DRAIN, NEAR DORRIS, CA",42.002422,-121.815847,Rangeline Drain,Lost,U.S. Geological Survey
1543,Rattlesnake Point,42.34435,-121.85975,Upper Klamath Lake,Upper Klamath Lake,U.S. Geological Survey
914,Rattlesnake Point - RPT,42.3447521,-121.8597316,Upper Klamath Lake,Upper Klamath Lake,U.S. Geological Survey
934,Rush Creek near Lewiston,40.724498,-122.834999,Rush Creek,Trinity,U.S. Geological Survey
1276,"S-16 DRAIN AT KLAMATH STRAITS DRAIN, NR DORRIS, CA",42.0018943,-121.778347,S-16 Drain,Lost,U.S. Geological Survey
1738,Salmon R at Somes Bar,41.378,-123.476,Salmon River,Salmon,U.S. Geological Survey
876,Salmon River at Somes Bar,41.376499,-123.476997,Salmon River,Salmon,U.S. Geological Survey
1739,Salmon River at Somes Bar,41.37651,-123.47701,Salmon River,Salmon,U.S. Geological Survey
2115,"Sand Creek Blw Sand Creek Canal NR Chinchalo, OR",42.8704083,-121.8484722,Sand Creek,Williamson,U.S. Geological Survey
2116,"Scott Creek Blw Sand Creek Canal NR Chinchalo, OR",42.88709167,-121.8727556,Scott Creek,Williamson,U.S. Geological Survey
874,Scott River near Fort Jones,41.640598,-123.014999,Scott River,Scott,U.S. Geological Survey
1815,Seiad Downstream,41.83130717,-123.195524,Klamath River,Middle Klamath,U.S. Geological Survey
1816,Seiad Upstream,41.83094867,-123.1952815,Klamath River,Middle Klamath,U.S. Geological Survey
2117,"Sevenmile Cnl at Dike RD Br, NR Klamath Agency, OR",42.58166667,-121.9713889,Sevenmile Canal,Wood,U.S. Geological Survey
974,Shasta River near Montague,41.708999,-122.538002,Shasta River,Shasta,U.S. Geological Survey
1740,Shasta River near Montague,41.70903,-122.53808,Shasta River,Shasta,U.S. Geological Survey
930,Shasta River near Yreka,41.822898,-122.595001,Shasta River,Shasta,U.S. Geological Survey
1741,Shasta River near Yreka,41.82292,-122.59558,Shasta River,Shasta,U.S. Geological Survey
1272,Shoalwater Bay - SHB,42.4071106,-121.964181,Upper Klamath Lake,Upper Klamath Lake,U.S. Geological Survey
1552,Silver Springs Remote Site,42.392544,-121.819639,Silver Springs,Upper Klamath Lake,U.S. Geological Survey
959,South Fork Trinity River below Hyampom,40.649799,-123.494003,South Fork Trinity River,Trinity,U.S. Geological Survey
1548,Sprague River Dam Array,42.563125,-121.862912,Sprague River,Sprague,U.S. Geological Survey
909,SPRAGUE RIVER NEAR CHILOQUIN,42.584581,-121.849737,Sprague River,Sprague,U.S. Geological Survey
1553,Sucker Springs Remote Site,42.391704,-121.819131,Sucker Springs,Upper Klamath Lake,U.S. Geological Survey
1817,Tree of Heaven Downstream,41.83135,-122.62995,Klamath River,Middle Klamath,U.S. Geological Survey
1818,Tree of Heaven Upstream,41.83105,-122.6299,Klamath River,Middle Klamath,U.S. Geological Survey
893,Trinity River above Coffee Creek near Trinity Center,41.111198,-122.705001,Trinity River,Trinity,U.S. Geological Survey
898,Trinity River above North Fork Trinity River near Helena,40.766498,-123.113998,Trinity River,Trinity,U.S. Geological Survey
838,Trinity River at Douglas City,40.646999,-122.956001,Trinity River,Trinity,U.S. Geological Survey
980,Trinity River at Hoopa,41.0498,-123.672996,Trinity River,Trinity,U.S. Geological Survey
947,Trinity River at Junction City,40.728401,-123.061996,Trinity River,Trinity,U.S. Geological Survey
871,Trinity River at Lewiston,40.719299,-122.803001,Trinity River,Trinity,U.S. Geological Survey
946,Trinity River below Limekiln Gulch near Douglas City,40.672599,-122.919998,Trinity River,Trinity,U.S. Geological Survey
953,Trinity River near Burnt Ranch,40.7887,-123.440002,Trinity River,Trinity,U.S. Geological Survey
841,UPPER KLAMATH LAKE AT RATTLESNAKE POINT,42.348475,-121.827508,Upper Klamath Lake,Upper Klamath Lake,U.S. Geological Survey
969,UPPER KLAMATH LAKE AT ROCKY POINT,42.477635,-122.087797,Upper Klamath Lake,Upper Klamath Lake,U.S. Geological Survey
1273,"Upper Klamath Lake near Buck Island, OR",42.30822222,-121.8572222,Upper Klamath Lake,Upper Klamath Lake,U.S. Geological Survey
907,UPPER KLAMATH LAKE NEAR KLAMATH FALLS,42.249866,-121.816395,Upper Klamath Lake,Upper Klamath Lake,U.S. Geological Survey
913,Upper Klamath Lake near Klamath Falls,42.249866,-121.816395,Upper Klamath Lake,Upper Klamath Lake,U.S. Geological Survey
2142,Upper Klamath Lake- Telemetry,42.40771,-121.899862,Upper Klamath Lake,Upper Klamath Lake,U.S. Geological Survey
1819,Weitchpec Downstream,41.186161,-123.702024,Klamath River,Lower Klamath,U.S. Geological Survey
1820,Weitchpec Upstream,41.186166,-123.70197,Klamath River,Lower Klamath,U.S. Geological Survey
912,WILLIAMSON RIVER BLW SPRAGUE RIVER NR CHILOQUIN,42.564859,-121.879459,Williamson River,Williamson,U.S. Geological Survey
1544,Williamson River Mouth,42.463783,-121.96155,Williamson River,Williamson,U.S. Geological Survey
919,WILLIAMSON RIVER NEAR KLAMATH AGENCY,42.740135,-121.834462,Williamson River,Williamson,U.S. Geological Survey
894,Williamson River Outlet - WMR,42.45538889,-121.9536111,Upper Klamath Lake,Upper Klamath Lake,U.S. Geological Survey
1554,Williamson Weir Array,42.522997,-121.903523,Williamson Weir,Williamson,U.S. Geological Survey
2143,Wood River Array,42.598565,-121.945553,Wood River,Wood,U.S. Geological Survey
938,Wood River near Klamath Agency,42.581561,-121.941717,Wood River,Wood,U.S. Geological Survey
1219,DRAIN 102 A PUMP 9,41.873268,-121.543596,Tule Lake,Lost,U.S.BoR & USF&W
1222,Lost River Near Hatfield,41.953656,-121.504952,Lost River,Lost,U.S.BoR & USF&W
1220,PUMP 10,41.871544,-121.495597,Tule Lake,Lost,U.S.BoR & USF&W
1221,Pump11,41.900532,-121.495461,Tule Lake,Lost,U.S.BoR & USF&W
1218,Tule Lake Donut Hole,41.890166,-121.530223,Tule Lake,Lost,U.S.BoR & USF&W
2221,6 Mile,41.291355,-123.243994,North Fork Salmon River,Salmon,UC Berkeley/Karuk Tribe/Salmon River Restoration Council
2222,Above Hippo Rock,41.377281,-123.48041,Salmon River,Salmon,UC Berkeley/Karuk Tribe/Salmon River Restoration Council
2223,Across River from Methodist Creek,41.2223,-123.24972,South Fork Salmon River,Salmon,UC Berkeley/Karuk Tribe/Salmon River Restoration Council
2224,Below Forks School,41.2590046,-123.329947,Salmon River,Salmon,UC Berkeley/Karuk Tribe/Salmon River Restoration Council
2225,Below Matthews Creek,41.1890428,-123.217767,South Fork Salmon River,Salmon,UC Berkeley/Karuk Tribe/Salmon River Restoration Council
2226,Camp Creek,41.314177,-123.563064,Camp Creek,Lower Klamath,UC Berkeley/Karuk Tribe/Salmon River Restoration Council
2227,Cecilville,41.141857,-123.161189,South Fork Salmon River,Salmon,UC Berkeley/Karuk Tribe/Salmon River Restoration Council
2228,Cecilville Community Center,41.1408323,-123.125455,South Fork Salmon River,Salmon,UC Berkeley/Karuk Tribe/Salmon River Restoration Council
2229,Cody Bar,41.172463,-123.220059,South Fork Salmon River,Salmon,UC Berkeley/Karuk Tribe/Salmon River Restoration Council
2230,Dump Site,41.2647366,-123.3079728,North Fork Salmon River,Salmon,UC Berkeley/Karuk Tribe/Salmon River Restoration Council
2231,Eddy Gulch Bridge,41.297702,-123.125809,North Fork Salmon River,Salmon,UC Berkeley/Karuk Tribe/Salmon River Restoration Council
2232,Forks School Hole,41.25756,-123.32963,Salmon River,Salmon,UC Berkeley/Karuk Tribe/Salmon River Restoration Council
2233,Gage Site,41.37652,-123.47689,Salmon River,Salmon,UC Berkeley/Karuk Tribe/Salmon River Restoration Council
2234,Gallia,41.313149,-123.190068,North Fork Salmon River,Salmon,UC Berkeley/Karuk Tribe/Salmon River Restoration Council
2235,Henry Bell,41.2414144,-123.283033,South Fork Salmon River,Salmon,UC Berkeley/Karuk Tribe/Salmon River Restoration Council
2236,Hotelling Campground,41.2401489,-123.275128,South Fork Salmon River,Salmon,UC Berkeley/Karuk Tribe/Salmon River Restoration Council
2237,Idlewild Campground #1,41.32889,-123.05975,North Fork Salmon River,Salmon,UC Berkeley/Karuk Tribe/Salmon River Restoration Council
2238,Idlewild Campground #2,41.329511,-123.059182,North Fork Salmon River,Salmon,UC Berkeley/Karuk Tribe/Salmon River Restoration Council
2239,Independence Creek,41.65825,-123.45128,Independence Creek,Middle Klamath,UC Berkeley/Karuk Tribe/Salmon River Restoration Council
2240,Kathy's Hole,41.2445304,-123.284729,South Fork Salmon River,Salmon,UC Berkeley/Karuk Tribe/Salmon River Restoration Council
2241,Kelly Alcove,41.316069,-123.168884,North Fork Salmon River,Salmon,UC Berkeley/Karuk Tribe/Salmon River Restoration Council
2242,Little North Fork Refugia,41.31954,-123.1778,North Fork Salmon River,Salmon,UC Berkeley/Karuk Tribe/Salmon River Restoration Council
2243,Lower Wooley Creek,41.37829,-123.42303,Wooley Creek,Salmon,UC Berkeley/Karuk Tribe/Salmon River Restoration Council
2244,Nordheimer Creek Above Bridge,41.29683,-123.3638,Nordheimer Creek,Salmon,UC Berkeley/Karuk Tribe/Salmon River Restoration Council
2245,Nordheimer Refugia,41.2973,-123.35928,Salmon River,Salmon,UC Berkeley/Karuk Tribe/Salmon River Restoration Council
2246,Post Office,41.25693,-123.323123,Salmon River,Salmon,UC Berkeley/Karuk Tribe/Salmon River Restoration Council
2247,Red Bank,41.295774,-123.228486,North Fork Salmon River,Salmon,UC Berkeley/Karuk Tribe/Salmon River Restoration Council
2248,Richard's Bridge,41.2391727,-123.278313,South Fork Salmon River,Salmon,UC Berkeley/Karuk Tribe/Salmon River Restoration Council
2249,Sandy Bar Creek,41.48623,-123.51711,Sandy Bar Creek,Middle Klamath,UC Berkeley/Karuk Tribe/Salmon River Restoration Council
2250,SRRC Hole,41.2998806,-123.138461,North Fork Salmon River,Salmon,UC Berkeley/Karuk Tribe/Salmon River Restoration Council
2251,West Fork Beaver Creek,41.9376,-122.82203,West Fork Beaver Creek,Middle Klamath,UC Berkeley/Karuk Tribe/Salmon River Restoration Council
2252,White's Bridge,41.2986424,-123.081346,North Fork Salmon River,Salmon,UC Berkeley/Karuk Tribe/Salmon River Restoration Council
2253,Windy Bridge,41.233126,-123.260474,South Fork Salmon River,Salmon,UC Berkeley/Karuk Tribe/Salmon River Restoration Council
1214,Hart-Haight Diversion,41.722968,-122.369088,Little Shasta River,Shasta,UCD Watershed Science/CalTrout
1217,Little Shasta Near Confluence,41.703911,-122.509808,Little Shasta River,Shasta,UCD Watershed Science/CalTrout
1212,Little Shasta River near Montague,41.733093,-122.350357,Little Shasta River,Shasta,UCD Watershed Science/CalTrout
1213,Lower Little Shasta Rd,41.708849,-122.387255,Little Shasta River,Shasta,UCD Watershed Science/CalTrout
1215,Musgrave Diversion,41.725282,-122.366299,Little Shasta River,Shasta,UCD Watershed Science/CalTrout
1216,Soda Springs Boundary,41.733272,-122.348811,Little Shasta River,Shasta,UCD Watershed Science/CalTrout
1742,Lewiston (Water Quality),40.71931,-122.80363,Lewiston Reservoir,Trinity,US Geological Survey/US Bureau of Reclamation
1743,Rush Creek near Lewiston,40.725,-122.834,Rush Creek,Trinity,US Geological Survey/US Bureau of Reclamation
1744,Trinity River abv NF Trinity nr Helena,40.76653,-123.11448,Trinity River,Trinity,US Geological Survey/US Bureau of Reclamation
1745,Trinity River at Douglas City,40.64528,-122.95667,Trinity River,Trinity,US Geological Survey/US Bureau of Reclamation
1746,Trinity River below Limekiln Gulch,40.673,-122.919,Trinity River,Trinity,US Geological Survey/US Bureau of Reclamation
1747,Klamath River at Orleans,41.30346,-123.5345,Klamath River,Lower Klamath,USGS/DWR
1748,Klamath River near Klamath (Turwar Creek),41.51523,-123.99912,Klamath River,Lower Klamath,USGS/DWR-DFM-Hydro-SMN
1749,Trinity River at Hoopa,41.04985,-123.67367,Trinity River,Trinity,USGS/DWR-DFM-Hydro-SMN
1750,Scott River near Fort Jones,41.64069,-123.01504,Scott River,Scott,USGS/Quartz Valley Tribe
1751,"Klamath River at Keno, OR",42.133194,-121.962218,Klamath River,Upper Klamath,USGS/RES
1752,Klamath River below J.C. Boyle Powerplant,42.084582,-122.073332,Klamath River,Upper Klamath,USGS/RES
1756,Klamath River at Turwar,41.510949,-123.979502,Klamath River,Lower Klamath,Yuork Tribe/RES
1757,Klamath River Estuary,41.546877,-124.062284,Klamath River,Lower Klamath,Yuork Tribe/RES
931,"above mouth, third pool",41.403307,-123.923248,Bear Creek,Lower Klamath,Yurok Tribal Environmental Department
972,"Achelth,  mouth",41.35344013,-123.8756357,Achelth Creek,Lower Klamath,Yurok Tribal Environmental Department
944,"Achelth, above intake",41.362446,-123.867657,Achelth Creek,Lower Klamath,Yurok Tribal Environmental Department
858,across from Vet Cemetary,41.197772,-123.785113,Pine Creek,Lower Klamath,Yurok Tribal Environmental Department
1515,"AhPah, mouth",41.42097,-123.94164,Ah Pah Creek,Lower Klamath,Yurok Tribal Environmental Department
814,bear creek west upper 3,41.41444296,-123.8615115,Bear Creek,Lower Klamath,Yurok Tribal Environmental Department
1516,"Bear, at bridge",41.37619,-123.896167,Bear Creek,Lower Klamath,Yurok Tribal Environmental Department
849,below fork confluence-2,41.520505,-124.056226,Richardson Creek,Lower Klamath,Yurok Tribal Environmental Department
1517,"Bens, mouth",41.19515,-123.71829,Bens Creek,Lower Klamath,Yurok Tribal Environmental Department
873,Blue creek mouth,41.4243241,-123.927719,Blue Creek,Lower Klamath,Yurok Tribal Environmental Department
1518,"Burill, mouth",41.217502,-123.762299,Burill Creek,Lower Klamath,Yurok Tribal Environmental Department
1519,"Burill, South Fork at Reservation Boundary",41.221131,-123.752907,Burill Creek,Lower Klamath,Yurok Tribal Environmental Department
862,Cappell Confluence,41.30777179,-123.80342,Cappell Creek,Lower Klamath,Yurok Tribal Environmental Department
910,Cappell West Fork upper,41.31324627,-123.7981392,Cappell Creek,Lower Klamath,Yurok Tribal Environmental Department
922,cappell west -old intake- SPRING,41.29673839,-123.8318787,Cappell Creek,Lower Klamath,Yurok Tribal Environmental Department
1520,"Chiqui, mouth",41.26649,-123.78031,Chiqui Creek,Lower Klamath,Yurok Tribal Environmental Department
826,coon Creek mouth,41.26158532,-123.7796768,Coon Creek,Lower Klamath,Yurok Tribal Environmental Department
820,coon Creek north fork mouth,41.26565584,-123.7686507,Coon Creek,Lower Klamath,Yurok Tribal Environmental Department
920,coon mid reach below fork,41.26548416,-123.768847,Coon Creek,Lower Klamath,Yurok Tribal Environmental Department
1956,"Coon, mouth off Upeer Kepel Rd",41.26434,-123.77148,Coon Creek,Lower Klamath,Yurok Tribal Environmental Department
867,Devil mouth,41.27652403,-123.8041397,Devil Creek,Lower Klamath,Yurok Tribal Environmental Department
1521,Devil's at Reservation boundary,41.286716,-123.802423,Devil Creek,Lower Klamath,Yurok Tribal Environmental Department
966,divided lake feeds miners creek,41.25830343,-123.7150426,Miners Creek,Lower Klamath,Yurok Tribal Environmental Department
872,down st of wetland_YTFP site,41.51102467,-124.0273446,Waukell Creek,Lower Klamath,Yurok Tribal Environmental Department
817,East Fork Mareep,41.2878785,-123.770858,Mareep Creek,Lower Klamath,Yurok Tribal Environmental Department
868,East Fork Pecwan Creek,41.343056,-123.844167,East Fork Pecwan Creek,Lower Klamath,Yurok Tribal Environmental Department
852,"East fork2, previous site",41.345558,-123.821615,Pecwan Creek,Lower Klamath,Yurok Tribal Environmental Department
902,french camp spring,41.151542,-123.821533,Pine Creek,Lower Klamath,Yurok Tribal Environmental Department
864,Gilbert Myers' domestic source,41.230431,-123.777642,Pools Creek,Lower Klamath,Yurok Tribal Environmental Department
854,gist west upper 3,41.21846047,-123.7018215,Gist Creek,Lower Klamath,Yurok Tribal Environmental Department
929,"Gist, above intake",41.20270448,-123.7095255,Gist Creek,Lower Klamath,Yurok Tribal Environmental Department
1522,"Gist, mouth",41.19233,-123.71413,Gist Creek,Lower Klamath,Yurok Tribal Environmental Department
976,green spring,41.21248519,-123.7642069,Green Spring,Lower Klamath,Yurok Tribal Environmental Department
879,halagow 2,41.36731865,-123.8729563,Halagow Creek,Lower Klamath,Yurok Tribal Environmental Department
928,Halagow mouth,41.36017803,-123.8839534,Halagow Creek,Lower Klamath,Yurok Tribal Environmental Department
855,Harp's SPRING,41.27107,-123.7852,Mawah Creek,Lower Klamath,Yurok Tribal Environmental Department
1514,"Hunter, mouth from 101 bridge",41.55823,-124.05901,Hunter Creek,Lower Klamath,Yurok Tribal Environmental Department
853,john van.spring 70ft up,41.55127414,-124.0717325,John Van Spring,Lower Klamath,Yurok Tribal Environmental Department
836,Johnson Creek mouth,41.34511003,-123.8687849,Johnson Creek,Lower Klamath,Yurok Tribal Environmental Department
856,johnson creek upper 2,41.30997712,-123.9160759,Johnson Creek,Lower Klamath,Yurok Tribal Environmental Department
1590,Johnsons Creek,41.34388889,-123.867778,Johnson Creek,Lower Klamath,Yurok Tribal Environmental Department
1523,"Kenek, mouth above intake",41.23536,-123.77644,Kenek Creek,Lower Klamath,Yurok Tribal Environmental Department
830,Kepel above intake,41.29812552,-123.8285102,Kepel Creek,Lower Klamath,Yurok Tribal Environmental Department
1524,"Kepel, mouth",41.28403,-123.8229,Kepel Creek,Lower Klamath,Yurok Tribal Environmental Department
889,klamath river,41.33652274,-123.8555131,Klamath River,Lower Klamath,Yurok Tribal Environmental Department
973,Klamath River above Tully Creek / Below Trinity River,41.226617,-123.772406,Klamath River,Lower Klamath,Yurok Tribal Environmental Department
906,Klamath River Above wastewater treatment plant,41.525833,-124.041111,Klamath River,Lower Klamath,Yurok Tribal Environmental Department
1758,Klamath River at Salt Creek,41.5470194444444,-124.062336111111,Klamath River,Lower Klamath,Yurok Tribal Environmental Department
945,Klamath River Below wastewater treatment plant,41.539722,-124.049444,Klamath River,Lower Klamath,Yurok Tribal Environmental Department
835,Klamath River Estuary,41.546111,-124.0725,Klamath River,Lower Klamath,Yurok Tribal Environmental Department
1513,Klamath River Estuary - South Slough,41.535,-124.065278,Klamath River,Lower Klamath,Yurok Tribal Environmental Department
828,Klamth River above Blue Creek,41.424444,-123.928056,Klamath River,Lower Klamath,Yurok Tribal Environmental Department
942,Klamth River above Trintiy River -Grabs,41.18575,-123.708525,Klamath River,Lower Klamath,Yurok Tribal Environmental Department
956,Klamth River above Trintiy River -Sonde,41.186194,-123.702289,Klamath River,Lower Klamath,Yurok Tribal Environmental Department
885,Klamth River above Turwar,41.509492,-123.981292,Klamath River,Lower Klamath,Yurok Tribal Environmental Department
883,Klamth River at Turwar Gage,41.515789,-124.000919,Klamath River,Lower Klamath,Yurok Tribal Environmental Department
1525,"Kotep, mouth by house",41.348465,-123.8637,Kotep Creek,Lower Klamath,Yurok Tribal Environmental Department
918,Lower Blue 1,41.448611,-123.901111,Blue Creek,Lower Klamath,Yurok Tribal Environmental Department
834,Lower Blue 2,41.448572,-123.902026,Blue Creek,Lower Klamath,Yurok Tribal Environmental Department
939,Lower Estuary Surface,41.545308,-124.072956,Klamath River,Lower Klamath,Yurok Tribal Environmental Department
957,Lower Turwar  1,41.531111,-123.984167,Turwar Creek,Lower Klamath,Yurok Tribal Environmental Department
926,Lower Turwar 0,41.519722,-123.995,Turwar Creek,Lower Klamath,Yurok Tribal Environmental Department
948,Mainstem Pecwan Creek,41.343056,-123.845556,Pecwan Creek,Lower Klamath,Yurok Tribal Environmental Department
860,mareep creek confidence,41.27868701,-123.7872602,Mareep Creek,Lower Klamath,Yurok Tribal Environmental Department
1526,"Mawah, mouth",41.26911,-123.78663,Mawah Creek,Lower Klamath,Yurok Tribal Environmental Department
979,MCG_W2,41.4700304,-124.0390639,McGarvey Creek,Lower Klamath,Yurok Tribal Environmental Department
845,McGarvey Creek,41.486111,-124.00944,McGarvey Creek,Lower Klamath,Yurok Tribal Environmental Department
933,McGarvey Creek,41.486111,-124.00944,McGarvey Creek,Lower Klamath,Yurok Tribal Environmental Department
937,"McGarvey, East fork uper",41.468994,-124.01076,McGarvey Creek,Lower Klamath,Yurok Tribal Environmental Department
961,"McGarvey, east fork, YTFP site",41.48565,-124.010863,McGarvey Creek,Lower Klamath,Yurok Tribal Environmental Department
843,"McGarvey, mouth",41.49886649,-124.0009383,McGarvey Creek,Lower Klamath,Yurok Tribal Environmental Department
967,"McGarvey, west fork, YTFP site",41.485723,-124.011217,McGarvey Creek,Lower Klamath,Yurok Tribal Environmental Department
847,mcneal spring,41.35215691,-123.8633312,McNeal Spring,Lower Klamath,Yurok Tribal Environmental Department
975,mereep west Fork,41.28415527,-123.786705,Mareep Creek,Lower Klamath,Yurok Tribal Environmental Department
824,Mettah Creek,41.308611,-123.8725,Mettah Creek,Lower Klamath,Yurok Tribal Environmental Department
1527,Millers source water at PM 16.65,41.316036,-123.84844,Unnamed creek,Lower Klamath,Yurok Tribal Environmental Department
857,Miners' mouth at pool above 169,41.247896,-123.772398,Miners Creek,Lower Klamath,Yurok Tribal Environmental Department
827,Miners Upper(2),41.25340223,-123.7406511,Miners Creek,Lower Klamath,Yurok Tribal Environmental Department
915,moody springs,41.23199769,-123.7702107,Moody Springs,Lower Klamath,Yurok Tribal Environmental Department
892,mouth at LA site,41.283256,-123.823113,Cappell Creek,Lower Klamath,Yurok Tribal Environmental Department
896,mouth at RV park,41.549262,-124.059958,Salt Creek,Lower Klamath,Yurok Tribal Environmental Department
1529,"Mynot, at Reservation Boundary",41.556711,-124.044019,Mynot Creek,Lower Klamath,Yurok Tribal Environmental Department
1528,"Mynot, mouth up Mynot Rd",41.55481,-124.05273,Mynot Creek,Lower Klamath,Yurok Tribal Environmental Department
977,new rock chutt upper vanfleet,41.22241165,-123.7412246,Rock Chute Creek,Lower Klamath,Yurok Tribal Environmental Department
958,nights spring box,41.19285677,-123.6748013,Nights Spring,Lower Klamath,Yurok Tribal Environmental Department
884,north fork gist creek 3 leg,41.21848277,-123.7043903,Gist Creek,Lower Klamath,Yurok Tribal Environmental Department
1591,North Fork Tectah Creek,41.26333333,-123.9633611,North Forth Tectah Creek,Lower Klamath,Yurok Tribal Environmental Department
941,not shur upper pine creek,41.10186734,-123.7912907,Pine Creek,Lower Klamath,Yurok Tribal Environmental Department
890,Owl mouth,41.22042526,-123.774275,Owl Creek,Lower Klamath,Yurok Tribal Environmental Department
1530,"Owl, above intake",41.36245,-123.867657,Owl Creek,Lower Klamath,Yurok Tribal Environmental Department
846,Pec mouth-existing LA probe site,41.34328764,-123.8522201,Pecwan Creek,Lower Klamath,Yurok Tribal Environmental Department
866,pec.est lower,41.34315799,-123.8456494,Pecwan Creek,Lower Klamath,Yurok Tribal Environmental Department
821,pec.west lower fork,41.34295184,-123.8454064,Pecwan Creek,Lower Klamath,Yurok Tribal Environmental Department
904,Pec_West fork2,41.3585,-123.83549,Pecwan Creek,Lower Klamath,Yurok Tribal Environmental Department
886,Pine Creek mouth,41.19921346,-123.7521322,Pine Creek,Lower Klamath,Yurok Tribal Environmental Department
943,pond 3 right beside Split Lake,41.22420472,-123.726248,Bens Creek,Lower Klamath,Yurok Tribal Environmental Department
965,"Richardson, mouth",41.524309,-124.046214,Richardson Creek,Lower Klamath,Yurok Tribal Environmental Department
927,Roach Creek,41.275278,-123.850556,Roach Creek,Lower Klamath,Yurok Tribal Environmental Department
908,Roach Creek mouth,41.27531893,-123.8519165,Roach Creek,Lower Klamath,Yurok Tribal Environmental Department
951,Rock Chute mouth,41.21476999,-123.7566665,Rock Chute Creek,Lower Klamath,Yurok Tribal Environmental Department
1531,"Rock Chute, north branch at Boundary",41.2191,-123.74539,Rock Chute Creek,Lower Klamath,Yurok Tribal Environmental Department
1532,"Rock Chute, south branch at boundary",41.222317,-123.741214,Rock Chute Creek,Lower Klamath,Yurok Tribal Environmental Department
1533,"Rube Ranch, mouth",41.22837,-123.77145,Rube Ranch Creek,Lower Klamath,Yurok Tribal Environmental Department
1534,"Rube, mouth",41.24026,-123.7682,Rube Creek,Lower Klamath,Yurok Tribal Environmental Department
911,Saints Rest mouth,41.18856329,-123.683317,Saints Rest Creek,Lower Klamath,Yurok Tribal Environmental Department
887,"Salt, mouth at bridge, above tidal influence",41.555112,-124.063564,Salt Creek,Lower Klamath,Yurok Tribal Environmental Department
923,salt3,41.567237,-124.072239,Salt Creek,Lower Klamath,Yurok Tribal Environmental Department
1535,"School House Creek, mouth",41.21208,-123.75804,School House Creek,Lower Klamath,Yurok Tribal Environmental Department
839,SF lower,41.37626846,-123.8964694,Bear Creek,Lower Klamath,Yurok Tribal Environmental Department
848,"Sippin, mouth",41.20725361,-123.7584137,Sippen Creek,Lower Klamath,Yurok Tribal Environmental Department
863,south fk- south branch-upper,41.37554262,-123.8922632,Bear Creek,Lower Klamath,Yurok Tribal Environmental Department
921,south fork coon,41.2670236,-123.7604323,Coon Creek,Lower Klamath,Yurok Tribal Environmental Department
1593,South Fork Tectah Creek,41.26305556,-123.963333,South Forth Tectah Creek,Lower Klamath,Yurok Tribal Environmental Department
917,split lake-feed for Rock Chute,41.22399362,-123.7259209,Bens Creek,Lower Klamath,Yurok Tribal Environmental Department
1536,"Spruce, mouth off McMillan Rd",41.54411,-124.04824,Spruce Creek,Lower Klamath,Yurok Tribal Environmental Department
955,tec-2,41.30163876,-123.9416334,Tectah Creek,Lower Klamath,Yurok Tribal Environmental Department
1592,Tectah Creek,41.30111111,-123.940833,Tectah Creek,Lower Klamath,Yurok Tribal Environmental Department
818,Tectah mouth,41.365248,-123.901299,Tectah Creek,Lower Klamath,Yurok Tribal Environmental Department
881,Trinity River above Klamath River - Grabs,41.179581,-123.706067,Trinity River,Trinity,Yurok Tribal Environmental Department
924,Trinity River above Klamath River -SONDE,41.179581,-123.706067,Trinity River,Trinity,Yurok Tribal Environmental Department
840,Tully Creek,41.228611,-123.775278,Tully Creek,Lower Klamath,Yurok Tribal Environmental Department
812,Tully Creek mouth,41.22889441,-123.7749196,Tully Creek,Lower Klamath,Yurok Tribal Environmental Department
905,TURWAR 3,41.57518234,-123.9665778,Turwar Creek,Lower Klamath,Yurok Tribal Environmental Department
822,turwar east Fork 4,41.57774844,-123.9616035,Turwar Creek,Lower Klamath,Yurok Tribal Environmental Department
833,turwar mouth_GAGE,41.52169317,-123.9964224,Turwar Creek,Lower Klamath,Yurok Tribal Environmental Department
962,turwar west Fork 5,41.57814823,-123.9613564,Turwar Creek,Lower Klamath,Yurok Tribal Environmental Department
1537,"Turwar, mouth above bridge",41.5219,-123.99622,Turwar Creek,Lower Klamath,Yurok Tribal Environmental Department
964,upper 1-4 m above gate,41.570249,-124.07436,Salt Creek,Lower Klamath,Yurok Tribal Environmental Department
865,Upper Bens creek,41.20799681,-123.7136339,Bens Creek,Lower Klamath,Yurok Tribal Environmental Department
878,Upper Devil Creek,41.28970508,-123.8069721,Devil Creek,Lower Klamath,Yurok Tribal Environmental Department
925,Upper East Fork Cappell creek,41.30387403,-123.7857983,Cappell Creek,Lower Klamath,Yurok Tribal Environmental Department
880,upper East Fork pecwan,41.37266739,-123.7795441,Pecwan Creek,Lower Klamath,Yurok Tribal Environmental Department
971,upper est mereep,41.28080125,-123.7801118,Mareep Creek,Lower Klamath,Yurok Tribal Environmental Department
832,upper owl creek,41.21380558,-123.7790187,Owl Creek,Lower Klamath,Yurok Tribal Environmental Department
882,upper rock chutt creek,41.21577996,-123.7378927,Rock Chute Creek,Lower Klamath,Yurok Tribal Environmental Department
903,upper sants spring,41.19273076,-123.6836798,Saints Rest Creek,Lower Klamath,Yurok Tribal Environmental Department
877,Upper South Fork Coon Creek,41.27382826,-123.7552486,Coon Creek,Lower Klamath,Yurok Tribal Environmental Department
816,Upper Turwar,41.546389,-123.968333,Turwar Creek,Lower Klamath,Yurok Tribal Environmental Department
950,Upper Turwar,41.546389,-123.968333,Turwar Creek,Lower Klamath,Yurok Tribal Environmental Department
823,upper west Fork pecwan,41.39787649,-123.8323351,Pecwan Creek,Lower Klamath,Yurok Tribal Environmental Department
861,upper3,41.512825,-124.072968,Richardson Creek,Lower Klamath,Yurok Tribal Environmental Department
932,"Waukel mouth, above culvert",41.51102467,-124.0273446,Waukell Creek,Lower Klamath,Yurok Tribal Environmental Department
837,wc2,41.5006456,-124.0338857,Waukell Creek,Lower Klamath,Yurok Tribal Environmental Department
963,Wire Grass Prairie SPRING,41.19764423,-123.8055234,Pine Creek,Lower Klamath,Yurok Tribal Environmental Department
978,youngs new lake,41.22023059,-123.7157699,Bens Creek,Lower Klamath,Yurok Tribal Environmental Department
1013,Blue Creek Rotary Screw Trap,41.44422,-123.907029,Blue Creek,Lower Klamath,Yurok Tribal Fisheries Program
986,Hoppaw Creek U/S & D/S Fyke Traps,41.524673,-124.037649,Hoppaw Creek,Lower Klamath,Yurok Tribal Fisheries Program
1875,Klamath R across river from Dolans bar river access,41.3181972222222,-123.528275,Klamath River,Middle Klamath,Yurok Tribal Fisheries Program
1876,Klamath R d/s Coon Creek falls,41.2629055555556,-123.781811111111,Klamath River,Lower Klamath,Yurok Tribal Fisheries Program
1877,Klamath R d/s Rocky Point boat laucnh (u/s Seiad Valley),41.816475,-123.127969444444,Klamath River,Middle Klamath,Yurok Tribal Fisheries Program
1878,Klamath R nr Baseball field in town of Klamath River,41.8374222222222,-122.839705555556,Klamath River,Middle Klamath,Yurok Tribal Fisheries Program
1879,"Klamath R off dock at Jet Boat Tours in Klamath, CA",41.53855,-124.04981,Klamath River,Lower Klamath,Yurok Tribal Fisheries Program
1880,Klamath R off ISCO station across river from Tully Creek,41.2282527777778,-123.772525,Klamath River,Lower Klamath,Yurok Tribal Fisheries Program
1881,Klamath R u/s mouth of Blue Creek,41.4236138888889,-123.929188888889,Klamath River,Lower Klamath,Yurok Tribal Fisheries Program
1882,Klamath R under Independence Bridge,41.65935,-123.449197222222,Klamath River,Middle Klamath,Yurok Tribal Fisheries Program
1883,Klamath R Weitchpec u/s Yurok Tribal Office,41.1866166666667,-123.694752777778,Klamath River,Lower Klamath,Yurok Tribal Fisheries Program
995,Klamath River at Blue Creek,41.424347,-123.929231,Klamath River,Lower Klamath,Yurok Tribal Fisheries Program
1000,Klamath River at Coon Creek,41.262778,-123.781711,Klamath River,Lower Klamath,Yurok Tribal Fisheries Program
992,Klamath River at Independence Bridge,41.659653,-123.448661,Klamath River,Middle Klamath,Yurok Tribal Fisheries Program
982,Klamath River at Iron Gate Dam,41.931175,-122.441256,Klamath River,Middle Klamath,Yurok Tribal Fisheries Program
999,Klamath River at Jet Boat Tours,41.538761,-124.049708,Klamath River,Lower Klamath,Yurok Tribal Fisheries Program
987,Klamath River at Klamath River,41.837317,-122.839403,Klamath River,Middle Klamath,Yurok Tribal Fisheries Program
985,Klamath River at Rocky Point,41.816242,-123.127575,Klamath River,Middle Klamath,Yurok Tribal Fisheries Program
1003,Klamath River at Stuarts Bar,41.445425,-123.497942,Klamath River,Lower Klamath,Yurok Tribal Fisheries Program
1014,Klamath River at Tectah Creek,41.365487,-123.900001,Klamath River,Lower Klamath,Yurok Tribal Fisheries Program
1006,Klamath River at Weitchpec,41.186719,-123.69505,Klamath River,Lower Klamath,Yurok Tribal Fisheries Program
1001,Klamath Rivet at Dolans,41.317828,-123.528117,Klamath River,Lower Klamath,Yurok Tribal Fisheries Program
1026,McGarvey Creek BDA SPI Station,41.49420539,-124.0046035,McGarvey Creek,Lower Klamath,Yurok Tribal Fisheries Program
1015,McGarvey Creek D/S Pipe Trap,41.499361,-123.999,McGarvey Creek,Lower Klamath,Yurok Tribal Fisheries Program
1011,McGarvey Creek Lower SPI Station,41.50038,-123.99769,McGarvey Creek,Lower Klamath,Yurok Tribal Fisheries Program
1016,McGarvey Creek U/S Marking Fyke Trap,41.49436969,-124.0043545,McGarvey Creek,Lower Klamath,Yurok Tribal Fisheries Program
1009,McGarvey Creek U/S Recapture Fyke Trap,41.498972,-124.000889,McGarvey Creek,Lower Klamath,Yurok Tribal Fisheries Program
993,McGarvey Creek Upper Main SPI Station,41.48605,-124.01102,McGarvey Creek,Lower Klamath,Yurok Tribal Fisheries Program
1008,McGarvey Creek West Fork SPI Station,41.48604,-124.01148,McGarvey Creek,Lower Klamath,Yurok Tribal Fisheries Program
988,Panther Creek SPI Station,41.553611,-124.057028,Panther Creek,Lower Klamath,Yurok Tribal Fisheries Program
984,Panther Creek U/S & D/S Fyke Traps,41.553611,-124.057028,Panther Creek,Lower Klamath,Yurok Tribal Fisheries Program
996,Salt Creek SPI Station,41.554064,-124.061396,Salt Creek,Lower Klamath,Yurok Tribal Fisheries Program
990,Salt Creek U/S & D/S Fyke Traps,41.55425,-124.061583,Salt Creek,Lower Klamath,Yurok Tribal Fisheries Program
1004,Scott River at Roxbury Bridge,41.55425,-124.061583,Scott River,Scott,Yurok Tribal Fisheries Program
1010,Shasta River First Pool,41.55425,-124.061583,Shasta River,Shasta,Yurok Tribal Fisheries Program
983,South Fork Trinity River near mouth,41.513,-124.035528,South Fork Trinity River,Trinity,Yurok Tribal Fisheries Program
1005,Terwer Creek SPI Station Arrow Mills Pond,41.765122,-123.021519,Turwar Creek,Lower Klamath,Yurok Tribal Fisheries Program
994,Terwer Creek SPI Station Farley Pond,41.830525,-122.593517,Turwar Creek,Lower Klamath,Yurok Tribal Fisheries Program
1884,Trinity R u/s Pearson's store,41.1788305555556,-123.706161111111,Trinity River,Trinity,Yurok Tribal Fisheries Program
1007,Trinity River at Weitchpec,41.525925,-123.986135,Trinity River,Trinity,Yurok Tribal Fisheries Program
1002,Trinity River near Weitchpec,41.51292,-124.03465,Trinity River,Trinity,Yurok Tribal Fisheries Program
998,Waukell Creek Lower U/S & D/S Fyke Trap,41.513278,-124.036028,Waukell Creek,Lower Klamath,Yurok Tribal Fisheries Program
1012,Waukell Creek SPI Station,41.513,-124.035528,Waukell Creek,Lower Klamath,Yurok Tribal Fisheries Program
991,Waukell Creek Upper U/S & D/S Fyke Trap,41.51292,-124.03465,Waukell Creek,Lower Klamath,Yurok Tribal Fisheries Program
1759,KLAMATH R. NR KLAMATH-WATER QUALITY,41.511,-123.9781,Klamath River,Lower Klamath,Yurok Tribe
1760,Weitchpec WQ,41.1862,-123.701,Klamath River,Lower Klamath,Yurok Tribe
