{"type":"FeatureCollection","features":[{"type":"Feature","geometry":{"type":"Polygon","coordinates":[[[-119.65863617320618,33.89519885814106],[-119.62729439257576,33.91976391511758],[-119.63637671670666,33.95407476607978],[-119.67681821070559,33.96381184108684],[-119.70815310613412,33.93923978637377],[-119.69905340703112,33.90493765816262],[-119.65863617320618,33.89519885814106]]]},"properties":{"h3_index":"86291200fffffff","station_count":1,"program_id":"bight","program":"Southern California Bight","resolution":6,"stations":[{"station_id":"4339_B03","station_name":"B03_4339","lat":33.95318,"lon":-119.68685,"county":"SANTA BARBARA","organization":"CSD","batch_year":"2003"}]}},{"type":"Feature","geometry":{"type":"Polygon","coordinates":[[[-119.58686247813029,33.910002198684566],[-119.55548866372109,33.934553017275974],[-119.56455355977751,33.968872552068134],[-119.60500971256606,33.978632588235705],[-119.63637671670666,33.95407476607978],[-119.62729439257576,33.91976391511758],[-119.58686247813029,33.910002198684566]]]},"properties":{"h3_index":"86291201fffffff","station_count":2,"program_id":"bight","program":"Southern California Bight","resolution":6,"stations":[{"station_id":"4243_B03","station_name":"B03_4243","lat":33.96568,"lon":-119.60482,"county":"SANTA BARBARA","organization":"CSD","batch_year":"2003"},{"station_id":"4913_B03","station_name":"B03_4913","lat":33.96249,"lon":-119.58506,"county":"SANTA BARBARA","organization":"CSD","batch_year":"2003"}]}},{"type":"Feature","geometry":{"type":"Polygon","coordinates":[[[-119.77988254866086,33.924367720740285],[-119.74857982494936,33.94895393465692],[-119.75769593278376,33.983238375972334],[-119.79813208052167,33.992927829495564],[-119.8294277859869,33.96833464063373],[-119.8202943762749,33.93405897693188],[-119.77988254866086,33.924367720740285]]]},"properties":{"h3_index":"862912047ffffff","station_count":1,"program_id":"bight","program":"Southern California Bight","resolution":6,"stations":[{"station_id":"7456_B08","station_name":"B08-7456","lat":33.93764,"lon":-119.76309,"county":"SANTA BARBARA","organization":"CSD","batch_year":"2008"}]}},{"type":"Feature","geometry":{"type":"Polygon","coordinates":[[[-119.85156486571111,33.909458677254264],[-119.8202943762749,33.93405897693188],[-119.8294277859869,33.96833464063373],[-119.86984894797571,33.97800119214762],[-119.90111234470616,33.953393923659185],[-119.89196168648412,33.91912707618126],[-119.85156486571111,33.909458677254264]]]},"properties":{"h3_index":"86291206fffffff","station_count":3,"program_id":"bight","program":"Southern California Bight","resolution":6,"stations":[{"station_id":"7475_B08","station_name":"B08-7475","lat":33.96516,"lon":-119.8526,"county":"SANTA BARBARA","organization":"CSD","batch_year":"2008"},{"station_id":"B18-10395","station_name":"B18-10395","lat":33.965617,"lon":-119.852517,"county":"SANTA BARBARA","organization":"SCCWRP","batch_year":"2018"},{"station_id":"B13-9304","station_name":"B13-9304 OpenwaterStation","lat":33.96516,"lon":-119.8526,"county":"SANTA BARBARA","organization":"SCCWRP","batch_year":"2013"}]}},{"type":"Feature","geometry":{"type":"Polygon","coordinates":[[[-119.42076766511762,33.998356113172626],[-119.38930471733721,34.02287079844913],[-119.3983335177174,34.05719854496529],[-119.43884284776706,34.06700302709229],[-119.470299152845,34.0424813377251],[-119.46125278480443,34.00816217418117],[-119.42076766511762,33.998356113172626]]]},"properties":{"h3_index":"86291209fffffff","station_count":4,"program_id":"bight","program":"Southern California Bight","resolution":6,"stations":[{"station_id":"4529_B03","station_name":"B03_4529","lat":34.04678,"lon":-119.43864,"county":"VENTURA","organization":"CRGML","batch_year":"2003"},{"station_id":"7518_B08","station_name":"B08-7518","lat":34.03101,"lon":-119.4229,"county":"VENTURA","organization":"CSD","batch_year":"2008"},{"station_id":"B18-10392","station_name":"B18-10392","lat":34.031163,"lon":-119.423912,"county":"VENTURA","organization":"SCCWRP","batch_year":"2018"},{"station_id":"B13-9343","station_name":"B13-9343 OpenwaterStation","lat":34.03101,"lon":-119.4229,"county":"VENTURA","organization":"SCCWRP","batch_year":"2013"}]}},{"type":"Feature","geometry":{"type":"Polygon","coordinates":[[[-119.39369342364566,33.89531921980006],[-119.36224913178668,33.91983431091799],[-119.37126252830834,33.954188657613436],[-119.41173778422838,33.964019327906286],[-119.44317547475023,33.939497205474176],[-119.43414452486957,33.905151447918584],[-119.39369342364566,33.89531921980006]]]},"properties":{"h3_index":"8629120b7ffffff","station_count":1,"program_id":"bight","program":"Southern California Bight","resolution":6,"stations":[{"station_id":"7460_B08","station_name":"B08-7460","lat":33.94219,"lon":-119.41164,"county":"FEDERAL WATERS","organization":"LACSD","batch_year":"2008"}]}},{"type":"Feature","geometry":{"type":"Polygon","coordinates":[[[-119.61409105681854,34.01293446852232],[-119.58269880098312,34.03748497759817],[-119.59177915400038,34.07177782086213],[-119.6322692190547,34.081511481454],[-119.66365462282037,34.056953996232146],[-119.65455682789815,34.02266983036556],[-119.61409105681854,34.01293446852232]]]},"properties":{"h3_index":"8629120c7ffffff","station_count":1,"program_id":"bight","program":"Southern California Bight","resolution":6,"stations":[{"station_id":"7549_B08","station_name":"B08-7549","lat":34.07253,"lon":-119.60179,"county":"SANTA BARBARA","organization":"CLAEMD","batch_year":"2008"}]}},{"type":"Feature","geometry":{"type":"Polygon","coordinates":[[[-119.66365462282037,34.056953996232146],[-119.6322692190547,34.081511481454],[-119.64136604491355,34.115786566742266],[-119.68186571099751,34.12549547704184],[-119.71324420413053,34.10093103231203],[-119.70412995614166,34.06666464058176],[-119.66365462282037,34.056953996232146]]]},"properties":{"h3_index":"8629120cfffffff","station_count":5,"program_id":"bight","program":"Southern California Bight","resolution":6,"stations":[{"station_id":"7556_B08","station_name":"B08-7556","lat":34.07896,"lon":-119.70119,"county":"SANTA BARBARA","organization":"CSD","batch_year":"2008"},{"station_id":"B18-10386","station_name":"B18-10386","lat":34.07885,"lon":-119.701817,"county":"SANTA BARBARA","organization":"SCCWRP","batch_year":"2018"},{"station_id":"4633_B03","station_name":"B03_4633","lat":34.08035,"lon":-119.65596,"county":"FEDERAL WATERS","organization":"CSD","batch_year":"2003"},{"station_id":"4115_B03","station_name":"B03_4115","lat":34.07896,"lon":-119.70119,"county":"SANTA BARBARA","organization":"CSD","batch_year":"2003"},{"station_id":"B13-9366","station_name":"B13-9366 OpenwaterStation","lat":34.07896,"lon":-119.70119,"county":"SANTA BARBARA","organization":"SCCWRP","batch_year":"2013"}]}},{"type":"Feature","geometry":{"type":"Polygon","coordinates":[[[-119.54221839306575,34.02772660983626],[-119.51079408054372,34.05226274564802],[-119.51985693844274,34.086564227373586],[-119.56036161826148,34.09632093865119],[-119.59177915400038,34.07177782086213],[-119.58269880098312,34.03748497759817],[-119.54221839306575,34.02772660983626]]]},"properties":{"h3_index":"8629120d7ffffff","station_count":4,"program_id":"bight","program":"Southern California Bight","resolution":6,"stations":[{"station_id":"7543_B08","station_name":"B08-7543","lat":34.06661,"lon":-119.5889,"county":"SANTA BARBARA","organization":"CSD","batch_year":"2008"},{"station_id":"B18-10388","station_name":"B18-10388","lat":34.06655,"lon":-119.5891,"county":"SANTA BARBARA","organization":"SCCWRP","batch_year":"2018"},{"station_id":"4371_B03","station_name":"B03_4371","lat":34.05343,"lon":-119.52926,"county":"SANTA BARBARA","organization":"CSD","batch_year":"2003"},{"station_id":"B13-9360","station_name":"B13-9360 OpenwaterStation","lat":34.06661,"lon":-119.5889,"county":"SANTA BARBARA","organization":"SCCWRP","batch_year":"2013"}]}},{"type":"Feature","geometry":{"type":"Polygon","coordinates":[[[-119.59177915400038,34.07177782086213],[-119.56036161826148,34.09632093865119],[-119.56944096864952,34.13060467866024],[-119.60995534455958,34.140336649974905],[-119.64136604491355,34.115786566742266],[-119.6322692190547,34.081511481454],[-119.59177915400038,34.07177782086213]]]},"properties":{"h3_index":"8629120dfffffff","station_count":3,"program_id":"bight","program":"Southern California Bight","resolution":6,"stations":[{"station_id":"B18-10338","station_name":"B18-10338","lat":34.11835,"lon":-119.62891,"county":"OOS","organization":"SCCWRP","batch_year":"2018"},{"station_id":"4083_B03","station_name":"B03_4083","lat":34.11821,"lon":-119.62891,"county":"FEDERAL WATERS","organization":"CSD","batch_year":"2003"},{"station_id":"7590_B08","station_name":"B08-7590","lat":34.11821,"lon":-119.62891,"county":"FEDERAL WATERS","organization":"CSD","batch_year":"2008"}]}},{"type":"Feature","geometry":{"type":"Polygon","coordinates":[[[-119.56455355977751,33.968872552068134],[-119.53315451037653,33.99341606840394],[-119.54221839306575,34.02772660983626],[-119.58269880098312,34.03748497759817],[-119.61409105681854,34.01293446852232],[-119.60500971256606,33.978632588235705],[-119.56455355977751,33.968872552068134]]]},"properties":{"h3_index":"8629120f7ffffff","station_count":1,"program_id":"bight","program":"Southern California Bight","resolution":6,"stations":[{"station_id":"7494_B08","station_name":"B08-7494","lat":33.99574,"lon":-119.54551,"county":"SANTA BARBARA","organization":"CSD","batch_year":"2008"}]}},{"type":"Feature","geometry":{"type":"Polygon","coordinates":[[[-119.95612509690825,34.15880729956721],[-119.92482550414337,34.18341409071515],[-119.9340064332566,34.21761802379996],[-119.97450422404928,34.22720635119448],[-120.0057965805539,34.2025926635161],[-119.99659839698508,34.168397548685896],[-119.95612509690825,34.15880729956721]]]},"properties":{"h3_index":"862912207ffffff","station_count":1,"program_id":"bight","program":"Southern California Bight","resolution":6,"stations":[{"station_id":"4219_B03","station_name":"B03_4219","lat":34.21259,"lon":-119.94542,"county":"FEDERAL WATERS","organization":"CSD","batch_year":"2003"}]}},{"type":"Feature","geometry":{"type":"Polygon","coordinates":[[[-119.88433695493976,34.17380086623538],[-119.85300487940326,34.1983934555228],[-119.86216850020257,34.23260616853415],[-119.90268151929546,34.242217516068266],[-119.9340064332566,34.21761802379996],[-119.92482550414337,34.18341409071515],[-119.88433695493976,34.17380086623538]]]},"properties":{"h3_index":"862912217ffffff","station_count":1,"program_id":"bight","program":"Southern California Bight","resolution":6,"stations":[{"station_id":"B18-10352","station_name":"B18-10352","lat":34.2172,"lon":-119.9141,"county":"OOS","organization":"SCCWRP","batch_year":"2018"}]}},{"type":"Feature","geometry":{"type":"Polygon","coordinates":[[[-119.9340064332566,34.21761802379996],[-119.90268151929546,34.242217516068266],[-119.91186160197722,34.276412218068145],[-119.95238390104143,34.285998635904306],[-119.98370159467699,34.2613922575723],[-119.97450422404928,34.22720635119448],[-119.9340064332566,34.21761802379996]]]},"properties":{"h3_index":"86291221fffffff","station_count":1,"program_id":"bight","program":"Southern California Bight","resolution":6,"stations":[{"station_id":"4359_B03","station_name":"B03_4359","lat":34.24913,"lon":-119.92159,"county":"FEDERAL WATERS","organization":"CSD","batch_year":"2003"}]}},{"type":"Feature","geometry":{"type":"Polygon","coordinates":[[[-119.97821763270565,34.099980189080085],[-119.94694333250604,34.12459420116949],[-119.95612509690825,34.15880729956721],[-119.99659839698508,34.168397548685896],[-120.02786544506776,34.14377662953608],[-120.01866645963317,34.109572372025816],[-119.97821763270565,34.099980189080085]]]},"properties":{"h3_index":"862912227ffffff","station_count":1,"program_id":"bight","program":"Southern California Bight","resolution":6,"stations":[{"station_id":"4545_B03","station_name":"B03_4545","lat":34.13421,"lon":-119.9578,"county":"FEDERAL WATERS","organization":"CSD","batch_year":"2003"}]}},{"type":"Feature","geometry":{"type":"Polygon","coordinates":[[[-120.05549363180138,34.24633507893527],[-120.02420857026291,34.27095564612328],[-120.03342238429858,34.30512346716696],[-120.07393848774889,34.31466187536026],[-120.1052161955605,34.29003444572703],[-120.09598516817158,34.2558754740378],[-120.05549363180138,34.24633507893527]]]},"properties":{"h3_index":"862912257ffffff","station_count":1,"program_id":"bight","program":"Southern California Bight","resolution":6,"stations":[{"station_id":"4283_B03","station_name":"B03_4283","lat":34.28539,"lon":-120.08299,"county":"FEDERAL WATERS","organization":"CSD","batch_year":"2003"}]}},{"type":"Feature","geometry":{"type":"Polygon","coordinates":[[[-119.79028295975303,34.24755698840429],[-119.75889311775322,34.27212786832635],[-119.76803846286147,34.30634004645934],[-119.8085910601237,34.3159726295998],[-119.83997383174497,34.29139485080775],[-119.83081109092565,34.257191391520784],[-119.79028295975303,34.24755698840429]]]},"properties":{"h3_index":"862912287ffffff","station_count":2,"program_id":"bight","program":"Southern California Bight","resolution":6,"stations":[{"station_id":"B18-10325","station_name":"B18-10325","lat":34.26192,"lon":-119.80543,"county":"OOS","organization":"SCCWRP","batch_year":"2018"},{"station_id":"B13-9426","station_name":"B13-9426 OpenwaterStation","lat":34.25858,"lon":-119.8104,"county":"SANTA BARBARA","organization":"SCCWRP","batch_year":"2013"}]}},{"type":"Feature","geometry":{"type":"Polygon","coordinates":[[[-119.83997383174497,34.29139485080775],[-119.8085910601237,34.3159726295998],[-119.81775290971632,34.350166769507936],[-119.85831492088404,34.35977439974091],[-119.88969056323391,34.3351897388316],[-119.88051133816305,34.30100433357212],[-119.83997383174497,34.29139485080775]]]},"properties":{"h3_index":"86291228fffffff","station_count":1,"program_id":"bight","program":"Southern California Bight","resolution":6,"stations":[{"station_id":"4343_B03","station_name":"B03_4343","lat":34.35025,"lon":-119.86295,"county":"FEDERAL WATERS","organization":"CRGML","batch_year":"2003"}]}},{"type":"Feature","geometry":{"type":"Polygon","coordinates":[[[-119.71834999110509,34.26247037438026],[-119.6869277794274,34.28702683754504],[-119.69605567504541,34.32124769597713],[-119.73662324625785,34.330903414745215],[-119.76803846286147,34.30634004645934],[-119.75889311775322,34.27212786832635],[-119.71834999110509,34.26247037438026]]]},"properties":{"h3_index":"862912297ffffff","station_count":9,"program_id":"bight","program":"Southern California Bight","resolution":6,"stations":[{"station_id":"4279_B03","station_name":"B03_4279","lat":34.27781,"lon":-119.71827,"county":"FEDERAL WATERS","organization":"CRGML","batch_year":"2003"},{"station_id":"B18-10282","station_name":"B18-10282","lat":34.30788,"lon":-119.71282,"county":"OOS","organization":"SCCWRP","batch_year":"2018"},{"station_id":"B18-10283","station_name":"B18-10283","lat":34.2778,"lon":-119.71835,"county":"OOS","organization":"SCCWRP","batch_year":"2018"},{"station_id":"7678_B08","station_name":"B08-7678","lat":34.27781,"lon":-119.71827,"county":"FEDERAL WATERS","organization":"CSD","batch_year":"2008"},{"station_id":"7696_B08","station_name":"B08-7696","lat":34.30784,"lon":-119.71267,"county":"FEDERAL WATERS","organization":"CSD","batch_year":"2008"},{"station_id":"7701_B08","station_name":"B08-7701","lat":34.31661,"lon":-119.72398,"county":"FEDERAL WATERS","organization":"CSD","batch_year":"2008"},{"station_id":"4023_B03","station_name":"B03_4023","lat":34.30784,"lon":-119.71267,"county":"FEDERAL WATERS","organization":"CRGML","batch_year":"2003"},{"station_id":"B13-9440","station_name":"B13-9440 OpenwaterStation","lat":34.30784,"lon":-119.71267,"county":"SANTA BARBARA","organization":"SCCWRP","batch_year":"2013"},{"station_id":"B13-9432","station_name":"B13-9432 OpenwaterStation","lat":34.27781,"lon":-119.71827,"county":"SANTA BARBARA","organization":"SCCWRP","batch_year":"2013"}]}},{"type":"Feature","geometry":{"type":"Polygon","coordinates":[[[-119.76803846286147,34.30634004645934],[-119.73662324625785,34.330903414745215],[-119.74576766646591,34.365106250854474],[-119.78634474712138,34.37473702626663],[-119.81775290971632,34.350166769507936],[-119.8085910601237,34.3159726295998],[-119.76803846286147,34.30634004645934]]]},"properties":{"h3_index":"86291229fffffff","station_count":7,"program_id":"bight","program":"Southern California Bight","resolution":6,"stations":[{"station_id":"SCBPP_0334","station_name":"0334_SCBPP","lat":34.35115,"lon":-119.7759,"county":"FEDERAL WATERS","organization":"SCCWRP","batch_year":"1994"},{"station_id":"SCBPP_0365","station_name":"0365_SCBPP","lat":34.33767,"lon":-119.76462,"county":"FEDERAL WATERS","organization":"SCCWRP","batch_year":"1994"},{"station_id":"SCBPP_0381","station_name":"0381_SCBPP","lat":34.33125,"lon":-119.78365,"county":"FEDERAL WATERS","organization":"SCCWRP","batch_year":"1994"},{"station_id":"4151_B03","station_name":"B03_4151","lat":34.3321,"lon":-119.76202,"county":"FEDERAL WATERS","organization":"USC","batch_year":"2003"},{"station_id":"B13-9448","station_name":"B13-9448 OpenwaterStation","lat":34.34384,"lon":-119.77376,"county":"SANTA BARBARA","organization":"SCCWRP","batch_year":"2013"},{"station_id":"B13-9444","station_name":"B13-9444 OpenwaterStation","lat":34.31988,"lon":-119.75112,"county":"SANTA BARBARA","organization":"SCCWRP","batch_year":"2013"},{"station_id":"4015_B03","station_name":"B03_4015","lat":34.33381,"lon":-119.74172,"county":"FEDERAL WATERS","organization":"CRGML","batch_year":"2003"}]}},{"type":"Feature","geometry":{"type":"Polygon","coordinates":[[[-119.8125011970046,34.18875722024478],[-119.78113670105832,34.21333553390079],[-119.79028295975303,34.24755698840429],[-119.83081109092565,34.257191391520784],[-119.86216850020257,34.23260616853415],[-119.85300487940326,34.1983934555228],[-119.8125011970046,34.18875722024478]]]},"properties":{"h3_index":"8629122a7ffffff","station_count":1,"program_id":"bight","program":"Southern California Bight","resolution":6,"stations":[{"station_id":"B18-11000","station_name":"B18-11000","lat":34.22873,"lon":-119.81914,"county":"OOS","organization":"SCCWRP","batch_year":"2018"}]}},{"type":"Feature","geometry":{"type":"Polygon","coordinates":[[[-119.86216850020257,34.23260616853415],[-119.83081109092565,34.257191391520784],[-119.83997383174497,34.29139485080775],[-119.88051133816305,34.30100433357212],[-119.91186160197722,34.276412218068145],[-119.90268151929546,34.242217516068266],[-119.86216850020257,34.23260616853415]]]},"properties":{"h3_index":"8629122afffffff","station_count":1,"program_id":"bight","program":"Southern California Bight","resolution":6,"stations":[{"station_id":"B18-10328","station_name":"B18-10328","lat":34.25214,"lon":-119.83732,"county":"OOS","organization":"SCCWRP","batch_year":"2018"}]}},{"type":"Feature","geometry":{"type":"Polygon","coordinates":[[[-119.74061800177988,34.203676252582014],[-119.70922114823699,34.228240216924995],[-119.71834999110509,34.26247037438026],[-119.75889311775322,34.27212786832635],[-119.79028295975303,34.24755698840429],[-119.78113670105832,34.21333553390079],[-119.74061800177988,34.203676252582014]]]},"properties":{"h3_index":"8629122b7ffffff","station_count":6,"program_id":"bight","program":"Southern California Bight","resolution":6,"stations":[{"station_id":"4167_B03","station_name":"B03_4167","lat":34.26112,"lon":-119.76734,"county":"FEDERAL WATERS","organization":"CRGML","batch_year":"2003"},{"station_id":"B18-10285","station_name":"B18-10285","lat":34.26087,"lon":-119.7673,"county":"OOS","organization":"SCCWRP","batch_year":"2018"},{"station_id":"B13-9428","station_name":"B13-9428 OpenwaterStation","lat":34.26112,"lon":-119.76734,"county":"SANTA BARBARA","organization":"SCCWRP","batch_year":"2013"},{"station_id":"B13-9414","station_name":"B13-9414 OpenwaterStation","lat":34.22508,"lon":-119.73198,"county":"SANTA BARBARA","organization":"SCCWRP","batch_year":"2013"},{"station_id":"7668_B08","station_name":"B08-7668","lat":34.25396,"lon":-119.72961,"county":"FEDERAL WATERS","organization":"CSD","batch_year":"2008"},{"station_id":"7671_B08","station_name":"B08-7671","lat":34.26112,"lon":-119.76734,"county":"FEDERAL WATERS","organization":"CSD","batch_year":"2008"}]}},{"type":"Feature","geometry":{"type":"Polygon","coordinates":[[[-119.96158044761573,34.32017526817358],[-119.93023738811412,34.344774259337974],[-119.93943309948565,34.378941551959564],[-119.97998918591021,34.388501068546425],[-120.01132498219339,34.36389521862208],[-120.0021119697944,34.329736714601864],[-119.96158044761573,34.32017526817358]]]},"properties":{"h3_index":"8629122c7ffffff","station_count":4,"program_id":"bight","program":"Southern California Bight","resolution":6,"stations":[{"station_id":"4007_B03","station_name":"B03_4007","lat":34.36268,"lon":-120.01034,"county":"FEDERAL WATERS","organization":"CRGML","batch_year":"2003"},{"station_id":"7716_B08","station_name":"B08-7716","lat":34.36268,"lon":-120.01034,"county":"FEDERAL WATERS","organization":"CSD","batch_year":"2008"},{"station_id":"B13-9457","station_name":"B13-9457 OpenwaterStation","lat":34.36268,"lon":-120.01034,"county":"SANTA BARBARA","organization":"SCCWRP","batch_year":"2013"},{"station_id":"B18-10321","station_name":"B18-10321","lat":34.3625,"lon":-120.01058,"county":"OOS","organization":"SCCWRP","batch_year":"2018"}]}},{"type":"Feature","geometry":{"type":"Polygon","coordinates":[[[-120.01132498219339,34.36389521862208],[-119.97998918591021,34.388501068546425],[-119.98920138555351,34.422650190120656],[-120.02976667647057,34.43218466137114],[-120.06109515057392,34.40757196963086],[-120.05186567049616,34.373431652177004],[-120.01132498219339,34.36389521862208]]]},"properties":{"h3_index":"8629122cfffffff","station_count":2,"program_id":"bight","program":"Southern California Bight","resolution":6,"stations":[{"station_id":"4251_B03","station_name":"B03_4251","lat":34.39695,"lon":-120.03105,"county":"FEDERAL WATERS","organization":"CRGML","batch_year":"2003"},{"station_id":"4059_B03","station_name":"B03_4059","lat":34.38695,"lon":-119.98782,"county":"FEDERAL WATERS","organization":"CSD","batch_year":"2003"}]}},{"type":"Feature","geometry":{"type":"Polygon","coordinates":[[[-119.88969056323391,34.3351897388316],[-119.85831492088404,34.35977439974091],[-119.86749327712734,34.39395044272199],[-119.9080646453568,34.40353307818978],[-119.93943309948565,34.378941551959564],[-119.93023738811412,34.344774259337974],[-119.88969056323391,34.3351897388316]]]},"properties":{"h3_index":"8629122d7ffffff","station_count":2,"program_id":"bight","program":"Southern California Bight","resolution":6,"stations":[{"station_id":"B13-9455","station_name":"B13-9455 OpenwaterStation","lat":34.3605,"lon":-119.89146,"county":"SANTA BARBARA","organization":"SCCWRP","batch_year":"2013"},{"station_id":"2360_B98","station_name":"B98_2360","lat":34.394,"lon":-119.87538,"county":"SANTA BARBARA","organization":"CSD","batch_year":"1998"}]}},{"type":"Feature","geometry":{"type":"Polygon","coordinates":[[[-119.93943309948565,34.378941551959564],[-119.9080646453568,34.40353307818978],[-119.91725951033915,34.4376909657424],[-119.95784017865174,34.44724856483188],[-119.98920138555351,34.422650190120656],[-119.97998918591021,34.388501068546425],[-119.93943309948565,34.378941551959564]]]},"properties":{"h3_index":"8629122dfffffff","station_count":3,"program_id":"bight","program":"Southern California Bight","resolution":6,"stations":[{"station_id":"2358_B98","station_name":"B98_2358","lat":34.39681,"lon":-119.9725,"county":"SANTA BARBARA","organization":"CSD","batch_year":"1998"},{"station_id":"SCBPP_0136","station_name":"0136_SCBPP","lat":34.40985,"lon":-119.94912,"county":"SANTA BARBARA","organization":"SCCWRP","batch_year":"1994"},{"station_id":"2357_B98","station_name":"B98_2357","lat":34.40632,"lon":-119.94079,"county":"SANTA BARBARA","organization":"EPARD","batch_year":"1998"}]}},{"type":"Feature","geometry":{"type":"Polygon","coordinates":[[[-119.91186160197722,34.276412218068145],[-119.88051133816305,34.30100433357212],[-119.88969056323391,34.3351897388316],[-119.93023738811412,34.344774259337974],[-119.96158044761573,34.32017526817358],[-119.95238390104143,34.285998635904306],[-119.91186160197722,34.276412218068145]]]},"properties":{"h3_index":"8629122f7ffffff","station_count":1,"program_id":"bight","program":"Southern California Bight","resolution":6,"stations":[{"station_id":"4295_B03","station_name":"B03_4295","lat":34.3138,"lon":-119.88421,"county":"FEDERAL WATERS","organization":"CRGML","batch_year":"2003"}]}},{"type":"Feature","geometry":{"type":"Polygon","coordinates":[[[-119.95068543439416,33.99728667722675],[-119.91942918871078,34.02190089751733],[-119.92859538234158,34.05614097660921],[-119.96903504411993,34.06575799125725],[-120.00028408035938,34.04113683621705],[-119.99110067865881,34.00690560497186],[-119.95068543439416,33.99728667722675]]]},"properties":{"h3_index":"862912307ffffff","station_count":1,"program_id":"bight","program":"Southern California Bight","resolution":6,"stations":[{"station_id":"7527_B08","station_name":"B08-7527","lat":34.0421,"lon":-119.94706,"county":"SANTA BARBARA","organization":"CSD","batch_year":"2008"}]}},{"type":"Feature","geometry":{"type":"Polygon","coordinates":[[[-119.92859538234158,34.05614097660921],[-119.89731388857628,34.08074806460128],[-119.90647923574433,34.114979087630836],[-119.94694333250604,34.12459420116949],[-119.97821763270565,34.099980189080085],[-119.96903504411993,34.06575799125725],[-119.92859538234158,34.05614097660921]]]},"properties":{"h3_index":"86291231fffffff","station_count":4,"program_id":"bight","program":"Southern California Bight","resolution":6,"stations":[{"station_id":"4027_B03","station_name":"B03_4027","lat":34.1156,"lon":-119.93616,"county":"SANTA BARBARA","organization":"CSD","batch_year":"2003"},{"station_id":"7588_B08","station_name":"B08-7588","lat":34.1156,"lon":-119.93616,"county":"SANTA BARBARA","organization":"CSD","batch_year":"2008"},{"station_id":"B18-10382","station_name":"B18-10382","lat":34.115817,"lon":-119.936883,"county":"SANTA BARBARA","organization":"SCCWRP","batch_year":"2018"},{"station_id":"B13-9378","station_name":"B13-9378 OpenwaterStation","lat":34.1156,"lon":-119.93616,"county":"SANTA BARBARA","organization":"SCCWRP","batch_year":"2013"}]}},{"type":"Feature","geometry":{"type":"Polygon","coordinates":[[[-119.90111234470616,33.953393923659185],[-119.86984894797571,33.97800119214762],[-119.87899874862289,34.012259093265506],[-119.91942918871078,34.02190089751733],[-119.95068543439416,33.99728667722675],[-119.94151840539926,33.96303760819005],[-119.90111234470616,33.953393923659185]]]},"properties":{"h3_index":"862912337ffffff","station_count":2,"program_id":"bight","program":"Southern California Bight","resolution":6,"stations":[{"station_id":"4697_B03","station_name":"B03_4697","lat":33.97551,"lon":-119.88065,"county":"SANTA BARBARA","organization":"CSD","batch_year":"2003"},{"station_id":"4363_B03","station_name":"B03_4363","lat":33.97749,"lon":-119.92153,"county":"SANTA BARBARA","organization":"CSD","batch_year":"2003"}]}},{"type":"Feature","geometry":{"type":"Polygon","coordinates":[[[-120.12155084506779,34.06987152794125],[-120.09034166981073,34.094513587308874],[-120.09955782241215,34.12870896571742],[-120.14000027798039,34.13825337119801],[-120.1712020527727,34.11360441796338],[-120.16196878693452,34.07941795676386],[-120.12155084506779,34.06987152794125]]]},"properties":{"h3_index":"862912347ffffff","station_count":5,"program_id":"bight","program":"Southern California Bight","resolution":6,"stations":[{"station_id":"B18-10384","station_name":"B18-10384","lat":34.10157,"lon":-120.142333,"county":"OOS","organization":"SCCWRP","batch_year":"2018"},{"station_id":"4155_B03","station_name":"B03_4155","lat":34.10163,"lon":-120.14239,"county":"FEDERAL WATERS","organization":"CSD","batch_year":"2003"},{"station_id":"7573_B08","station_name":"B08-7573","lat":34.10163,"lon":-120.14239,"county":"FEDERAL WATERS","organization":"CLAEMD","batch_year":"2008"},{"station_id":"4481_B03","station_name":"B03_4481","lat":34.09643,"lon":-120.12385,"county":"FEDERAL WATERS","organization":"CSD","batch_year":"2003"},{"station_id":"B13-9373","station_name":"B13-9373 OpenwaterStation","lat":34.10163,"lon":-120.14239,"county":"SANTA BARBARA","organization":"SCCWRP","batch_year":"2013"}]}},{"type":"Feature","geometry":{"type":"Polygon","coordinates":[[[-120.1712020527727,34.11360441796338],[-120.14000027798039,34.13825337119801],[-120.1492328086221,34.172430734961175],[-120.18968422104923,34.181950216529614],[-120.22087853686291,34.15729438671437],[-120.2116289137326,34.12312595554986],[-120.1712020527727,34.11360441796338]]]},"properties":{"h3_index":"86291234fffffff","station_count":4,"program_id":"bight","program":"Southern California Bight","resolution":6,"stations":[{"station_id":"4091_B03","station_name":"B03_4091","lat":34.14379,"lon":-120.17822,"county":"FEDERAL WATERS","organization":"CRGML","batch_year":"2003"},{"station_id":"7609_B08","station_name":"B08-7609","lat":34.14379,"lon":-120.17822,"county":"FEDERAL WATERS","organization":"CSD","batch_year":"2008"},{"station_id":"B13-9387","station_name":"B13-9387 OpenwaterStation","lat":34.14379,"lon":-120.17822,"county":"SANTA BARBARA","organization":"SCCWRP","batch_year":"2013"},{"station_id":"B18-10336","station_name":"B18-10336","lat":34.14478,"lon":-120.17886,"county":"OOS","organization":"SCCWRP","batch_year":"2018"}]}},{"type":"Feature","geometry":{"type":"Polygon","coordinates":[[[-120.04990822797677,34.08494429933226],[-120.01866645963317,34.109572372025816],[-120.02786544506776,34.14377662953608],[-120.06832338047077,34.15334393892434],[-120.09955782241215,34.12870896571742],[-120.09034166981073,34.094513587308874],[-120.04990822797677,34.08494429933226]]]},"properties":{"h3_index":"862912357ffffff","station_count":4,"program_id":"bight","program":"Southern California Bight","resolution":6,"stations":[{"station_id":"7586_B08","station_name":"B08-7586","lat":34.113,"lon":-120.02598,"county":"FEDERAL WATERS","organization":"CSD","batch_year":"2008"},{"station_id":"B18-10383","station_name":"B18-10383","lat":34.113476,"lon":-120.024021,"county":"OOS","organization":"SCCWRP","batch_year":"2018"},{"station_id":"4347_B03","station_name":"B03_4347","lat":34.113,"lon":-120.02598,"county":"FEDERAL WATERS","organization":"CSD","batch_year":"2003"},{"station_id":"B13-9376","station_name":"B13-9376 OpenwaterStation","lat":34.113,"lon":-120.02598,"county":"SANTA BARBARA","organization":"SCCWRP","batch_year":"2013"}]}},{"type":"Feature","geometry":{"type":"Polygon","coordinates":[[[-120.09955782241215,34.12870896571742],[-120.06832338047077,34.15334393892434],[-120.07753876457076,34.187530197278406],[-120.1180057516435,34.19707259149782],[-120.1492328086221,34.172430734961175],[-120.14000027798039,34.13825337119801],[-120.09955782241215,34.12870896571742]]]},"properties":{"h3_index":"86291235fffffff","station_count":2,"program_id":"bight","program":"Southern California Bight","resolution":6,"stations":[{"station_id":"7633_B08","station_name":"B08-7633","lat":34.18408,"lon":-120.11138,"county":"FEDERAL WATERS","organization":"CSD","batch_year":"2008"},{"station_id":"B18-10334","station_name":"B18-10334","lat":34.14988,"lon":-120.12125,"county":"OOS","organization":"SCCWRP","batch_year":"2018"}]}},{"type":"Feature","geometry":{"type":"Polygon","coordinates":[[[-120.19314530832497,34.05476198473592],[-120.16196878693452,34.07941795676386],[-120.1712020527727,34.11360441796338],[-120.2116289137326,34.12312595554986],[-120.24279796081956,34.098463096399946],[-120.23354763573785,34.064285590409604],[-120.19314530832497,34.05476198473592]]]},"properties":{"h3_index":"86291236fffffff","station_count":1,"program_id":"bight","program":"Southern California Bight","resolution":6,"stations":[{"station_id":"4613_B03","station_name":"B03_4613","lat":34.10742,"lon":-120.20488,"county":"FEDERAL WATERS","organization":"CSD","batch_year":"2003"}]}},{"type":"Feature","geometry":{"type":"Polygon","coordinates":[[[-120.07192496897609,34.026095816771885],[-120.04070845171493,34.050730965029686],[-120.04990822797677,34.08494429933226],[-120.09034166981073,34.094513587308874],[-120.12155084506779,34.06987152794125],[-120.11233393493646,34.03566709536564],[-120.07192496897609,34.026095816771885]]]},"properties":{"h3_index":"862912377ffffff","station_count":1,"program_id":"bight","program":"Southern California Bight","resolution":6,"stations":[{"station_id":"7553_B08","station_name":"B08-7553","lat":34.07693,"lon":-120.06498,"county":"SANTA BARBARA","organization":"CSD","batch_year":"2008"}]}},{"type":"Feature","geometry":{"type":"Polygon","coordinates":[[[-119.78507526617047,34.08603818349224],[-119.75372904350881,34.110616916241035],[-119.76285974688425,34.144865474317236],[-119.80335403599989,34.154526555141366],[-119.83469321441771,34.129940885708365],[-119.8255451623423,34.09570107589224],[-119.78507526617047,34.08603818349224]]]},"properties":{"h3_index":"862912387ffffff","station_count":5,"program_id":"bight","program":"Southern California Bight","resolution":6,"stations":[{"station_id":"4179_B03","station_name":"B03_4179","lat":34.14562,"lon":-119.77009,"county":"FEDERAL WATERS","organization":"CRGML","batch_year":"2003"},{"station_id":"B13-9388","station_name":"B13-9388 OpenwaterStation","lat":34.14562,"lon":-119.77009,"county":"SANTA BARBARA","organization":"SCCWRP","batch_year":"2013"},{"station_id":"B18-10335","station_name":"B18-10335","lat":34.14569,"lon":-119.76998,"county":"OOS","organization":"SCCWRP","batch_year":"2018"},{"station_id":"7615_B08","station_name":"B08-7615","lat":34.1511,"lon":-119.80065,"county":"FEDERAL WATERS","organization":"NOAACOAST","batch_year":"2008"},{"station_id":"7611_B08","station_name":"B08-7611","lat":34.14562,"lon":-119.77009,"county":"FEDERAL WATERS","organization":"CSD","batch_year":"2008"}]}},{"type":"Feature","geometry":{"type":"Polygon","coordinates":[[[-119.83469321441771,34.129940885708365],[-119.80335403599989,34.154526555141366],[-119.8125011970046,34.18875722024478],[-119.85300487940326,34.1983934555228],[-119.88433695493976,34.17380086623538],[-119.87517246536984,34.13957896527112],[-119.83469321441771,34.129940885708365]]]},"properties":{"h3_index":"86291238fffffff","station_count":5,"program_id":"bight","program":"Southern California Bight","resolution":6,"stations":[{"station_id":"7617_B08","station_name":"B08-7617","lat":34.15836,"lon":-119.82763,"county":"FEDERAL WATERS","organization":"CSD","batch_year":"2008"},{"station_id":"4211_B03","station_name":"B03_4211","lat":34.15836,"lon":-119.82763,"county":"FEDERAL WATERS","organization":"CSD","batch_year":"2003"},{"station_id":"B13-9391","station_name":"B13-9391 OpenwaterStation","lat":34.15836,"lon":-119.82763,"county":"SANTA BARBARA","organization":"SCCWRP","batch_year":"2013"},{"station_id":"B18-10333","station_name":"B18-10333","lat":34.15836,"lon":-119.82789,"county":"OOS","organization":"SCCWRP","batch_year":"2018"},{"station_id":"B13-9396","station_name":"B13-9396 OpenwaterStation","lat":34.17124,"lon":-119.87676,"county":"SANTA BARBARA","organization":"SCCWRP","batch_year":"2013"}]}},{"type":"Feature","geometry":{"type":"Polygon","coordinates":[[[-119.76285974688425,34.144865474317236],[-119.73148822300506,34.16943686187304],[-119.74061800177988,34.203676252582014],[-119.78113670105832,34.21333553390079],[-119.8125011970046,34.18875722024478],[-119.80335403599989,34.154526555141366],[-119.76285974688425,34.144865474317236]]]},"properties":{"h3_index":"86291239fffffff","station_count":1,"program_id":"bight","program":"Southern California Bight","resolution":6,"stations":[{"station_id":"B18-10332","station_name":"B18-10332","lat":34.17078,"lon":-119.79365,"county":"OOS","organization":"SCCWRP","batch_year":"2018"}]}},{"type":"Feature","geometry":{"type":"Polygon","coordinates":[[[-119.85685905173156,34.07110812869306],[-119.8255451623423,34.09570107589224],[-119.83469321441771,34.129940885708365],[-119.87517246536984,34.13957896527112],[-119.90647923574433,34.114979087630836],[-119.89731388857628,34.08074806460128],[-119.85685905173156,34.07110812869306]]]},"properties":{"h3_index":"8629123afffffff","station_count":1,"program_id":"bight","program":"Southern California Bight","resolution":6,"stations":[{"station_id":"7585_B08","station_name":"B08-7585","lat":34.11224,"lon":-119.87178,"county":"SANTA BARBARA","organization":"CSD","batch_year":"2008"}]}},{"type":"Feature","geometry":{"type":"Polygon","coordinates":[[[-119.73548316446664,34.042092861303146],[-119.70412995614166,34.06666464058176],[-119.71324420413053,34.10093103231203],[-119.75372904350881,34.110616916241035],[-119.78507526617047,34.08603818349224],[-119.77594364946333,34.05178052405144],[-119.73548316446664,34.042092861303146]]]},"properties":{"h3_index":"8629123b7ffffff","station_count":4,"program_id":"bight","program":"Southern California Bight","resolution":6,"stations":[{"station_id":"4051_B03","station_name":"B03_4051","lat":34.0754,"lon":-119.74853,"county":"SANTA BARBARA","organization":"CSD","batch_year":"2003"},{"station_id":"7551_B08","station_name":"B08-7551","lat":34.0754,"lon":-119.74853,"county":"SANTA BARBARA","organization":"CSD","batch_year":"2008"},{"station_id":"B18-10387","station_name":"B18-10387","lat":34.075467,"lon":-119.74955,"county":"SANTA BARBARA","organization":"SCCWRP","batch_year":"2018"},{"station_id":"B13-9363","station_name":"B13-9363 OpenwaterStation","lat":34.0754,"lon":-119.74853,"county":"SANTA BARBARA","organization":"SCCWRP","batch_year":"2013"}]}},{"type":"Feature","geometry":{"type":"Polygon","coordinates":[[[-119.10578034314015,33.95373319526377],[-119.0742093810075,33.978189998126965],[-119.08315203732485,34.01257830698262],[-119.12368343379148,34.02250138575546],[-119.1552480982871,33.99803753054917],[-119.14628767805868,33.96365765286463],[-119.10578034314015,33.95373319526377]]]},"properties":{"h3_index":"862912407ffffff","station_count":1,"program_id":"bight","program":"Southern California Bight","resolution":6,"stations":[{"station_id":"4249_B03","station_name":"B03_4249","lat":33.99595,"lon":-119.12378,"county":"FEDERAL WATERS","organization":"CSD","batch_year":"2003"}]}},{"type":"Feature","geometry":{"type":"Polygon","coordinates":[[[-119.1552480982871,33.99803753054917],[-119.12368343379148,34.02250138575546],[-119.13264265036581,34.05687220028368],[-119.17318429070998,34.06677071545443],[-119.20474259901229,34.04229982388627],[-119.19576563730317,34.00793745745094],[-119.1552480982871,33.99803753054917]]]},"properties":{"h3_index":"86291240fffffff","station_count":4,"program_id":"bight","program":"Southern California Bight","resolution":6,"stations":[{"station_id":"4125_B03","station_name":"B03_4125","lat":34.04114,"lon":-119.19721,"county":"FEDERAL WATERS","organization":"CRGML","batch_year":"2003"},{"station_id":"7526_B08","station_name":"B08-7526","lat":34.04114,"lon":-119.19721,"county":"FEDERAL WATERS","organization":"ABCL","batch_year":"2008"},{"station_id":"B18-10339","station_name":"B18-10339","lat":34.0416,"lon":-119.19758,"county":"OOS","organization":"SCCWRP","batch_year":"2018"},{"station_id":"B13-9348","station_name":"B13-9348 OpenwaterStation","lat":34.04114,"lon":-119.19721,"county":"VENTURA","organization":"SCCWRP","batch_year":"2013"}]}},{"type":"Feature","geometry":{"type":"Polygon","coordinates":[[[-119.03368828369894,33.968242400574944],[-119.00208581925186,33.992684449935695],[-119.01101065921739,34.02708115020966],[-119.05155579406785,34.03702741368001],[-119.08315203732485,34.01257830698262],[-119.0742093810075,33.978189998126965],[-119.03368828369894,33.968242400574944]]]},"properties":{"h3_index":"862912417ffffff","station_count":3,"program_id":"bight","program":"Southern California Bight","resolution":6,"stations":[{"station_id":"SCBPP_0937","station_name":"0937_SCBPP","lat":34.00667,"lon":-119.02963,"county":"FEDERAL WATERS","organization":"SCCWRP","batch_year":"1994"},{"station_id":"4261_B03","station_name":"B03_4261","lat":34.01656,"lon":-119.05833,"county":"FEDERAL WATERS","organization":"CLAEMD","batch_year":"2003"},{"station_id":"7499_B08","station_name":"B08-7499","lat":33.99945,"lon":-119.01377,"county":"FEDERAL WATERS","organization":"ABCL","batch_year":"2008"}]}},{"type":"Feature","geometry":{"type":"Polygon","coordinates":[[[-119.08315203732485,34.01257830698262],[-119.05155579406785,34.03702741368001],[-119.06049721293473,34.0714066366457],[-119.10105268688616,34.08132834844222],[-119.13264265036581,34.05687220028368],[-119.12368343379148,34.02250138575546],[-119.08315203732485,34.01257830698262]]]},"properties":{"h3_index":"86291241fffffff","station_count":8,"program_id":"bight","program":"Southern California Bight","resolution":6,"stations":[{"station_id":"SCBPP_0834","station_name":"0834_SCBPP","lat":34.07738,"lon":-119.08557,"county":"VENTURA","organization":"SCCWRP","batch_year":"1994"},{"station_id":"4133_B03","station_name":"B03_4133","lat":34.04406,"lon":-119.05558,"county":"VENTURA","organization":"CRGML","batch_year":"2003"},{"station_id":"B18-10303","station_name":"B18-10303","lat":34.044633,"lon":-119.05545,"county":"VENTURA","organization":"SCCWRP","batch_year":"2018"},{"station_id":"7537_B08","station_name":"B08-7537","lat":34.0533,"lon":-119.06285,"county":"VENTURA","organization":"ABCL","batch_year":"2008"},{"station_id":"7528_B08","station_name":"B08-7528","lat":34.04406,"lon":-119.05558,"county":"VENTURA","organization":"ABCL","batch_year":"2008"},{"station_id":"B18-10340","station_name":"B18-10340","lat":34.03851,"lon":-119.12563,"county":"OOS","organization":"SCCWRP","batch_year":"2018"},{"station_id":"SCBPP_0846","station_name":"0846_SCBPP","lat":34.06507,"lon":-119.11555,"county":"VENTURA","organization":"SCCWRP","batch_year":"1994"},{"station_id":"B13-9349","station_name":"B13-9349 OpenwaterStation","lat":34.04243,"lon":-119.08599,"county":"VENTURA","organization":"SCCWRP","batch_year":"2013"}]}},{"type":"Feature","geometry":{"type":"Polygon","coordinates":[[[-119.05633938558664,33.909386923658055],[-119.02476218430915,33.93383665824118],[-119.03368828369894,33.968242400574944],[-119.0742093810075,33.978189998126965],[-119.10578034314015,33.95373319526377],[-119.09683646118071,33.91933586708992],[-119.05633938558664,33.909386923658055]]]},"properties":{"h3_index":"862912437ffffff","station_count":1,"program_id":"bight","program":"Southern California Bight","resolution":6,"stations":[{"station_id":"B13-9307","station_name":"B13-9307 OpenwaterStation","lat":33.96859,"lon":-119.07012,"county":"VENTURA","organization":"SCCWRP","batch_year":"2013"}]}},{"type":"Feature","geometry":{"type":"Polygon","coordinates":[[[-119.27679687375517,34.02768961317053],[-119.2452702867591,34.0521751754612],[-119.25426379308452,34.08651997008385],[-119.29480157405578,34.09637070194498],[-119.32632167006413,34.071878124628356],[-119.31731049028103,34.03754183438438],[-119.27679687375517,34.02768961317053]]]},"properties":{"h3_index":"862912447ffffff","station_count":3,"program_id":"bight","program":"Southern California Bight","resolution":6,"stations":[{"station_id":"SCBPP_0815","station_name":"0815_SCBPP","lat":34.0953,"lon":-119.29272,"county":"FEDERAL WATERS","organization":"SCCWRP","batch_year":"1994"},{"station_id":"SCBPP_0823","station_name":"0823_SCBPP","lat":34.07043,"lon":-119.25042,"county":"FEDERAL WATERS","organization":"SCCWRP","batch_year":"1994"},{"station_id":"B18-10300","station_name":"B18-10300","lat":34.08896,"lon":-119.27475,"county":"OOS","organization":"SCCWRP","batch_year":"2018"}]}},{"type":"Feature","geometry":{"type":"Polygon","coordinates":[[[-119.32632167006413,34.071878124628356],[-119.29480157405578,34.09637070194498],[-119.30381162805679,34.13069786438827],[-119.34435944660684,34.14052393238985],[-119.37587299297779,34.11602435622224],[-119.36684528466168,34.08170571480203],[-119.32632167006413,34.071878124628356]]]},"properties":{"h3_index":"86291244fffffff","station_count":3,"program_id":"bight","program":"Southern California Bight","resolution":6,"stations":[{"station_id":"4285_B03","station_name":"B03_4285","lat":34.10717,"lon":-119.31902,"county":"FEDERAL WATERS","organization":"CSD","batch_year":"2003"},{"station_id":"4419_B03","station_name":"B03_4419","lat":34.12281,"lon":-119.33129,"county":"FEDERAL WATERS","organization":"CRGML","batch_year":"2003"},{"station_id":"7607_B08","station_name":"B08-7607","lat":34.13869,"lon":-119.3456,"county":"FEDERAL WATERS","organization":"CSD","batch_year":"2008"}]}},{"type":"Feature","geometry":{"type":"Polygon","coordinates":[[[-119.20474259901229,34.04229982388627],[-119.17318429070998,34.06677071545443],[-119.18216007079468,34.101123975002096],[-119.22271189959567,34.110997881988474],[-119.25426379308452,34.08651997008385],[-119.2452702867591,34.0521751754612],[-119.20474259901229,34.04229982388627]]]},"properties":{"h3_index":"862912457ffffff","station_count":6,"program_id":"bight","program":"Southern California Bight","resolution":6,"stations":[{"station_id":"SCBPP_0827","station_name":"0827_SCBPP","lat":34.08243,"lon":-119.21852,"county":"FEDERAL WATERS","organization":"SCCWRP","batch_year":"1994"},{"station_id":"4157_B03","station_name":"B03_4157","lat":34.11039,"lon":-119.2216,"county":"VENTURA","organization":"CRGML","batch_year":"2003"},{"station_id":"SCBPP_0859","station_name":"0859_SCBPP","lat":34.05868,"lon":-119.20637,"county":"FEDERAL WATERS","organization":"SCCWRP","batch_year":"1994"},{"station_id":"7544_B08","station_name":"B08-7544","lat":34.06674,"lon":-119.20596,"county":"FEDERAL WATERS","organization":"ABCL","batch_year":"2008"},{"station_id":"7583_B08","station_name":"B08-7583","lat":34.11039,"lon":-119.2216,"county":"VENTURA","organization":"ABCL","batch_year":"2008"},{"station_id":"B18-10298","station_name":"B18-10298","lat":34.11006,"lon":-119.22164,"county":"VENTURA","organization":"SCCWRP","batch_year":"2018"}]}},{"type":"Feature","geometry":{"type":"Polygon","coordinates":[[[-119.34880529028784,34.01304167415815],[-119.31731049028103,34.03754183438438],[-119.32632167006413,34.071878124628356],[-119.36684528466168,34.08170571480203],[-119.3983335177174,34.05719854496529],[-119.38930471733721,34.02287079844913],[-119.34880529028784,34.01304167415815]]]},"properties":{"h3_index":"86291246fffffff","station_count":4,"program_id":"bight","program":"Southern California Bight","resolution":6,"stations":[{"station_id":"7520_B08","station_name":"B08-7520","lat":34.03417,"lon":-119.3516,"county":"VENTURA","organization":"CSD","batch_year":"2008"},{"station_id":"B18-10391","station_name":"B18-10391","lat":34.035,"lon":-119.350983,"county":"VENTURA","organization":"SCCWRP","batch_year":"2018"},{"station_id":"4029_B03","station_name":"B03_4029","lat":34.03417,"lon":-119.3516,"county":"VENTURA","organization":"CSD","batch_year":"2003"},{"station_id":"B13-9345","station_name":"B13-9345 OpenwaterStation","lat":34.03417,"lon":-119.3516,"county":"VENTURA","organization":"SCCWRP","batch_year":"2013"}]}},{"type":"Feature","geometry":{"type":"Polygon","coordinates":[[[-119.22729865669973,33.9834589263171],[-119.19576563730317,34.00793745745094],[-119.20474259901229,34.04229982388627],[-119.2452702867591,34.0521751754612],[-119.27679687375517,34.02768961317053],[-119.26780221956341,33.99333573437943],[-119.22729865669973,33.9834589263171]]]},"properties":{"h3_index":"862912477ffffff","station_count":2,"program_id":"bight","program":"Southern California Bight","resolution":6,"stations":[{"station_id":"B13-9338","station_name":"B13-9338 OpenwaterStation","lat":34.02139,"lon":-119.22639,"county":"VENTURA","organization":"SCCWRP","batch_year":"2013"},{"station_id":"B13-9347","station_name":"B13-9347 OpenwaterStation","lat":34.03983,"lon":-119.23459,"county":"VENTURA","organization":"SCCWRP","batch_year":"2013"}]}},{"type":"Feature","geometry":{"type":"Polygon","coordinates":[[[-118.9615510786952,33.982713679809635],[-118.9299171789226,34.00714090329511],[-118.93882415017697,34.041545955130914],[-118.97938290398127,34.05151543591875],[-119.01101065921739,34.02708115020966],[-119.00208581925186,33.992684449935695],[-118.9615510786952,33.982713679809635]]]},"properties":{"h3_index":"8629124a7ffffff","station_count":4,"program_id":"bight","program":"Southern California Bight","resolution":6,"stations":[{"station_id":"SCBPP_0890","station_name":"0890_SCBPP","lat":34.02735,"lon":-118.93965,"county":"LOS ANGELES","organization":"SCCWRP","batch_year":"1994"},{"station_id":"SCBPP_0976","station_name":"0976_SCBPP","lat":33.9944,"lon":-119.00008,"county":"FEDERAL WATERS","organization":"SCCWRP","batch_year":"1994"},{"station_id":"SCBPP_0921","station_name":"0921_SCBPP","lat":34.01312,"lon":-118.93952,"county":"LOS ANGELES","organization":"SCCWRP","batch_year":"1994"},{"station_id":"2377_B98","station_name":"B98_2377","lat":34.03842,"lon":-118.93932,"county":"LOS ANGELES","organization":"CRGML","batch_year":"1998"}]}},{"type":"Feature","geometry":{"type":"Polygon","coordinates":[[[-119.01101065921739,34.02708115020966],[-118.97938290398127,34.05151543591875],[-118.98830647264872,34.085903027562686],[-119.02887566085212,34.09584796880892],[-119.06049721293473,34.0714066366457],[-119.05155579406785,34.03702741368001],[-119.01101065921739,34.02708115020966]]]},"properties":{"h3_index":"8629124afffffff","station_count":2,"program_id":"bight","program":"Southern California Bight","resolution":6,"stations":[{"station_id":"B18-10250","station_name":"B18-10250","lat":34.0528,"lon":-119.049067,"county":"VENTURA","organization":"SCCWRP","batch_year":"2018"},{"station_id":"B18-10304","station_name":"B18-10304","lat":34.0336,"lon":-119.029917,"county":"VENTURA","organization":"SCCWRP","batch_year":"2018"}]}},{"type":"Feature","geometry":{"type":"Polygon","coordinates":[[[-118.8893689146214,33.997146928179006],[-118.85770364695551,34.02155925352044],[-118.86659269722203,34.05597261695823],[-118.90716495018823,34.06596534747581],[-118.93882415017697,34.041545955130914],[-118.9299171789226,34.00714090329511],[-118.8893689146214,33.997146928179006]]]},"properties":{"h3_index":"8629124b7ffffff","station_count":7,"program_id":"bight","program":"Southern California Bight","resolution":6,"stations":[{"station_id":"4069_B03","station_name":"B03_4069","lat":34.03663,"lon":-118.91685,"county":"LOS ANGELES","organization":"CLAEMD","batch_year":"2003"},{"station_id":"B18-10216","station_name":"B18-10216","lat":34.03668,"lon":-118.91671,"county":"LOS ANGELES","organization":"SCCWRP","batch_year":"2018"},{"station_id":"7522_B08","station_name":"B08-7522","lat":34.03663,"lon":-118.91685,"county":"LOS ANGELES","organization":"ABCL","batch_year":"2008"},{"station_id":"SCBPP_0947","station_name":"0947_SCBPP","lat":34.00532,"lon":-118.91848,"county":"LOS ANGELES","organization":"TEX-AM","batch_year":"1994"},{"station_id":"2378_B98","station_name":"B98_2378","lat":34.03201,"lon":-118.92229,"county":"LOS ANGELES","organization":"CAS","batch_year":"1998"},{"station_id":"B18-10251","station_name":"B18-10251","lat":34.01572,"lon":-118.91216,"county":"LOS ANGELES","organization":"SCCWRP","batch_year":"2018"},{"station_id":"B18-10217","station_name":"B18-10217","lat":34.03331,"lon":-118.86411,"county":"LOS ANGELES","organization":"SCCWRP","batch_year":"2018"}]}},{"type":"Feature","geometry":{"type":"Polygon","coordinates":[[[-119.13264265036581,34.05687220028368],[-119.10105268688616,34.08132834844222],[-119.11001068802574,34.115690033357076],[-119.15057644574418,34.1255871487021],[-119.18216007079468,34.101123975002096],[-119.17318429070998,34.06677071545443],[-119.13264265036581,34.05687220028368]]]},"properties":{"h3_index":"8629124e7ffffff","station_count":13,"program_id":"bight","program":"Southern California Bight","resolution":6,"stations":[{"station_id":"SCBPP_0814","station_name":"0814_SCBPP","lat":34.09568,"lon":-119.16613,"county":"VENTURA","organization":"SCCWRP","batch_year":"1994"},{"station_id":"4061_B03","station_name":"B03_4061","lat":34.10112,"lon":-119.15082,"county":"VENTURA","organization":"CRGML","batch_year":"2003"},{"station_id":"B18-10215","station_name":"B18-10215","lat":34.10128,"lon":-119.151108,"county":"VENTURA","organization":"SCCWRP","batch_year":"2018"},{"station_id":"SCBPP_0830","station_name":"0830_SCBPP","lat":34.08078,"lon":-119.16953,"county":"VENTURA","organization":"SCCWRP","batch_year":"1994"},{"station_id":"6539_B08","station_name":"B08-6539","lat":34.10464,"lon":-119.11205,"county":"VENTURA","organization":"CSD","batch_year":"2008"},{"station_id":"2341_B98","station_name":"B98_2341","lat":34.08835,"lon":-119.15133,"county":"VENTURA","organization":"CRGML","batch_year":"1998"},{"station_id":"7550_B08","station_name":"B08-7550","lat":34.07332,"lon":-119.13908,"county":"VENTURA","organization":"NOAACOAST","batch_year":"2008"},{"station_id":"7572_B08","station_name":"B08-7572","lat":34.10112,"lon":-119.15082,"county":"VENTURA","organization":"ABCL","batch_year":"2008"},{"station_id":"7542_B08","station_name":"B08-7542","lat":34.0666,"lon":-119.1344,"county":"VENTURA","organization":"NOAACOAST","batch_year":"2008"},{"station_id":"SCBPP_0831","station_name":"0831_SCBPP","lat":34.07957,"lon":-119.1572,"county":"VENTURA","organization":"TEX-AM","batch_year":"1994"},{"station_id":"4093_B03","station_name":"B03_4093","lat":34.0666,"lon":-119.1344,"county":"VENTURA","organization":"CRGML","batch_year":"2003"},{"station_id":"B18-10301","station_name":"B18-10301","lat":34.066452,"lon":-119.13413,"county":"VENTURA","organization":"SCCWRP","batch_year":"2018"},{"station_id":"2342_B98","station_name":"B98_2342","lat":34.07007,"lon":-119.15965,"county":"VENTURA","organization":"CRGML","batch_year":"1998"}]}},{"type":"Feature","geometry":{"type":"Polygon","coordinates":[[[-119.18216007079468,34.101123975002096],[-119.15057644574418,34.1255871487021],[-119.15955103245166,34.15993123502004],[-119.20012701846234,34.16980370937675],[-119.23170424636781,34.145333526099094],[-119.22271189959567,34.110997881988474],[-119.18216007079468,34.101123975002096]]]},"properties":{"h3_index":"8629124efffffff","station_count":12,"program_id":"bight","program":"Southern California Bight","resolution":6,"stations":[{"station_id":"2275_B98","station_name":"B98_2275","lat":34.13,"lon":-119.194,"county":"VENTURA","organization":"CRGML","batch_year":"1998"},{"station_id":"2276_B98","station_name":"B98_2276","lat":34.124,"lon":-119.1828,"county":"VENTURA","organization":"CRGML","batch_year":"1998"},{"station_id":"2273_B98","station_name":"B98_2273","lat":34.1302,"lon":-119.1985,"county":"VENTURA","organization":"SCCWRP","batch_year":"1998"},{"station_id":"4003_B03","station_name":"B03_4003","lat":34.12507,"lon":-119.19268,"county":"VENTURA","organization":"CRGML","batch_year":"2003"},{"station_id":"4381_B03","station_name":"B03_4381","lat":34.12991,"lon":-119.18755,"county":"VENTURA","organization":"CRGML","batch_year":"2003"},{"station_id":"4253_B03","station_name":"B03_4253","lat":34.12034,"lon":-119.18962,"county":"VENTURA","organization":"CRGML","batch_year":"2003"},{"station_id":"6546_B08","station_name":"B08-6546","lat":34.15284,"lon":-119.20991,"county":"VENTURA","organization":"ABCL","batch_year":"2008"},{"station_id":"7596_B08","station_name":"B08-7596","lat":34.12507,"lon":-119.19268,"county":"VENTURA","organization":"ABCL","batch_year":"2008"},{"station_id":"B18-10214","station_name":"B18-10214","lat":34.12493,"lon":-119.19272,"county":"VENTURA","organization":"SCCWRP","batch_year":"2018"},{"station_id":"4349_B03","station_name":"B03_4349","lat":34.10503,"lon":-119.19551,"county":"VENTURA","organization":"CRGML","batch_year":"2003"},{"station_id":"2274_B98","station_name":"B98_2274","lat":34.1239,"lon":-119.1977,"county":"VENTURA","organization":"CRGML","batch_year":"1998"},{"station_id":"4259_B03","station_name":"B03_4259","lat":34.13507,"lon":-119.19381,"county":"VENTURA","organization":"CRGML","batch_year":"2003"}]}},{"type":"Feature","geometry":{"type":"Polygon","coordinates":[[[-119.06049721293473,34.0714066366457],[-119.02887566085212,34.09584796880892],[-119.03781583042226,34.130218039429224],[-119.07839539777906,34.14013839616073],[-119.11001068802574,34.115690033357076],[-119.10105268688616,34.08132834844222],[-119.06049721293473,34.0714066366457]]]},"properties":{"h3_index":"8629124f7ffffff","station_count":8,"program_id":"bight","program":"Southern California Bight","resolution":6,"stations":[{"station_id":"SCBPP_0833","station_name":"0833_SCBPP","lat":34.0775,"lon":-119.0787,"county":"VENTURA","organization":"TEX-AM","batch_year":"1994"},{"station_id":"6543_B08","station_name":"B08-6543","lat":34.11472,"lon":-119.0944,"county":"VENTURA","organization":"CSD","batch_year":"2008"},{"station_id":"7557_B08","station_name":"B08-7557","lat":34.08006,"lon":-119.05977,"county":"VENTURA","organization":"NOAACOAST","batch_year":"2008"},{"station_id":"B13-8419","station_name":"B13-8419 OpenwaterStation","lat":34.10078,"lon":-119.08739,"county":"VENTURA","organization":"SCCWRP","batch_year":"2013"},{"station_id":"2308_B98","station_name":"B98_2308","lat":34.0841,"lon":-119.0908,"county":"VENTURA","organization":"CRGML","batch_year":"1998"},{"station_id":"B13-8421","station_name":"B13-8421 OpenwaterStation","lat":34.1127,"lon":-119.08406,"county":"VENTURA","organization":"SCCWRP","batch_year":"2013"},{"station_id":"2310_B98","station_name":"B98_2310","lat":34.0907,"lon":-119.0721,"county":"VENTURA","organization":"SCCWRP","batch_year":"1998"},{"station_id":"SCBPP_0820","station_name":"0820_SCBPP","lat":34.08888,"lon":-119.07395,"county":"VENTURA","organization":"SCCWRP","batch_year":"1994"}]}},{"type":"Feature","geometry":{"type":"Polygon","coordinates":[[[-119.02957262645687,33.80611652962385],[-118.99801446206573,33.83056677570598],[-119.00692527742588,33.86499882179584],[-119.04741203860854,33.87497220595062],[-119.07896400431459,33.85051486463047],[-119.07003542154645,33.81609123835043],[-119.02957262645687,33.80611652962385]]]},"properties":{"h3_index":"862912517ffffff","station_count":1,"program_id":"bight","program":"Southern California Bight","resolution":6,"stations":[{"station_id":"7413_B08","station_name":"B08-7413","lat":33.85342,"lon":-119.00988,"county":"FEDERAL WATERS","organization":"LACSD","batch_year":"2008"}]}},{"type":"Feature","geometry":{"type":"Polygon","coordinates":[[[-119.24982828339238,33.92460142711137],[-119.2183205250812,33.949087519452526],[-119.22729865669973,33.9834589263171],[-119.26780221956341,33.99333573437943],[-119.29930352796801,33.968842599999796],[-119.29030773755916,33.93447970349976],[-119.24982828339238,33.92460142711137]]]},"properties":{"h3_index":"86291255fffffff","station_count":2,"program_id":"bight","program":"Southern California Bight","resolution":6,"stations":[{"station_id":"4377_B03","station_name":"B03_4377","lat":33.95657,"lon":-119.25765,"county":"FEDERAL WATERS","organization":"CSD","batch_year":"2003"},{"station_id":"7457_B08","station_name":"B08-7457","lat":33.93804,"lon":-119.26619,"county":"FEDERAL WATERS","organization":"NOAACOAST","batch_year":"2008"}]}},{"type":"Feature","geometry":{"type":"Polygon","coordinates":[[[-119.22290575065833,33.82143395044271],[-119.19141681663565,33.84592045638833],[-119.20037960898102,33.88031826055149],[-119.24084899354183,33.890221046391495],[-119.27233151856566,33.86572747125634],[-119.26335108212294,33.83133818336979],[-119.22290575065833,33.82143395044271]]]},"properties":{"h3_index":"862912577ffffff","station_count":4,"program_id":"bight","program":"Southern California Bight","resolution":6,"stations":[{"station_id":"4121_B03","station_name":"B03_4121","lat":33.85259,"lon":-119.19421,"county":"FEDERAL WATERS","organization":"CSD","batch_year":"2003"},{"station_id":"B13-9265","station_name":"B13-9265 OpenwaterStation","lat":33.85259,"lon":-119.19421,"county":"VENTURA","organization":"SCCWRP","batch_year":"2013"},{"station_id":"B18-10357","station_name":"B18-10357","lat":33.85209,"lon":-119.1943,"county":"OOS","organization":"SCCWRP","batch_year":"2018"},{"station_id":"7412_B08","station_name":"B08-7412","lat":33.85259,"lon":-119.19421,"county":"FEDERAL WATERS","organization":"NOAACOAST","batch_year":"2008"}]}},{"type":"Feature","geometry":{"type":"Polygon","coordinates":[[[-118.862713043436,33.89385321233935],[-118.83106703017792,33.91826626424625],[-118.83994081737836,33.952706053187725],[-118.88047853721461,33.96272447717892],[-118.9121185229724,33.93830433164226],[-118.90322683039173,33.90387285976294],[-118.862713043436,33.89385321233935]]]},"properties":{"h3_index":"862912597ffffff","station_count":3,"program_id":"bight","program":"Southern California Bight","resolution":6,"stations":[{"station_id":"4005_B03","station_name":"B03_4005","lat":33.93408,"lon":-118.89655,"county":"FEDERAL WATERS","organization":"CSD","batch_year":"2003"},{"station_id":"7452_B08","station_name":"B08-7452","lat":33.93408,"lon":-118.89655,"county":"FEDERAL WATERS","organization":"LACSD","batch_year":"2008"},{"station_id":"B18-10354","station_name":"B18-10354","lat":33.93569,"lon":-118.89724,"county":"OOS","organization":"SCCWRP","batch_year":"2018"}]}},{"type":"Feature","geometry":{"type":"Polygon","coordinates":[[[-118.95753807024109,33.82056899617591],[-118.92594856589147,33.84500454656519],[-118.93484156171768,33.87944497252484],[-118.97534189543106,33.88944147220621],[-119.00692527742588,33.86499882179584],[-118.99801446206573,33.83056677570598],[-118.95753807024109,33.82056899617591]]]},"properties":{"h3_index":"8629125a7ffffff","station_count":1,"program_id":"bight","program":"Southern California Bight","resolution":6,"stations":[{"station_id":"B18-10358","station_name":"B18-10358","lat":33.83383,"lon":-118.95249,"county":"OOS","organization":"SCCWRP","batch_year":"2018"}]}},{"type":"Feature","geometry":{"type":"Polygon","coordinates":[[[-119.45261445066616,34.262976994988406],[-119.42108880389085,34.287482827102984],[-119.43014744765203,34.32174740884942],[-119.47074938253135,34.331497614629015],[-119.50226832045234,34.30698484296591],[-119.49319204668953,34.27272880895434],[-119.45261445066616,34.262976994988406]]]},"properties":{"h3_index":"862912607ffffff","station_count":3,"program_id":"bight","program":"Southern California Bight","resolution":6,"stations":[{"station_id":"4267_B03","station_name":"B03_4267","lat":34.31299,"lon":-119.43347,"county":"VENTURA","organization":"CRGML","batch_year":"2003"},{"station_id":"7688_B08","station_name":"B08-7688","lat":34.29097,"lon":-119.44378,"county":"FEDERAL WATERS","organization":"CSD","batch_year":"2008"},{"station_id":"2368_B98","station_name":"B98_2368","lat":34.30119,"lon":-119.4631,"county":"FEDERAL WATERS","organization":"SCCWRP","batch_year":"1998"}]}},{"type":"Feature","geometry":{"type":"Polygon","coordinates":[[[-119.50226832045234,34.30698484296591],[-119.47074938253135,34.331497614629015],[-119.47982460771486,34.36574428162153],[-119.52043639559356,34.375469616798185],[-119.55194856566703,34.35094992187587],[-119.5428557300839,34.31671181890882],[-119.50226832045234,34.30698484296591]]]},"properties":{"h3_index":"86291260fffffff","station_count":4,"program_id":"bight","program":"Southern California Bight","resolution":6,"stations":[{"station_id":"SCBPP_0398","station_name":"0398_SCBPP","lat":34.32423,"lon":-119.53312,"county":"FEDERAL WATERS","organization":"SCCWRP","batch_year":"1994"},{"station_id":"4143_B03","station_name":"B03_4143","lat":34.35899,"lon":-119.48885,"county":"SANTA BARBARA","organization":"CRGML","batch_year":"2003"},{"station_id":"2367_B98","station_name":"B98_2367","lat":34.31741,"lon":-119.53315,"county":"FEDERAL WATERS","organization":"CSD","batch_year":"1998"},{"station_id":"4271_B03","station_name":"B03_4271","lat":34.36487,"lon":-119.5308,"county":"SANTA BARBARA","organization":"USC","batch_year":"2003"}]}},{"type":"Feature","geometry":{"type":"Polygon","coordinates":[[[-119.38049677826832,34.27770779385071],[-119.34893909472807,34.30219890963774],[-119.35798005512838,34.3364720000523],[-119.39859639675282,34.34624546991846],[-119.43014744765203,34.32174740884942],[-119.42108880389085,34.287482827102984],[-119.38049677826832,34.27770779385071]]]},"properties":{"h3_index":"862912617ffffff","station_count":4,"program_id":"bight","program":"Southern California Bight","resolution":6,"stations":[{"station_id":"4291_B03","station_name":"B03_4291","lat":34.30455,"lon":-119.41371,"county":"VENTURA","organization":"CRGML","batch_year":"2003"},{"station_id":"2369_B98","station_name":"B98_2369","lat":34.30414,"lon":-119.42533,"county":"VENTURA","organization":"CSD","batch_year":"1998"},{"station_id":"A2_B03","station_name":"B03_A2","lat":34.28726,"lon":-119.39814,"county":"VENTURA","organization":"CRGML","batch_year":"2003"},{"station_id":"2370_B98","station_name":"B98_2370","lat":34.29865,"lon":-119.3623,"county":"VENTURA","organization":"SCCWRP","batch_year":"1998"}]}},{"type":"Feature","geometry":{"type":"Polygon","coordinates":[[[-119.43014744765203,34.32174740884942],[-119.39859639675282,34.34624546991846],[-119.4076539580473,34.3805006619685],[-119.4482802484866,34.39024927178885],[-119.47982460771486,34.36574428162153],[-119.47074938253135,34.331497614629015],[-119.43014744765203,34.32174740884942]]]},"properties":{"h3_index":"86291261fffffff","station_count":3,"program_id":"bight","program":"Southern California Bight","resolution":6,"stations":[{"station_id":"SCBPP_0366","station_name":"0366_SCBPP","lat":34.33748,"lon":-119.44682,"county":"VENTURA","organization":"SCCWRP","batch_year":"1994"},{"station_id":"7717_B08","station_name":"B08-7717","lat":34.36628,"lon":-119.45927,"county":"VENTURA","organization":"NOAACOAST","batch_year":"2008"},{"station_id":"B18-10208","station_name":"B18-10208","lat":34.33409,"lon":-119.43464,"county":"VENTURA","organization":"SCCWRP","batch_year":"2018"}]}},{"type":"Feature","geometry":{"type":"Polygon","coordinates":[[[-119.47505500694815,34.20418956413976],[-119.44355473604888,34.22870308930814],[-119.45261445066616,34.262976994988406],[-119.49319204668953,34.27272880895434],[-119.5246855916318,34.24820833372413],[-119.51560828083349,34.21394299845817],[-119.47505500694815,34.20418956413976]]]},"properties":{"h3_index":"862912627ffffff","station_count":3,"program_id":"bight","program":"Southern California Bight","resolution":6,"stations":[{"station_id":"SCBPP_0542","station_name":"0542_SCBPP","lat":34.25402,"lon":-119.49203,"county":"FEDERAL WATERS","organization":"SCCWRP","batch_year":"1994"},{"station_id":"4019_B03","station_name":"B03_4019","lat":34.23101,"lon":-119.5122,"county":"FEDERAL WATERS","organization":"CRGML","batch_year":"2003"},{"station_id":"B18-10248","station_name":"B18-10248","lat":34.22984,"lon":-119.5182,"county":"OOS","organization":"SCCWRP","batch_year":"2018"}]}},{"type":"Feature","geometry":{"type":"Polygon","coordinates":[[[-119.5246855916318,34.24820833372413],[-119.49319204668953,34.27272880895434],[-119.50226832045234,34.30698484296591],[-119.5428557300839,34.31671181890882],[-119.57434249017405,34.29218440996765],[-119.56524863984382,34.25793696265295],[-119.5246855916318,34.24820833372413]]]},"properties":{"h3_index":"86291262fffffff","station_count":5,"program_id":"bight","program":"Southern California Bight","resolution":6,"stations":[{"station_id":"SCBPP_0535","station_name":"0535_SCBPP","lat":34.25615,"lon":-119.53995,"county":"FEDERAL WATERS","organization":"SCCWRP","batch_year":"1994"},{"station_id":"2371_B98","station_name":"B98_2371","lat":34.26484,"lon":-119.50966,"county":"FEDERAL WATERS","organization":"CSD","batch_year":"1998"},{"station_id":"SCBPP_0474","station_name":"0474_SCBPP","lat":34.28665,"lon":-119.5107,"county":"FEDERAL WATERS","organization":"SCCWRP","batch_year":"1994"},{"station_id":"B18-10247","station_name":"B18-10247","lat":34.31191,"lon":-119.54771,"county":"OOS","organization":"SCCWRP","batch_year":"2018"},{"station_id":"4035_B03","station_name":"B03_4035","lat":34.28359,"lon":-119.50714,"county":"FEDERAL WATERS","organization":"CRGML","batch_year":"2003"}]}},{"type":"Feature","geometry":{"type":"Polygon","coordinates":[[[-119.4029870098341,34.21892648049632],[-119.3714547131366,34.24342535681684],[-119.38049677826832,34.27770779385071],[-119.42108880389085,34.287482827102984],[-119.45261445066616,34.262976994988406],[-119.44355473604888,34.22870308930814],[-119.4029870098341,34.21892648049632]]]},"properties":{"h3_index":"862912637ffffff","station_count":3,"program_id":"bight","program":"Southern California Bight","resolution":6,"stations":[{"station_id":"SCBPP_0537","station_name":"0537_SCBPP","lat":34.25433,"lon":-119.43502,"county":"FEDERAL WATERS","organization":"SCCWRP","batch_year":"1994"},{"station_id":"SCBPP_0502","station_name":"0502_SCBPP","lat":34.27315,"lon":-119.40943,"county":"VENTURA","organization":"SCCWRP","batch_year":"1994"},{"station_id":"B18-10210","station_name":"B18-10210","lat":34.24356,"lon":-119.38531,"county":"OOS","organization":"SCCWRP","batch_year":"2018"}]}},{"type":"Feature","geometry":{"type":"Polygon","coordinates":[[[-119.62402564885105,34.3361176906043],[-119.59254573256841,34.36065201686173],[-119.6016551325691,34.39487212960795],[-119.64226200026417,34.404549300946165],[-119.67373501372407,34.38000807381096],[-119.66460807673698,34.34579658005387],[-119.62402564885105,34.3361176906043]]]},"properties":{"h3_index":"862912647ffffff","station_count":5,"program_id":"bight","program":"Southern California Bight","resolution":6,"stations":[{"station_id":"SCBPP_0189","station_name":"0189_SCBPP","lat":34.39905,"lon":-119.62103,"county":"SANTA BARBARA","organization":"SCCWRP","batch_year":"1994"},{"station_id":"SCBPP_0252","station_name":"0252_SCBPP","lat":34.38093,"lon":-119.62662,"county":"SANTA BARBARA","organization":"SCCWRP","batch_year":"1994"},{"station_id":"SCBPP_0289","station_name":"0289_SCBPP","lat":34.3694,"lon":-119.64722,"county":"SANTA BARBARA","organization":"SCCWRP","batch_year":"1994"},{"station_id":"2362_B98","station_name":"B98_2362","lat":34.36883,"lon":-119.66829,"county":"SANTA BARBARA","organization":"SCCWRP","batch_year":"1998"},{"station_id":"2363_B98","station_name":"B98_2363","lat":34.35528,"lon":-119.62877,"county":"FEDERAL WATERS","organization":"SCCWRP","batch_year":"1998"}]}},{"type":"Feature","geometry":{"type":"Polygon","coordinates":[[[-119.67373501372407,34.38000807381096],[-119.64226200026417,34.404549300946165],[-119.65138796720206,34.43875136449515],[-119.6920044790771,34.448403569738986],[-119.72347053063976,34.42385545820819],[-119.71432704668301,34.38966202965772],[-119.67373501372407,34.38000807381096]]]},"properties":{"h3_index":"86291264fffffff","station_count":11,"program_id":"bight","program":"Southern California Bight","resolution":6,"stations":[{"station_id":"SCBPP_0234","station_name":"0234_SCBPP","lat":34.38578,"lon":-119.68078,"county":"SANTA BARBARA","organization":"SCCWRP","batch_year":"1994"},{"station_id":"B18-10741","station_name":"B18-10741","lat":34.42166,"lon":-119.66171,"county":"SANTA BARBARA","organization":"SCCWRP","batch_year":"2018"},{"station_id":"2269_B98","station_name":"B98_2269","lat":34.3973,"lon":-119.6669,"county":"SANTA BARBARA","organization":"CRGML","batch_year":"1998"},{"station_id":"2272_B98","station_name":"B98_2272","lat":34.3983,"lon":-119.6593,"county":"SANTA BARBARA","organization":"SCCWRP","batch_year":"1998"},{"station_id":"4207_B03","station_name":"B03_4207","lat":34.3991,"lon":-119.66007,"county":"SANTA BARBARA","organization":"CRGML","batch_year":"2003"},{"station_id":"4047_B03","station_name":"B03_4047","lat":34.39548,"lon":-119.66218,"county":"SANTA BARBARA","organization":"CRGML","batch_year":"2003"},{"station_id":"7728_B08","station_name":"B08-7728","lat":34.39548,"lon":-119.66218,"county":"SANTA BARBARA","organization":"CSD","batch_year":"2008"},{"station_id":"B13-8431","station_name":"B13-8431 OpenwaterStation","lat":34.40438,"lon":-119.68903,"county":"SANTA BARBARA","organization":"SCCWRP","batch_year":"2013"},{"station_id":"B13-9466","station_name":"B13-9466 OpenwaterStation","lat":34.39548,"lon":-119.66218,"county":"SANTA BARBARA","organization":"SCCWRP","batch_year":"2013"},{"station_id":"B18-10207","station_name":"B18-10207","lat":34.396093,"lon":-119.662307,"county":"SANTA BARBARA","organization":"SCCWRP","batch_year":"2018"},{"station_id":"B18-10740","station_name":"B18-10740","lat":34.42128,"lon":-119.65961,"county":"SANTA BARBARA","organization":"SCCWRP","batch_year":"2018"}]}},{"type":"Feature","geometry":{"type":"Polygon","coordinates":[[[-119.55194856566703,34.35094992187587],[-119.52043639559356,34.375469616798185],[-119.52952820491488,34.40969830976959],[-119.57014978939695,34.419398731456305],[-119.6016551325691,34.39487212960795],[-119.59254573256841,34.36065201686173],[-119.55194856566703,34.35094992187587]]]},"properties":{"h3_index":"862912657ffffff","station_count":5,"program_id":"bight","program":"Southern California Bight","resolution":6,"stations":[{"station_id":"4079_B03","station_name":"B03_4079","lat":34.38357,"lon":-119.59577,"county":"SANTA BARBARA","organization":"CRGML","batch_year":"2003"},{"station_id":"SCBPP_0297","station_name":"0297_SCBPP","lat":34.36495,"lon":-119.54235,"county":"SANTA BARBARA","organization":"SCCWRP","batch_year":"1994"},{"station_id":"7714_B08","station_name":"B08-7714","lat":34.36211,"lon":-119.58528,"county":"SANTA BARBARA","organization":"CSD","batch_year":"2008"},{"station_id":"B13-9458","station_name":"B13-9458 OpenwaterStation","lat":34.36812,"lon":-119.54012,"county":"SANTA BARBARA","organization":"SCCWRP","batch_year":"2013"},{"station_id":"2361_B98","station_name":"B98_2361","lat":34.39968,"lon":-119.57106,"county":"SANTA BARBARA","organization":"CAS","batch_year":"1998"}]}},{"type":"Feature","geometry":{"type":"Polygon","coordinates":[[[-119.64636977429048,34.27734621771906],[-119.61491525643203,34.30188819052576],[-119.62402564885105,34.3361176906043],[-119.66460807673698,34.34579658005387],[-119.69605567504541,34.32124769597713],[-119.6869277794274,34.28702683754504],[-119.64636977429048,34.27734621771906]]]},"properties":{"h3_index":"862912667ffffff","station_count":5,"program_id":"bight","program":"Southern California Bight","resolution":6,"stations":[{"station_id":"SCBPP_0371","station_name":"0371_SCBPP","lat":34.33517,"lon":-119.64275,"county":"FEDERAL WATERS","organization":"SCCWRP","batch_year":"1994"},{"station_id":"SCBPP_0446","station_name":"0446_SCBPP","lat":34.30162,"lon":-119.68037,"county":"FEDERAL WATERS","organization":"SCCWRP","batch_year":"1994"},{"station_id":"SCBPP_0480","station_name":"0480_SCBPP","lat":34.28488,"lon":-119.64237,"county":"FEDERAL WATERS","organization":"SCCWRP","batch_year":"1994"},{"station_id":"2364_B98","station_name":"B98_2364","lat":34.34274,"lon":-119.65683,"county":"FEDERAL WATERS","organization":"OCSD","batch_year":"1998"},{"station_id":"4231_B03","station_name":"B03_4231","lat":34.29313,"lon":-119.66079,"county":"FEDERAL WATERS","organization":"USC","batch_year":"2003"}]}},{"type":"Feature","geometry":{"type":"Polygon","coordinates":[[[-119.69605567504541,34.32124769597713],[-119.66460807673698,34.34579658005387],[-119.67373501372407,34.38000807381096],[-119.71432704668301,34.38966202965772],[-119.74576766646591,34.365106250854474],[-119.73662324625785,34.330903414745215],[-119.69605567504541,34.32124769597713]]]},"properties":{"h3_index":"86291266fffffff","station_count":2,"program_id":"bight","program":"Southern California Bight","resolution":6,"stations":[{"station_id":"SCBPP_0360","station_name":"0360_SCBPP","lat":34.34122,"lon":-119.69108,"county":"FEDERAL WATERS","organization":"SCCWRP","batch_year":"1994"},{"station_id":"B18-10245","station_name":"B18-10245","lat":34.3576,"lon":-119.67377,"county":"SANTA BARBARA","organization":"SCCWRP","batch_year":"2018"}]}},{"type":"Feature","geometry":{"type":"Polygon","coordinates":[[[-119.57434249017405,34.29218440996765],[-119.5428557300839,34.31671181890882],[-119.55194856566703,34.35094992187587],[-119.59254573256841,34.36065201686173],[-119.62402564885105,34.3361176906043],[-119.61491525643203,34.30188819052576],[-119.57434249017405,34.29218440996765]]]},"properties":{"h3_index":"862912677ffffff","station_count":8,"program_id":"bight","program":"Southern California Bight","resolution":6,"stations":[{"station_id":"SCBPP_0407","station_name":"0407_SCBPP","lat":34.32157,"lon":-119.56273,"county":"FEDERAL WATERS","organization":"SCCWRP","batch_year":"1994"},{"station_id":"2365_B98","station_name":"B98_2365","lat":34.34408,"lon":-119.56258,"county":"FEDERAL WATERS","organization":"SCCWRP","batch_year":"1998"},{"station_id":"4099_B03","station_name":"B03_4099","lat":34.30636,"lon":-119.55858,"county":"FEDERAL WATERS","organization":"CRGML","batch_year":"2003"},{"station_id":"7708_B08","station_name":"B08-7708","lat":34.34408,"lon":-119.56258,"county":"FEDERAL WATERS","organization":"CSD","batch_year":"2008"},{"station_id":"B13-9449","station_name":"B13-9449 OpenwaterStation","lat":34.34408,"lon":-119.56258,"county":"SANTA BARBARA","organization":"SCCWRP","batch_year":"2013"},{"station_id":"B18-10246","station_name":"B18-10246","lat":34.3441,"lon":-119.56253,"county":"OOS","organization":"SCCWRP","batch_year":"2018"},{"station_id":"2366_B98","station_name":"B98_2366","lat":34.33147,"lon":-119.61059,"county":"FEDERAL WATERS","organization":"SCCWRP","batch_year":"1998"},{"station_id":"4335_B03","station_name":"B03_4335","lat":34.34981,"lon":-119.56926,"county":"SANTA BARBARA","organization":"USC","batch_year":"2003"}]}},{"type":"Feature","geometry":{"type":"Polygon","coordinates":[[[-119.44788815740766,34.101313108238315],[-119.41640654991794,34.12582727140538],[-119.42545078963214,34.16012820392267],[-119.4659942330476,34.16990640040669],[-119.49746915629507,34.1453852602335],[-119.48840733464644,34.11109290444636],[-119.44788815740766,34.101313108238315]]]},"properties":{"h3_index":"862912707ffffff","station_count":2,"program_id":"bight","program":"Southern California Bight","resolution":6,"stations":[{"station_id":"SCBPP_0739","station_name":"0739_SCBPP","lat":34.16478,"lon":-119.4461,"county":"FEDERAL WATERS","organization":"SCCWRP","batch_year":"1994"},{"station_id":"SCBPP_0753","station_name":"0753_SCBPP","lat":34.1557,"lon":-119.42623,"county":"FEDERAL WATERS","organization":"SCCWRP","batch_year":"1994"}]}},{"type":"Feature","geometry":{"type":"Polygon","coordinates":[[[-119.49746915629507,34.1453852602335],[-119.4659942330476,34.16990640040669],[-119.47505500694815,34.20418956413976],[-119.51560828083349,34.21394299845817],[-119.54707646110184,34.18941489764706],[-119.53799812477432,34.155140327009505],[-119.49746915629507,34.1453852602335]]]},"properties":{"h3_index":"86291270fffffff","station_count":3,"program_id":"bight","program":"Southern California Bight","resolution":6,"stations":[{"station_id":"2374_B98","station_name":"B98_2374","lat":34.18842,"lon":-119.49138,"county":"FEDERAL WATERS","organization":"CAS","batch_year":"1998"},{"station_id":"SCBPP_0661","station_name":"0661_SCBPP","lat":34.20527,"lon":-119.50637,"county":"FEDERAL WATERS","organization":"SCCWRP","batch_year":"1994"},{"station_id":"7625_B08","station_name":"B08-7625","lat":34.17009,"lon":-119.53296,"county":"FEDERAL WATERS","organization":"CSD","batch_year":"2008"}]}},{"type":"Feature","geometry":{"type":"Polygon","coordinates":[[[-119.37587299297779,34.11602435622224],[-119.34435944660684,34.14052393238985],[-119.3533860512662,34.17483340248437],[-119.39394385161036,34.184634762722176],[-119.42545078963214,34.16012820392267],[-119.41640654991794,34.12582727140538],[-119.37587299297779,34.11602435622224]]]},"properties":{"h3_index":"862912717ffffff","station_count":6,"program_id":"bight","program":"Southern California Bight","resolution":6,"stations":[{"station_id":"SCBPP_0757","station_name":"0757_SCBPP","lat":34.152,"lon":-119.37165,"county":"FEDERAL WATERS","organization":"SCCWRP","batch_year":"1994"},{"station_id":"7604_B08","station_name":"B08-7604","lat":34.13287,"lon":-119.3797,"county":"FEDERAL WATERS","organization":"CSD","batch_year":"2008"},{"station_id":"B18-10295","station_name":"B18-10295","lat":34.13292,"lon":-119.36349,"county":"OOS","organization":"SCCWRP","batch_year":"2018"},{"station_id":"4237_B03","station_name":"B03_4237","lat":34.12721,"lon":-119.4018,"county":"FEDERAL WATERS","organization":"CRGML","batch_year":"2003"},{"station_id":"B03W167_B03","station_name":"B03_B03W167","lat":34.1638,"lon":-119.3527,"county":"FEDERAL WATERS","organization":"USC","batch_year":"2003"},{"station_id":"B03W166_B03","station_name":"B03_B03W166","lat":34.16407,"lon":-119.39658,"county":"FEDERAL WATERS","organization":"USC","batch_year":"2003"}]}},{"type":"Feature","geometry":{"type":"Polygon","coordinates":[[[-119.42545078963214,34.16012820392267],[-119.39394385161036,34.184634762722176],[-119.4029870098341,34.21892648049632],[-119.44355473604888,34.22870308930814],[-119.47505500694815,34.20418956413976],[-119.4659942330476,34.16990640040669],[-119.42545078963214,34.16012820392267]]]},"properties":{"h3_index":"86291271fffffff","station_count":5,"program_id":"bight","program":"Southern California Bight","resolution":6,"stations":[{"station_id":"SCBPP_0714","station_name":"0714_SCBPP","lat":34.17782,"lon":-119.45438,"county":"FEDERAL WATERS","organization":"SCCWRP","batch_year":"1994"},{"station_id":"4147_B03","station_name":"B03_4147","lat":34.16886,"lon":-119.46023,"county":"FEDERAL WATERS","organization":"CSD","batch_year":"2003"},{"station_id":"B18-10293","station_name":"B18-10293","lat":34.16894,"lon":-119.46091,"county":"OOS","organization":"SCCWRP","batch_year":"2018"},{"station_id":"7624_B08","station_name":"B08-7624","lat":34.16886,"lon":-119.46023,"county":"FEDERAL WATERS","organization":"CSD","batch_year":"2008"},{"station_id":"4275_B03","station_name":"B03_4275","lat":34.1959,"lon":-119.45404,"county":"FEDERAL WATERS","organization":"USC","batch_year":"2003"}]}},{"type":"Feature","geometry":{"type":"Polygon","coordinates":[[[-119.470299152845,34.0424813377251],[-119.43884284776706,34.06700302709229],[-119.44788815740766,34.101313108238315],[-119.48840733464644,34.11109290444636],[-119.51985693844274,34.086564227373586],[-119.51079408054372,34.05226274564802],[-119.470299152845,34.0424813377251]]]},"properties":{"h3_index":"862912727ffffff","station_count":8,"program_id":"bight","program":"Southern California Bight","resolution":6,"stations":[{"station_id":"B18-10385","station_name":"B18-10385","lat":34.079717,"lon":-119.511233,"county":"SANTA BARBARA","organization":"SCCWRP","batch_year":"2018"},{"station_id":"B18-10389","station_name":"B18-10389","lat":34.058697,"lon":-119.497074,"county":"SANTA BARBARA","organization":"SCCWRP","batch_year":"2018"},{"station_id":"4657_B03","station_name":"B03_4657","lat":34.05698,"lon":-119.47359,"county":"VENTURA","organization":"CSD","batch_year":"2003"},{"station_id":"7555_B08","station_name":"B08-7555","lat":34.07876,"lon":-119.51005,"county":"SANTA BARBARA","organization":"CSD","batch_year":"2008"},{"station_id":"7540_B08","station_name":"B08-7540","lat":34.0587,"lon":-119.4967,"county":"SANTA BARBARA","organization":"CLAEMD","batch_year":"2008"},{"station_id":"4163_B03","station_name":"B03_4163","lat":34.07876,"lon":-119.51005,"county":"SANTA BARBARA","organization":"CSD","batch_year":"2003"},{"station_id":"B13-9357","station_name":"B13-9357 OpenwaterStation","lat":34.0587,"lon":-119.4967,"county":"SANTA BARBARA","organization":"SCCWRP","batch_year":"2013"},{"station_id":"B13-9365","station_name":"B13-9365 OpenwaterStation","lat":34.07876,"lon":-119.51005,"county":"SANTA BARBARA","organization":"SCCWRP","batch_year":"2013"}]}},{"type":"Feature","geometry":{"type":"Polygon","coordinates":[[[-119.61905118999019,34.17460258856755],[-119.58761516473555,34.19914519172023],[-119.59671001833578,34.233401917616035],[-119.63725840090096,34.2431073959582],[-119.66868754877612,34.21855785451906],[-119.6595752058264,34.18430977684405],[-119.61905118999019,34.17460258856755]]]},"properties":{"h3_index":"862912747ffffff","station_count":11,"program_id":"bight","program":"Southern California Bight","resolution":6,"stations":[{"station_id":"SCBPP_0604","station_name":"0604_SCBPP","lat":34.22755,"lon":-119.61892,"county":"FEDERAL WATERS","organization":"SCCWRP","batch_year":"1994"},{"station_id":"SCBPP_0682","station_name":"0682_SCBPP","lat":34.19715,"lon":-119.63373,"county":"FEDERAL WATERS","organization":"SCCWRP","batch_year":"1994"},{"station_id":"4323_B03","station_name":"B03_4323","lat":34.19776,"lon":-119.62915,"county":"FEDERAL WATERS","organization":"CRGML","batch_year":"2003"},{"station_id":"4425_B03","station_name":"B03_4425","lat":34.22125,"lon":-119.64195,"county":"FEDERAL WATERS","organization":"CSD","batch_year":"2003"},{"station_id":"B18-10289","station_name":"B18-10289","lat":34.22411,"lon":-119.6061,"county":"OOS","organization":"SCCWRP","batch_year":"2018"},{"station_id":"B18-10292","station_name":"B18-10292","lat":34.19564,"lon":-119.63729,"county":"OOS","organization":"SCCWRP","batch_year":"2018"},{"station_id":"B13-9413","station_name":"B13-9413 OpenwaterStation","lat":34.22414,"lon":-119.60633,"county":"SANTA BARBARA","organization":"SCCWRP","batch_year":"2013"},{"station_id":"7651_B08","station_name":"B08-7651","lat":34.22414,"lon":-119.60633,"county":"FEDERAL WATERS","organization":"CSD","batch_year":"2008"},{"station_id":"B13-9403","station_name":"B13-9403 OpenwaterStation","lat":34.20641,"lon":-119.63271,"county":"SANTA BARBARA","organization":"SCCWRP","batch_year":"2013"},{"station_id":"B13-9407","station_name":"B13-9407 OpenwaterStation","lat":34.21626,"lon":-119.60595,"county":"SANTA BARBARA","organization":"SCCWRP","batch_year":"2013"},{"station_id":"4195_B03","station_name":"B03_4195","lat":34.22414,"lon":-119.60633,"county":"FEDERAL WATERS","organization":"CRGML","batch_year":"2003"}]}},{"type":"Feature","geometry":{"type":"Polygon","coordinates":[[[-119.66868754877612,34.21855785451906],[-119.63725840090096,34.2431073959582],[-119.64636977429048,34.27734621771906],[-119.6869277794274,34.28702683754504],[-119.71834999110509,34.26247037438026],[-119.70922114823699,34.228240216924995],[-119.66868754877612,34.21855785451906]]]},"properties":{"h3_index":"86291274fffffff","station_count":11,"program_id":"bight","program":"Southern California Bight","resolution":6,"stations":[{"station_id":"4067_B03","station_name":"B03_4067","lat":34.23016,"lon":-119.68744,"county":"FEDERAL WATERS","organization":"CSD","batch_year":"2003"},{"station_id":"B18-10284","station_name":"B18-10284","lat":34.27241,"lon":-119.65734,"county":"OOS","organization":"SCCWRP","batch_year":"2018"},{"station_id":"B18-10286","station_name":"B18-10286","lat":34.24398,"lon":-119.70575,"county":"OOS","organization":"SCCWRP","batch_year":"2018"},{"station_id":"B18-10287","station_name":"B18-10287","lat":34.23294,"lon":-119.70663,"county":"OOS","organization":"SCCWRP","batch_year":"2018"},{"station_id":"B18-10288","station_name":"B18-10288","lat":34.2303,"lon":-119.68725,"county":"OOS","organization":"SCCWRP","batch_year":"2018"},{"station_id":"7652_B08","station_name":"B08-7652","lat":34.23016,"lon":-119.68744,"county":"FEDERAL WATERS","organization":"CSD","batch_year":"2008"},{"station_id":"7654_B08","station_name":"B08-7654","lat":34.23279,"lon":-119.70681,"county":"FEDERAL WATERS","organization":"CSD","batch_year":"2008"},{"station_id":"B13-9417","station_name":"B13-9417 OpenwaterStation","lat":34.23279,"lon":-119.70681,"county":"SANTA BARBARA","organization":"SCCWRP","batch_year":"2013"},{"station_id":"B13-9416","station_name":"B13-9416 OpenwaterStation","lat":34.23016,"lon":-119.68744,"county":"SANTA BARBARA","organization":"SCCWRP","batch_year":"2013"},{"station_id":"B13-9415","station_name":"B13-9415 OpenwaterStation","lat":34.22748,"lon":-119.69712,"county":"SANTA BARBARA","organization":"SCCWRP","batch_year":"2013"},{"station_id":"4103_B03","station_name":"B03_4103","lat":34.23279,"lon":-119.70681,"county":"FEDERAL WATERS","organization":"CRGML","batch_year":"2003"}]}},{"type":"Feature","geometry":{"type":"Polygon","coordinates":[[[-119.54707646110184,34.18941489764706],[-119.51560828083349,34.21394299845817],[-119.5246855916318,34.24820833372413],[-119.56524863984382,34.25793696265295],[-119.59671001833578,34.233401917616035],[-119.58761516473555,34.19914519172023],[-119.54707646110184,34.18941489764706]]]},"properties":{"h3_index":"862912757ffffff","station_count":3,"program_id":"bight","program":"Southern California Bight","resolution":6,"stations":[{"station_id":"4227_B03","station_name":"B03_4227","lat":34.20677,"lon":-119.56748,"county":"FEDERAL WATERS","organization":"CRGML","batch_year":"2003"},{"station_id":"B18-10291","station_name":"B18-10291","lat":34.1969,"lon":-119.57137,"county":"OOS","organization":"SCCWRP","batch_year":"2018"},{"station_id":"7645_B08","station_name":"B08-7645","lat":34.21335,"lon":-119.59106,"county":"FEDERAL WATERS","organization":"CSD","batch_year":"2008"}]}},{"type":"Feature","geometry":{"type":"Polygon","coordinates":[[[-119.59671001833578,34.233401917616035],[-119.56524863984382,34.25793696265295],[-119.57434249017405,34.29218440996765],[-119.61491525643203,34.30188819052576],[-119.64636977429048,34.27734621771906],[-119.63725840090096,34.2431073959582],[-119.59671001833578,34.233401917616035]]]},"properties":{"h3_index":"86291275fffffff","station_count":7,"program_id":"bight","program":"Southern California Bight","resolution":6,"stations":[{"station_id":"SCBPP_0499","station_name":"0499_SCBPP","lat":34.27447,"lon":-119.64338,"county":"FEDERAL WATERS","organization":"SCCWRP","batch_year":"1994"},{"station_id":"SCBPP_0503","station_name":"0503_SCBPP","lat":34.2729,"lon":-119.57535,"county":"FEDERAL WATERS","organization":"SCCWRP","batch_year":"1994"},{"station_id":"SCBPP_0577","station_name":"0577_SCBPP","lat":34.24008,"lon":-119.59933,"county":"FEDERAL WATERS","organization":"SCCWRP","batch_year":"1994"},{"station_id":"SCBPP_0460","station_name":"0460_SCBPP","lat":34.29385,"lon":-119.60048,"county":"FEDERAL WATERS","organization":"SCCWRP","batch_year":"1994"},{"station_id":"2372_B98","station_name":"B98_2372","lat":34.23981,"lon":-119.60213,"county":"FEDERAL WATERS","organization":"CSD","batch_year":"1998"},{"station_id":"B13-9433","station_name":"B13-9433 OpenwaterStation","lat":34.27832,"lon":-119.58314,"county":"SANTA BARBARA","organization":"SCCWRP","batch_year":"2013"},{"station_id":"4355_B03","station_name":"B03_4355","lat":34.25865,"lon":-119.61226,"county":"FEDERAL WATERS","organization":"USC","batch_year":"2003"}]}},{"type":"Feature","geometry":{"type":"Polygon","coordinates":[[[-119.64136604491355,34.115786566742266],[-119.60995534455958,34.140336649974905],[-119.61905118999019,34.17460258856755],[-119.6595752058264,34.18430977684405],[-119.69097901213459,34.15975274474549],[-119.68186571099751,34.12549547704184],[-119.64136604491355,34.115786566742266]]]},"properties":{"h3_index":"862912767ffffff","station_count":1,"program_id":"bight","program":"Southern California Bight","resolution":6,"stations":[{"station_id":"7620_B08","station_name":"B08-7620","lat":34.16217,"lon":-119.66426,"county":"FEDERAL WATERS","organization":"CSD","batch_year":"2008"}]}},{"type":"Feature","geometry":{"type":"Polygon","coordinates":[[[-119.69097901213459,34.15975274474549],[-119.6595752058264,34.18430977684405],[-119.66868754877612,34.21855785451906],[-119.70922114823699,34.228240216924995],[-119.74061800177988,34.203676252582014],[-119.73148822300506,34.16943686187304],[-119.69097901213459,34.15975274474549]]]},"properties":{"h3_index":"86291276fffffff","station_count":1,"program_id":"bight","program":"Southern California Bight","resolution":6,"stations":[{"station_id":"SCBPP_0670","station_name":"0670_SCBPP","lat":34.20282,"lon":-119.66537,"county":"FEDERAL WATERS","organization":"SCCWRP","batch_year":"1994"}]}},{"type":"Feature","geometry":{"type":"Polygon","coordinates":[[[-119.56944096864952,34.13060467866024],[-119.53799812477432,34.155140327009505],[-119.54707646110184,34.18941489764706],[-119.58761516473555,34.19914519172023],[-119.61905118999019,34.17460258856755],[-119.60995534455958,34.140336649974905],[-119.56944096864952,34.13060467866024]]]},"properties":{"h3_index":"862912777ffffff","station_count":1,"program_id":"bight","program":"Southern California Bight","resolution":6,"stations":[{"station_id":"SCBPP_0708","station_name":"0708_SCBPP","lat":34.18492,"lon":-119.56937,"county":"FEDERAL WATERS","organization":"SCCWRP","batch_year":"1994"}]}},{"type":"Feature","geometry":{"type":"Polygon","coordinates":[[[-119.28127512462495,34.189500748974005],[-119.24970435264414,34.2139779258214],[-119.25871212006724,34.248286634095344],[-119.29930839567614,34.25810969383037],[-119.3308726528895,34.23362553946517],[-119.32184716351708,34.19932530680923],[-119.28127512462495,34.189500748974005]]]},"properties":{"h3_index":"862912787ffffff","station_count":23,"program_id":"bight","program":"Southern California Bight","resolution":6,"stations":[{"station_id":"SCBPP_0617","station_name":"0617_SCBPP","lat":34.223,"lon":-119.2823,"county":"VENTURA","organization":"SCCWRP","batch_year":"1994"},{"station_id":"B18-10658","station_name":"B18-10658","lat":34.23463,"lon":-119.25753,"county":"VENTURA","organization":"SCCWRP","batch_year":"2018"},{"station_id":"4189_B03","station_name":"B03_4189","lat":34.20065,"lon":-119.30295,"county":"VENTURA","organization":"CRGML","batch_year":"2003"},{"station_id":"2330_B98","station_name":"B98_2330","lat":34.2394,"lon":-119.2807,"county":"VENTURA","organization":"SCCWRP","batch_year":"1998"},{"station_id":"B03_B03W128","station_name":"B03W128_B03","lat":34.23412,"lon":-119.28981,"county":"VENTURA","organization":"USC","batch_year":"2003"},{"station_id":"SCBPP_0552","station_name":"0552_SCBPP","lat":34.25013,"lon":-119.28585,"county":"VENTURA","organization":"SCCWRP","batch_year":"1994"},{"station_id":"6560_B08","station_name":"B08-6560","lat":34.24867,"lon":-119.26405,"county":"VENTURA","organization":"ABCL","batch_year":"2008"},{"station_id":"B18-10212","station_name":"B18-10212","lat":34.19924,"lon":-119.29642,"county":"VENTURA","organization":"SCCWRP","batch_year":"2018"},{"station_id":"B03W143_B03","station_name":"B03_B03W143","lat":34.20041,"lon":-119.31078,"county":"VENTURA","organization":"USC","batch_year":"2003"},{"station_id":"B03_B03W136","station_name":"B03W136_B03","lat":34.21801,"lon":-119.28971,"county":"VENTURA","organization":"USC","batch_year":"2003"},{"station_id":"SCBPP_0595","station_name":"0595_SCBPP","lat":34.23253,"lon":-119.29198,"county":"VENTURA","organization":"CLAEMD","batch_year":"1994"},{"station_id":"B13-8430","station_name":"B13-8430 OpenwaterStation","lat":34.24421,"lon":-119.26488,"county":"VENTURA","organization":"SCCWRP","batch_year":"2013"},{"station_id":"SCBPP_0560","station_name":"0560_SCBPP","lat":34.24607,"lon":-119.28293,"county":"VENTURA","organization":"OCSD","batch_year":"1994"},{"station_id":"2128_B98","station_name":"B98_2128","lat":34.24604,"lon":-119.25924,"county":"VENTURA","organization":"CRGML","batch_year":"1998"},{"station_id":"2331_B98","station_name":"B98_2331","lat":34.2458,"lon":-119.2894,"county":"VENTURA","organization":"SCCWRP","batch_year":"1998"},{"station_id":"2329_B98","station_name":"B98_2329","lat":34.25,"lon":-119.2766,"county":"VENTURA","organization":"OCSD","batch_year":"1998"},{"station_id":"2328_B98","station_name":"B98_2328","lat":34.2202,"lon":-119.2889,"county":"VENTURA","organization":"OCSD","batch_year":"1998"},{"station_id":"B03_B03W129","station_name":"B03W129_B03","lat":34.23407,"lon":-119.26808,"county":"VENTURA","organization":"USC","batch_year":"2003"},{"station_id":"B03_B03W121","station_name":"B03W121_B03","lat":34.25202,"lon":-119.28992,"county":"VENTURA","organization":"USC","batch_year":"2003"},{"station_id":"B03_B03W135","station_name":"B03W135_B03","lat":34.21792,"lon":-119.3111,"county":"VENTURA","organization":"USC","batch_year":"2003"},{"station_id":"B03_B03W127","station_name":"B03W127_B03","lat":34.2338,"lon":-119.31121,"county":"VENTURA","organization":"USC","batch_year":"2003"},{"station_id":"B03_B03W137","station_name":"B03W137_B03","lat":34.21819,"lon":-119.26841,"county":"VENTURA","organization":"USC","batch_year":"2003"},{"station_id":"B03W302_B03","station_name":"B03_B03W302","lat":34.2315,"lon":-119.265,"county":"VENTURA","organization":"USC","batch_year":"2003"}]}},{"type":"Feature","geometry":{"type":"Polygon","coordinates":[[[-119.3308726528895,34.23362553946517],[-119.29930839567614,34.25810969383037],[-119.30833275809363,34.29240062305244],[-119.34893909472807,34.30219890963774],[-119.38049677826832,34.27770779385071],[-119.3714547131366,34.24342535681684],[-119.3308726528895,34.23362553946517]]]},"properties":{"h3_index":"86291278fffffff","station_count":20,"program_id":"bight","program":"Southern California Bight","resolution":6,"stations":[{"station_id":"SCBPP_0530","station_name":"0530_SCBPP","lat":34.25817,"lon":-119.32553,"county":"VENTURA","organization":"SCCWRP","batch_year":"1994"},{"station_id":"SCBPP_0540","station_name":"0540_SCBPP","lat":34.2541,"lon":-119.30723,"county":"VENTURA","organization":"SCCWRP","batch_year":"1994"},{"station_id":"4203_B03","station_name":"B03_4203","lat":34.26386,"lon":-119.37103,"county":"VENTURA","organization":"CRGML","batch_year":"2003"},{"station_id":"B18-10184","station_name":"B18-10184","lat":34.27683,"lon":-119.30746,"county":"VENTURA","organization":"SCCWRP","batch_year":"2018"},{"station_id":"2340_B98","station_name":"B98_2340","lat":34.265,"lon":-119.3408,"county":"VENTURA","organization":"CRGML","batch_year":"1998"},{"station_id":"7681_B08","station_name":"B08-7681","lat":34.28399,"lon":-119.35491,"county":"VENTURA","organization":"CSD","batch_year":"2008"},{"station_id":"SCBPP_0533","station_name":"0533_SCBPP","lat":34.25745,"lon":-119.32988,"county":"VENTURA","organization":"TEX-AM","batch_year":"1994"},{"station_id":"B03_B03W301","station_name":"B03W301_B03","lat":34.2781,"lon":-119.315,"county":"VENTURA","organization":"USC","batch_year":"2003"},{"station_id":"4043_B03","station_name":"B03_4043","lat":34.28399,"lon":-119.35491,"county":"VENTURA","organization":"CRGML","batch_year":"2003"},{"station_id":"4331_B03","station_name":"B03_4331","lat":34.25494,"lon":-119.32504,"county":"VENTURA","organization":"CRGML","batch_year":"2003"},{"station_id":"2339_B98","station_name":"B98_2339","lat":34.26696,"lon":-119.31223,"county":"VENTURA","organization":"CRGML","batch_year":"1998"},{"station_id":"2338_B98","station_name":"B98_2338","lat":34.2697,"lon":-119.3411,"county":"VENTURA","organization":"CRGML","batch_year":"1998"},{"station_id":"B03_B03W113","station_name":"B03W113_B03","lat":34.27024,"lon":-119.31132,"county":"VENTURA","organization":"USC","batch_year":"2003"},{"station_id":"B03_B03W111","station_name":"B03W111_B03","lat":34.27036,"lon":-119.35466,"county":"VENTURA","organization":"USC","batch_year":"2003"},{"station_id":"B18-10209","station_name":"B18-10209","lat":34.28353,"lon":-119.35437,"county":"VENTURA","organization":"SCCWRP","batch_year":"2018"},{"station_id":"B03_B03W112","station_name":"B03W112_B03","lat":34.26988,"lon":-119.33196,"county":"VENTURA","organization":"USC","batch_year":"2003"},{"station_id":"B03_B03W120","station_name":"B03W120_B03","lat":34.25157,"lon":-119.31132,"county":"VENTURA","organization":"USC","batch_year":"2003"},{"station_id":"B03_B03W119","station_name":"B03W119_B03","lat":34.25148,"lon":-119.33218,"county":"VENTURA","organization":"USC","batch_year":"2003"},{"station_id":"B03_B03W126","station_name":"B03W126_B03","lat":34.23398,"lon":-119.33228,"county":"VENTURA","organization":"USC","batch_year":"2003"},{"station_id":"B13-9434","station_name":"B13-9434 OpenwaterStation","lat":34.28399,"lon":-119.35491,"county":"VENTURA","organization":"SCCWRP","batch_year":"2013"}]}},{"type":"Feature","geometry":{"type":"Polygon","coordinates":[[[-119.25871212006724,34.248286634095344],[-119.22711596807007,34.27275599349691],[-119.23612257462173,34.30705537563747],[-119.27674310330704,34.31687694939869],[-119.30833275809363,34.29240062305244],[-119.29930839567614,34.25810969383037],[-119.25871212006724,34.248286634095344]]]},"properties":{"h3_index":"86291279fffffff","station_count":2,"program_id":"bight","program":"Southern California Bight","resolution":6,"stations":[{"station_id":"B18-10045","station_name":"B18-10045","lat":34.25844,"lon":-119.2669,"county":"VENTURA","organization":"SCCWRP","batch_year":"2018"},{"station_id":"B03_B03W114","station_name":"B03W114_B03","lat":34.26988,"lon":-119.28949,"county":"VENTURA","organization":"USC","batch_year":"2003"}]}},{"type":"Feature","geometry":{"type":"Polygon","coordinates":[[[-119.30381162805679,34.13069786438827],[-119.27226620806468,34.15518278055982],[-119.28127512462495,34.189500748974005],[-119.32184716351708,34.19932530680923],[-119.3533860512662,34.17483340248437],[-119.34435944660684,34.14052393238985],[-119.30381162805679,34.13069786438827]]]},"properties":{"h3_index":"8629127a7ffffff","station_count":7,"program_id":"bight","program":"Southern California Bight","resolution":6,"stations":[{"station_id":"SCBPP_0759","station_name":"0759_SCBPP","lat":34.15073,"lon":-119.29808,"county":"FEDERAL WATERS","organization":"PACE","batch_year":"1994"},{"station_id":"2376_B98","station_name":"B98_2376","lat":34.17867,"lon":-119.34686,"county":"FEDERAL WATERS","organization":"CRGML","batch_year":"1998"},{"station_id":"B18-10213","station_name":"B18-10213","lat":34.17873,"lon":-119.34684,"county":"OOS","organization":"SCCWRP","batch_year":"2018"},{"station_id":"7629_B08","station_name":"B08-7629","lat":34.17867,"lon":-119.34686,"county":"FEDERAL WATERS","organization":"CSD","batch_year":"2008"},{"station_id":"SCBPP_0758","station_name":"0758_SCBPP","lat":34.1509,"lon":-119.27972,"county":"VENTURA","organization":"SCCWRP","batch_year":"1994"},{"station_id":"B03W168_B03","station_name":"B03_B03W168","lat":34.1638,"lon":-119.31122,"county":"FEDERAL WATERS","organization":"USC","batch_year":"2003"},{"station_id":"B03_B03W150","station_name":"B03W150_B03","lat":34.18281,"lon":-119.33272,"county":"FEDERAL WATERS","organization":"USC","batch_year":"2003"}]}},{"type":"Feature","geometry":{"type":"Polygon","coordinates":[[[-119.3533860512662,34.17483340248437],[-119.32184716351708,34.19932530680923],[-119.3308726528895,34.23362553946517],[-119.3714547131366,34.24342535681684],[-119.4029870098341,34.21892648049632],[-119.39394385161036,34.184634762722176],[-119.3533860512662,34.17483340248437]]]},"properties":{"h3_index":"8629127afffffff","station_count":11,"program_id":"bight","program":"Southern California Bight","resolution":6,"stations":[{"station_id":"2373_B98","station_name":"B98_2373","lat":34.22055,"lon":-119.38588,"county":"FEDERAL WATERS","organization":"CRGML","batch_year":"1998"},{"station_id":"2375_B98","station_name":"B98_2375","lat":34.18758,"lon":-119.3554,"county":"FEDERAL WATERS","organization":"CRGML","batch_year":"1998"},{"station_id":"B18-10249","station_name":"B18-10249","lat":34.19588,"lon":-119.39064,"county":"OOS","organization":"SCCWRP","batch_year":"2018"},{"station_id":"B03W141_B03","station_name":"B03_B03W141","lat":34.20059,"lon":-119.354,"county":"FEDERAL WATERS","organization":"USC","batch_year":"2003"},{"station_id":"SCBPP_0621","station_name":"0621_SCBPP","lat":34.22007,"lon":-119.3739,"county":"FEDERAL WATERS","organization":"SCCWRP","batch_year":"1994"},{"station_id":"SCBPP_0652","station_name":"0652_SCBPP","lat":34.2082,"lon":-119.34722,"county":"FEDERAL WATERS","organization":"SCCWRP","batch_year":"1994"},{"station_id":"SCBPP_0665","station_name":"0665_SCBPP","lat":34.20447,"lon":-119.3463,"county":"FEDERAL WATERS","organization":"PACE","batch_year":"1994"},{"station_id":"7647_B08","station_name":"B08-7647","lat":34.21884,"lon":-119.35474,"county":"FEDERAL WATERS","organization":"CSD","batch_year":"2008"},{"station_id":"4317_B03","station_name":"B03_4317","lat":34.18276,"lon":-119.35365,"county":"FEDERAL WATERS","organization":"SCCWRP","batch_year":"2003"},{"station_id":"B18-10211","station_name":"B18-10211","lat":34.22837,"lon":-119.352,"county":"OOS","organization":"SCCWRP","batch_year":"2018"},{"station_id":"B03_B03W125","station_name":"B03W125_B03","lat":34.23425,"lon":-119.35444,"county":"FEDERAL WATERS","organization":"USC","batch_year":"2003"}]}},{"type":"Feature","geometry":{"type":"Polygon","coordinates":[[[-119.23170424636781,34.145333526099094],[-119.20012701846234,34.16980370937675],[-119.20911819395653,34.20413013674857],[-119.24970435264414,34.2139779258214],[-119.28127512462495,34.189500748974005],[-119.27226620806468,34.15518278055982],[-119.23170424636781,34.145333526099094]]]},"properties":{"h3_index":"8629127b7ffffff","station_count":11,"program_id":"bight","program":"Southern California Bight","resolution":6,"stations":[{"station_id":"B18-10046","station_name":"B18-10046","lat":34.1712,"lon":-119.2235,"county":"VENTURA","organization":"SCCWRP","batch_year":"2018"},{"station_id":"4131_B03","station_name":"B03_4131","lat":34.16239,"lon":-119.22486,"county":"VENTURA","organization":"CRGML","batch_year":"2003"},{"station_id":"2129_B98","station_name":"B98_2129","lat":34.17298,"lon":-119.22742,"county":"VENTURA","organization":"CRGML","batch_year":"1998"},{"station_id":"2132_B98","station_name":"B98_2132","lat":34.1563,"lon":-119.22732,"county":"VENTURA","organization":"CSD","batch_year":"1998"},{"station_id":"6549_B08","station_name":"B08-6549","lat":34.1712,"lon":-119.2235,"county":"VENTURA","organization":"ABCL","batch_year":"2008"},{"station_id":"6553_B08","station_name":"B08-6553","lat":34.18464,"lon":-119.2309,"county":"VENTURA","organization":"ABCL","batch_year":"2008"},{"station_id":"2131_B98","station_name":"B98_2131","lat":34.16291,"lon":-119.22436,"county":"VENTURA","organization":"CRGML","batch_year":"1998"},{"station_id":"2130_B98","station_name":"B98_2130","lat":34.1712,"lon":-119.2235,"county":"VENTURA","organization":"CSD","batch_year":"1998"},{"station_id":"B13-8426","station_name":"B13-8426 OpenwaterStation","lat":34.17297,"lon":-119.22346,"county":"VENTURA","organization":"SCCWRP","batch_year":"2013"},{"station_id":"B13-8425","station_name":"B13-8425 OpenwaterStation","lat":34.1712,"lon":-119.2235,"county":"VENTURA","organization":"SCCWRP","batch_year":"2013"},{"station_id":"B03W169_B03","station_name":"B03_B03W169","lat":34.1638,"lon":-119.2669,"county":"VENTURA","organization":"USC","batch_year":"2003"}]}},{"type":"Feature","geometry":{"type":"Polygon","coordinates":[[[-120.08828978155316,33.80560388436481],[-120.05714151562293,33.8302528302853],[-120.06632729062295,33.86451076464371],[-120.10667840083225,33.874110802664276],[-120.13781933652312,33.84945489609469],[-120.12861650660469,33.815205915779124],[-120.08828978155316,33.80560388436481]]]},"properties":{"h3_index":"862912a1fffffff","station_count":2,"program_id":"bight","program":"Southern California Bight","resolution":6,"stations":[{"station_id":"4561_B03","station_name":"B03_4561","lat":33.82683,"lon":-120.07563,"county":"FEDERAL WATERS","organization":"CSD","batch_year":"2003"},{"station_id":"7408_B08","station_name":"B08-7408","lat":33.84025,"lon":-120.07927,"county":"FEDERAL WATERS","organization":"CSD","batch_year":"2008"}]}},{"type":"Feature","geometry":{"type":"Polygon","coordinates":[[[-119.94526139259541,33.835615759667874],[-119.9140483748284,33.86023703677989],[-119.92319987953367,33.89451276427268],[-119.96358157820508,33.90415834095523],[-119.99478741320351,33.87953009043169],[-119.98561874662936,33.84526324031179],[-119.94526139259541,33.835615759667874]]]},"properties":{"h3_index":"862912a87ffffff","station_count":1,"program_id":"bight","program":"Southern California Bight","resolution":6,"stations":[{"station_id":"4299_B03","station_name":"B03_4299","lat":33.87472,"lon":-119.94776,"county":"FEDERAL WATERS","organization":"CSD","batch_year":"2003"}]}},{"type":"Feature","geometry":{"type":"Polygon","coordinates":[[[-119.99478741320351,33.87953009043169],[-119.96358157820508,33.90415834095523],[-119.97274943150224,33.93841633370556],[-120.0131402757337,33.948037186472426],[-120.04433886976425,33.92340197970772],[-120.0351538748931,33.889152880081866],[-119.99478741320351,33.87953009043169]]]},"properties":{"h3_index":"862912a8fffffff","station_count":1,"program_id":"bight","program":"Southern California Bight","resolution":6,"stations":[{"station_id":"4235_B03","station_name":"B03_4235","lat":33.88651,"lon":-120.01008,"county":"SANTA BARBARA","organization":"CSD","batch_year":"2003"}]}},{"type":"Feature","geometry":{"type":"Polygon","coordinates":[[[-119.92319987953367,33.89451276427268],[-119.89196168648412,33.91912707618126],[-119.90111234470616,33.953393923659185],[-119.94151840539926,33.96303760819005],[-119.97274943150224,33.93841633370556],[-119.96358157820508,33.90415834095523],[-119.92319987953367,33.89451276427268]]]},"properties":{"h3_index":"862912a9fffffff","station_count":5,"program_id":"bight","program":"Southern California Bight","resolution":6,"stations":[{"station_id":"7438_B08","station_name":"B08-7438","lat":33.91281,"lon":-119.9476,"county":"SANTA BARBARA","organization":"CSD","batch_year":"2008"},{"station_id":"7442_B08","station_name":"B08-7442","lat":33.92059,"lon":-119.95171,"county":"SANTA BARBARA","organization":"CSD","batch_year":"2008"},{"station_id":"7462_B08","station_name":"B08-7462","lat":33.94782,"lon":-119.92735,"county":"SANTA BARBARA","organization":"CSD","batch_year":"2008"},{"station_id":"B18-10396","station_name":"B18-10396","lat":33.912621,"lon":-119.947905,"county":"SANTA BARBARA","organization":"SCCWRP","batch_year":"2018"},{"station_id":"B13-9274","station_name":"B13-9274 OpenwaterStation","lat":33.91281,"lon":-119.9476,"county":"SANTA BARBARA","organization":"SCCWRP","batch_year":"2013"}]}},{"type":"Feature","geometry":{"type":"Polygon","coordinates":[[[-120.01679941897332,33.82062809195345],[-119.98561874662936,33.84526324031179],[-119.99478741320351,33.87953009043169],[-120.0351538748931,33.889152880081866],[-120.06632729062295,33.86451076464371],[-120.05714151562293,33.8302528302853],[-120.01679941897332,33.82062809195345]]]},"properties":{"h3_index":"862912aafffffff","station_count":2,"program_id":"bight","program":"Southern California Bight","resolution":6,"stations":[{"station_id":"4171_B03","station_name":"B03_4171","lat":33.85571,"lon":-120.00273,"county":"FEDERAL WATERS","organization":"CSD","batch_year":"2003"},{"station_id":"7405_B08","station_name":"B08-7405","lat":33.83735,"lon":-120.0097,"county":"FEDERAL WATERS","organization":"CSD","batch_year":"2008"}]}},{"type":"Feature","geometry":{"type":"Polygon","coordinates":[[[-120.18737409839417,33.893263416692506],[-120.15624055105162,33.917926266536405],[-120.16545894347453,33.95214860932806],[-120.20582791138679,33.961699120822765],[-120.23695401221936,33.937029345123165],[-120.22771860607274,33.90281598738977],[-120.18737409839417,33.893263416692506]]]},"properties":{"h3_index":"862912aefffffff","station_count":1,"program_id":"bight","program":"Southern California Bight","resolution":6,"stations":[{"station_id":"7439_B08","station_name":"B08-7439","lat":33.91313,"lon":-120.22178,"county":"SANTA BARBARA","organization":"CSD","batch_year":"2008"}]}},{"type":"Feature","geometry":{"type":"Polygon","coordinates":[[[-120.06632729062295,33.86451076464371],[-120.0351538748931,33.889152880081866],[-120.04433886976425,33.92340197970772],[-120.08471438275032,33.933000036121086],[-120.11588048371144,33.90835097087584],[-120.10667840083225,33.874110802664276],[-120.06632729062295,33.86451076464371]]]},"properties":{"h3_index":"862912af7ffffff","station_count":1,"program_id":"bight","program":"Southern California Bight","resolution":6,"stations":[{"station_id":"4417_B03","station_name":"B03_4417","lat":33.8896,"lon":-120.08207,"county":"SANTA BARBARA","organization":"CSD","batch_year":"2003"}]}},{"type":"Feature","geometry":{"type":"Polygon","coordinates":[[[-119.07478802045527,33.68830294652396],[-119.04328020880644,33.71276814809429],[-119.05219352771262,33.74721785597229],[-119.09263237246017,33.7571939008964],[-119.1241339497321,33.73272158177761],[-119.11520293062814,33.698280339211685],[-119.07478802045527,33.68830294652396]]]},"properties":{"h3_index":"862912c9fffffff","station_count":1,"program_id":"bight","program":"Southern California Bight","resolution":6,"stations":[{"station_id":"4025_B03","station_name":"B03_4025","lat":33.73889,"lon":-119.0648,"county":"FEDERAL WATERS","organization":"CSD","batch_year":"2003"}]}},{"type":"Feature","geometry":{"type":"Polygon","coordinates":[[[-119.02137677568787,33.4814236780816],[-118.98990684109222,33.50588919171033],[-118.9987897378863,33.540390409416155],[-119.03916025329555,33.550417640992876],[-119.07062403386685,33.525944955010196],[-119.06172346695239,33.49145221372449],[-119.02137677568787,33.4814236780816]]]},"properties":{"h3_index":"862912d97ffffff","station_count":1,"program_id":"bight","program":"Southern California Bight","resolution":6,"stations":[{"station_id":"7235_B08","station_name":"B08-7235","lat":33.53276,"lon":-119.04797,"county":"SANTA BARBARA","organization":"CSD","batch_year":"2008"}]}},{"type":"Feature","geometry":{"type":"Polygon","coordinates":[[[-119.11567407964378,33.40798412392174],[-119.08426039712718,33.43247111242183],[-119.09316218484196,33.46697233702387],[-119.13349525405395,33.47697803783443],[-119.16490268948282,33.45248387018322],[-119.15598331669153,33.4179911847541],[-119.11567407964378,33.40798412392174]]]},"properties":{"h3_index":"862912da7ffffff","station_count":1,"program_id":"bight","program":"Southern California Bight","resolution":6,"stations":[{"station_id":"4574_B03","station_name":"B03_4574","lat":33.45741,"lon":-119.10557,"county":"SANTA BARBARA","organization":"CSD","batch_year":"2003"}]}},{"type":"Feature","geometry":{"type":"Polygon","coordinates":[[[-119.04393751440749,33.422441261431146],[-119.01249262474278,33.44691395429584],[-119.02137677568787,33.4814236780816],[-119.06172346695239,33.49145221372449],[-119.09316218484196,33.46697233702387],[-119.08426039712718,33.43247111242183],[-119.04393751440749,33.422441261431146]]]},"properties":{"h3_index":"862912db7ffffff","station_count":1,"program_id":"bight","program":"Southern California Bight","resolution":6,"stations":[{"station_id":"4446_B03","station_name":"B03_4446","lat":33.45058,"lon":-119.06927,"county":"SANTA BARBARA","organization":"CSD","batch_year":"2003"}]}},{"type":"Feature","geometry":{"type":"Polygon","coordinates":[[[-120.32628603452112,34.40565145195702],[-120.29506373175774,34.43031345325443],[-120.30436046654937,34.46439944026843],[-120.34489659385382,34.47381448154574],[-120.37611123313032,34.44914569366469],[-120.36679742325333,34.41506865471693],[-120.32628603452112,34.40565145195702]]]},"properties":{"h3_index":"862913427ffffff","station_count":6,"program_id":"bight","program":"Southern California Bight","resolution":6,"stations":[{"station_id":"SCBPP_0046","station_name":"0046_SCBPP","lat":34.44067,"lon":-120.30175,"county":"SANTA BARBARA","organization":"SCCWRP","batch_year":"1994"},{"station_id":"SCBPP_0115","station_name":"0115_SCBPP","lat":34.41638,"lon":-120.33678,"county":"SANTA BARBARA","organization":"SCCWRP","batch_year":"1994"},{"station_id":"2355_B98","station_name":"B98_2355","lat":34.4516,"lon":-120.33624,"county":"SANTA BARBARA","organization":"CSD","batch_year":"1998"},{"station_id":"2354_B98","station_name":"B98_2354","lat":34.45887,"lon":-120.31283,"county":"SANTA BARBARA","organization":"CSD","batch_year":"1998"},{"station_id":"B13-9484","station_name":"B13-9484 OpenwaterStation","lat":34.45911,"lon":-120.31709,"county":"SANTA BARBARA","organization":"SCCWRP","batch_year":"2013"},{"station_id":"4303_B03","station_name":"B03_4303","lat":34.43291,"lon":-120.35373,"county":"SANTA BARBARA","organization":"USC","batch_year":"2003"}]}},{"type":"Feature","geometry":{"type":"Polygon","coordinates":[[[-120.2545364078508,34.42087326004548],[-120.22328111432526,34.445521174193566],[-120.23256071936547,34.4796160716525],[-120.27311276233243,34.489054148170034],[-120.30436046654937,34.46439944026843],[-120.29506373175774,34.43031345325443],[-120.2545364078508,34.42087326004548]]]},"properties":{"h3_index":"862913437ffffff","station_count":4,"program_id":"bight","program":"Southern California Bight","resolution":6,"stations":[{"station_id":"7752_B08","station_name":"B08-7752","lat":34.43856,"lon":-120.28506,"county":"SANTA BARBARA","organization":"CSD","batch_year":"2008"},{"station_id":"4367_B03","station_name":"B03_4367","lat":34.462,"lon":-120.29112,"county":"SANTA BARBARA","organization":"CRGML","batch_year":"2003"},{"station_id":"B18-10241","station_name":"B18-10241","lat":34.43598,"lon":-120.23708,"county":"SANTA BARBARA","organization":"SCCWRP","batch_year":"2018"},{"station_id":"B13-9482","station_name":"B13-9482 OpenwaterStation","lat":34.44309,"lon":-120.28516,"county":"SANTA BARBARA","organization":"SCCWRP","batch_year":"2013"}]}},{"type":"Feature","geometry":{"type":"Polygon","coordinates":[[[-120.34818556302791,34.34688684786308],[-120.31698863257132,34.37155606501243],[-120.32628603452112,34.40565145195702],[-120.36679742325333,34.41506865471693],[-120.39798667514934,34.39039264080778],[-120.38867223152054,34.35630622451098],[-120.34818556302791,34.34688684786308]]]},"properties":{"h3_index":"86291350fffffff","station_count":4,"program_id":"bight","program":"Southern California Bight","resolution":6,"stations":[{"station_id":"7727_B08","station_name":"B08-7727","lat":34.39469,"lon":-120.33147,"county":"FEDERAL WATERS","organization":"CSD","batch_year":"2008"},{"station_id":"B18-10281","station_name":"B18-10281","lat":34.39491,"lon":-120.33138,"county":"OOS","organization":"SCCWRP","batch_year":"2018"},{"station_id":"B13-9464","station_name":"B13-9464 OpenwaterStation","lat":34.39469,"lon":-120.33147,"county":"SANTA BARBARA","organization":"SCCWRP","batch_year":"2013"},{"station_id":"4111_B03","station_name":"B03_4111","lat":34.39469,"lon":-120.33147,"county":"FEDERAL WATERS","organization":"CRGML","batch_year":"2003"}]}},{"type":"Feature","geometry":{"type":"Polygon","coordinates":[[[-120.27648600950889,34.362113742694994],[-120.24525610218443,34.38676894006775],[-120.2545364078508,34.42087326004548],[-120.29506373175774,34.43031345325443],[-120.32628603452112,34.40565145195702],[-120.31698863257132,34.37155606501243],[-120.27648600950889,34.362113742694994]]]},"properties":{"h3_index":"86291351fffffff","station_count":2,"program_id":"bight","program":"Southern California Bight","resolution":6,"stations":[{"station_id":"B13-9476","station_name":"B13-9476 OpenwaterStation","lat":34.42003,"lon":-120.26919,"county":"SANTA BARBARA","organization":"SCCWRP","batch_year":"2013"},{"station_id":"7744_B08","station_name":"B08-7744","lat":34.4052,"lon":-120.31916,"county":"FEDERAL WATERS","organization":"CSD","batch_year":"2008"}]}},{"type":"Feature","geometry":{"type":"Polygon","coordinates":[[[-120.3203071122463,34.24454516213125],[-120.28912789014232,34.26921469307457],[-120.29840956433156,34.30333766240026],[-120.33888750477415,34.31278212617936],[-120.37005909204281,34.288105770775395],[-120.3607603883026,34.2539917796611],[-120.3203071122463,34.24454516213125]]]},"properties":{"h3_index":"862913527ffffff","station_count":1,"program_id":"bight","program":"Southern California Bight","resolution":6,"stations":[{"station_id":"4327_B03","station_name":"B03_4327","lat":34.26882,"lon":-120.30652,"county":"FEDERAL WATERS","organization":"CRGML","batch_year":"2003"}]}},{"type":"Feature","geometry":{"type":"Polygon","coordinates":[[[-120.37005909204281,34.288105770775395],[-120.33888750477415,34.31278212617936],[-120.34818556302791,34.34688684786308],[-120.38867223152054,34.35630622451098],[-120.41983612523153,34.33162306210632],[-120.41052105863713,34.29752733365238],[-120.37005909204281,34.288105770775395]]]},"properties":{"h3_index":"86291352fffffff","station_count":4,"program_id":"bight","program":"Southern California Bight","resolution":6,"stations":[{"station_id":"7709_B08","station_name":"B08-7709","lat":34.34424,"lon":-120.36861,"county":"FEDERAL WATERS","organization":"NOAACOAST","batch_year":"2008"},{"station_id":"B13-9450","station_name":"B13-9450 OpenwaterStation","lat":34.34424,"lon":-120.36861,"county":"SANTA BARBARA","organization":"SCCWRP","batch_year":"2013"},{"station_id":"B18-10322","station_name":"B18-10322","lat":34.3431,"lon":-120.3685,"county":"OOS","organization":"SCCWRP","batch_year":"2018"},{"station_id":"4071_B03","station_name":"B03_4071","lat":34.34424,"lon":-120.36861,"county":"FEDERAL WATERS","organization":"CRGML","batch_year":"2003"}]}},{"type":"Feature","geometry":{"type":"Polygon","coordinates":[[[-120.24865873514744,34.25974518260158],[-120.21744662399003,34.28440075407265],[-120.22671121420758,34.31853266390177],[-120.26720501413843,34.32800006538917],[-120.29840956433156,34.30333766240026],[-120.28912789014232,34.26921469307457],[-120.24865873514744,34.25974518260158]]]},"properties":{"h3_index":"862913537ffffff","station_count":6,"program_id":"bight","program":"Southern California Bight","resolution":6,"stations":[{"station_id":"7697_B08","station_name":"B08-7697","lat":34.30788,"lon":-120.23025,"county":"FEDERAL WATERS","organization":"CSD","batch_year":"2008"},{"station_id":"7684_B08","station_name":"B08-7684","lat":34.28551,"lon":-120.28014,"county":"FEDERAL WATERS","organization":"CSD","batch_year":"2008"},{"station_id":"7700_B08","station_name":"B08-7700","lat":34.31445,"lon":-120.28235,"county":"FEDERAL WATERS","organization":"CSD","batch_year":"2008"},{"station_id":"B13-9443","station_name":"B13-9443 OpenwaterStation","lat":34.31445,"lon":-120.28235,"county":"SANTA BARBARA","organization":"SCCWRP","batch_year":"2013"},{"station_id":"B18-10323","station_name":"B18-10323","lat":34.31458,"lon":-120.28148,"county":"OOS","organization":"SCCWRP","batch_year":"2018"},{"station_id":"4135_B03","station_name":"B03_4135","lat":34.31445,"lon":-120.28235,"county":"FEDERAL WATERS","organization":"CRGML","batch_year":"2003"}]}},{"type":"Feature","geometry":{"type":"Polygon","coordinates":[[[-120.39798667514934,34.39039264080778],[-120.36679742325333,34.41506865471693],[-120.37611123313032,34.44914569366469],[-120.4166313299401,34.45853773672523],[-120.44781284440023,34.433854943500066],[-120.43848201416442,34.39978689013265],[-120.39798667514934,34.39039264080778]]]},"properties":{"h3_index":"862913557ffffff","station_count":7,"program_id":"bight","program":"Southern California Bight","resolution":6,"stations":[{"station_id":"SCBPP_0122","station_name":"0122_SCBPP","lat":34.41472,"lon":-120.41442,"county":"SANTA BARBARA","organization":"SCCWRP","batch_year":"1994"},{"station_id":"SCBPP_0150","station_name":"0150_SCBPP","lat":34.40588,"lon":-120.40885,"county":"SANTA BARBARA","organization":"SCCWRP","batch_year":"1994"},{"station_id":"7753_B08","station_name":"B08-7753","lat":34.4454,"lon":-120.4264,"county":"SANTA BARBARA","organization":"CSD","batch_year":"2008"},{"station_id":"B18-10203","station_name":"B18-10203","lat":34.44325,"lon":-120.42973,"county":"SANTA BARBARA","organization":"SCCWRP","batch_year":"2018"},{"station_id":"B13-9474","station_name":"B13-9474 OpenwaterStation","lat":34.40637,"lon":-120.41731,"county":"SANTA BARBARA","organization":"SCCWRP","batch_year":"2013"},{"station_id":"B13-9481","station_name":"B13-9481 OpenwaterStation","lat":34.44262,"lon":-120.42759,"county":"SANTA BARBARA","organization":"SCCWRP","batch_year":"2013"},{"station_id":"SCBPP_0085","station_name":"0085_SCBPP","lat":34.42653,"lon":-120.41188,"county":"SANTA BARBARA","organization":"SCCWRP","batch_year":"1994"}]}},{"type":"Feature","geometry":{"type":"Polygon","coordinates":[[[-120.41983612523153,34.33162306210632],[-120.38867223152054,34.35630622451098],[-120.39798667514934,34.39039264080778],[-120.43848201416442,34.39978689013265],[-120.46963815554453,34.37509693823047],[-120.46030672490103,34.34101953008867],[-120.41983612523153,34.33162306210632]]]},"properties":{"h3_index":"862913577ffffff","station_count":3,"program_id":"bight","program":"Southern California Bight","resolution":6,"stations":[{"station_id":"SCBPP_0245","station_name":"0245_SCBPP","lat":34.38245,"lon":-120.41465,"county":"FEDERAL WATERS","organization":"SCCWRP","batch_year":"1994"},{"station_id":"SCBPP_0255","station_name":"0255_SCBPP","lat":34.38,"lon":-120.3991,"county":"FEDERAL WATERS","organization":"SCCWRP","batch_year":"1994"},{"station_id":"4239_B03","station_name":"B03_4239","lat":34.33966,"lon":-120.44223,"county":"FEDERAL WATERS","organization":"CSD","batch_year":"2003"}]}},{"type":"Feature","geometry":{"type":"Polygon","coordinates":[[[-120.13294062748078,34.3924564145075],[-120.10164494787708,34.41708334909171],[-120.11089089740942,34.451205421863364],[-120.15144974645625,34.46069170625455],[-120.1827379701819,34.436057953710744],[-120.17347481534216,34.401944738421676],[-120.13294062748078,34.3924564145075]]]},"properties":{"h3_index":"862913587ffffff","station_count":1,"program_id":"bight","program":"Southern California Bight","resolution":6,"stations":[{"station_id":"SCBPP_0009","station_name":"0009_SCBPP","lat":34.45845,"lon":-120.14752,"county":"SANTA BARBARA","organization":"OCSD","batch_year":"1994"}]}},{"type":"Feature","geometry":{"type":"Polygon","coordinates":[[[-120.1827379701819,34.436057953710744],[-120.15144974645625,34.46069170625455],[-120.16071216714053,34.49479547643005],[-120.20128001054155,34.5042566250214],[-120.23256071936547,34.4796160716525],[-120.22328111432526,34.445521174193566],[-120.1827379701819,34.436057953710744]]]},"properties":{"h3_index":"86291358fffffff","station_count":3,"program_id":"bight","program":"Southern California Bight","resolution":6,"stations":[{"station_id":"SCBPP_0032","station_name":"0032_SCBPP","lat":34.44773,"lon":-120.22302,"county":"SANTA BARBARA","organization":"SCCWRP","batch_year":"1994"},{"station_id":"4123_B03","station_name":"B03_4123","lat":34.45367,"lon":-120.19748,"county":"SANTA BARBARA","organization":"CRGML","batch_year":"2003"},{"station_id":"B13-9487","station_name":"B13-9487 OpenwaterStation","lat":34.4647,"lon":-120.17971,"county":"SANTA BARBARA","organization":"SCCWRP","batch_year":"2013"}]}},{"type":"Feature","geometry":{"type":"Polygon","coordinates":[[[-120.06109515057392,34.40757196963086],[-120.02976667647057,34.43218466137114],[-120.03899536627851,34.46631555368991],[-120.07956980450241,34.475824938432154],[-120.11089089740942,34.451205421863364],[-120.10164494787708,34.41708334909171],[-120.06109515057392,34.40757196963086]]]},"properties":{"h3_index":"862913597ffffff","station_count":4,"program_id":"bight","program":"Southern California Bight","resolution":6,"stations":[{"station_id":"SCBPP_0038","station_name":"0038_SCBPP","lat":34.4442,"lon":-120.06448,"county":"SANTA BARBARA","organization":"SCCWRP","batch_year":"1994"},{"station_id":"SCBPP_0112","station_name":"0112_SCBPP","lat":34.41777,"lon":-120.07648,"county":"SANTA BARBARA","organization":"SCCWRP","batch_year":"1994"},{"station_id":"2356_B98","station_name":"B98_2356","lat":34.44788,"lon":-120.07345,"county":"SANTA BARBARA","organization":"CRGML","batch_year":"1998"},{"station_id":"B18-10242","station_name":"B18-10242","lat":34.42388,"lon":-120.05751,"county":"SANTA BARBARA","organization":"SCCWRP","batch_year":"2018"}]}},{"type":"Feature","geometry":{"type":"Polygon","coordinates":[[[-120.11089089740942,34.451205421863364],[-120.07956980450241,34.475824938432154],[-120.08881498628939,34.50993754348913],[-120.12939851450095,34.519421800796614],[-120.16071216714053,34.49479547643005],[-120.15144974645625,34.46069170625455],[-120.11089089740942,34.451205421863364]]]},"properties":{"h3_index":"86291359fffffff","station_count":1,"program_id":"bight","program":"Southern California Bight","resolution":6,"stations":[{"station_id":"4315_B03","station_name":"B03_4315","lat":34.46529,"lon":-120.12961,"county":"SANTA BARBARA","organization":"CRGML","batch_year":"2003"}]}},{"type":"Feature","geometry":{"type":"Polygon","coordinates":[[[-120.20473763920097,34.37730363526503],[-120.17347481534216,34.401944738421676],[-120.1827379701819,34.436057953710744],[-120.22328111432526,34.445521174193566],[-120.2545364078508,34.42087326004548],[-120.24525610218443,34.38676894006775],[-120.20473763920097,34.37730363526503]]]},"properties":{"h3_index":"8629135afffffff","station_count":5,"program_id":"bight","program":"Southern California Bight","resolution":6,"stations":[{"station_id":"SCBPP_0059","station_name":"0059_SCBPP","lat":34.43667,"lon":-120.23307,"county":"SANTA BARBARA","organization":"SCCWRP","batch_year":"1994"},{"station_id":"SCBPP_0103","station_name":"0103_SCBPP","lat":34.42055,"lon":-120.18388,"county":"SANTA BARBARA","organization":"SCCWRP","batch_year":"1994"},{"station_id":"4187_B03","station_name":"B03_4187","lat":34.40998,"lon":-120.21872,"county":"FEDERAL WATERS","organization":"CRGML","batch_year":"2003"},{"station_id":"7750_B08","station_name":"B08-7750","lat":34.41352,"lon":-120.22272,"county":"FEDERAL WATERS","organization":"CSD","batch_year":"2008"},{"station_id":"B18-10279","station_name":"B18-10279","lat":34.41865,"lon":-120.21411,"county":"OOS","organization":"SCCWRP","batch_year":"2018"}]}},{"type":"Feature","geometry":{"type":"Polygon","coordinates":[[[-120.08316874700795,34.348811552643554],[-120.05186567049616,34.373431652177004],[-120.06109515057392,34.40757196963086],[-120.10164494787708,34.41708334909171],[-120.13294062748078,34.3924564145075],[-120.1236939212609,34.35832493920963],[-120.08316874700795,34.348811552643554]]]},"properties":{"h3_index":"8629135b7ffffff","station_count":4,"program_id":"bight","program":"Southern California Bight","resolution":6,"stations":[{"station_id":"7732_B08","station_name":"B08-7732","lat":34.39766,"lon":-120.07158,"county":"FEDERAL WATERS","organization":"CSD","batch_year":"2008"},{"station_id":"B13-9459","station_name":"B13-9459 OpenwaterStation","lat":34.36839,"lon":-120.11302,"county":"SANTA BARBARA","organization":"SCCWRP","batch_year":"2013"},{"station_id":"4379_B03","station_name":"B03_4379","lat":34.40608,"lon":-120.106,"county":"FEDERAL WATERS","organization":"CRGML","batch_year":"2003"},{"station_id":"B18-10280","station_name":"B18-10280","lat":34.39784,"lon":-120.08755,"county":"OOS","organization":"SCCWRP","batch_year":"2018"}]}},{"type":"Feature","geometry":{"type":"Polygon","coordinates":[[[-120.4790381392823,33.99395829981026],[-120.44799283214752,34.01866918072375],[-120.45729401038736,34.05281959416102],[-120.49765735296899,34.06225002407666],[-120.52869489270006,34.03753228399675],[-120.51937687179641,34.0033909766928],[-120.4790381392823,33.99395829981026]]]},"properties":{"h3_index":"862913c27ffffff","station_count":6,"program_id":"bight","program":"Southern California Bight","resolution":6,"stations":[{"station_id":"7506_B08","station_name":"B08-7506","lat":34.01145,"lon":-120.4746,"county":"SANTA BARBARA","organization":"CSD","batch_year":"2008"},{"station_id":"7529_B08","station_name":"B08-7529","lat":34.04548,"lon":-120.4901,"county":"SANTA BARBARA","organization":"CSD","batch_year":"2008"},{"station_id":"B18-10393","station_name":"B18-10393","lat":34.012037,"lon":-120.474665,"county":"SANTA BARBARA","organization":"SCCWRP","batch_year":"2018"},{"station_id":"B18-10390","station_name":"B18-10390","lat":34.045446,"lon":-120.489955,"county":"SANTA BARBARA","organization":"SCCWRP","batch_year":"2018"},{"station_id":"B13-9329","station_name":"B13-9329 OpenwaterStation","lat":34.01145,"lon":-120.4746,"county":"SANTA BARBARA","organization":"SCCWRP","batch_year":"2013"},{"station_id":"B13-9351","station_name":"B13-9351 OpenwaterStation","lat":34.04548,"lon":-120.4901,"county":"SANTA BARBARA","organization":"SCCWRP","batch_year":"2013"}]}},{"type":"Feature","geometry":{"type":"Polygon","coordinates":[[[-120.52869489270006,34.03753228399675],[-120.49765735296899,34.06225002407666],[-120.50697480429241,34.09638234691763],[-120.54734663123199,34.10578781216963],[-120.57837634529422,34.08106323071897],[-120.5690420726594,34.04694002890199],[-120.52869489270006,34.03753228399675]]]},"properties":{"h3_index":"862913c2fffffff","station_count":1,"program_id":"bight","program":"Southern California Bight","resolution":6,"stations":[{"station_id":"4255_B03","station_name":"B03_4255","lat":34.05191,"lon":-120.55802,"county":"FEDERAL WATERS","organization":"CSD","batch_year":"2003"}]}},{"type":"Feature","geometry":{"type":"Polygon","coordinates":[[[-120.62808244073366,34.124551041737014],[-120.59706061065404,34.14928244671949],[-120.60641061121176,34.18337841431098],[-120.64679923474796,34.19273382988968],[-120.67781312248289,34.16799561925748],[-120.66844634366068,34.13390880219077],[-120.62808244073366,34.124551041737014]]]},"properties":{"h3_index":"862913c47ffffff","station_count":1,"program_id":"bight","program":"Southern California Bight","resolution":6,"stations":[{"station_id":"4581_B03","station_name":"B03_4581","lat":34.16654,"lon":-120.60963,"county":"FEDERAL WATERS","organization":"CRGML","batch_year":"2003"}]}},{"type":"Feature","geometry":{"type":"Polygon","coordinates":[[[-120.57837634529422,34.08106323071897],[-120.54734663123199,34.10578781216963],[-120.55668035668737,34.13990198632814],[-120.59706061065404,34.14928244671949],[-120.62808244073366,34.124551041737014],[-120.61873191543327,34.09044600339969],[-120.57837634529422,34.08106323071897]]]},"properties":{"h3_index":"862913c77ffffff","station_count":1,"program_id":"bight","program":"Southern California Bight","resolution":6,"stations":[{"station_id":"7566_B08","station_name":"B08-7566","lat":34.09362,"lon":-120.58859,"county":"FEDERAL WATERS","organization":"CSD","batch_year":"2008"}]}},{"type":"Feature","geometry":{"type":"Polygon","coordinates":[[[-120.29247577428951,34.14212126296074],[-120.26131425997224,34.166790991843754],[-120.27058024190222,34.20094133451497],[-120.31102477008697,34.21041296621059],[-120.34217869311635,34.185736385026814],[-120.33289569379905,34.15159502805195],[-120.29247577428951,34.14212126296074]]]},"properties":{"h3_index":"862913c87ffffff","station_count":1,"program_id":"bight","program":"Southern California Bight","resolution":6,"stations":[{"station_id":"7619_B08","station_name":"B08-7619","lat":34.1611,"lon":-120.31952,"county":"FEDERAL WATERS","organization":"CSD","batch_year":"2008"}]}},{"type":"Feature","geometry":{"type":"Polygon","coordinates":[[[-120.34217869311635,34.185736385026814],[-120.31102477008697,34.21041296621059],[-120.3203071122463,34.24454516213125],[-120.3607603883026,34.2539917796611],[-120.39190666147434,34.22930836365228],[-120.38260732302868,34.19518516853226],[-120.34217869311635,34.185736385026814]]]},"properties":{"h3_index":"862913c8fffffff","station_count":1,"program_id":"bight","program":"Southern California Bight","resolution":6,"stations":[{"station_id":"B18-10330","station_name":"B18-10330","lat":34.19786,"lon":-120.36249,"county":"OOS","organization":"SCCWRP","batch_year":"2018"}]}},{"type":"Feature","geometry":{"type":"Polygon","coordinates":[[[-120.27058024190222,34.20094133451497],[-120.23939344363386,34.225604023580914],[-120.24865873514744,34.25974518260158],[-120.28912789014232,34.26921469307457],[-120.3203071122463,34.24454516213125],[-120.31102477008697,34.21041296621059],[-120.27058024190222,34.20094133451497]]]},"properties":{"h3_index":"862913c9fffffff","station_count":3,"program_id":"bight","program":"Southern California Bight","resolution":6,"stations":[{"station_id":"4263_B03","station_name":"B03_4263","lat":34.20829,"lon":-120.29988,"county":"FEDERAL WATERS","organization":"CSD","batch_year":"2003"},{"station_id":"B18-10327","station_name":"B18-10327","lat":34.25798,"lon":-120.2615,"county":"OOS","organization":"SCCWRP","batch_year":"2018"},{"station_id":"B13-9427","station_name":"B13-9427 OpenwaterStation","lat":34.26002,"lon":-120.28113,"county":"SANTA BARBARA","organization":"SCCWRP","batch_year":"2013"}]}},{"type":"Feature","geometry":{"type":"Polygon","coordinates":[[[-120.36402434674069,34.12691147439296],[-120.33289569379905,34.15159502805195],[-120.34217869311635,34.185736385026814],[-120.38260732302868,34.19518516853226],[-120.41372831116657,34.170494769619935],[-120.40442834876004,34.13636243603454],[-120.36402434674069,34.12691147439296]]]},"properties":{"h3_index":"862913cafffffff","station_count":4,"program_id":"bight","program":"Southern California Bight","resolution":6,"stations":[{"station_id":"4199_B03","station_name":"B03_4199","lat":34.18317,"lon":-120.35129,"county":"FEDERAL WATERS","organization":"CRGML","batch_year":"2003"},{"station_id":"7632_B08","station_name":"B08-7632","lat":34.18317,"lon":-120.35129,"county":"FEDERAL WATERS","organization":"CSD","batch_year":"2008"},{"station_id":"B18-10331","station_name":"B18-10331","lat":34.18321,"lon":-120.35063,"county":"OOS","organization":"SCCWRP","batch_year":"2018"},{"station_id":"B13-9400","station_name":"B13-9400 OpenwaterStation","lat":34.18317,"lon":-120.35129,"county":"SANTA BARBARA","organization":"SCCWRP","batch_year":"2013"}]}},{"type":"Feature","geometry":{"type":"Polygon","coordinates":[[[-120.39190666147434,34.22930836365228],[-120.3607603883026,34.2539917796611],[-120.37005909204281,34.288105770775395],[-120.41052105863713,34.29752733365238],[-120.44165962333047,34.27283710033755],[-120.43234394452016,34.23873212503513],[-120.39190666147434,34.22930836365228]]]},"properties":{"h3_index":"862913cd7ffffff","station_count":1,"program_id":"bight","program":"Southern California Bight","resolution":6,"stations":[{"station_id":"B13-9435","station_name":"B13-9435 OpenwaterStation","lat":34.28456,"lon":-120.42371,"county":"SANTA BARBARA","organization":"SCCWRP","batch_year":"2013"}]}},{"type":"Feature","geometry":{"type":"Polygon","coordinates":[[[-120.44165962333047,34.27283710033755],[-120.41052105863713,34.29752733365238],[-120.41983612523153,34.33162306210632],[-120.46030672490103,34.34101953008867],[-120.49143752244457,34.31632249703006],[-120.48210550211164,34.282235799306065],[-120.44165962333047,34.27283710033755]]]},"properties":{"h3_index":"862913cdfffffff","station_count":4,"program_id":"bight","program":"Southern California Bight","resolution":6,"stations":[{"station_id":"4039_B03","station_name":"B03_4039","lat":34.28711,"lon":-120.45557,"county":"FEDERAL WATERS","organization":"CRGML","batch_year":"2003"},{"station_id":"7686_B08","station_name":"B08-7686","lat":34.28711,"lon":-120.45557,"county":"FEDERAL WATERS","organization":"CSD","batch_year":"2008"},{"station_id":"B13-9436","station_name":"B13-9436 OpenwaterStation","lat":34.28711,"lon":-120.45557,"county":"SANTA BARBARA","organization":"SCCWRP","batch_year":"2013"},{"station_id":"B18-10324","station_name":"B18-10324","lat":34.2849,"lon":-120.4568,"county":"OOS","organization":"SCCWRP","batch_year":"2018"}]}},{"type":"Feature","geometry":{"type":"Polygon","coordinates":[[[-120.41372831116657,34.170494769619935],[-120.38260732302868,34.19518516853226],[-120.39190666147434,34.22930836365228],[-120.43234394452016,34.23873212503513],[-120.46345720933489,34.21403489844729],[-120.454140929022,34.17992074172095],[-120.41372831116657,34.170494769619935]]]},"properties":{"h3_index":"862913cf7ffffff","station_count":2,"program_id":"bight","program":"Southern California Bight","resolution":6,"stations":[{"station_id":"7637_B08","station_name":"B08-7637","lat":34.19602,"lon":-120.41721,"county":"FEDERAL WATERS","organization":"CSD","batch_year":"2008"},{"station_id":"B13-9399","station_name":"B13-9399 OpenwaterStation","lat":34.18235,"lon":-120.40732,"county":"SANTA BARBARA","organization":"SCCWRP","batch_year":"2013"}]}},{"type":"Feature","geometry":{"type":"Polygon","coordinates":[[[-120.33618907491223,34.02443302355511],[-120.30507804179283,34.0491165985357],[-120.31434537206292,34.083285111424146],[-120.35474070104105,34.09276102201975],[-120.38584411285419,34.06807057370106],[-120.37655983151157,34.03391109169958],[-120.33618907491223,34.02443302355511]]]},"properties":{"h3_index":"862913d8fffffff","station_count":2,"program_id":"bight","program":"Southern California Bight","resolution":6,"stations":[{"station_id":"4351_B03","station_name":"B03_4351","lat":34.07112,"lon":-120.32896,"county":"SANTA BARBARA","organization":"CSD","batch_year":"2003"},{"station_id":"7534_B08","station_name":"B08-7534","lat":34.04837,"lon":-120.32606,"county":"SANTA BARBARA","organization":"CSD","batch_year":"2008"}]}},{"type":"Feature","geometry":{"type":"Polygon","coordinates":[[[-120.30840074013953,33.92187364332027],[-120.27730732633655,33.94655712292315],[-120.2865590228453,33.9807525807939],[-120.32692108664564,33.99025552432841],[-120.35800692246337,33.965565143166494],[-120.34873828693429,33.93137872359942],[-120.30840074013953,33.92187364332027]]]},"properties":{"h3_index":"862913da7ffffff","station_count":1,"program_id":"bight","program":"Southern California Bight","resolution":6,"stations":[{"station_id":"7476_B08","station_name":"B08-7476","lat":33.96626,"lon":-120.34609,"county":"SANTA BARBARA","organization":"CSD","batch_year":"2008"}]}},{"type":"Feature","geometry":{"type":"Polygon","coordinates":[[[-120.35800692246337,33.965565143166494],[-120.32692108664564,33.99025552432841],[-120.33618907491223,34.02443302355511],[-120.37655983151157,34.03391109169958],[-120.40763803112762,34.00921382658616],[-120.39835312484509,33.97504538083994],[-120.35800692246337,33.965565143166494]]]},"properties":{"h3_index":"862913dafffffff","station_count":5,"program_id":"bight","program":"Southern California Bight","resolution":6,"stations":[{"station_id":"4159_B03","station_name":"B03_4159","lat":33.99461,"lon":-120.33736,"county":"SANTA BARBARA","organization":"CSD","batch_year":"2003"},{"station_id":"4421_B03","station_name":"B03_4421","lat":33.98797,"lon":-120.38008,"county":"SANTA BARBARA","organization":"CSD","batch_year":"2003"},{"station_id":"7493_B08","station_name":"B08-7493","lat":33.99461,"lon":-120.33736,"county":"SANTA BARBARA","organization":"CSD","batch_year":"2008"},{"station_id":"B18-10394","station_name":"B18-10394","lat":33.994869,"lon":-120.33695,"county":"SANTA BARBARA","organization":"SCCWRP","batch_year":"2018"},{"station_id":"B13-9315","station_name":"B13-9315 OpenwaterStation","lat":33.99461,"lon":-120.33736,"county":"SANTA BARBARA","organization":"SCCWRP","batch_year":"2013"}]}},{"type":"Feature","geometry":{"type":"Polygon","coordinates":[[[-120.23695401221936,33.937029345123165],[-120.20582791138679,33.961699120822765],[-120.21506261494098,33.99590357912076],[-120.25544042673651,34.005429264886935],[-120.2865590228453,33.9807525807939],[-120.27730732633655,33.94655712292315],[-120.23695401221936,33.937029345123165]]]},"properties":{"h3_index":"862913db7ffffff","station_count":1,"program_id":"bight","program":"Southern California Bight","resolution":6,"stations":[{"station_id":"4453_B03","station_name":"B03_4453","lat":33.94977,"lon":-120.23714,"county":"SANTA BARBARA","organization":"CSD","batch_year":"2003"}]}},{"type":"Feature","geometry":{"type":"Polygon","coordinates":[[[-117.59596284092387,33.37760424128449],[-117.5639994779706,33.401794714544664],[-117.5724944393959,33.43653372205144],[-117.6129713241768,33.447074529574635],[-117.64493009406121,33.42287672633108],[-117.63641658554964,33.388145449884945],[-117.59596284092387,33.37760424128449]]]},"properties":{"h3_index":"8629a0967ffffff","station_count":2,"program_id":"bight","program":"Southern California Bight","resolution":6,"stations":[{"station_id":"B98_115001","station_name":"115001_B98","lat":33.4217,"lon":-117.638,"county":"ORANGE","organization":"MEC","batch_year":"1998"},{"station_id":"B18-10192","station_name":"B18-10192","lat":33.38717,"lon":-117.59338,"county":"SAN DIEGO","organization":"SCCWRP","batch_year":"2018"}]}},{"type":"Feature","geometry":{"type":"Polygon","coordinates":[[[-117.64493009406121,33.42287672633108],[-117.6129713241768,33.447074529574635],[-117.62148294507851,33.481797227975036],[-117.66197188078237,33.49231437714009],[-117.69392599998922,33.4681092581146],[-117.68539584752237,33.43339431003409],[-117.64493009406121,33.42287672633108]]]},"properties":{"h3_index":"8629a096fffffff","station_count":12,"program_id":"bight","program":"Southern California Bight","resolution":6,"stations":[{"station_id":"B98_116101","station_name":"116101_B98","lat":33.4484,"lon":-117.687,"county":"ORANGE","organization":"MEC","batch_year":"1998"},{"station_id":"B98_115901","station_name":"115901_B98","lat":33.4395,"lon":-117.665,"county":"ORANGE","organization":"MEC","batch_year":"1998"},{"station_id":"B98_115902","station_name":"115902_B98","lat":33.4343,"lon":-117.674,"county":"ORANGE","organization":"MEC","batch_year":"1998"},{"station_id":"B98_116001","station_name":"116001_B98","lat":33.4442,"lon":-117.677,"county":"ORANGE","organization":"MEC","batch_year":"1998"},{"station_id":"B98_116002","station_name":"116002_B98","lat":33.4389,"lon":-117.685,"county":"ORANGE","organization":"MEC","batch_year":"1998"},{"station_id":"2282_B98","station_name":"B98_2282","lat":33.436,"lon":-117.6789,"county":"ORANGE","organization":"CRGML","batch_year":"1998"},{"station_id":"B18-10230","station_name":"B18-10230","lat":33.430691,"lon":-117.658234,"county":"ORANGE","organization":"SCCWRP","batch_year":"2018"},{"station_id":"SC1-2","station_name":"Daylight of Cascadita Channel","lat":33.442455,"lon":-117.641938,"county":"ORANGE","organization":"OCPW","batch_year":"2023"},{"station_id":"PDCM01","station_name":"Prima Deshecha channel at Calle Grande Vista","lat":33.445371,"lon":-117.644336,"county":"ORANGE","organization":"OCPW","batch_year":"2023"},{"station_id":"POCHEz","station_name":"Poche Beach Point Zero","lat":33.440636,"lon":-117.645584,"county":"ORANGE","organization":"OCPW","batch_year":"2023"},{"station_id":"4158_B03","station_name":"B03_4158","lat":33.42784,"lon":-117.64485,"county":"ORANGE","organization":"OCSD","batch_year":"2003"},{"station_id":"BRI-14_B03","station_name":"B03_BRI-14","lat":33.46075,"lon":-117.69122,"county":"ORANGE","organization":"CRGML","batch_year":"2003"}]}},{"type":"Feature","geometry":{"type":"Polygon","coordinates":[[[-118.6231408566894,33.995682039015584],[-118.59137611714627,34.02004214138195],[-118.60019442555557,34.054497528211776],[-118.64079558262065,34.06458464326651],[-118.67255454494428,34.0402174449065],[-118.66371814137067,34.005770231589395],[-118.6231408566894,33.995682039015584]]]},"properties":{"h3_index":"8629a1827ffffff","station_count":21,"program_id":"bight","program":"Southern California Bight","resolution":6,"stations":[{"station_id":"SCBPP_0916","station_name":"0916_SCBPP","lat":34.01583,"lon":-118.63383,"county":"LOS ANGELES","organization":"CLAEMD","batch_year":"1994"},{"station_id":"SCBPP_0920","station_name":"0920_SCBPP","lat":34.01333,"lon":-118.66217,"county":"LOS ANGELES","organization":"CLAEMD","batch_year":"1994"},{"station_id":"SCBPP_0949","station_name":"0949_SCBPP","lat":34.00383,"lon":-118.6385,"county":"LOS ANGELES","organization":"CLAEMD","batch_year":"1994"},{"station_id":"SCBPP_0886","station_name":"0886_SCBPP","lat":34.0285,"lon":-118.66917,"county":"LOS ANGELES","organization":"TEX-AM","batch_year":"1994"},{"station_id":"2382_B98","station_name":"B98_2382","lat":34.02321,"lon":-118.59282,"county":"LOS ANGELES","organization":"SCCWRP","batch_year":"1998"},{"station_id":"B98_138402","station_name":"138402_B98","lat":34.0272,"lon":-118.664,"county":"LOS ANGELES","organization":"CLAEMD","batch_year":"1998"},{"station_id":"B98_138403","station_name":"138403_B98","lat":34.0182,"lon":-118.664,"county":"LOS ANGELES","organization":"CLAEMD","batch_year":"1998"},{"station_id":"B98_138303","station_name":"138303_B98","lat":34.0179,"lon":-118.653,"county":"LOS ANGELES","organization":"CLAEMD","batch_year":"1998"},{"station_id":"B18-10218","station_name":"B18-10218","lat":34.023133,"lon":-118.593617,"county":"LOS ANGELES","organization":"SCCWRP","batch_year":"2018"},{"station_id":"B98_138301","station_name":"138301_B98","lat":34.0359,"lon":-118.654,"county":"LOS ANGELES","organization":"CLAEMD","batch_year":"1998"},{"station_id":"B98_138302","station_name":"138302_B98","lat":34.0271,"lon":-118.654,"county":"LOS ANGELES","organization":"CLAEMD","batch_year":"1998"},{"station_id":"SCBPP_0894","station_name":"0894_SCBPP","lat":34.02483,"lon":-118.66533,"county":"LOS ANGELES","organization":"CLAEMD","batch_year":"1994"},{"station_id":"SCBPP_0897","station_name":"0897_SCBPP","lat":34.02433,"lon":-118.59733,"county":"LOS ANGELES","organization":"CLAEMD","batch_year":"1994"},{"station_id":"SCBPP_0899","station_name":"0899_SCBPP","lat":34.02317,"lon":-118.61033,"county":"LOS ANGELES","organization":"CLAEMD","batch_year":"1994"},{"station_id":"7517_B08","station_name":"B08-7517","lat":34.02321,"lon":-118.59282,"county":"LOS ANGELES","organization":"CLAEMD","batch_year":"2008"},{"station_id":"B98_138401","station_name":"138401_B98","lat":34.0363,"lon":-118.665,"county":"LOS ANGELES","organization":"CLAEMD","batch_year":"1998"},{"station_id":"SCBPP_0884","station_name":"0884_SCBPP","lat":34.0295,"lon":-118.63367,"county":"LOS ANGELES","organization":"CLAEMD","batch_year":"1994"},{"station_id":"SCBPP_0908","station_name":"0908_SCBPP","lat":34.02033,"lon":-118.664,"county":"LOS ANGELES","organization":"CLAEMD","batch_year":"1994"},{"station_id":"2312_B98","station_name":"B98_2312","lat":34.0206,"lon":-118.665,"county":"LOS ANGELES","organization":"SCCWRP","batch_year":"1998"},{"station_id":"B13-9341","station_name":"B13-9341 OpenwaterStation","lat":34.02321,"lon":-118.59282,"county":"LOS ANGELES","organization":"SCCWRP","batch_year":"2013"},{"station_id":"4357_B03","station_name":"B03_4357","lat":34.00908,"lon":-118.64084,"county":"LOS ANGELES","organization":"USC","batch_year":"2003"}]}},{"type":"Feature","geometry":{"type":"Polygon","coordinates":[[[-118.55078588571087,34.00993062959066],[-118.51899013012556,34.03427554157026],[-118.52779029157364,34.06873906144598],[-118.56840436949484,34.07884954042379],[-118.60019442555557,34.054497528211776],[-118.59137611714627,34.02004214138195],[-118.55078588571087,34.00993062959066]]]},"properties":{"h3_index":"8629a1837ffffff","station_count":2,"program_id":"bight","program":"Southern California Bight","resolution":6,"stations":[{"station_id":"B98_138001","station_name":"138001_B98","lat":34.0333,"lon":-118.583,"county":"LOS ANGELES","organization":"CLAEMD","batch_year":"1998"},{"station_id":"B98_138002","station_name":"138002_B98","lat":34.0258,"lon":-118.588,"county":"LOS ANGELES","organization":"CLAEMD","batch_year":"1998"}]}},{"type":"Feature","geometry":{"type":"Polygon","coordinates":[[[-118.5966967661578,33.89226226955631],[-118.56495157825086,33.91662326125116],[-118.57375469744146,33.95110498384381],[-118.61432109734328,33.96121754021953],[-118.64606054759265,33.936849426200865],[-118.63723934949752,33.90237588222985],[-118.5966967661578,33.89226226955631]]]},"properties":{"h3_index":"8629a1907ffffff","station_count":8,"program_id":"bight","program":"Southern California Bight","resolution":6,"stations":[{"station_id":"SCBPP_1052","station_name":"1052_SCBPP","lat":33.9395,"lon":-118.60717,"county":"FEDERAL WATERS","organization":"CLAEMD","batch_year":"1994"},{"station_id":"SCBPP_1059","station_name":"1059_SCBPP","lat":33.93117,"lon":-118.58983,"county":"FEDERAL WATERS","organization":"CLAEMD","batch_year":"1994"},{"station_id":"SCBPP_1074","station_name":"1074_SCBPP","lat":33.9115,"lon":-118.5815,"county":"FEDERAL WATERS","organization":"CLAEMD","batch_year":"1994"},{"station_id":"SCBPP_1078","station_name":"1078_SCBPP","lat":33.90933,"lon":-118.603,"county":"FEDERAL WATERS","organization":"CLAEMD","batch_year":"1994"},{"station_id":"B98_137006","station_name":"137006_B98","lat":33.9425,"lon":-118.575,"county":"FEDERAL WATERS","organization":"CLAEMD","batch_year":"1998"},{"station_id":"B18-10308","station_name":"B18-10308","lat":33.912417,"lon":-118.5884,"county":"OOS","organization":"SCCWRP","batch_year":"2018"},{"station_id":"B18-10968","station_name":"B18-10968","lat":33.923533,"lon":-118.568067,"county":"OOS","organization":"SCCWRP","batch_year":"2018"},{"station_id":"B13-9287","station_name":"B13-9287 OpenwaterStation","lat":33.93551,"lon":-118.59212,"county":"LOS ANGELES","organization":"SCCWRP","batch_year":"2013"}]}},{"type":"Feature","geometry":{"type":"Polygon","coordinates":[[[-118.64606054759265,33.936849426200865],[-118.61432109734328,33.96121754021953],[-118.6231408566894,33.995682039015584],[-118.66371814137067,34.005770231589395],[-118.69545179546876,33.981395010563965],[-118.68661397497159,33.946938708061445],[-118.64606054759265,33.936849426200865]]]},"properties":{"h3_index":"8629a190fffffff","station_count":14,"program_id":"bight","program":"Southern California Bight","resolution":6,"stations":[{"station_id":"SCBPP_0972","station_name":"0972_SCBPP","lat":33.99567,"lon":-118.67217,"county":"LOS ANGELES","organization":"CLAEMD","batch_year":"1994"},{"station_id":"SCBPP_0977","station_name":"0977_SCBPP","lat":33.9935,"lon":-118.62283,"county":"LOS ANGELES","organization":"CLAEMD","batch_year":"1994"},{"station_id":"SCBPP_0997","station_name":"0997_SCBPP","lat":33.98767,"lon":-118.6685,"county":"LOS ANGELES","organization":"CLAEMD","batch_year":"1994"},{"station_id":"SCBPP_1034","station_name":"1034_SCBPP","lat":33.95967,"lon":-118.64167,"county":"FEDERAL WATERS","organization":"CLAEMD","batch_year":"1994"},{"station_id":"B98_138506","station_name":"138506_B98","lat":33.9494,"lon":-118.673,"county":"FEDERAL WATERS","organization":"CLAEMD","batch_year":"1998"},{"station_id":"B98_138505","station_name":"138505_B98","lat":33.9662,"lon":-118.674,"county":"FEDERAL WATERS","organization":"CLAEMD","batch_year":"1998"},{"station_id":"B98_138504","station_name":"138504_B98","lat":33.9957,"lon":-118.675,"county":"LOS ANGELES","organization":"CLAEMD","batch_year":"1998"},{"station_id":"B98_138006","station_name":"138006_B98","lat":33.9561,"lon":-118.624,"county":"FEDERAL WATERS","organization":"CLAEMD","batch_year":"1998"},{"station_id":"B18-10252","station_name":"B18-10252","lat":33.9864,"lon":-118.622017,"county":"LOS ANGELES","organization":"SCCWRP","batch_year":"2018"},{"station_id":"4057_B03","station_name":"B03_4057","lat":33.97774,"lon":-118.62712,"county":"FEDERAL WATERS","organization":"CLAEMD","batch_year":"2003"},{"station_id":"7477_B08","station_name":"B08-7477","lat":33.96712,"lon":-118.64768,"county":"FEDERAL WATERS","organization":"CLAEMD","batch_year":"2008"},{"station_id":"B18-10341","station_name":"B18-10341","lat":33.95835,"lon":-118.648833,"county":"OOS","organization":"SCCWRP","batch_year":"2018"},{"station_id":"B13-9316","station_name":"B13-9316 OpenwaterStation","lat":33.99528,"lon":-118.6328,"county":"LOS ANGELES","organization":"SCCWRP","batch_year":"2013"},{"station_id":"4217_B03","station_name":"B03_4217","lat":33.98485,"lon":-118.67034,"county":"LOS ANGELES","organization":"USC","batch_year":"2003"}]}},{"type":"Feature","geometry":{"type":"Polygon","coordinates":[[[-118.52439611752418,33.906486387589254],[-118.49261999923169,33.9308322522495],[-118.50140498790427,33.96532211290662],[-118.54198423926536,33.97545797496215],[-118.57375469744146,33.95110498384381],[-118.56495157825086,33.91662326125116],[-118.52439611752418,33.906486387589254]]]},"properties":{"h3_index":"8629a1917ffffff","station_count":35,"program_id":"bight","program":"Southern California Bight","resolution":6,"stations":[{"station_id":"4109_B03","station_name":"B03_4109","lat":33.95864,"lon":-118.51976,"county":"LOS ANGELES","organization":"CLAEMD","batch_year":"2003"},{"station_id":"B03W094_B03","station_name":"B03_B03W094","lat":33.94026,"lon":-118.50976,"county":"LOS ANGELES","organization":"USC","batch_year":"2003"},{"station_id":"SCBPP_1027","station_name":"1027_SCBPP","lat":33.94867,"lon":-118.51383,"county":"LOS ANGELES","organization":"TEX-AM","batch_year":"1994"},{"station_id":"2192_B98","station_name":"B98_2192","lat":33.94372,"lon":-118.51978,"county":"LOS ANGELES","organization":"CLAEMD","batch_year":"1998"},{"station_id":"2189_B98","station_name":"B98_2189","lat":33.95292,"lon":-118.56029,"county":"FEDERAL WATERS","organization":"CLAEMD","batch_year":"1998"},{"station_id":"4045_B03","station_name":"B03_4045","lat":33.93486,"lon":-118.53976,"county":"FEDERAL WATERS","organization":"CLAEMD","batch_year":"2003"},{"station_id":"4365_B03","station_name":"B03_4365","lat":33.9604,"lon":-118.52937,"county":"LOS ANGELES","organization":"CLAEMD","batch_year":"2003"},{"station_id":"SCBPP_1040","station_name":"1040_SCBPP","lat":33.95167,"lon":-118.5505,"county":"FEDERAL WATERS","organization":"CLAEMD","batch_year":"1994"},{"station_id":"SCBPP_1045","station_name":"1045_SCBPP","lat":33.948,"lon":-118.53833,"county":"FEDERAL WATERS","organization":"CLAEMD","batch_year":"1994"},{"station_id":"SCBPP_1049","station_name":"1049_SCBPP","lat":33.94383,"lon":-118.53683,"county":"FEDERAL WATERS","organization":"CLAEMD","batch_year":"1994"},{"station_id":"SCBPP_1056","station_name":"1056_SCBPP","lat":33.93217,"lon":-118.56733,"county":"FEDERAL WATERS","organization":"CLAEMD","batch_year":"1994"},{"station_id":"SCBPP_1067","station_name":"1067_SCBPP","lat":33.92283,"lon":-118.55417,"county":"FEDERAL WATERS","organization":"CLAEMD","batch_year":"1994"},{"station_id":"SCBPP_1072","station_name":"1072_SCBPP","lat":33.9165,"lon":-118.5465,"county":"FEDERAL WATERS","organization":"CLAEMD","batch_year":"1994"},{"station_id":"B98_135005","station_name":"135005_B98","lat":33.9092,"lon":-118.525,"county":"FEDERAL WATERS","organization":"CLAEMD","batch_year":"1998"},{"station_id":"B98_136004","station_name":"136004_B98","lat":33.9403,"lon":-118.51,"county":"LOS ANGELES","organization":"CLAEMD","batch_year":"1998"},{"station_id":"B98_136005","station_name":"136005_B98","lat":33.9278,"lon":-118.536,"county":"FEDERAL WATERS","organization":"CLAEMD","batch_year":"1998"},{"station_id":"B98_136006","station_name":"136006_B98","lat":33.9167,"lon":-118.558,"county":"FEDERAL WATERS","organization":"CLAEMD","batch_year":"1998"},{"station_id":"B98_137004","station_name":"137004_B98","lat":33.9667,"lon":-118.526,"county":"LOS ANGELES","organization":"CLAEMD","batch_year":"1998"},{"station_id":"B98_137005","station_name":"137005_B98","lat":33.9536,"lon":-118.554,"county":"FEDERAL WATERS","organization":"CLAEMD","batch_year":"1998"},{"station_id":"B18-10253","station_name":"B18-10253","lat":33.943833,"lon":-118.519833,"county":"LOS ANGELES","organization":"SCCWRP","batch_year":"2018"},{"station_id":"SCBPP_1065","station_name":"1065_SCBPP","lat":33.92317,"lon":-118.50267,"county":"LOS ANGELES","organization":"CLAEMD","batch_year":"1994"},{"station_id":"2384_B98","station_name":"B98_2384","lat":33.93014,"lon":-118.50469,"county":"LOS ANGELES","organization":"CLAEMD","batch_year":"1998"},{"station_id":"4077_B03","station_name":"B03_4077","lat":33.92197,"lon":-118.52053,"county":"FEDERAL WATERS","organization":"CLAEMD","batch_year":"2003"},{"station_id":"7458_B08","station_name":"B08-7458","lat":33.93888,"lon":-118.55849,"county":"FEDERAL WATERS","organization":"NOAACOAST","batch_year":"2008"},{"station_id":"7461_B08","station_name":"B08-7461","lat":33.94372,"lon":-118.51978,"county":"LOS ANGELES","organization":"CLAEMD","batch_year":"2008"},{"station_id":"2190_B98","station_name":"B98_2190","lat":33.94792,"lon":-118.52871,"county":"FEDERAL WATERS","organization":"CLAEMD","batch_year":"1998"},{"station_id":"4205_B03","station_name":"B03_4205","lat":33.92785,"lon":-118.54376,"county":"FEDERAL WATERS","organization":"CLAEMD","batch_year":"2003"},{"station_id":"2195_B98","station_name":"B98_2195","lat":33.91026,"lon":-118.52452,"county":"FEDERAL WATERS","organization":"CLAEMD","batch_year":"1998"},{"station_id":"2191_B98","station_name":"B98_2191","lat":33.93661,"lon":-118.56096,"county":"FEDERAL WATERS","organization":"CLAEMD","batch_year":"1998"},{"station_id":"4141_B03","station_name":"B03_4141","lat":33.92458,"lon":-118.52622,"county":"FEDERAL WATERS","organization":"CLAEMD","batch_year":"2003"},{"station_id":"2194_B98","station_name":"B98_2194","lat":33.92056,"lon":-118.5215,"county":"FEDERAL WATERS","organization":"CLAEMD","batch_year":"1998"},{"station_id":"B03_B03W099","station_name":"B03W099_B03","lat":33.96666,"lon":-118.52555,"county":"LOS ANGELES","organization":"USC","batch_year":"2003"},{"station_id":"B13-9277","station_name":"B13-9277 OpenwaterStation","lat":33.91856,"lon":-118.56344,"county":"LOS ANGELES","organization":"SCCWRP","batch_year":"2013"},{"station_id":"B13-9285","station_name":"B13-9285 OpenwaterStation","lat":33.93477,"lon":-118.55325,"county":"LOS ANGELES","organization":"SCCWRP","batch_year":"2013"},{"station_id":"B13-9292","station_name":"B13-9292 OpenwaterStation","lat":33.94372,"lon":-118.51978,"county":"LOS ANGELES","organization":"SCCWRP","batch_year":"2013"}]}},{"type":"Feature","geometry":{"type":"Polygon","coordinates":[[[-118.57375469744146,33.95110498384381],[-118.54198423926536,33.97545797496215],[-118.55078588571087,34.00993062959066],[-118.59137611714627,34.02004214138195],[-118.6231408566894,33.995682039015584],[-118.61432109734328,33.96121754021953],[-118.57375469744146,33.95110498384381]]]},"properties":{"h3_index":"8629a191fffffff","station_count":16,"program_id":"bight","program":"Southern California Bight","resolution":6,"stations":[{"station_id":"SCBPP_0943","station_name":"0943_SCBPP","lat":34.0065,"lon":-118.59533,"county":"LOS ANGELES","organization":"CLAEMD","batch_year":"1994"},{"station_id":"SCBPP_0960","station_name":"0960_SCBPP","lat":33.99883,"lon":-118.59433,"county":"LOS ANGELES","organization":"CLAEMD","batch_year":"1994"},{"station_id":"4165_B03","station_name":"B03_4165","lat":34.01387,"lon":-118.59154,"county":"LOS ANGELES","organization":"CLAEMD","batch_year":"2003"},{"station_id":"4269_B03","station_name":"B03_4269","lat":33.95711,"lon":-118.59303,"county":"FEDERAL WATERS","organization":"CLAEMD","batch_year":"2003"},{"station_id":"4101_B03","station_name":"B03_4101","lat":33.99826,"lon":-118.55925,"county":"LOS ANGELES","organization":"CLAEMD","batch_year":"2003"},{"station_id":"SCBPP_0993","station_name":"0993_SCBPP","lat":33.98867,"lon":-118.5925,"county":"LOS ANGELES","organization":"CLAEMD","batch_year":"1994"},{"station_id":"SCBPP_1001","station_name":"1001_SCBPP","lat":33.98533,"lon":-118.60767,"county":"FEDERAL WATERS","organization":"CLAEMD","batch_year":"1994"},{"station_id":"SCBPP_1003","station_name":"1003_SCBPP","lat":33.984,"lon":-118.569,"county":"FEDERAL WATERS","organization":"CLAEMD","batch_year":"1994"},{"station_id":"SCBPP_1028","station_name":"1028_SCBPP","lat":33.96583,"lon":-118.58817,"county":"FEDERAL WATERS","organization":"CLAEMD","batch_year":"1994"},{"station_id":"B98_138003","station_name":"138003_B98","lat":34.0058,"lon":-118.597,"county":"LOS ANGELES","organization":"CLAEMD","batch_year":"1998"},{"station_id":"B98_138004","station_name":"138004_B98","lat":33.9933,"lon":-118.604,"county":"LOS ANGELES","organization":"CLAEMD","batch_year":"1998"},{"station_id":"B98_138005","station_name":"138005_B98","lat":33.9722,"lon":-118.614,"county":"FEDERAL WATERS","organization":"CLAEMD","batch_year":"1998"},{"station_id":"SCBPP_1014","station_name":"1014_SCBPP","lat":33.97417,"lon":-118.55883,"county":"FEDERAL WATERS","organization":"CLAEMD","batch_year":"1994"},{"station_id":"SCBPP_0964","station_name":"0964_SCBPP","lat":33.974,"lon":-118.55883,"county":"FEDERAL WATERS","organization":"CLAEMD","batch_year":"1994"},{"station_id":"4229_B03","station_name":"B03_4229","lat":33.98465,"lon":-118.60559,"county":"FEDERAL WATERS","organization":"USC","batch_year":"2003"},{"station_id":"4333_B03","station_name":"B03_4333","lat":33.95477,"lon":-118.5708,"county":"FEDERAL WATERS","organization":"USC","batch_year":"2003"}]}},{"type":"Feature","geometry":{"type":"Polygon","coordinates":[[[-118.61961213119494,33.833402632254945],[-118.58789218643619,33.85777154590516],[-118.5966967661578,33.89226226955631],[-118.63723934949752,33.90237588222985],[-118.66895353765763,33.87799983512015],[-118.66013091296301,33.843517312881936],[-118.61961213119494,33.833402632254945]]]},"properties":{"h3_index":"8629a1927ffffff","station_count":4,"program_id":"bight","program":"Southern California Bight","resolution":6,"stations":[{"station_id":"SCBPP_1120","station_name":"1120_SCBPP","lat":33.87133,"lon":-118.62533,"county":"FEDERAL WATERS","organization":"TEX-AM","batch_year":"1994"},{"station_id":"SCBPP_1106","station_name":"1106_SCBPP","lat":33.883,"lon":-118.61433,"county":"FEDERAL WATERS","organization":"CLAEMD","batch_year":"1994"},{"station_id":"SCBPP_1118","station_name":"1118_SCBPP","lat":33.87467,"lon":-118.61433,"county":"FEDERAL WATERS","organization":"CLAEMD","batch_year":"1994"},{"station_id":"SCBPP_1131","station_name":"1131_SCBPP","lat":33.862,"lon":-118.61133,"county":"FEDERAL WATERS","organization":"CLAEMD","batch_year":"1994"}]}},{"type":"Feature","geometry":{"type":"Polygon","coordinates":[[[-118.66895353765763,33.87799983512015],[-118.63723934949752,33.90237588222985],[-118.64606054759265,33.936849426200865],[-118.68661397497159,33.946938708061445],[-118.71832234813209,33.922555542871685],[-118.70948312283448,33.888090217977314],[-118.66895353765763,33.87799983512015]]]},"properties":{"h3_index":"8629a192fffffff","station_count":3,"program_id":"bight","program":"Southern California Bight","resolution":6,"stations":[{"station_id":"B18-10342","station_name":"B18-10342","lat":33.90604,"lon":-118.66641,"county":"OOS","organization":"SCCWRP","batch_year":"2018"},{"station_id":"7428_B08","station_name":"B08-7428","lat":33.89774,"lon":-118.65692,"county":"FEDERAL WATERS","organization":"CLAEMD","batch_year":"2008"},{"station_id":"B13-9281","station_name":"B13-9281 OpenwaterStation","lat":33.92103,"lon":-118.65011,"county":"LOS ANGELES","organization":"SCCWRP","batch_year":"2013"}]}},{"type":"Feature","geometry":{"type":"Polygon","coordinates":[[[-118.5473605014824,33.847633648977784],[-118.51560963434204,33.87198750307615],[-118.52439611752418,33.906486387589254],[-118.56495157825086,33.91662326125116],[-118.5966967661578,33.89226226955631],[-118.58789218643619,33.85777154590516],[-118.5473605014824,33.847633648977784]]]},"properties":{"h3_index":"8629a1937ffffff","station_count":20,"program_id":"bight","program":"Southern California Bight","resolution":6,"stations":[{"station_id":"4301_B03","station_name":"B03_4301","lat":33.89681,"lon":-118.54023,"county":"FEDERAL WATERS","organization":"CLAEMD","batch_year":"2003"},{"station_id":"4173_B03","station_name":"B03_4173","lat":33.90783,"lon":-118.56696,"county":"FEDERAL WATERS","organization":"CLAEMD","batch_year":"2003"},{"station_id":"SCBPP_1103","station_name":"1103_SCBPP","lat":33.88583,"lon":-118.55267,"county":"FEDERAL WATERS","organization":"TEX-AM","batch_year":"1994"},{"station_id":"2196_B98","station_name":"B98_2196","lat":33.90285,"lon":-118.5532,"county":"FEDERAL WATERS","organization":"CLAEMD","batch_year":"1998"},{"station_id":"4022_B03","station_name":"B03_4022","lat":33.87377,"lon":-118.51654,"county":"FEDERAL WATERS","organization":"CLAEMD","batch_year":"2003"},{"station_id":"4358_B03","station_name":"B03_4358","lat":33.88162,"lon":-118.53487,"county":"FEDERAL WATERS","organization":"CLAEMD","batch_year":"2003"},{"station_id":"4278_B03","station_name":"B03_4278","lat":33.87807,"lon":-118.54424,"county":"FEDERAL WATERS","organization":"CLAEMD","batch_year":"2003"},{"station_id":"SCBPP_1091","station_name":"1091_SCBPP","lat":33.89617,"lon":-118.5415,"county":"FEDERAL WATERS","organization":"CLAEMD","batch_year":"1994"},{"station_id":"SCBPP_1105","station_name":"1105_SCBPP","lat":33.883,"lon":-118.53817,"county":"FEDERAL WATERS","organization":"CLAEMD","batch_year":"1994"},{"station_id":"SCBPP_1110","station_name":"1110_SCBPP","lat":33.87983,"lon":-118.56933,"county":"FEDERAL WATERS","organization":"CLAEMD","batch_year":"1994"},{"station_id":"SCBPP_1128","station_name":"1128_SCBPP","lat":33.86467,"lon":-118.55833,"county":"FEDERAL WATERS","organization":"CLAEMD","batch_year":"1994"},{"station_id":"SCBPP_1146","station_name":"1146_SCBPP","lat":33.85117,"lon":-118.55283,"county":"FEDERAL WATERS","organization":"CLAEMD","batch_year":"1994"},{"station_id":"B98_134006","station_name":"134006_B98","lat":33.8792,"lon":-118.536,"county":"FEDERAL WATERS","organization":"CLAEMD","batch_year":"1998"},{"station_id":"B98_135006","station_name":"135006_B98","lat":33.9,"lon":-118.55,"county":"FEDERAL WATERS","organization":"CLAEMD","batch_year":"1998"},{"station_id":"B18-10255","station_name":"B18-10255","lat":33.865833,"lon":-118.5281,"county":"OOS","organization":"SCCWRP","batch_year":"2018"},{"station_id":"2199_B98","station_name":"B98_2199","lat":33.88228,"lon":-118.53538,"county":"FEDERAL WATERS","organization":"CLAEMD","batch_year":"1998"},{"station_id":"7426_B08","station_name":"B08-7426","lat":33.8935,"lon":-118.58414,"county":"FEDERAL WATERS","organization":"CLAEMD","batch_year":"2008"},{"station_id":"2198_B98","station_name":"B98_2198","lat":33.88776,"lon":-118.52437,"county":"FEDERAL WATERS","organization":"CLAEMD","batch_year":"1998"},{"station_id":"4281_B03","station_name":"B03_4281","lat":33.87804,"lon":-118.57077,"county":"FEDERAL WATERS","organization":"USC","batch_year":"2003"},{"station_id":"B13-9267","station_name":"B13-9267 OpenwaterStation","lat":33.86084,"lon":-118.55917,"county":"LOS ANGELES","organization":"SCCWRP","batch_year":"2013"}]}},{"type":"Feature","geometry":{"type":"Polygon","coordinates":[[[-118.76771851208727,33.96706964744461],[-118.73601601239606,33.99145991529063],[-118.7448704592486,34.025898914730256],[-118.78544541108946,34.03593939624061],[-118.81714197877336,34.011542041206454],[-118.80826954061446,33.97711129590672],[-118.76771851208727,33.96706964744461]]]},"properties":{"h3_index":"8629a1947ffffff","station_count":13,"program_id":"bight","program":"Southern California Bight","resolution":6,"stations":[{"station_id":"B98_140001","station_name":"140001_B98","lat":33.9953,"lon":-118.805,"county":"LOS ANGELES","organization":"CLAEMD","batch_year":"1998"},{"station_id":"B98_140002","station_name":"140002_B98","lat":33.9883,"lon":-118.805,"county":"LOS ANGELES","organization":"CLAEMD","batch_year":"1998"},{"station_id":"B98_140003","station_name":"140003_B98","lat":33.9806,"lon":-118.805,"county":"LOS ANGELES","organization":"CLAEMD","batch_year":"1998"},{"station_id":"4185_B03","station_name":"B03_4185","lat":33.99208,"lon":-118.79829,"county":"LOS ANGELES","organization":"CLAEMD","batch_year":"2003"},{"station_id":"2380_B98","station_name":"B98_2380","lat":34.0181,"lon":-118.75943,"county":"LOS ANGELES","organization":"CLAEMD","batch_year":"1998"},{"station_id":"SCBPP_0988","station_name":"0988_SCBPP","lat":33.99017,"lon":-118.79767,"county":"LOS ANGELES","organization":"CLAEMD","batch_year":"1994"},{"station_id":"2381_B98","station_name":"B98_2381","lat":34.00295,"lon":-118.76933,"county":"LOS ANGELES","organization":"SCCWRP","batch_year":"1998"},{"station_id":"B13-9311","station_name":"B13-9311 OpenwaterStation","lat":33.98246,"lon":-118.8024,"county":"LOS ANGELES","organization":"SCCWRP","batch_year":"2013"},{"station_id":"SCBPP_0929","station_name":"0929_SCBPP","lat":34.01,"lon":-118.7505,"county":"LOS ANGELES","organization":"CLAEMD","batch_year":"1994"},{"station_id":"SCBPP_0900","station_name":"0900_SCBPP","lat":34.023,"lon":-118.74683,"county":"LOS ANGELES","organization":"TEX-AM","batch_year":"1994"},{"station_id":"4325_B03","station_name":"B03_4325","lat":34.00971,"lon":-118.76078,"county":"LOS ANGELES","organization":"USC","batch_year":"2003"},{"station_id":"B13-9326","station_name":"B13-9326 OpenwaterStation","lat":34.00509,"lon":-118.76663,"county":"LOS ANGELES","organization":"SCCWRP","batch_year":"2013"},{"station_id":"4313_B03","station_name":"B03_4313","lat":33.99568,"lon":-118.74935,"county":"LOS ANGELES","organization":"USC","batch_year":"2003"}]}},{"type":"Feature","geometry":{"type":"Polygon","coordinates":[[[-118.81714197877336,34.011542041206454],[-118.78544541108946,34.03593939624061],[-118.79431648817541,34.070361031217416],[-118.83490212015128,34.08037704366806],[-118.86659269722203,34.05597261695823],[-118.85770364695551,34.02155925352044],[-118.81714197877336,34.011542041206454]]]},"properties":{"h3_index":"8629a194fffffff","station_count":2,"program_id":"bight","program":"Southern California Bight","resolution":6,"stations":[{"station_id":"2343_B98","station_name":"B98_2343","lat":34.02442,"lon":-118.8518,"county":"LOS ANGELES","organization":"CRGML","batch_year":"1998"},{"station_id":"2379_B98","station_name":"B98_2379","lat":34.019,"lon":-118.83729,"county":"LOS ANGELES","organization":"CRGML","batch_year":"1998"}]}},{"type":"Feature","geometry":{"type":"Polygon","coordinates":[[[-118.69545179546876,33.981395010563965],[-118.66371814137067,34.005770231589395],[-118.67255454494428,34.0402174449065],[-118.71314265986462,34.05028122740105],[-118.7448704592486,34.025898914730256],[-118.73601601239606,33.99145991529063],[-118.69545179546876,33.981395010563965]]]},"properties":{"h3_index":"8629a1957ffffff","station_count":41,"program_id":"bight","program":"Southern California Bight","resolution":6,"stations":[{"station_id":"SCBPP_0903","station_name":"0903_SCBPP","lat":34.02183,"lon":-118.68167,"county":"LOS ANGELES","organization":"CLAEMD","batch_year":"1994"},{"station_id":"SCBPP_0918","station_name":"0918_SCBPP","lat":34.01417,"lon":-118.69633,"county":"LOS ANGELES","organization":"CLAEMD","batch_year":"1994"},{"station_id":"SCBPP_0936","station_name":"0936_SCBPP","lat":34.00783,"lon":-118.68317,"county":"LOS ANGELES","organization":"CLAEMD","batch_year":"1994"},{"station_id":"SCBPP_0942","station_name":"0942_SCBPP","lat":34.00667,"lon":-118.7205,"county":"LOS ANGELES","organization":"CLAEMD","batch_year":"1994"},{"station_id":"SCBPP_0902","station_name":"0902_SCBPP","lat":34.02233,"lon":-118.70383,"county":"LOS ANGELES","organization":"TEX-AM","batch_year":"1994"},{"station_id":"4683_B03","station_name":"B03_4683","lat":34.03278,"lon":-118.68477,"county":"LOS ANGELES","organization":"CSD","batch_year":"2003"},{"station_id":"5771_B03","station_name":"B03_5771","lat":34.03279,"lon":-118.68459,"county":"LOS ANGELES","organization":"CSD","batch_year":"2003"},{"station_id":"B98_138501","station_name":"138501_B98","lat":34.0319,"lon":-118.676,"county":"LOS ANGELES","organization":"CLAEMD","batch_year":"1998"},{"station_id":"B98_138503","station_name":"138503_B98","lat":34.0136,"lon":-118.675,"county":"LOS ANGELES","organization":"CLAEMD","batch_year":"1998"},{"station_id":"B98_138601","station_name":"138601_B98","lat":34.0278,"lon":-118.686,"county":"LOS ANGELES","organization":"CLAEMD","batch_year":"1998"},{"station_id":"B98_138602","station_name":"138602_B98","lat":34.0188,"lon":-118.686,"county":"LOS ANGELES","organization":"CLAEMD","batch_year":"1998"},{"station_id":"B98_138603","station_name":"138603_B98","lat":34.0097,"lon":-118.686,"county":"LOS ANGELES","organization":"CLAEMD","batch_year":"1998"},{"station_id":"B98_138701","station_name":"138701_B98","lat":34.0285,"lon":-118.697,"county":"LOS ANGELES","organization":"CLAEMD","batch_year":"1998"},{"station_id":"B98_138702","station_name":"138702_B98","lat":34.0195,"lon":-118.697,"county":"LOS ANGELES","organization":"CLAEMD","batch_year":"1998"},{"station_id":"B98_138703","station_name":"138703_B98","lat":34.0104,"lon":-118.697,"county":"LOS ANGELES","organization":"CLAEMD","batch_year":"1998"},{"station_id":"B98_139001","station_name":"139001_B98","lat":34.0275,"lon":-118.717,"county":"LOS ANGELES","organization":"CLAEMD","batch_year":"1998"},{"station_id":"B98_139002","station_name":"139002_B98","lat":34.0194,"lon":-118.717,"county":"LOS ANGELES","organization":"CLAEMD","batch_year":"1998"},{"station_id":"B98_139003","station_name":"139003_B98","lat":34.0111,"lon":-118.717,"county":"LOS ANGELES","organization":"CLAEMD","batch_year":"1998"},{"station_id":"B98_139004","station_name":"139004_B98","lat":33.9975,"lon":-118.717,"county":"LOS ANGELES","organization":"CLAEMD","batch_year":"1998"},{"station_id":"B98_138502","station_name":"138502_B98","lat":34.0228,"lon":-118.675,"county":"LOS ANGELES","organization":"CLAEMD","batch_year":"1998"},{"station_id":"2314_B98","station_name":"B98_2314","lat":34.0271,"lon":-118.6826,"county":"LOS ANGELES","organization":"CLAEMD","batch_year":"1998"},{"station_id":"4037_B03","station_name":"B03_4037","lat":33.99816,"lon":-118.70954,"county":"LOS ANGELES","organization":"CLAEMD","batch_year":"2003"},{"station_id":"5739_B03","station_name":"B03_5739","lat":34.03451,"lon":-118.68188,"county":"LOS ANGELES","organization":"CSD","batch_year":"2003"},{"station_id":"B03_MCSN225L","station_name":"MCSN225L_B03","lat":34.03053,"lon":-118.681,"county":"LOS ANGELES","organization":"LMU","batch_year":"2003"},{"station_id":"B03_MC0","station_name":"MC0_B03","lat":34.03218,"lon":-118.6797,"county":"LOS ANGELES","organization":"LMU","batch_year":"2003"},{"station_id":"B03_MCS225","station_name":"MCS225_B03","lat":34.03379,"lon":-118.6786,"county":"LOS ANGELES","organization":"LMU","batch_year":"2003"},{"station_id":"4197_B03","station_name":"B03_4197","lat":34.03279,"lon":-118.6822,"county":"LOS ANGELES","organization":"CRGML","batch_year":"2003"},{"station_id":"4939_B03","station_name":"B03_4939","lat":34.03254,"lon":-118.68137,"county":"LOS ANGELES","organization":"CRGML","batch_year":"2003"},{"station_id":"B03_MCSS75","station_name":"MCSS75_B03","lat":34.03228,"lon":-118.6783,"county":"LOS ANGELES","organization":"LMU","batch_year":"2003"},{"station_id":"B03_MCSN25L","station_name":"MCSN25L_B03","lat":34.03147,"lon":-118.6791,"county":"LOS ANGELES","organization":"LMU","batch_year":"2003"},{"station_id":"B03_MCSS25L","station_name":"MCSS25L_B03","lat":34.03187,"lon":-118.6786,"county":"LOS ANGELES","organization":"LMU","batch_year":"2003"},{"station_id":"B13-9336","station_name":"B13-9336 OpenwaterStation","lat":34.01948,"lon":-118.74305,"county":"LOS ANGELES","organization":"SCCWRP","batch_year":"2013"},{"station_id":"B03_MCS25L","station_name":"MCS25L_B03","lat":34.03233,"lon":-118.6795,"county":"LOS ANGELES","organization":"LMU","batch_year":"2003"},{"station_id":"B13-9331","station_name":"B13-9331 OpenwaterStation","lat":34.0132,"lon":-118.67019,"county":"LOS ANGELES","organization":"SCCWRP","batch_year":"2013"},{"station_id":"B03_MCN25L","station_name":"MCN25L_B03","lat":34.03202,"lon":-118.6799,"county":"LOS ANGELES","organization":"LMU","batch_year":"2003"},{"station_id":"B03_MCS75L","station_name":"MCS75L_B03","lat":34.03272,"lon":-118.6793,"county":"LOS ANGELES","organization":"LMU","batch_year":"2003"},{"station_id":"B03_MCSN75L","station_name":"MCSN75L_B03","lat":34.03112,"lon":-118.6795,"county":"LOS ANGELES","organization":"LMU","batch_year":"2003"},{"station_id":"B03_MCN75L","station_name":"MCN75L_B03","lat":34.03174,"lon":-118.6802,"county":"LOS ANGELES","organization":"LMU","batch_year":"2003"},{"station_id":"B03_MCN225L","station_name":"MCN225L_B03","lat":34.03121,"lon":-118.6816,"county":"LOS ANGELES","organization":"LMU","batch_year":"2003"},{"station_id":"B03_MCSS225L","station_name":"MCSS225L_B03","lat":34.03352,"lon":-118.6777,"county":"LOS ANGELES","organization":"LMU","batch_year":"2003"},{"station_id":"B03_MCS0L","station_name":"MCS0L_B03","lat":34.03171,"lon":-118.6788,"county":"LOS ANGELES","organization":"LMU","batch_year":"2003"}]}},{"type":"Feature","geometry":{"type":"Polygon","coordinates":[[[-118.79053990962636,33.90822343707255],[-118.75886268227646,33.932621581594454],[-118.76771851208727,33.96706964744461],[-118.80826954061446,33.97711129590672],[-118.83994081737836,33.952706053187725],[-118.83106703017792,33.91826626424625],[-118.79053990962636,33.90822343707255]]]},"properties":{"h3_index":"8629a1967ffffff","station_count":5,"program_id":"bight","program":"Southern California Bight","resolution":6,"stations":[{"station_id":"B98_140004","station_name":"140004_B98","lat":33.9583,"lon":-118.805,"county":"LOS ANGELES","organization":"CLAEMD","batch_year":"1998"},{"station_id":"B98_140005","station_name":"140005_B98","lat":33.928,"lon":-118.805,"county":"FEDERAL WATERS","organization":"CLAEMD","batch_year":"1998"},{"station_id":"B98_140006","station_name":"140006_B98","lat":33.9125,"lon":-118.805,"county":"FEDERAL WATERS","organization":"CLAEMD","batch_year":"1998"},{"station_id":"B18-10353","station_name":"B18-10353","lat":33.944267,"lon":-118.771433,"county":"OOS","organization":"SCCWRP","batch_year":"2018"},{"station_id":"B13-9305","station_name":"B13-9305 OpenwaterStation","lat":33.96621,"lon":-118.81172,"county":"LOS ANGELES","organization":"SCCWRP","batch_year":"2013"}]}},{"type":"Feature","geometry":{"type":"Polygon","coordinates":[[[-118.83994081737836,33.952706053187725],[-118.80826954061446,33.97711129590672],[-118.81714197877336,34.011542041206454],[-118.85770364695551,34.02155925352044],[-118.8893689146214,33.997146928179006],[-118.88047853721461,33.96272447717892],[-118.83994081737836,33.952706053187725]]]},"properties":{"h3_index":"8629a196fffffff","station_count":6,"program_id":"bight","program":"Southern California Bight","resolution":6,"stations":[{"station_id":"2344_B98","station_name":"B98_2344","lat":34.01883,"lon":-118.8563,"county":"LOS ANGELES","organization":"CRGML","batch_year":"1998"},{"station_id":"B13-9320","station_name":"B13-9320 OpenwaterStation","lat":33.99917,"lon":-118.86887,"county":"LOS ANGELES","organization":"SCCWRP","batch_year":"2013"},{"station_id":"B13-9310","station_name":"B13-9310 OpenwaterStation","lat":33.98202,"lon":-118.81463,"county":"LOS ANGELES","organization":"SCCWRP","batch_year":"2013"},{"station_id":"B13-9321","station_name":"B13-9321 OpenwaterStation","lat":34.00042,"lon":-118.81508,"county":"LOS ANGELES","organization":"SCCWRP","batch_year":"2013"},{"station_id":"B13-9309","station_name":"B13-9309 OpenwaterStation","lat":33.97742,"lon":-118.87639,"county":"LOS ANGELES","organization":"SCCWRP","batch_year":"2013"},{"station_id":"B13-9323","station_name":"B13-9323 OpenwaterStation","lat":34.00126,"lon":-118.82444,"county":"LOS ANGELES","organization":"SCCWRP","batch_year":"2013"}]}},{"type":"Feature","geometry":{"type":"Polygon","coordinates":[[[-118.71832234813209,33.922555542871685],[-118.68661397497159,33.946938708061445],[-118.69545179546876,33.981395010563965],[-118.73601601239606,33.99145991529063],[-118.76771851208727,33.96706964744461],[-118.75886268227646,33.932621581594454],[-118.71832234813209,33.922555542871685]]]},"properties":{"h3_index":"8629a1977ffffff","station_count":3,"program_id":"bight","program":"Southern California Bight","resolution":6,"stations":[{"station_id":"B98_139005","station_name":"139005_B98","lat":33.9603,"lon":-118.717,"county":"FEDERAL WATERS","organization":"CLAEMD","batch_year":"1998"},{"station_id":"B98_139006","station_name":"139006_B98","lat":33.9428,"lon":-118.717,"county":"FEDERAL WATERS","organization":"CLAEMD","batch_year":"1998"},{"station_id":"7479_B08","station_name":"B08-7479","lat":33.97086,"lon":-118.7277,"county":"FEDERAL WATERS","organization":"CLAEMD","batch_year":"2008"}]}},{"type":"Feature","geometry":{"type":"Polygon","coordinates":[[[-118.4520517822441,33.92067208664023],[-118.42024480336616,33.9450027527579],[-118.42901160999708,33.979500710820595],[-118.46960359140347,33.98965990950669],[-118.50140498790427,33.96532211290662],[-118.49261999923169,33.9308322522495],[-118.4520517822441,33.92067208664023]]]},"properties":{"h3_index":"8629a19a7ffffff","station_count":98,"program_id":"bight","program":"Southern California Bight","resolution":6,"stations":[{"station_id":"B18-10672","station_name":"B18-10672","lat":33.97211,"lon":-118.45938,"county":"LOS ANGELES","organization":"SCCWRP","batch_year":"2018"},{"station_id":"B18-10047","station_name":"B18-10047","lat":33.98298,"lon":-118.45072,"county":"LOS ANGELES","organization":"SCCWRP","batch_year":"2018"},{"station_id":"B18-10048","station_name":"B18-10048","lat":33.98025,"lon":-118.4509,"county":"LOS ANGELES","organization":"SCCWRP","batch_year":"2018"},{"station_id":"B18-10049","station_name":"B18-10049","lat":33.9752,"lon":-118.45609,"county":"LOS ANGELES","organization":"SCCWRP","batch_year":"2018"},{"station_id":"B18-10050","station_name":"B18-10050","lat":33.97037,"lon":-118.44776,"county":"LOS ANGELES","organization":"SCCWRP","batch_year":"2018"},{"station_id":"B18-10051","station_name":"B18-10051","lat":33.96463,"lon":-118.45383,"county":"LOS ANGELES","organization":"SCCWRP","batch_year":"2018"},{"station_id":"2449_B98","station_name":"B98_2449","lat":33.96377,"lon":-118.45721,"county":"LOS ANGELES","organization":"SCCWRP","batch_year":"1998"},{"station_id":"4117_B03","station_name":"B03_4117","lat":33.98225,"lon":-118.44393,"county":"LOS ANGELES","organization":"CRGML","batch_year":"2003"},{"station_id":"4341_B03","station_name":"B03_4341","lat":33.97253,"lon":-118.44897,"county":"LOS ANGELES","organization":"CRGML","batch_year":"2003"},{"station_id":"B03W088_B03","station_name":"B03_B03W088","lat":33.93138,"lon":-118.44805,"county":"LOS ANGELES","organization":"USC","batch_year":"2003"},{"station_id":"B03_BC MAR","station_name":"BC MAR_B03","lat":33.96159,"lon":-118.46114,"county":"LOS ANGELES","organization":"CLAEMD","batch_year":"2003"},{"station_id":"B03_B03W091","station_name":"B03W091_B03","lat":33.9517,"lon":-118.461,"county":"LOS ANGELES","organization":"CLAEMD","batch_year":"2003"},{"station_id":"B03_B03W095","station_name":"B03W095_B03","lat":33.9671,"lon":-118.472,"county":"LOS ANGELES","organization":"USC","batch_year":"2003"},{"station_id":"B03_BCS25LO","station_name":"BCS25LO_B03","lat":33.96085,"lon":-118.4566,"county":"LOS ANGELES","organization":"CLAEMD","batch_year":"2003"},{"station_id":"2446_B98","station_name":"B98_2446","lat":33.97734,"lon":-118.44143,"county":"LOS ANGELES","organization":"OCSD","batch_year":"1998"},{"station_id":"2447_B98","station_name":"B98_2447","lat":33.97404,"lon":-118.44719,"county":"LOS ANGELES","organization":"CAS","batch_year":"1998"},{"station_id":"2448_B98","station_name":"B98_2448","lat":33.97031,"lon":-118.4482,"county":"LOS ANGELES","organization":"CRGML","batch_year":"1998"},{"station_id":"4213_B03","station_name":"B03_4213","lat":33.9739,"lon":-118.43505,"county":"LOS ANGELES","organization":"CRGML","batch_year":"2003"},{"station_id":"4053_B03","station_name":"B03_4053","lat":33.97134,"lon":-118.43959,"county":"LOS ANGELES","organization":"CRGML","batch_year":"2003"},{"station_id":"5735_B03","station_name":"B03_5735","lat":33.96727,"lon":-118.44781,"county":"LOS ANGELES","organization":"CSD","batch_year":"2003"},{"station_id":"BRI-01_B03","station_name":"B03_BRI-01","lat":33.98292,"lon":-118.4558,"county":"LOS ANGELES","organization":"CRGML","batch_year":"2003"},{"station_id":"SCBPP_1019","station_name":"1019_SCBPP","lat":33.97067,"lon":-118.48,"county":"LOS ANGELES","organization":"CLAEMD","batch_year":"1994"},{"station_id":"SCBPP_1042","station_name":"1042_SCBPP","lat":33.94967,"lon":-118.47967,"county":"LOS ANGELES","organization":"CLAEMD","batch_year":"1994"},{"station_id":"B98_135002","station_name":"135002_B98","lat":33.9278,"lon":-118.46,"county":"LOS ANGELES","organization":"CLAEMD","batch_year":"1998"},{"station_id":"B98_135802","station_name":"135802_B98","lat":33.9391,"lon":-118.465,"county":"LOS ANGELES","organization":"CLAEMD","batch_year":"1998"},{"station_id":"B98_135803","station_name":"135803_B98","lat":33.935,"lon":-118.474,"county":"LOS ANGELES","organization":"CLAEMD","batch_year":"1998"},{"station_id":"B98_135902","station_name":"135902_B98","lat":33.9475,"lon":-118.471,"county":"LOS ANGELES","organization":"CLAEMD","batch_year":"1998"},{"station_id":"B98_135903","station_name":"135903_B98","lat":33.9434,"lon":-118.48,"county":"LOS ANGELES","organization":"CLAEMD","batch_year":"1998"},{"station_id":"B98_136001","station_name":"136001_B98","lat":33.9597,"lon":-118.466,"county":"LOS ANGELES","organization":"CLAEMD","batch_year":"1998"},{"station_id":"B98_136003","station_name":"136003_B98","lat":33.9494,"lon":-118.49,"county":"LOS ANGELES","organization":"CLAEMD","batch_year":"1998"},{"station_id":"B98_136102","station_name":"136102_B98","lat":33.9629,"lon":-118.482,"county":"LOS ANGELES","organization":"CLAEMD","batch_year":"1998"},{"station_id":"B98_136201","station_name":"136201_B98","lat":33.9743,"lon":-118.48,"county":"LOS ANGELES","organization":"CLAEMD","batch_year":"1998"},{"station_id":"B98_136202","station_name":"136202_B98","lat":33.9701,"lon":-118.49,"county":"LOS ANGELES","organization":"CLAEMD","batch_year":"1998"},{"station_id":"B98_136203","station_name":"136203_B98","lat":33.966,"lon":-118.499,"county":"LOS ANGELES","organization":"CLAEMD","batch_year":"1998"},{"station_id":"B18-10146","station_name":"B18-10146","lat":33.96393,"lon":-118.45195,"county":"LOS ANGELES","organization":"SCCWRP","batch_year":"2018"},{"station_id":"B18-10219","station_name":"B18-10219","lat":33.9623,"lon":-118.476067,"county":"LOS ANGELES","organization":"SCCWRP","batch_year":"2018"},{"station_id":"B98_135001","station_name":"135001_B98","lat":33.9314,"lon":-118.448,"county":"LOS ANGELES","organization":"CLAEMD","batch_year":"1998"},{"station_id":"B98_136002","station_name":"136002_B98","lat":33.9556,"lon":-118.478,"county":"LOS ANGELES","organization":"CLAEMD","batch_year":"1998"},{"station_id":"B98_136101","station_name":"136101_B98","lat":33.9671,"lon":-118.472,"county":"LOS ANGELES","organization":"CLAEMD","batch_year":"1998"},{"station_id":"B98_136103","station_name":"136103_B98","lat":33.9588,"lon":-118.492,"county":"LOS ANGELES","organization":"CLAEMD","batch_year":"1998"},{"station_id":"6508_B08","station_name":"B08-6508","lat":33.96283,"lon":-118.45337,"county":"LOS ANGELES","organization":"ABCL","batch_year":"2008"},{"station_id":"6513_B08","station_name":"B08-6513","lat":33.9643,"lon":-118.45345,"county":"LOS ANGELES","organization":"ABCL","batch_year":"2008"},{"station_id":"6518_B08","station_name":"B08-6518","lat":33.97031,"lon":-118.4482,"county":"LOS ANGELES","organization":"ABCL","batch_year":"2008"},{"station_id":"6520_B08","station_name":"B08-6520","lat":33.97134,"lon":-118.43959,"county":"LOS ANGELES","organization":"NOAACOAST","batch_year":"2008"},{"station_id":"6527_B08","station_name":"B08-6527","lat":33.98101,"lon":-118.44205,"county":"LOS ANGELES","organization":"ABCL","batch_year":"2008"},{"station_id":"6649_B08","station_name":"B08-6649","lat":33.97793,"lon":-118.45258,"county":"LOS ANGELES","organization":"CRGML","batch_year":"2008"},{"station_id":"6530_B08","station_name":"B08-6530","lat":33.98331,"lon":-118.45055,"county":"LOS ANGELES","organization":"ABCL","batch_year":"2008"},{"station_id":"2306_B98","station_name":"B98_2306","lat":33.9359,"lon":-118.453,"county":"LOS ANGELES","organization":"CLAEMD","batch_year":"1998"},{"station_id":"2445_B98","station_name":"B98_2445","lat":33.97833,"lon":-118.45551,"county":"LOS ANGELES","organization":"OCSD","batch_year":"1998"},{"station_id":"4085_B03","station_name":"B03_4085","lat":33.9643,"lon":-118.45345,"county":"LOS ANGELES","organization":"CRGML","batch_year":"2003"},{"station_id":"B13-8407","station_name":"B13-8407 OpenwaterStation","lat":33.9643,"lon":-118.45345,"county":"LOS ANGELES","organization":"SCCWRP","batch_year":"2013"},{"station_id":"B13-8409","station_name":"B13-8409 OpenwaterStation","lat":33.97031,"lon":-118.4482,"county":"LOS ANGELES","organization":"SCCWRP","batch_year":"2013"},{"station_id":"B13-8411","station_name":"B13-8411 OpenwaterStation","lat":33.97134,"lon":-118.43959,"county":"LOS ANGELES","organization":"SCCWRP","batch_year":"2013"},{"station_id":"7474_B08","station_name":"B08-7474","lat":33.9625,"lon":-118.4762,"county":"LOS ANGELES","organization":"CLAEMD","batch_year":"2008"},{"station_id":"2307_B98","station_name":"B98_2307","lat":33.9625,"lon":-118.4762,"county":"LOS ANGELES","organization":"CRGML","batch_year":"1998"},{"station_id":"5767_B03","station_name":"B03_5767","lat":33.96568,"lon":-118.45023,"county":"LOS ANGELES","organization":"CSD","batch_year":"2003"},{"station_id":"4149_B03","station_name":"B03_4149","lat":33.96344,"lon":-118.45527,"county":"LOS ANGELES","organization":"CRGML","batch_year":"2003"},{"station_id":"BRI-02_B03","station_name":"B03_BRI-02","lat":33.97557,"lon":-118.45505,"county":"LOS ANGELES","organization":"CRGML","batch_year":"2003"},{"station_id":"B03_BCS225RO","station_name":"BCS225RO_B03","lat":33.96564,"lon":-118.4603,"county":"LOS ANGELES","organization":"CLAEMD","batch_year":"2003"},{"station_id":"B03_BC25R","station_name":"BC25R_B03","lat":33.96404,"lon":-118.4597,"county":"LOS ANGELES","organization":"CLAEMD","batch_year":"2003"},{"station_id":"5787_B03","station_name":"B03_5787","lat":33.96347,"lon":-118.4554,"county":"LOS ANGELES","organization":"CSD","batch_year":"2003"},{"station_id":"2305_B98","station_name":"B98_2305","lat":33.9757,"lon":-118.4712,"county":"LOS ANGELES","organization":"SCCWRP","batch_year":"1998"},{"station_id":"B98_135901","station_name":"135901_B98","lat":33.9517,"lon":-118.461,"county":"LOS ANGELES","organization":"CLAEMD","batch_year":"1998"},{"station_id":"B98_135801","station_name":"135801_B98","lat":33.9433,"lon":-118.455,"county":"LOS ANGELES","organization":"CLAEMD","batch_year":"1998"},{"station_id":"B13-8413","station_name":"B13-8413 OpenwaterStation","lat":33.97608,"lon":-118.4465,"county":"LOS ANGELES","organization":"SCCWRP","batch_year":"2013"},{"station_id":"2443_B98","station_name":"B98_2443","lat":33.98331,"lon":-118.45055,"county":"LOS ANGELES","organization":"CAS","batch_year":"1998"},{"station_id":"4021_B03","station_name":"B03_4021","lat":33.92867,"lon":-118.48282,"county":"LOS ANGELES","organization":"CLAEMD","batch_year":"2003"},{"station_id":"2444_B98","station_name":"B98_2444","lat":33.98125,"lon":-118.44823,"county":"LOS ANGELES","organization":"CRGML","batch_year":"1998"},{"station_id":"B03_B03W092","station_name":"B03W092_B03","lat":33.9434,"lon":-118.48,"county":"LOS ANGELES","organization":"CLAEMD","batch_year":"2003"},{"station_id":"SCBPP_1026","station_name":"1026_SCBPP","lat":33.967,"lon":-118.4965,"county":"LOS ANGELES","organization":"CLAEMD","batch_year":"1994"},{"station_id":"SCBPP_1046","station_name":"1046_SCBPP","lat":33.94767,"lon":-118.46017,"county":"LOS ANGELES","organization":"CLAEMD","batch_year":"1994"},{"station_id":"B03_B03W102","station_name":"B03W102_B03","lat":33.95944,"lon":-118.45972,"county":"LOS ANGELES","organization":"CLAEMD","batch_year":"2003"},{"station_id":"B13-8417","station_name":"B13-8417 OpenwaterStation","lat":33.98331,"lon":-118.45055,"county":"LOS ANGELES","organization":"SCCWRP","batch_year":"2013"},{"station_id":"B03_BCS 700L","station_name":"BCS 700L_B03","lat":33.95654,"lon":-118.45148,"county":"LOS ANGELES","organization":"CLAEMD","batch_year":"2003"},{"station_id":"B03_BCCENT","station_name":"BCCENT_B03","lat":33.96159,"lon":-118.4568,"county":"LOS ANGELES","organization":"CLAEMD","batch_year":"2003"},{"station_id":"B03_BCS 225R","station_name":"BCS 225R_B03","lat":33.96611,"lon":-118.45969,"county":"LOS ANGELES","organization":"CLAEMD","batch_year":"2003"},{"station_id":"B03_BCS 75L","station_name":"BCS 75L_B03","lat":33.96084,"lon":-118.45512,"county":"LOS ANGELES","organization":"CLAEMD","batch_year":"2003"},{"station_id":"B03_BCS 75R","station_name":"BCS 75R_B03","lat":33.96452,"lon":-118.45972,"county":"LOS ANGELES","organization":"CLAEMD","batch_year":"2003"},{"station_id":"B03_BCS25RO","station_name":"BCS25RO_B03","lat":33.96397,"lon":-118.46,"county":"LOS ANGELES","organization":"CLAEMD","batch_year":"2003"},{"station_id":"SCBPP_1025","station_name":"1025_SCBPP","lat":33.96833,"lon":-118.476,"county":"LOS ANGELES","organization":"CLAEMD","batch_year":"1994"},{"station_id":"B03_BC25L","station_name":"BC25L_B03","lat":33.96103,"lon":-118.4562,"county":"LOS ANGELES","organization":"CLAEMD","batch_year":"2003"},{"station_id":"B03W096_B03","station_name":"B03_B03W096","lat":33.9588,"lon":-118.492,"county":"LOS ANGELES","organization":"USC","batch_year":"2003"},{"station_id":"B03_B03W093","station_name":"B03W093_B03","lat":33.95555,"lon":-118.47776,"county":"LOS ANGELES","organization":"CLAEMD","batch_year":"2003"},{"station_id":"B03_BC 0M","station_name":"BC 0M_B03","lat":33.96305,"lon":-118.45337,"county":"LOS ANGELES","organization":"CLAEMD","batch_year":"2003"},{"station_id":"B03_BC75R","station_name":"BC75R_B03","lat":33.96451,"lon":-118.4598,"county":"LOS ANGELES","organization":"CLAEMD","batch_year":"2003"},{"station_id":"B03_BC225L","station_name":"BC225L_B03","lat":33.95987,"lon":-118.4548,"county":"LOS ANGELES","organization":"CLAEMD","batch_year":"2003"},{"station_id":"B03_BCPAC","station_name":"BCPAC_B03","lat":33.96107,"lon":-118.4579,"county":"LOS ANGELES","organization":"CLAEMD","batch_year":"2003"},{"station_id":"B13-9303","station_name":"B13-9303 OpenwaterStation","lat":33.9625,"lon":-118.4762,"county":"LOS ANGELES","organization":"SCCWRP","batch_year":"2013"},{"station_id":"B03_BCS225LO","station_name":"BCS225LO_B03","lat":33.95959,"lon":-118.4551,"county":"LOS ANGELES","organization":"CLAEMD","batch_year":"2003"},{"station_id":"B03_BCS 530L","station_name":"BCS 530L_B03","lat":33.95803,"lon":-118.45237,"county":"LOS ANGELES","organization":"CLAEMD","batch_year":"2003"},{"station_id":"B03_BCS75LO","station_name":"BCS75LO_B03","lat":33.96053,"lon":-118.4562,"county":"LOS ANGELES","organization":"CLAEMD","batch_year":"2003"},{"station_id":"B03_BC75L","station_name":"BC75L_B03","lat":33.96072,"lon":-118.4559,"county":"LOS ANGELES","organization":"CLAEMD","batch_year":"2003"},{"station_id":"B03_BCS 225L","station_name":"BCS 225L_B03","lat":33.96005,"lon":-118.45402,"county":"LOS ANGELES","organization":"CLAEMD","batch_year":"2003"},{"station_id":"B03_BCSH 500R","station_name":"BCSH 500R_B03","lat":33.96613,"lon":-118.46057,"county":"LOS ANGELES","organization":"CLAEMD","batch_year":"2003"},{"station_id":"B03_BCS 530R","station_name":"BCS 530R_B03","lat":33.96849,"lon":-118.46051,"county":"LOS ANGELES","organization":"CLAEMD","batch_year":"2003"},{"station_id":"B03_BCS75RO","station_name":"BCS75RO_B03","lat":33.96444,"lon":-118.4602,"county":"LOS ANGELES","organization":"CLAEMD","batch_year":"2003"},{"station_id":"B03_BC225R","station_name":"BC225R_B03","lat":33.96569,"lon":-118.4599,"county":"LOS ANGELES","organization":"CLAEMD","batch_year":"2003"},{"station_id":"B03_BCSH 500L","station_name":"BCSH 500L_B03","lat":33.95817,"lon":-118.45297,"county":"LOS ANGELES","organization":"CLAEMD","batch_year":"2003"}]}},{"type":"Feature","geometry":{"type":"Polygon","coordinates":[[[-118.50140498790427,33.96532211290662],[-118.46960359140347,33.98965990950669],[-118.47838707328802,34.02414067940467],[-118.51899013012556,34.03427554157026],[-118.55078588571087,34.00993062959066],[-118.54198423926536,33.97545797496215],[-118.50140498790427,33.96532211290662]]]},"properties":{"h3_index":"8629a19afffffff","station_count":13,"program_id":"bight","program":"Southern California Bight","resolution":6,"stations":[{"station_id":"4181_B03","station_name":"B03_4181","lat":33.99991,"lon":-118.50807,"county":"LOS ANGELES","organization":"CLAEMD","batch_year":"2003"},{"station_id":"2383_B98","station_name":"B98_2383","lat":34.01118,"lon":-118.51295,"county":"LOS ANGELES","organization":"CLAEMD","batch_year":"1998"},{"station_id":"B03W100_B03","station_name":"B03_B03W100","lat":34.00335,"lon":-118.49872,"county":"LOS ANGELES","organization":"USC","batch_year":"2003"},{"station_id":"SCBPP_1005","station_name":"1005_SCBPP","lat":33.9825,"lon":-118.53733,"county":"LOS ANGELES","organization":"CLAEMD","batch_year":"1994"},{"station_id":"B98_137001","station_name":"137001_B98","lat":33.9861,"lon":-118.486,"county":"LOS ANGELES","organization":"CLAEMD","batch_year":"1998"},{"station_id":"B03_B03W101","station_name":"B03W101_B03","lat":33.9887,"lon":-118.5273,"county":"LOS ANGELES","organization":"CLAEMD","batch_year":"2003"},{"station_id":"B13-9319","station_name":"B13-9319 OpenwaterStation","lat":33.99744,"lon":-118.49182,"county":"LOS ANGELES","organization":"SCCWRP","batch_year":"2013"},{"station_id":"B18-10905","station_name":"B18-10905","lat":33.9912,"lon":-118.535633,"county":"LOS ANGELES","organization":"SCCWRP","batch_year":"2018"},{"station_id":"4309_B03","station_name":"B03_4309","lat":33.97847,"lon":-118.48764,"county":"LOS ANGELES","organization":"CLAEMD","batch_year":"2003"},{"station_id":"B03_B03W098","station_name":"B03W098_B03","lat":33.97416,"lon":-118.51,"county":"LOS ANGELES","organization":"CLAEMD","batch_year":"2003"},{"station_id":"B98_137002","station_name":"137002_B98","lat":33.98,"lon":-118.5,"county":"LOS ANGELES","organization":"CLAEMD","batch_year":"1998"},{"station_id":"B98_137003","station_name":"137003_B98","lat":33.9742,"lon":-118.51,"county":"LOS ANGELES","organization":"CLAEMD","batch_year":"1998"},{"station_id":"B03W097_B03","station_name":"B03_B03W097","lat":33.9861,"lon":-118.4861,"county":"LOS ANGELES","organization":"USC","batch_year":"2003"}]}},{"type":"Feature","geometry":{"type":"Polygon","coordinates":[[[-118.37966395159235,33.93481926445656],[-118.34782618236768,33.95913466063702],[-118.35657475552433,33.99364067534489],[-118.39717934521336,34.003823241397214],[-118.42901160999708,33.979500710820595],[-118.42024480336616,33.9450027527579],[-118.37966395159235,33.93481926445656]]]},"properties":{"h3_index":"8629a19b7ffffff","station_count":2,"program_id":"bight","program":"Southern California Bight","resolution":6,"stations":[{"station_id":"B18-10188","station_name":"B18-10188","lat":33.97929,"lon":-118.42496,"county":"LOS ANGELES","organization":"SCCWRP","batch_year":"2018"},{"station_id":"B03_BC 5280U","station_name":"BC 5280U_B03","lat":33.98671,"lon":-118.41577,"county":"LOS ANGELES","organization":"CLAEMD","batch_year":"2003"}]}},{"type":"Feature","geometry":{"type":"Polygon","coordinates":[[[-117.22736364118946,32.7912568526327],[-117.19543591258501,32.8154044786418],[-117.20378745378657,32.85031148073752],[-117.24408531722314,32.86106323819546],[-117.27600890273568,32.83690811863959],[-117.26763878085883,32.80200873955053],[-117.22736364118946,32.7912568526327]]]},"properties":{"h3_index":"8629a4007ffffff","station_count":1,"program_id":"bight","program":"Southern California Bight","resolution":6,"stations":[{"station_id":"B18-10195","station_name":"B18-10195","lat":32.80451,"lon":-117.22296,"county":"SAN DIEGO","organization":"SCCWRP","batch_year":"2018"}]}},{"type":"Feature","geometry":{"type":"Polygon","coordinates":[[[-117.27600890273568,32.83690811863959],[-117.24408531722314,32.86106323819546],[-117.25245340216141,32.89595466002609],[-117.29276365173976,32.90668332368402],[-117.32468303752039,32.88252072456528],[-117.31629638644641,32.84763694572046],[-117.27600890273568,32.83690811863959]]]},"properties":{"h3_index":"8629a400fffffff","station_count":5,"program_id":"bight","program":"Southern California Bight","resolution":6,"stations":[{"station_id":"SCBPP_1737","station_name":"1737_SCBPP","lat":32.87783,"lon":-117.3145,"county":"SAN DIEGO","organization":"CSD","batch_year":"1994"},{"station_id":"SCBPP_1734","station_name":"1734_SCBPP","lat":32.885,"lon":-117.27217,"county":"SAN DIEGO","organization":"CSD","batch_year":"1994"},{"station_id":"2350_B98","station_name":"B98_2350","lat":32.88868,"lon":-117.27772,"county":"SAN DIEGO","organization":"CSD","batch_year":"1998"},{"station_id":"2349_B98","station_name":"B98_2349","lat":32.8946,"lon":-117.26883,"county":"SAN DIEGO","organization":"CSD","batch_year":"1998"},{"station_id":"SCBPP_1739","station_name":"1739_SCBPP","lat":32.8715,"lon":-117.25667,"county":"SAN DIEGO","organization":"CSD","batch_year":"1994"}]}},{"type":"Feature","geometry":{"type":"Polygon","coordinates":[[[-117.25091302322157,32.73218655578382],[-117.21901004243986,32.75634193992598],[-117.22736364118946,32.7912568526327],[-117.26763878085883,32.80200873955053],[-117.29953759708285,32.77784584916949],[-117.29116545114042,32.74293858247399],[-117.25091302322157,32.73218655578382]]]},"properties":{"h3_index":"8629a4027ffffff","station_count":66,"program_id":"bight","program":"Southern California Bight","resolution":6,"stations":[{"station_id":"B98_107902","station_name":"107902_B98","lat":32.7454,"lon":-117.277,"county":"SAN DIEGO","organization":"CSD","batch_year":"1998"},{"station_id":"B98_107903","station_name":"107903_B98","lat":32.7432,"lon":-117.287,"county":"SAN DIEGO","organization":"CSD","batch_year":"1998"},{"station_id":"B98_108001","station_name":"108001_B98","lat":32.7571,"lon":-117.265,"county":"SAN DIEGO","organization":"CSD","batch_year":"1998"},{"station_id":"B98_108101","station_name":"108101_B98","lat":32.7667,"lon":-117.263,"county":"SAN DIEGO","organization":"CSD","batch_year":"1998"},{"station_id":"4033_B03","station_name":"B03_4033","lat":32.75785,"lon":-117.22741,"county":"SAN DIEGO","organization":"CRGML","batch_year":"2003"},{"station_id":"2424_B98","station_name":"B98_2424","lat":32.76668,"lon":-117.24686,"county":"SAN DIEGO","organization":"CSD","batch_year":"1998"},{"station_id":"2425_B98","station_name":"B98_2425","lat":32.76715,"lon":-117.23551,"county":"SAN DIEGO","organization":"CSD","batch_year":"1998"},{"station_id":"4204_B03","station_name":"B03_4204","lat":32.7623,"lon":-117.23618,"county":"SAN DIEGO","organization":"CSD","batch_year":"2003"},{"station_id":"B03W165_B03","station_name":"B03_B03W165","lat":32.78272,"lon":-117.27838,"county":"SAN DIEGO","organization":"USC","batch_year":"2003"},{"station_id":"B98_107901","station_name":"107901_B98","lat":32.7471,"lon":-117.266,"county":"SAN DIEGO","organization":"CSD","batch_year":"1998"},{"station_id":"B98_108002","station_name":"108002_B98","lat":32.755,"lon":-117.276,"county":"SAN DIEGO","organization":"CSD","batch_year":"1998"},{"station_id":"B98_108003","station_name":"108003_B98","lat":32.7528,"lon":-117.287,"county":"SAN DIEGO","organization":"CSD","batch_year":"1998"},{"station_id":"B98_108102","station_name":"108102_B98","lat":32.7648,"lon":-117.274,"county":"SAN DIEGO","organization":"CSD","batch_year":"1998"},{"station_id":"B98_108103","station_name":"108103_B98","lat":32.7627,"lon":-117.284,"county":"SAN DIEGO","organization":"CSD","batch_year":"1998"},{"station_id":"6189_B08","station_name":"B08-6189","lat":32.75768,"lon":-117.24162,"county":"SAN DIEGO","organization":"CRGML","batch_year":"2008"},{"station_id":"6192_B08","station_name":"B08-6192","lat":32.75785,"lon":-117.22741,"county":"SAN DIEGO","organization":"CRGML","batch_year":"2008"},{"station_id":"6197_B08","station_name":"B08-6197","lat":32.75996,"lon":-117.22087,"county":"SAN DIEGO","organization":"CRGML","batch_year":"2008"},{"station_id":"6204_B08","station_name":"B08-6204","lat":32.7623,"lon":-117.23618,"county":"SAN DIEGO","organization":"CRGML","batch_year":"2008"},{"station_id":"6211_B08","station_name":"B08-6211","lat":32.76715,"lon":-117.23551,"county":"SAN DIEGO","organization":"CRGML","batch_year":"2008"},{"station_id":"6212_B08","station_name":"B08-6212","lat":32.76749,"lon":-117.2416,"county":"SAN DIEGO","organization":"CRGML","batch_year":"2008"},{"station_id":"6213_B08","station_name":"B08-6213","lat":32.76795,"lon":-117.24747,"county":"SAN DIEGO","organization":"CRGML","batch_year":"2008"},{"station_id":"6181_B08","station_name":"B08-6181","lat":32.75681,"lon":-117.23538,"county":"SAN DIEGO","organization":"CRGML","batch_year":"2008"},{"station_id":"6216_B08","station_name":"B08-6216","lat":32.78093,"lon":-117.2496,"county":"SAN DIEGO","organization":"CRGML","batch_year":"2008"},{"station_id":"SCBPP_1780","station_name":"1780_SCBPP","lat":32.78417,"lon":-117.26817,"county":"SAN DIEGO","organization":"CSD","batch_year":"1994"},{"station_id":"SCBPP_1793","station_name":"1793_SCBPP","lat":32.76583,"lon":-117.27367,"county":"SAN DIEGO","organization":"CSD","batch_year":"1994"},{"station_id":"SCBPP_1799","station_name":"1799_SCBPP","lat":32.75483,"lon":-117.26917,"county":"SAN DIEGO","organization":"CSD","batch_year":"1994"},{"station_id":"4276_B03","station_name":"B03_4276","lat":32.78612,"lon":-117.25065,"county":"SAN DIEGO","organization":"CSD","batch_year":"2003"},{"station_id":"7091_B08","station_name":"B08-7091","lat":32.79631,"lon":-117.26563,"county":"SAN DIEGO","organization":"CSD","batch_year":"2008"},{"station_id":"B13-8134","station_name":"B13-8134 OpenwaterStation","lat":32.75751,"lon":-117.23789,"county":"SAN DIEGO","organization":"SCCWRP","batch_year":"2013"},{"station_id":"B13-8157","station_name":"B13-8157 OpenwaterStation","lat":32.78282,"lon":-117.22998,"county":"SAN DIEGO","organization":"SCCWRP","batch_year":"2013"},{"station_id":"B13-8136","station_name":"B13-8136 OpenwaterStation","lat":32.75785,"lon":-117.22741,"county":"SAN DIEGO","organization":"SCCWRP","batch_year":"2013"},{"station_id":"B13-8156","station_name":"B13-8156 OpenwaterStation","lat":32.78093,"lon":-117.2496,"county":"SAN DIEGO","organization":"SCCWRP","batch_year":"2013"},{"station_id":"B18-10020","station_name":"B18-10020","lat":32.758272,"lon":-117.244393,"county":"SAN DIEGO","organization":"SCCWRP","batch_year":"2018"},{"station_id":"B13-8152","station_name":"B13-8152 OpenwaterStation","lat":32.76749,"lon":-117.2416,"county":"SAN DIEGO","organization":"SCCWRP","batch_year":"2013"},{"station_id":"B18-10074","station_name":"B18-10074","lat":32.777068,"lon":-117.249967,"county":"SAN DIEGO","organization":"SCCWRP","batch_year":"2018"},{"station_id":"B18-10176","station_name":"B18-10176","lat":32.75778,"lon":-117.22729,"county":"SAN DIEGO","organization":"WestonSolu","batch_year":"2018"},{"station_id":"2423_B98","station_name":"B98_2423","lat":32.78093,"lon":-117.2496,"county":"SAN DIEGO","organization":"EPARD","batch_year":"1998"},{"station_id":"4332_B03","station_name":"B03_4332","lat":32.77401,"lon":-117.27398,"county":"SAN DIEGO","organization":"CSD","batch_year":"2003"},{"station_id":"B03W162_B03","station_name":"B03_B03W162","lat":32.76855,"lon":-117.28762,"county":"SAN DIEGO","organization":"USC","batch_year":"2003"},{"station_id":"B03W159_B03","station_name":"B03_B03W159","lat":32.75407,"lon":-117.26387,"county":"SAN DIEGO","organization":"USC","batch_year":"2003"},{"station_id":"B03_B03W155","station_name":"B03W155_B03","lat":32.73855,"lon":-117.26515,"county":"SAN DIEGO","organization":"USC","batch_year":"2003"},{"station_id":"B18-10177","station_name":"B18-10177","lat":32.75703,"lon":-117.23524,"county":"SAN DIEGO","organization":"WestonSolu","batch_year":"2018"},{"station_id":"B18-10198","station_name":"B18-10198","lat":32.75799,"lon":-117.22474,"county":"SAN DIEGO","organization":"SCCWRP","batch_year":"2018"},{"station_id":"B18-10016","station_name":"B18-10016","lat":32.784541,"lon":-117.240593,"county":"SAN DIEGO","organization":"SCCWRP","batch_year":"2018"},{"station_id":"SCBPP_1804","station_name":"1804_SCBPP","lat":32.7505,"lon":-117.2785,"county":"SAN DIEGO","organization":"CSD","batch_year":"1994"},{"station_id":"B13-8146","station_name":"B13-8146 OpenwaterStation","lat":32.7623,"lon":-117.23618,"county":"SAN DIEGO","organization":"SCCWRP","batch_year":"2013"},{"station_id":"SCBPP_1811","station_name":"1811_SCBPP","lat":32.73917,"lon":-117.272,"county":"SAN DIEGO","organization":"CSD","batch_year":"1994"},{"station_id":"B13-8129","station_name":"B13-8129 OpenwaterStation","lat":32.7568,"lon":-117.23537,"county":"SAN DIEGO","organization":"SCCWRP","batch_year":"2013"},{"station_id":"B18-10019","station_name":"B18-10019","lat":32.768136,"lon":-117.241724,"county":"SAN DIEGO","organization":"SCCWRP","batch_year":"2018"},{"station_id":"B18-10073","station_name":"B18-10073","lat":32.780598,"lon":-117.249258,"county":"SAN DIEGO","organization":"SCCWRP","batch_year":"2018"},{"station_id":"B13-8145","station_name":"B13-8145 OpenwaterStation","lat":32.7617,"lon":-117.23813,"county":"SAN DIEGO","organization":"SCCWRP","batch_year":"2013"},{"station_id":"B03W164_B03","station_name":"B03_B03W164","lat":32.77447,"lon":-117.26193,"county":"SAN DIEGO","organization":"USC","batch_year":"2003"},{"station_id":"SCBPP_1776","station_name":"1776_SCBPP","lat":32.7905,"lon":-117.28283,"county":"SAN DIEGO","organization":"CSD","batch_year":"1994"},{"station_id":"B18-10075","station_name":"B18-10075","lat":32.767275,"lon":-117.23576,"county":"SAN DIEGO","organization":"SCCWRP","batch_year":"2018"},{"station_id":"SCBPP_1791","station_name":"1791_SCBPP","lat":32.769,"lon":-117.27883,"county":"SAN DIEGO","organization":"CSD","batch_year":"1994"},{"station_id":"B13-8151","station_name":"B13-8151 OpenwaterStation","lat":32.76715,"lon":-117.23551,"county":"SAN DIEGO","organization":"SCCWRP","batch_year":"2013"},{"station_id":"4020_B03","station_name":"B03_4020","lat":32.76749,"lon":-117.2416,"county":"SAN DIEGO","organization":"CSD","batch_year":"2003"},{"station_id":"4264_B03","station_name":"B03_4264","lat":32.75681,"lon":-117.23538,"county":"SAN DIEGO","organization":"CRGML","batch_year":"2003"},{"station_id":"B03_B03W163","station_name":"B03W163_B03","lat":32.7648,"lon":-117.27415,"county":"SAN DIEGO","organization":"USC","batch_year":"2003"},{"station_id":"2317_B98","station_name":"B98_2317","lat":32.7671,"lon":-117.2765,"county":"SAN DIEGO","organization":"SCCWRP","batch_year":"1998"},{"station_id":"2315_B98","station_name":"B98_2315","lat":32.7695,"lon":-117.2698,"county":"SAN DIEGO","organization":"CSD","batch_year":"1998"},{"station_id":"B03_B03W160","station_name":"B03W160_B03","lat":32.7528,"lon":-117.28703,"county":"SAN DIEGO","organization":"MEC","batch_year":"2003"},{"station_id":"B03_B03W158","station_name":"B03W158_B03","lat":32.74535,"lon":-117.27728,"county":"SAN DIEGO","organization":"USC","batch_year":"2003"},{"station_id":"B23-12156","station_name":"B23-12156_San Diego River Estuary","lat":32.75697,"lon":-117.23527,"county":"SAN DIEGO","organization":"WestonSolu","batch_year":"2023"},{"station_id":"B23-12157","station_name":"B23-12157_San Diego River Estuary","lat":32.75755,"lon":-117.22719,"county":"SAN DIEGO","organization":"WestonSolu","batch_year":"2023"},{"station_id":"B23-12364","station_name":"B23-12364_San Diego River Estuary","lat":32.75987,"lon":-117.22216,"county":"SAN DIEGO","organization":"WestonSolu","batch_year":"2023"}]}},{"type":"Feature","geometry":{"type":"Polygon","coordinates":[[[-117.29953759708285,32.77784584916949],[-117.26763878085883,32.80200873955053],[-117.27600890273568,32.83690811863959],[-117.31629638644641,32.84763694572046],[-117.34819098155477,32.82346656314555],[-117.33980232704972,32.78857485003909],[-117.29953759708285,32.77784584916949]]]},"properties":{"h3_index":"8629a402fffffff","station_count":6,"program_id":"bight","program":"Southern California Bight","resolution":6,"stations":[{"station_id":"SCBPP_1757","station_name":"1757_SCBPP","lat":32.82633,"lon":-117.324,"county":"SAN DIEGO","organization":"CSD","batch_year":"1994"},{"station_id":"SCBPP_1769","station_name":"1769_SCBPP","lat":32.80317,"lon":-117.3285,"county":"SAN DIEGO","organization":"CSD","batch_year":"1994"},{"station_id":"7093_B08","station_name":"B08-7093","lat":32.8079,"lon":-117.3442,"county":"FEDERAL WATERS","organization":"CSD","batch_year":"2008"},{"station_id":"2351_B98","station_name":"B98_2351","lat":32.8215,"lon":-117.3202,"county":"SAN DIEGO","organization":"CSD","batch_year":"1998"},{"station_id":"4036_B03","station_name":"B03_4036","lat":32.79645,"lon":-117.30499,"county":"SAN DIEGO","organization":"CSD","batch_year":"2003"},{"station_id":"B13-9049","station_name":"B13-9049 OpenwaterStation","lat":32.82002,"lon":-117.3393,"county":"SAN DIEGO","organization":"SCCWRP","batch_year":"2013"}]}},{"type":"Feature","geometry":{"type":"Polygon","coordinates":[[[-117.17874729726606,32.74556704589532],[-117.14681548212896,32.769707164418875],[-117.15515048577967,32.804629680071656],[-117.19543591258501,32.8154044786418],[-117.22736364118946,32.7912568526327],[-117.21901004243986,32.75634193992598],[-117.17874729726606,32.74556704589532]]]},"properties":{"h3_index":"8629a4037ffffff","station_count":13,"program_id":"bight","program":"Southern California Bight","resolution":6,"stations":[{"station_id":"6217_B08","station_name":"B08-6217","lat":32.78439,"lon":-117.2155,"county":"SAN DIEGO","organization":"CRGML","batch_year":"2008"},{"station_id":"6219_B08","station_name":"B08-6219","lat":32.78721,"lon":-117.20868,"county":"SAN DIEGO","organization":"CRGML","batch_year":"2008"},{"station_id":"6223_B08","station_name":"B08-6223","lat":32.79459,"lon":-117.21997,"county":"SAN DIEGO","organization":"CRGML","batch_year":"2008"},{"station_id":"6200_B08","station_name":"B08-6200","lat":32.76041,"lon":-117.21034,"county":"SAN DIEGO","organization":"CRGML","batch_year":"2008"},{"station_id":"B18-10015","station_name":"B18-10015","lat":32.787306,"lon":-117.209991,"county":"SAN DIEGO","organization":"SCCWRP","batch_year":"2018"},{"station_id":"B18-10196","station_name":"B18-10196","lat":32.76053,"lon":-117.21038,"county":"SAN DIEGO","organization":"WestonSolu","batch_year":"2018"},{"station_id":"B18-10017","station_name":"B18-10017","lat":32.784391,"lon":-117.215314,"county":"SAN DIEGO","organization":"SCCWRP","batch_year":"2018"},{"station_id":"B18-10197","station_name":"B18-10197","lat":32.75887,"lon":-117.2164,"county":"SAN DIEGO","organization":"SCCWRP","batch_year":"2018"},{"station_id":"B13-8159","station_name":"B13-8159 OpenwaterStation","lat":32.78439,"lon":-117.2155,"county":"SAN DIEGO","organization":"SCCWRP","batch_year":"2013"},{"station_id":"B13-8160","station_name":"B13-8160 OpenwaterStation","lat":32.78721,"lon":-117.20868,"county":"SAN DIEGO","organization":"SCCWRP","batch_year":"2013"},{"station_id":"B13-8163","station_name":"B13-8163 OpenwaterStation","lat":32.79459,"lon":-117.21997,"county":"SAN DIEGO","organization":"SCCWRP","batch_year":"2013"},{"station_id":"4228_B03","station_name":"B03_4228","lat":32.78439,"lon":-117.2155,"county":"SAN DIEGO","organization":"CSD","batch_year":"2003"},{"station_id":"B18-10438","station_name":"B18-10438","lat":32.76652,"lon":-117.21854,"county":"SAN DIEGO","organization":"SCCWRP","batch_year":"2018"}]}},{"type":"Feature","geometry":{"type":"Polygon","coordinates":[[[-117.39687313202302,32.869048578630746],[-117.36498281466838,32.893226439309316],[-117.37338600093975,32.92809455146276],[-117.41369802077118,32.93877710159502],[-117.44558400365432,32.91459177694815],[-117.43716231423198,32.879731370474666],[-117.39687313202302,32.869048578630746]]]},"properties":{"h3_index":"8629a4047ffffff","station_count":3,"program_id":"bight","program":"Southern California Bight","resolution":6,"stations":[{"station_id":"B18-10380","station_name":"B18-10380","lat":32.93172,"lon":-117.3947,"county":"OOS","organization":"SCCWRP","batch_year":"2018"},{"station_id":"4100_B03","station_name":"B03_4100","lat":32.9318,"lon":-117.39483,"county":"FEDERAL WATERS","organization":"CSD","batch_year":"2003"},{"station_id":"7104_B08","station_name":"B08-7104","lat":32.9318,"lon":-117.39483,"county":"FEDERAL WATERS","organization":"CSD","batch_year":"2008"}]}},{"type":"Feature","geometry":{"type":"Polygon","coordinates":[[[-117.37338600093975,32.92809455146276],[-117.3414708716116,32.95226461611537],[-117.3498720623032,32.98712467800913],[-117.39020693209547,32.997806996902476],[-117.42211774817048,32.97362948079005],[-117.41369802077118,32.93877710159502],[-117.37338600093975,32.92809455146276]]]},"properties":{"h3_index":"8629a405fffffff","station_count":2,"program_id":"bight","program":"Southern California Bight","resolution":6,"stations":[{"station_id":"7111_B08","station_name":"B08-7111","lat":32.99614,"lon":-117.38861,"county":"FEDERAL WATERS","organization":"NOAACOAST","batch_year":"2008"},{"station_id":"B18-10379","station_name":"B18-10379","lat":32.95544,"lon":-117.36261,"county":"OOS","organization":"SCCWRP","batch_year":"2018"}]}},{"type":"Feature","geometry":{"type":"Polygon","coordinates":[[[-117.42033349349056,32.80998690886671],[-117.38846796300145,32.83417248565821],[-117.39687313202302,32.869048578630746],[-117.43716231423198,32.879731370474666],[-117.4690234891166,32.855538317153744],[-117.46059985044079,32.82066995284211],[-117.42033349349056,32.80998690886671]]]},"properties":{"h3_index":"8629a4067ffffff","station_count":4,"program_id":"bight","program":"Southern California Bight","resolution":6,"stations":[{"station_id":"B18-10381","station_name":"B18-10381","lat":32.85102,"lon":-117.4108,"county":"OOS","organization":"SCCWRP","batch_year":"2018"},{"station_id":"7100_B08","station_name":"B08-7100","lat":32.82789,"lon":-117.44233,"county":"FEDERAL WATERS","organization":"CSD","batch_year":"2008"},{"station_id":"7099_B08","station_name":"B08-7099","lat":32.85096,"lon":-117.41068,"county":"FEDERAL WATERS","organization":"CSD","batch_year":"2008"},{"station_id":"4196_B03","station_name":"B03_4196","lat":32.85096,"lon":-117.41068,"county":"FEDERAL WATERS","organization":"CSD","batch_year":"2003"}]}},{"type":"Feature","geometry":{"type":"Polygon","coordinates":[[[-117.4690234891166,32.855538317153744],[-117.43716231423198,32.879731370474666],[-117.44558400365432,32.91459177694815],[-117.48588533575898,32.92525138603676],[-117.51774209832527,32.901050870427966],[-117.50930195418546,32.86619821233309],[-117.4690234891166,32.855538317153744]]]},"properties":{"h3_index":"8629a406fffffff","station_count":1,"program_id":"bight","program":"Southern California Bight","resolution":6,"stations":[{"station_id":"7102_B08","station_name":"B08-7102","lat":32.88625,"lon":-117.48326,"county":"FEDERAL WATERS","organization":"NOAACOAST","batch_year":"2008"}]}},{"type":"Feature","geometry":{"type":"Polygon","coordinates":[[[-117.34819098155477,32.82346656314555],[-117.31629638644641,32.84763694572046],[-117.32468303752039,32.88252072456528],[-117.36498281466838,32.893226439309316],[-117.39687313202302,32.869048578630746],[-117.38846796300145,32.83417248565821],[-117.34819098155477,32.82346656314555]]]},"properties":{"h3_index":"8629a4077ffffff","station_count":2,"program_id":"bight","program":"Southern California Bight","resolution":6,"stations":[{"station_id":"7098_B08","station_name":"B08-7098","lat":32.84963,"lon":-117.35444,"county":"FEDERAL WATERS","organization":"CSD","batch_year":"2008"},{"station_id":"B18-10271","station_name":"B18-10271","lat":32.85105,"lon":-117.32598,"county":"SAN DIEGO","organization":"SCCWRP","batch_year":"2018"}]}},{"type":"Feature","geometry":{"type":"Polygon","coordinates":[[[-117.2288710574998,32.954985323817624],[-117.19689785855067,32.97912466188262],[-117.20526183084057,33.01399996066279],[-117.24561764842134,33.02472832878176],[-117.27758669066318,33.000581536258785],[-117.26920408504351,32.96571383447084],[-117.2288710574998,32.954985323817624]]]},"properties":{"h3_index":"8629a40c7ffffff","station_count":6,"program_id":"bight","program":"Southern California Bight","resolution":6,"stations":[{"station_id":"6242_B08","station_name":"B08-6242","lat":33.0109,"lon":-117.26269,"county":"SAN DIEGO","organization":"CRGML","batch_year":"2008"},{"station_id":"B13-8180","station_name":"B13-8180 OpenwaterStation","lat":32.96648,"lon":-117.25787,"county":"SAN DIEGO","organization":"SCCWRP","batch_year":"2013"},{"station_id":"B18-10174","station_name":"B18-10174","lat":32.97309,"lon":-117.24952,"county":"SAN DIEGO","organization":"SCCWRP","batch_year":"2018"},{"station_id":"B18-10194","station_name":"B18-10194","lat":32.97625,"lon":-117.24787,"county":"SAN DIEGO","organization":"SCCWRP","batch_year":"2018"},{"station_id":"B13-8179","station_name":"B13-8179 OpenwaterStation","lat":32.96601,"lon":-117.25244,"county":"SAN DIEGO","organization":"SCCWRP","batch_year":"2013"},{"station_id":"B13-8187","station_name":"B13-8187 OpenwaterStation","lat":32.97084,"lon":-117.25818,"county":"SAN DIEGO","organization":"SCCWRP","batch_year":"2013"}]}},{"type":"Feature","geometry":{"type":"Polygon","coordinates":[[[-117.27758669066318,33.000581536258785],[-117.24561764842134,33.02472832878176],[-117.25399821194159,33.05958788798719],[-117.29436644947644,33.070293042151135],[-117.32633127812534,33.046138809075806],[-117.3179320958811,33.01128686677593],[-117.27758669066318,33.000581536258785]]]},"properties":{"h3_index":"8629a40cfffffff","station_count":33,"program_id":"bight","program":"Southern California Bight","resolution":6,"stations":[{"station_id":"B18-10876","station_name":"B18-10876","lat":33.00712,"lon":-117.29793,"county":"SAN DIEGO","organization":"SCCWRP","batch_year":"2018"},{"station_id":"4032_B03","station_name":"B03_4032","lat":33.00918,"lon":-117.27651,"county":"SAN DIEGO","organization":"CRGML","batch_year":"2003"},{"station_id":"B03_SEL 25LSL","station_name":"SEL 25LSL_B03","lat":33.01499,"lon":-117.2822,"county":"SAN DIEGO","organization":"EN","batch_year":"2003"},{"station_id":"B98_108901","station_name":"108901_B98","lat":33.0029,"lon":-117.286,"county":"SAN DIEGO","organization":"MEC","batch_year":"1998"},{"station_id":"B98_109102","station_name":"109102_B98","lat":33.0106,"lon":-117.299,"county":"SAN DIEGO","organization":"MEC","batch_year":"1998"},{"station_id":"B98_109201","station_name":"109201_B98","lat":33.0489,"lon":-117.307,"county":"SAN DIEGO","organization":"MEC","batch_year":"1998"},{"station_id":"B98_109202","station_name":"109202_B98","lat":33.0472,"lon":-117.317,"county":"SAN DIEGO","organization":"MEC","batch_year":"1998"},{"station_id":"6239_B08","station_name":"B08-6239","lat":33.0077,"lon":-117.27092,"county":"SAN DIEGO","organization":"CRGML","batch_year":"2008"},{"station_id":"6244_B08","station_name":"B08-6244","lat":33.01405,"lon":-117.27968,"county":"SAN DIEGO","organization":"CRGML","batch_year":"2008"},{"station_id":"6245_B08","station_name":"B08-6245","lat":33.0143,"lon":-117.27695,"county":"SAN DIEGO","organization":"CRGML","batch_year":"2008"},{"station_id":"6243_B08","station_name":"B08-6243","lat":33.01132,"lon":-117.27332,"county":"SAN DIEGO","organization":"CRGML","batch_year":"2008"},{"station_id":"B98_109001","station_name":"109001_B98","lat":33.0078,"lon":-117.287,"county":"SAN DIEGO","organization":"MEC","batch_year":"1998"},{"station_id":"B13-8188","station_name":"B13-8188 OpenwaterStation","lat":33.01616,"lon":-117.28071,"county":"SAN DIEGO","organization":"SCCWRP","batch_year":"2013"},{"station_id":"B18-10233","station_name":"B18-10233","lat":33.03999,"lon":-117.31188,"county":"SAN DIEGO","organization":"SCCWRP","batch_year":"2018"},{"station_id":"2456_B98","station_name":"B98_2456","lat":33.01056,"lon":-117.3025,"county":"SAN DIEGO","organization":"CRGML","batch_year":"1998"},{"station_id":"B03_SEL 0MSL","station_name":"SEL 0MSL_B03","lat":33.01517,"lon":-117.2824,"county":"SAN DIEGO","organization":"EN","batch_year":"2003"},{"station_id":"B03_SEL 225LSL","station_name":"SEL 225LSL_B03","lat":33.01355,"lon":-117.2813,"county":"SAN DIEGO","organization":"EN","batch_year":"2003"},{"station_id":"B98_109101","station_name":"109101_B98","lat":33.0125,"lon":-117.288,"county":"SAN DIEGO","organization":"MEC","batch_year":"1998"},{"station_id":"B13-8189","station_name":"B13-8189 OpenwaterStation","lat":33.01224,"lon":-117.27457,"county":"SAN DIEGO","organization":"SCCWRP","batch_year":"2013"},{"station_id":"B03_SEL 0MSZ","station_name":"SEL 0MSZ_B03","lat":33.01428,"lon":-117.2841,"county":"SAN DIEGO","organization":"SEJPA","batch_year":"2003"},{"station_id":"4064_B03","station_name":"B03_4064","lat":33.00613,"lon":-117.29666,"county":"SAN DIEGO","organization":"CRGML","batch_year":"2003"},{"station_id":"B03_SEL 75RSL","station_name":"SEL 75RSL_B03","lat":33.0156,"lon":-117.2829,"county":"SAN DIEGO","organization":"EN","batch_year":"2003"},{"station_id":"B03_SEL 25LSZ","station_name":"SEL 25LSZ_B03","lat":33.01406,"lon":-117.2839,"county":"SAN DIEGO","organization":"EN","batch_year":"2003"},{"station_id":"B03_SEL 500LSZ","station_name":"SEL 500LSZ_B03","lat":33.01167,"lon":-117.27972,"county":"SAN DIEGO","organization":"EN","batch_year":"2003"},{"station_id":"B03_SEL 225LSZ","station_name":"SEL 225LSZ_B03","lat":33.01263,"lon":-117.2829,"county":"SAN DIEGO","organization":"SEJPA","batch_year":"2003"},{"station_id":"B03_SEL 75LSL","station_name":"SEL 75LSL_B03","lat":33.01466,"lon":-117.2819,"county":"SAN DIEGO","organization":"SEJPA","batch_year":"2003"},{"station_id":"B03_SEL 300RSZ","station_name":"SEL 300RSZ_B03","lat":33.01806,"lon":-117.28333,"county":"SAN DIEGO","organization":"EN","batch_year":"2003"},{"station_id":"B03_SEL 75LSZ","station_name":"SEL 75LSZ_B03","lat":33.01378,"lon":-117.2836,"county":"SAN DIEGO","organization":"SEJPA","batch_year":"2003"},{"station_id":"B03_SEL 225RSL","station_name":"SEL 225RSL_B03","lat":33.0168,"lon":-117.2832,"county":"SAN DIEGO","organization":"EN","batch_year":"2003"},{"station_id":"B03_SEL 25RSZ","station_name":"SEL 25RSZ_B03","lat":33.01455,"lon":-117.2842,"county":"SAN DIEGO","organization":"EN","batch_year":"2003"},{"station_id":"B03_SEL 25RSL","station_name":"SEL 25RSL_B03","lat":33.01531,"lon":-117.2826,"county":"SAN DIEGO","organization":"EN","batch_year":"2003"},{"station_id":"B03_SEL 75RSZ","station_name":"SEL 75RSZ_B03","lat":33.01546,"lon":-117.2844,"county":"SAN DIEGO","organization":"EN","batch_year":"2003"},{"station_id":"B03_SEL 225RSZ","station_name":"SEL 225RSZ_B03","lat":33.01671,"lon":-117.284,"county":"SAN DIEGO","organization":"EN","batch_year":"2003"}]}},{"type":"Feature","geometry":{"type":"Polygon","coordinates":[[[-117.25245340216141,32.89595466002609],[-117.2205050224111,32.92010192879207],[-117.2288710574998,32.954985323817624],[-117.26920408504351,32.96571383447084],[-117.30114828653127,32.941559098720695],[-117.29276365173976,32.90668332368402],[-117.25245340216141,32.89595466002609]]]},"properties":{"h3_index":"8629a40e7ffffff","station_count":12,"program_id":"bight","program":"Southern California Bight","resolution":6,"stations":[{"station_id":"4128_B03","station_name":"B03_4128","lat":32.91757,"lon":-117.27326,"county":"SAN DIEGO","organization":"CSD","batch_year":"2003"},{"station_id":"4192_B03","station_name":"B03_4192","lat":32.95846,"lon":-117.27351,"county":"SAN DIEGO","organization":"CRGML","batch_year":"2003"},{"station_id":"SCBPP_1728","station_name":"1728_SCBPP","lat":32.9215,"lon":-117.2955,"county":"SAN DIEGO","organization":"CSD","batch_year":"1994"},{"station_id":"6228_B08","station_name":"B08-6228","lat":32.93046,"lon":-117.24862,"county":"SAN DIEGO","organization":"CRGML","batch_year":"2008"},{"station_id":"6230_B08","station_name":"B08-6230","lat":32.93209,"lon":-117.2533,"county":"SAN DIEGO","organization":"CRGML","batch_year":"2008"},{"station_id":"6232_B08","station_name":"B08-6232","lat":32.9328,"lon":-117.2579,"county":"SAN DIEGO","organization":"CRGML","batch_year":"2008"},{"station_id":"6236_B08","station_name":"B08-6236","lat":32.93379,"lon":-117.2569,"county":"SAN DIEGO","organization":"NOAACOAST","batch_year":"2008"},{"station_id":"6229_B08","station_name":"B08-6229","lat":32.93151,"lon":-117.25094,"county":"SAN DIEGO","organization":"CRGML","batch_year":"2008"},{"station_id":"B13-8169","station_name":"B13-8169 OpenwaterStation","lat":32.93165,"lon":-117.25232,"county":"SAN DIEGO","organization":"SCCWRP","batch_year":"2013"},{"station_id":"B18-10175","station_name":"B18-10175","lat":32.93258,"lon":-117.25812,"county":"SAN DIEGO","organization":"SCCWRP","batch_year":"2018"},{"station_id":"5301_B03","station_name":"B03_5301","lat":32.93171,"lon":-117.2533,"county":"SAN DIEGO","organization":"CRGML","batch_year":"2003"},{"station_id":"B13-8176","station_name":"B13-8176 OpenwaterStation","lat":32.93356,"lon":-117.25665,"county":"SAN DIEGO","organization":"SCCWRP","batch_year":"2013"}]}},{"type":"Feature","geometry":{"type":"Polygon","coordinates":[[[-117.30114828653127,32.941559098720695],[-117.26920408504351,32.96571383447084],[-117.27758669066318,33.000581536258785],[-117.3179320958811,33.01128686677593],[-117.3498720623032,32.98712467800913],[-117.3414708716116,32.95226461611537],[-117.30114828653127,32.941559098720695]]]},"properties":{"h3_index":"8629a40efffffff","station_count":15,"program_id":"bight","program":"Southern California Bight","resolution":6,"stations":[{"station_id":"2409_B98","station_name":"B98_2409","lat":33.0007,"lon":-117.28334,"county":"SAN DIEGO","organization":"SCCWRP","batch_year":"1998"},{"station_id":"B98_108902","station_name":"108902_B98","lat":33.001,"lon":-117.297,"county":"SAN DIEGO","organization":"MEC","batch_year":"1998"},{"station_id":"B98_108903","station_name":"108903_B98","lat":32.999,"lon":-117.308,"county":"SAN DIEGO","organization":"MEC","batch_year":"1998"},{"station_id":"B98_109002","station_name":"109002_B98","lat":33.0059,"lon":-117.298,"county":"SAN DIEGO","organization":"MEC","batch_year":"1998"},{"station_id":"B98_109003","station_name":"109003_B98","lat":33.0039,"lon":-117.309,"county":"SAN DIEGO","organization":"MEC","batch_year":"1998"},{"station_id":"B98_109004","station_name":"109004_B98","lat":33.0001,"lon":-117.33,"county":"SAN DIEGO","organization":"MEC","batch_year":"1998"},{"station_id":"B98_109103","station_name":"109103_B98","lat":33.0087,"lon":-117.31,"county":"SAN DIEGO","organization":"MEC","batch_year":"1998"},{"station_id":"2293_B98","station_name":"B98_2293","lat":32.9998,"lon":-117.2924,"county":"SAN DIEGO","organization":"CRGML","batch_year":"1998"},{"station_id":"4320_B03","station_name":"B03_4320","lat":32.99387,"lon":-117.29005,"county":"SAN DIEGO","organization":"CRGML","batch_year":"2003"},{"station_id":"4384_B03","station_name":"B03_4384","lat":32.99889,"lon":-117.30116,"county":"SAN DIEGO","organization":"CRGML","batch_year":"2003"},{"station_id":"B18-10270","station_name":"B18-10270","lat":32.96762,"lon":-117.29975,"county":"SAN DIEGO","organization":"SCCWRP","batch_year":"2018"},{"station_id":"2294_B98","station_name":"B98_2294","lat":33.0034,"lon":-117.3048,"county":"SAN DIEGO","organization":"CRGML","batch_year":"1998"},{"station_id":"2295_B98","station_name":"B98_2295","lat":32.9911,"lon":-117.2991,"county":"SAN DIEGO","organization":"CRGML","batch_year":"1998"},{"station_id":"2296_B98","station_name":"B98_2296","lat":32.9989,"lon":-117.297,"county":"SAN DIEGO","organization":"CRGML","batch_year":"1998"},{"station_id":"B13-9087","station_name":"B13-9087 OpenwaterStation","lat":33.00299,"lon":-117.29813,"county":"SAN DIEGO","organization":"SCCWRP","batch_year":"2013"}]}},{"type":"Feature","geometry":{"type":"Polygon","coordinates":[[[-117.22586054476307,32.627395099786476],[-117.19397815741004,32.651550628949565],[-117.20231730436647,32.68648880247288],[-117.24255737981842,32.69726380222321],[-117.27443563762922,32.67310074001696],[-117.26607796242918,32.63817021546358],[-117.22586054476307,32.627395099786476]]]},"properties":{"h3_index":"8629a4107ffffff","station_count":21,"program_id":"bight","program":"Southern California Bight","resolution":6,"stations":[{"station_id":"B98_103002","station_name":"103002_B98","lat":32.6479,"lon":-117.22,"county":"SAN DIEGO","organization":"CSD","batch_year":"1998"},{"station_id":"B98_104002","station_name":"104002_B98","lat":32.6563,"lon":-117.23,"county":"SAN DIEGO","organization":"CSD","batch_year":"1998"},{"station_id":"B98_104003","station_name":"104003_B98","lat":32.6474,"lon":-117.231,"county":"SAN DIEGO","organization":"CSD","batch_year":"1998"},{"station_id":"B98_105002","station_name":"105002_B98","lat":32.6467,"lon":-117.242,"county":"SAN DIEGO","organization":"CSD","batch_year":"1998"},{"station_id":"B98_106001","station_name":"106001_B98","lat":32.6604,"lon":-117.249,"county":"SAN DIEGO","organization":"CSD","batch_year":"1998"},{"station_id":"B98_106002","station_name":"106002_B98","lat":32.6562,"lon":-117.27,"county":"SAN DIEGO","organization":"CSD","batch_year":"1998"},{"station_id":"B18-10880","station_name":"B18-10880","lat":32.65306,"lon":-117.21495,"county":"SAN DIEGO","organization":"SCCWRP","batch_year":"2018"},{"station_id":"2441_B98","station_name":"B98_2441","lat":32.69111,"lon":-117.23803,"county":"SAN DIEGO","organization":"CSD","batch_year":"1998"},{"station_id":"2442_B98","station_name":"B98_2442","lat":32.68926,"lon":-117.23707,"county":"SAN DIEGO","organization":"SCCWRP","batch_year":"1998"},{"station_id":"4300_B03","station_name":"B03_4300","lat":32.64194,"lon":-117.22137,"county":"SAN DIEGO","organization":"CSD","batch_year":"2003"},{"station_id":"6128_B08","station_name":"B08-6128","lat":32.69111,"lon":-117.23803,"county":"SAN DIEGO","organization":"CRGML","batch_year":"2008"},{"station_id":"6130_B08","station_name":"B08-6130","lat":32.69405,"lon":-117.23851,"county":"SAN DIEGO","organization":"CRGML","batch_year":"2008"},{"station_id":"B98_103001","station_name":"103001_B98","lat":32.6563,"lon":-117.22,"county":"SAN DIEGO","organization":"CSD","batch_year":"1998"},{"station_id":"B98_107001","station_name":"107001_B98","lat":32.6782,"lon":-117.26,"county":"SAN DIEGO","organization":"CSD","batch_year":"1998"},{"station_id":"B98_104001","station_name":"104001_B98","lat":32.6664,"lon":-117.229,"county":"SAN DIEGO","organization":"CSD","batch_year":"1998"},{"station_id":"B98_105001","station_name":"105001_B98","lat":32.6556,"lon":-117.242,"county":"SAN DIEGO","organization":"CSD","batch_year":"1998"},{"station_id":"7044_B08","station_name":"B08-7044","lat":32.66354,"lon":-117.20016,"county":"SAN DIEGO","organization":"NOAACOAST","batch_year":"2008"},{"station_id":"B18-10273","station_name":"B18-10273","lat":32.66447,"lon":-117.27128,"county":"SAN DIEGO","organization":"SCCWRP","batch_year":"2018"},{"station_id":"B18-10030","station_name":"B18-10030","lat":32.687841,"lon":-117.230267,"county":"SAN DIEGO","organization":"SCCWRP","batch_year":"2018"},{"station_id":"B18-10117","station_name":"B18-10117","lat":32.691885,"lon":-117.238369,"county":"SAN DIEGO","organization":"SCCWRP","batch_year":"2018"},{"station_id":"B03_B03W202","station_name":"B03W202_B03","lat":32.66628,"lon":-117.22805,"county":"SAN DIEGO","organization":"USC","batch_year":"2003"}]}},{"type":"Feature","geometry":{"type":"Polygon","coordinates":[[[-117.27443563762922,32.67310074001696],[-117.24255737981842,32.69726380222321],[-117.25091302322157,32.73218655578382],[-117.29116545114042,32.74293858247399],[-117.32303952301312,32.718768001285085],[-117.31466536584028,32.68385291673965],[-117.27443563762922,32.67310074001696]]]},"properties":{"h3_index":"8629a410fffffff","station_count":14,"program_id":"bight","program":"Southern California Bight","resolution":6,"stations":[{"station_id":"4012_B03","station_name":"B03_4012","lat":32.6948,"lon":-117.30227,"county":"SAN DIEGO","organization":"CSD","batch_year":"2003"},{"station_id":"4244_B03","station_name":"B03_4244","lat":32.68243,"lon":-117.28197,"county":"SAN DIEGO","organization":"CSD","batch_year":"2003"},{"station_id":"SCBPP_1814","station_name":"1814_SCBPP","lat":32.73267,"lon":-117.28067,"county":"SAN DIEGO","organization":"CSD","batch_year":"1994"},{"station_id":"SCBPP_1828","station_name":"1828_SCBPP","lat":32.704,"lon":-117.31933,"county":"FEDERAL WATERS","organization":"CSD","batch_year":"1994"},{"station_id":"SCBPP_1836","station_name":"1836_SCBPP","lat":32.68233,"lon":-117.27467,"county":"SAN DIEGO","organization":"CSD","batch_year":"1994"},{"station_id":"SCBPP_1825","station_name":"1825_SCBPP","lat":32.70767,"lon":-117.30433,"county":"SAN DIEGO","organization":"CSD","batch_year":"1994"},{"station_id":"SCBPP_1839","station_name":"1839_SCBPP","lat":32.6775,"lon":-117.27467,"county":"SAN DIEGO","organization":"TEX-AM","batch_year":"1994"},{"station_id":"7068_B08","station_name":"B08-7068","lat":32.71039,"lon":-117.30977,"county":"SAN DIEGO","organization":"CSD","batch_year":"2008"},{"station_id":"B03_B03W156","station_name":"B03W156_B03","lat":32.73448,"lon":-117.28563,"county":"SAN DIEGO","organization":"MEC","batch_year":"2003"},{"station_id":"2413_B98","station_name":"B98_2413","lat":32.69036,"lon":-117.27828,"county":"SAN DIEGO","organization":"SCCWRP","batch_year":"1998"},{"station_id":"4248_B03","station_name":"B03_4248","lat":32.67934,"lon":-117.28212,"county":"SAN DIEGO","organization":"CSD","batch_year":"2003"},{"station_id":"2214_B98","station_name":"B98_2214","lat":32.68981,"lon":-117.30102,"county":"SAN DIEGO","organization":"SCCWRP","batch_year":"1998"},{"station_id":"B03W154_B03","station_name":"B03_B03W154","lat":32.72352,"lon":-117.27305,"county":"SAN DIEGO","organization":"USC","batch_year":"2003"},{"station_id":"2412_B98","station_name":"B98_2412","lat":32.72145,"lon":-117.29626,"county":"SAN DIEGO","organization":"CSD","batch_year":"1998"}]}},{"type":"Feature","geometry":{"type":"Polygon","coordinates":[[[-117.15375048469436,32.640752709122914],[-117.12183934414901,32.664893038833064],[-117.13015991513058,32.69983881818071],[-117.1704102155046,32.71063666637634],[-117.20231730436647,32.68648880247288],[-117.19397815741004,32.651550628949565],[-117.15375048469436,32.640752709122914]]]},"properties":{"h3_index":"8629a4117ffffff","station_count":102,"program_id":"bight","program":"Southern California Bight","resolution":6,"stations":[{"station_id":"B98_102401","station_name":"102401_B98","lat":32.6512,"lon":-117.163,"county":"SAN DIEGO","organization":"CSD","batch_year":"1998"},{"station_id":"4236_B03","station_name":"B03_4236","lat":32.67889,"lon":-117.16925,"county":"SAN DIEGO","organization":"CSD","batch_year":"2003"},{"station_id":"4364_B03","station_name":"B03_4364","lat":32.67929,"lon":-117.16506,"county":"SAN DIEGO","organization":"CSD","batch_year":"2003"},{"station_id":"BRI-17_B03","station_name":"B03_BRI-17","lat":32.69323,"lon":-117.14757,"county":"SAN DIEGO","organization":"CRGML","batch_year":"2003"},{"station_id":"6080_B08","station_name":"B08-6080","lat":32.66493,"lon":-117.14993,"county":"SAN DIEGO","organization":"NOAACOAST","batch_year":"2008"},{"station_id":"6083_B08","station_name":"B08-6083","lat":32.67008,"lon":-117.15501,"county":"SAN DIEGO","organization":"CRGML","batch_year":"2008"},{"station_id":"6084_B08","station_name":"B08-6084","lat":32.67029,"lon":-117.13662,"county":"SAN DIEGO","organization":"CRGML","batch_year":"2008"},{"station_id":"6085_B08","station_name":"B08-6085","lat":32.67094,"lon":-117.12408,"county":"SAN DIEGO","organization":"CRGML","batch_year":"2008"},{"station_id":"6087_B08","station_name":"B08-6087","lat":32.67178,"lon":-117.12578,"county":"SAN DIEGO","organization":"CRGML","batch_year":"2008"},{"station_id":"6090_B08","station_name":"B08-6090","lat":32.67337,"lon":-117.13653,"county":"SAN DIEGO","organization":"CRGML","batch_year":"2008"},{"station_id":"6093_B08","station_name":"B08-6093","lat":32.67537,"lon":-117.14385,"county":"SAN DIEGO","organization":"CRGML","batch_year":"2008"},{"station_id":"6071_B08","station_name":"B08-6071","lat":32.65828,"lon":-117.14434,"county":"SAN DIEGO","organization":"CRGML","batch_year":"2008"},{"station_id":"6094_B08","station_name":"B08-6094","lat":32.67594,"lon":-117.12786,"county":"SAN DIEGO","organization":"CRGML","batch_year":"2008"},{"station_id":"6106_B08","station_name":"B08-6106","lat":32.6812,"lon":-117.14544,"county":"SAN DIEGO","organization":"CSD","batch_year":"2008"},{"station_id":"6113_B08","station_name":"B08-6113","lat":32.68487,"lon":-117.1355,"county":"SAN DIEGO","organization":"CRGML","batch_year":"2008"},{"station_id":"6119_B08","station_name":"B08-6119","lat":32.68632,"lon":-117.13295,"county":"SAN DIEGO","organization":"CRGML","batch_year":"2008"},{"station_id":"6086_B08","station_name":"B08-6086","lat":32.6715,"lon":-117.1307,"county":"SAN DIEGO","organization":"CSD","batch_year":"2008"},{"station_id":"6120_B08","station_name":"B08-6120","lat":32.68659,"lon":-117.13392,"county":"SAN DIEGO","organization":"CRGML","batch_year":"2008"},{"station_id":"6125_B08","station_name":"B08-6125","lat":32.68821,"lon":-117.13786,"county":"SAN DIEGO","organization":"CRGML","batch_year":"2008"},{"station_id":"6127_B08","station_name":"B08-6127","lat":32.68994,"lon":-117.13917,"county":"SAN DIEGO","organization":"CRGML","batch_year":"2008"},{"station_id":"6129_B08","station_name":"B08-6129","lat":32.69177,"lon":-117.15298,"county":"SAN DIEGO","organization":"CRGML","batch_year":"2008"},{"station_id":"6133_B08","station_name":"B08-6133","lat":32.69619,"lon":-117.15341,"county":"SAN DIEGO","organization":"CRGML","batch_year":"2008"},{"station_id":"6134_B08","station_name":"B08-6134","lat":32.69857,"lon":-117.15877,"county":"SAN DIEGO","organization":"CRGML","batch_year":"2008"},{"station_id":"6136_B08","station_name":"B08-6136","lat":32.69981,"lon":-117.16097,"county":"SAN DIEGO","organization":"CRGML","batch_year":"2008"},{"station_id":"6115_B08","station_name":"B08-6115","lat":32.68541,"lon":-117.13649,"county":"SAN DIEGO","organization":"CRGML","batch_year":"2008"},{"station_id":"2243_B98","station_name":"B98_2243","lat":32.66459,"lon":-117.14282,"county":"SAN DIEGO","organization":"CSD","batch_year":"1998"},{"station_id":"2251_B98","station_name":"B98_2251","lat":32.70226,"lon":-117.16198,"county":"SAN DIEGO","organization":"CSD","batch_year":"1998"},{"station_id":"2253_B98","station_name":"B98_2253","lat":32.68821,"lon":-117.13786,"county":"SAN DIEGO","organization":"CSD","batch_year":"1998"},{"station_id":"2256_B98","station_name":"B98_2256","lat":32.67678,"lon":-117.13577,"county":"SAN DIEGO","organization":"CSD","batch_year":"1998"},{"station_id":"2259_B98","station_name":"B98_2259","lat":32.67015,"lon":-117.12477,"county":"SAN DIEGO","organization":"CSD","batch_year":"1998"},{"station_id":"2264_B98","station_name":"B98_2264","lat":32.6854,"lon":-117.13293,"county":"SAN DIEGO","organization":"SCCWRP","batch_year":"1998"},{"station_id":"2231_B98","station_name":"B98_2231","lat":32.69485,"lon":-117.15653,"county":"SAN DIEGO","organization":"CSD","batch_year":"1998"},{"station_id":"2233_B98","station_name":"B98_2233","lat":32.68573,"lon":-117.15179,"county":"SAN DIEGO","organization":"SCCWRP","batch_year":"1998"},{"station_id":"2254_B98","station_name":"B98_2254","lat":32.67672,"lon":-117.16326,"county":"SAN DIEGO","organization":"CSD","batch_year":"1998"},{"station_id":"2255_B98","station_name":"B98_2255","lat":32.67801,"lon":-117.12937,"county":"SAN DIEGO","organization":"SCCWRP","batch_year":"1998"},{"station_id":"2265_B98","station_name":"B98_2265","lat":32.6839,"lon":-117.14028,"county":"SAN DIEGO","organization":"CSD","batch_year":"1998"},{"station_id":"6116_B08","station_name":"B08-6116","lat":32.68547,"lon":-117.1341,"county":"SAN DIEGO","organization":"CRGML","batch_year":"2008"},{"station_id":"6140_B08","station_name":"B08-6140","lat":32.70226,"lon":-117.16198,"county":"SAN DIEGO","organization":"CRGML","batch_year":"2008"},{"station_id":"6572_B08","station_name":"B08-6572","lat":32.66889,"lon":-117.12862,"county":"SAN DIEGO","organization":"CRGML","batch_year":"2008"},{"station_id":"2415_B98","station_name":"B98_2415","lat":32.65863,"lon":-117.18214,"county":"SAN DIEGO","organization":"CSD","batch_year":"1998"},{"station_id":"B13-8077","station_name":"B13-8077 OpenwaterStation","lat":32.68658,"lon":-117.13392,"county":"SAN DIEGO","organization":"SCCWRP","batch_year":"2013"},{"station_id":"B13-8078","station_name":"B13-8078 OpenwaterStation","lat":32.68684,"lon":-117.14839,"county":"SAN DIEGO","organization":"SCCWRP","batch_year":"2013"},{"station_id":"B13-8090","station_name":"B13-8090 OpenwaterStation","lat":32.69329,"lon":-117.14728,"county":"SAN DIEGO","organization":"SCCWRP","batch_year":"2013"},{"station_id":"B13-8093","station_name":"B13-8093 OpenwaterStation","lat":32.69562,"lon":-117.16262,"county":"SAN DIEGO","organization":"SCCWRP","batch_year":"2013"},{"station_id":"B13-8058","station_name":"B13-8058 OpenwaterStation","lat":32.66106,"lon":-117.144,"county":"SAN DIEGO","organization":"SCCWRP","batch_year":"2013"},{"station_id":"B13-8073","station_name":"B13-8073 OpenwaterStation","lat":32.68052,"lon":-117.17523,"county":"SAN DIEGO","organization":"SCCWRP","batch_year":"2013"},{"station_id":"B13-8075","station_name":"B13-8075 OpenwaterStation","lat":32.68547,"lon":-117.1341,"county":"SAN DIEGO","organization":"SCCWRP","batch_year":"2013"},{"station_id":"B13-8096","station_name":"B13-8096 OpenwaterStation","lat":32.69857,"lon":-117.15877,"county":"SAN DIEGO","organization":"SCCWRP","batch_year":"2013"},{"station_id":"B13-8052","station_name":"B13-8052 OpenwaterStation","lat":32.65828,"lon":-117.14434,"county":"SAN DIEGO","organization":"SCCWRP","batch_year":"2013"},{"station_id":"B13-8066","station_name":"B13-8066 OpenwaterStation","lat":32.67178,"lon":-117.12578,"county":"SAN DIEGO","organization":"SCCWRP","batch_year":"2013"},{"station_id":"2239_B98","station_name":"B98_2239","lat":32.68248,"lon":-117.14509,"county":"SAN DIEGO","organization":"CSD","batch_year":"1998"},{"station_id":"2242_B98","station_name":"B98_2242","lat":32.66493,"lon":-117.14993,"county":"SAN DIEGO","organization":"SCCWRP","batch_year":"1998"},{"station_id":"2245_B98","station_name":"B98_2245","lat":32.65091,"lon":-117.14279,"county":"SAN DIEGO","organization":"CSD","batch_year":"1998"},{"station_id":"2257_B98","station_name":"B98_2257","lat":32.67693,"lon":-117.13415,"county":"SAN DIEGO","organization":"CSD","batch_year":"1998"},{"station_id":"B13-8076","station_name":"B13-8076 OpenwaterStation","lat":32.68632,"lon":-117.13295,"county":"SAN DIEGO","organization":"SCCWRP","batch_year":"2013"},{"station_id":"B13-8100","station_name":"B13-8100 OpenwaterStation","lat":32.70226,"lon":-117.16198,"county":"SAN DIEGO","organization":"SCCWRP","batch_year":"2013"},{"station_id":"B18-10032","station_name":"B18-10032","lat":32.67526,"lon":-117.14397,"county":"SAN DIEGO","organization":"SCCWRP","batch_year":"2018"},{"station_id":"B18-10116","station_name":"B18-10116","lat":32.6914,"lon":-117.15337,"county":"SAN DIEGO","organization":"SCCWRP","batch_year":"2018"},{"station_id":"B18-10119","station_name":"B18-10119","lat":32.69004,"lon":-117.1432,"county":"SAN DIEGO","organization":"SCCWRP","batch_year":"2018"},{"station_id":"B18-10126","station_name":"B18-10126","lat":32.68173,"lon":-117.13109,"county":"SAN DIEGO","organization":"SCCWRP","batch_year":"2018"},{"station_id":"B18-10133","station_name":"B18-10133","lat":32.67313,"lon":-117.12943,"county":"SAN DIEGO","organization":"SCCWRP","batch_year":"2018"},{"station_id":"2240_B98","station_name":"B98_2240","lat":32.66743,"lon":-117.15428,"county":"SAN DIEGO","organization":"CSD","batch_year":"1998"},{"station_id":"4028_B03","station_name":"B03_4028","lat":32.67537,"lon":-117.14385,"county":"SAN DIEGO","organization":"CSD","batch_year":"2003"},{"station_id":"B18-10121","station_name":"B18-10121","lat":32.6878,"lon":-117.14076,"county":"SAN DIEGO","organization":"SCCWRP","batch_year":"2018"},{"station_id":"B18-10034","station_name":"B18-10034","lat":32.665256,"lon":-117.149849,"county":"SAN DIEGO","organization":"SCCWRP","batch_year":"2018"},{"station_id":"B18-10237","station_name":"B18-10237","lat":32.65987,"lon":-117.16851,"county":"SAN DIEGO","organization":"SCCWRP","batch_year":"2018"},{"station_id":"B18-10136","station_name":"B18-10136","lat":32.67028,"lon":-117.1235,"county":"SAN DIEGO","organization":"SCCWRP","batch_year":"2018"},{"station_id":"BRI-18_B03","station_name":"B03_BRI-18","lat":32.69283,"lon":-117.14583,"county":"SAN DIEGO","organization":"CRGML","batch_year":"2003"},{"station_id":"B03W171_B03","station_name":"B03_B03W171","lat":32.6687,"lon":-117.18675,"county":"SAN DIEGO","organization":"USC","batch_year":"2003"},{"station_id":"BRI-16_B03","station_name":"B03_BRI-16","lat":32.7075,"lon":-117.16867,"county":"SAN DIEGO","organization":"CRGML","batch_year":"2003"},{"station_id":"B18-10031","station_name":"B18-10031","lat":32.68665,"lon":-117.13354,"county":"SAN DIEGO","organization":"SCCWRP","batch_year":"2018"},{"station_id":"6110_B08","station_name":"B08-6110","lat":32.68286,"lon":-117.13838,"county":"SAN DIEGO","organization":"CSD","batch_year":"2008"},{"station_id":"B13-8087","station_name":"B13-8087 OpenwaterStation","lat":32.69177,"lon":-117.15298,"county":"SAN DIEGO","organization":"SCCWRP","batch_year":"2013"},{"station_id":"B13-8095","station_name":"B13-8095 OpenwaterStation","lat":32.69619,"lon":-117.15341,"county":"SAN DIEGO","organization":"SCCWRP","batch_year":"2013"},{"station_id":"B18-10124","station_name":"B18-10124","lat":32.68433,"lon":-117.13126,"county":"SAN DIEGO","organization":"SCCWRP","batch_year":"2018"},{"station_id":"B18-10178","station_name":"B18-10178","lat":32.68753,"lon":-117.13087,"county":"SAN DIEGO","organization":"SCCWRP","batch_year":"2018"},{"station_id":"B13-8069","station_name":"B13-8069 OpenwaterStation","lat":32.67594,"lon":-117.12786,"county":"SAN DIEGO","organization":"SCCWRP","batch_year":"2013"},{"station_id":"B13-8099","station_name":"B13-8099 OpenwaterStation","lat":32.70224,"lon":-117.16059,"county":"SAN DIEGO","organization":"SCCWRP","batch_year":"2013"},{"station_id":"B13-8060","station_name":"B13-8060 OpenwaterStation","lat":32.66493,"lon":-117.14993,"county":"SAN DIEGO","organization":"SCCWRP","batch_year":"2013"},{"station_id":"B13-8064","station_name":"B13-8064 OpenwaterStation","lat":32.67094,"lon":-117.12408,"county":"SAN DIEGO","organization":"SCCWRP","batch_year":"2013"},{"station_id":"B13-8074","station_name":"B13-8074 OpenwaterStation","lat":32.68541,"lon":-117.1365,"county":"SAN DIEGO","organization":"SCCWRP","batch_year":"2013"},{"station_id":"B13-8068","station_name":"B13-8068 OpenwaterStation","lat":32.67537,"lon":-117.14385,"county":"SAN DIEGO","organization":"SCCWRP","batch_year":"2013"},{"station_id":"B13-8098","station_name":"B13-8098 OpenwaterStation","lat":32.69981,"lon":-117.16097,"county":"SAN DIEGO","organization":"SCCWRP","batch_year":"2013"},{"station_id":"B18-10035","station_name":"B18-10035","lat":32.660753,"lon":-117.14543,"county":"SAN DIEGO","organization":"SCCWRP","batch_year":"2018"},{"station_id":"B18-10029","station_name":"B18-10029","lat":32.70189,"lon":-117.15893,"county":"SAN DIEGO","organization":"SCCWRP","batch_year":"2018"},{"station_id":"B18-10123","station_name":"B18-10123","lat":32.68549,"lon":-117.13635,"county":"SAN DIEGO","organization":"SCCWRP","batch_year":"2018"},{"station_id":"2414_B98","station_name":"B98_2414","lat":32.67683,"lon":-117.18999,"county":"SAN DIEGO","organization":"CSD","batch_year":"1998"},{"station_id":"B18-10114","station_name":"B18-10114","lat":32.7026,"lon":-117.1618,"county":"SAN DIEGO","organization":"SCCWRP","batch_year":"2018"},{"station_id":"4116_B03","station_name":"B03_4116","lat":32.65828,"lon":-117.14434,"county":"SAN DIEGO","organization":"CSD","batch_year":"2003"},{"station_id":"2241_B98","station_name":"B98_2241","lat":32.67029,"lon":-117.13662,"county":"SAN DIEGO","organization":"CSD","batch_year":"1998"},{"station_id":"2252_B98","station_name":"B98_2252","lat":32.69177,"lon":-117.15298,"county":"SAN DIEGO","organization":"CSD","batch_year":"1998"},{"station_id":"2260_B98","station_name":"B98_2260","lat":32.66723,"lon":-117.12999,"county":"SAN DIEGO","organization":"CSD","batch_year":"1998"},{"station_id":"2258_B98","station_name":"B98_2258","lat":32.676,"lon":-117.13215,"county":"SAN DIEGO","organization":"CSD","batch_year":"1998"},{"station_id":"B03_B03W201","station_name":"B03W201_B03","lat":32.66887,"lon":-117.1867,"county":"SAN DIEGO","organization":"USC","batch_year":"2003"},{"station_id":"2244_B98","station_name":"B98_2244","lat":32.65966,"lon":-117.13189,"county":"SAN DIEGO","organization":"CSD","batch_year":"1998"},{"station_id":"B18-10127","station_name":"B18-10127","lat":32.6792,"lon":-117.12836,"county":"SAN DIEGO","organization":"SCCWRP","batch_year":"2018"},{"station_id":"B18-10132","station_name":"B18-10132","lat":32.674273,"lon":-117.124657,"county":"SAN DIEGO","organization":"SCCWRP","batch_year":"2018"},{"station_id":"B18-10036","station_name":"B18-10036","lat":32.658159,"lon":-117.144371,"county":"SAN DIEGO","organization":"SCCWRP","batch_year":"2018"},{"station_id":"B18-10115","station_name":"B18-10115","lat":32.69442,"lon":-117.15254,"county":"SAN DIEGO","organization":"SCCWRP","batch_year":"2018"},{"station_id":"4340_B03","station_name":"B03_4340","lat":32.67891,"lon":-117.12767,"county":"SAN DIEGO","organization":"CSD","batch_year":"2003"},{"station_id":"4418_B03","station_name":"B03_4418","lat":32.67998,"lon":-117.17326,"county":"SAN DIEGO","organization":"CSD","batch_year":"2003"},{"station_id":"2230_B98","station_name":"B98_2230","lat":32.70192,"lon":-117.1787,"county":"SAN DIEGO","organization":"CSD","batch_year":"1998"}]}},{"type":"Feature","geometry":{"type":"Polygon","coordinates":[[[-117.20231730436647,32.68648880247288],[-117.1704102155046,32.71063666637634],[-117.17874729726606,32.74556704589532],[-117.21901004243986,32.75634193992598],[-117.25091302322157,32.73218655578382],[-117.24255737981842,32.69726380222321],[-117.20231730436647,32.68648880247288]]]},"properties":{"h3_index":"8629a411fffffff","station_count":98,"program_id":"bight","program":"Southern California Bight","resolution":6,"stations":[{"station_id":"2435_B98","station_name":"B98_2435","lat":32.71159,"lon":-117.22289,"county":"SAN DIEGO","organization":"CSD","batch_year":"1998"},{"station_id":"2436_B98","station_name":"B98_2436","lat":32.71504,"lon":-117.18308,"county":"SAN DIEGO","organization":"SCCWRP","batch_year":"1998"},{"station_id":"4284_B03","station_name":"B03_4284","lat":32.72692,"lon":-117.20206,"county":"SAN DIEGO","organization":"CSD","batch_year":"2003"},{"station_id":"4108_B03","station_name":"B03_4108","lat":32.71598,"lon":-117.17404,"county":"SAN DIEGO","organization":"CSD","batch_year":"2003"},{"station_id":"4348_B03","station_name":"B03_4348","lat":32.70647,"lon":-117.1797,"county":"SAN DIEGO","organization":"CSD","batch_year":"2003"},{"station_id":"6138_B08","station_name":"B08-6138","lat":32.70122,"lon":-117.22646,"county":"SAN DIEGO","organization":"CRGML","batch_year":"2008"},{"station_id":"6145_B08","station_name":"B08-6145","lat":32.71138,"lon":-117.23213,"county":"SAN DIEGO","organization":"CRGML","batch_year":"2008"},{"station_id":"6148_B08","station_name":"B08-6148","lat":32.7125,"lon":-117.23079,"county":"SAN DIEGO","organization":"CRGML","batch_year":"2008"},{"station_id":"6154_B08","station_name":"B08-6154","lat":32.71598,"lon":-117.17404,"county":"SAN DIEGO","organization":"CRGML","batch_year":"2008"},{"station_id":"6157_B08","station_name":"B08-6157","lat":32.71683,"lon":-117.22429,"county":"SAN DIEGO","organization":"CRGML","batch_year":"2008"},{"station_id":"6159_B08","station_name":"B08-6159","lat":32.7181,"lon":-117.23046,"county":"SAN DIEGO","organization":"CRGML","batch_year":"2008"},{"station_id":"6165_B08","station_name":"B08-6165","lat":32.72171,"lon":-117.22162,"county":"SAN DIEGO","organization":"CRGML","batch_year":"2008"},{"station_id":"6168_B08","station_name":"B08-6168","lat":32.72352,"lon":-117.17571,"county":"SAN DIEGO","organization":"CSD","batch_year":"2008"},{"station_id":"6172_B08","station_name":"B08-6172","lat":32.72427,"lon":-117.18276,"county":"SAN DIEGO","organization":"CSD","batch_year":"2008"},{"station_id":"6173_B08","station_name":"B08-6173","lat":32.72487,"lon":-117.18359,"county":"SAN DIEGO","organization":"CRGML","batch_year":"2008"},{"station_id":"6177_B08","station_name":"B08-6177","lat":32.72692,"lon":-117.20206,"county":"SAN DIEGO","organization":"CRGML","batch_year":"2008"},{"station_id":"6179_B08","station_name":"B08-6179","lat":32.72835,"lon":-117.20811,"county":"SAN DIEGO","organization":"CRGML","batch_year":"2008"},{"station_id":"2222_B98","station_name":"B98_2222","lat":32.71867,"lon":-117.22571,"county":"SAN DIEGO","organization":"EPARD","batch_year":"1998"},{"station_id":"2227_B98","station_name":"B98_2227","lat":32.72376,"lon":-117.2079,"county":"SAN DIEGO","organization":"CSD","batch_year":"1998"},{"station_id":"2229_B98","station_name":"B98_2229","lat":32.70894,"lon":-117.176,"county":"SAN DIEGO","organization":"CSD","batch_year":"1998"},{"station_id":"2221_B98","station_name":"B98_2221","lat":32.7279,"lon":-117.205,"county":"SAN DIEGO","organization":"CSD","batch_year":"1998"},{"station_id":"2225_B98","station_name":"B98_2225","lat":32.71338,"lon":-117.23004,"county":"SAN DIEGO","organization":"CSD","batch_year":"1998"},{"station_id":"4156_B03","station_name":"B03_4156","lat":32.72288,"lon":-117.21263,"county":"SAN DIEGO","organization":"CSD","batch_year":"2003"},{"station_id":"4268_B03","station_name":"B03_4268","lat":32.71868,"lon":-117.22003,"county":"SAN DIEGO","organization":"CSD","batch_year":"2003"},{"station_id":"B03_KEL225RSH","station_name":"KEL225RSH_B03","lat":32.70993,"lon":-117.23655,"county":"SAN DIEGO","organization":"MEC","batch_year":"2003"},{"station_id":"SCBPP_1823","station_name":"1823_SCBPP","lat":32.72633,"lon":-117.21183,"county":"SAN DIEGO","organization":"CSD","batch_year":"1994"},{"station_id":"6151_B08","station_name":"B08-6151","lat":32.7145,"lon":-117.23005,"county":"SAN DIEGO","organization":"CRGML","batch_year":"2008"},{"station_id":"6153_B08","station_name":"B08-6153","lat":32.71576,"lon":-117.23093,"county":"SAN DIEGO","organization":"CRGML","batch_year":"2008"},{"station_id":"6156_B08","station_name":"B08-6156","lat":32.7165,"lon":-117.19687,"county":"SAN DIEGO","organization":"CSD","batch_year":"2008"},{"station_id":"6161_B08","station_name":"B08-6161","lat":32.71867,"lon":-117.22571,"county":"SAN DIEGO","organization":"CRGML","batch_year":"2008"},{"station_id":"6174_B08","station_name":"B08-6174","lat":32.72619,"lon":-117.17706,"county":"SAN DIEGO","organization":"CSD","batch_year":"2008"},{"station_id":"6180_B08","station_name":"B08-6180","lat":32.72845,"lon":-117.20184,"county":"SAN DIEGO","organization":"CRGML","batch_year":"2008"},{"station_id":"6152_B08","station_name":"B08-6152","lat":32.71504,"lon":-117.18308,"county":"SAN DIEGO","organization":"CRGML","batch_year":"2008"},{"station_id":"6171_B08","station_name":"B08-6171","lat":32.72416,"lon":-117.22484,"county":"SAN DIEGO","organization":"CRGML","batch_year":"2008"},{"station_id":"6155_B08","station_name":"B08-6155","lat":32.71608,"lon":-117.17615,"county":"SAN DIEGO","organization":"CRGML","batch_year":"2008"},{"station_id":"2433_B98","station_name":"B98_2433","lat":32.72239,"lon":-117.2095,"county":"SAN DIEGO","organization":"CSD","batch_year":"1998"},{"station_id":"2439_B98","station_name":"B98_2439","lat":32.72603,"lon":-117.18946,"county":"SAN DIEGO","organization":"CSD","batch_year":"1998"},{"station_id":"4092_B03","station_name":"B03_4092","lat":32.72427,"lon":-117.18276,"county":"SAN DIEGO","organization":"CSD","batch_year":"2003"},{"station_id":"B13-8122","station_name":"B13-8122 OpenwaterStation","lat":32.72427,"lon":-117.18276,"county":"SAN DIEGO","organization":"SCCWRP","batch_year":"2013"},{"station_id":"B13-8118","station_name":"B13-8118 OpenwaterStation","lat":32.71979,"lon":-117.17863,"county":"SAN DIEGO","organization":"SCCWRP","batch_year":"2013"},{"station_id":"2224_B98","station_name":"B98_2224","lat":32.71292,"lon":-117.23367,"county":"SAN DIEGO","organization":"CSD","batch_year":"1998"},{"station_id":"2226_B98","station_name":"B98_2226","lat":32.71138,"lon":-117.23213,"county":"SAN DIEGO","organization":"SCCWRP","batch_year":"1998"},{"station_id":"B18-10082","station_name":"B18-10082","lat":32.71643,"lon":-117.22662,"county":"SAN DIEGO","organization":"SCCWRP","batch_year":"2018"},{"station_id":"B18-10112","station_name":"B18-10112","lat":32.71627,"lon":-117.17632,"county":"SAN DIEGO","organization":"SCCWRP","batch_year":"2018"},{"station_id":"2434_B98","station_name":"B98_2434","lat":32.72487,"lon":-117.18359,"county":"SAN DIEGO","organization":"CSD","batch_year":"1998"},{"station_id":"2440_B98","station_name":"B98_2440","lat":32.71851,"lon":-117.17484,"county":"SAN DIEGO","organization":"CSD","batch_year":"1998"},{"station_id":"4140_B03","station_name":"B03_4140","lat":32.71683,"lon":-117.22429,"county":"SAN DIEGO","organization":"CSD","batch_year":"2003"},{"station_id":"B18-10077","station_name":"B18-10077","lat":32.72496,"lon":-117.18335,"county":"SAN DIEGO","organization":"SCCWRP","batch_year":"2018"},{"station_id":"B18-10079","station_name":"B18-10079","lat":32.720458,"lon":-117.220779,"county":"SAN DIEGO","organization":"SCCWRP","batch_year":"2018"},{"station_id":"B18-10080","station_name":"B18-10080","lat":32.718816,"lon":-117.226292,"county":"SAN DIEGO","organization":"SCCWRP","batch_year":"2018"},{"station_id":"B18-10081","station_name":"B18-10081","lat":32.71823,"lon":-117.230398,"county":"SAN DIEGO","organization":"SCCWRP","batch_year":"2018"},{"station_id":"4076_B03","station_name":"B03_4076","lat":32.7181,"lon":-117.23046,"county":"SAN DIEGO","organization":"CSD","batch_year":"2003"},{"station_id":"B03_KEL250LSH","station_name":"KEL250LSH_B03","lat":32.71054,"lon":-117.23655,"county":"SAN DIEGO","organization":"MEC","batch_year":"2003"},{"station_id":"B03_KEL225RO","station_name":"KEL225RO_B03","lat":32.70906,"lon":-117.2363,"county":"SAN DIEGO","organization":"MEC","batch_year":"2003"},{"station_id":"B18-10078","station_name":"B18-10078","lat":32.723036,"lon":-117.223728,"county":"SAN DIEGO","organization":"SCCWRP","batch_year":"2018"},{"station_id":"B03_KEL125L","station_name":"KEL125L_B03","lat":32.71215,"lon":-117.2364,"county":"SAN DIEGO","organization":"MEC","batch_year":"2003"},{"station_id":"B18-10076","station_name":"B18-10076","lat":32.726537,"lon":-117.176544,"county":"SAN DIEGO","organization":"SCCWRP","batch_year":"2018"},{"station_id":"B13-8109","station_name":"B13-8109 OpenwaterStation","lat":32.71504,"lon":-117.18308,"county":"SAN DIEGO","organization":"SCCWRP","batch_year":"2013"},{"station_id":"B18-10024","station_name":"B18-10024","lat":32.7148,"lon":-117.18302,"county":"SAN DIEGO","organization":"SCCWRP","batch_year":"2018"},{"station_id":"2263_B98","station_name":"B98_2263","lat":32.71608,"lon":-117.17615,"county":"SAN DIEGO","organization":"CSD","batch_year":"1998"},{"station_id":"B18-10113","station_name":"B18-10113","lat":32.71614,"lon":-117.17398,"county":"SAN DIEGO","organization":"SCCWRP","batch_year":"2018"},{"station_id":"B18-10084","station_name":"B18-10084","lat":32.71208,"lon":-117.23282,"county":"SAN DIEGO","organization":"SCCWRP","batch_year":"2018"},{"station_id":"B03_KEL20O","station_name":"KEL20O_B03","lat":32.71014,"lon":-117.23658,"county":"SAN DIEGO","organization":"MEC","batch_year":"2003"},{"station_id":"BRI-15_B03","station_name":"B03_BRI-15","lat":32.7265,"lon":-117.1945,"county":"SAN DIEGO","organization":"CRGML","batch_year":"2003"},{"station_id":"B18-10023","station_name":"B18-10023","lat":32.717504,"lon":-117.215561,"county":"SAN DIEGO","organization":"SCCWRP","batch_year":"2018"},{"station_id":"B18-10083","station_name":"B18-10083","lat":32.712555,"lon":-117.231311,"county":"SAN DIEGO","organization":"SCCWRP","batch_year":"2018"},{"station_id":"B03_KEL150LSH","station_name":"KEL150LSH_B03","lat":32.70956,"lon":-117.23663,"county":"SAN DIEGO","organization":"MEC","batch_year":"2003"},{"station_id":"B18-10022","station_name":"B18-10022","lat":32.72408,"lon":-117.18307,"county":"SAN DIEGO","organization":"SCCWRP","batch_year":"2018"},{"station_id":"2223_B98","station_name":"B98_2223","lat":32.71576,"lon":-117.23093,"county":"SAN DIEGO","organization":"CSD","batch_year":"1998"},{"station_id":"B03_KEL2100L","station_name":"KEL2100L_B03","lat":32.71357,"lon":-117.235,"county":"SAN DIEGO","organization":"MEC","batch_year":"2003"},{"station_id":"2228_B98","station_name":"B98_2228","lat":32.72413,"lon":-117.1782,"county":"SAN DIEGO","organization":"SCCWRP","batch_year":"1998"},{"station_id":"B03_KEL145RSH","station_name":"KEL145RSH_B03","lat":32.70885,"lon":-117.23681,"county":"SAN DIEGO","organization":"MEC","batch_year":"2003"},{"station_id":"B03_KEL125LSH","station_name":"KEL125LSH_B03","lat":32.7094,"lon":-117.23674,"county":"SAN DIEGO","organization":"MEC","batch_year":"2003"},{"station_id":"B03_KEL250RO","station_name":"KEL250RO_B03","lat":32.70971,"lon":-117.23659,"county":"SAN DIEGO","organization":"MEC","batch_year":"2003"},{"station_id":"B03_KEL250LO","station_name":"KEL250LO_B03","lat":32.71056,"lon":-117.23608,"county":"SAN DIEGO","organization":"MEC","batch_year":"2003"},{"station_id":"B03_KEL1100LO","station_name":"KEL1100LO_B03","lat":32.71306,"lon":-117.235,"county":"SAN DIEGO","organization":"MEC","batch_year":"2003"},{"station_id":"B03_KEL280LSH","station_name":"KEL280LSH_B03","lat":32.7108,"lon":-117.23676,"county":"SAN DIEGO","organization":"MEC","batch_year":"2003"},{"station_id":"B03_KEL125R","station_name":"KEL125R_B03","lat":32.71017,"lon":-117.2368,"county":"SAN DIEGO","organization":"MEC","batch_year":"2003"},{"station_id":"B03_KEL150LO","station_name":"KEL150LO_B03","lat":32.70956,"lon":-117.23607,"county":"SAN DIEGO","organization":"MEC","batch_year":"2003"},{"station_id":"B03_KEL1MZO","station_name":"KEL1MZO_B03","lat":32.71104,"lon":-117.2363,"county":"SAN DIEGO","organization":"MEC","batch_year":"2003"},{"station_id":"B03_KEL10O","station_name":"KEL10O_B03","lat":32.70914,"lon":-117.23623,"county":"SAN DIEGO","organization":"MEC","batch_year":"2003"},{"station_id":"B03_KEL125RO","station_name":"KEL125RO_B03","lat":32.71012,"lon":-117.2362,"county":"SAN DIEGO","organization":"MEC","batch_year":"2003"},{"station_id":"B03_KEL125RSH","station_name":"KEL125RSH_B03","lat":32.70901,"lon":-117.23686,"county":"SAN DIEGO","organization":"MEC","batch_year":"2003"},{"station_id":"B03_KEL1100L","station_name":"KEL1100L_B03","lat":32.71316,"lon":-117.2355,"county":"SAN DIEGO","organization":"MEC","batch_year":"2003"},{"station_id":"B03_KEL225LO","station_name":"KEL225LO_B03","lat":32.71278,"lon":-117.2354,"county":"SAN DIEGO","organization":"MEC","batch_year":"2003"},{"station_id":"B03_KEL2100RO","station_name":"KEL2100RO_B03","lat":32.70789,"lon":-117.2364,"county":"SAN DIEGO","organization":"MEC","batch_year":"2003"},{"station_id":"B03_KEL2O","station_name":"KEL2O_B03","lat":32.71097,"lon":-117.2358,"county":"SAN DIEGO","organization":"MEC","batch_year":"2003"},{"station_id":"B03_KEL10SH","station_name":"KEL10SH_B03","lat":32.70919,"lon":-117.23678,"county":"SAN DIEGO","organization":"MEC","batch_year":"2003"},{"station_id":"B03_KEL145RO","station_name":"KEL145RO_B03","lat":32.70883,"lon":-117.23632,"county":"SAN DIEGO","organization":"MEC","batch_year":"2003"},{"station_id":"B03_KEL2100R","station_name":"KEL2100R_B03","lat":32.7079,"lon":-117.2369,"county":"SAN DIEGO","organization":"MEC","batch_year":"2003"},{"station_id":"B03_KEL2100LO","station_name":"KEL2100LO_B03","lat":32.7134,"lon":-117.2347,"county":"SAN DIEGO","organization":"MEC","batch_year":"2003"},{"station_id":"B03_KEL280LO","station_name":"KEL280LO_B03","lat":32.71081,"lon":-117.23613,"county":"SAN DIEGO","organization":"MEC","batch_year":"2003"},{"station_id":"B03_KEL225R","station_name":"KEL225R_B03","lat":32.70906,"lon":-117.2369,"county":"SAN DIEGO","organization":"MEC","batch_year":"2003"},{"station_id":"B03_KEL1MZ","station_name":"KEL1MZ_B03","lat":32.71115,"lon":-117.2368,"county":"SAN DIEGO","organization":"MEC","batch_year":"2003"},{"station_id":"B03_KEL1100RO","station_name":"KEL1100RO_B03","lat":32.70835,"lon":-117.2364,"county":"SAN DIEGO","organization":"MEC","batch_year":"2003"},{"station_id":"B03_KEL125LO","station_name":"KEL125LO_B03","lat":32.71207,"lon":-117.2357,"county":"SAN DIEGO","organization":"MEC","batch_year":"2003"},{"station_id":"B03_KEL225L","station_name":"KEL225L_B03","lat":32.71292,"lon":-117.2358,"county":"SAN DIEGO","organization":"MEC","batch_year":"2003"},{"station_id":"B03_KEL1100R","station_name":"KEL1100R_B03","lat":32.70838,"lon":-117.2368,"county":"SAN DIEGO","organization":"MEC","batch_year":"2003"}]}},{"type":"Feature","geometry":{"type":"Polygon","coordinates":[[[-117.24937705608863,32.56828608797272],[-117.2175193454896,32.592449202224145],[-117.22586054476307,32.627395099786476],[-117.26607796242918,32.63817021546358],[-117.29793152210911,32.613999555313505],[-117.28957182793094,32.57906132973153],[-117.24937705608863,32.56828608797272]]]},"properties":{"h3_index":"8629a4127ffffff","station_count":10,"program_id":"bight","program":"Southern California Bight","resolution":6,"stations":[{"station_id":"B98_104004","station_name":"104004_B98","lat":32.6204,"lon":-117.233,"county":"SAN DIEGO","organization":"CSD","batch_year":"1998"},{"station_id":"B98_105003","station_name":"105003_B98","lat":32.6201,"lon":-117.244,"county":"SAN DIEGO","organization":"CSD","batch_year":"1998"},{"station_id":"4172_B03","station_name":"B03_4172","lat":32.59487,"lon":-117.24518,"county":"FEDERAL WATERS","organization":"CSD","batch_year":"2003"},{"station_id":"4256_B03","station_name":"B03_4256","lat":32.58955,"lon":-117.2281,"county":"FEDERAL WATERS","organization":"CSD","batch_year":"2003"},{"station_id":"SCBPP_1892","station_name":"1892_SCBPP","lat":32.6275,"lon":-117.2745,"county":"SAN DIEGO","organization":"CSD","batch_year":"1994"},{"station_id":"7009_B08","station_name":"B08-7009","lat":32.58938,"lon":-117.26361,"county":"FEDERAL WATERS","organization":"CSD","batch_year":"2008"},{"station_id":"B18-10277","station_name":"B18-10277","lat":32.58963,"lon":-117.26429,"county":"OOS","organization":"SCCWRP","batch_year":"2018"},{"station_id":"2419_B98","station_name":"B98_2419","lat":32.58938,"lon":-117.26361,"county":"FEDERAL WATERS","organization":"CSD","batch_year":"1998"},{"station_id":"B18-10276","station_name":"B18-10276","lat":32.59759,"lon":-117.24479,"county":"OOS","organization":"SCCWRP","batch_year":"2018"},{"station_id":"7019_B08","station_name":"B08-7019","lat":32.60679,"lon":-117.27749,"county":"FEDERAL WATERS","organization":"CSD","batch_year":"2008"}]}},{"type":"Feature","geometry":{"type":"Polygon","coordinates":[[[-117.29793152210911,32.613999555313505],[-117.26607796242918,32.63817021546358],[-117.27443563762922,32.67310074001696],[-117.31466536584028,32.68385291673965],[-117.34651471828691,32.65967472481181],[-117.33813856268092,32.62475189227652],[-117.29793152210911,32.613999555313505]]]},"properties":{"h3_index":"8629a412fffffff","station_count":20,"program_id":"bight","program":"Southern California Bight","resolution":6,"stations":[{"station_id":"B98_106003","station_name":"106003_B98","lat":32.6523,"lon":-117.291,"county":"SAN DIEGO","organization":"CSD","batch_year":"1998"},{"station_id":"B98_106004","station_name":"106004_B98","lat":32.6487,"lon":-117.312,"county":"FEDERAL WATERS","organization":"CSD","batch_year":"1998"},{"station_id":"B98_107002","station_name":"107002_B98","lat":32.6735,"lon":-117.282,"county":"SAN DIEGO","organization":"CSD","batch_year":"1998"},{"station_id":"B98_107003","station_name":"107003_B98","lat":32.6696,"lon":-117.303,"county":"SAN DIEGO","organization":"CSD","batch_year":"1998"},{"station_id":"B98_107004","station_name":"107004_B98","lat":32.6656,"lon":-117.324,"county":"FEDERAL WATERS","organization":"CSD","batch_year":"1998"},{"station_id":"2218_B98","station_name":"B98_2218","lat":32.66639,"lon":-117.27978,"county":"SAN DIEGO","organization":"CSD","batch_year":"1998"},{"station_id":"2219_B98","station_name":"B98_2219","lat":32.65496,"lon":-117.3315,"county":"FEDERAL WATERS","organization":"CSD","batch_year":"1998"},{"station_id":"4120_B03","station_name":"B03_4120","lat":32.65786,"lon":-117.30952,"county":"FEDERAL WATERS","organization":"CSD","batch_year":"2003"},{"station_id":"4260_B03","station_name":"B03_4260","lat":32.65885,"lon":-117.33599,"county":"FEDERAL WATERS","organization":"USC","batch_year":"2003"},{"station_id":"SCBPP_1850","station_name":"1850_SCBPP","lat":32.66133,"lon":-117.32933,"county":"FEDERAL WATERS","organization":"CSD","batch_year":"1994"},{"station_id":"SCBPP_1871","station_name":"1871_SCBPP","lat":32.642,"lon":-117.31167,"county":"FEDERAL WATERS","organization":"CSD","batch_year":"1994"},{"station_id":"7032_B08","station_name":"B08-7032","lat":32.64377,"lon":-117.34108,"county":"FEDERAL WATERS","organization":"CSD","batch_year":"2008"},{"station_id":"B18-10275","station_name":"B18-10275","lat":32.63241,"lon":-117.30571,"county":"OOS","organization":"SCCWRP","batch_year":"2018"},{"station_id":"B18-10274","station_name":"B18-10274","lat":32.66374,"lon":-117.296,"county":"SAN DIEGO","organization":"SCCWRP","batch_year":"2018"},{"station_id":"B18-10319","station_name":"B18-10319","lat":32.65916,"lon":-117.33711,"county":"OOS","organization":"SCCWRP","batch_year":"2018"},{"station_id":"2217_B98","station_name":"B98_2217","lat":32.66257,"lon":-117.31068,"county":"FEDERAL WATERS","organization":"SCCWRP","batch_year":"1998"},{"station_id":"2216_B98","station_name":"B98_2216","lat":32.67613,"lon":-117.32215,"county":"FEDERAL WATERS","organization":"CSD","batch_year":"1998"},{"station_id":"2220_B98","station_name":"B98_2220","lat":32.65967,"lon":-117.27998,"county":"SAN DIEGO","organization":"CSD","batch_year":"1998"},{"station_id":"4004_B03","station_name":"B03_4004","lat":32.66321,"lon":-117.34123,"county":"FEDERAL WATERS","organization":"CSD","batch_year":"2003"},{"station_id":"2215_B98","station_name":"B98_2215","lat":32.68131,"lon":-117.31001,"county":"SAN DIEGO","organization":"CSD","batch_year":"1998"}]}},{"type":"Feature","geometry":{"type":"Polygon","coordinates":[[[-117.17731428860283,32.581651200612356],[-117.14542782802303,32.605799182717064],[-117.15375048469436,32.640752709122914],[-117.19397815741004,32.651550628949565],[-117.22586054476307,32.627395099786476],[-117.2175193454896,32.592449202224145],[-117.17731428860283,32.581651200612356]]]},"properties":{"h3_index":"8629a4137ffffff","station_count":13,"program_id":"bight","program":"Southern California Bight","resolution":6,"stations":[{"station_id":"B98_102301","station_name":"102301_B98","lat":32.6227,"lon":-117.15,"county":"SAN DIEGO","organization":"CSD","batch_year":"1998"},{"station_id":"B98_103003","station_name":"103003_B98","lat":32.6208,"lon":-117.219,"county":"SAN DIEGO","organization":"CSD","batch_year":"1998"},{"station_id":"2417_B98","station_name":"B98_2417","lat":32.62495,"lon":-117.21479,"county":"SAN DIEGO","organization":"CSD","batch_year":"1998"},{"station_id":"SCBPP_1867","station_name":"1867_SCBPP","lat":32.647,"lon":-117.18733,"county":"SAN DIEGO","organization":"CSD","batch_year":"1994"},{"station_id":"B98_102302","station_name":"102302_B98","lat":32.6217,"lon":-117.185,"county":"SAN DIEGO","organization":"CSD","batch_year":"1998"},{"station_id":"SCBPP_1937","station_name":"1937_SCBPP","lat":32.595,"lon":-117.20767,"county":"FEDERAL WATERS","organization":"CSD","batch_year":"1994"},{"station_id":"7021_B08","station_name":"B08-7021","lat":32.61335,"lon":-117.1779,"county":"SAN DIEGO","organization":"CSD","batch_year":"2008"},{"station_id":"B18-10238","station_name":"B18-10238","lat":32.63929,"lon":-117.18663,"county":"SAN DIEGO","organization":"SCCWRP","batch_year":"2018"},{"station_id":"B03_B03W172","station_name":"B03W172_B03","lat":32.59513,"lon":-117.20273,"county":"FEDERAL WATERS","organization":"USC","batch_year":"2003"},{"station_id":"B03_B03W023","station_name":"B03W023_B03","lat":32.5955,"lon":-117.17217,"county":"SAN DIEGO","organization":"CSD","batch_year":"2003"},{"station_id":"B98_102402","station_name":"102402_B98","lat":32.6495,"lon":-117.194,"county":"SAN DIEGO","organization":"CSD","batch_year":"1998"},{"station_id":"B03_B03W024","station_name":"B03W024_B03","lat":32.59533,"lon":-117.19717,"county":"FEDERAL WATERS","organization":"CSD","batch_year":"2003"},{"station_id":"B03W170_B03","station_name":"B03_B03W170","lat":32.639,"lon":-117.15348,"county":"SAN DIEGO","organization":"USC","batch_year":"2003"}]}},{"type":"Feature","geometry":{"type":"Polygon","coordinates":[[[-117.39512660020516,32.70531147671746],[-117.36328151138576,32.72949718625678],[-117.37167215650842,32.76439676397337],[-117.41192635451036,32.77510290462118],[-117.44376712322938,32.750909691682004],[-117.4353580270443,32.71601784581417],[-117.39512660020516,32.70531147671746]]]},"properties":{"h3_index":"8629a4147ffffff","station_count":6,"program_id":"bight","program":"Southern California Bight","resolution":6,"stations":[{"station_id":"4810_B03","station_name":"B03_4810","lat":32.75142,"lon":-117.38699,"county":"FEDERAL WATERS","organization":"CSD","batch_year":"2003"},{"station_id":"7069_B08","station_name":"B08-7069","lat":32.71136,"lon":-117.38791,"county":"FEDERAL WATERS","organization":"NOAACOAST","batch_year":"2008"},{"station_id":"7079_B08","station_name":"B08-7079","lat":32.74507,"lon":-117.42713,"county":"FEDERAL WATERS","organization":"CSD","batch_year":"2008"},{"station_id":"7080_B08","station_name":"B08-7080","lat":32.74149,"lon":-117.42695,"county":"FEDERAL WATERS","organization":"CSD","batch_year":"2008"},{"station_id":"4356_B03","station_name":"B03_4356","lat":32.74149,"lon":-117.42695,"county":"FEDERAL WATERS","organization":"CSD","batch_year":"2003"},{"station_id":"7081_B08","station_name":"B08-7081","lat":32.74998,"lon":-117.37212,"county":"FEDERAL WATERS","organization":"CSD","batch_year":"2008"}]}},{"type":"Feature","geometry":{"type":"Polygon","coordinates":[[[-117.32303952301312,32.718768001285085],[-117.29116545114042,32.74293858247399],[-117.29953759708285,32.77784584916949],[-117.33980232704972,32.78857485003909],[-117.37167215650842,32.76439676397337],[-117.36328151138576,32.72949718625678],[-117.32303952301312,32.718768001285085]]]},"properties":{"h3_index":"8629a4157ffffff","station_count":9,"program_id":"bight","program":"Southern California Bight","resolution":6,"stations":[{"station_id":"B98_108004","station_name":"108004_B98","lat":32.7488,"lon":-117.308,"county":"SAN DIEGO","organization":"CSD","batch_year":"1998"},{"station_id":"SCBPP_1797","station_name":"1797_SCBPP","lat":32.75767,"lon":-117.33783,"county":"FEDERAL WATERS","organization":"TEX-AM","batch_year":"1994"},{"station_id":"B03W161_B03","station_name":"B03_B03W161","lat":32.76018,"lon":-117.3058,"county":"SAN DIEGO","organization":"USC","batch_year":"2003"},{"station_id":"SCBPP_1794","station_name":"1794_SCBPP","lat":32.764,"lon":-117.3665,"county":"FEDERAL WATERS","organization":"CSD","batch_year":"1994"},{"station_id":"2410_B98","station_name":"B98_2410","lat":32.77209,"lon":-117.35459,"county":"FEDERAL WATERS","organization":"CSD","batch_year":"1998"},{"station_id":"4164_B03","station_name":"B03_4164","lat":32.72937,"lon":-117.34445,"county":"FEDERAL WATERS","organization":"CSD","batch_year":"2003"},{"station_id":"B03W157_B03","station_name":"B03_B03W157","lat":32.74343,"lon":-117.30307,"county":"SAN DIEGO","organization":"USC","batch_year":"2003"},{"station_id":"2411_B98","station_name":"B98_2411","lat":32.75267,"lon":-117.34298,"county":"FEDERAL WATERS","organization":"CSD","batch_year":"1998"},{"station_id":"B18-10272","station_name":"B18-10272","lat":32.75187,"lon":-117.32275,"county":"OOS","organization":"SCCWRP","batch_year":"2018"}]}},{"type":"Feature","geometry":{"type":"Polygon","coordinates":[[[-117.37167215650842,32.76439676397337],[-117.33980232704972,32.78857485003909],[-117.34819098155477,32.82346656314555],[-117.38846796300145,32.83417248565821],[-117.42033349349056,32.80998690886671],[-117.41192635451036,32.77510290462118],[-117.37167215650842,32.76439676397337]]]},"properties":{"h3_index":"8629a415fffffff","station_count":6,"program_id":"bight","program":"Southern California Bight","resolution":6,"stations":[{"station_id":"4426_B03","station_name":"B03_4426","lat":32.82544,"lon":-117.36599,"county":"FEDERAL WATERS","organization":"CSD","batch_year":"2003"},{"station_id":"5002_B03","station_name":"B03_5002","lat":32.78442,"lon":-117.39021,"county":"FEDERAL WATERS","organization":"CSD","batch_year":"2003"},{"station_id":"SCBPP_1770","station_name":"1770_SCBPP","lat":32.79633,"lon":-117.35967,"county":"FEDERAL WATERS","organization":"CSD","batch_year":"1994"},{"station_id":"SCBPP_1774","station_name":"1774_SCBPP","lat":32.793,"lon":-117.3705,"county":"FEDERAL WATERS","organization":"CSD","batch_year":"1994"},{"station_id":"SCBPP_1767","station_name":"1767_SCBPP","lat":32.805,"lon":-117.34683,"county":"FEDERAL WATERS","organization":"CSD","batch_year":"1994"},{"station_id":"7096_B08","station_name":"B08-7096","lat":32.82587,"lon":-117.38585,"county":"FEDERAL WATERS","organization":"CSD","batch_year":"2008"}]}},{"type":"Feature","geometry":{"type":"Polygon","coordinates":[[[-117.41855435041849,32.646210851201545],[-117.38673397724047,32.67040410414632],[-117.39512660020516,32.70531147671746],[-117.4353580270443,32.71601784581417],[-117.46717405907594,32.691817076743746],[-117.45876301840197,32.656917459007985],[-117.41855435041849,32.646210851201545]]]},"properties":{"h3_index":"8629a4167ffffff","station_count":6,"program_id":"bight","program":"Southern California Bight","resolution":6,"stations":[{"station_id":"5034_B03","station_name":"B03_5034","lat":32.65973,"lon":-117.41446,"county":"FEDERAL WATERS","organization":"CSD","batch_year":"2003"},{"station_id":"7048_B08","station_name":"B08-7048","lat":32.67923,"lon":-117.44339,"county":"FEDERAL WATERS","organization":"CSD","batch_year":"2008"},{"station_id":"7064_B08","station_name":"B08-7064","lat":32.69385,"lon":-117.39582,"county":"FEDERAL WATERS","organization":"CSD","batch_year":"2008"},{"station_id":"4522_B03","station_name":"B03_4522","lat":32.66186,"lon":-117.44736,"county":"FEDERAL WATERS","organization":"CSD","batch_year":"2003"},{"station_id":"B18-10351","station_name":"B18-10351","lat":32.69289,"lon":-117.3949,"county":"OOS","organization":"SCCWRP","batch_year":"2018"},{"station_id":"4132_B03","station_name":"B03_4132","lat":32.69385,"lon":-117.39582,"county":"FEDERAL WATERS","organization":"CSD","batch_year":"2003"}]}},{"type":"Feature","geometry":{"type":"Polygon","coordinates":[[[-117.46717405907594,32.691817076743746],[-117.4353580270443,32.71601784581417],[-117.44376712322938,32.750909691682004],[-117.48401066730969,32.76159299815568],[-117.51582230172565,32.737384727276876],[-117.50739480270013,32.70250065602937],[-117.46717405907594,32.691817076743746]]]},"properties":{"h3_index":"8629a416fffffff","station_count":1,"program_id":"bight","program":"Southern California Bight","resolution":6,"stations":[{"station_id":"7070_B08","station_name":"B08-7070","lat":32.72998,"lon":-117.48206,"county":"FEDERAL WATERS","organization":"CSD","batch_year":"2008"}]}},{"type":"Feature","geometry":{"type":"Polygon","coordinates":[[[-117.34651471828691,32.65967472481181],[-117.31466536584028,32.68385291673965],[-117.32303952301312,32.718768001285085],[-117.36328151138576,32.72949718625678],[-117.39512660020516,32.70531147671746],[-117.38673397724047,32.67040410414632],[-117.34651471828691,32.65967472481181]]]},"properties":{"h3_index":"8629a4177ffffff","station_count":8,"program_id":"bight","program":"Southern California Bight","resolution":6,"stations":[{"station_id":"4184_B03","station_name":"B03_4184","lat":32.68794,"lon":-117.32394,"county":"FEDERAL WATERS","organization":"CSD","batch_year":"2003"},{"station_id":"4376_B03","station_name":"B03_4376","lat":32.68005,"lon":-117.32393,"county":"FEDERAL WATERS","organization":"CSD","batch_year":"2003"},{"station_id":"SCBPP_1833","station_name":"1833_SCBPP","lat":32.69433,"lon":-117.32333,"county":"FEDERAL WATERS","organization":"CSD","batch_year":"1994"},{"station_id":"7045_B08","station_name":"B08-7045","lat":32.67054,"lon":-117.37446,"county":"FEDERAL WATERS","organization":"CSD","batch_year":"2008"},{"station_id":"7056_B08","station_name":"B08-7056","lat":32.68395,"lon":-117.37729,"county":"FEDERAL WATERS","organization":"CSD","batch_year":"2008"},{"station_id":"B18-10350","station_name":"B18-10350","lat":32.70479,"lon":-117.35374,"county":"OOS","organization":"SCCWRP","batch_year":"2018"},{"station_id":"B18-10318","station_name":"B18-10318","lat":32.70575,"lon":-117.34714,"county":"OOS","organization":"SCCWRP","batch_year":"2018"},{"station_id":"4312_B03","station_name":"B03_4312","lat":32.69094,"lon":-117.33595,"county":"FEDERAL WATERS","organization":"CSD","batch_year":"2003"}]}},{"type":"Feature","geometry":{"type":"Polygon","coordinates":[[[-117.08160153872888,32.65407228964334],[-117.04966171987897,32.67819735156004],[-117.05796366726209,32.713150693489254],[-117.09822406993884,32.72397141532507],[-117.13015991513058,32.69983881818071],[-117.12183934414901,32.664893038833064],[-117.08160153872888,32.65407228964334]]]},"properties":{"h3_index":"8629a41a7ffffff","station_count":6,"program_id":"bight","program":"Southern California Bight","resolution":6,"stations":[{"station_id":"BRI-19_B03","station_name":"B03_BRI-19","lat":32.67853,"lon":-117.12438,"county":"SAN DIEGO","organization":"CRGML","batch_year":"2003"},{"station_id":"BRI-20_B03","station_name":"B03_BRI-20","lat":32.67317,"lon":-117.11617,"county":"SAN DIEGO","organization":"CRGML","batch_year":"2003"},{"station_id":"6069_B08","station_name":"B08-6069","lat":32.65658,"lon":-117.08717,"county":"SAN DIEGO","organization":"CRGML","batch_year":"2008"},{"station_id":"B18-10199","station_name":"B18-10199","lat":32.65833,"lon":-117.08308,"county":"SAN DIEGO","organization":"SCCWRP","batch_year":"2018"},{"station_id":"B18-10137","station_name":"B18-10137","lat":32.66776,"lon":-117.12199,"county":"SAN DIEGO","organization":"SCCWRP","batch_year":"2018"},{"station_id":"B13-8065","station_name":"B13-8065 OpenwaterStation","lat":32.67134,"lon":-117.11893,"county":"SAN DIEGO","organization":"SCCWRP","batch_year":"2013"}]}},{"type":"Feature","geometry":{"type":"Polygon","coordinates":[[[-117.56848524120402,33.1099997040314],[-117.53658770648812,33.13419948962844],[-117.54505517984852,33.16899603907882],[-117.58543867758851,33.17958504611082],[-117.61733167105474,33.15537786580048],[-117.608845721241,33.12058907748597],[-117.56848524120402,33.1099997040314]]]},"properties":{"h3_index":"8629a4207ffffff","station_count":1,"program_id":"bight","program":"Southern California Bight","resolution":6,"stations":[{"station_id":"4224_B03","station_name":"B03_4224","lat":33.15081,"lon":-117.58454,"county":"FEDERAL WATERS","organization":"CSD","batch_year":"2003"}]}},{"type":"Feature","geometry":{"type":"Polygon","coordinates":[[[-117.49621628880044,33.12358707740665],[-117.46428936919715,33.14777154096892],[-117.47273831717635,33.18257580911287],[-117.51313272332479,33.19318789933827],[-117.54505517984852,33.16899603907882],[-117.53658770648812,33.13419948962844],[-117.49621628880044,33.12358707740665]]]},"properties":{"h3_index":"8629a4217ffffff","station_count":2,"program_id":"bight","program":"Southern California Bight","resolution":6,"stations":[{"station_id":"B18-10347","station_name":"B18-10347","lat":33.18063,"lon":-117.47828,"county":"OOS","organization":"SCCWRP","batch_year":"2018"},{"station_id":"B13-9122","station_name":"B13-9122 OpenwaterStation","lat":33.1878,"lon":-117.49531,"county":"SAN DIEGO","organization":"SCCWRP","batch_year":"2013"}]}},{"type":"Feature","geometry":{"type":"Polygon","coordinates":[[[-117.59188849390894,33.050987288215204],[-117.56001585553845,33.07519491950361],[-117.56848524120402,33.1099997040314],[-117.608845721241,33.12058907748597],[-117.64071379747915,33.09637403922176],[-117.63222596901217,33.06157703877963],[-117.59188849390894,33.050987288215204]]]},"properties":{"h3_index":"8629a4227ffffff","station_count":3,"program_id":"bight","program":"Southern California Bight","resolution":6,"stations":[{"station_id":"4160_B03","station_name":"B03_4160","lat":33.10199,"lon":-117.63092,"county":"FEDERAL WATERS","organization":"CSD","batch_year":"2003"},{"station_id":"7126_B08","station_name":"B08-7126","lat":33.10199,"lon":-117.63092,"county":"FEDERAL WATERS","organization":"CSD","batch_year":"2008"},{"station_id":"B18-10375","station_name":"B18-10375","lat":33.10182,"lon":-117.63109,"county":"OOS","organization":"SCCWRP","batch_year":"2018"}]}},{"type":"Feature","geometry":{"type":"Polygon","coordinates":[[[-117.51966741367498,33.0645821745984],[-117.4877653948269,33.08877455122805],[-117.49621628880044,33.12358707740665],[-117.53658770648812,33.13419948962844],[-117.56848524120402,33.1099997040314],[-117.56001585553845,33.07519491950361],[-117.51966741367498,33.0645821745984]]]},"properties":{"h3_index":"8629a4237ffffff","station_count":1,"program_id":"bight","program":"Southern California Bight","resolution":6,"stations":[{"station_id":"4368_B03","station_name":"B03_4368","lat":33.12793,"lon":-117.54343,"county":"FEDERAL WATERS","organization":"CSD","batch_year":"2003"}]}},{"type":"Feature","geometry":{"type":"Polygon","coordinates":[[[-117.73844983960275,33.187029211675345],[-117.70659105903933,33.21125902076392],[-117.7151101538137,33.24601562076361],[-117.75550643877372,33.25653457393133],[-117.78736048564016,33.232297401084175],[-117.77882299455133,33.197548643101165],[-117.73844983960275,33.187029211675345]]]},"properties":{"h3_index":"8629a4247ffffff","station_count":1,"program_id":"bight","program":"Southern California Bight","resolution":6,"stations":[{"station_id":"4352_B03","station_name":"B03_4352","lat":33.211,"lon":-117.75559,"county":"FEDERAL WATERS","organization":"CSD","batch_year":"2003"}]}},{"type":"Feature","geometry":{"type":"Polygon","coordinates":[[[-117.78736048564016,33.232297401084175],[-117.75550643877372,33.25653457393133],[-117.76404211421816,33.291274982197564],[-117.80445023045769,33.30177036072133],[-117.83629948628487,33.27752583861125],[-117.82774543025558,33.242793291504384],[-117.78736048564016,33.232297401084175]]]},"properties":{"h3_index":"8629a424fffffff","station_count":1,"program_id":"bight","program":"Southern California Bight","resolution":6,"stations":[{"station_id":"4361_B03","station_name":"B03_4361","lat":33.25417,"lon":-117.79306,"county":"FEDERAL WATERS","organization":"CSD","batch_year":"2003"}]}},{"type":"Feature","geometry":{"type":"Polygon","coordinates":[[[-117.7151101538137,33.24601562076361],[-117.68322641451196,33.27023754755842],[-117.69174365992146,33.30498577491538],[-117.73216308798666,33.315504260673784],[-117.76404211421816,33.291274982197564],[-117.75550643877372,33.25653457393133],[-117.7151101538137,33.24601562076361]]]},"properties":{"h3_index":"8629a425fffffff","station_count":1,"program_id":"bight","program":"Southern California Bight","resolution":6,"stations":[{"station_id":"B18-10372","station_name":"B18-10372","lat":33.30579,"lon":-117.69797,"county":"OOS","organization":"SCCWRP","batch_year":"2018"}]}},{"type":"Feature","geometry":{"type":"Polygon","coordinates":[[[-117.76176275566462,33.128026695877026],[-117.72992890813538,33.15226430772146],[-117.73844983960275,33.187029211675345],[-117.77882299455133,33.197548643101165],[-117.81065208784176,33.17330365536608],[-117.80211279371898,33.13854661635538],[-117.76176275566462,33.128026695877026]]]},"properties":{"h3_index":"8629a4267ffffff","station_count":1,"program_id":"bight","program":"Southern California Bight","resolution":6,"stations":[{"station_id":"B18-10374","station_name":"B18-10374","lat":33.14643,"lon":-117.74287,"county":"OOS","organization":"SCCWRP","batch_year":"2018"}]}},{"type":"Feature","geometry":{"type":"Polygon","coordinates":[[[-117.40038127980691,33.19611707974242],[-117.36840011908404,33.22027809194873],[-117.37682850023802,33.25508168634386],[-117.41725666327581,33.265716619716535],[-117.44923346057318,33.24154822116814],[-117.44078647142767,33.20675227996271],[-117.40038127980691,33.19611707974242]]]},"properties":{"h3_index":"8629a4287ffffff","station_count":40,"program_id":"bight","program":"Southern California Bight","resolution":6,"stations":[{"station_id":"B98_112901","station_name":"112901_B98","lat":33.2177,"lon":-117.419,"county":"SAN DIEGO","organization":"MEC","batch_year":"1998"},{"station_id":"B98_112902","station_name":"112902_B98","lat":33.2124,"lon":-117.428,"county":"SAN DIEGO","organization":"MEC","batch_year":"1998"},{"station_id":"B98_113001","station_name":"113001_B98","lat":33.2253,"lon":-117.426,"county":"SAN DIEGO","organization":"MEC","batch_year":"1998"},{"station_id":"B98_113002","station_name":"113002_B98","lat":33.2199,"lon":-117.435,"county":"SAN DIEGO","organization":"MEC","batch_year":"1998"},{"station_id":"B98_112101","station_name":"112101_B98","lat":33.2037,"lon":-117.409,"county":"SAN DIEGO","organization":"MEC","batch_year":"1998"},{"station_id":"B98_113102","station_name":"113102_B98","lat":33.2274,"lon":-117.441,"county":"SAN DIEGO","organization":"MEC","batch_year":"1998"},{"station_id":"B98_113201","station_name":"113201_B98","lat":33.2406,"lon":-117.438,"county":"SAN DIEGO","organization":"MEC","batch_year":"1998"},{"station_id":"B98_113101","station_name":"113101_B98","lat":33.2328,"lon":-117.432,"county":"SAN DIEGO","organization":"MEC","batch_year":"1998"},{"station_id":"B98_112903","station_name":"112903_B98","lat":33.207,"lon":-117.437,"county":"SAN DIEGO","organization":"MEC","batch_year":"1998"},{"station_id":"4209_B03","station_name":"B03_4209","lat":33.23181,"lon":-117.41337,"county":"SAN DIEGO","organization":"SCCWRP","batch_year":"2003"},{"station_id":"6294_B08","station_name":"B08-6294","lat":33.20764,"lon":-117.39742,"county":"SAN DIEGO","organization":"CRGML","batch_year":"2008"},{"station_id":"6303_B08","station_name":"B08-6303","lat":33.23181,"lon":-117.41337,"county":"SAN DIEGO","organization":"CRGML","batch_year":"2008"},{"station_id":"6308_B08","station_name":"B08-6308","lat":33.23341,"lon":-117.41157,"county":"SAN DIEGO","organization":"NOAACOAST","batch_year":"2008"},{"station_id":"6311_B08","station_name":"B08-6311","lat":33.23441,"lon":-117.40897,"county":"SAN DIEGO","organization":"CRGML","batch_year":"2008"},{"station_id":"6314_B08","station_name":"B08-6314","lat":33.23541,"lon":-117.40748,"county":"SAN DIEGO","organization":"CRGML","batch_year":"2008"},{"station_id":"6317_B08","station_name":"B08-6317","lat":33.23558,"lon":-117.40562,"county":"SAN DIEGO","organization":"CRGML","batch_year":"2008"},{"station_id":"6291_B08","station_name":"B08-6291","lat":33.20693,"lon":-117.39351,"county":"SAN DIEGO","organization":"CRGML","batch_year":"2008"},{"station_id":"6288_B08","station_name":"B08-6288","lat":33.20485,"lon":-117.39075,"county":"SAN DIEGO","organization":"CRGML","batch_year":"2008"},{"station_id":"B98_113202","station_name":"113202_B98","lat":33.2353,"lon":-117.447,"county":"SAN DIEGO","organization":"MEC","batch_year":"1998"},{"station_id":"7159_B08","station_name":"B08-7159","lat":33.22288,"lon":-117.41733,"county":"SAN DIEGO","organization":"CRGML","batch_year":"2008"},{"station_id":"B13-8233","station_name":"B13-8233 OpenwaterStation","lat":33.20485,"lon":-117.39075,"county":"SAN DIEGO","organization":"SCCWRP","batch_year":"2013"},{"station_id":"B13-8236","station_name":"B13-8236 OpenwaterStation","lat":33.20693,"lon":-117.39351,"county":"SAN DIEGO","organization":"SCCWRP","batch_year":"2013"},{"station_id":"B18-10070","station_name":"B18-10070","lat":33.20929,"lon":-117.39532,"county":"SAN DIEGO","organization":"SCCWRP","batch_year":"2018"},{"station_id":"B13-8239","station_name":"B13-8239 OpenwaterStation","lat":33.20764,"lon":-117.39742,"county":"SAN DIEGO","organization":"SCCWRP","batch_year":"2013"},{"station_id":"B13-8253","station_name":"B13-8253 OpenwaterStation","lat":33.23321,"lon":-117.41318,"county":"SAN DIEGO","organization":"SCCWRP","batch_year":"2013"},{"station_id":"B18-10193","station_name":"B18-10193","lat":33.20341,"lon":-117.39078,"county":"SAN DIEGO","organization":"SCCWRP","batch_year":"2018"},{"station_id":"B18-10166","station_name":"B18-10166","lat":33.23306,"lon":-117.41336,"county":"SAN DIEGO","organization":"WestonSolu","batch_year":"2018"},{"station_id":"SCBPP_1634","station_name":"1634_SCBPP","lat":33.21318,"lon":-117.42523,"county":"SAN DIEGO","organization":"OCSD","batch_year":"1994"},{"station_id":"B13-8250","station_name":"B13-8250 OpenwaterStation","lat":33.2321,"lon":-117.41244,"county":"SAN DIEGO","organization":"SCCWRP","batch_year":"2013"},{"station_id":"B18-10069","station_name":"B18-10069","lat":33.21276,"lon":-117.39514,"county":"SAN DIEGO","organization":"SCCWRP","batch_year":"2018"},{"station_id":"B18-10167","station_name":"B18-10167","lat":33.2314,"lon":-117.41233,"county":"SAN DIEGO","organization":"SCCWRP","batch_year":"2018"},{"station_id":"4008_B03","station_name":"B03_4008","lat":33.22882,"lon":-117.41244,"county":"SAN DIEGO","organization":"CRGML","batch_year":"2003"},{"station_id":"B13-8248","station_name":"B13-8248 OpenwaterStation","lat":33.2318,"lon":-117.41337,"county":"SAN DIEGO","organization":"SCCWRP","batch_year":"2013"},{"station_id":"B18-10072","station_name":"B18-10072","lat":33.20428,"lon":-117.39137,"county":"SAN DIEGO","organization":"SCCWRP","batch_year":"2018"},{"station_id":"B18-10071","station_name":"B18-10071","lat":33.20798,"lon":-117.397537,"county":"SAN DIEGO","organization":"SCCWRP","batch_year":"2018"},{"station_id":"SCBPP_1635","station_name":"1635_SCBPP","lat":33.21302,"lon":-117.41882,"county":"SAN DIEGO","organization":"OCSD","batch_year":"1994"},{"station_id":"B23-12368","station_name":"B23-12368_San Luis Rey River Estuary","lat":33.20347,"lon":-117.39084,"county":"SAN DIEGO","organization":"WestonSolu","batch_year":"2023"},{"station_id":"B23-12369","station_name":"B23-12369_Santa Margarita River Estuary","lat":33.23767,"lon":-117.3939,"county":"SAN DIEGO","organization":"WestonSolu","batch_year":"2023"},{"station_id":"B23-12976","station_name":"B23-12976_Santa Margarita River Estuary","lat":33.2353,"lon":-117.40871,"county":"SAN DIEGO","organization":"WestonSolu","batch_year":"2023"},{"station_id":"B23-12165","station_name":"B23-12165_Santa Margarita River Estuary","lat":33.23262,"lon":-117.41289,"county":"SAN DIEGO","organization":"WestonSolu","batch_year":"2023"}]}},{"type":"Feature","geometry":{"type":"Polygon","coordinates":[[[-117.44923346057318,33.24154822116814],[-117.41725666327581,33.265716619716535],[-117.42570168070996,33.300504165189245],[-117.4661421015895,33.311115643696006],[-117.49811447816998,33.28693987282811],[-117.48965086779397,33.25216000013745],[-117.44923346057318,33.24154822116814]]]},"properties":{"h3_index":"8629a428fffffff","station_count":2,"program_id":"bight","program":"Southern California Bight","resolution":6,"stations":[{"station_id":"2406_B98","station_name":"B98_2406","lat":33.28164,"lon":-117.47103,"county":"SAN DIEGO","organization":"CAS","batch_year":"1998"},{"station_id":"SCBPP_1617","station_name":"1617_SCBPP","lat":33.25283,"lon":-117.46823,"county":"SAN DIEGO","organization":"OCSD","batch_year":"1994"}]}},{"type":"Feature","geometry":{"type":"Polygon","coordinates":[[[-117.42390713651551,33.13713606316177],[-117.3919509060328,33.1613051354454],[-117.40038127980691,33.19611707974242],[-117.44078647142767,33.20675227996271],[-117.47273831717635,33.18257580911287],[-117.46428936919715,33.14777154096892],[-117.42390713651551,33.13713606316177]]]},"properties":{"h3_index":"8629a42a7ffffff","station_count":19,"program_id":"bight","program":"Southern California Bight","resolution":6,"stations":[{"station_id":"B98_112002","station_name":"112002_B98","lat":33.1906,"lon":-117.411,"county":"SAN DIEGO","organization":"MEC","batch_year":"1998"},{"station_id":"B98_112004","station_name":"112004_B98","lat":33.1746,"lon":-117.437,"county":"SAN DIEGO","organization":"MEC","batch_year":"1998"},{"station_id":"B98_112003","station_name":"112003_B98","lat":33.1852,"lon":-117.42,"county":"SAN DIEGO","organization":"MEC","batch_year":"1998"},{"station_id":"B98_111103","station_name":"111103_B98","lat":33.1648,"lon":-117.398,"county":"SAN DIEGO","organization":"MEC","batch_year":"1998"},{"station_id":"B98_112103","station_name":"112103_B98","lat":33.1927,"lon":-117.426,"county":"SAN DIEGO","organization":"MEC","batch_year":"1998"},{"station_id":"B98_111902","station_name":"111902_B98","lat":33.1851,"lon":-117.402,"county":"SAN DIEGO","organization":"MEC","batch_year":"1998"},{"station_id":"B98_111903","station_name":"111903_B98","lat":33.1795,"lon":-117.411,"county":"SAN DIEGO","organization":"MEC","batch_year":"1998"},{"station_id":"B18-10875","station_name":"B18-10875","lat":33.17534,"lon":-117.40352,"county":"SAN DIEGO","organization":"SCCWRP","batch_year":"2018"},{"station_id":"4200_B03","station_name":"B03_4200","lat":33.15909,"lon":-117.39761,"county":"SAN DIEGO","organization":"CRGML","batch_year":"2003"},{"station_id":"SCBPP_1650","station_name":"1650_SCBPP","lat":33.18232,"lon":-117.40057,"county":"SAN DIEGO","organization":"PACE","batch_year":"1994"},{"station_id":"SCBPP_1660","station_name":"1660_SCBPP","lat":33.1639,"lon":-117.39302,"county":"SAN DIEGO","organization":"PACE","batch_year":"1994"},{"station_id":"SCBPP_1655","station_name":"1655_SCBPP","lat":33.17712,"lon":-117.46128,"county":"FEDERAL WATERS","organization":"OCSD","batch_year":"1994"},{"station_id":"SCBPP_1662","station_name":"1662_SCBPP","lat":33.15932,"lon":-117.42712,"county":"SAN DIEGO","organization":"OCSD","batch_year":"1994"},{"station_id":"B98_111004","station_name":"111004_B98","lat":33.1506,"lon":-117.411,"county":"SAN DIEGO","organization":"MEC","batch_year":"1998"},{"station_id":"B98_112102","station_name":"112102_B98","lat":33.1983,"lon":-117.418,"county":"SAN DIEGO","organization":"MEC","batch_year":"1998"},{"station_id":"B98_111003","station_name":"111003_B98","lat":33.161,"lon":-117.394,"county":"SAN DIEGO","organization":"MEC","batch_year":"1998"},{"station_id":"SCBPP_1654","station_name":"1654_SCBPP","lat":33.1793,"lon":-117.39853,"county":"SAN DIEGO","organization":"TEX-AM","batch_year":"1994"},{"station_id":"2285_B98","station_name":"B98_2285","lat":33.159,"lon":-117.3982,"county":"SAN DIEGO","organization":"CRGML","batch_year":"1998"},{"station_id":"B98_112001","station_name":"112001_B98","lat":33.1962,"lon":-117.402,"county":"SAN DIEGO","organization":"MEC","batch_year":"1998"}]}},{"type":"Feature","geometry":{"type":"Polygon","coordinates":[[[-117.47273831717635,33.18257580911287],[-117.44078647142767,33.20675227996271],[-117.44923346057318,33.24154822116814],[-117.48965086779397,33.25216000013745],[-117.52159827160143,33.22797614480651],[-117.51313272332479,33.19318789933827],[-117.47273831717635,33.18257580911287]]]},"properties":{"h3_index":"8629a42afffffff","station_count":10,"program_id":"bight","program":"Southern California Bight","resolution":6,"stations":[{"station_id":"B98_113003","station_name":"113003_B98","lat":33.2145,"lon":-117.443,"county":"SAN DIEGO","organization":"MEC","batch_year":"1998"},{"station_id":"B98_113004","station_name":"113004_B98","lat":33.2038,"lon":-117.461,"county":"SAN DIEGO","organization":"MEC","batch_year":"1998"},{"station_id":"B98_113203","station_name":"113203_B98","lat":33.2297,"lon":-117.456,"county":"SAN DIEGO","organization":"MEC","batch_year":"1998"},{"station_id":"7158_B08","station_name":"B08-7158","lat":33.22069,"lon":-117.51202,"county":"FEDERAL WATERS","organization":"CRGML","batch_year":"2008"},{"station_id":"B13-9125","station_name":"B13-9125 OpenwaterStation","lat":33.22069,"lon":-117.51202,"county":"SAN DIEGO","organization":"SCCWRP","batch_year":"2013"},{"station_id":"B98_113103","station_name":"113103_B98","lat":33.2219,"lon":-117.45,"county":"SAN DIEGO","organization":"MEC","batch_year":"1998"},{"station_id":"B18-10317","station_name":"B18-10317","lat":33.22107,"lon":-117.51145,"county":"OOS","organization":"SCCWRP","batch_year":"2018"},{"station_id":"B18-10267","station_name":"B18-10267","lat":33.21753,"lon":-117.48042,"county":"OOS","organization":"SCCWRP","batch_year":"2018"},{"station_id":"4144_B03","station_name":"B03_4144","lat":33.22069,"lon":-117.51202,"county":"FEDERAL WATERS","organization":"CRGML","batch_year":"2003"},{"station_id":"4344_B03","station_name":"B03_4344","lat":33.20515,"lon":-117.45483,"county":"SAN DIEGO","organization":"USC","batch_year":"2003"}]}},{"type":"Feature","geometry":{"type":"Polygon","coordinates":[[[-117.35155798132695,33.15064656545744],[-117.3195725143898,33.17480017734381],[-117.32798426524019,33.209619755155515],[-117.36840011908404,33.22027809194873],[-117.40038127980691,33.19611707974242],[-117.3919509060328,33.1613051354454],[-117.35155798132695,33.15064656545744]]]},"properties":{"h3_index":"8629a42b7ffffff","station_count":11,"program_id":"bight","program":"Southern California Bight","resolution":6,"stations":[{"station_id":"B98_110902","station_name":"110902_B98","lat":33.1632,"lon":-117.381,"county":"SAN DIEGO","organization":"MEC","batch_year":"1998"},{"station_id":"B98_111002","station_name":"111002_B98","lat":33.1665,"lon":-117.385,"county":"SAN DIEGO","organization":"MEC","batch_year":"1998"},{"station_id":"B98_111901","station_name":"111901_B98","lat":33.1903,"lon":-117.393,"county":"SAN DIEGO","organization":"MEC","batch_year":"1998"},{"station_id":"B98_110901","station_name":"110901_B98","lat":33.1685,"lon":-117.373,"county":"SAN DIEGO","organization":"MEC","batch_year":"1998"},{"station_id":"B98_111102","station_name":"111102_B98","lat":33.17,"lon":-117.389,"county":"SAN DIEGO","organization":"MEC","batch_year":"1998"},{"station_id":"B98_111001","station_name":"111001_B98","lat":33.1719,"lon":-117.377,"county":"SAN DIEGO","organization":"MEC","batch_year":"1998"},{"station_id":"B98_111101","station_name":"111101_B98","lat":33.1753,"lon":-117.38,"county":"SAN DIEGO","organization":"MEC","batch_year":"1998"},{"station_id":"2286_B98","station_name":"B98_2286","lat":33.1666,"lon":-117.3886,"county":"SAN DIEGO","organization":"CRGML","batch_year":"1998"},{"station_id":"4328_B03","station_name":"B03_4328","lat":33.16199,"lon":-117.38595,"county":"SAN DIEGO","organization":"CRGML","batch_year":"2003"},{"station_id":"9030","station_name":"Oceanside Pier-9030","lat":33.192833,"lon":-117.383167,"county":"SAN DIEGO","organization":"SCCWRP","batch_year":"2013"},{"station_id":"B23-12979","station_name":"B23-12979_San Luis Rey River Estuary","lat":33.20475,"lon":-117.38651,"county":"SAN DIEGO","organization":"WestonSolu","batch_year":"2023"}]}},{"type":"Feature","geometry":{"type":"Polygon","coordinates":[[[-117.57048695410485,33.273336953609125],[-117.53854404952524,33.29752817929125],[-117.54702428691988,33.33229191822753],[-117.5874659707936,33.34285670115798],[-117.61940431877964,33.31865811929937],[-117.61090555275408,33.283902115019494],[-117.57048695410485,33.273336953609125]]]},"properties":{"h3_index":"8629a42c7ffffff","station_count":7,"program_id":"bight","program":"Southern California Bight","resolution":6,"stations":[{"station_id":"SCBPP_1595","station_name":"1595_SCBPP","lat":33.2856,"lon":-117.56975,"county":"FEDERAL WATERS","organization":"TEX-AM","batch_year":"1994"},{"station_id":"SCBPP_1574","station_name":"1574_SCBPP","lat":33.31797,"lon":-117.61265,"county":"FEDERAL WATERS","organization":"OCSD","batch_year":"1994"},{"station_id":"SCBPP_1585","station_name":"1585_SCBPP","lat":33.29895,"lon":-117.58048,"county":"FEDERAL WATERS","organization":"OCSD","batch_year":"1994"},{"station_id":"SCBPP_1570","station_name":"1570_SCBPP","lat":33.32263,"lon":-117.58872,"county":"FEDERAL WATERS","organization":"OCSD","batch_year":"1994"},{"station_id":"2405_B98","station_name":"B98_2405","lat":33.29445,"lon":-117.55956,"county":"FEDERAL WATERS","organization":"EPARD","batch_year":"1998"},{"station_id":"B18-10316","station_name":"B18-10316","lat":33.30321,"lon":-117.60922,"county":"OOS","organization":"SCCWRP","batch_year":"2018"},{"station_id":"SCBPP_1572","station_name":"1572_SCBPP","lat":33.31867,"lon":-117.55528,"county":"SAN DIEGO","organization":"TEX-AM","batch_year":"1994"}]}},{"type":"Feature","geometry":{"type":"Polygon","coordinates":[[[-117.61940431877964,33.31865811929937],[-117.5874659707936,33.34285670115798],[-117.59596284092387,33.37760424128449],[-117.63641658554964,33.388145449884945],[-117.66835031949766,33.36393952606933],[-117.65983493616295,33.32919973993382],[-117.61940431877964,33.31865811929937]]]},"properties":{"h3_index":"8629a42cfffffff","station_count":4,"program_id":"bight","program":"Southern California Bight","resolution":6,"stations":[{"station_id":"4126_B03","station_name":"B03_4126","lat":33.35464,"lon":-117.61934,"county":"ORANGE","organization":"OCSD","batch_year":"2003"},{"station_id":"4336_B03","station_name":"B03_4336","lat":33.35445,"lon":-117.59883,"county":"SAN DIEGO","organization":"OCSD","batch_year":"2003"},{"station_id":"SCBPP_1551","station_name":"1551_SCBPP","lat":33.35555,"lon":-117.65028,"county":"FEDERAL WATERS","organization":"OCSD","batch_year":"1994"},{"station_id":"SCBPP_1560","station_name":"1560_SCBPP","lat":33.33817,"lon":-117.61928,"county":"FEDERAL WATERS","organization":"OCSD","batch_year":"1994"}]}},{"type":"Feature","geometry":{"type":"Polygon","coordinates":[[[-117.49811447816998,33.28693987282811],[-117.4661421015895,33.311115643696006],[-117.47460376120966,33.34588707492378],[-117.5150563884276,33.356475047347594],[-117.54702428691988,33.33229191822753],[-117.53854404952524,33.29752817929125],[-117.49811447816998,33.28693987282811]]]},"properties":{"h3_index":"8629a42d7ffffff","station_count":2,"program_id":"bight","program":"Southern California Bight","resolution":6,"stations":[{"station_id":"4208_B03","station_name":"B03_4208","lat":33.33932,"lon":-117.52219,"county":"SAN DIEGO","organization":"CRGML","batch_year":"2003"},{"station_id":"B18-10231","station_name":"B18-10231","lat":33.30723,"lon":-117.52338,"county":"SAN DIEGO","organization":"SCCWRP","batch_year":"2018"}]}},{"type":"Feature","geometry":{"type":"Polygon","coordinates":[[[-117.54702428691988,33.33229191822753],[-117.5150563884276,33.356475047347594],[-117.5235346960686,33.391230299191875],[-117.5639994779706,33.401794714544664],[-117.59596284092387,33.37760424128449],[-117.5874659707936,33.34285670115798],[-117.54702428691988,33.33229191822753]]]},"properties":{"h3_index":"8629a42dfffffff","station_count":3,"program_id":"bight","program":"Southern California Bight","resolution":6,"stations":[{"station_id":"SCBPP_1550","station_name":"1550_SCBPP","lat":33.3572,"lon":-117.58207,"county":"SAN DIEGO","organization":"OCSD","batch_year":"1994"},{"station_id":"B13-9135","station_name":"B13-9135 OpenwaterStation","lat":33.35272,"lon":-117.56349,"county":"SAN DIEGO","organization":"SCCWRP","batch_year":"2013"},{"station_id":"B03_B_TM","station_name":"B_TM_B03","lat":33.37966,"lon":-117.57637,"county":"SAN DIEGO","organization":"OCSD","batch_year":"2003"}]}},{"type":"Feature","geometry":{"type":"Polygon","coordinates":[[[-117.64281891143393,33.25969550398712],[-117.61090555275408,33.283902115019494],[-117.61940431877964,33.31865811929937],[-117.65983493616295,33.32919973993382],[-117.69174365992146,33.30498577491538],[-117.68322641451196,33.27023754755842],[-117.64281891143393,33.25969550398712]]]},"properties":{"h3_index":"8629a42efffffff","station_count":2,"program_id":"bight","program":"Southern California Bight","resolution":6,"stations":[{"station_id":"SCBPP_1571","station_name":"1571_SCBPP","lat":33.3206,"lon":-117.62688,"county":"FEDERAL WATERS","organization":"OCSD","batch_year":"1994"},{"station_id":"7174_B08","station_name":"B08-7174","lat":33.31582,"lon":-117.63862,"county":"FEDERAL WATERS","organization":"OCSD","batch_year":"2008"}]}},{"type":"Feature","geometry":{"type":"Polygon","coordinates":[[[-117.52159827160143,33.22797614480651],[-117.48965086779397,33.25216000013745],[-117.49811447816998,33.28693987282811],[-117.53854404952524,33.29752817929125],[-117.57048695410485,33.273336953609125],[-117.56200479978908,33.238564796156844],[-117.52159827160143,33.22797614480651]]]},"properties":{"h3_index":"8629a42f7ffffff","station_count":11,"program_id":"bight","program":"Southern California Bight","resolution":6,"stations":[{"station_id":"2407_B98","station_name":"B98_2407","lat":33.2602,"lon":-117.52352,"county":"FEDERAL WATERS","organization":"CRGML","batch_year":"1998"},{"station_id":"4080_B03","station_name":"B03_4080","lat":33.26553,"lon":-117.53393,"county":"FEDERAL WATERS","organization":"CRGML","batch_year":"2003"},{"station_id":"4096_B03","station_name":"B03_4096","lat":33.26991,"lon":-117.56485,"county":"FEDERAL WATERS","organization":"CRGML","batch_year":"2003"},{"station_id":"7165_B08","station_name":"B08-7165","lat":33.26247,"lon":-117.56476,"county":"FEDERAL WATERS","organization":"OCSD","batch_year":"2008"},{"station_id":"7166_B08","station_name":"B08-7166","lat":33.26553,"lon":-117.53393,"county":"FEDERAL WATERS","organization":"OCSD","batch_year":"2008"},{"station_id":"7167_B08","station_name":"B08-7167","lat":33.26991,"lon":-117.56485,"county":"FEDERAL WATERS","organization":"OCSD","batch_year":"2008"},{"station_id":"B13-9130","station_name":"B13-9130 OpenwaterStation","lat":33.26882,"lon":-117.53942,"county":"SAN DIEGO","organization":"SCCWRP","batch_year":"2013"},{"station_id":"B18-10265","station_name":"B18-10265","lat":33.26985,"lon":-117.56491,"county":"OOS","organization":"SCCWRP","batch_year":"2018"},{"station_id":"B13-9129","station_name":"B13-9129 OpenwaterStation","lat":33.26553,"lon":-117.53393,"county":"SAN DIEGO","organization":"SCCWRP","batch_year":"2013"},{"station_id":"B18-10266","station_name":"B18-10266","lat":33.26554,"lon":-117.53338,"county":"OOS","organization":"SCCWRP","batch_year":"2018"},{"station_id":"B13-9131","station_name":"B13-9131 OpenwaterStation","lat":33.26991,"lon":-117.56485,"county":"SAN DIEGO","organization":"SCCWRP","batch_year":"2013"}]}},{"type":"Feature","geometry":{"type":"Polygon","coordinates":[[[-117.6386147260732,32.932914809292136],[-117.60679180406028,32.95713789280818],[-117.61526497615277,32.991958940343906],[-117.65557945911574,33.002549078651754],[-117.68739777748605,32.97831856347342],[-117.67890622971363,32.94350534592309],[-117.6386147260732,32.932914809292136]]]},"properties":{"h3_index":"8629a432fffffff","station_count":1,"program_id":"bight","program":"Southern California Bight","resolution":6,"stations":[{"station_id":"7109_B08","station_name":"B08-7109","lat":32.99147,"lon":-117.63497,"county":"FEDERAL WATERS","organization":"CSD","batch_year":"2008"}]}},{"type":"Feature","geometry":{"type":"Polygon","coordinates":[[[-117.68739777748605,32.97831856347342],[-117.65557945911574,33.002549078651754],[-117.66406915355631,33.037354222208194],[-117.70439553983614,33.0479210054868],[-117.73620919762263,33.02368307312935],[-117.72770114292662,32.988885778936734],[-117.68739777748605,32.97831856347342]]]},"properties":{"h3_index":"8629a4377ffffff","station_count":3,"program_id":"bight","program":"Southern California Bight","resolution":6,"stations":[{"station_id":"4060_B03","station_name":"B03_4060","lat":33.03242,"lon":-117.66924,"county":"FEDERAL WATERS","organization":"CSD","batch_year":"2003"},{"station_id":"7121_B08","station_name":"B08-7121","lat":33.03242,"lon":-117.66924,"county":"FEDERAL WATERS","organization":"NOAACOAST","batch_year":"2008"},{"station_id":"B18-10377","station_name":"B18-10377","lat":33.03235,"lon":-117.66876,"county":"OOS","organization":"SCCWRP","batch_year":"2018"}]}},{"type":"Feature","geometry":{"type":"Polygon","coordinates":[[[-117.3986246846642,33.03265127948475],[-117.36668901019132,33.05682090725577],[-117.37510477508383,33.09165702399789],[-117.41547478302122,33.10231583786564],[-117.44740610858108,33.078138785147814],[-117.43897178822827,33.04331034786449],[-117.3986246846642,33.03265127948475]]]},"properties":{"h3_index":"8629a4387ffffff","station_count":4,"program_id":"bight","program":"Southern California Bight","resolution":6,"stations":[{"station_id":"7123_B08","station_name":"B08-7123","lat":33.09375,"lon":-117.41715,"county":"FEDERAL WATERS","organization":"CRGML","batch_year":"2008"},{"station_id":"B18-10349","station_name":"B18-10349","lat":33.05041,"lon":-117.38961,"county":"OOS","organization":"SCCWRP","batch_year":"2018"},{"station_id":"4088_B03","station_name":"B03_4088","lat":33.09375,"lon":-117.41715,"county":"FEDERAL WATERS","organization":"CRGML","batch_year":"2003"},{"station_id":"B18-10348","station_name":"B18-10348","lat":33.09388,"lon":-117.4173,"county":"OOS","organization":"SCCWRP","batch_year":"2018"}]}},{"type":"Feature","geometry":{"type":"Polygon","coordinates":[[[-117.32633127812534,33.046138809075806],[-117.29436644947644,33.070293042151135],[-117.30276361036755,33.10513679563026],[-117.34314421699443,33.115818683675066],[-117.37510477508383,33.09165702399789],[-117.36668901019132,33.05682090725577],[-117.32633127812534,33.046138809075806]]]},"properties":{"h3_index":"8629a4397ffffff","station_count":20,"program_id":"bight","program":"Southern California Bight","resolution":6,"stations":[{"station_id":"2455_B98","station_name":"B98_2455","lat":33.11006,"lon":-117.34678,"county":"SAN DIEGO","organization":"CRGML","batch_year":"1998"},{"station_id":"4145_B03","station_name":"B03_4145","lat":33.08758,"lon":-117.31049,"county":"SAN DIEGO","organization":"CRGML","batch_year":"2003"},{"station_id":"2291_B98","station_name":"B98_2291","lat":33.1,"lon":-117.3529,"county":"SAN DIEGO","organization":"SCCWRP","batch_year":"1998"},{"station_id":"B98_109301","station_name":"109301_B98","lat":33.0854,"lon":-117.321,"county":"SAN DIEGO","organization":"MEC","batch_year":"1998"},{"station_id":"B98_109302","station_name":"109302_B98","lat":33.0839,"lon":-117.331,"county":"SAN DIEGO","organization":"MEC","batch_year":"1998"},{"station_id":"B98_109303","station_name":"109303_B98","lat":33.0819,"lon":-117.342,"county":"SAN DIEGO","organization":"MEC","batch_year":"1998"},{"station_id":"B98_109901","station_name":"109901_B98","lat":33.1097,"lon":-117.331,"county":"SAN DIEGO","organization":"MEC","batch_year":"1998"},{"station_id":"B98_109902","station_name":"109902_B98","lat":33.108,"lon":-117.342,"county":"SAN DIEGO","organization":"MEC","batch_year":"1998"},{"station_id":"B98_109903","station_name":"109903_B98","lat":33.1062,"lon":-117.352,"county":"SAN DIEGO","organization":"MEC","batch_year":"1998"},{"station_id":"B98_110002","station_name":"110002_B98","lat":33.1123,"lon":-117.343,"county":"SAN DIEGO","organization":"MEC","batch_year":"1998"},{"station_id":"6251_B08","station_name":"B08-6251","lat":33.08812,"lon":-117.31052,"county":"SAN DIEGO","organization":"CRGML","batch_year":"2008"},{"station_id":"6253_B08","station_name":"B08-6253","lat":33.08855,"lon":-117.305,"county":"SAN DIEGO","organization":"CRGML","batch_year":"2008"},{"station_id":"SCBPP_1684","station_name":"1684_SCBPP","lat":33.07098,"lon":-117.31602,"county":"SAN DIEGO","organization":"OCSD","batch_year":"1994"},{"station_id":"2289_B98","station_name":"B98_2289","lat":33.1032,"lon":-117.3581,"county":"SAN DIEGO","organization":"EPARD","batch_year":"1998"},{"station_id":"7122_B08","station_name":"B08-7122","lat":33.08807,"lon":-117.35098,"county":"SAN DIEGO","organization":"NOAACOAST","batch_year":"2008"},{"station_id":"B13-8200","station_name":"B13-8200 OpenwaterStation","lat":33.08508,"lon":-117.30971,"county":"SAN DIEGO","organization":"SCCWRP","batch_year":"2013"},{"station_id":"B18-10269","station_name":"B18-10269","lat":33.08759,"lon":-117.35117,"county":"SAN DIEGO","organization":"SCCWRP","batch_year":"2018"},{"station_id":"4048_B03","station_name":"B03_4048","lat":33.08807,"lon":-117.35098,"county":"SAN DIEGO","organization":"CRGML","batch_year":"2003"},{"station_id":"B18-10232","station_name":"B18-10232","lat":33.09989,"lon":-117.32652,"county":"SAN DIEGO","organization":"SCCWRP","batch_year":"2018"},{"station_id":"4360_B03","station_name":"B03_4360","lat":33.09137,"lon":-117.29967,"county":"SAN DIEGO","organization":"CRGML","batch_year":"2003"}]}},{"type":"Feature","geometry":{"type":"Polygon","coordinates":[[[-117.37510477508383,33.09165702399789],[-117.34314421699443,33.115818683675066],[-117.35155798132695,33.15064656545744],[-117.3919509060328,33.1613051354454],[-117.42390713651551,33.13713606316177],[-117.41547478302122,33.10231583786564],[-117.37510477508383,33.09165702399789]]]},"properties":{"h3_index":"8629a439fffffff","station_count":24,"program_id":"bight","program":"Southern California Bight","resolution":6,"stations":[{"station_id":"4232_B03","station_name":"B03_4232","lat":33.10725,"lon":-117.35739,"county":"SAN DIEGO","organization":"CRGML","batch_year":"2003"},{"station_id":"4296_B03","station_name":"B03_4296","lat":33.15194,"lon":-117.38332,"county":"SAN DIEGO","organization":"CRGML","batch_year":"2003"},{"station_id":"4152_B03","station_name":"B03_4152","lat":33.11466,"lon":-117.35762,"county":"SAN DIEGO","organization":"CRGML","batch_year":"2003"},{"station_id":"2408_B98","station_name":"B98_2408","lat":33.10513,"lon":-117.36191,"county":"SAN DIEGO","organization":"EPARD","batch_year":"1998"},{"station_id":"SCBPP_1667","station_name":"1667_SCBPP","lat":33.14398,"lon":-117.37797,"county":"SAN DIEGO","organization":"OCSD","batch_year":"1994"},{"station_id":"B98_110003","station_name":"110003_B98","lat":33.1106,"lon":-117.354,"county":"SAN DIEGO","organization":"MEC","batch_year":"1998"},{"station_id":"B98_110004","station_name":"110004_B98","lat":33.1069,"lon":-117.376,"county":"SAN DIEGO","organization":"MEC","batch_year":"1998"},{"station_id":"B98_110102","station_name":"110102_B98","lat":33.1169,"lon":-117.345,"county":"SAN DIEGO","organization":"MEC","batch_year":"1998"},{"station_id":"B98_110103","station_name":"110103_B98","lat":33.1149,"lon":-117.356,"county":"SAN DIEGO","organization":"MEC","batch_year":"1998"},{"station_id":"B98_110201","station_name":"110201_B98","lat":33.1425,"lon":-117.351,"county":"SAN DIEGO","organization":"MEC","batch_year":"1998"},{"station_id":"B98_110202","station_name":"110202_B98","lat":33.1381,"lon":-117.36,"county":"SAN DIEGO","organization":"MEC","batch_year":"1998"},{"station_id":"B98_110203","station_name":"110203_B98","lat":33.1336,"lon":-117.37,"county":"SAN DIEGO","organization":"MEC","batch_year":"1998"},{"station_id":"B98_110903","station_name":"110903_B98","lat":33.1578,"lon":-117.39,"county":"SAN DIEGO","organization":"MEC","batch_year":"1998"},{"station_id":"4040_B03","station_name":"B03_4040","lat":33.15278,"lon":-117.38742,"county":"SAN DIEGO","organization":"CRGML","batch_year":"2003"},{"station_id":"4240_B03","station_name":"B03_4240","lat":33.12841,"lon":-117.41203,"county":"FEDERAL WATERS","organization":"CRGML","batch_year":"2003"},{"station_id":"7128_B08","station_name":"B08-7128","lat":33.10513,"lon":-117.36191,"county":"SAN DIEGO","organization":"CRGML","batch_year":"2008"},{"station_id":"7145_B08","station_name":"B08-7145","lat":33.15223,"lon":-117.38101,"county":"SAN DIEGO","organization":"CRGML","batch_year":"2008"},{"station_id":"4024_B03","station_name":"B03_4024","lat":33.11935,"lon":-117.36062,"county":"SAN DIEGO","organization":"CRGML","batch_year":"2003"},{"station_id":"B18-10268","station_name":"B18-10268","lat":33.10525,"lon":-117.36218,"county":"SAN DIEGO","organization":"SCCWRP","batch_year":"2018"},{"station_id":"2288_B98","station_name":"B98_2288","lat":33.1586,"lon":-117.3846,"county":"SAN DIEGO","organization":"CAS","batch_year":"1998"},{"station_id":"2290_B98","station_name":"B98_2290","lat":33.116,"lon":-117.3587,"county":"SAN DIEGO","organization":"CRGML","batch_year":"1998"},{"station_id":"2287_B98","station_name":"B98_2287","lat":33.1593,"lon":-117.3892,"county":"SAN DIEGO","organization":"CRGML","batch_year":"1998"},{"station_id":"4280_B03","station_name":"B03_4280","lat":33.11481,"lon":-117.3481,"county":"SAN DIEGO","organization":"CRGML","batch_year":"2003"},{"station_id":"2292_B98","station_name":"B98_2292","lat":33.1191,"lon":-117.3564,"county":"SAN DIEGO","organization":"SCCWRP","batch_year":"1998"}]}},{"type":"Feature","geometry":{"type":"Polygon","coordinates":[[[-117.42211774817048,32.97362948079005],[-117.39020693209547,32.997806996902476],[-117.3986246846642,33.03265127948475],[-117.43897178822827,33.04331034786449],[-117.47087823416972,33.0191253944114],[-117.4624419597819,32.984288814261085],[-117.42211774817048,32.97362948079005]]]},"properties":{"h3_index":"8629a43a7ffffff","station_count":1,"program_id":"bight","program":"Southern California Bight","resolution":6,"stations":[{"station_id":"4398_B03","station_name":"B03_4398","lat":32.99928,"lon":-117.42155,"county":"FEDERAL WATERS","organization":"CRGML","batch_year":"2003"}]}},{"type":"Feature","geometry":{"type":"Polygon","coordinates":[[[-117.47087823416972,33.0191253944114],[-117.43897178822827,33.04331034786449],[-117.44740610858108,33.078138785147814],[-117.4877653948269,33.08877455122805],[-117.51966741367498,33.0645821745984],[-117.51121458650826,33.02976145939783],[-117.47087823416972,33.0191253944114]]]},"properties":{"h3_index":"8629a43afffffff","station_count":1,"program_id":"bight","program":"Southern California Bight","resolution":6,"stations":[{"station_id":"B18-10376","station_name":"B18-10376","lat":33.05216,"lon":-117.45417,"county":"OOS","organization":"SCCWRP","batch_year":"2018"}]}},{"type":"Feature","geometry":{"type":"Polygon","coordinates":[[[-117.3498720623032,32.98712467800913],[-117.3179320958811,33.01128686677593],[-117.32633127812534,33.046138809075806],[-117.36668901019132,33.05682090725577],[-117.3986246846642,33.03265127948475],[-117.39020693209547,32.997806996902476],[-117.3498720623032,32.98712467800913]]]},"properties":{"h3_index":"8629a43b7ffffff","station_count":1,"program_id":"bight","program":"Southern California Bight","resolution":6,"stations":[{"station_id":"B98_109203","station_name":"109203_B98","lat":33.0454,"lon":-117.328,"county":"SAN DIEGO","organization":"MEC","batch_year":"1998"}]}},{"type":"Feature","geometry":{"type":"Polygon","coordinates":[[[-117.25399821194159,33.05958788798719],[-117.22200430388665,33.08372665747937],[-117.23038281234173,33.11857800487616],[-117.27077389434669,33.12928299326364],[-117.30276361036755,33.10513679563026],[-117.29436644947644,33.070293042151135],[-117.25399821194159,33.05958788798719]]]},"properties":{"h3_index":"8629a4767ffffff","station_count":10,"program_id":"bight","program":"Southern California Bight","resolution":6,"stations":[{"station_id":"6250_B08","station_name":"B08-6250","lat":33.08775,"lon":-117.29287,"county":"SAN DIEGO","organization":"CRGML","batch_year":"2008"},{"station_id":"6252_B08","station_name":"B08-6252","lat":33.08852,"lon":-117.27261,"county":"SAN DIEGO","organization":"CRGML","batch_year":"2008"},{"station_id":"6264_B08","station_name":"B08-6264","lat":33.09067,"lon":-117.28723,"county":"SAN DIEGO","organization":"CRGML","batch_year":"2008"},{"station_id":"B13-8205","station_name":"B13-8205 OpenwaterStation","lat":33.08886,"lon":-117.29564,"county":"SAN DIEGO","organization":"SCCWRP","batch_year":"2013"},{"station_id":"B18-10171","station_name":"B18-10171","lat":33.08992,"lon":-117.27848,"county":"SAN DIEGO","organization":"SCCWRP","batch_year":"2018"},{"station_id":"B13-8202","station_name":"B13-8202 OpenwaterStation","lat":33.08822,"lon":-117.29156,"county":"SAN DIEGO","organization":"SCCWRP","batch_year":"2013"},{"station_id":"B18-10172","station_name":"B18-10172","lat":33.0896,"lon":-117.29459,"county":"SAN DIEGO","organization":"SCCWRP","batch_year":"2018"},{"station_id":"B18-10173","station_name":"B18-10173","lat":33.08952,"lon":-117.28498,"county":"SAN DIEGO","organization":"SCCWRP","batch_year":"2018"},{"station_id":"B23-12160","station_name":"B23-12160_Batiquitos Lagoon","lat":33.09033,"lon":-117.28693,"county":"SAN DIEGO","organization":"WestonSolu","batch_year":"2023"},{"station_id":"B23-12161","station_name":"B23-12161_Batiquitos Lagoon","lat":33.09052,"lon":-117.2786,"county":"SAN DIEGO","organization":"WestonSolu","batch_year":"2023"}]}},{"type":"Feature","geometry":{"type":"Polygon","coordinates":[[[-117.30276361036755,33.10513679563026],[-117.27077389434669,33.12928299326364],[-117.27916902094067,33.164118488803275],[-117.3195725143898,33.17480017734381],[-117.35155798132695,33.15064656545744],[-117.34314421699443,33.115818683675066],[-117.30276361036755,33.10513679563026]]]},"properties":{"h3_index":"8629a476fffffff","station_count":20,"program_id":"bight","program":"Southern California Bight","resolution":6,"stations":[{"station_id":"4304_B03","station_name":"B03_4304","lat":33.14016,"lon":-117.32504,"county":"SAN DIEGO","organization":"CRGML","batch_year":"2003"},{"station_id":"4272_B03","station_name":"B03_4272","lat":33.14495,"lon":-117.333,"county":"SAN DIEGO","organization":"CRGML","batch_year":"2003"},{"station_id":"6269_B08","station_name":"B08-6269","lat":33.13922,"lon":-117.33776,"county":"SAN DIEGO","organization":"CRGML","batch_year":"2008"},{"station_id":"6270_B08","station_name":"B08-6270","lat":33.13944,"lon":-117.31866,"county":"SAN DIEGO","organization":"CRGML","batch_year":"2008"},{"station_id":"6271_B08","station_name":"B08-6271","lat":33.14016,"lon":-117.32504,"county":"SAN DIEGO","organization":"CRGML","batch_year":"2008"},{"station_id":"6280_B08","station_name":"B08-6280","lat":33.14458,"lon":-117.32815,"county":"SAN DIEGO","organization":"CRGML","batch_year":"2008"},{"station_id":"6282_B08","station_name":"B08-6282","lat":33.14507,"lon":-117.3356,"county":"SAN DIEGO","organization":"CRGML","batch_year":"2008"},{"station_id":"B98_110001","station_name":"110001_B98","lat":33.1141,"lon":-117.333,"county":"SAN DIEGO","organization":"MEC","batch_year":"1998"},{"station_id":"B98_110101","station_name":"110101_B98","lat":33.1186,"lon":-117.335,"county":"SAN DIEGO","organization":"MEC","batch_year":"1998"},{"station_id":"B13-8219","station_name":"B13-8219 OpenwaterStation","lat":33.13944,"lon":-117.31866,"county":"SAN DIEGO","organization":"SCCWRP","batch_year":"2013"},{"station_id":"B13-8218","station_name":"B13-8218 OpenwaterStation","lat":33.13922,"lon":-117.33775,"county":"SAN DIEGO","organization":"SCCWRP","batch_year":"2013"},{"station_id":"B18-10169","station_name":"B18-10169","lat":33.13982,"lon":-117.31879,"county":"SAN DIEGO","organization":"SCCWRP","batch_year":"2018"},{"station_id":"B18-10168","station_name":"B18-10168","lat":33.14021,"lon":-117.32424,"county":"SAN DIEGO","organization":"SCCWRP","batch_year":"2018"},{"station_id":"4087_B03","station_name":"B03_4087","lat":33.13944,"lon":-117.31866,"county":"SAN DIEGO","organization":"CRGML","batch_year":"2003"},{"station_id":"B13-8222","station_name":"B13-8222 OpenwaterStation","lat":33.14016,"lon":-117.32504,"county":"SAN DIEGO","organization":"SCCWRP","batch_year":"2013"},{"station_id":"4049_B03","station_name":"B03_4049","lat":33.13922,"lon":-117.33776,"county":"SAN DIEGO","organization":"CRGML","batch_year":"2003"},{"station_id":"B18-10170","station_name":"B18-10170","lat":33.13903,"lon":-117.33747,"county":"SAN DIEGO","organization":"SCCWRP","batch_year":"2018"},{"station_id":"B23-12163","station_name":"B23-12163_Agua Hedionda Lagoon","lat":33.13948,"lon":-117.31869,"county":"SAN DIEGO","organization":"WestonSolu","batch_year":"2023"},{"station_id":"B23-12164","station_name":"B23-12164_Agua Hedionda Lagoon","lat":33.14009,"lon":-117.32445,"county":"SAN DIEGO","organization":"WestonSolu","batch_year":"2023"},{"station_id":"B23-12545","station_name":"B23-12545_Agua Hedionda Lagoon","lat":33.14236,"lon":-117.32822,"county":"SAN DIEGO","organization":"WestonSolu","batch_year":"2023"}]}},{"type":"Feature","geometry":{"type":"Polygon","coordinates":[[[-117.27286687592661,32.509161917320746],[-117.24103381733833,32.53333253643923],[-117.24937705608863,32.56828608797272],[-117.28957182793094,32.57906132973153],[-117.32140071430823,32.55488315180818],[-117.31303901393308,32.51993729526394],[-117.27286687592661,32.509161917320746]]]},"properties":{"h3_index":"8629a488fffffff","station_count":4,"program_id":"bight","program":"Southern California Bight","resolution":6,"stations":[{"station_id":"B98_102006","station_name":"102006_B98","lat":32.5574,"lon":-117.255,"county":"FEDERAL WATERS","organization":"CSD","batch_year":"1998"},{"station_id":"B03W013_B03","station_name":"B03_B03W013","lat":32.557,"lon":-117.257,"county":"FEDERAL WATERS","organization":"USC","batch_year":"2003"},{"station_id":"2353_B98","station_name":"B98_2353","lat":32.552,"lon":-117.26367,"county":"FEDERAL WATERS","organization":"SCCWRP","batch_year":"1998"},{"station_id":"4324_B03","station_name":"B03_4324","lat":32.56644,"lon":-117.25758,"county":"FEDERAL WATERS","organization":"USC","batch_year":"2003"}]}},{"type":"Feature","geometry":{"type":"Polygon","coordinates":[[[-117.1523544910992,32.476744740765746],[-117.12048864728446,32.50089272103883],[-117.12879691311863,32.53586916291313],[-117.16898955914088,32.546689997217435],[-117.20085136442474,32.52253444294017],[-117.19252457503352,32.487565632727346],[-117.1523544910992,32.476744740765746]]]},"properties":{"h3_index":"8629a4897ffffff","station_count":5,"program_id":"bight","program":"Southern California Bight","resolution":6,"stations":[{"station_id":"B98_101003","station_name":"101003_B98","lat":32.5393,"lon":-117.154,"county":"SAN DIEGO","organization":"CSD","batch_year":"1998"},{"station_id":"B18-10240","station_name":"B18-10240","lat":32.53442,"lon":-117.16923,"county":"SAN DIEGO","organization":"SCCWRP","batch_year":"2018"},{"station_id":"B03_B03W014","station_name":"B03W014_B03","lat":32.53617,"lon":-117.16117,"county":"SAN DIEGO","organization":"USC","batch_year":"2003"},{"station_id":"B98_101004","station_name":"101004_B98","lat":32.54,"lon":-117.174,"county":"SAN DIEGO","organization":"CSD","batch_year":"1998"},{"station_id":"7000_B08","station_name":"B08-7000","lat":32.53745,"lon":-117.14172,"county":"SAN DIEGO","organization":"CSD","batch_year":"2008"}]}},{"type":"Feature","geometry":{"type":"Polygon","coordinates":[[[-117.20085136442474,32.52253444294017],[-117.16898955914088,32.546689997217435],[-117.17731428860283,32.581651200612356],[-117.2175193454896,32.592449202224145],[-117.24937705608863,32.56828608797272],[-117.24103381733833,32.53333253643923],[-117.20085136442474,32.52253444294017]]]},"properties":{"h3_index":"8629a489fffffff","station_count":13,"program_id":"bight","program":"Southern California Bight","resolution":6,"stations":[{"station_id":"B98_101006","station_name":"101006_B98","lat":32.5397,"lon":-117.239,"county":"FEDERAL WATERS","organization":"CSD","batch_year":"1998"},{"station_id":"B98_102004","station_name":"102004_B98","lat":32.5574,"lon":-117.191,"county":"SAN DIEGO","organization":"CSD","batch_year":"1998"},{"station_id":"B98_102005","station_name":"102005_B98","lat":32.5574,"lon":-117.211,"county":"FEDERAL WATERS","organization":"CSD","batch_year":"1998"},{"station_id":"B98_102103","station_name":"102103_B98","lat":32.5658,"lon":-117.175,"county":"SAN DIEGO","organization":"CSD","batch_year":"1998"},{"station_id":"4000_B03","station_name":"B03_4000","lat":32.55081,"lon":-117.19931,"county":"FEDERAL WATERS","organization":"CSD","batch_year":"2003"},{"station_id":"SCBPP_2011","station_name":"2011_SCBPP","lat":32.54267,"lon":-117.19267,"county":"FEDERAL WATERS","organization":"CSD","batch_year":"1994"},{"station_id":"B98_101005","station_name":"101005_B98","lat":32.5405,"lon":-117.195,"county":"FEDERAL WATERS","organization":"CSD","batch_year":"1998"},{"station_id":"SCBPP_2001","station_name":"2001_SCBPP","lat":32.5455,"lon":-117.2325,"county":"FEDERAL WATERS","organization":"CSD","batch_year":"1994"},{"station_id":"2352_B98","station_name":"B98_2352","lat":32.54203,"lon":-117.19023,"county":"FEDERAL WATERS","organization":"CSD","batch_year":"1998"},{"station_id":"7002_B08","station_name":"B08-7002","lat":32.55081,"lon":-117.19931,"county":"FEDERAL WATERS","organization":"NOAACOAST","batch_year":"2008"},{"station_id":"B18-10278","station_name":"B18-10278","lat":32.55155,"lon":-117.19943,"county":"OOS","organization":"SCCWRP","batch_year":"2018"},{"station_id":"B03_B03W021","station_name":"B03W021_B03","lat":32.57417,"lon":-117.19083,"county":"SAN DIEGO","organization":"USC","batch_year":"2003"},{"station_id":"B03_B03W019","station_name":"B03W019_B03","lat":32.55333,"lon":-117.18467,"county":"SAN DIEGO","organization":"USC","batch_year":"2003"}]}},{"type":"Feature","geometry":{"type":"Polygon","coordinates":[[[-117.44195544487175,32.587095037402385],[-117.41015976234964,32.61129575363463],[-117.41855435041849,32.646210851201545],[-117.45876301840197,32.656917459007985],[-117.4905543388163,32.632709213872886],[-117.48214136633169,32.59780189412637],[-117.44195544487175,32.587095037402385]]]},"properties":{"h3_index":"8629a48cfffffff","station_count":4,"program_id":"bight","program":"Southern California Bight","resolution":6,"stations":[{"station_id":"SCBPP_1874","station_name":"1874_SCBPP","lat":32.64,"lon":-117.43017,"county":"FEDERAL WATERS","organization":"CSD","batch_year":"1994"},{"station_id":"SCBPP_1905","station_name":"1905_SCBPP","lat":32.61867,"lon":-117.42233,"county":"FEDERAL WATERS","organization":"CSD","batch_year":"1994"},{"station_id":"7029_B08","station_name":"B08-7029","lat":32.63637,"lon":-117.41743,"county":"FEDERAL WATERS","organization":"CSD","batch_year":"2008"},{"station_id":"7022_B08","station_name":"B08-7022","lat":32.62145,"lon":-117.4582,"county":"FEDERAL WATERS","organization":"CSD","batch_year":"2008"}]}},{"type":"Feature","geometry":{"type":"Polygon","coordinates":[[[-117.32140071430823,32.55488315180818],[-117.28957182793094,32.57906132973153],[-117.29793152210911,32.613999555313505],[-117.33813856268092,32.62475189227652],[-117.36996322061452,32.60056616972926],[-117.36158507933503,32.56563565916686],[-117.32140071430823,32.55488315180818]]]},"properties":{"h3_index":"8629a48d7ffffff","station_count":7,"program_id":"bight","program":"Southern California Bight","resolution":6,"stations":[{"station_id":"4458_B03","station_name":"B03_4458","lat":32.5977,"lon":-117.35125,"county":"FEDERAL WATERS","organization":"CSD","batch_year":"2003"},{"station_id":"2418_B98","station_name":"B98_2418","lat":32.5952,"lon":-117.31481,"county":"FEDERAL WATERS","organization":"CSD","batch_year":"1998"},{"station_id":"SCBPP_1903","station_name":"1903_SCBPP","lat":32.61933,"lon":-117.335,"county":"FEDERAL WATERS","organization":"CSD","batch_year":"1994"},{"station_id":"SCBPP_1908","station_name":"1908_SCBPP","lat":32.61683,"lon":-117.34667,"county":"FEDERAL WATERS","organization":"CSD","batch_year":"1994"},{"station_id":"7008_B08","station_name":"B08-7008","lat":32.58567,"lon":-117.3411,"county":"FEDERAL WATERS","organization":"NOAACOAST","batch_year":"2008"},{"station_id":"4068_B03","station_name":"B03_4068","lat":32.58567,"lon":-117.3411,"county":"FEDERAL WATERS","organization":"CSD","batch_year":"2003"},{"station_id":"B18-10320","station_name":"B18-10320","lat":32.58565,"lon":-117.34061,"county":"OOS","organization":"SCCWRP","batch_year":"2018"}]}},{"type":"Feature","geometry":{"type":"Polygon","coordinates":[[[-117.36996322061452,32.60056616972926],[-117.33813856268092,32.62475189227652],[-117.34651471828691,32.65967472481181],[-117.38673397724047,32.67040410414632],[-117.41855435041849,32.646210851201545],[-117.41015976234964,32.61129575363463],[-117.36996322061452,32.60056616972926]]]},"properties":{"h3_index":"8629a48dfffffff","station_count":4,"program_id":"bight","program":"Southern California Bight","resolution":6,"stations":[{"station_id":"B98_106005","station_name":"106005_B98","lat":32.64,"lon":-117.354,"county":"FEDERAL WATERS","organization":"CSD","batch_year":"1998"},{"station_id":"B98_107005","station_name":"107005_B98","lat":32.6574,"lon":-117.365,"county":"FEDERAL WATERS","organization":"CSD","batch_year":"1998"},{"station_id":"SCBPP_1888","station_name":"1888_SCBPP","lat":32.63,"lon":-117.349,"county":"FEDERAL WATERS","organization":"CSD","batch_year":"1994"},{"station_id":"SCBPP_1916","station_name":"1916_SCBPP","lat":32.6085,"lon":-117.39833,"county":"FEDERAL WATERS","organization":"CSD","batch_year":"1994"}]}},{"type":"Feature","geometry":{"type":"Polygon","coordinates":[[[-117.56449903328908,32.78291368412556],[-117.53269185303624,32.80712944245008],[-117.54113391296887,32.84199003541043],[-117.58140153900591,32.85262706038145],[-117.61320420847035,32.82840382901923],[-117.60474377578119,32.79355105000196],[-117.56449903328908,32.78291368412556]]]},"properties":{"h3_index":"8629a4a87ffffff","station_count":2,"program_id":"bight","program":"Southern California Bight","resolution":6,"stations":[{"station_id":"7092_B08","station_name":"B08-7092","lat":32.80048,"lon":-117.56625,"county":"FEDERAL WATERS","organization":"CSD","batch_year":"2008"},{"station_id":"7097_B08","station_name":"B08-7097","lat":32.84262,"lon":-117.54891,"county":"FEDERAL WATERS","organization":"CSD","batch_year":"2008"}]}},{"type":"Feature","geometry":{"type":"Polygon","coordinates":[[[-117.49243624250731,32.79646925076005],[-117.46059985044079,32.82066995284211],[-117.4690234891166,32.855538317153744],[-117.50930195418546,32.86619821233309],[-117.54113391296887,32.84199003541043],[-117.53269185303624,32.80712944245008],[-117.49243624250731,32.79646925076005]]]},"properties":{"h3_index":"8629a4a97ffffff","station_count":1,"program_id":"bight","program":"Southern California Bight","resolution":6,"stations":[{"station_id":"7094_B08","station_name":"B08-7094","lat":32.80282,"lon":-117.48778,"county":"FEDERAL WATERS","organization":"CSD","batch_year":"2008"}]}},{"type":"Feature","geometry":{"type":"Polygon","coordinates":[[[-117.54113391296887,32.84199003541043],[-117.50930195418546,32.86619821233309],[-117.51774209832527,32.901050870427966],[-117.55803262053466,32.911687564913194],[-117.58986008932615,32.88747192749745],[-117.58140153900591,32.85262706038145],[-117.54113391296887,32.84199003541043]]]},"properties":{"h3_index":"8629a4a9fffffff","station_count":1,"program_id":"bight","program":"Southern California Bight","resolution":6,"stations":[{"station_id":"4316_B03","station_name":"B03_4316","lat":32.87412,"lon":-117.58208,"county":"FEDERAL WATERS","organization":"CSD","batch_year":"2003"}]}},{"type":"Feature","geometry":{"type":"Polygon","coordinates":[[[-117.51582230172565,32.737384727276876],[-117.48401066730969,32.76159299815568],[-117.49243624250731,32.79646925076005],[-117.53269185303624,32.80712944245008],[-117.56449903328908,32.78291368412556],[-117.55605507023522,32.748045225844166],[-117.51582230172565,32.737384727276876]]]},"properties":{"h3_index":"8629a4ab7ffffff","station_count":1,"program_id":"bight","program":"Southern California Bight","resolution":6,"stations":[{"station_id":"7082_B08","station_name":"B08-7082","lat":32.76012,"lon":-117.55549,"county":"FEDERAL WATERS","organization":"CSD","batch_year":"2008"}]}},{"type":"Feature","geometry":{"type":"Polygon","coordinates":[[[-117.71069970741623,32.91926721189083],[-117.67890622971363,32.94350534592309],[-117.68739777748605,32.97831856347342],[-117.72770114292662,32.988885778936734],[-117.759489939502,32.96464021536271],[-117.7509800649665,32.92983487011775],[-117.71069970741623,32.91926721189083]]]},"properties":{"h3_index":"8629a4adfffffff","station_count":1,"program_id":"bight","program":"Southern California Bight","resolution":6,"stations":[{"station_id":"B18-10378","station_name":"B18-10378","lat":32.97718,"lon":-117.69445,"county":"OOS","organization":"SCCWRP","batch_year":"2018"}]}},{"type":"Feature","geometry":{"type":"Polygon","coordinates":[[[-117.05670371851299,32.54916598385211],[-117.02478464346603,32.57329120349299],[-117.03307221178764,32.608267580837655],[-117.07329747225013,32.61911117762817],[-117.10521260816331,32.59497839602062],[-117.09690643554684,32.56000958398962],[-117.05670371851299,32.54916598385211]]]},"properties":{"h3_index":"8629a4c47ffffff","station_count":1,"program_id":"bight","program":"Southern California Bight","resolution":6,"stations":[{"station_id":"B03_TJ RIVER UPSTREAM","station_name":"TJ RIVER UPSTREAM_B03","lat":32.5572,"lon":-117.08413,"county":"SAN DIEGO","organization":"CSD","batch_year":"2003"}]}},{"type":"Feature","geometry":{"type":"Polygon","coordinates":[[[-117.10521260816331,32.59497839602062],[-117.07329747225013,32.61911117762817],[-117.08160153872888,32.65407228964334],[-117.12183934414901,32.664893038833064],[-117.15375048469436,32.640752709122914],[-117.14542782802303,32.605799182717064],[-117.10521260816331,32.59497839602062]]]},"properties":{"h3_index":"8629a4c4fffffff","station_count":92,"program_id":"bight","program":"Southern California Bight","resolution":6,"stations":[{"station_id":"4148_B03","station_name":"B03_4148","lat":32.6468,"lon":-117.1178,"county":"SAN DIEGO","organization":"CSD","batch_year":"2003"},{"station_id":"B03_BAY0SH","station_name":"BAY0SH_B03","lat":32.62949,"lon":-117.1086,"county":"SAN DIEGO","organization":"MEC","batch_year":"2003"},{"station_id":"6015_B08","station_name":"B08-6015","lat":32.60687,"lon":-117.12297,"county":"SAN DIEGO","organization":"CRGML","batch_year":"2008"},{"station_id":"6017_B08","station_name":"B08-6017","lat":32.60815,"lon":-117.11068,"county":"SAN DIEGO","organization":"CRGML","batch_year":"2008"},{"station_id":"6025_B08","station_name":"B08-6025","lat":32.62322,"lon":-117.13415,"county":"SAN DIEGO","organization":"CRGML","batch_year":"2008"},{"station_id":"6027_B08","station_name":"B08-6027","lat":32.62586,"lon":-117.13514,"county":"SAN DIEGO","organization":"CRGML","batch_year":"2008"},{"station_id":"6031_B08","station_name":"B08-6031","lat":32.63213,"lon":-117.1365,"county":"SAN DIEGO","organization":"CRGML","batch_year":"2008"},{"station_id":"6039_B08","station_name":"B08-6039","lat":32.64665,"lon":-117.11931,"county":"SAN DIEGO","organization":"CRGML","batch_year":"2008"},{"station_id":"6040_B08","station_name":"B08-6040","lat":32.6468,"lon":-117.1178,"county":"SAN DIEGO","organization":"CRGML","batch_year":"2008"},{"station_id":"6042_B08","station_name":"B08-6042","lat":32.64747,"lon":-117.12141,"county":"SAN DIEGO","organization":"CRGML","batch_year":"2008"},{"station_id":"6044_B08","station_name":"B08-6044","lat":32.6481,"lon":-117.11466,"county":"SAN DIEGO","organization":"CSD","batch_year":"2008"},{"station_id":"6047_B08","station_name":"B08-6047","lat":32.64896,"lon":-117.11012,"county":"SAN DIEGO","organization":"NOAACOAST","batch_year":"2008"},{"station_id":"6049_B08","station_name":"B08-6049","lat":32.64913,"lon":-117.11337,"county":"SAN DIEGO","organization":"CRGML","batch_year":"2008"},{"station_id":"6052_B08","station_name":"B08-6052","lat":32.65127,"lon":-117.10309,"county":"SAN DIEGO","organization":"CRGML","batch_year":"2008"},{"station_id":"6054_B08","station_name":"B08-6054","lat":32.65143,"lon":-117.12293,"county":"SAN DIEGO","organization":"CRGML","batch_year":"2008"},{"station_id":"6057_B08","station_name":"B08-6057","lat":32.6521,"lon":-117.1005,"county":"SAN DIEGO","organization":"CRGML","batch_year":"2008"},{"station_id":"6060_B08","station_name":"B08-6060","lat":32.65374,"lon":-117.09502,"county":"SAN DIEGO","organization":"CRGML","batch_year":"2008"},{"station_id":"6065_B08","station_name":"B08-6065","lat":32.65501,"lon":-117.09134,"county":"SAN DIEGO","organization":"CRGML","batch_year":"2008"},{"station_id":"6072_B08","station_name":"B08-6072","lat":32.65848,"lon":-117.11953,"county":"SAN DIEGO","organization":"CRGML","batch_year":"2008"},{"station_id":"6075_B08","station_name":"B08-6075","lat":32.66033,"lon":-117.12292,"county":"SAN DIEGO","organization":"CRGML","batch_year":"2008"},{"station_id":"6046_B08","station_name":"B08-6046","lat":32.64857,"lon":-117.11395,"county":"SAN DIEGO","organization":"NOAACOAST","batch_year":"2008"},{"station_id":"6068_B08","station_name":"B08-6068","lat":32.65565,"lon":-117.12568,"county":"SAN DIEGO","organization":"CRGML","batch_year":"2008"},{"station_id":"2238_B98","station_name":"B98_2238","lat":32.62548,"lon":-117.12802,"county":"SAN DIEGO","organization":"CSD","batch_year":"1998"},{"station_id":"2262_B98","station_name":"B98_2262","lat":32.65143,"lon":-117.12293,"county":"SAN DIEGO","organization":"CSD","batch_year":"1998"},{"station_id":"4084_B03","station_name":"B03_4084","lat":32.66033,"lon":-117.12292,"county":"SAN DIEGO","organization":"CSD","batch_year":"2003"},{"station_id":"6041_B08","station_name":"B08-6041","lat":32.64714,"lon":-117.11661,"county":"SAN DIEGO","organization":"CRGML","batch_year":"2008"},{"station_id":"6570_B08","station_name":"B08-6570","lat":32.658,"lon":-117.12265,"county":"SAN DIEGO","organization":"CRGML","batch_year":"2008"},{"station_id":"6659_B08","station_name":"B08-6659","lat":32.64776,"lon":-117.11995,"county":"SAN DIEGO","organization":"CRGML","batch_year":"2008"},{"station_id":"6660_B08","station_name":"B08-6660","lat":32.65607,"lon":-117.12244,"county":"SAN DIEGO","organization":"CRGML","batch_year":"2008"},{"station_id":"6045_B08","station_name":"B08-6045","lat":32.64828,"lon":-117.11623,"county":"SAN DIEGO","organization":"CRGML","batch_year":"2008"},{"station_id":"6661_B08","station_name":"B08-6661","lat":32.65747,"lon":-117.12274,"county":"SAN DIEGO","organization":"CRGML","batch_year":"2008"},{"station_id":"B13-8014","station_name":"B13-8014 OpenwaterStation","lat":32.6265,"lon":-117.13465,"county":"SAN DIEGO","organization":"SCCWRP","batch_year":"2013"},{"station_id":"B13-8020","station_name":"B13-8020 OpenwaterStation","lat":32.64183,"lon":-117.13123,"county":"SAN DIEGO","organization":"SCCWRP","batch_year":"2013"},{"station_id":"B13-8029","station_name":"B13-8029 OpenwaterStation","lat":32.6468,"lon":-117.1178,"county":"SAN DIEGO","organization":"SCCWRP","batch_year":"2013"},{"station_id":"B13-8030","station_name":"B13-8030 OpenwaterStation","lat":32.64714,"lon":-117.11661,"county":"SAN DIEGO","organization":"SCCWRP","batch_year":"2013"},{"station_id":"B13-8045","station_name":"B13-8045 OpenwaterStation","lat":32.65143,"lon":-117.12293,"county":"SAN DIEGO","organization":"SCCWRP","batch_year":"2013"},{"station_id":"B13-8036","station_name":"B13-8036 OpenwaterStation","lat":32.64828,"lon":-117.11623,"county":"SAN DIEGO","organization":"SCCWRP","batch_year":"2013"},{"station_id":"B13-8040","station_name":"B13-8040 OpenwaterStation","lat":32.64896,"lon":-117.11012,"county":"SAN DIEGO","organization":"SCCWRP","batch_year":"2013"},{"station_id":"B13-8050","station_name":"B13-8050 OpenwaterStation","lat":32.65747,"lon":-117.12274,"county":"SAN DIEGO","organization":"SCCWRP","batch_year":"2013"},{"station_id":"B13-8053","station_name":"B13-8053 OpenwaterStation","lat":32.65848,"lon":-117.11953,"county":"SAN DIEGO","organization":"SCCWRP","batch_year":"2013"},{"station_id":"B13-8033","station_name":"B13-8033 OpenwaterStation","lat":32.64776,"lon":-117.11994,"county":"SAN DIEGO","organization":"SCCWRP","batch_year":"2013"},{"station_id":"2235_B98","station_name":"B98_2235","lat":32.64081,"lon":-117.13707,"county":"SAN DIEGO","organization":"CSD","batch_year":"1998"},{"station_id":"B18-10040","station_name":"B18-10040","lat":32.64175,"lon":-117.11708,"county":"SAN DIEGO","organization":"SCCWRP","batch_year":"2018"},{"station_id":"B13-8018","station_name":"B13-8018 OpenwaterStation","lat":32.63403,"lon":-117.10721,"county":"SAN DIEGO","organization":"SCCWRP","batch_year":"2013"},{"station_id":"B13-8043","station_name":"B13-8043 OpenwaterStation","lat":32.65008,"lon":-117.10506,"county":"SAN DIEGO","organization":"SCCWRP","batch_year":"2013"},{"station_id":"B13-8049","station_name":"B13-8049 OpenwaterStation","lat":32.65607,"lon":-117.12244,"county":"SAN DIEGO","organization":"SCCWRP","batch_year":"2013"},{"station_id":"B13-8056","station_name":"B13-8056 OpenwaterStation","lat":32.66033,"lon":-117.12292,"county":"SAN DIEGO","organization":"SCCWRP","batch_year":"2013"},{"station_id":"B18-10201","station_name":"B18-10201","lat":32.59892,"lon":-117.11589,"county":"SAN DIEGO","organization":"SCCWRP","batch_year":"2018"},{"station_id":"B18-10239","station_name":"B18-10239","lat":32.61205,"lon":-117.14342,"county":"SAN DIEGO","organization":"SCCWRP","batch_year":"2018"},{"station_id":"2247_B98","station_name":"B98_2247","lat":32.64235,"lon":-117.12493,"county":"SAN DIEGO","organization":"SCCWRP","batch_year":"1998"},{"station_id":"2438_B98","station_name":"B98_2438","lat":32.62229,"lon":-117.10144,"county":"SAN DIEGO","organization":"SCCWRP","batch_year":"1998"},{"station_id":"B18-10141","station_name":"B18-10141","lat":32.66045,"lon":-117.12539,"county":"SAN DIEGO","organization":"SCCWRP","batch_year":"2018"},{"station_id":"B18-10143","station_name":"B18-10143","lat":32.657631,"lon":-117.123122,"county":"SAN DIEGO","organization":"SCCWRP","batch_year":"2018"},{"station_id":"B18-10139","station_name":"B18-10139","lat":32.66359,"lon":-117.1227,"county":"SAN DIEGO","organization":"SCCWRP","batch_year":"2018"},{"station_id":"4308_B03","station_name":"B03_4308","lat":32.6308,"lon":-117.12242,"county":"SAN DIEGO","organization":"CSD","batch_year":"2003"},{"station_id":"7024_B08","station_name":"B08-7024","lat":32.62152,"lon":-117.14137,"county":"SAN DIEGO","organization":"CSD","batch_year":"2008"},{"station_id":"B18-10180","station_name":"B18-10180","lat":32.64777,"lon":-117.11644,"county":"SAN DIEGO","organization":"SCCWRP","batch_year":"2018"},{"station_id":"B18-10181","station_name":"B18-10181","lat":32.64819,"lon":-117.1134,"county":"SAN DIEGO","organization":"SCCWRP","batch_year":"2018"},{"station_id":"B13-8017","station_name":"B13-8017 OpenwaterStation","lat":32.63191,"lon":-117.13096,"county":"SAN DIEGO","organization":"SCCWRP","batch_year":"2013"},{"station_id":"B13-8028","station_name":"B13-8028 OpenwaterStation","lat":32.64665,"lon":-117.11931,"county":"SAN DIEGO","organization":"SCCWRP","batch_year":"2013"},{"station_id":"B13-8031","station_name":"B13-8031 OpenwaterStation","lat":32.64747,"lon":-117.12142,"county":"SAN DIEGO","organization":"SCCWRP","batch_year":"2013"},{"station_id":"B18-10039","station_name":"B18-10039","lat":32.641579,"lon":-117.139037,"county":"SAN DIEGO","organization":"SCCWRP","batch_year":"2018"},{"station_id":"B13-8038","station_name":"B13-8038 OpenwaterStation","lat":32.64857,"lon":-117.11395,"county":"SAN DIEGO","organization":"SCCWRP","batch_year":"2013"},{"station_id":"2249_B98","station_name":"B98_2249","lat":32.62083,"lon":-117.128,"county":"SAN DIEGO","organization":"CSD","batch_year":"1998"},{"station_id":"4212_B03","station_name":"B03_4212","lat":32.62586,"lon":-117.13514,"county":"SAN DIEGO","organization":"CSD","batch_year":"2003"},{"station_id":"B18-10140","station_name":"B18-10140","lat":32.66056,"lon":-117.12296,"county":"SAN DIEGO","organization":"SCCWRP","batch_year":"2018"},{"station_id":"B18-10142","station_name":"B18-10142","lat":32.66009,"lon":-117.11918,"county":"SAN DIEGO","organization":"SCCWRP","batch_year":"2018"},{"station_id":"B18-10043","station_name":"B18-10043","lat":32.616346,"lon":-117.1032,"county":"SAN DIEGO","organization":"SCCWRP","batch_year":"2018"},{"station_id":"B13-8013","station_name":"B13-8013 OpenwaterStation","lat":32.62351,"lon":-117.13374,"county":"SAN DIEGO","organization":"SCCWRP","batch_year":"2013"},{"station_id":"4052_B03","station_name":"B03_4052","lat":32.62322,"lon":-117.13415,"county":"SAN DIEGO","organization":"CSD","batch_year":"2003"},{"station_id":"B03_BAY0O","station_name":"BAY0O_B03","lat":32.62954,"lon":-117.1084,"county":"SAN DIEGO","organization":"MEC","batch_year":"2003"},{"station_id":"B03_B03W200","station_name":"B03W200_B03","lat":32.61133,"lon":-117.14567,"county":"SAN DIEGO","organization":"USC","batch_year":"2003"},{"station_id":"B18-10044","station_name":"B18-10044","lat":32.61409,"lon":-117.09877,"county":"SAN DIEGO","organization":"SCCWRP","batch_year":"2018"},{"station_id":"B18-10042","station_name":"B18-10042","lat":32.625589,"lon":-117.111271,"county":"SAN DIEGO","organization":"SCCWRP","batch_year":"2018"},{"station_id":"B18-10086","station_name":"B18-10086","lat":32.62355,"lon":-117.133625,"county":"SAN DIEGO","organization":"SCCWRP","batch_year":"2018"},{"station_id":"B18-10087","station_name":"B18-10087","lat":32.621661,"lon":-117.102169,"county":"SAN DIEGO","organization":"SCCWRP","batch_year":"2018"},{"station_id":"B18-10088","station_name":"B18-10088","lat":32.62153,"lon":-117.13015,"county":"SAN DIEGO","organization":"SCCWRP","batch_year":"2018"},{"station_id":"B18-10144","station_name":"B18-10144","lat":32.651181,"lon":-117.12296,"county":"SAN DIEGO","organization":"SCCWRP","batch_year":"2018"},{"station_id":"B18-10179","station_name":"B18-10179","lat":32.64968,"lon":-117.10863,"county":"SAN DIEGO","organization":"SCCWRP","batch_year":"2018"},{"station_id":"B18-10200","station_name":"B18-10200","lat":32.61784,"lon":-117.09824,"county":"SAN DIEGO","organization":"SCCWRP","batch_year":"2018"},{"station_id":"B18-10037","station_name":"B18-10037","lat":32.64698,"lon":-117.11822,"county":"SAN DIEGO","organization":"SCCWRP","batch_year":"2018"},{"station_id":"B18-10038","station_name":"B18-10038","lat":32.64268,"lon":-117.12624,"county":"SAN DIEGO","organization":"SCCWRP","batch_year":"2018"},{"station_id":"B18-10041","station_name":"B18-10041","lat":32.62848,"lon":-117.1254,"county":"SAN DIEGO","organization":"SCCWRP","batch_year":"2018"},{"station_id":"B18-10085","station_name":"B18-10085","lat":32.625883,"lon":-117.135706,"county":"SAN DIEGO","organization":"SCCWRP","batch_year":"2018"},{"station_id":"B03_BAY100LSH","station_name":"BAY100LSH_B03","lat":32.62927,"lon":-117.1084,"county":"SAN DIEGO","organization":"MEC","batch_year":"2003"},{"station_id":"B03_BAY150LO","station_name":"BAY150LO_B03","lat":32.6281,"lon":-117.10862,"county":"SAN DIEGO","organization":"MEC","batch_year":"2003"},{"station_id":"B03_BAY25LO","station_name":"BAY25LO_B03","lat":32.62941,"lon":-117.1095,"county":"SAN DIEGO","organization":"MEC","batch_year":"2003"},{"station_id":"B03_BAY25LSH","station_name":"BAY25LSH_B03","lat":32.62945,"lon":-117.1085,"county":"SAN DIEGO","organization":"MEC","batch_year":"2003"},{"station_id":"B03_BAY100LO","station_name":"BAY100LO_B03","lat":32.62904,"lon":-117.1094,"county":"SAN DIEGO","organization":"MEC","batch_year":"2003"},{"station_id":"B03_BAY50LO","station_name":"BAY50LO_B03","lat":32.6288,"lon":-117.10911,"county":"SAN DIEGO","organization":"MEC","batch_year":"2003"},{"station_id":"B03_BAY150LSH","station_name":"BAY150LSH_B03","lat":32.62838,"lon":-117.1079,"county":"SAN DIEGO","organization":"MEC","batch_year":"2003"},{"station_id":"B03_BAY50LSH","station_name":"BAY50LSH_B03","lat":32.62907,"lon":-117.10839,"county":"SAN DIEGO","organization":"MEC","batch_year":"2003"}]}},{"type":"Feature","geometry":{"type":"Polygon","coordinates":[[[-117.12879691311863,32.53586916291313],[-117.09690643554684,32.56000958398962],[-117.10521260816331,32.59497839602062],[-117.14542782802303,32.605799182717064],[-117.17731428860283,32.581651200612356],[-117.16898955914088,32.546689997217435],[-117.12879691311863,32.53586916291313]]]},"properties":{"h3_index":"8629a4c6fffffff","station_count":42,"program_id":"bight","program":"Southern California Bight","resolution":6,"stations":[{"station_id":"B98_101001","station_name":"101001_B98","lat":32.5403,"lon":-117.132,"county":"SAN DIEGO","organization":"CSD","batch_year":"1998"},{"station_id":"B98_101002","station_name":"101002_B98","lat":32.5406,"lon":-117.142,"county":"SAN DIEGO","organization":"CSD","batch_year":"1998"},{"station_id":"B98_101502","station_name":"101502_B98","lat":32.5491,"lon":-117.147,"county":"SAN DIEGO","organization":"CSD","batch_year":"1998"},{"station_id":"B98_101503","station_name":"101503_B98","lat":32.5487,"lon":-117.158,"county":"SAN DIEGO","organization":"CSD","batch_year":"1998"},{"station_id":"B98_102001","station_name":"102001_B98","lat":32.5571,"lon":-117.147,"county":"SAN DIEGO","organization":"CSD","batch_year":"1998"},{"station_id":"B98_102003","station_name":"102003_B98","lat":32.5578,"lon":-117.17,"county":"SAN DIEGO","organization":"CSD","batch_year":"1998"},{"station_id":"B98_102101","station_name":"102101_B98","lat":32.5661,"lon":-117.153,"county":"SAN DIEGO","organization":"CSD","batch_year":"1998"},{"station_id":"B98_102201","station_name":"102201_B98","lat":32.5747,"lon":-117.152,"county":"SAN DIEGO","organization":"CSD","batch_year":"1998"},{"station_id":"B98_102202","station_name":"102202_B98","lat":32.5749,"lon":-117.162,"county":"SAN DIEGO","organization":"CSD","batch_year":"1998"},{"station_id":"B98_102203","station_name":"102203_B98","lat":32.5752,"lon":-117.172,"county":"SAN DIEGO","organization":"CSD","batch_year":"1998"},{"station_id":"4695_B03","station_name":"B03_4695","lat":32.55659,"lon":-117.12814,"county":"SAN DIEGO","organization":"CRGML","batch_year":"2003"},{"station_id":"6004_B08","station_name":"B08-6004","lat":32.55739,"lon":-117.1224,"county":"SAN DIEGO","organization":"CRGML","batch_year":"2008"},{"station_id":"6009_B08","station_name":"B08-6009","lat":32.55918,"lon":-117.11606,"county":"SAN DIEGO","organization":"CRGML","batch_year":"2008"},{"station_id":"6010_B08","station_name":"B08-6010","lat":32.55941,"lon":-117.11133,"county":"SAN DIEGO","organization":"CRGML","batch_year":"2008"},{"station_id":"6001_B08","station_name":"B08-6001","lat":32.55659,"lon":-117.12814,"county":"SAN DIEGO","organization":"CRGML","batch_year":"2008"},{"station_id":"6012_B08","station_name":"B08-6012","lat":32.56239,"lon":-117.10849,"county":"SAN DIEGO","organization":"CRGML","batch_year":"2008"},{"station_id":"2335_B98","station_name":"B98_2335","lat":32.5447,"lon":-117.1548,"county":"SAN DIEGO","organization":"CSD","batch_year":"1998"},{"station_id":"B03_B03W018","station_name":"B03W018_B03","lat":32.55083,"lon":-117.165,"county":"SAN DIEGO","organization":"USC","batch_year":"2003"},{"station_id":"B03_TJ RIVER 75L SHORE","station_name":"TJ RIVER 75L SHORE_B03","lat":32.55558,"lon":-117.1294,"county":"SAN DIEGO","organization":"CSD","batch_year":"2003"},{"station_id":"B98_102002","station_name":"102002_B98","lat":32.5575,"lon":-117.159,"county":"SAN DIEGO","organization":"CSD","batch_year":"1998"},{"station_id":"B03_CORTEZ SHORE","station_name":"CORTEZ SHORE_B03","lat":32.57269,"lon":-117.13268,"county":"SAN DIEGO","organization":"CSD","batch_year":"2003"},{"station_id":"B13-8002","station_name":"B13-8002 OpenwaterStation","lat":32.55659,"lon":-117.12813,"county":"SAN DIEGO","organization":"SCCWRP","batch_year":"2013"},{"station_id":"B03_B03W020","station_name":"B03W020_B03","lat":32.57233,"lon":-117.1675,"county":"SAN DIEGO","organization":"CSD","batch_year":"2003"},{"station_id":"B18-10824","station_name":"B18-10824","lat":32.58854,"lon":-117.10763,"county":"SAN DIEGO","organization":"SCCWRP","batch_year":"2018"},{"station_id":"B03_TJ RIVER 25L SURF","station_name":"TJ RIVER 25L SURF_B03","lat":32.55595,"lon":-117.1297,"county":"SAN DIEGO","organization":"CSD","batch_year":"2003"},{"station_id":"B03_B03W017","station_name":"B03W017_B03","lat":32.56117,"lon":-117.14783,"county":"SAN DIEGO","organization":"CSD","batch_year":"2003"},{"station_id":"B03_TJ RIVER 225L SHORE","station_name":"TJ RIVER 225L SHORE_B03","lat":32.55445,"lon":-117.1287,"county":"SAN DIEGO","organization":"CSD","batch_year":"2003"},{"station_id":"B18-10182","station_name":"B18-10182","lat":32.55694,"lon":-117.12755,"county":"SAN DIEGO","organization":"SCCWRP","batch_year":"2018"},{"station_id":"B03_TJ RIVER SURF","station_name":"TJ RIVER SURF_B03","lat":32.55713,"lon":-117.1298,"county":"SAN DIEGO","organization":"CSD","batch_year":"2003"},{"station_id":"B13-8008","station_name":"B13-8008 OpenwaterStation","lat":32.55824,"lon":-117.12058,"county":"SAN DIEGO","organization":"SCCWRP","batch_year":"2013"},{"station_id":"B03_B03W015","station_name":"B03W015_B03","lat":32.53633,"lon":-117.12883,"county":"SAN DIEGO","organization":"CSD","batch_year":"2003"},{"station_id":"B03_MMT SHORE","station_name":"MMT SHORE_B03","lat":32.54343,"lon":-117.12488,"county":"SAN DIEGO","organization":"CSD","batch_year":"2003"},{"station_id":"B03_TJ RIVER 225R SURF","station_name":"TJ RIVER 225R SURF_B03","lat":32.55851,"lon":-117.1312,"county":"SAN DIEGO","organization":"CSD","batch_year":"2003"},{"station_id":"SCBPP_1944","station_name":"1944_SCBPP","lat":32.59,"lon":-117.16117,"county":"SAN DIEGO","organization":"CSD","batch_year":"1994"},{"station_id":"B98_101501","station_name":"101501_B98","lat":32.5491,"lon":-117.136,"county":"SAN DIEGO","organization":"CSD","batch_year":"1998"},{"station_id":"B98_102102","station_name":"102102_B98","lat":32.566,"lon":-117.164,"county":"SAN DIEGO","organization":"CSD","batch_year":"1998"},{"station_id":"B03_B03W016","station_name":"B03W016_B03","lat":32.55383,"lon":-117.13617,"county":"SAN DIEGO","organization":"USC","batch_year":"2003"},{"station_id":"B03_TJ RIVER 25R SURF","station_name":"TJ RIVER 25R SURF_B03","lat":32.55718,"lon":-117.1301,"county":"SAN DIEGO","organization":"CSD","batch_year":"2003"},{"station_id":"B03_B03W022","station_name":"B03W022_B03","lat":32.59467,"lon":-117.13783,"county":"SAN DIEGO","organization":"USC","batch_year":"2003"},{"station_id":"B03_TJ RIVER 75R SHORE","station_name":"TJ RIVER 75R SHORE_B03","lat":32.55718,"lon":-117.1308,"county":"SAN DIEGO","organization":"CSD","batch_year":"2003"},{"station_id":"B03_B03W308","station_name":"B03W308_B03","lat":32.5553,"lon":-117.13,"county":"SAN DIEGO","organization":"USC","batch_year":"2003"},{"station_id":"B03_CORTEZ SURF","station_name":"CORTEZ SURF_B03","lat":32.57268,"lon":-117.13287,"county":"SAN DIEGO","organization":"CSD","batch_year":"2003"}]}},{"type":"Feature","geometry":{"type":"Polygon","coordinates":[[[-118.24893884955348,33.41619075583571],[-118.21720000795139,33.44050980497897],[-118.22587341548567,33.47514429500413],[-118.26630382738095,33.48545166021699],[-118.2980373574832,33.46112534449251],[-118.28934580078291,33.42649893428412],[-118.24893884955348,33.41619075583571]]]},"properties":{"h3_index":"8629a5087ffffff","station_count":1,"program_id":"bight","program":"Southern California Bight","resolution":6,"stations":[{"station_id":"7200_B08","station_name":"B08-7200","lat":33.45449,"lon":-118.25805,"county":"FEDERAL WATERS","organization":"NOAACOAST","batch_year":"2008"}]}},{"type":"Feature","geometry":{"type":"Polygon","coordinates":[[[-118.44223691667563,33.43297348757153],[-118.41056434366585,33.457329626762615],[-118.41929052723997,33.49193124595604],[-118.45970732840473,33.50216854976678],[-118.4913743780796,33.47780516619913],[-118.48263016359721,33.443211727288634],[-118.44223691667563,33.43297348757153]]]},"properties":{"h3_index":"8629a50e7ffffff","station_count":4,"program_id":"bight","program":"Southern California Bight","resolution":6,"stations":[{"station_id":"7212_B08","station_name":"B08-7212","lat":33.48685,"lon":-118.42354,"county":"FEDERAL WATERS","organization":"LACSD","batch_year":"2008"},{"station_id":"B13-9155","station_name":"B13-9155 OpenwaterStation","lat":33.48685,"lon":-118.42354,"county":"LOS ANGELES","organization":"SCCWRP","batch_year":"2013"},{"station_id":"B18-10366","station_name":"B18-10366","lat":33.4869,"lon":-118.42356,"county":"OOS","organization":"SCCWRP","batch_year":"2018"},{"station_id":"4188_B03","station_name":"B03_4188","lat":33.48685,"lon":-118.42354,"county":"FEDERAL WATERS","organization":"CSD","batch_year":"2003"}]}},{"type":"Feature","geometry":{"type":"Polygon","coordinates":[[[-118.37015858802475,33.44706837510904],[-118.33845550156191,33.47140963804892],[-118.34716360347656,33.50601939651926],[-118.387592887164,33.516279756887634],[-118.41929052723997,33.49193124595604],[-118.41056434366585,33.457329626762615],[-118.37015858802475,33.44706837510904]]]},"properties":{"h3_index":"8629a50f7ffffff","station_count":4,"program_id":"bight","program":"Southern California Bight","resolution":6,"stations":[{"station_id":"4124_B03","station_name":"B03_4124","lat":33.46387,"lon":-118.39468,"county":"LOS ANGELES","organization":"CSD","batch_year":"2003"},{"station_id":"7206_B08","station_name":"B08-7206","lat":33.46387,"lon":-118.39468,"county":"LOS ANGELES","organization":"LACSD","batch_year":"2008"},{"station_id":"B13-9148","station_name":"B13-9148 OpenwaterStation","lat":33.46387,"lon":-118.39468,"county":"LOS ANGELES","organization":"SCCWRP","batch_year":"2013"},{"station_id":"B18-10368","station_name":"B18-10368","lat":33.46393,"lon":-118.39472,"county":"LOS ANGELES","organization":"SCCWRP","batch_year":"2018"}]}},{"type":"Feature","geometry":{"type":"Polygon","coordinates":[[[-118.29498982449613,33.2982352828562],[-118.26330102745477,33.32256959731888],[-118.27197763965606,33.357221035987465],[-118.31236114437743,33.367530038782036],[-118.34404459099976,33.343188434188335],[-118.33534989688772,33.308545121050955],[-118.29498982449613,33.2982352828562]]]},"properties":{"h3_index":"8629a518fffffff","station_count":1,"program_id":"bight","program":"Southern California Bight","resolution":6,"stations":[{"station_id":"3001_B03","station_name":"B03_3001","lat":33.36157,"lon":-118.30707,"county":"LOS ANGELES","organization":"CSD","batch_year":"2003"}]}},{"type":"Feature","geometry":{"type":"Polygon","coordinates":[[[-118.1739075888027,33.267212314268136],[-118.14218329336305,33.291524433785085],[-118.1508252419149,33.32620041728535],[-118.19120964830346,33.33655621969498],[-118.22292872784121,33.3122367916937],[-118.21426863040249,33.27756887391983],[-118.1739075888027,33.267212314268136]]]},"properties":{"h3_index":"8629a5197ffffff","station_count":4,"program_id":"bight","program":"Southern California Bight","resolution":6,"stations":[{"station_id":"4001_B03","station_name":"B03_4001","lat":33.3175,"lon":-118.16009,"county":"FEDERAL WATERS","organization":"CSD","batch_year":"2003"},{"station_id":"7175_B08","station_name":"B08-7175","lat":33.3175,"lon":-118.16009,"county":"FEDERAL WATERS","organization":"NOAACOAST","batch_year":"2008"},{"station_id":"B13-9133","station_name":"B13-9133 OpenwaterStation","lat":33.3175,"lon":-118.16009,"county":"LOS ANGELES","organization":"SCCWRP","batch_year":"2013"},{"station_id":"B18-10371","station_name":"B18-10371","lat":33.317471,"lon":-118.16053,"county":"OOS","organization":"SCCWRP","batch_year":"2018"}]}},{"type":"Feature","geometry":{"type":"Polygon","coordinates":[[[-118.71100733924632,33.5977977695004],[-118.6793880962537,33.62219758361513],[-118.6881983967218,33.6567236401354],[-118.7286458639052,33.666841593977864],[-118.76025927536486,33.64243460126744],[-118.75143106500651,33.60791683733951],[-118.71100733924632,33.5977977695004]]]},"properties":{"h3_index":"8629a5237ffffff","station_count":4,"program_id":"bight","program":"Southern California Bight","resolution":6,"stations":[{"station_id":"4252_B03","station_name":"B03_4252","lat":33.6132,"lon":-118.71975,"county":"FEDERAL WATERS","organization":"CSD","batch_year":"2003"},{"station_id":"7280_B08","station_name":"B08-7280","lat":33.6132,"lon":-118.71975,"county":"FEDERAL WATERS","organization":"LACSD","batch_year":"2008"},{"station_id":"B13-9201","station_name":"B13-9201 OpenwaterStation","lat":33.6132,"lon":-118.71975,"county":"LOS ANGELES","organization":"SCCWRP","batch_year":"2013"},{"station_id":"B18-10363","station_name":"B18-10363","lat":33.61354,"lon":-118.72014,"county":"OOS","organization":"SCCWRP","batch_year":"2018"}]}},{"type":"Feature","geometry":{"type":"Polygon","coordinates":[[[-118.98020808786798,33.76167654811508],[-118.94864378305995,33.7861196830498],[-118.95753807024109,33.82056899617591],[-118.99801446206573,33.83056677570598],[-119.02957262645687,33.80611652962385],[-119.0206605534297,33.7716756191257],[-118.98020808786798,33.76167654811508]]]},"properties":{"h3_index":"8629a524fffffff","station_count":1,"program_id":"bight","program":"Southern California Bight","resolution":6,"stations":[{"station_id":"4233_B03","station_name":"B03_4233","lat":33.78929,"lon":-118.98572,"county":"FEDERAL WATERS","organization":"CSD","batch_year":"2003"}]}},{"type":"Feature","geometry":{"type":"Polygon","coordinates":[[[-118.6425008318306,33.774526217640535],[-118.61080610311815,33.79890297456695],[-118.61961213119494,33.833402632254945],[-118.66013091296301,33.843517312881936],[-118.69181986621905,33.81913341130075],[-118.68299582703634,33.78464197781882],[-118.6425008318306,33.774526217640535]]]},"properties":{"h3_index":"8629a528fffffff","station_count":4,"program_id":"bight","program":"Southern California Bight","resolution":6,"stations":[{"station_id":"B18-10359","station_name":"B18-10359","lat":33.832383,"lon":-118.649433,"county":"OOS","organization":"SCCWRP","batch_year":"2018"},{"station_id":"7401_B08","station_name":"B08-7401","lat":33.83243,"lon":-118.64881,"county":"FEDERAL WATERS","organization":"LACSD","batch_year":"2008"},{"station_id":"4153_B03","station_name":"B03_4153","lat":33.83243,"lon":-118.64881,"county":"FEDERAL WATERS","organization":"CSD","batch_year":"2003"},{"station_id":"B13-9259","station_name":"B13-9259 OpenwaterStation","lat":33.83243,"lon":-118.64881,"county":"LOS ANGELES","organization":"SCCWRP","batch_year":"2013"}]}},{"type":"Feature","geometry":{"type":"Polygon","coordinates":[[[-118.52101173133592,33.74408417560021],[-118.48928044830578,33.76843877637097],[-118.49805180366535,33.802963673243895],[-118.53857253603087,33.81312580762833],[-118.57029817905646,33.78876404277259],[-118.56150874353752,33.754247311722025],[-118.52101173133592,33.74408417560021]]]},"properties":{"h3_index":"8629a5297ffffff","station_count":1,"program_id":"bight","program":"Southern California Bight","resolution":6,"stations":[{"station_id":"B13-9250","station_name":"B13-9250 OpenwaterStation","lat":33.7602,"lon":-118.54097,"county":"LOS ANGELES","organization":"SCCWRP","batch_year":"2013"}]}},{"type":"Feature","geometry":{"type":"Polygon","coordinates":[[[-118.57029817905646,33.78876404277259],[-118.53857253603087,33.81312580762833],[-118.5473605014824,33.847633648977784],[-118.58789218643619,33.85777154590516],[-118.61961213119494,33.833402632254945],[-118.61080610311815,33.79890297456695],[-118.57029817905646,33.78876404277259]]]},"properties":{"h3_index":"8629a529fffffff","station_count":9,"program_id":"bight","program":"Southern California Bight","resolution":6,"stations":[{"station_id":"SCBPP_1152","station_name":"1152_SCBPP","lat":33.8445,"lon":-118.5875,"county":"FEDERAL WATERS","organization":"CLAEMD","batch_year":"1994"},{"station_id":"4089_B03","station_name":"B03_4089","lat":33.84796,"lon":-118.56788,"county":"FEDERAL WATERS","organization":"CLAEMD","batch_year":"2003"},{"station_id":"SCBPP_1160","station_name":"1160_SCBPP","lat":33.83583,"lon":-118.5975,"county":"FEDERAL WATERS","organization":"CLAEMD","batch_year":"1994"},{"station_id":"SCBPP_1175","station_name":"1175_SCBPP","lat":33.82067,"lon":-118.54937,"county":"FEDERAL WATERS","organization":"LACSD","batch_year":"1994"},{"station_id":"B18-10257","station_name":"B18-10257","lat":33.848233,"lon":-118.567817,"county":"OOS","organization":"SCCWRP","batch_year":"2018"},{"station_id":"SCBPP_1150","station_name":"1150_SCBPP","lat":33.84767,"lon":-118.5515,"county":"FEDERAL WATERS","organization":"CLAEMD","batch_year":"1994"},{"station_id":"7410_B08","station_name":"B08-7410","lat":33.84796,"lon":-118.56788,"county":"FEDERAL WATERS","organization":"CLAEMD","batch_year":"2008"},{"station_id":"4214_B03","station_name":"B03_4214","lat":33.84182,"lon":-118.56007,"county":"FEDERAL WATERS","organization":"USC","batch_year":"2003"},{"station_id":"B13-9263","station_name":"B13-9263 OpenwaterStation","lat":33.84796,"lon":-118.56788,"county":"LOS ANGELES","organization":"SCCWRP","batch_year":"2013"}]}},{"type":"Feature","geometry":{"type":"Polygon","coordinates":[[[-118.54394498921602,33.68518801199658],[-118.51223888424023,33.709550433467015],[-118.52101173133592,33.74408417560021],[-118.56150874353752,33.754247311722025],[-118.59320918946683,33.7298777148474],[-118.58441829604429,33.69535216134577],[-118.54394498921602,33.68518801199658]]]},"properties":{"h3_index":"8629a52b7ffffff","station_count":1,"program_id":"bight","program":"Southern California Bight","resolution":6,"stations":[{"station_id":"B13-9246","station_name":"B13-9246 OpenwaterStation","lat":33.73639,"lon":-118.52796,"county":"LOS ANGELES","organization":"SCCWRP","batch_year":"2013"}]}},{"type":"Feature","geometry":{"type":"Polygon","coordinates":[[[-118.8133346912555,33.849360428966904],[-118.78168270891554,33.873766371607495],[-118.79053990962636,33.90822343707255],[-118.83106703017792,33.91826626424625],[-118.862713043436,33.89385321233935],[-118.8538379191874,33.859404446553526],[-118.8133346912555,33.849360428966904]]]},"properties":{"h3_index":"8629a52cfffffff","station_count":2,"program_id":"bight","program":"Southern California Bight","resolution":6,"stations":[{"station_id":"B18-10355","station_name":"B18-10355","lat":33.8837,"lon":-118.79004,"county":"OOS","organization":"SCCWRP","batch_year":"2018"},{"station_id":"4345_B03","station_name":"B03_4345","lat":33.90589,"lon":-118.81805,"county":"FEDERAL WATERS","organization":"CSD","batch_year":"2003"}]}},{"type":"Feature","geometry":{"type":"Polygon","coordinates":[[[-118.6845873418856,33.49416810938654],[-118.65298741453536,33.51856824583167],[-118.66178260906536,33.55311986205108],[-118.70219563874613,33.56326304817398],[-118.73378977390739,33.5388557060602],[-118.7249766853614,33.50431238751703],[-118.6845873418856,33.49416810938654]]]},"properties":{"h3_index":"8629a5317ffffff","station_count":1,"program_id":"bight","program":"Southern California Bight","resolution":6,"stations":[{"station_id":"7238_B08","station_name":"B08-7238","lat":33.54382,"lon":-118.65987,"county":"FEDERAL WATERS","organization":"NOAACOAST","batch_year":"2008"}]}},{"type":"Feature","geometry":{"type":"Polygon","coordinates":[[[-118.73378977390739,33.5388557060602],[-118.70219563874613,33.56326304817398],[-118.71100733924632,33.5977977695004],[-118.75143106500651,33.60791683733951],[-118.78301935010741,33.583502305198984],[-118.77418977332734,33.54897589926127],[-118.73378977390739,33.5388557060602]]]},"properties":{"h3_index":"8629a531fffffff","station_count":1,"program_id":"bight","program":"Southern California Bight","resolution":6,"stations":[{"station_id":"4392_B03","station_name":"B03_4392","lat":33.58151,"lon":-118.75468,"county":"FEDERAL WATERS","organization":"CRGML","batch_year":"2003"}]}},{"type":"Feature","geometry":{"type":"Polygon","coordinates":[[[-118.58973165197305,33.56734627194563],[-118.55807582237529,33.59172409819801],[-118.5668516164119,33.626275328649804],[-118.60730123267662,33.63644050265873],[-118.63895136539331,33.612055478187706],[-118.6301575925031,33.57751248198899],[-118.58973165197305,33.56734627194563]]]},"properties":{"h3_index":"8629a5387ffffff","station_count":1,"program_id":"bight","program":"Southern California Bight","resolution":6,"stations":[{"station_id":"4380_B03","station_name":"B03_4380","lat":33.61425,"lon":-118.59116,"county":"FEDERAL WATERS","organization":"CSD","batch_year":"2003"}]}},{"type":"Feature","geometry":{"type":"Polygon","coordinates":[[[-118.5668516164119,33.626275328649804],[-118.53517066257398,33.65064549196593],[-118.54394498921602,33.68518801199658],[-118.58441829604429,33.69535216134577],[-118.61609357187696,33.67097481124744],[-118.60730123267662,33.63644050265873],[-118.5668516164119,33.626275328649804]]]},"properties":{"h3_index":"8629a539fffffff","station_count":1,"program_id":"bight","program":"Southern California Bight","resolution":6,"stations":[{"station_id":"B18-10362","station_name":"B18-10362","lat":33.63471,"lon":-118.58363,"county":"OOS","organization":"SCCWRP","batch_year":"2018"}]}},{"type":"Feature","geometry":{"type":"Polygon","coordinates":[[[-118.61258513489233,33.50840098843704],[-118.58095440265573,33.53278639866164],[-118.58973165197305,33.56734627194563],[-118.6301575925031,33.57751248198899],[-118.66178260906536,33.55311986205108],[-118.65298741453536,33.51856824583167],[-118.61258513489233,33.50840098843704]]]},"properties":{"h3_index":"8629a53a7ffffff","station_count":1,"program_id":"bight","program":"Southern California Bight","resolution":6,"stations":[{"station_id":"B18-10365","station_name":"B18-10365","lat":33.53645,"lon":-118.5894,"county":"OOS","organization":"SCCWRP","batch_year":"2018"}]}},{"type":"Feature","geometry":{"type":"Polygon","coordinates":[[[-118.66178260906536,33.55311986205108],[-118.6301575925031,33.57751248198899],[-118.63895136539331,33.612055478187706],[-118.6793880962537,33.62219758361513],[-118.71100733924632,33.5977977695004],[-118.70219563874613,33.56326304817398],[-118.66178260906536,33.55311986205108]]]},"properties":{"h3_index":"8629a53afffffff","station_count":1,"program_id":"bight","program":"Southern California Bight","resolution":6,"stations":[{"station_id":"7250_B08","station_name":"B08-7250","lat":33.57762,"lon":-118.68437,"county":"FEDERAL WATERS","organization":"LACSD","batch_year":"2008"}]}},{"type":"Feature","geometry":{"type":"Polygon","coordinates":[[[-117.91100831188764,33.42681362045274],[-117.87914376974359,33.45106486719147],[-117.8877274542948,33.48574775752602],[-117.92819406095389,33.49617151018456],[-117.9600536598553,33.471912969768255],[-117.9514516088036,33.437237974620984],[-117.91100831188764,33.42681362045274]]]},"properties":{"h3_index":"8629a5407ffffff","station_count":4,"program_id":"bight","program":"Southern California Bight","resolution":6,"stations":[{"station_id":"4009_B03","station_name":"B03_4009","lat":33.46418,"lon":-117.91914,"county":"FEDERAL WATERS","organization":"CSD","batch_year":"2003"},{"station_id":"7207_B08","station_name":"B08-7207","lat":33.46418,"lon":-117.91914,"county":"FEDERAL WATERS","organization":"NOAACOAST","batch_year":"2008"},{"station_id":"B13-9149","station_name":"B13-9149 OpenwaterStation","lat":33.46418,"lon":-117.91914,"county":"ORANGE","organization":"SCCWRP","batch_year":"2013"},{"station_id":"B18-10367","station_name":"B18-10367","lat":33.464279,"lon":-117.919777,"county":"OOS","organization":"SCCWRP","batch_year":"2018"}]}},{"type":"Feature","geometry":{"type":"Polygon","coordinates":[[[-117.83868887923231,33.44061735644254],[-117.8067944051693,33.464853297279866],[-117.81535967331153,33.499544041003674],[-117.85583784536466,33.50999099477399],[-117.8877274542948,33.48574775752602],[-117.87914376974359,33.45106486719147],[-117.83868887923231,33.44061735644254]]]},"properties":{"h3_index":"8629a5417ffffff","station_count":1,"program_id":"bight","program":"Southern California Bight","resolution":6,"stations":[{"station_id":"B98_119006","station_name":"119006_B98","lat":33.4971,"lon":-117.864,"county":"FEDERAL WATERS","organization":"OCSD","batch_year":"1998"}]}},{"type":"Feature","geometry":{"type":"Polygon","coordinates":[[[-117.8877274542948,33.48574775752602],[-117.85583784536466,33.50999099477399],[-117.86441975249633,33.54466526232165],[-117.90490968240374,33.55508842459035],[-117.93679436845613,33.53083790543744],[-117.92819406095389,33.49617151018456],[-117.8877274542948,33.48574775752602]]]},"properties":{"h3_index":"8629a541fffffff","station_count":4,"program_id":"bight","program":"Southern California Bight","resolution":6,"stations":[{"station_id":"B98_120005","station_name":"120005_B98","lat":33.5436,"lon":-117.904,"county":"ORANGE","organization":"OCSD","batch_year":"1998"},{"station_id":"B98_120006","station_name":"120006_B98","lat":33.5275,"lon":-117.914,"county":"FEDERAL WATERS","organization":"OCSD","batch_year":"1998"},{"station_id":"B13-9160","station_name":"B13-9160 OpenwaterStation","lat":33.50366,"lon":-117.91586,"county":"ORANGE","organization":"SCCWRP","batch_year":"2013"},{"station_id":"4297_B03","station_name":"B03_4297","lat":33.52704,"lon":-117.8961,"county":"FEDERAL WATERS","organization":"OCSD","batch_year":"2003"}]}},{"type":"Feature","geometry":{"type":"Polygon","coordinates":[[[-118.08141816269801,33.503067738172604],[-118.04959372485933,33.527348787592025],[-118.05822899446119,33.561990691079885],[-118.09870699920332,33.57234357511787],[-118.13052630035942,33.54805526435133],[-118.12187274701489,33.5134213351021],[-118.08141816269801,33.503067738172604]]]},"properties":{"h3_index":"8629a5447ffffff","station_count":3,"program_id":"bight","program":"Southern California Bight","resolution":6,"stations":[{"station_id":"7241_B08","station_name":"B08-7241","lat":33.55138,"lon":-118.10198,"county":"FEDERAL WATERS","organization":"OCSD","batch_year":"2008"},{"station_id":"B18-10345","station_name":"B18-10345","lat":33.555672,"lon":-118.114677,"county":"OOS","organization":"SCCWRP","batch_year":"2018"},{"station_id":"B13-9170","station_name":"B13-9170 OpenwaterStation","lat":33.5155,"lon":-118.0768,"county":"ORANGE","organization":"SCCWRP","batch_year":"2013"}]}},{"type":"Feature","geometry":{"type":"Polygon","coordinates":[[[-118.13052630035942,33.54805526435133],[-118.09870699920332,33.57234357511787],[-118.10735888551295,33.606968837157766],[-118.14784835376378,33.61729779984306],[-118.17966246036869,33.59300224253869],[-118.17099230686857,33.55838497328567],[-118.13052630035942,33.54805526435133]]]},"properties":{"h3_index":"8629a544fffffff","station_count":8,"program_id":"bight","program":"Southern California Bight","resolution":6,"stations":[{"station_id":"4218_B03","station_name":"B03_4218","lat":33.60717,"lon":-118.12462,"county":"FEDERAL WATERS","organization":"LACSD","batch_year":"2003"},{"station_id":"SCBPP_1418","station_name":"1418_SCBPP","lat":33.59707,"lon":-118.10977,"county":"FEDERAL WATERS","organization":"TEX-AM","batch_year":"1994"},{"station_id":"SCBPP_1476","station_name":"1476_SCBPP","lat":33.56513,"lon":-118.14628,"county":"FEDERAL WATERS","organization":"LACSD","batch_year":"1994"},{"station_id":"7253_B08","station_name":"B08-7253","lat":33.57957,"lon":-118.13934,"county":"FEDERAL WATERS","organization":"OCSD","batch_year":"2008"},{"station_id":"4346_B03","station_name":"B03_4346","lat":33.60216,"lon":-118.11667,"county":"FEDERAL WATERS","organization":"LACSD","batch_year":"2003"},{"station_id":"B13-9193","station_name":"B13-9193 OpenwaterStation","lat":33.58426,"lon":-118.11316,"county":"ORANGE","organization":"SCCWRP","batch_year":"2013"},{"station_id":"B18-10312","station_name":"B18-10312","lat":33.575851,"lon":-118.125847,"county":"OOS","organization":"SCCWRP","batch_year":"2018"},{"station_id":"4122_B03","station_name":"B03_4122","lat":33.60442,"lon":-118.14047,"county":"FEDERAL WATERS","organization":"LACSD","batch_year":"2003"}]}},{"type":"Feature","geometry":{"type":"Polygon","coordinates":[[[-118.00912723660748,33.51697203103386],[-117.97727263868175,33.5412378505149],[-117.98588957425665,33.575887686729864],[-118.02637945531943,33.586263774968046],[-118.05822899446119,33.561990691079885],[-118.04959372485933,33.527348787592025],[-118.00912723660748,33.51697203103386]]]},"properties":{"h3_index":"8629a5457ffffff","station_count":13,"program_id":"bight","program":"Southern California Bight","resolution":6,"stations":[{"station_id":"4041_B03","station_name":"B03_4041","lat":33.56737,"lon":-117.98962,"county":"FEDERAL WATERS","organization":"OCSD","batch_year":"2003"},{"station_id":"4137_B03","station_name":"B03_4137","lat":33.57691,"lon":-118.0116,"county":"FEDERAL WATERS","organization":"OCSD","batch_year":"2003"},{"station_id":"4329_B03","station_name":"B03_4329","lat":33.55625,"lon":-118.02254,"county":"FEDERAL WATERS","organization":"OCSD","batch_year":"2003"},{"station_id":"SCBPP_1455","station_name":"1455_SCBPP","lat":33.57708,"lon":-118.03025,"county":"FEDERAL WATERS","organization":"OCSD","batch_year":"1994"},{"station_id":"B98_122006","station_name":"122006_B98","lat":33.5607,"lon":-118.017,"county":"FEDERAL WATERS","organization":"OCSD","batch_year":"1998"},{"station_id":"B98_121006","station_name":"121006_B98","lat":33.5403,"lon":-117.981,"county":"FEDERAL WATERS","organization":"OCSD","batch_year":"1998"},{"station_id":"B98_122005","station_name":"122005_B98","lat":33.5756,"lon":-118.005,"county":"FEDERAL WATERS","organization":"OCSD","batch_year":"1998"},{"station_id":"B13-9179","station_name":"B13-9179 OpenwaterStation","lat":33.55625,"lon":-118.02254,"county":"ORANGE","organization":"SCCWRP","batch_year":"2013"},{"station_id":"B18-10313","station_name":"B18-10313","lat":33.568272,"lon":-118.024406,"county":"OOS","organization":"SCCWRP","batch_year":"2018"},{"station_id":"B18-10344","station_name":"B18-10344","lat":33.556,"lon":-118.022377,"county":"OOS","organization":"SCCWRP","batch_year":"2018"},{"station_id":"B13-9185","station_name":"B13-9185 OpenwaterStation","lat":33.56469,"lon":-118.01844,"county":"ORANGE","organization":"SCCWRP","batch_year":"2013"},{"station_id":"2205","station_name":"OCSD Ocean WQ Station 2205","lat":33.57557,"lon":-118.0047,"county":"ORANGE","organization":"SCCWRP","batch_year":"2013"},{"station_id":"B03W045_B03","station_name":"B03_B03W045","lat":33.57557,"lon":-118.0047,"county":"FEDERAL WATERS","organization":"USC","batch_year":"2003"}]}},{"type":"Feature","geometry":{"type":"Polygon","coordinates":[[[-118.05822899446119,33.561990691079885],[-118.02637945531943,33.586263774968046],[-118.03501302401583,33.62089698837705],[-118.07551446303823,33.63124917075081],[-118.10735888551295,33.606968837157766],[-118.09870699920332,33.57234357511787],[-118.05822899446119,33.561990691079885]]]},"properties":{"h3_index":"8629a545fffffff","station_count":23,"program_id":"bight","program":"Southern California Bight","resolution":6,"stations":[{"station_id":"2208_B98","station_name":"B98_2208","lat":33.60185,"lon":-118.05647,"county":"FEDERAL WATERS","organization":"OCSD","batch_year":"1998"},{"station_id":"2209_B98","station_name":"B98_2209","lat":33.59162,"lon":-118.06273,"county":"FEDERAL WATERS","organization":"OCSD","batch_year":"1998"},{"station_id":"2400_B98","station_name":"B98_2400","lat":33.60346,"lon":-118.09545,"county":"FEDERAL WATERS","organization":"OCSD","batch_year":"1998"},{"station_id":"4073_B03","station_name":"B03_4073","lat":33.59768,"lon":-118.04613,"county":"FEDERAL WATERS","organization":"OCSD","batch_year":"2003"},{"station_id":"4241_B03","station_name":"B03_4241","lat":33.60295,"lon":-118.03602,"county":"FEDERAL WATERS","organization":"OCSD","batch_year":"2003"},{"station_id":"SCBPP_1426","station_name":"1426_SCBPP","lat":33.5937,"lon":-118.05247,"county":"FEDERAL WATERS","organization":"OCSD","batch_year":"1994"},{"station_id":"SCBPP_1450","station_name":"1450_SCBPP","lat":33.58012,"lon":-118.06847,"county":"FEDERAL WATERS","organization":"OCSD","batch_year":"1994"},{"station_id":"SCBPP_1469","station_name":"1469_SCBPP","lat":33.5718,"lon":-118.04897,"county":"FEDERAL WATERS","organization":"OCSD","batch_year":"1994"},{"station_id":"B98_123006","station_name":"123006_B98","lat":33.5812,"lon":-118.052,"county":"FEDERAL WATERS","organization":"OCSD","batch_year":"1998"},{"station_id":"B98_124005","station_name":"124005_B98","lat":33.6164,"lon":-118.076,"county":"FEDERAL WATERS","organization":"OCSD","batch_year":"1998"},{"station_id":"B98_124006","station_name":"124006_B98","lat":33.6016,"lon":-118.088,"county":"FEDERAL WATERS","organization":"OCSD","batch_year":"1998"},{"station_id":"B18-10228","station_name":"B18-10228","lat":33.618999,"lon":-118.041779,"county":"ORANGE","organization":"SCCWRP","batch_year":"2018"},{"station_id":"B18-10260","station_name":"B18-10260","lat":33.60199,"lon":-118.05661,"county":"OOS","organization":"SCCWRP","batch_year":"2018"},{"station_id":"B98_123005","station_name":"123005_B98","lat":33.596,"lon":-118.04,"county":"FEDERAL WATERS","organization":"OCSD","batch_year":"1998"},{"station_id":"SCBPP_1406","station_name":"1406_SCBPP","lat":33.6034,"lon":-118.05022,"county":"FEDERAL WATERS","organization":"OCSD","batch_year":"1994"},{"station_id":"7269_B08","station_name":"B08-7269","lat":33.60185,"lon":-118.05647,"county":"FEDERAL WATERS","organization":"OCSD","batch_year":"2008"},{"station_id":"2210_B98","station_name":"B98_2210","lat":33.58968,"lon":-118.04062,"county":"FEDERAL WATERS","organization":"OCSD","batch_year":"1998"},{"station_id":"2207_B98","station_name":"B98_2207","lat":33.61233,"lon":-118.06563,"county":"FEDERAL WATERS","organization":"OCSD","batch_year":"1998"},{"station_id":"2306","station_name":"OCSD Ocean WQ Station 2306","lat":33.58118,"lon":-118.05248,"county":"ORANGE","organization":"SCCWRP","batch_year":"2013"},{"station_id":"4154_B03","station_name":"B03_4154","lat":33.62488,"lon":-118.07523,"county":"FEDERAL WATERS","organization":"OCSD","batch_year":"2003"},{"station_id":"B03W050_B03","station_name":"B03_B03W050","lat":33.596,"lon":-118.0402,"county":"FEDERAL WATERS","organization":"USC","batch_year":"2003"},{"station_id":"B13-9199","station_name":"B13-9199 OpenwaterStation","lat":33.60185,"lon":-118.05647,"county":"ORANGE","organization":"SCCWRP","batch_year":"2013"},{"station_id":"B03_B03W055","station_name":"B03W055_B03","lat":33.61643,"lon":-118.07573,"county":"FEDERAL WATERS","organization":"USC","batch_year":"2003"}]}},{"type":"Feature","geometry":{"type":"Polygon","coordinates":[[[-118.10458056752933,33.44412827672067],[-118.07278120469603,33.46841721252431],[-118.08141816269801,33.503067738172604],[-118.12187274701489,33.5134213351021],[-118.15366695323462,33.48912512625197],[-118.14501174529778,33.454482597713195],[-118.10458056752933,33.44412827672067]]]},"properties":{"h3_index":"8629a5467ffffff","station_count":1,"program_id":"bight","program":"Southern California Bight","resolution":6,"stations":[{"station_id":"7210_B08","station_name":"B08-7210","lat":33.47534,"lon":-118.09962,"county":"FEDERAL WATERS","organization":"OCSD","batch_year":"2008"}]}},{"type":"Feature","geometry":{"type":"Polygon","coordinates":[[[-118.15366695323462,33.48912512625197],[-118.12187274701489,33.5134213351021],[-118.13052630035942,33.54805526435133],[-118.17099230686857,33.55838497328567],[-118.20278129869497,33.534081506260435],[-118.1941095119879,33.499455592660915],[-118.15366695323462,33.48912512625197]]]},"properties":{"h3_index":"8629a546fffffff","station_count":1,"program_id":"bight","program":"Southern California Bight","resolution":6,"stations":[{"station_id":"4254_B03","station_name":"B03_4254","lat":33.51348,"lon":-118.17863,"county":"FEDERAL WATERS","organization":"LACSD","batch_year":"2003"}]}},{"type":"Feature","geometry":{"type":"Polygon","coordinates":[[[-117.74295051214354,33.513301721798605],[-117.71100110130122,33.53751414235999],[-117.71954605794497,33.572204028984395],[-117.76005893902493,33.58267371077072],[-117.79200358373772,33.55845400296413],[-117.78344012692567,33.523771904926186],[-117.74295051214354,33.513301721798605]]]},"properties":{"h3_index":"8629a5487ffffff","station_count":4,"program_id":"bight","program":"Southern California Bight","resolution":6,"stations":[{"station_id":"B18-10229","station_name":"B18-10229","lat":33.520828,"lon":-117.770233,"county":"ORANGE","organization":"SCCWRP","batch_year":"2018"},{"station_id":"7231_B08","station_name":"B08-7231","lat":33.5214,"lon":-117.7698,"county":"ORANGE","organization":"OCSD","batch_year":"2008"},{"station_id":"B13-9171","station_name":"B13-9171 OpenwaterStation","lat":33.5214,"lon":-117.7698,"county":"ORANGE","organization":"SCCWRP","batch_year":"2013"},{"station_id":"2304_B98","station_name":"B98_2304","lat":33.5214,"lon":-117.7698,"county":"ORANGE","organization":"CRGML","batch_year":"1998"}]}},{"type":"Feature","geometry":{"type":"Polygon","coordinates":[[[-117.76632804344486,33.454382601690725],[-117.73440371021917,33.478603166583],[-117.74295051214354,33.513301721798605],[-117.78344012692567,33.523771904926186],[-117.81535967331153,33.499544041003674],[-117.8067944051693,33.464853297279866],[-117.76632804344486,33.454382601690725]]]},"properties":{"h3_index":"8629a54a7ffffff","station_count":47,"program_id":"bight","program":"Southern California Bight","resolution":6,"stations":[{"station_id":"B98_117003","station_name":"117003_B98","lat":33.4689,"lon":-117.75,"county":"ORANGE","organization":"MEC","batch_year":"1998"},{"station_id":"B98_117901","station_name":"117901_B98","lat":33.5024,"lon":-117.75,"county":"ORANGE","organization":"MEC","batch_year":"1998"},{"station_id":"B98_117903","station_name":"117903_B98","lat":33.4912,"lon":-117.769,"county":"ORANGE","organization":"MEC","batch_year":"1998"},{"station_id":"B98_118002","station_name":"118002_B98","lat":33.5035,"lon":-117.766,"county":"ORANGE","organization":"MEC","batch_year":"1998"},{"station_id":"B98_118003","station_name":"118003_B98","lat":33.4979,"lon":-117.776,"county":"ORANGE","organization":"MEC","batch_year":"1998"},{"station_id":"B98_118004","station_name":"118004_B98","lat":33.4874,"lon":-117.793,"county":"ORANGE","organization":"MEC","batch_year":"1998"},{"station_id":"B98_118101","station_name":"118101_B98","lat":33.5162,"lon":-117.765,"county":"ORANGE","organization":"MEC","batch_year":"1998"},{"station_id":"B98_118102","station_name":"118102_B98","lat":33.5106,"lon":-117.774,"county":"ORANGE","organization":"MEC","batch_year":"1998"},{"station_id":"B98_118103","station_name":"118103_B98","lat":33.505,"lon":-117.783,"county":"ORANGE","organization":"MEC","batch_year":"1998"},{"station_id":"B98_117002","station_name":"117002_B98","lat":33.4746,"lon":-117.741,"county":"ORANGE","organization":"MEC","batch_year":"1998"},{"station_id":"B98_117902","station_name":"117902_B98","lat":33.4968,"lon":-117.759,"county":"ORANGE","organization":"MEC","batch_year":"1998"},{"station_id":"4238_B03","station_name":"B03_4238","lat":33.49975,"lon":-117.75211,"county":"ORANGE","organization":"OCSD","batch_year":"2003"},{"station_id":"4110_B03","station_name":"B03_4110","lat":33.46444,"lon":-117.76246,"county":"ORANGE","organization":"OCSD","batch_year":"2003"},{"station_id":"2302_B98","station_name":"B98_2302","lat":33.5099,"lon":-117.7765,"county":"ORANGE","organization":"CRGML","batch_year":"1998"},{"station_id":"2345_B98","station_name":"B98_2345","lat":33.50742,"lon":-117.76845,"county":"ORANGE","organization":"CRGML","batch_year":"1998"},{"station_id":"B03_AC0","station_name":"AC0_B03","lat":33.5117,"lon":-117.7547,"county":"ORANGE","organization":"SOCWA","batch_year":"2003"},{"station_id":"B03_AC75ROFFSHORE","station_name":"AC75ROFFSHORE_B03","lat":33.5122,"lon":-117.7552,"county":"ORANGE","organization":"SOCWA","batch_year":"2003"},{"station_id":"B98_118001","station_name":"118001_B98","lat":33.5092,"lon":-117.757,"county":"ORANGE","organization":"MEC","batch_year":"1998"},{"station_id":"B18-10264","station_name":"B18-10264","lat":33.512089,"lon":-117.771347,"county":"ORANGE","organization":"SCCWRP","batch_year":"2018"},{"station_id":"2346_B98","station_name":"B98_2346","lat":33.49405,"lon":-117.77713,"county":"ORANGE","organization":"CRGML","batch_year":"1998"},{"station_id":"7208_B08","station_name":"B08-7208","lat":33.46444,"lon":-117.76246,"county":"ORANGE","organization":"OCSD","batch_year":"2008"},{"station_id":"7215_B08","station_name":"B08-7215","lat":33.49911,"lon":-117.75286,"county":"ORANGE","organization":"OCSD","batch_year":"2008"},{"station_id":"B13-9150","station_name":"B13-9150 OpenwaterStation","lat":33.46444,"lon":-117.76246,"county":"ORANGE","organization":"SCCWRP","batch_year":"2013"},{"station_id":"B13-9161","station_name":"B13-9161 OpenwaterStation","lat":33.50506,"lon":-117.77313,"county":"ORANGE","organization":"SCCWRP","batch_year":"2013"},{"station_id":"B13-9159","station_name":"B13-9159 OpenwaterStation","lat":33.50056,"lon":-117.75367,"county":"ORANGE","organization":"SCCWRP","batch_year":"2013"},{"station_id":"2277_B98","station_name":"B98_2277","lat":33.5082,"lon":-117.7651,"county":"ORANGE","organization":"CRGML","batch_year":"1998"},{"station_id":"4030_B03","station_name":"B03_4030","lat":33.51182,"lon":-117.77133,"county":"ORANGE","organization":"OCSD","batch_year":"2003"},{"station_id":"4286_B03","station_name":"B03_4286","lat":33.50335,"lon":-117.76498,"county":"ORANGE","organization":"OCSD","batch_year":"2003"},{"station_id":"B18-10315","station_name":"B18-10315","lat":33.46405,"lon":-117.761948,"county":"ORANGE","organization":"SCCWRP","batch_year":"2018"},{"station_id":"2279_B98","station_name":"B98_2279","lat":33.5157,"lon":-117.7661,"county":"ORANGE","organization":"CRGML","batch_year":"1998"},{"station_id":"2454_B98","station_name":"B98_2454","lat":33.50985,"lon":-117.75307,"county":"ORANGE","organization":"CRGML","batch_year":"1998"},{"station_id":"2278_B98","station_name":"B98_2278","lat":33.5049,"lon":-117.7635,"county":"ORANGE","organization":"CAS","batch_year":"1998"},{"station_id":"2280_B98","station_name":"B98_2280","lat":33.5089,"lon":-117.7689,"county":"ORANGE","organization":"CRGML","batch_year":"1998"},{"station_id":"B03_AC25R","station_name":"AC25R_B03","lat":33.51153,"lon":-117.75488,"county":"ORANGE","organization":"OCPHL","batch_year":"2003"},{"station_id":"B03_AC75L","station_name":"AC75L_B03","lat":33.51221,"lon":-117.75521,"county":"ORANGE","organization":"OCPHL","batch_year":"2003"},{"station_id":"4366_B03","station_name":"B03_4366","lat":33.50726,"lon":-117.76013,"county":"ORANGE","organization":"OCSD","batch_year":"2003"},{"station_id":"2303_B98","station_name":"B98_2303","lat":33.5189,"lon":-117.7821,"county":"ORANGE","organization":"CRGML","batch_year":"1998"},{"station_id":"B03_AC75R","station_name":"AC75R_B03","lat":33.51123,"lon":-117.75415,"county":"ORANGE","organization":"SOCWA","batch_year":"2003"},{"station_id":"B03_AC225L","station_name":"AC225L_B03","lat":33.51296,"lon":-117.75613,"county":"ORANGE","organization":"SOCWA","batch_year":"2003"},{"station_id":"B03_AC225R","station_name":"AC225R_B03","lat":33.51026,"lon":-117.75318,"county":"ORANGE","organization":"OCPHL","batch_year":"2003"},{"station_id":"B03_AC25L","station_name":"AC25L_B03","lat":33.51195,"lon":-117.7549,"county":"ORANGE","organization":"SOCWA","batch_year":"2003"},{"station_id":"B03_AC25ROFFSHORE","station_name":"AC25ROFFSHORE_B03","lat":33.5119,"lon":-117.7549,"county":"ORANGE","organization":"OCPHL","batch_year":"2003"},{"station_id":"B03_AC75LOFFSHORE","station_name":"AC75LOFFSHORE_B03","lat":33.5112,"lon":-117.7542,"county":"ORANGE","organization":"OCPHL","batch_year":"2003"},{"station_id":"B03_AC225ROFFSHORE","station_name":"AC225ROFFSHORE_B03","lat":33.513,"lon":-117.7561,"county":"ORANGE","organization":"SOCWA","batch_year":"2003"},{"station_id":"B03_AC225LOFFSHORE","station_name":"AC225LOFFSHORE_B03","lat":33.5103,"lon":-117.7532,"county":"ORANGE","organization":"OCPHL","batch_year":"2003"},{"station_id":"B03_ACU","station_name":"ACU_B03","lat":33.5117,"lon":-117.75468,"county":"ORANGE","organization":"OCPHL","batch_year":"2003"},{"station_id":"B03_AC25LOFFSHORE","station_name":"AC25LOFFSHORE_B03","lat":33.5115,"lon":-117.7545,"county":"ORANGE","organization":"SOCWA","batch_year":"2003"}]}},{"type":"Feature","geometry":{"type":"Polygon","coordinates":[[[-117.81535967331153,33.499544041003674],[-117.78344012692567,33.523771904926186],[-117.79200358373772,33.55845400296413],[-117.83250505070573,33.56890041087611],[-117.86441975249633,33.54466526232165],[-117.85583784536466,33.50999099477399],[-117.81535967331153,33.499544041003674]]]},"properties":{"h3_index":"8629a54afffffff","station_count":15,"program_id":"bight","program":"Southern California Bight","resolution":6,"stations":[{"station_id":"B98_119002","station_name":"119002_B98","lat":33.5528,"lon":-117.832,"county":"ORANGE","organization":"OCSD","batch_year":"1998"},{"station_id":"B98_119003","station_name":"119003_B98","lat":33.546,"lon":-117.836,"county":"ORANGE","organization":"OCSD","batch_year":"1998"},{"station_id":"B98_119004","station_name":"119004_B98","lat":33.5298,"lon":-117.846,"county":"ORANGE","organization":"OCSD","batch_year":"1998"},{"station_id":"B98_119005","station_name":"119005_B98","lat":33.5135,"lon":-117.855,"county":"ORANGE","organization":"OCSD","batch_year":"1998"},{"station_id":"B98_119001","station_name":"119001_B98","lat":33.5614,"lon":-117.828,"county":"ORANGE","organization":"OCSD","batch_year":"1998"},{"station_id":"2403_B98","station_name":"B98_2403","lat":33.5186,"lon":-117.80297,"county":"ORANGE","organization":"OCSD","batch_year":"1998"},{"station_id":"2402_B98","station_name":"B98_2402","lat":33.55758,"lon":-117.82971,"county":"ORANGE","organization":"SCCWRP","batch_year":"1998"},{"station_id":"4201_B03","station_name":"B03_4201","lat":33.53686,"lon":-117.84848,"county":"ORANGE","organization":"OCSD","batch_year":"2003"},{"station_id":"7236_B08","station_name":"B08-7236","lat":33.53686,"lon":-117.84848,"county":"ORANGE","organization":"OCSD","batch_year":"2008"},{"station_id":"B13-9173","station_name":"B13-9173 OpenwaterStation","lat":33.52456,"lon":-117.79534,"county":"ORANGE","organization":"SCCWRP","batch_year":"2013"},{"station_id":"B13-9163","station_name":"B13-9163 OpenwaterStation","lat":33.50792,"lon":-117.81413,"county":"ORANGE","organization":"SCCWRP","batch_year":"2013"},{"station_id":"B13-9174","station_name":"B13-9174 OpenwaterStation","lat":33.53686,"lon":-117.84848,"county":"ORANGE","organization":"SCCWRP","batch_year":"2013"},{"station_id":"B18-10346","station_name":"B18-10346","lat":33.536861,"lon":-117.847687,"county":"ORANGE","organization":"SCCWRP","batch_year":"2018"},{"station_id":"B13-9177","station_name":"B13-9177 OpenwaterStation","lat":33.54831,"lon":-117.82495,"county":"ORANGE","organization":"SCCWRP","batch_year":"2013"},{"station_id":"1903","station_name":"OCSD Ocean WQ Station 1903","lat":33.54603,"lon":-117.83637,"county":"ORANGE","organization":"SCCWRP","batch_year":"2013"}]}},{"type":"Feature","geometry":{"type":"Polygon","coordinates":[[[-117.69392599998922,33.4681092581146],[-117.66197188078237,33.49231437714009],[-117.67050016678085,33.52702070185094],[-117.71100110130122,33.53751414235999],[-117.74295051214354,33.513301721798605],[-117.73440371021917,33.478603166583],[-117.69392599998922,33.4681092581146]]]},"properties":{"h3_index":"8629a54b7ffffff","station_count":4,"program_id":"bight","program":"Southern California Bight","resolution":6,"stations":[{"station_id":"B98_117001","station_name":"117001_B98","lat":33.4802,"lon":-117.732,"county":"ORANGE","organization":"MEC","batch_year":"1998"},{"station_id":"SCM1","station_name":"Salt Creek Mouth","lat":33.48119,"lon":-117.7249,"county":"ORANGE","organization":"OCPW","batch_year":"2023"},{"station_id":"SCM1uin","station_name":"SCM1 Outlet Influent","lat":33.48166,"lon":-117.72419,"county":"ORANGE","organization":"OCPW","batch_year":"2023"},{"station_id":"SCM1z","station_name":"Salt Creek Mouth Point Zero","lat":33.481293,"lon":-117.725157,"county":"ORANGE","organization":"OCPW","batch_year":"2023"}]}},{"type":"Feature","geometry":{"type":"Polygon","coordinates":[[[-117.91350823376446,33.5897461519208],[-117.88159843440144,33.613988570664276],[-117.89019521699014,33.64863756215749],[-117.93072023063296,33.659036270942394],[-117.96262506965971,33.634786596497435],[-117.95400986890284,33.600145473237376],[-117.91350823376446,33.5897461519208]]]},"properties":{"h3_index":"8629a54c7ffffff","station_count":70,"program_id":"bight","program":"Southern California Bight","resolution":6,"stations":[{"station_id":"B18-10059","station_name":"B18-10059","lat":33.619091,"lon":-117.927147,"county":"ORANGE","organization":"SCCWRP","batch_year":"2018"},{"station_id":"B18-10060","station_name":"B18-10060","lat":33.615051,"lon":-117.925087,"county":"ORANGE","organization":"SCCWRP","batch_year":"2018"},{"station_id":"B18-10061","station_name":"B18-10061","lat":33.61248,"lon":-117.905373,"county":"ORANGE","organization":"SCCWRP","batch_year":"2018"},{"station_id":"B18-10063","station_name":"B18-10063","lat":33.606491,"lon":-117.911247,"county":"ORANGE","organization":"SCCWRP","batch_year":"2018"},{"station_id":"4257_B03","station_name":"B03_4257","lat":33.60293,"lon":-117.89843,"county":"ORANGE","organization":"OCSD","batch_year":"2003"},{"station_id":"4305_B03","station_name":"B03_4305","lat":33.62269,"lon":-117.89268,"county":"ORANGE","organization":"CRGML","batch_year":"2003"},{"station_id":"BRI-10_B03","station_name":"B03_BRI-10","lat":33.61443,"lon":-117.92697,"county":"ORANGE","organization":"OCSD","batch_year":"2003"},{"station_id":"B03_SAR 75 R","station_name":"SAR 75 R_B03","lat":33.62916,"lon":-117.9595,"county":"ORANGE","organization":"OCSD","batch_year":"2003"},{"station_id":"B03_SAR 0","station_name":"SAR 0_B03","lat":33.62902,"lon":-117.9583,"county":"ORANGE","organization":"OCSD","batch_year":"2003"},{"station_id":"B03_TM 225 L","station_name":"TM 225 L_B03","lat":33.62959,"lon":-117.96033,"county":"ORANGE","organization":"OCSD","batch_year":"2003"},{"station_id":"2141_B98","station_name":"B98_2141","lat":33.61067,"lon":-117.90235,"county":"ORANGE","organization":"OCSD","batch_year":"1998"},{"station_id":"2136_B98","station_name":"B98_2136","lat":33.61891,"lon":-117.92728,"county":"ORANGE","organization":"OCSD","batch_year":"1998"},{"station_id":"2137_B98","station_name":"B98_2137","lat":33.61282,"lon":-117.92436,"county":"ORANGE","organization":"SCCWRP","batch_year":"1998"},{"station_id":"2143_B98","station_name":"B98_2143","lat":33.60676,"lon":-117.90572,"county":"ORANGE","organization":"SCCWRP","batch_year":"1998"},{"station_id":"4072_B03","station_name":"B03_4072","lat":33.63664,"lon":-117.95407,"county":"ORANGE","organization":"CRGML","batch_year":"2003"},{"station_id":"4104_B03","station_name":"B03_4104","lat":33.63333,"lon":-117.88773,"county":"ORANGE","organization":"CRGML","batch_year":"2003"},{"station_id":"4129_B03","station_name":"B03_4129","lat":33.61569,"lon":-117.92184,"county":"ORANGE","organization":"OCSD","batch_year":"2003"},{"station_id":"BRI-07_B03","station_name":"B03_BRI-07","lat":33.62085,"lon":-117.93623,"county":"ORANGE","organization":"OCSD","batch_year":"2003"},{"station_id":"6335_B08","station_name":"B08-6335","lat":33.60268,"lon":-117.89683,"county":"ORANGE","organization":"OCSD","batch_year":"2008"},{"station_id":"6343_B08","station_name":"B08-6343","lat":33.6094,"lon":-117.90476,"county":"ORANGE","organization":"CRGML","batch_year":"2008"},{"station_id":"6344_B08","station_name":"B08-6344","lat":33.61023,"lon":-117.92412,"county":"ORANGE","organization":"OCSD","batch_year":"2008"},{"station_id":"6354_B08","station_name":"B08-6354","lat":33.63333,"lon":-117.88773,"county":"ORANGE","organization":"CSD","batch_year":"2008"},{"station_id":"6350_B08","station_name":"B08-6350","lat":33.61891,"lon":-117.92728,"county":"ORANGE","organization":"OCSD","batch_year":"2008"},{"station_id":"6355_B08","station_name":"B08-6355","lat":33.63664,"lon":-117.95407,"county":"ORANGE","organization":"NOAACOAST","batch_year":"2008"},{"station_id":"B98_121001","station_name":"121001_B98","lat":33.6031,"lon":-117.929,"county":"ORANGE","organization":"OCSD","batch_year":"1998"},{"station_id":"B98_121801","station_name":"121801_B98","lat":33.6146,"lon":-117.946,"county":"ORANGE","organization":"OCSD","batch_year":"1998"},{"station_id":"B98_121802","station_name":"121802_B98","lat":33.6045,"lon":-117.954,"county":"ORANGE","organization":"OCSD","batch_year":"1998"},{"station_id":"4221_B03","station_name":"B03_4221","lat":33.62364,"lon":-117.88599,"county":"ORANGE","organization":"CRGML","batch_year":"2003"},{"station_id":"4273_B03","station_name":"B03_4273","lat":33.64223,"lon":-117.95243,"county":"ORANGE","organization":"CRGML","batch_year":"2003"},{"station_id":"B03_SAR 225 L","station_name":"SAR 225 L_B03","lat":33.62754,"lon":-117.9565,"county":"ORANGE","organization":"OCSD","batch_year":"2003"},{"station_id":"B98_121901","station_name":"121901_B98","lat":33.6198,"lon":-117.955,"county":"ORANGE","organization":"OCSD","batch_year":"1998"},{"station_id":"B18-10165","station_name":"B18-10165","lat":33.61797,"lon":-117.9039,"county":"ORANGE","organization":"SCCWRP","batch_year":"2018"},{"station_id":"B03_B03W174","station_name":"B03W174_B03","lat":33.60453,"lon":-117.9544,"county":"ORANGE","organization":"USC","batch_year":"2003"},{"station_id":"B18-10164","station_name":"B18-10164","lat":33.62135,"lon":-117.89479,"county":"ORANGE","organization":"SCCWRP","batch_year":"2018"},{"station_id":"B03_SAR 75 L OFF","station_name":"SAR 75 L OFF_B03","lat":33.62746,"lon":-117.9582,"county":"ORANGE","organization":"OCSD","batch_year":"2003"},{"station_id":"B03_SAR 25 L","station_name":"SAR 25 L_B03","lat":33.62882,"lon":-117.9579,"county":"ORANGE","organization":"OCSD","batch_year":"2003"},{"station_id":"B03_B03W037","station_name":"B03W037_B03","lat":33.60305,"lon":-117.92915,"county":"ORANGE","organization":"USC","batch_year":"2003"},{"station_id":"4423_B03","station_name":"B03_4423","lat":33.60848,"lon":-117.89604,"county":"ORANGE","organization":"OCSD","batch_year":"2003"},{"station_id":"BRI-08_B03","station_name":"B03_BRI-08","lat":33.61202,"lon":-117.92783,"county":"ORANGE","organization":"OCSD","batch_year":"2003"},{"station_id":"B03_SAR 75 L","station_name":"SAR 75 L_B03","lat":33.62853,"lon":-117.9576,"county":"ORANGE","organization":"OCSD","batch_year":"2003"},{"station_id":"SCBPP_1424","station_name":"1424_SCBPP","lat":33.59475,"lon":-117.92222,"county":"ORANGE","organization":"OCSD","batch_year":"1994"},{"station_id":"B13-9197","station_name":"B13-9197 OpenwaterStation","lat":33.60008,"lon":-117.93292,"county":"ORANGE","organization":"SCCWRP","batch_year":"2013"},{"station_id":"2138_B98","station_name":"B98_2138","lat":33.61408,"lon":-117.91378,"county":"ORANGE","organization":"OCSD","batch_year":"1998"},{"station_id":"B13-8279","station_name":"B13-8279 OpenwaterStation","lat":33.61702,"lon":-117.90498,"county":"ORANGE","organization":"SCCWRP","batch_year":"2013"},{"station_id":"B18-10062","station_name":"B18-10062","lat":33.608791,"lon":-117.90477,"county":"ORANGE","organization":"SCCWRP","batch_year":"2018"},{"station_id":"4065_B03","station_name":"B03_4065","lat":33.6094,"lon":-117.90476,"county":"ORANGE","organization":"OCSD","batch_year":"2003"},{"station_id":"2142_B98","station_name":"B98_2142","lat":33.60721,"lon":-117.91058,"county":"ORANGE","organization":"OCSD","batch_year":"1998"},{"station_id":"2326_B98","station_name":"B98_2326","lat":33.6227,"lon":-117.9562,"county":"ORANGE","organization":"OCSD","batch_year":"1998"},{"station_id":"4177_B03","station_name":"B03_4177","lat":33.61296,"lon":-117.91067,"county":"ORANGE","organization":"OCSD","batch_year":"2003"},{"station_id":"2144_B98","station_name":"B98_2144","lat":33.60743,"lon":-117.90021,"county":"ORANGE","organization":"OCSD","batch_year":"1998"},{"station_id":"B18-10163","station_name":"B18-10163","lat":33.62416,"lon":-117.89256,"county":"ORANGE","organization":"SCCWRP","batch_year":"2018"},{"station_id":"B03_SAR 450 L","station_name":"SAR 450 L_B03","lat":33.62672,"lon":-117.95481,"county":"ORANGE","organization":"OCSD","batch_year":"2003"},{"station_id":"4097_B03","station_name":"B03_4097","lat":33.61521,"lon":-117.90282,"county":"ORANGE","organization":"OCSD","batch_year":"2003"},{"station_id":"BRI-09_B03","station_name":"B03_BRI-09","lat":33.61095,"lon":-117.9274,"county":"ORANGE","organization":"OCSD","batch_year":"2003"},{"station_id":"B03W306_B03","station_name":"B03_B03W306","lat":33.6287,"lon":-117.957,"county":"ORANGE","organization":"USC","batch_year":"2003"},{"station_id":"B03_SAR 0 OFF","station_name":"SAR 0 OFF_B03","lat":33.62791,"lon":-117.9591,"county":"ORANGE","organization":"OCSD","batch_year":"2003"},{"station_id":"B18-10161","station_name":"B18-10161","lat":33.63159,"lon":-117.88644,"county":"ORANGE","organization":"SCCWRP","batch_year":"2018"},{"station_id":"B03_B03W173","station_name":"B03W173_B03","lat":33.61462,"lon":-117.94587,"county":"ORANGE","organization":"USC","batch_year":"2003"},{"station_id":"B03_SAR 225 R","station_name":"SAR 225 R_B03","lat":33.62978,"lon":-117.9607,"county":"ORANGE","organization":"OCSD","batch_year":"2003"},{"station_id":"B03_SAR 75 R OFF","station_name":"SAR 75 R OFF_B03","lat":33.6283,"lon":-117.96,"county":"ORANGE","organization":"OCSD","batch_year":"2003"},{"station_id":"B03_SAR 25 R","station_name":"SAR 25 R_B03","lat":33.62912,"lon":-117.959,"county":"ORANGE","organization":"OCSD","batch_year":"2003"},{"station_id":"B03_SAR 225 L OFF","station_name":"SAR 225 L OFF_B03","lat":33.62666,"lon":-117.9572,"county":"ORANGE","organization":"OCSD","batch_year":"2003"},{"station_id":"B03_SAR 25 R OFF","station_name":"SAR 25 R OFF_B03","lat":33.628,"lon":-117.9595,"county":"ORANGE","organization":"OCSD","batch_year":"2003"},{"station_id":"B13-8280","station_name":"B13-8280 OpenwaterStation","lat":33.61891,"lon":-117.92728,"county":"ORANGE","organization":"SCCWRP","batch_year":"2013"},{"station_id":"B03_SAR 25 L OFF","station_name":"SAR 25 L OFF_B03","lat":33.62774,"lon":-117.9587,"county":"ORANGE","organization":"OCSD","batch_year":"2003"},{"station_id":"B13-8286","station_name":"B13-8286 OpenwaterStation","lat":33.63567,"lon":-117.9561,"county":"ORANGE","organization":"SCCWRP","batch_year":"2013"},{"station_id":"B13-8273","station_name":"B13-8273 OpenwaterStation","lat":33.6094,"lon":-117.90476,"county":"ORANGE","organization":"SCCWRP","batch_year":"2013"},{"station_id":"B03_TM 225 L OFF","station_name":"TM 225 L OFF_B03","lat":33.62899,"lon":-117.96071,"county":"ORANGE","organization":"OCSD","batch_year":"2003"},{"station_id":"B03_SAR 450 L OFF","station_name":"SAR 450 L OFF_B03","lat":33.626,"lon":-117.95528,"county":"ORANGE","organization":"OCSD","batch_year":"2003"},{"station_id":"B13-8275","station_name":"B13-8275 OpenwaterStation","lat":33.61521,"lon":-117.89425,"county":"ORANGE","organization":"SCCWRP","batch_year":"2013"}]}},{"type":"Feature","geometry":{"type":"Polygon","coordinates":[[[-117.96262506965971,33.634786596497435],[-117.93072023063296,33.659036270942394],[-117.93933368396542,33.69366861344439],[-117.97987039179853,33.704043398783384],[-118.0117702125043,33.67978648316907],[-118.00313835725706,33.64516202764414],[-117.96262506965971,33.634786596497435]]]},"properties":{"h3_index":"8629a54cfffffff","station_count":2,"program_id":"bight","program":"Southern California Bight","resolution":6,"stations":[{"station_id":"4494_B03","station_name":"B03_4494","lat":33.63788,"lon":-117.96433,"county":"ORANGE","organization":"CRGML","batch_year":"2003"},{"station_id":"B18-10162","station_name":"B18-10162","lat":33.63735,"lon":-117.96364,"county":"ORANGE","organization":"SCCWRP","batch_year":"2018"}]}},{"type":"Feature","geometry":{"type":"Polygon","coordinates":[[[-117.84108516776341,33.60356598761069],[-117.80914534702269,33.6277929683272],[-117.81772366131351,33.66244978633601],[-117.8582602781413,33.67287180140406],[-117.89019521699014,33.64863756215749],[-117.88159843440144,33.613988570664276],[-117.84108516776341,33.60356598761069]]]},"properties":{"h3_index":"8629a54d7ffffff","station_count":13,"program_id":"bight","program":"Southern California Bight","resolution":6,"stations":[{"station_id":"4288_B03","station_name":"B03_4288","lat":33.65104,"lon":-117.86848,"county":"ORANGE","organization":"CRGML","batch_year":"2003"},{"station_id":"BRI-11_B03","station_name":"B03_BRI-11","lat":33.64988,"lon":-117.87075,"county":"ORANGE","organization":"CRGML","batch_year":"2003"},{"station_id":"6362_B08","station_name":"B08-6362","lat":33.64585,"lon":-117.88895,"county":"ORANGE","organization":"CRGML","batch_year":"2008"},{"station_id":"6363_B08","station_name":"B08-6363","lat":33.64658,"lon":-117.8834,"county":"ORANGE","organization":"CRGML","batch_year":"2008"},{"station_id":"B18-10158","station_name":"B18-10158","lat":33.64677,"lon":-117.88462,"county":"ORANGE","organization":"SCCWRP","batch_year":"2018"},{"station_id":"B18-10159","station_name":"B18-10159","lat":33.64582,"lon":-117.88868,"county":"ORANGE","organization":"SCCWRP","batch_year":"2018"},{"station_id":"4017_B03","station_name":"B03_4017","lat":33.64585,"lon":-117.88895,"county":"ORANGE","organization":"CRGML","batch_year":"2003"},{"station_id":"B13-8290","station_name":"B13-8290 OpenwaterStation","lat":33.64585,"lon":-117.88894,"county":"ORANGE","organization":"SCCWRP","batch_year":"2013"},{"station_id":"4337_B03","station_name":"B03_4337","lat":33.64729,"lon":-117.88633,"county":"ORANGE","organization":"CRGML","batch_year":"2003"},{"station_id":"4075_B03","station_name":"B03_4075","lat":33.64658,"lon":-117.8834,"county":"ORANGE","organization":"CRGML","batch_year":"2003"},{"station_id":"4168_B03","station_name":"B03_4168","lat":33.64981,"lon":-117.86689,"county":"ORANGE","organization":"CRGML","batch_year":"2003"},{"station_id":"B13-8292","station_name":"B13-8292 OpenwaterStation","lat":33.64682,"lon":-117.88411,"county":"ORANGE","organization":"SCCWRP","batch_year":"2013"},{"station_id":"B13-8291","station_name":"B13-8291 OpenwaterStation","lat":33.64655,"lon":-117.88678,"county":"ORANGE","organization":"SCCWRP","batch_year":"2013"}]}},{"type":"Feature","geometry":{"type":"Polygon","coordinates":[[[-117.93679436845613,33.53083790543744],[-117.90490968240374,33.55508842459035],[-117.91350823376446,33.5897461519208],[-117.95400986890284,33.600145473237376],[-117.98588957425665,33.575887686729864],[-117.97727263868175,33.5412378505149],[-117.93679436845613,33.53083790543744]]]},"properties":{"h3_index":"8629a54e7ffffff","station_count":16,"program_id":"bight","program":"Southern California Bight","resolution":6,"stations":[{"station_id":"B03W036_B03","station_name":"B03_B03W036","lat":33.56352,"lon":-117.91718,"county":"ORANGE","organization":"USC","batch_year":"2003"},{"station_id":"B03W038_B03","station_name":"B03_B03W038","lat":33.59385,"lon":-117.93677,"county":"ORANGE","organization":"USC","batch_year":"2003"},{"station_id":"B03_B03W040","station_name":"B03W040_B03","lat":33.56998,"lon":-117.9569,"county":"ORANGE","organization":"USC","batch_year":"2003"},{"station_id":"2213_B98","station_name":"B98_2213","lat":33.57184,"lon":-117.97731,"county":"FEDERAL WATERS","organization":"OCSD","batch_year":"1998"},{"station_id":"SCBPP_1444","station_name":"1444_SCBPP","lat":33.58492,"lon":-117.9315,"county":"ORANGE","organization":"OCSD","batch_year":"1994"},{"station_id":"SCBPP_1468","station_name":"1468_SCBPP","lat":33.57228,"lon":-117.96412,"county":"ORANGE","organization":"OCSD","batch_year":"1994"},{"station_id":"B18-10263","station_name":"B18-10263","lat":33.592312,"lon":-117.925308,"county":"ORANGE","organization":"SCCWRP","batch_year":"2018"},{"station_id":"B98_121002","station_name":"121002_B98","lat":33.5939,"lon":-117.937,"county":"ORANGE","organization":"OCSD","batch_year":"1998"},{"station_id":"B98_121003","station_name":"121003_B98","lat":33.5848,"lon":-117.945,"county":"ORANGE","organization":"OCSD","batch_year":"1998"},{"station_id":"B98_121004","station_name":"121004_B98","lat":33.57,"lon":-117.957,"county":"ORANGE","organization":"OCSD","batch_year":"1998"},{"station_id":"B98_121005","station_name":"121005_B98","lat":33.5551,"lon":-117.969,"county":"FEDERAL WATERS","organization":"OCSD","batch_year":"1998"},{"station_id":"2401_B98","station_name":"B98_2401","lat":33.5914,"lon":-117.95776,"county":"ORANGE","organization":"OCSD","batch_year":"1998"},{"station_id":"B13-9178","station_name":"B13-9178 OpenwaterStation","lat":33.55364,"lon":-117.92891,"county":"ORANGE","organization":"SCCWRP","batch_year":"2013"},{"station_id":"4369_B03","station_name":"B03_4369","lat":33.5751,"lon":-117.98489,"county":"FEDERAL WATERS","organization":"OCSD","batch_year":"2003"},{"station_id":"B03_B03W039","station_name":"B03W039_B03","lat":33.58482,"lon":-117.94463,"county":"ORANGE","organization":"USC","batch_year":"2003"},{"station_id":"2103","station_name":"OCSD Ocean WQ Station 2103","lat":33.58482,"lon":-117.94463,"county":"ORANGE","organization":"SCCWRP","batch_year":"2013"}]}},{"type":"Feature","geometry":{"type":"Polygon","coordinates":[[[-117.98588957425665,33.575887686729864],[-117.95400986890284,33.600145473237376],[-117.96262506965971,33.634786596497435],[-118.00313835725706,33.64516202764414],[-118.03501302401583,33.62089698837705],[-118.02637945531943,33.586263774968046],[-117.98588957425665,33.575887686729864]]]},"properties":{"h3_index":"8629a54efffffff","station_count":60,"program_id":"bight","program":"Southern California Bight","resolution":6,"stations":[{"station_id":"4265_B03","station_name":"B03_4265","lat":33.59147,"lon":-118.02659,"county":"FEDERAL WATERS","organization":"OCSD","batch_year":"2003"},{"station_id":"B03_B03W048","station_name":"B03W048_B03","lat":33.62562,"lon":-118.0156,"county":"ORANGE","organization":"USC","batch_year":"2003"},{"station_id":"B03_B03W175","station_name":"B03W175_B03","lat":33.59502,"lon":-117.9624,"county":"ORANGE","organization":"OCSD","batch_year":"2003"},{"station_id":"SCBPP_1417","station_name":"1417_SCBPP","lat":33.59808,"lon":-117.96947,"county":"ORANGE","organization":"PACE","batch_year":"1994"},{"station_id":"SCBPP_1348","station_name":"1348_SCBPP","lat":33.63553,"lon":-118.01522,"county":"ORANGE","organization":"OCSD","batch_year":"1994"},{"station_id":"2212_B98","station_name":"B98_2212","lat":33.58956,"lon":-117.98899,"county":"ORANGE","organization":"OCSD","batch_year":"1998"},{"station_id":"2399_B98","station_name":"B98_2399","lat":33.63478,"lon":-117.99484,"county":"ORANGE","organization":"OCSD","batch_year":"1998"},{"station_id":"4113_B03","station_name":"B03_4113","lat":33.59036,"lon":-117.97115,"county":"ORANGE","organization":"OCSD","batch_year":"2003"},{"station_id":"2453_B98","station_name":"B98_2453","lat":33.62803,"lon":-117.9749,"county":"ORANGE","organization":"OCSD","batch_year":"1998"},{"station_id":"B03_B03W041","station_name":"B03W041_B03","lat":33.62488,"lon":-117.96385,"county":"ORANGE","organization":"USC","batch_year":"2003"},{"station_id":"B03_B03W043","station_name":"B03W043_B03","lat":33.60522,"lon":-117.98017,"county":"ORANGE","organization":"USC","batch_year":"2003"},{"station_id":"B03_TM 0 OFF","station_name":"TM 0 OFF_B03","lat":33.63035,"lon":-117.9626,"county":"ORANGE","organization":"OCSD","batch_year":"2003"},{"station_id":"SCBPP_1401","station_name":"1401_SCBPP","lat":33.60503,"lon":-117.97145,"county":"ORANGE","organization":"OCSD","batch_year":"1994"},{"station_id":"SCBPP_1415","station_name":"1415_SCBPP","lat":33.5987,"lon":-118.01638,"county":"FEDERAL WATERS","organization":"OCSD","batch_year":"1994"},{"station_id":"B98_122102","station_name":"122102_B98","lat":33.6202,"lon":-117.981,"county":"ORANGE","organization":"OCSD","batch_year":"1998"},{"station_id":"B98_122201","station_name":"122201_B98","lat":33.635,"lon":-117.982,"county":"ORANGE","organization":"OCSD","batch_year":"1998"},{"station_id":"B98_122203","station_name":"122203_B98","lat":33.6154,"lon":-117.998,"county":"ORANGE","organization":"OCSD","batch_year":"1998"},{"station_id":"B98_123002","station_name":"123002_B98","lat":33.6342,"lon":-118.008,"county":"ORANGE","organization":"OCSD","batch_year":"1998"},{"station_id":"B98_123003","station_name":"123003_B98","lat":33.6256,"lon":-118.016,"county":"ORANGE","organization":"OCSD","batch_year":"1998"},{"station_id":"B98_123004","station_name":"123004_B98","lat":33.6108,"lon":-118.028,"county":"ORANGE","organization":"OCSD","batch_year":"1998"},{"station_id":"B18-10227","station_name":"B18-10227","lat":33.627762,"lon":-117.987549,"county":"ORANGE","organization":"SCCWRP","batch_year":"2018"},{"station_id":"B98_121803","station_name":"121803_B98","lat":33.5949,"lon":-117.962,"county":"ORANGE","organization":"OCSD","batch_year":"1998"},{"station_id":"B98_121902","station_name":"121902_B98","lat":33.6099,"lon":-117.963,"county":"ORANGE","organization":"OCSD","batch_year":"1998"},{"station_id":"B98_121903","station_name":"121903_B98","lat":33.6001,"lon":-117.971,"county":"ORANGE","organization":"OCSD","batch_year":"1998"},{"station_id":"B98_122003","station_name":"122003_B98","lat":33.6052,"lon":-117.98,"county":"ORANGE","organization":"OCSD","batch_year":"1998"},{"station_id":"B98_122004","station_name":"122004_B98","lat":33.5904,"lon":-117.992,"county":"ORANGE","organization":"OCSD","batch_year":"1998"},{"station_id":"B98_122103","station_name":"122103_B98","lat":33.6103,"lon":-117.989,"county":"ORANGE","organization":"OCSD","batch_year":"1998"},{"station_id":"B98_123001","station_name":"123001_B98","lat":33.6429,"lon":-118.001,"county":"ORANGE","organization":"OCSD","batch_year":"1998"},{"station_id":"B03_TM 450 R","station_name":"TM 450 R_B03","lat":33.63274,"lon":-117.96602,"county":"ORANGE","organization":"OCSD","batch_year":"2003"},{"station_id":"7293_B08","station_name":"B08-7293","lat":33.6278,"lon":-117.9872,"county":"ORANGE","organization":"OCSD","batch_year":"2008"},{"station_id":"B98_122202","station_name":"122202_B98","lat":33.6254,"lon":-117.99,"county":"ORANGE","organization":"OCSD","batch_year":"1998"},{"station_id":"B13-9204","station_name":"B13-9204 OpenwaterStation","lat":33.6278,"lon":-117.9872,"county":"ORANGE","organization":"SCCWRP","batch_year":"2013"},{"station_id":"B98_122001","station_name":"122001_B98","lat":33.6249,"lon":-117.964,"county":"ORANGE","organization":"OCSD","batch_year":"1998"},{"station_id":"B98_122002","station_name":"122002_B98","lat":33.615,"lon":-117.972,"county":"ORANGE","organization":"OCSD","batch_year":"1998"},{"station_id":"B03_B03W049","station_name":"B03W049_B03","lat":33.61082,"lon":-118.0279,"county":"ORANGE","organization":"MEC","batch_year":"2003"},{"station_id":"B03W046_B03","station_name":"B03_B03W046","lat":33.64287,"lon":-118.00107,"county":"ORANGE","organization":"USC","batch_year":"2003"},{"station_id":"SCBPP_1399","station_name":"1399_SCBPP","lat":33.60658,"lon":-117.95763,"county":"ORANGE","organization":"OCSD","batch_year":"1994"},{"station_id":"2211_B98","station_name":"B98_2211","lat":33.58788,"lon":-118.00967,"county":"FEDERAL WATERS","organization":"OCSD","batch_year":"1998"},{"station_id":"2325_B98","station_name":"B98_2325","lat":33.6278,"lon":-117.9872,"county":"ORANGE","organization":"OCSD","batch_year":"1998"},{"station_id":"B98_122101","station_name":"122101_B98","lat":33.63,"lon":-117.973,"county":"ORANGE","organization":"OCSD","batch_year":"1998"},{"station_id":"SCBPP_1378","station_name":"1378_SCBPP","lat":33.61508,"lon":-117.97435,"county":"ORANGE","organization":"OCSD","batch_year":"1994"},{"station_id":"B03_B03W177","station_name":"B03W177_B03","lat":33.62537,"lon":-117.98957,"county":"ORANGE","organization":"USC","batch_year":"2003"},{"station_id":"B03_B03W042","station_name":"B03W042_B03","lat":33.61502,"lon":-117.9719,"county":"ORANGE","organization":"USC","batch_year":"2003"},{"station_id":"B03_B03W044","station_name":"B03W044_B03","lat":33.59038,"lon":-117.99243,"county":"ORANGE","organization":"OCSD","batch_year":"2003"},{"station_id":"B03_B03W178","station_name":"B03W178_B03","lat":33.6154,"lon":-117.99785,"county":"ORANGE","organization":"USC","batch_year":"2003"},{"station_id":"B03_B03W047","station_name":"B03W047_B03","lat":33.63422,"lon":-118.00825,"county":"ORANGE","organization":"MEC","batch_year":"2003"},{"station_id":"B03_B03W176","station_name":"B03W176_B03","lat":33.63498,"lon":-117.9818,"county":"ORANGE","organization":"USC","batch_year":"2003"},{"station_id":"B03_TM 25 R OFF","station_name":"TM 25 R OFF_B03","lat":33.63049,"lon":-117.963,"county":"ORANGE","organization":"OCSD","batch_year":"2003"},{"station_id":"B03_TM 225 R","station_name":"TM 225 R_B03","lat":33.63179,"lon":-117.9642,"county":"ORANGE","organization":"OCSD","batch_year":"2003"},{"station_id":"B03_TM 450 R OFF","station_name":"TM 450 R OFF_B03","lat":33.63231,"lon":-117.9664,"county":"ORANGE","organization":"OCSD","batch_year":"2003"},{"station_id":"B03_TM 75 R","station_name":"TM 75 R_B03","lat":33.631,"lon":-117.9631,"county":"ORANGE","organization":"OCSD","batch_year":"2003"},{"station_id":"B03_TM 225 R OFF","station_name":"TM 225 R OFF_B03","lat":33.63137,"lon":-117.9647,"county":"ORANGE","organization":"OCSD","batch_year":"2003"},{"station_id":"B03_SAR 225 R OFF","station_name":"SAR 225 R OFF_B03","lat":33.62877,"lon":-117.9614,"county":"ORANGE","organization":"OCSD","batch_year":"2003"},{"station_id":"B03_TM 0","station_name":"TM 0_B03","lat":33.6307,"lon":-117.9623,"county":"ORANGE","organization":"OCSD","batch_year":"2003"},{"station_id":"B03_TM 75 R OFF","station_name":"TM 75 R OFF_B03","lat":33.63066,"lon":-117.9634,"county":"ORANGE","organization":"OCSD","batch_year":"2003"},{"station_id":"B03_TM 25 R","station_name":"TM 25 R_B03","lat":33.63082,"lon":-117.9627,"county":"ORANGE","organization":"OCSD","batch_year":"2003"},{"station_id":"B03_TM 25 L OFF","station_name":"TM 25 L OFF_B03","lat":33.63007,"lon":-117.9623,"county":"ORANGE","organization":"OCSD","batch_year":"2003"},{"station_id":"B03_TM 75 L","station_name":"TM 75 L_B03","lat":33.63022,"lon":-117.9616,"county":"ORANGE","organization":"OCSD","batch_year":"2003"},{"station_id":"B03_TM 25 L","station_name":"TM 25 L_B03","lat":33.63049,"lon":-117.962,"county":"ORANGE","organization":"OCSD","batch_year":"2003"},{"station_id":"B03_TM 75 L OFF","station_name":"TM 75 L OFF_B03","lat":33.62983,"lon":-117.962,"county":"ORANGE","organization":"OCSD","batch_year":"2003"}]}},{"type":"Feature","geometry":{"type":"Polygon","coordinates":[[[-117.86441975249633,33.54466526232165],[-117.83250505070573,33.56890041087611],[-117.84108516776341,33.60356598761069],[-117.88159843440144,33.613988570664276],[-117.91350823376446,33.5897461519208],[-117.90490968240374,33.55508842459035],[-117.86441975249633,33.54466526232165]]]},"properties":{"h3_index":"8629a54f7ffffff","station_count":37,"program_id":"bight","program":"Southern California Bight","resolution":6,"stations":[{"station_id":"B98_119802","station_name":"119802_B98","lat":33.572,"lon":-117.864,"county":"ORANGE","organization":"OCSD","batch_year":"1998"},{"station_id":"B98_119803","station_name":"119803_B98","lat":33.5639,"lon":-117.869,"county":"ORANGE","organization":"OCSD","batch_year":"1998"},{"station_id":"B98_119902","station_name":"119902_B98","lat":33.5774,"lon":-117.873,"county":"ORANGE","organization":"OCSD","batch_year":"1998"},{"station_id":"B98_119903","station_name":"119903_B98","lat":33.5693,"lon":-117.878,"county":"ORANGE","organization":"OCSD","batch_year":"1998"},{"station_id":"B98_120002","station_name":"120002_B98","lat":33.5793,"lon":-117.884,"county":"ORANGE","organization":"OCSD","batch_year":"1998"},{"station_id":"B18-10064","station_name":"B18-10064","lat":33.596531,"lon":-117.880272,"county":"ORANGE","organization":"SCCWRP","batch_year":"2018"},{"station_id":"4321_B03","station_name":"B03_4321","lat":33.59819,"lon":-117.87994,"county":"ORANGE","organization":"OCSD","batch_year":"2003"},{"station_id":"4193_B03","station_name":"B03_4193","lat":33.60075,"lon":-117.89236,"county":"ORANGE","organization":"OCSD","batch_year":"2003"},{"station_id":"2145_B98","station_name":"B98_2145","lat":33.60376,"lon":-117.88878,"county":"ORANGE","organization":"SCCWRP","batch_year":"1998"},{"station_id":"B03_B03W027","station_name":"B03W027_B03","lat":33.56393,"lon":-117.86872,"county":"ORANGE","organization":"USC","batch_year":"2003"},{"station_id":"B03_B03W028","station_name":"B03W028_B03","lat":33.5492,"lon":-117.87762,"county":"ORANGE","organization":"USC","batch_year":"2003"},{"station_id":"B03_B03W032","station_name":"B03W032_B03","lat":33.55982,"lon":-117.89513,"county":"ORANGE","organization":"USC","batch_year":"2003"},{"station_id":"B98_119801","station_name":"119801_B98","lat":33.5802,"lon":-117.859,"county":"ORANGE","organization":"OCSD","batch_year":"1998"},{"station_id":"B98_119901","station_name":"119901_B98","lat":33.5855,"lon":-117.868,"county":"ORANGE","organization":"OCSD","batch_year":"1998"},{"station_id":"B98_120001","station_name":"120001_B98","lat":33.5889,"lon":-117.878,"county":"ORANGE","organization":"OCSD","batch_year":"1998"},{"station_id":"B98_120003","station_name":"120003_B98","lat":33.5761,"lon":-117.886,"county":"ORANGE","organization":"OCSD","batch_year":"1998"},{"station_id":"B98_120004","station_name":"120004_B98","lat":33.5598,"lon":-117.895,"county":"ORANGE","organization":"OCSD","batch_year":"1998"},{"station_id":"B98_120102","station_name":"120102_B98","lat":33.5846,"lon":-117.893,"county":"ORANGE","organization":"OCSD","batch_year":"1998"},{"station_id":"B98_120103","station_name":"120103_B98","lat":33.5765,"lon":-117.897,"county":"ORANGE","organization":"OCSD","batch_year":"1998"},{"station_id":"B98_120202","station_name":"120202_B98","lat":33.5881,"lon":-117.903,"county":"ORANGE","organization":"OCSD","batch_year":"1998"},{"station_id":"B98_120101","station_name":"120101_B98","lat":33.5926,"lon":-117.888,"county":"ORANGE","organization":"OCSD","batch_year":"1998"},{"station_id":"B98_120201","station_name":"120201_B98","lat":33.5962,"lon":-117.898,"county":"ORANGE","organization":"OCSD","batch_year":"1998"},{"station_id":"B98_120203","station_name":"120203_B98","lat":33.5799,"lon":-117.907,"county":"ORANGE","organization":"OCSD","batch_year":"1998"},{"station_id":"B03_B03W029","station_name":"B03W029_B03","lat":33.58892,"lon":-117.8782,"county":"ORANGE","organization":"OCSD","batch_year":"2003"},{"station_id":"B03_B03W033","station_name":"B03W033_B03","lat":33.59618,"lon":-117.89803,"county":"ORANGE","organization":"OCSD","batch_year":"2003"},{"station_id":"B13-9192","station_name":"B13-9192 OpenwaterStation","lat":33.58086,"lon":-117.86846,"county":"ORANGE","organization":"SCCWRP","batch_year":"2013"},{"station_id":"B13-9194","station_name":"B13-9194 OpenwaterStation","lat":33.58976,"lon":-117.89468,"county":"ORANGE","organization":"SCCWRP","batch_year":"2013"},{"station_id":"2147_B98","station_name":"B98_2147","lat":33.60055,"lon":-117.89336,"county":"ORANGE","organization":"OCSD","batch_year":"1998"},{"station_id":"2148_B98","station_name":"B98_2148","lat":33.59463,"lon":-117.87958,"county":"ORANGE","organization":"OCSD","batch_year":"1998"},{"station_id":"B03W031_B03","station_name":"B03_B03W031","lat":33.57608,"lon":-117.88573,"county":"ORANGE","organization":"USC","batch_year":"2003"},{"station_id":"2146_B98","station_name":"B98_2146","lat":33.60272,"lon":-117.88758,"county":"ORANGE","organization":"OCSD","batch_year":"1998"},{"station_id":"B03_B03W025","station_name":"B03W025_B03","lat":33.58018,"lon":-117.8594,"county":"ORANGE","organization":"USC","batch_year":"2003"},{"station_id":"B03_B03W035","station_name":"B03W035_B03","lat":33.57993,"lon":-117.90737,"county":"ORANGE","organization":"USC","batch_year":"2003"},{"station_id":"B03_B03W030","station_name":"B03W030_B03","lat":33.57925,"lon":-117.8838,"county":"ORANGE","organization":"USC","batch_year":"2003"},{"station_id":"B03_B03W026","station_name":"B03W026_B03","lat":33.57205,"lon":-117.86407,"county":"ORANGE","organization":"USC","batch_year":"2003"},{"station_id":"B03W034_B03","station_name":"B03_B03W034","lat":33.58805,"lon":-117.9027,"county":"ORANGE","organization":"USC","batch_year":"2003"},{"station_id":"B13-8269","station_name":"B13-8269 OpenwaterStation","lat":33.60067,"lon":-117.89502,"county":"ORANGE","organization":"SCCWRP","batch_year":"2013"}]}},{"type":"Feature","geometry":{"type":"Polygon","coordinates":[[[-118.00649186766682,33.35401361996788],[-117.97468236465077,33.37828796524345],[-117.98328614669813,33.412971492144905],[-118.02371772796391,33.42337271821138],[-118.05552218970463,33.39909107028087],[-118.04690012493037,33.36441550315188],[-118.00649186766682,33.35401361996788]]]},"properties":{"h3_index":"8629a5557ffffff","station_count":2,"program_id":"bight","program":"Southern California Bight","resolution":6,"stations":[{"station_id":"7186_B08","station_name":"B08-7186","lat":33.41845,"lon":-118.02251,"county":"FEDERAL WATERS","organization":"OCSD","batch_year":"2008"},{"station_id":"4169_B03","station_name":"B03_4169","lat":33.41845,"lon":-118.02251,"county":"FEDERAL WATERS","organization":"OCSD","batch_year":"2003"}]}},{"type":"Feature","geometry":{"type":"Polygon","coordinates":[[[-118.05552218970463,33.39909107028087],[-118.02371772796391,33.42337271821138],[-118.03233809550925,33.458039776473086],[-118.07278120469603,33.46841721252431],[-118.10458056752933,33.44412827672067],[-118.09594193359439,33.40946919694265],[-118.05552218970463,33.39909107028087]]]},"properties":{"h3_index":"8629a555fffffff","station_count":1,"program_id":"bight","program":"Southern California Bight","resolution":6,"stations":[{"station_id":"B13-9151","station_name":"B13-9151 OpenwaterStation","lat":33.46467,"lon":-118.06632,"county":"ORANGE","organization":"SCCWRP","batch_year":"2013"}]}},{"type":"Feature","geometry":{"type":"Polygon","coordinates":[[[-118.0296708613896,33.29503950080471],[-117.99788636713944,33.319321629563866],[-118.00649186766682,33.35401361996788],[-118.04690012493037,33.36441550315188],[-118.07867955788214,33.34012605985826],[-118.07005580833233,33.30544205211435],[-118.0296708613896,33.29503950080471]]]},"properties":{"h3_index":"8629a5577ffffff","station_count":1,"program_id":"bight","program":"Southern California Bight","resolution":6,"stations":[{"station_id":"B18-10370","station_name":"B18-10370","lat":33.35434,"lon":-118.043114,"county":"OOS","organization":"SCCWRP","batch_year":"2018"}]}},{"type":"Feature","geometry":{"type":"Polygon","coordinates":[[[-117.78967869050746,33.39544681605346],[-117.75777940898,33.41967544601914],[-117.76632804344486,33.454382601690725],[-117.8067944051693,33.464853297279866],[-117.83868887923231,33.44061735644254],[-117.83012181243808,33.40591803517002],[-117.78967869050746,33.39544681605346]]]},"properties":{"h3_index":"8629a558fffffff","station_count":1,"program_id":"bight","program":"Southern California Bight","resolution":6,"stations":[{"station_id":"B18-10369","station_name":"B18-10369","lat":33.45229,"lon":-117.77684,"county":"ORANGE","organization":"SCCWRP","batch_year":"2018"}]}},{"type":"Feature","geometry":{"type":"Polygon","coordinates":[[[-117.66835031949766,33.36393952606933],[-117.63641658554964,33.388145449884945],[-117.64493009406121,33.42287672633108],[-117.68539584752237,33.43339431003409],[-117.71732490990958,33.409181058525675],[-117.70879290373789,33.37445755532145],[-117.66835031949766,33.36393952606933]]]},"properties":{"h3_index":"8629a5597ffffff","station_count":12,"program_id":"bight","program":"Southern California Bight","resolution":6,"stations":[{"station_id":"B98_115003","station_name":"115003_B98","lat":33.4106,"lon":-117.657,"county":"ORANGE","organization":"MEC","batch_year":"1998"},{"station_id":"B98_115002","station_name":"115002_B98","lat":33.4163,"lon":-117.647,"county":"ORANGE","organization":"MEC","batch_year":"1998"},{"station_id":"B98_115903","station_name":"115903_B98","lat":33.4288,"lon":-117.683,"county":"ORANGE","organization":"MEC","batch_year":"1998"},{"station_id":"2348_B98","station_name":"B98_2348","lat":33.39535,"lon":-117.66508,"county":"ORANGE","organization":"CRGML","batch_year":"1998"},{"station_id":"2404_B98","station_name":"B98_2404","lat":33.42203,"lon":-117.65541,"county":"ORANGE","organization":"SCCWRP","batch_year":"1998"},{"station_id":"4062_B03","station_name":"B03_4062","lat":33.43071,"lon":-117.67675,"county":"ORANGE","organization":"OCSD","batch_year":"2003"},{"station_id":"4350_B03","station_name":"B03_4350","lat":33.428,"lon":-117.686,"county":"ORANGE","organization":"OCSD","batch_year":"2003"},{"station_id":"7185_B08","station_name":"B08-7185","lat":33.40608,"lon":-117.67847,"county":"ORANGE","organization":"NOAACOAST","batch_year":"2008"},{"station_id":"B13-9137","station_name":"B13-9137 OpenwaterStation","lat":33.36965,"lon":-117.68986,"county":"ORANGE","organization":"SCCWRP","batch_year":"2013"},{"station_id":"2347_B98","station_name":"B98_2347","lat":33.40483,"lon":-117.65442,"county":"ORANGE","organization":"CAS","batch_year":"1998"},{"station_id":"4222_B03","station_name":"B03_4222","lat":33.4282,"lon":-117.69035,"county":"ORANGE","organization":"OCSD","batch_year":"2003"},{"station_id":"4190_B03","station_name":"B03_4190","lat":33.39655,"lon":-117.64992,"county":"ORANGE","organization":"USC","batch_year":"2003"}]}},{"type":"Feature","geometry":{"type":"Polygon","coordinates":[[[-117.71732490990958,33.409181058525675],[-117.68539584752237,33.43339431003409],[-117.69392599998922,33.4681092581146],[-117.73440371021917,33.478603166583],[-117.76632804344486,33.454382601690725],[-117.75777940898,33.41967544601914],[-117.71732490990958,33.409181058525675]]]},"properties":{"h3_index":"8629a559fffffff","station_count":32,"program_id":"bight","program":"Southern California Bight","resolution":6,"stations":[{"station_id":"B98_116003","station_name":"116003_B98","lat":33.4343,"lon":-117.693,"county":"ORANGE","organization":"MEC","batch_year":"1998"},{"station_id":"B98_116004","station_name":"116004_B98","lat":33.4228,"lon":-117.711,"county":"ORANGE","organization":"MEC","batch_year":"1998"},{"station_id":"B98_116102","station_name":"116102_B98","lat":33.443,"lon":-117.696,"county":"ORANGE","organization":"MEC","batch_year":"1998"},{"station_id":"B98_116103","station_name":"116103_B98","lat":33.4376,"lon":-117.704,"county":"ORANGE","organization":"MEC","batch_year":"1998"},{"station_id":"B98_116202","station_name":"116202_B98","lat":33.4477,"lon":-117.706,"county":"ORANGE","organization":"MEC","batch_year":"1998"},{"station_id":"B98_116203","station_name":"116203_B98","lat":33.4421,"lon":-117.715,"county":"ORANGE","organization":"MEC","batch_year":"1998"},{"station_id":"B98_116201","station_name":"116201_B98","lat":33.4532,"lon":-117.697,"county":"ORANGE","organization":"MEC","batch_year":"1998"},{"station_id":"4094_B03","station_name":"B03_4094","lat":33.43967,"lon":-117.69386,"county":"ORANGE","organization":"OCSD","batch_year":"2003"},{"station_id":"BRI-12_B03","station_name":"B03_BRI-12","lat":33.46067,"lon":-117.69837,"county":"ORANGE","organization":"CRGML","batch_year":"2003"},{"station_id":"2149_B98","station_name":"B98_2149","lat":33.46303,"lon":-117.70377,"county":"ORANGE","organization":"OCSD","batch_year":"1998"},{"station_id":"2151_B98","station_name":"B98_2151","lat":33.46183,"lon":-117.69773,"county":"ORANGE","organization":"OCSD","batch_year":"1998"},{"station_id":"2284_B98","station_name":"B98_2284","lat":33.434,"lon":-117.697,"county":"ORANGE","organization":"CRGML","batch_year":"1998"},{"station_id":"2457_B98","station_name":"B98_2457","lat":33.44105,"lon":-117.69137,"county":"ORANGE","organization":"SCCWRP","batch_year":"1998"},{"station_id":"6320_B08","station_name":"B08-6320","lat":33.45894,"lon":-117.69773,"county":"ORANGE","organization":"CRGML","batch_year":"2008"},{"station_id":"6325_B08","station_name":"B08-6325","lat":33.46071,"lon":-117.70556,"county":"ORANGE","organization":"CRGML","batch_year":"2008"},{"station_id":"6327_B08","station_name":"B08-6327","lat":33.46092,"lon":-117.7023,"county":"ORANGE","organization":"CRGML","batch_year":"2008"},{"station_id":"6328_B08","station_name":"B08-6328","lat":33.46195,"lon":-117.70205,"county":"ORANGE","organization":"CRGML","batch_year":"2008"},{"station_id":"4318_B03","station_name":"B03_4318","lat":33.46323,"lon":-117.70382,"county":"ORANGE","organization":"OCSD","batch_year":"2003"},{"station_id":"7193_B08","station_name":"B08-7193","lat":33.43037,"lon":-117.74519,"county":"ORANGE","organization":"OCSD","batch_year":"2008"},{"station_id":"B13-8259","station_name":"B13-8259 OpenwaterStation","lat":33.45894,"lon":-117.69773,"county":"ORANGE","organization":"SCCWRP","batch_year":"2013"},{"station_id":"B13-8263","station_name":"B13-8263 OpenwaterStation","lat":33.46071,"lon":-117.70556,"county":"ORANGE","organization":"SCCWRP","batch_year":"2013"},{"station_id":"B13-8267","station_name":"B13-8267 OpenwaterStation","lat":33.46195,"lon":-117.70205,"county":"ORANGE","organization":"SCCWRP","batch_year":"2013"},{"station_id":"B13-9152","station_name":"B13-9152 OpenwaterStation","lat":33.47427,"lon":-117.73662,"county":"ORANGE","organization":"SCCWRP","batch_year":"2013"},{"station_id":"2281_B98","station_name":"B98_2281","lat":33.4329,"lon":-117.6985,"county":"ORANGE","organization":"CRGML","batch_year":"1998"},{"station_id":"2283_B98","station_name":"B98_2283","lat":33.4317,"lon":-117.6895,"county":"ORANGE","organization":"SCCWRP","batch_year":"1998"},{"station_id":"BRI-13_B03","station_name":"B03_BRI-13","lat":33.45883,"lon":-117.69813,"county":"ORANGE","organization":"CRGML","batch_year":"2003"},{"station_id":"B18-10067","station_name":"B18-10067","lat":33.458842,"lon":-117.699245,"county":"ORANGE","organization":"SCCWRP","batch_year":"2018"},{"station_id":"B13-8265","station_name":"B13-8265 OpenwaterStation","lat":33.46092,"lon":-117.7023,"county":"ORANGE","organization":"SCCWRP","batch_year":"2013"},{"station_id":"B18-10068","station_name":"B18-10068","lat":33.457618,"lon":-117.691395,"county":"ORANGE","organization":"SCCWRP","batch_year":"2018"},{"station_id":"B18-10065","station_name":"B18-10065","lat":33.460658,"lon":-117.700901,"county":"ORANGE","organization":"SCCWRP","batch_year":"2018"},{"station_id":"2150_B98","station_name":"B98_2150","lat":33.46248,"lon":-117.70234,"county":"ORANGE","organization":"OCSD","batch_year":"1998"},{"station_id":"B18-10066","station_name":"B18-10066","lat":33.460093,"lon":-117.693975,"county":"ORANGE","organization":"SCCWRP","batch_year":"2018"}]}},{"type":"Feature","geometry":{"type":"Polygon","coordinates":[[[-117.76404211421816,33.291274982197564],[-117.73216308798666,33.315504260673784],[-117.74069693513812,33.350236250643654],[-117.78112823620383,33.36073112817368],[-117.81300249193671,33.3364945124498],[-117.80445023045769,33.30177036072133],[-117.76404211421816,33.291274982197564]]]},"properties":{"h3_index":"8629a55a7ffffff","station_count":1,"program_id":"bight","program":"Southern California Bight","resolution":6,"stations":[{"station_id":"7173_B08","station_name":"B08-7173","lat":33.29897,"lon":-117.77856,"county":"FEDERAL WATERS","organization":"OCSD","batch_year":"2008"}]}},{"type":"Feature","geometry":{"type":"Polygon","coordinates":[[[-118.2549168755164,33.741659070436285],[-118.22308815108362,33.76596106448402],[-118.23178830129292,33.800527152769675],[-118.27233544042478,33.81078322611309],[-118.30415881591792,33.786474041615676],[-118.29544041493273,33.751915978409016],[-118.2549168755164,33.741659070436285]]]},"properties":{"h3_index":"8629a5607ffffff","station_count":20,"program_id":"bight","program":"Southern California Bight","resolution":6,"stations":[{"station_id":"B18-10052","station_name":"B18-10052","lat":33.773667,"lon":-118.24765,"county":"LOS ANGELES","organization":"SCCWRP","batch_year":"2018"},{"station_id":"B18-10053","station_name":"B18-10053","lat":33.767233,"lon":-118.24965,"county":"LOS ANGELES","organization":"SCCWRP","batch_year":"2018"},{"station_id":"B18-10090","station_name":"B18-10090","lat":33.766217,"lon":-118.277683,"county":"LOS ANGELES","organization":"SCCWRP","batch_year":"2018"},{"station_id":"B03W079_B03","station_name":"B03_B03W079","lat":33.7677,"lon":-118.2503,"county":"LOS ANGELES","organization":"USC","batch_year":"2003"},{"station_id":"BRI-04_B03","station_name":"B03_BRI-04","lat":33.77058,"lon":-118.24997,"county":"LOS ANGELES","organization":"CRGML","batch_year":"2003"},{"station_id":"2170_B98","station_name":"B98_2170","lat":33.76412,"lon":-118.256,"county":"LOS ANGELES","organization":"CLAEMD","batch_year":"1998"},{"station_id":"4266_B03","station_name":"B03_4266","lat":33.76623,"lon":-118.27732,"county":"LOS ANGELES","organization":"CLAEMD","batch_year":"2003"},{"station_id":"BRI-05_B03","station_name":"B03_BRI-05","lat":33.77593,"lon":-118.24295,"county":"LOS ANGELES","organization":"CRGML","batch_year":"2003"},{"station_id":"B18-10092","station_name":"B18-10092","lat":33.759683,"lon":-118.260583,"county":"LOS ANGELES","organization":"SCCWRP","batch_year":"2018"},{"station_id":"6487_B08","station_name":"B08-6487","lat":33.76623,"lon":-118.27732,"county":"LOS ANGELES","organization":"CRGML","batch_year":"2008"},{"station_id":"6489_B08","station_name":"B08-6489","lat":33.7668,"lon":-118.24909,"county":"LOS ANGELES","organization":"CRGML","batch_year":"2008"},{"station_id":"6482_B08","station_name":"B08-6482","lat":33.76342,"lon":-118.25095,"county":"LOS ANGELES","organization":"CRGML","batch_year":"2008"},{"station_id":"2421_B98","station_name":"B98_2421","lat":33.76646,"lon":-118.24132,"county":"LOS ANGELES","organization":"CRGML","batch_year":"1998"},{"station_id":"B13-8367","station_name":"B13-8367-Los Angeles Inner Harbor","lat":33.74853,"lon":-118.2489,"county":"LOS ANGELES","organization":"SCCWRP","batch_year":"2013"},{"station_id":"B13-8397","station_name":"B13-8397-Los Angeles Inner Harbor","lat":33.767,"lon":-118.24938,"county":"LOS ANGELES","organization":"SCCWRP","batch_year":"2013"},{"station_id":"2169_B98","station_name":"B98_2169","lat":33.76801,"lon":-118.27816,"county":"LOS ANGELES","organization":"CLAEMD","batch_year":"1998"},{"station_id":"B13-8396","station_name":"B13-8396-Los Angeles Inner Harbor","lat":33.7662,"lon":-118.27747,"county":"LOS ANGELES","organization":"SCCWRP","batch_year":"2013"},{"station_id":"B13-8384","station_name":"B13-8384-Los Angeles Inner Harbor","lat":33.75686,"lon":-118.27742,"county":"LOS ANGELES","organization":"SCCWRP","batch_year":"2013"},{"station_id":"4010_B03","station_name":"B03_4010","lat":33.7668,"lon":-118.24909,"county":"LOS ANGELES","organization":"CLAEMD","batch_year":"2003"},{"station_id":"2430_B98","station_name":"B98_2430","lat":33.76916,"lon":-118.22453,"county":"LOS ANGELES","organization":"CRGML","batch_year":"1998"}]}},{"type":"Feature","geometry":{"type":"Polygon","coordinates":[[[-118.18255235692476,33.75568089151626],[-118.15069315408006,33.77996760104609],[-118.15937500263256,33.8145416732696],[-118.1999343693773,33.82482105623324],[-118.23178830129292,33.800527152769675],[-118.22308815108362,33.76596106448402],[-118.18255235692476,33.75568089151626]]]},"properties":{"h3_index":"8629a5617ffffff","station_count":27,"program_id":"bight","program":"Southern California Bight","resolution":6,"stations":[{"station_id":"B18-10677","station_name":"B18-10677","lat":33.7752,"lon":-118.20581,"county":"LOS ANGELES","organization":"SCCWRP","batch_year":"2018"},{"station_id":"B18-10772","station_name":"B18-10772","lat":33.80271,"lon":-118.20541,"county":"LOS ANGELES","organization":"SCCWRP","batch_year":"2018"},{"station_id":"B18-10774","station_name":"B18-10774","lat":33.79818,"lon":-118.2052,"county":"LOS ANGELES","organization":"SCCWRP","batch_year":"2018"},{"station_id":"B18-10776","station_name":"B18-10776","lat":33.79285,"lon":-118.20511,"county":"LOS ANGELES","organization":"SCCWRP","batch_year":"2018"},{"station_id":"B18-10778","station_name":"B18-10778","lat":33.78753,"lon":-118.20475,"county":"LOS ANGELES","organization":"SCCWRP","batch_year":"2018"},{"station_id":"B18-10054","station_name":"B18-10054","lat":33.76028,"lon":-118.18738,"county":"LOS ANGELES","organization":"SCCWRP","batch_year":"2018"},{"station_id":"B18-10089","station_name":"B18-10089","lat":33.769567,"lon":-118.22305,"county":"LOS ANGELES","organization":"SCCWRP","batch_year":"2018"},{"station_id":"4338_B03","station_name":"B03_4338","lat":33.76249,"lon":-118.20776,"county":"LOS ANGELES","organization":"CLAEMD","batch_year":"2003"},{"station_id":"4600_B03","station_name":"B03_4600","lat":33.77379,"lon":-118.20631,"county":"LOS ANGELES","organization":"CRGML","batch_year":"2003"},{"station_id":"4142_B03","station_name":"B03_4142","lat":33.78073,"lon":-118.20585,"county":"LOS ANGELES","organization":"CRGML","batch_year":"2003"},{"station_id":"4788_B03","station_name":"B03_4788","lat":33.77996,"lon":-118.20608,"county":"LOS ANGELES","organization":"CRGML","batch_year":"2003"},{"station_id":"5108_B03","station_name":"B03_5108","lat":33.80261,"lon":-118.22818,"county":"LOS ANGELES","organization":"CSD","batch_year":"2003"},{"station_id":"B03W304_B03","station_name":"B03_B03W304","lat":33.7669,"lon":-118.206,"county":"LOS ANGELES","organization":"USC","batch_year":"2003"},{"station_id":"B18-10148","station_name":"B18-10148","lat":33.77783,"lon":-118.20531,"county":"LOS ANGELES","organization":"SCCWRP","batch_year":"2018"},{"station_id":"B18-10150","station_name":"B18-10150","lat":33.76144,"lon":-118.2001,"county":"LOS ANGELES","organization":"SCCWRP","batch_year":"2018"},{"station_id":"6500_B08","station_name":"B08-6500","lat":33.78073,"lon":-118.20585,"county":"LOS ANGELES","organization":"CSD","batch_year":"2008"},{"station_id":"6493_B08","station_name":"B08-6493","lat":33.76988,"lon":-118.21699,"county":"LOS ANGELES","organization":"CRGML","batch_year":"2008"},{"station_id":"B13-8399","station_name":"B13-8399-Long Beach Inner Harbor","lat":33.76871,"lon":-118.22204,"county":"LOS ANGELES","organization":"SCCWRP","batch_year":"2013"},{"station_id":"B13-8401","station_name":"B13-8401-Long Beach Inner Harbor","lat":33.77158,"lon":-118.2118,"county":"LOS ANGELES","organization":"SCCWRP","batch_year":"2013"},{"station_id":"B13-8390","station_name":"B13-8390 OpenwaterStation","lat":33.76101,"lon":-118.20211,"county":"LOS ANGELES","organization":"SCCWRP","batch_year":"2013"},{"station_id":"B13-8391","station_name":"B13-8391 OpenwaterStation","lat":33.76256,"lon":-118.20497,"county":"LOS ANGELES","organization":"SCCWRP","batch_year":"2013"},{"station_id":"BRI-06_B03","station_name":"B03_BRI-06","lat":33.75925,"lon":-118.18983,"county":"LOS ANGELES","organization":"CRGML","batch_year":"2003"},{"station_id":"4440_B03","station_name":"B03_4440","lat":33.76554,"lon":-118.20633,"county":"LOS ANGELES","organization":"CSD","batch_year":"2003"},{"station_id":"B13-8403","station_name":"B13-8403 OpenwaterStation","lat":33.78073,"lon":-118.20585,"county":"LOS ANGELES","organization":"SCCWRP","batch_year":"2013"},{"station_id":"B18-10674","station_name":"B18-10674","lat":33.79426,"lon":-118.229416,"county":"LOS ANGELES","organization":"SCCWRP","batch_year":"2018"},{"station_id":"4856_B03","station_name":"B03_4856","lat":33.76993,"lon":-118.20629,"county":"LOS ANGELES","organization":"CSD","batch_year":"2003"},{"station_id":"2450_B98","station_name":"B98_2450","lat":33.76004,"lon":-118.19923,"county":"LOS ANGELES","organization":"CRGML","batch_year":"1998"}]}},{"type":"Feature","geometry":{"type":"Polygon","coordinates":[[[-118.23178830129292,33.800527152769675],[-118.1999343693773,33.82482105623324],[-118.20863289206466,33.85937820795778],[-118.24920364518366,33.86963345817264],[-118.28105224790167,33.845332375593095],[-118.27233544042478,33.81078322611309],[-118.23178830129292,33.800527152769675]]]},"properties":{"h3_index":"8629a561fffffff","station_count":6,"program_id":"bight","program":"Southern California Bight","resolution":6,"stations":[{"station_id":"4206_B03","station_name":"B03_4206","lat":33.80819,"lon":-118.22892,"county":"LOS ANGELES","organization":"CRGML","batch_year":"2003"},{"station_id":"5012_B03","station_name":"B03_5012","lat":33.81636,"lon":-118.23644,"county":"LOS ANGELES","organization":"CSD","batch_year":"2003"},{"station_id":"4436_B03","station_name":"B03_4436","lat":33.80886,"lon":-118.22874,"county":"LOS ANGELES","organization":"SCCWRP","batch_year":"2003"},{"station_id":"4852_B03","station_name":"B03_4852","lat":33.80323,"lon":-118.22836,"county":"LOS ANGELES","organization":"CSD","batch_year":"2003"},{"station_id":"4270_B03","station_name":"B03_4270","lat":33.82032,"lon":-118.24138,"county":"LOS ANGELES","organization":"CRGML","batch_year":"2003"},{"station_id":"B18-10760","station_name":"B18-10760","lat":33.84,"lon":-118.27,"county":"LOS ANGELES","organization":"SCCWRP","batch_year":"2018"}]}},{"type":"Feature","geometry":{"type":"Polygon","coordinates":[[[-118.27801865383252,33.68277410717161],[-118.24621511022983,33.70708411294503],[-118.2549168755164,33.741659070436285],[-118.29544041493273,33.751915978409016],[-118.32723858993833,33.72759877079362],[-118.31851860782596,33.693031861218046],[-118.27801865383252,33.68277410717161]]]},"properties":{"h3_index":"8629a5627ffffff","station_count":43,"program_id":"bight","program":"Southern California Bight","resolution":6,"stations":[{"station_id":"B18-10013","station_name":"B18-10013","lat":33.712433,"lon":-118.2582,"county":"LOS ANGELES","organization":"SCCWRP","batch_year":"2018"},{"station_id":"B18-10014","station_name":"B18-10014","lat":33.710033,"lon":-118.27885,"county":"LOS ANGELES","organization":"SCCWRP","batch_year":"2018"},{"station_id":"B18-10057","station_name":"B18-10057","lat":33.71925,"lon":-118.281317,"county":"LOS ANGELES","organization":"SCCWRP","batch_year":"2018"},{"station_id":"BRI-03_B03","station_name":"B03_BRI-03","lat":33.73721,"lon":-118.26634,"county":"LOS ANGELES","organization":"CRGML","batch_year":"2003"},{"station_id":"B03W075_B03","station_name":"B03_B03W075","lat":33.70288,"lon":-118.28438,"county":"LOS ANGELES","organization":"USC","batch_year":"2003"},{"station_id":"2176_B98","station_name":"B98_2176","lat":33.7311,"lon":-118.26128,"county":"LOS ANGELES","organization":"SCCWRP","batch_year":"1998"},{"station_id":"2184_B98","station_name":"B98_2184","lat":33.72131,"lon":-118.26908,"county":"LOS ANGELES","organization":"SCCWRP","batch_year":"1998"},{"station_id":"2390_B98","station_name":"B98_2390","lat":33.69334,"lon":-118.26469,"county":"LOS ANGELES","organization":"LACSD","batch_year":"1998"},{"station_id":"2389_B98","station_name":"B98_2389","lat":33.7095,"lon":-118.32193,"county":"LOS ANGELES","organization":"LACSD","batch_year":"1998"},{"station_id":"4170_B03","station_name":"B03_4170","lat":33.69851,"lon":-118.30383,"county":"LOS ANGELES","organization":"LACSD","batch_year":"2003"},{"station_id":"B03_B03W076","station_name":"B03W076_B03","lat":33.69327,"lon":-118.28908,"county":"LOS ANGELES","organization":"USC","batch_year":"2003"},{"station_id":"B03W071_B03","station_name":"B03_B03W071","lat":33.70775,"lon":-118.24666,"county":"LOS ANGELES","organization":"USC","batch_year":"2003"},{"station_id":"SCBPP_1267","station_name":"1267_SCBPP","lat":33.68913,"lon":-118.30055,"county":"LOS ANGELES","organization":"LACSD","batch_year":"1994"},{"station_id":"6383_B08","station_name":"B08-6383","lat":33.70781,"lon":-118.26975,"county":"LOS ANGELES","organization":"CRGML","batch_year":"2008"},{"station_id":"6384_B08","station_name":"B08-6384","lat":33.70899,"lon":-118.26202,"county":"LOS ANGELES","organization":"CRGML","batch_year":"2008"},{"station_id":"6386_B08","station_name":"B08-6386","lat":33.71205,"lon":-118.25789,"county":"LOS ANGELES","organization":"CRGML","batch_year":"2008"},{"station_id":"B18-10098","station_name":"B18-10098","lat":33.742283,"lon":-118.274167,"county":"LOS ANGELES","organization":"SCCWRP","batch_year":"2018"},{"station_id":"B18-10099","station_name":"B18-10099","lat":33.74,"lon":-118.276183,"county":"LOS ANGELES","organization":"SCCWRP","batch_year":"2018"},{"station_id":"B18-10103","station_name":"B18-10103","lat":33.737383,"lon":-118.266083,"county":"LOS ANGELES","organization":"SCCWRP","batch_year":"2018"},{"station_id":"B18-10108","station_name":"B18-10108","lat":33.723867,"lon":-118.262117,"county":"LOS ANGELES","organization":"SCCWRP","batch_year":"2018"},{"station_id":"B18-10111","station_name":"B18-10111","lat":33.71763,"lon":-118.26845,"county":"LOS ANGELES","organization":"SCCWRP","batch_year":"2018"},{"station_id":"B18-10224","station_name":"B18-10224","lat":33.69525,"lon":-118.29598,"county":"LOS ANGELES","organization":"SCCWRP","batch_year":"2018"},{"station_id":"6424_B08","station_name":"B08-6424","lat":33.73249,"lon":-118.2532,"county":"LOS ANGELES","organization":"CRGML","batch_year":"2008"},{"station_id":"6402_B08","station_name":"B08-6402","lat":33.72387,"lon":-118.26265,"county":"LOS ANGELES","organization":"CRGML","batch_year":"2008"},{"station_id":"4042_B03","station_name":"B03_4042","lat":33.69541,"lon":-118.29616,"county":"LOS ANGELES","organization":"LACSD","batch_year":"2003"},{"station_id":"7321_B08","station_name":"B08-7321","lat":33.69541,"lon":-118.29616,"county":"LOS ANGELES","organization":"LACSD","batch_year":"2008"},{"station_id":"B13-8316","station_name":"B13-8316-Los Angeles Inner Harbor","lat":33.72387,"lon":-118.2627,"county":"LOS ANGELES","organization":"SCCWRP","batch_year":"2013"},{"station_id":"B13-8340","station_name":"B13-8340-Los Angeles Inner Harbor","lat":33.73549,"lon":-118.27676,"county":"LOS ANGELES","organization":"SCCWRP","batch_year":"2013"},{"station_id":"7324_B08","station_name":"B08-7324","lat":33.702,"lon":-118.30387,"county":"LOS ANGELES","organization":"LACSD","batch_year":"2008"},{"station_id":"B13-8302","station_name":"B13-8302-Los Angeles Outer Harbor","lat":33.71242,"lon":-118.2579,"county":"LOS ANGELES","organization":"SCCWRP","batch_year":"2013"},{"station_id":"B13-8306","station_name":"B13-8306-Los Angeles Harbor Inner Cabrillo Beach","lat":33.71475,"lon":-118.28269,"county":"LOS ANGELES","organization":"SCCWRP","batch_year":"2013"},{"station_id":"4178_B03","station_name":"B03_4178","lat":33.71205,"lon":-118.25789,"county":"LOS ANGELES","organization":"CLAEMD","batch_year":"2003"},{"station_id":"4050_B03","station_name":"B03_4050","lat":33.72416,"lon":-118.26216,"county":"LOS ANGELES","organization":"CLAEMD","batch_year":"2003"},{"station_id":"B03_B03W184","station_name":"B03W184_B03","lat":33.72234,"lon":-118.26041,"county":"LOS ANGELES","organization":"USC","batch_year":"2003"},{"station_id":"B13-9229","station_name":"B13-9229 OpenwaterStation","lat":33.69541,"lon":-118.29616,"county":"LOS ANGELES","organization":"SCCWRP","batch_year":"2013"},{"station_id":"2174_B98","station_name":"B98_2174","lat":33.73431,"lon":-118.2666,"county":"LOS ANGELES","organization":"OCSD","batch_year":"1998"},{"station_id":"2178_B98","station_name":"B98_2178","lat":33.72796,"lon":-118.27064,"county":"LOS ANGELES","organization":"CRGML","batch_year":"1998"},{"station_id":"2168_B98","station_name":"B98_2168","lat":33.71185,"lon":-118.25079,"county":"LOS ANGELES","organization":"SCCWRP","batch_year":"1998"},{"station_id":"2182_B98","station_name":"B98_2182","lat":33.72387,"lon":-118.26265,"county":"LOS ANGELES","organization":"CRGML","batch_year":"1998"},{"station_id":"2428_B98","station_name":"B98_2428","lat":33.71876,"lon":-118.25915,"county":"LOS ANGELES","organization":"SCCWRP","batch_year":"1998"},{"station_id":"4138_B03","station_name":"B03_4138","lat":33.72251,"lon":-118.27938,"county":"LOS ANGELES","organization":"CLAEMD","batch_year":"2003"},{"station_id":"B03_B03W081","station_name":"B03W081_B03","lat":33.7104,"lon":-118.2614,"county":"LOS ANGELES","organization":"USC","batch_year":"2003"},{"station_id":"B03_B03W080","station_name":"B03W080_B03","lat":33.7188,"lon":-118.2685,"county":"LOS ANGELES","organization":"USC","batch_year":"2003"}]}},{"type":"Feature","geometry":{"type":"Polygon","coordinates":[[[-118.20570287449502,33.69680313852693],[-118.173868859301,33.72109792724436],[-118.18255235692476,33.75568089151626],[-118.22308815108362,33.76596106448402],[-118.2549168755164,33.741659070436285],[-118.24621511022983,33.70708411294503],[-118.20570287449502,33.69680313852693]]]},"properties":{"h3_index":"8629a5637ffffff","station_count":90,"program_id":"bight","program":"Southern California Bight","resolution":6,"stations":[{"station_id":"B18-10007","station_name":"B18-10007","lat":33.733683,"lon":-118.211567,"county":"LOS ANGELES","organization":"SCCWRP","batch_year":"2018"},{"station_id":"B18-10012","station_name":"B18-10012","lat":33.71365,"lon":-118.241567,"county":"LOS ANGELES","organization":"SCCWRP","batch_year":"2018"},{"station_id":"B03_B03W082","station_name":"B03W082_B03","lat":33.7163,"lon":-118.2382,"county":"LOS ANGELES","organization":"LACSD","batch_year":"2003"},{"station_id":"2158_B98","station_name":"B98_2158","lat":33.72839,"lon":-118.20859,"county":"LOS ANGELES","organization":"CLAEMD","batch_year":"1998"},{"station_id":"2160_B98","station_name":"B98_2160","lat":33.72338,"lon":-118.2045,"county":"LOS ANGELES","organization":"CLAEMD","batch_year":"1998"},{"station_id":"2162_B98","station_name":"B98_2162","lat":33.71351,"lon":-118.24162,"county":"LOS ANGELES","organization":"SCCWRP","batch_year":"1998"},{"station_id":"2172_B98","station_name":"B98_2172","lat":33.74928,"lon":-118.24261,"county":"LOS ANGELES","organization":"CLAEMD","batch_year":"1998"},{"station_id":"2175_B98","station_name":"B98_2175","lat":33.74104,"lon":-118.22655,"county":"LOS ANGELES","organization":"CLAEMD","batch_year":"1998"},{"station_id":"2161_B98","station_name":"B98_2161","lat":33.72338,"lon":-118.20143,"county":"LOS ANGELES","organization":"SCCWRP","batch_year":"1998"},{"station_id":"2299_B98","station_name":"B98_2299","lat":33.7203,"lon":-118.2337,"county":"LOS ANGELES","organization":"CLAEMD","batch_year":"1998"},{"station_id":"2300_B98","station_name":"B98_2300","lat":33.7182,"lon":-118.2392,"county":"LOS ANGELES","organization":"SCCWRP","batch_year":"1998"},{"station_id":"2311_B98","station_name":"B98_2311","lat":33.7556,"lon":-118.1851,"county":"LOS ANGELES","organization":"CRGML","batch_year":"1998"},{"station_id":"2426_B98","station_name":"B98_2426","lat":33.73426,"lon":-118.23149,"county":"LOS ANGELES","organization":"CRGML","batch_year":"1998"},{"station_id":"2431_B98","station_name":"B98_2431","lat":33.75334,"lon":-118.22415,"county":"LOS ANGELES","organization":"CRGML","batch_year":"1998"},{"station_id":"4146_B03","station_name":"B03_4146","lat":33.74555,"lon":-118.21575,"county":"LOS ANGELES","organization":"CLAEMD","batch_year":"2003"},{"station_id":"4354_B03","station_name":"B03_4354","lat":33.74866,"lon":-118.19867,"county":"LOS ANGELES","organization":"SCCWRP","batch_year":"2003"},{"station_id":"4210_B03","station_name":"B03_4210","lat":33.75274,"lon":-118.21773,"county":"LOS ANGELES","organization":"CLAEMD","batch_year":"2003"},{"station_id":"4306_B03","station_name":"B03_4306","lat":33.73834,"lon":-118.23341,"county":"LOS ANGELES","organization":"CLAEMD","batch_year":"2003"},{"station_id":"B03_B03W067","station_name":"B03W067_B03","lat":33.72043,"lon":-118.18426,"county":"LOS ANGELES","organization":"LACSD","batch_year":"2003"},{"station_id":"SCBPP_1222","station_name":"1222_SCBPP","lat":33.72203,"lon":-118.20733,"county":"LOS ANGELES","organization":"LACSD","batch_year":"1994"},{"station_id":"6404_B08","station_name":"B08-6404","lat":33.72421,"lon":-118.22423,"county":"LOS ANGELES","organization":"CRGML","batch_year":"2008"},{"station_id":"6405_B08","station_name":"B08-6405","lat":33.72657,"lon":-118.23239,"county":"LOS ANGELES","organization":"CRGML","batch_year":"2008"},{"station_id":"B18-10091","station_name":"B18-10091","lat":33.76245,"lon":-118.220433,"county":"LOS ANGELES","organization":"SCCWRP","batch_year":"2018"},{"station_id":"B18-10093","station_name":"B18-10093","lat":33.753367,"lon":-118.188083,"county":"LOS ANGELES","organization":"SCCWRP","batch_year":"2018"},{"station_id":"B18-10094","station_name":"B18-10094","lat":33.7527,"lon":-118.218083,"county":"LOS ANGELES","organization":"SCCWRP","batch_year":"2018"},{"station_id":"B18-10095","station_name":"B18-10095","lat":33.751033,"lon":-118.2308,"county":"LOS ANGELES","organization":"SCCWRP","batch_year":"2018"},{"station_id":"B18-10097","station_name":"B18-10097","lat":33.74495,"lon":-118.2072,"county":"LOS ANGELES","organization":"SCCWRP","batch_year":"2018"},{"station_id":"B18-10100","station_name":"B18-10100","lat":33.7396,"lon":-118.204383,"county":"LOS ANGELES","organization":"SCCWRP","batch_year":"2018"},{"station_id":"B18-10101","station_name":"B18-10101","lat":33.738917,"lon":-118.2104,"county":"LOS ANGELES","organization":"SCCWRP","batch_year":"2018"},{"station_id":"B18-10102","station_name":"B18-10102","lat":33.738133,"lon":-118.229217,"county":"LOS ANGELES","organization":"SCCWRP","batch_year":"2018"},{"station_id":"B18-10105","station_name":"B18-10105","lat":33.73165,"lon":-118.181083,"county":"LOS ANGELES","organization":"SCCWRP","batch_year":"2018"},{"station_id":"B18-10106","station_name":"B18-10106","lat":33.7311,"lon":-118.192083,"county":"LOS ANGELES","organization":"SCCWRP","batch_year":"2018"},{"station_id":"B18-10107","station_name":"B18-10107","lat":33.728967,"lon":-118.233733,"county":"LOS ANGELES","organization":"SCCWRP","batch_year":"2018"},{"station_id":"B18-10109","station_name":"B18-10109","lat":33.71975,"lon":-118.231767,"county":"LOS ANGELES","organization":"SCCWRP","batch_year":"2018"},{"station_id":"B18-10110","station_name":"B18-10110","lat":33.719083,"lon":-118.244983,"county":"LOS ANGELES","organization":"SCCWRP","batch_year":"2018"},{"station_id":"B18-10222","station_name":"B18-10222","lat":33.710209,"lon":-118.221809,"county":"LOS ANGELES","organization":"SCCWRP","batch_year":"2018"},{"station_id":"6413_B08","station_name":"B08-6413","lat":33.7291,"lon":-118.2338,"county":"LOS ANGELES","organization":"CRGML","batch_year":"2008"},{"station_id":"6416_B08","station_name":"B08-6416","lat":33.731,"lon":-118.22339,"county":"LOS ANGELES","organization":"CRGML","batch_year":"2008"},{"station_id":"6419_B08","station_name":"B08-6419","lat":33.73118,"lon":-118.19192,"county":"LOS ANGELES","organization":"CRGML","batch_year":"2008"},{"station_id":"6428_B08","station_name":"B08-6428","lat":33.73426,"lon":-118.23149,"county":"LOS ANGELES","organization":"CRGML","batch_year":"2008"},{"station_id":"6387_B08","station_name":"B08-6387","lat":33.71351,"lon":-118.24162,"county":"LOS ANGELES","organization":"CRGML","batch_year":"2008"},{"station_id":"6432_B08","station_name":"B08-6432","lat":33.73589,"lon":-118.18046,"county":"LOS ANGELES","organization":"CRGML","batch_year":"2008"},{"station_id":"6446_B08","station_name":"B08-6446","lat":33.74335,"lon":-118.20498,"county":"LOS ANGELES","organization":"CRGML","batch_year":"2008"},{"station_id":"6449_B08","station_name":"B08-6449","lat":33.74509,"lon":-118.23829,"county":"LOS ANGELES","organization":"CRGML","batch_year":"2008"},{"station_id":"6460_B08","station_name":"B08-6460","lat":33.75007,"lon":-118.22494,"county":"LOS ANGELES","organization":"CRGML","batch_year":"2008"},{"station_id":"6466_B08","station_name":"B08-6466","lat":33.75274,"lon":-118.21773,"county":"LOS ANGELES","organization":"CRGML","batch_year":"2008"},{"station_id":"6443_B08","station_name":"B08-6443","lat":33.74219,"lon":-118.20581,"county":"LOS ANGELES","organization":"CRGML","batch_year":"2008"},{"station_id":"6450_B08","station_name":"B08-6450","lat":33.74555,"lon":-118.21575,"county":"LOS ANGELES","organization":"CRGML","batch_year":"2008"},{"station_id":"6467_B08","station_name":"B08-6467","lat":33.75334,"lon":-118.22415,"county":"LOS ANGELES","organization":"CRGML","batch_year":"2008"},{"station_id":"B13-8318","station_name":"B13-8318-Long Beach Outer Harbor","lat":33.72421,"lon":-118.22437,"county":"LOS ANGELES","organization":"SCCWRP","batch_year":"2013"},{"station_id":"B13-8326","station_name":"B13-8326-Long Beach Outer Harbor","lat":33.72924,"lon":-118.23361,"county":"LOS ANGELES","organization":"SCCWRP","batch_year":"2013"},{"station_id":"B13-8333","station_name":"B13-8333-Long Beach Outer Harbor","lat":33.7311,"lon":-118.1924,"county":"LOS ANGELES","organization":"SCCWRP","batch_year":"2013"},{"station_id":"B13-8347","station_name":"B13-8347-Long Beach Outer Harbor","lat":33.73891,"lon":-118.21039,"county":"LOS ANGELES","organization":"SCCWRP","batch_year":"2013"},{"station_id":"B13-8360","station_name":"B13-8360-Long Beach Inner Harbor","lat":33.74553,"lon":-118.2157,"county":"LOS ANGELES","organization":"SCCWRP","batch_year":"2013"},{"station_id":"B13-8363","station_name":"B13-8363-Long Beach Inner Harbor","lat":33.74719,"lon":-118.22137,"county":"LOS ANGELES","organization":"SCCWRP","batch_year":"2013"},{"station_id":"B13-8365","station_name":"B13-8365-Long Beach Inner Harbor","lat":33.74767,"lon":-118.19819,"county":"LOS ANGELES","organization":"SCCWRP","batch_year":"2013"},{"station_id":"B13-8374","station_name":"B13-8374-Long Beach Inner Harbor","lat":33.75269,"lon":-118.21776,"county":"LOS ANGELES","organization":"SCCWRP","batch_year":"2013"},{"station_id":"B13-8382","station_name":"B13-8382-Long Beach Inner Harbor","lat":33.75512,"lon":-118.23012,"county":"LOS ANGELES","organization":"SCCWRP","batch_year":"2013"},{"station_id":"B13-8308","station_name":"B13-8308-Los Angeles Outer Harbor","lat":33.7174,"lon":-118.24385,"county":"LOS ANGELES","organization":"SCCWRP","batch_year":"2013"},{"station_id":"B13-8349","station_name":"B13-8349-Long Beach Outer Harbor","lat":33.73906,"lon":-118.23651,"county":"LOS ANGELES","organization":"SCCWRP","batch_year":"2013"},{"station_id":"2173_B98","station_name":"B98_2173","lat":33.74763,"lon":-118.23769,"county":"LOS ANGELES","organization":"CLAEMD","batch_year":"1998"},{"station_id":"2185_B98","station_name":"B98_2185","lat":33.73303,"lon":-118.19945,"county":"LOS ANGELES","organization":"CRGML","batch_year":"1998"},{"station_id":"2187_B98","station_name":"B98_2187","lat":33.73123,"lon":-118.18399,"county":"LOS ANGELES","organization":"CRGML","batch_year":"1998"},{"station_id":"2297_B98","station_name":"B98_2297","lat":33.723,"lon":-118.2353,"county":"LOS ANGELES","organization":"CRGML","batch_year":"1998"},{"station_id":"B13-8304","station_name":"B13-8304-Los Angeles Outer Harbor","lat":33.71345,"lon":-118.24131,"county":"LOS ANGELES","organization":"SCCWRP","batch_year":"2013"},{"station_id":"B13-8322","station_name":"B13-8322-Long Beach Outer Harbor","lat":33.72762,"lon":-118.21274,"county":"LOS ANGELES","organization":"SCCWRP","batch_year":"2013"},{"station_id":"B13-8356","station_name":"B13-8356-Long Beach Inner Harbor","lat":33.74337,"lon":-118.20448,"county":"LOS ANGELES","organization":"SCCWRP","batch_year":"2013"},{"station_id":"4370_B03","station_name":"B03_4370","lat":33.73168,"lon":-118.20415,"county":"LOS ANGELES","organization":"CLAEMD","batch_year":"2003"},{"station_id":"B18-10096","station_name":"B18-10096","lat":33.745217,"lon":-118.215967,"county":"LOS ANGELES","organization":"SCCWRP","batch_year":"2018"},{"station_id":"2427_B98","station_name":"B98_2427","lat":33.73108,"lon":-118.23526,"county":"LOS ANGELES","organization":"CRGML","batch_year":"1998"},{"station_id":"4162_B03","station_name":"B03_4162","lat":33.73118,"lon":-118.19192,"county":"LOS ANGELES","organization":"CLAEMD","batch_year":"2003"},{"station_id":"B13-8371","station_name":"B13-8371-Long Beach Inner Harbor","lat":33.75109,"lon":-118.23063,"county":"LOS ANGELES","organization":"SCCWRP","batch_year":"2013"},{"station_id":"4242_B03","station_name":"B03_4242","lat":33.72421,"lon":-118.22423,"county":"LOS ANGELES","organization":"CLAEMD","batch_year":"2003"},{"station_id":"4400_B03","station_name":"B03_4400","lat":33.7222,"lon":-118.21169,"county":"LOS ANGELES","organization":"CLAEMD","batch_year":"2003"},{"station_id":"B13-8310","station_name":"B13-8310-Long Beach Outer Harbor","lat":33.71791,"lon":-118.23298,"county":"LOS ANGELES","organization":"SCCWRP","batch_year":"2013"},{"station_id":"SCBPP_1236","station_name":"1236_SCBPP","lat":33.71053,"lon":-118.24497,"county":"LOS ANGELES","organization":"LACSD","batch_year":"1994"},{"station_id":"2159_B98","station_name":"B98_2159","lat":33.72233,"lon":-118.21024,"county":"LOS ANGELES","organization":"CLAEMD","batch_year":"1998"},{"station_id":"2177_B98","station_name":"B98_2177","lat":33.73459,"lon":-118.24238,"county":"LOS ANGELES","organization":"CRGML","batch_year":"1998"},{"station_id":"2179_B98","station_name":"B98_2179","lat":33.73893,"lon":-118.21017,"county":"LOS ANGELES","organization":"CRGML","batch_year":"1998"},{"station_id":"B18-10411","station_name":"B18-10411","lat":33.736367,"lon":-118.216933,"county":"LOS ANGELES","organization":"SCCWRP","batch_year":"2018"},{"station_id":"2186_B98","station_name":"B98_2186","lat":33.73126,"lon":-118.19305,"county":"LOS ANGELES","organization":"CLAEMD","batch_year":"1998"},{"station_id":"2432_B98","station_name":"B98_2432","lat":33.75085,"lon":-118.23051,"county":"LOS ANGELES","organization":"OCSD","batch_year":"1998"},{"station_id":"B03W085_B03","station_name":"B03_B03W085","lat":33.7589,"lon":-118.1963,"county":"LOS ANGELES","organization":"USC","batch_year":"2003"},{"station_id":"B03_B03W186","station_name":"B03W186_B03","lat":33.7391,"lon":-118.21558,"county":"LOS ANGELES","organization":"USC","batch_year":"2003"},{"station_id":"B03_B03W185","station_name":"B03W185_B03","lat":33.73065,"lon":-118.23106,"county":"LOS ANGELES","organization":"USC","batch_year":"2003"},{"station_id":"B03W083_B03","station_name":"B03_B03W083","lat":33.7264,"lon":-118.213,"county":"LOS ANGELES","organization":"USC","batch_year":"2003"},{"station_id":"2298_B98","station_name":"B98_2298","lat":33.7291,"lon":-118.2338,"county":"LOS ANGELES","organization":"LACSD","batch_year":"1998"},{"station_id":"B18-10011","station_name":"B18-10011","lat":33.724433,"lon":-118.2243,"county":"LOS ANGELES","organization":"SCCWRP","batch_year":"2018"},{"station_id":"B03_B03W189","station_name":"B03W189_B03","lat":33.71917,"lon":-118.23127,"county":"LOS ANGELES","organization":"USC","batch_year":"2003"},{"station_id":"B03_B03W190","station_name":"B03W190_B03","lat":33.7254,"lon":-118.20947,"county":"LOS ANGELES","organization":"LACSD","batch_year":"2003"}]}},{"type":"Feature","geometry":{"type":"Polygon","coordinates":[[[-118.42576189587678,33.817125006781595],[-118.39397463261938,33.841456573073025],[-118.40272631861822,33.87598065970329],[-118.44328344707866,33.886165081918165],[-118.47506516704135,33.861826358881686],[-118.46629531564577,33.82731037451753],[-118.42576189587678,33.817125006781595]]]},"properties":{"h3_index":"8629a5647ffffff","station_count":16,"program_id":"bight","program":"Southern California Bight","resolution":6,"stations":[{"station_id":"SCBPP_1123","station_name":"1123_SCBPP","lat":33.87095,"lon":-118.4187,"county":"LOS ANGELES","organization":"LACSD","batch_year":"1994"},{"station_id":"4006_B03","station_name":"B03_4006","lat":33.86038,"lon":-118.44805,"county":"LOS ANGELES","organization":"CLAEMD","batch_year":"2003"},{"station_id":"SCBPP_1159","station_name":"1159_SCBPP","lat":33.83687,"lon":-118.43758,"county":"LOS ANGELES","organization":"LACSD","batch_year":"1994"},{"station_id":"B98_132002","station_name":"132002_B98","lat":33.8486,"lon":-118.418,"county":"LOS ANGELES","organization":"CLAEMD","batch_year":"1998"},{"station_id":"B98_132003","station_name":"132003_B98","lat":33.8453,"lon":-118.426,"county":"LOS ANGELES","organization":"CLAEMD","batch_year":"1998"},{"station_id":"B98_132004","station_name":"132004_B98","lat":33.837,"lon":-118.441,"county":"LOS ANGELES","organization":"CLAEMD","batch_year":"1998"},{"station_id":"SCBPP_1170","station_name":"1170_SCBPP","lat":33.82975,"lon":-118.44917,"county":"LOS ANGELES","organization":"LACSD","batch_year":"1994"},{"station_id":"SCBPP_1173","station_name":"1173_SCBPP","lat":33.8258,"lon":-118.41622,"county":"LOS ANGELES","organization":"LACSD","batch_year":"1994"},{"station_id":"4262_B03","station_name":"B03_4262","lat":33.84305,"lon":-118.39579,"county":"LOS ANGELES","organization":"LACSD","batch_year":"2003"},{"station_id":"B98_132001","station_name":"132001_B98","lat":33.8542,"lon":-118.406,"county":"LOS ANGELES","organization":"CLAEMD","batch_year":"1998"},{"station_id":"7417_B08","station_name":"B08-7417","lat":33.86038,"lon":-118.44805,"county":"LOS ANGELES","organization":"CLAEMD","batch_year":"2008"},{"station_id":"SCBPP_1142","station_name":"1142_SCBPP","lat":33.8523,"lon":-118.46112,"county":"LOS ANGELES","organization":"LACSD","batch_year":"1994"},{"station_id":"2387_B98","station_name":"B98_2387","lat":33.84834,"lon":-118.45222,"county":"LOS ANGELES","organization":"LACSD","batch_year":"1998"},{"station_id":"2386_B98","station_name":"B98_2386","lat":33.87812,"lon":-118.42448,"county":"LOS ANGELES","organization":"LACSD","batch_year":"1998"},{"station_id":"4134_B03","station_name":"B03_4134","lat":33.81984,"lon":-118.42712,"county":"LOS ANGELES","organization":"LACSD","batch_year":"2003"},{"station_id":"B13-9266","station_name":"B13-9266 OpenwaterStation","lat":33.86038,"lon":-118.44805,"county":"LOS ANGELES","organization":"SCCWRP","batch_year":"2013"}]}},{"type":"Feature","geometry":{"type":"Polygon","coordinates":[[[-118.47506516704135,33.861826358881686],[-118.44328344707866,33.886165081918165],[-118.4520517822441,33.92067208664023],[-118.49261999923169,33.9308322522495],[-118.52439611752418,33.906486387589254],[-118.51560963434204,33.87198750307615],[-118.47506516704135,33.861826358881686]]]},"properties":{"h3_index":"8629a564fffffff","station_count":26,"program_id":"bight","program":"Southern California Bight","resolution":6,"stations":[{"station_id":"4230_B03","station_name":"B03_4230","lat":33.89793,"lon":-118.50134,"county":"FEDERAL WATERS","organization":"SCCWRP","batch_year":"2003"},{"station_id":"2197_B98","station_name":"B98_2197","lat":33.90378,"lon":-118.50082,"county":"FEDERAL WATERS","organization":"CLAEMD","batch_year":"1998"},{"station_id":"B03W087_B03","station_name":"B03_B03W087","lat":33.9011,"lon":-118.46,"county":"LOS ANGELES","organization":"USC","batch_year":"2003"},{"station_id":"SCBPP_1109","station_name":"1109_SCBPP","lat":33.8825,"lon":-118.51733,"county":"FEDERAL WATERS","organization":"CLAEMD","batch_year":"1994"},{"station_id":"SCBPP_1122","station_name":"1122_SCBPP","lat":33.87067,"lon":-118.481,"county":"FEDERAL WATERS","organization":"CLAEMD","batch_year":"1994"},{"station_id":"SCBPP_1126","station_name":"1126_SCBPP","lat":33.86717,"lon":-118.48583,"county":"FEDERAL WATERS","organization":"CLAEMD","batch_year":"1994"},{"station_id":"B98_133003","station_name":"133003_B98","lat":33.8856,"lon":-118.447,"county":"LOS ANGELES","organization":"CLAEMD","batch_year":"1998"},{"station_id":"B98_133004","station_name":"133004_B98","lat":33.8794,"lon":-118.457,"county":"LOS ANGELES","organization":"CLAEMD","batch_year":"1998"},{"station_id":"B98_133005","station_name":"133005_B98","lat":33.8683,"lon":-118.493,"county":"FEDERAL WATERS","organization":"CLAEMD","batch_year":"1998"},{"station_id":"B98_134002","station_name":"134002_B98","lat":33.9,"lon":-118.447,"county":"LOS ANGELES","organization":"CLAEMD","batch_year":"1998"},{"station_id":"B98_134003","station_name":"134003_B98","lat":33.9011,"lon":-118.46,"county":"LOS ANGELES","organization":"CLAEMD","batch_year":"1998"},{"station_id":"B98_134004","station_name":"134004_B98","lat":33.8969,"lon":-118.469,"county":"LOS ANGELES","organization":"CLAEMD","batch_year":"1998"},{"station_id":"B98_134005","station_name":"134005_B98","lat":33.8872,"lon":-118.506,"county":"FEDERAL WATERS","organization":"CLAEMD","batch_year":"1998"},{"station_id":"B98_135004","station_name":"135004_B98","lat":33.9167,"lon":-118.494,"county":"LOS ANGELES","organization":"CLAEMD","batch_year":"1998"},{"station_id":"B98_135003","station_name":"135003_B98","lat":33.9239,"lon":-118.473,"county":"LOS ANGELES","organization":"CLAEMD","batch_year":"1998"},{"station_id":"SCBPP_1096","station_name":"1096_SCBPP","lat":33.89383,"lon":-118.51917,"county":"FEDERAL WATERS","organization":"CLAEMD","batch_year":"1994"},{"station_id":"SCBPP_1108","station_name":"1108_SCBPP","lat":33.88283,"lon":-118.49717,"county":"FEDERAL WATERS","organization":"CLAEMD","batch_year":"1994"},{"station_id":"SCBPP_1119","station_name":"1119_SCBPP","lat":33.87217,"lon":-118.46367,"county":"LOS ANGELES","organization":"CLAEMD","batch_year":"1994"},{"station_id":"SCBPP_1121","station_name":"1121_SCBPP","lat":33.871,"lon":-118.49133,"county":"FEDERAL WATERS","organization":"CLAEMD","batch_year":"1994"},{"station_id":"2385_B98","station_name":"B98_2385","lat":33.90638,"lon":-118.45707,"county":"LOS ANGELES","organization":"CLAEMD","batch_year":"1998"},{"station_id":"SCBPP_1085","station_name":"1085_SCBPP","lat":33.9015,"lon":-118.47883,"county":"LOS ANGELES","organization":"CLAEMD","batch_year":"1994"},{"station_id":"4277_B03","station_name":"B03_4277","lat":33.9096,"lon":-118.49967,"county":"FEDERAL WATERS","organization":"CLAEMD","batch_year":"2003"},{"station_id":"B03_B03W089","station_name":"B03W089_B03","lat":33.92388,"lon":-118.4725,"county":"LOS ANGELES","organization":"CLAEMD","batch_year":"2003"},{"station_id":"SCBPP_1100","station_name":"1100_SCBPP","lat":33.88717,"lon":-118.45417,"county":"LOS ANGELES","organization":"CLAEMD","batch_year":"1994"},{"station_id":"4150_B03","station_name":"B03_4150","lat":33.87689,"lon":-118.47034,"county":"LOS ANGELES","organization":"CLAEMD","batch_year":"2003"},{"station_id":"B03W090_B03","station_name":"B03_B03W090","lat":33.91666,"lon":-118.49416,"county":"LOS ANGELES","organization":"USC","batch_year":"2003"}]}},{"type":"Feature","geometry":{"type":"Polygon","coordinates":[[[-118.40272631861822,33.87598065970329],[-118.37091381583033,33.90030418028013],[-118.37966395159235,33.93481926445656],[-118.42024480336616,33.9450027527579],[-118.4520517822441,33.92067208664023],[-118.44328344707866,33.886165081918165],[-118.40272631861822,33.87598065970329]]]},"properties":{"h3_index":"8629a565fffffff","station_count":6,"program_id":"bight","program":"Southern California Bight","resolution":6,"stations":[{"station_id":"SCBPP_1081","station_name":"1081_SCBPP","lat":33.90467,"lon":-118.44067,"county":"LOS ANGELES","organization":"CLAEMD","batch_year":"1994"},{"station_id":"B98_133001","station_name":"133001_B98","lat":33.8931,"lon":-118.427,"county":"LOS ANGELES","organization":"CLAEMD","batch_year":"1998"},{"station_id":"B98_133002","station_name":"133002_B98","lat":33.8892,"lon":-118.436,"county":"LOS ANGELES","organization":"CLAEMD","batch_year":"1998"},{"station_id":"SCBPP_1090","station_name":"1090_SCBPP","lat":33.89717,"lon":-118.442,"county":"LOS ANGELES","organization":"TEX-AM","batch_year":"1994"},{"station_id":"B98_134001","station_name":"134001_B98","lat":33.9025,"lon":-118.433,"county":"LOS ANGELES","organization":"CLAEMD","batch_year":"1998"},{"station_id":"B03W086_B03","station_name":"B03_B03W086","lat":33.9025,"lon":-118.4325,"county":"LOS ANGELES","organization":"USC","batch_year":"2003"}]}},{"type":"Feature","geometry":{"type":"Polygon","coordinates":[[[-118.44877072258626,33.75825245156343],[-118.4170086719713,33.782591984828585],[-118.42576189587678,33.817125006781595],[-118.46629531564577,33.82731037451753],[-118.49805180366535,33.802963673243895],[-118.48928044830578,33.76843877637097],[-118.44877072258626,33.75825245156343]]]},"properties":{"h3_index":"8629a5667ffffff","station_count":10,"program_id":"bight","program":"Southern California Bight","resolution":6,"stations":[{"station_id":"SCBPP_1191","station_name":"1191_SCBPP","lat":33.78467,"lon":-118.49258,"county":"FEDERAL WATERS","organization":"TEX-AM","batch_year":"1994"},{"station_id":"SCBPP_1195","station_name":"1195_SCBPP","lat":33.77208,"lon":-118.47137,"county":"LOS ANGELES","organization":"SCCWRP","batch_year":"1994"},{"station_id":"4198_B03","station_name":"B03_4198","lat":33.78969,"lon":-118.45579,"county":"LOS ANGELES","organization":"SCCWRP","batch_year":"2003"},{"station_id":"SCBPP_1187","station_name":"1187_SCBPP","lat":33.78917,"lon":-118.44522,"county":"LOS ANGELES","organization":"LACSD","batch_year":"1994"},{"station_id":"SCBPP_1194","station_name":"1194_SCBPP","lat":33.77392,"lon":-118.43438,"county":"LOS ANGELES","organization":"LACSD","batch_year":"1994"},{"station_id":"B98_132005","station_name":"132005_B98","lat":33.8239,"lon":-118.464,"county":"FEDERAL WATERS","organization":"CLAEMD","batch_year":"1998"},{"station_id":"7395_B08","station_name":"B08-7395","lat":33.76682,"lon":-118.46048,"county":"LOS ANGELES","organization":"LACSD","batch_year":"2008"},{"station_id":"B13-9251","station_name":"B13-9251 OpenwaterStation","lat":33.76682,"lon":-118.46048,"county":"LOS ANGELES","organization":"SCCWRP","batch_year":"2013"},{"station_id":"B18-10311","station_name":"B18-10311","lat":33.76675,"lon":-118.460233,"county":"LOS ANGELES","organization":"SCCWRP","batch_year":"2018"},{"station_id":"4038_B03","station_name":"B03_4038","lat":33.76682,"lon":-118.46048,"county":"LOS ANGELES","organization":"LACSD","batch_year":"2003"}]}},{"type":"Feature","geometry":{"type":"Polygon","coordinates":[[[-118.49805180366535,33.802963673243895],[-118.46629531564577,33.82731037451753],[-118.47506516704135,33.861826358881686],[-118.51560963434204,33.87198750307615],[-118.5473605014824,33.847633648977784],[-118.53857253603087,33.81312580762833],[-118.49805180366535,33.802963673243895]]]},"properties":{"h3_index":"8629a566fffffff","station_count":12,"program_id":"bight","program":"Southern California Bight","resolution":6,"stations":[{"station_id":"4086_B03","station_name":"B03_4086","lat":33.83546,"lon":-118.46982,"county":"FEDERAL WATERS","organization":"CLAEMD","batch_year":"2003"},{"station_id":"SCBPP_1148","station_name":"1148_SCBPP","lat":33.85033,"lon":-118.51733,"county":"FEDERAL WATERS","organization":"CLAEMD","batch_year":"1994"},{"station_id":"SCBPP_1162","station_name":"1162_SCBPP","lat":33.83462,"lon":-118.52512,"county":"FEDERAL WATERS","organization":"LACSD","batch_year":"1994"},{"station_id":"SCBPP_1168","station_name":"1168_SCBPP","lat":33.83295,"lon":-118.48772,"county":"FEDERAL WATERS","organization":"LACSD","batch_year":"1994"},{"station_id":"SCBPP_1169","station_name":"1169_SCBPP","lat":33.83005,"lon":-118.5088,"county":"FEDERAL WATERS","organization":"LACSD","batch_year":"1994"},{"station_id":"B98_132006","station_name":"132006_B98","lat":33.8111,"lon":-118.493,"county":"FEDERAL WATERS","organization":"CLAEMD","batch_year":"1998"},{"station_id":"B98_133006","station_name":"133006_B98","lat":33.8511,"lon":-118.527,"county":"FEDERAL WATERS","organization":"CLAEMD","batch_year":"1998"},{"station_id":"SCBPP_1129","station_name":"1129_SCBPP","lat":33.86517,"lon":-118.52033,"county":"FEDERAL WATERS","organization":"CLAEMD","batch_year":"1994"},{"station_id":"7415_B08","station_name":"B08-7415","lat":33.85649,"lon":-118.51605,"county":"FEDERAL WATERS","organization":"CLAEMD","batch_year":"2008"},{"station_id":"B18-10309","station_name":"B18-10309","lat":33.819333,"lon":-118.525367,"county":"OOS","organization":"SCCWRP","batch_year":"2018"},{"station_id":"7403_B08","station_name":"B08-7403","lat":33.83546,"lon":-118.46982,"county":"FEDERAL WATERS","organization":"CLAEMD","batch_year":"2008"},{"station_id":"4342_B03","station_name":"B03_4342","lat":33.84007,"lon":-118.52216,"county":"FEDERAL WATERS","organization":"USC","batch_year":"2003"}]}},{"type":"Feature","geometry":{"type":"Polygon","coordinates":[[[-118.37648635369443,33.77238244077922],[-118.3446936054466,33.7967068352488],[-118.35342864669393,33.83124794143795],[-118.39397463261938,33.841456573073025],[-118.42576189587678,33.817125006781595],[-118.4170086719713,33.782591984828585],[-118.37648635369443,33.77238244077922]]]},"properties":{"h3_index":"8629a5677ffffff","station_count":1,"program_id":"bight","program":"Southern California Bight","resolution":6,"stations":[{"station_id":"B13-9257","station_name":"B13-9257 OpenwaterStation","lat":33.82949,"lon":-118.40126,"county":"LOS ANGELES","organization":"SCCWRP","batch_year":"2013"}]}},{"type":"Feature","geometry":{"type":"Polygon","coordinates":[[[-118.11014522722252,33.76966413337981],[-118.07825561741485,33.793935487558365],[-118.08691911352462,33.82851750247799],[-118.12749058555205,33.838820224753995],[-118.15937500263256,33.8145416732696],[-118.15069315408006,33.77996760104609],[-118.11014522722252,33.76966413337981]]]},"properties":{"h3_index":"8629a56a7ffffff","station_count":1,"program_id":"bight","program":"Southern California Bight","resolution":6,"stations":[{"station_id":"4636_B03","station_name":"B03_4636","lat":33.7754,"lon":-118.10424,"county":"LOS ANGELES","organization":"CRGML","batch_year":"2003"}]}},{"type":"Feature","geometry":{"type":"Polygon","coordinates":[[[-118.28105224790167,33.845332375593095],[-118.24920364518366,33.86963345817264],[-118.25791884673278,33.904173626683765],[-118.29850093256555,33.914404696339524],[-118.33034414774414,33.8900964495062],[-118.32161067839162,33.855564301459886],[-118.28105224790167,33.845332375593095]]]},"properties":{"h3_index":"8629a56e7ffffff","station_count":1,"program_id":"bight","program":"Southern California Bight","resolution":6,"stations":[{"station_id":"B18-10397","station_name":"B18-10397","lat":33.855889,"lon":-118.279524,"county":"LOS ANGELES","organization":"SCCWRP","batch_year":"2018"}]}},{"type":"Feature","geometry":{"type":"Polygon","coordinates":[[[-118.2519235555658,33.57899730455382],[-118.22013983598563,33.60330801483801],[-118.2288265943812,33.63790856068683],[-118.26931528587501,33.648190347945324],[-118.30109367528313,33.62387240936304],[-118.29238871702269,33.58927991598646],[-118.2519235555658,33.57899730455382]]]},"properties":{"h3_index":"8629a5707ffffff","station_count":3,"program_id":"bight","program":"Southern California Bight","resolution":6,"stations":[{"station_id":"4330_B03","station_name":"B03_4330","lat":33.61664,"lon":-118.25975,"county":"FEDERAL WATERS","organization":"LACSD","batch_year":"2003"},{"station_id":"B13-9205","station_name":"B13-9205 OpenwaterStation","lat":33.63083,"lon":-118.26736,"county":"LOS ANGELES","organization":"SCCWRP","batch_year":"2013"},{"station_id":"4362_B03","station_name":"B03_4362","lat":33.63717,"lon":-118.24808,"county":"FEDERAL WATERS","organization":"LACSD","batch_year":"2003"}]}},{"type":"Feature","geometry":{"type":"Polygon","coordinates":[[[-118.30109367528313,33.62387240936304],[-118.26931528587501,33.648190347945324],[-118.27801865383252,33.68277410717161],[-118.31851860782596,33.693031861218046],[-118.3502916090638,33.66870670934315],[-118.34157005816706,33.63413102087107],[-118.30109367528313,33.62387240936304]]]},"properties":{"h3_index":"8629a570fffffff","station_count":12,"program_id":"bight","program":"Southern California Bight","resolution":6,"stations":[{"station_id":"B03W077_B03","station_name":"B03_B03W077","lat":33.66845,"lon":-118.2968,"county":"LOS ANGELES","organization":"USC","batch_year":"2003"},{"station_id":"B03W078_B03","station_name":"B03_B03W078","lat":33.65767,"lon":-118.30128,"county":"LOS ANGELES","organization":"USC","batch_year":"2003"},{"station_id":"2205_B98","station_name":"B98_2205","lat":33.67687,"lon":-118.30578,"county":"LOS ANGELES","organization":"LACSD","batch_year":"1998"},{"station_id":"B13-9210","station_name":"B13-9210 OpenwaterStation","lat":33.63906,"lon":-118.34245,"county":"LOS ANGELES","organization":"SCCWRP","batch_year":"2013"},{"station_id":"B13-9211","station_name":"B13-9211 OpenwaterStation","lat":33.64026,"lon":-118.33735,"county":"LOS ANGELES","organization":"SCCWRP","batch_year":"2013"},{"station_id":"B13-9223","station_name":"B13-9223 OpenwaterStation","lat":33.67587,"lon":-118.33247,"county":"LOS ANGELES","organization":"SCCWRP","batch_year":"2013"},{"station_id":"B13-9207","station_name":"B13-9207 OpenwaterStation","lat":33.63784,"lon":-118.30275,"county":"LOS ANGELES","organization":"SCCWRP","batch_year":"2013"},{"station_id":"B18-10361","station_name":"B18-10361","lat":33.637939,"lon":-118.302361,"county":"OOS","organization":"SCCWRP","batch_year":"2018"},{"station_id":"7296_B08","station_name":"B08-7296","lat":33.63784,"lon":-118.30275,"county":"FEDERAL WATERS","organization":"LACSD","batch_year":"2008"},{"station_id":"2206_B98","station_name":"B98_2206","lat":33.6751,"lon":-118.2933,"county":"LOS ANGELES","organization":"LACSD","batch_year":"1998"},{"station_id":"4106_B03","station_name":"B03_4106","lat":33.63784,"lon":-118.30275,"county":"FEDERAL WATERS","organization":"CSD","batch_year":"2003"},{"station_id":"4298_B03","station_name":"B03_4298","lat":33.638,"lon":-118.31008,"county":"FEDERAL WATERS","organization":"CSD","batch_year":"2003"}]}},{"type":"Feature","geometry":{"type":"Polygon","coordinates":[[[-118.17966246036869,33.59300224253869],[-118.14784835376378,33.61729779984306],[-118.15651686163898,33.65190635694115],[-118.19701774026969,33.66221134967503],[-118.2288265943812,33.63790856068683],[-118.22013983598563,33.60330801483801],[-118.17966246036869,33.59300224253869]]]},"properties":{"h3_index":"8629a5717ffffff","station_count":8,"program_id":"bight","program":"Southern California Bight","resolution":6,"stations":[{"station_id":"4026_B03","station_name":"B03_4026","lat":33.62105,"lon":-118.19507,"county":"FEDERAL WATERS","organization":"LACSD","batch_year":"2003"},{"station_id":"4282_B03","station_name":"B03_4282","lat":33.63578,"lon":-118.19773,"county":"FEDERAL WATERS","organization":"USC","batch_year":"2003"},{"station_id":"B03_B03W070","station_name":"B03W070_B03","lat":33.64107,"lon":-118.20299,"county":"FEDERAL WATERS","organization":"LACSD","batch_year":"2003"},{"station_id":"4314_B03","station_name":"B03_4314","lat":33.60638,"lon":-118.19069,"county":"FEDERAL WATERS","organization":"LACSD","batch_year":"2003"},{"station_id":"B18-10259","station_name":"B18-10259","lat":33.621181,"lon":-118.194481,"county":"OOS","organization":"SCCWRP","batch_year":"2018"},{"station_id":"7287_B08","station_name":"B08-7287","lat":33.62105,"lon":-118.19507,"county":"FEDERAL WATERS","organization":"NOAACOAST","batch_year":"2008"},{"station_id":"7298_B08","station_name":"B08-7298","lat":33.63954,"lon":-118.16601,"county":"FEDERAL WATERS","organization":"LACSD","batch_year":"2008"},{"station_id":"B13-9202","station_name":"B13-9202 OpenwaterStation","lat":33.62105,"lon":-118.19507,"county":"LOS ANGELES","organization":"SCCWRP","batch_year":"2013"}]}},{"type":"Feature","geometry":{"type":"Polygon","coordinates":[[[-118.2288265943812,33.63790856068683],[-118.19701774026969,33.66221134967503],[-118.20570287449502,33.69680313852693],[-118.24621511022983,33.70708411294503],[-118.27801865383252,33.68277410717161],[-118.26931528587501,33.648190347945324],[-118.2288265943812,33.63790856068683]]]},"properties":{"h3_index":"8629a571fffffff","station_count":6,"program_id":"bight","program":"Southern California Bight","resolution":6,"stations":[{"station_id":"4234_B03","station_name":"B03_4234","lat":33.67179,"lon":-118.26478,"county":"LOS ANGELES","organization":"LACSD","batch_year":"2003"},{"station_id":"B03_B03W072","station_name":"B03W072_B03","lat":33.68864,"lon":-118.25112,"county":"LOS ANGELES","organization":"LACSD","batch_year":"2003"},{"station_id":"B03_B03W073","station_name":"B03W073_B03","lat":33.66953,"lon":-118.25559,"county":"LOS ANGELES","organization":"USC","batch_year":"2003"},{"station_id":"2394_B98","station_name":"B98_2394","lat":33.65103,"lon":-118.24907,"county":"FEDERAL WATERS","organization":"LACSD","batch_year":"1998"},{"station_id":"SCBPP_1340","station_name":"1340_SCBPP","lat":33.64092,"lon":-118.23883,"county":"FEDERAL WATERS","organization":"TEX-AM","batch_year":"1994"},{"station_id":"B03_B03W074","station_name":"B03W074_B03","lat":33.65042,"lon":-118.26005,"county":"FEDERAL WATERS","organization":"USC","batch_year":"2003"}]}},{"type":"Feature","geometry":{"type":"Polygon","coordinates":[[[-118.32414197885431,33.56495412356939],[-118.29238871702269,33.58927991598646],[-118.30109367528313,33.62387240936304],[-118.34157005816706,33.63413102087107],[-118.37331791233922,33.6097980036527],[-118.36459480496278,33.57521360387032],[-118.32414197885431,33.56495412356939]]]},"properties":{"h3_index":"8629a572fffffff","station_count":4,"program_id":"bight","program":"Southern California Bight","resolution":6,"stations":[{"station_id":"4074_B03","station_name":"B03_4074","lat":33.57929,"lon":-118.32888,"county":"FEDERAL WATERS","organization":"CSD","batch_year":"2003"},{"station_id":"7251_B08","station_name":"B08-7251","lat":33.57929,"lon":-118.32888,"county":"FEDERAL WATERS","organization":"LACSD","batch_year":"2008"},{"station_id":"B13-9190","station_name":"B13-9190 OpenwaterStation","lat":33.57929,"lon":-118.32888,"county":"LOS ANGELES","organization":"SCCWRP","batch_year":"2013"},{"station_id":"B18-10364","station_name":"B18-10364","lat":33.579498,"lon":-118.328743,"county":"OOS","organization":"SCCWRP","batch_year":"2018"}]}},{"type":"Feature","geometry":{"type":"Polygon","coordinates":[[[-118.20278129869497,33.534081506260435],[-118.17099230686857,33.55838497328567],[-118.17966246036869,33.59300224253869],[-118.22013983598563,33.60330801483801],[-118.2519235555658,33.57899730455382],[-118.24323518539308,33.54438806940482],[-118.20278129869497,33.534081506260435]]]},"properties":{"h3_index":"8629a5737ffffff","station_count":4,"program_id":"bight","program":"Southern California Bight","resolution":6,"stations":[{"station_id":"4378_B03","station_name":"B03_4378","lat":33.54646,"lon":-118.22716,"county":"FEDERAL WATERS","organization":"LACSD","batch_year":"2003"},{"station_id":"4250_B03","station_name":"B03_4250","lat":33.57688,"lon":-118.21028,"county":"FEDERAL WATERS","organization":"LACSD","batch_year":"2003"},{"station_id":"B18-10262","station_name":"B18-10262","lat":33.59486,"lon":-118.194397,"county":"OOS","organization":"SCCWRP","batch_year":"2018"},{"station_id":"4186_B03","station_name":"B03_4186","lat":33.5669,"lon":-118.19137,"county":"FEDERAL WATERS","organization":"LACSD","batch_year":"2003"}]}},{"type":"Feature","geometry":{"type":"Polygon","coordinates":[[[-118.42252154843025,33.654601046041],[-118.39077915989743,33.6789412729485],[-118.39951730790541,33.713500093574446],[-118.44001597306597,33.72371056153438],[-118.4717528379084,33.69936314009454],[-118.46299657502696,33.6648124493508],[-118.42252154843025,33.654601046041]]]},"properties":{"h3_index":"8629a5747ffffff","station_count":1,"program_id":"bight","program":"Southern California Bight","resolution":6,"stations":[{"station_id":"B13-9231","station_name":"B13-9231 OpenwaterStation","lat":33.69805,"lon":-118.4327,"county":"LOS ANGELES","organization":"SCCWRP","batch_year":"2013"}]}},{"type":"Feature","geometry":{"type":"Polygon","coordinates":[[[-118.4717528379084,33.69936314009454],[-118.44001597306597,33.72371056153438],[-118.44877072258626,33.75825245156343],[-118.48928044830578,33.76843877637097],[-118.52101173133592,33.74408417560021],[-118.51223888424023,33.709550433467015],[-118.4717528379084,33.69936314009454]]]},"properties":{"h3_index":"8629a574fffffff","station_count":2,"program_id":"bight","program":"Southern California Bight","resolution":6,"stations":[{"station_id":"B13-9236","station_name":"B13-9236 OpenwaterStation","lat":33.71121,"lon":-118.45872,"county":"LOS ANGELES","organization":"SCCWRP","batch_year":"2013"},{"station_id":"B13-9241","station_name":"B13-9241 OpenwaterStation","lat":33.72565,"lon":-118.45606,"county":"LOS ANGELES","organization":"SCCWRP","batch_year":"2013"}]}},{"type":"Feature","geometry":{"type":"Polygon","coordinates":[[[-118.3502916090638,33.66870670934315],[-118.31851860782596,33.693031861218046],[-118.32723858993833,33.72759877079362],[-118.3677497529081,33.73783244369182],[-118.39951730790541,33.713500093574446],[-118.39077915989743,33.6789412729485],[-118.3502916090638,33.66870670934315]]]},"properties":{"h3_index":"8629a5757ffffff","station_count":9,"program_id":"bight","program":"Southern California Bight","resolution":6,"stations":[{"station_id":"4102_B03","station_name":"B03_4102","lat":33.72076,"lon":-118.36463,"county":"LOS ANGELES","organization":"LACSD","batch_year":"2003"},{"station_id":"SCBPP_1232","station_name":"1232_SCBPP","lat":33.71413,"lon":-118.3475,"county":"LOS ANGELES","organization":"LACSD","batch_year":"1994"},{"station_id":"7320_B08","station_name":"B08-7320","lat":33.69409,"lon":-118.34651,"county":"LOS ANGELES","organization":"LACSD","batch_year":"2008"},{"station_id":"B13-9228","station_name":"B13-9228 OpenwaterStation","lat":33.69409,"lon":-118.34651,"county":"LOS ANGELES","organization":"SCCWRP","batch_year":"2013"},{"station_id":"2204_B98","station_name":"B98_2204","lat":33.6968,"lon":-118.33906,"county":"LOS ANGELES","organization":"SCCWRP","batch_year":"1998"},{"station_id":"4202_B03","station_name":"B03_4202","lat":33.69409,"lon":-118.34651,"county":"LOS ANGELES","organization":"LACSD","batch_year":"2003"},{"station_id":"B18-10343","station_name":"B18-10343","lat":33.6942,"lon":-118.34708,"county":"LOS ANGELES","organization":"SCCWRP","batch_year":"2018"},{"station_id":"4166_B03","station_name":"B03_4166","lat":33.70786,"lon":-118.35721,"county":"LOS ANGELES","organization":"LACSD","batch_year":"2003"},{"station_id":"2202_B98","station_name":"B98_2202","lat":33.72207,"lon":-118.37256,"county":"LOS ANGELES","organization":"LACSD","batch_year":"1998"}]}},{"type":"Feature","geometry":{"type":"Polygon","coordinates":[[[-118.39951730790541,33.713500093574446],[-118.3677497529081,33.73783244369182],[-118.37648635369443,33.77238244077922],[-118.4170086719713,33.782591984828585],[-118.44877072258626,33.75825245156343],[-118.44001597306597,33.72371056153438],[-118.39951730790541,33.713500093574446]]]},"properties":{"h3_index":"8629a575fffffff","station_count":7,"program_id":"bight","program":"Southern California Bight","resolution":6,"stations":[{"station_id":"4326_B03","station_name":"B03_4326","lat":33.74302,"lon":-118.4238,"county":"LOS ANGELES","organization":"LACSD","batch_year":"2003"},{"station_id":"SCBPP_1214","station_name":"1214_SCBPP","lat":33.72758,"lon":-118.4142,"county":"LOS ANGELES","organization":"LACSD","batch_year":"1994"},{"station_id":"B13-9237","station_name":"B13-9237 OpenwaterStation","lat":33.72141,"lon":-118.41792,"county":"LOS ANGELES","organization":"SCCWRP","batch_year":"2013"},{"station_id":"4294_B03","station_name":"B03_4294","lat":33.73573,"lon":-118.40969,"county":"LOS ANGELES","organization":"LACSD","batch_year":"2003"},{"station_id":"2200_B98","station_name":"B98_2200","lat":33.74789,"lon":-118.42915,"county":"LOS ANGELES","organization":"LACSD","batch_year":"1998"},{"station_id":"2201_B98","station_name":"B98_2201","lat":33.72054,"lon":-118.39262,"county":"LOS ANGELES","organization":"LACSD","batch_year":"1998"},{"station_id":"4070_B03","station_name":"B03_4070","lat":33.75853,"lon":-118.44631,"county":"LOS ANGELES","organization":"LACSD","batch_year":"2003"}]}},{"type":"Feature","geometry":{"type":"Polygon","coordinates":[[[-118.4454991143162,33.59568544456746],[-118.41378186547989,33.620033469350496],[-118.42252154843025,33.654601046041],[-118.46299657502696,33.6648124493508],[-118.49470828094842,33.640457218592445],[-118.48595051692138,33.60589779460934],[-118.4454991143162,33.59568544456746]]]},"properties":{"h3_index":"8629a5767ffffff","station_count":1,"program_id":"bight","program":"Southern California Bight","resolution":6,"stations":[{"station_id":"7288_B08","station_name":"B08-7288","lat":33.62157,"lon":-118.44349,"county":"FEDERAL WATERS","organization":"LACSD","batch_year":"2008"}]}},{"type":"Feature","geometry":{"type":"Polygon","coordinates":[[[-118.49470828094842,33.640457218592445],[-118.46299657502696,33.6648124493508],[-118.4717528379084,33.69936314009454],[-118.51223888424023,33.709550433467015],[-118.54394498921602,33.68518801199658],[-118.53517066257398,33.65064549196593],[-118.49470828094842,33.640457218592445]]]},"properties":{"h3_index":"8629a576fffffff","station_count":1,"program_id":"bight","program":"Southern California Bight","resolution":6,"stations":[{"station_id":"B13-9225","station_name":"B13-9225 OpenwaterStation","lat":33.68691,"lon":-118.52101,"county":"LOS ANGELES","organization":"SCCWRP","batch_year":"2013"}]}},{"type":"Feature","geometry":{"type":"Polygon","coordinates":[[[-118.08416466983208,33.665865697774386],[-118.05229509964003,33.690137975161456],[-118.06094361439892,33.72474569947548],[-118.10148004800409,33.73507320356296],[-118.13334446358294,33.71079370274014],[-118.12467761378883,33.67619392549215],[-118.08416466983208,33.665865697774386]]]},"properties":{"h3_index":"8629a5787ffffff","station_count":18,"program_id":"bight","program":"Southern California Bight","resolution":6,"stations":[{"station_id":"4374_B03","station_name":"B03_4374","lat":33.68284,"lon":-118.06256,"county":"ORANGE","organization":"OCSD","batch_year":"2003"},{"station_id":"4404_B03","station_name":"B03_4404","lat":33.72186,"lon":-118.06536,"county":"ORANGE","organization":"CRGML","batch_year":"2003"},{"station_id":"4246_B03","station_name":"B03_4246","lat":33.71744,"lon":-118.06246,"county":"ORANGE","organization":"CRGML","batch_year":"2003"},{"station_id":"2164_B98","station_name":"B98_2164","lat":33.73022,"lon":-118.08266,"county":"ORANGE","organization":"OCSD","batch_year":"1998"},{"station_id":"2393_B98","station_name":"B98_2393","lat":33.68281,"lon":-118.08831,"county":"ORANGE","organization":"SCCWRP","batch_year":"1998"},{"station_id":"B03W057_B03","station_name":"B03_B03W057","lat":33.67898,"lon":-118.0764,"county":"ORANGE","organization":"USC","batch_year":"2003"},{"station_id":"6406_B08","station_name":"B08-6406","lat":33.72736,"lon":-118.07909,"county":"ORANGE","organization":"NOAACOAST","batch_year":"2008"},{"station_id":"B98_124501","station_name":"124501_B98","lat":33.6912,"lon":-118.066,"county":"ORANGE","organization":"OCSD","batch_year":"1998"},{"station_id":"SCBPP_1272","station_name":"1272_SCBPP","lat":33.68687,"lon":-118.09065,"county":"ORANGE","organization":"OCSD","batch_year":"1994"},{"station_id":"B03W056_B03","station_name":"B03_B03W056","lat":33.69125,"lon":-118.06573,"county":"ORANGE","organization":"USC","batch_year":"2003"},{"station_id":"B13-8301","station_name":"B13-8301 OpenwaterStation","lat":33.71028,"lon":-118.05957,"county":"ORANGE","organization":"SCCWRP","batch_year":"2013"},{"station_id":"7325_B08","station_name":"B08-7325","lat":33.70286,"lon":-118.08263,"county":"ORANGE","organization":"LACSD","batch_year":"2008"},{"station_id":"B98_124502","station_name":"124502_B98","lat":33.679,"lon":-118.076,"county":"ORANGE","organization":"OCSD","batch_year":"1998"},{"station_id":"2134_B98","station_name":"B98_2134","lat":33.71545,"lon":-118.06217,"county":"ORANGE","organization":"CAS","batch_year":"1998"},{"station_id":"B13-8321","station_name":"B13-8321 OpenwaterStation","lat":33.72697,"lon":-118.07016,"county":"ORANGE","organization":"SCCWRP","batch_year":"2013"},{"station_id":"B03_B03W062","station_name":"B03W062_B03","lat":33.69904,"lon":-118.12779,"county":"LOS ANGELES","organization":"USC","batch_year":"2003"},{"station_id":"B03_B03W180","station_name":"B03W180_B03","lat":33.6903,"lon":-118.1036,"county":"ORANGE","organization":"MEC","batch_year":"2003"},{"station_id":"B03_B03W179","station_name":"B03W179_B03","lat":33.7099,"lon":-118.0929,"county":"ORANGE","organization":"MEC","batch_year":"2003"}]}},{"type":"Feature","geometry":{"type":"Polygon","coordinates":[[[-118.13334446358294,33.71079370274014],[-118.10148004800409,33.73507320356296],[-118.11014522722252,33.76966413337981],[-118.15069315408006,33.77996760104609],[-118.18255235692476,33.75568089151626],[-118.173868859301,33.72109792724436],[-118.13334446358294,33.71079370274014]]]},"properties":{"h3_index":"8629a578fffffff","station_count":95,"program_id":"bight","program":"Southern California Bight","resolution":6,"stations":[{"station_id":"B18-10000","station_name":"B18-10000","lat":33.759183,"lon":-118.162633,"county":"LOS ANGELES","organization":"SCCWRP","batch_year":"2018"},{"station_id":"B18-10001","station_name":"B18-10001","lat":33.7531,"lon":-118.150183,"county":"LOS ANGELES","organization":"SCCWRP","batch_year":"2018"},{"station_id":"B18-10002","station_name":"B18-10002","lat":33.744,"lon":-118.168733,"county":"LOS ANGELES","organization":"SCCWRP","batch_year":"2018"},{"station_id":"B18-10003","station_name":"B18-10003","lat":33.743833,"lon":-118.1401,"county":"LOS ANGELES","organization":"SCCWRP","batch_year":"2018"},{"station_id":"B18-10004","station_name":"B18-10004","lat":33.742883,"lon":-118.1533,"county":"LOS ANGELES","organization":"SCCWRP","batch_year":"2018"},{"station_id":"B18-10005","station_name":"B18-10005","lat":33.740683,"lon":-118.17495,"county":"LOS ANGELES","organization":"SCCWRP","batch_year":"2018"},{"station_id":"B18-10006","station_name":"B18-10006","lat":33.739633,"lon":-118.171533,"county":"LOS ANGELES","organization":"SCCWRP","batch_year":"2018"},{"station_id":"B18-10055","station_name":"B18-10055","lat":33.75551,"lon":-118.12986,"county":"LOS ANGELES","organization":"SCCWRP","batch_year":"2018"},{"station_id":"B18-10056","station_name":"B18-10056","lat":33.7555,"lon":-118.11381,"county":"LOS ANGELES","organization":"SCCWRP","batch_year":"2018"},{"station_id":"4274_B03","station_name":"B03_4274","lat":33.72857,"lon":-118.15722,"county":"LOS ANGELES","organization":"CLAEMD","batch_year":"2003"},{"station_id":"4322_B03","station_name":"B03_4322","lat":33.75027,"lon":-118.11069,"county":"LOS ANGELES","organization":"CRGML","batch_year":"2003"},{"station_id":"4386_B03","station_name":"B03_4386","lat":33.7554,"lon":-118.11329,"county":"LOS ANGELES","organization":"CRGML","batch_year":"2003"},{"station_id":"4456_B03","station_name":"B03_4456","lat":33.76621,"lon":-118.11363,"county":"LOS ANGELES","organization":"CRGML","batch_year":"2003"},{"station_id":"B03_LB450R","station_name":"LB450R_B03","lat":33.74631,"lon":-118.12111,"county":"LOS ANGELES","organization":"OCSD","batch_year":"2003"},{"station_id":"B03_LB0","station_name":"LB0_B03","lat":33.74031,"lon":-118.1167,"county":"ORANGE","organization":"OCSD","batch_year":"2003"},{"station_id":"2157_B98","station_name":"B98_2157","lat":33.74233,"lon":-118.15301,"county":"LOS ANGELES","organization":"CLAEMD","batch_year":"1998"},{"station_id":"2154_B98","station_name":"B98_2154","lat":33.74883,"lon":-118.15595,"county":"LOS ANGELES","organization":"CLAEMD","batch_year":"1998"},{"station_id":"2156_B98","station_name":"B98_2156","lat":33.73992,"lon":-118.17122,"county":"LOS ANGELES","organization":"CLAEMD","batch_year":"1998"},{"station_id":"4066_B03","station_name":"B03_4066","lat":33.74202,"lon":-118.11713,"county":"ORANGE","organization":"CRGML","batch_year":"2003"},{"station_id":"4130_B03","station_name":"B03_4130","lat":33.76479,"lon":-118.11207,"county":"LOS ANGELES","organization":"CRGML","batch_year":"2003"},{"station_id":"4034_B03","station_name":"B03_4034","lat":33.74723,"lon":-118.11445,"county":"LOS ANGELES","organization":"CRGML","batch_year":"2003"},{"station_id":"B03W084_B03","station_name":"B03_B03W084","lat":33.7298,"lon":-118.1726,"county":"LOS ANGELES","organization":"USC","batch_year":"2003"},{"station_id":"4408_B03","station_name":"B03_4408","lat":33.75507,"lon":-118.16386,"county":"LOS ANGELES","organization":"CLAEMD","batch_year":"2003"},{"station_id":"B03_SGAB 450 L OFF","station_name":"SGAB 450 L OFF_B03","lat":33.73888,"lon":-118.11149,"county":"ORANGE","organization":"OCSD","batch_year":"2003"},{"station_id":"B18-10220","station_name":"B18-10220","lat":33.733471,"lon":-118.12207,"county":"LOS ANGELES","organization":"SCCWRP","batch_year":"2018"},{"station_id":"6407_B08","station_name":"B08-6407","lat":33.72766,"lon":-118.15792,"county":"LOS ANGELES","organization":"CLAEMD","batch_year":"2008"},{"station_id":"6411_B08","station_name":"B08-6411","lat":33.72857,"lon":-118.15722,"county":"LOS ANGELES","organization":"CRGML","batch_year":"2008"},{"station_id":"6436_B08","station_name":"B08-6436","lat":33.73898,"lon":-118.13493,"county":"LOS ANGELES","organization":"CLAEMD","batch_year":"2008"},{"station_id":"6437_B08","station_name":"B08-6437","lat":33.73992,"lon":-118.17122,"county":"LOS ANGELES","organization":"CRGML","batch_year":"2008"},{"station_id":"6442_B08","station_name":"B08-6442","lat":33.74202,"lon":-118.11713,"county":"ORANGE","organization":"LACSD","batch_year":"2008"},{"station_id":"SCBPP_1227","station_name":"1227_SCBPP","lat":33.71783,"lon":-118.16028,"county":"LOS ANGELES","organization":"LACSD","batch_year":"1994"},{"station_id":"6444_B08","station_name":"B08-6444","lat":33.74233,"lon":-118.15301,"county":"LOS ANGELES","organization":"CLAEMD","batch_year":"2008"},{"station_id":"6447_B08","station_name":"B08-6447","lat":33.74337,"lon":-118.16549,"county":"LOS ANGELES","organization":"CLAEMD","batch_year":"2008"},{"station_id":"6462_B08","station_name":"B08-6462","lat":33.75069,"lon":-118.17608,"county":"LOS ANGELES","organization":"CRGML","batch_year":"2008"},{"station_id":"6472_B08","station_name":"B08-6472","lat":33.75536,"lon":-118.12987,"county":"LOS ANGELES","organization":"CSD","batch_year":"2008"},{"station_id":"6478_B08","station_name":"B08-6478","lat":33.75964,"lon":-118.16271,"county":"LOS ANGELES","organization":"NOAACOAST","batch_year":"2008"},{"station_id":"6448_B08","station_name":"B08-6448","lat":33.7442,"lon":-118.16867,"county":"LOS ANGELES","organization":"CRGML","batch_year":"2008"},{"station_id":"B03_B03W182","station_name":"B03W182_B03","lat":33.7377,"lon":-118.1313,"county":"LOS ANGELES","organization":"MEC","batch_year":"2003"},{"station_id":"7355_B08","station_name":"B08-7355","lat":33.733,"lon":-118.1215,"county":"LOS ANGELES","organization":"LACSD","batch_year":"2008"},{"station_id":"B13-8350","station_name":"B13-8350 OpenwaterStation","lat":33.73992,"lon":-118.17122,"county":"LOS ANGELES","organization":"SCCWRP","batch_year":"2013"},{"station_id":"B13-8383","station_name":"B13-8383 OpenwaterStation","lat":33.75536,"lon":-118.12987,"county":"LOS ANGELES","organization":"SCCWRP","batch_year":"2013"},{"station_id":"B13-9239","station_name":"B13-9239 OpenwaterStation","lat":33.72266,"lon":-118.15526,"county":"LOS ANGELES","organization":"SCCWRP","batch_year":"2013"},{"station_id":"B13-9245","station_name":"B13-9245 OpenwaterStation","lat":33.733,"lon":-118.1215,"county":"LOS ANGELES","organization":"SCCWRP","batch_year":"2013"},{"station_id":"6479_B08","station_name":"B08-6479","lat":33.7604,"lon":-118.12209,"county":"LOS ANGELES","organization":"CSD","batch_year":"2008"},{"station_id":"B13-8319","station_name":"B13-8319 OpenwaterStation","lat":33.7256,"lon":-118.13738,"county":"LOS ANGELES","organization":"SCCWRP","batch_year":"2013"},{"station_id":"B13-8353","station_name":"B13-8353 OpenwaterStation","lat":33.74202,"lon":-118.11713,"county":"LOS ANGELES","organization":"SCCWRP","batch_year":"2013"},{"station_id":"2153_B98","station_name":"B98_2153","lat":33.75359,"lon":-118.1579,"county":"LOS ANGELES","organization":"CLAEMD","batch_year":"1998"},{"station_id":"2163_B98","station_name":"B98_2163","lat":33.72781,"lon":-118.16684,"county":"LOS ANGELES","organization":"OCSD","batch_year":"1998"},{"station_id":"2319_B98","station_name":"B98_2319","lat":33.7372,"lon":-118.1434,"county":"LOS ANGELES","organization":"OCSD","batch_year":"1998"},{"station_id":"4098_B03","station_name":"B03_4098","lat":33.7442,"lon":-118.16867,"county":"LOS ANGELES","organization":"CLAEMD","batch_year":"2003"},{"station_id":"2318_B98","station_name":"B98_2318","lat":33.7237,"lon":-118.127,"county":"LOS ANGELES","organization":"OCSD","batch_year":"1998"},{"station_id":"2320_B98","station_name":"B98_2320","lat":33.733,"lon":-118.1215,"county":"LOS ANGELES","organization":"OCSD","batch_year":"1998"},{"station_id":"B03_SGAB 75 L","station_name":"SGAB 75 L_B03","lat":33.74011,"lon":-118.115,"county":"ORANGE","organization":"OCSD","batch_year":"2003"},{"station_id":"B18-10417","station_name":"B18-10417","lat":33.731083,"lon":-118.157367,"county":"LOS ANGELES","organization":"SCCWRP","batch_year":"2018"},{"station_id":"B13-8372","station_name":"B13-8372 OpenwaterStation","lat":33.75123,"lon":-118.11866,"county":"LOS ANGELES","organization":"SCCWRP","batch_year":"2013"},{"station_id":"B13-8346","station_name":"B13-8346 OpenwaterStation","lat":33.73889,"lon":-118.14453,"county":"LOS ANGELES","organization":"SCCWRP","batch_year":"2013"},{"station_id":"B13-8389","station_name":"B13-8389 OpenwaterStation","lat":33.76009,"lon":-118.12611,"county":"LOS ANGELES","organization":"SCCWRP","batch_year":"2013"},{"station_id":"2152_B98","station_name":"B98_2152","lat":33.75964,"lon":-118.16271,"county":"LOS ANGELES","organization":"CLAEMD","batch_year":"1998"},{"station_id":"B13-8315","station_name":"B13-8315 OpenwaterStation","lat":33.72378,"lon":-118.15268,"county":"LOS ANGELES","organization":"SCCWRP","batch_year":"2013"},{"station_id":"B13-8325","station_name":"B13-8325 OpenwaterStation","lat":33.72857,"lon":-118.15722,"county":"LOS ANGELES","organization":"SCCWRP","batch_year":"2013"},{"station_id":"2167_B98","station_name":"B98_2167","lat":33.7356,"lon":-118.15764,"county":"LOS ANGELES","organization":"CLAEMD","batch_year":"1998"},{"station_id":"B13-8351","station_name":"B13-8351 OpenwaterStation","lat":33.7402,"lon":-118.15912,"county":"LOS ANGELES","organization":"SCCWRP","batch_year":"2013"},{"station_id":"2388_B98","station_name":"B98_2388","lat":33.74816,"lon":-118.14888,"county":"LOS ANGELES","organization":"LACSD","batch_year":"1998"},{"station_id":"4018_B03","station_name":"B03_4018","lat":33.75536,"lon":-118.12987,"county":"LOS ANGELES","organization":"CRGML","batch_year":"2003"},{"station_id":"2155_B98","station_name":"B98_2155","lat":33.74333,"lon":-118.16782,"county":"LOS ANGELES","organization":"SCCWRP","batch_year":"1998"},{"station_id":"2321_B98","station_name":"B98_2321","lat":33.7295,"lon":-118.134,"county":"LOS ANGELES","organization":"OCSD","batch_year":"1998"},{"station_id":"2451_B98","station_name":"B98_2451","lat":33.75222,"lon":-118.17407,"county":"LOS ANGELES","organization":"CRGML","batch_year":"1998"},{"station_id":"B03_B03W188","station_name":"B03W188_B03","lat":33.74725,"lon":-118.15083,"county":"LOS ANGELES","organization":"USC","batch_year":"2003"},{"station_id":"B03_LB225R","station_name":"LB225R_B03","lat":33.7452,"lon":-118.1194,"county":"LOS ANGELES","organization":"OCSD","batch_year":"2003"},{"station_id":"B03_SGAB 25 L OFF","station_name":"SGAB 25 L OFF_B03","lat":33.73951,"lon":-118.1155,"county":"ORANGE","organization":"OCSD","batch_year":"2003"},{"station_id":"B03_B03W061","station_name":"B03W061_B03","lat":33.72787,"lon":-118.12025,"county":"LOS ANGELES","organization":"USC","batch_year":"2003"},{"station_id":"B03_SGAB 75 L OFF","station_name":"SGAB 75 L OFF_B03","lat":33.73949,"lon":-118.115,"county":"ORANGE","organization":"OCSD","batch_year":"2003"},{"station_id":"SCBPP_1208","station_name":"1208_SCBPP","lat":33.73405,"lon":-118.14513,"county":"LOS ANGELES","organization":"SCCWRP","batch_year":"1994"},{"station_id":"B03_LB75R","station_name":"LB75R_B03","lat":33.74431,"lon":-118.1183,"county":"LOS ANGELES","organization":"OCSD","batch_year":"2003"},{"station_id":"B03_SGAB 0 OFF","station_name":"SGAB 0 OFF_B03","lat":33.73904,"lon":-118.1173,"county":"ORANGE","organization":"OCSD","batch_year":"2003"},{"station_id":"B03_LB75RO","station_name":"LB75RO_B03","lat":33.7438,"lon":-118.1186,"county":"LOS ANGELES","organization":"OCSD","batch_year":"2003"},{"station_id":"B13-8358","station_name":"B13-8358 OpenwaterStation","lat":33.7442,"lon":-118.16867,"county":"LOS ANGELES","organization":"SCCWRP","batch_year":"2013"},{"station_id":"B13-8375","station_name":"B13-8375 OpenwaterStation","lat":33.75284,"lon":-118.17749,"county":"LOS ANGELES","organization":"SCCWRP","batch_year":"2013"},{"station_id":"B03_B03W066","station_name":"B03W066_B03","lat":33.7285,"lon":-118.1393,"county":"LOS ANGELES","organization":"MEC","batch_year":"2003"},{"station_id":"B03_LB450RO","station_name":"LB450RO_B03","lat":33.74591,"lon":-118.12145,"county":"LOS ANGELES","organization":"OCSD","batch_year":"2003"},{"station_id":"SCBPP_1224","station_name":"1224_SCBPP","lat":33.72158,"lon":-118.13125,"county":"LOS ANGELES","organization":"LACSD","batch_year":"1994"},{"station_id":"4424_B03","station_name":"B03_4424","lat":33.75116,"lon":-118.11207,"county":"LOS ANGELES","organization":"CRGML","batch_year":"2003"},{"station_id":"B03_LB225RO","station_name":"LB225RO_B03","lat":33.74455,"lon":-118.1201,"county":"LOS ANGELES","organization":"OCSD","batch_year":"2003"},{"station_id":"B03_B03W065","station_name":"B03W065_B03","lat":33.72993,"lon":-118.11792,"county":"ORANGE","organization":"USC","batch_year":"2003"},{"station_id":"SCBPP_1223","station_name":"1223_SCBPP","lat":33.72255,"lon":-118.12125,"county":"LOS ANGELES","organization":"LACSD","batch_year":"1994"},{"station_id":"B13-8355","station_name":"B13-8355 OpenwaterStation","lat":33.74233,"lon":-118.15301,"county":"LOS ANGELES","organization":"SCCWRP","batch_year":"2013"},{"station_id":"B03_LB25R","station_name":"LB25R_B03","lat":33.74402,"lon":-118.118,"county":"LOS ANGELES","organization":"OCSD","batch_year":"2003"},{"station_id":"B03_B03W305","station_name":"B03W305_B03","lat":33.742,"lon":-118.114,"county":"ORANGE","organization":"USC","batch_year":"2003"},{"station_id":"B03_SGAB 225 L OFF","station_name":"SGAB 225 L OFF_B03","lat":33.73939,"lon":-118.1137,"county":"ORANGE","organization":"OCSD","batch_year":"2003"},{"station_id":"B03_LB25RO","station_name":"LB25RO_B03","lat":33.74355,"lon":-118.1184,"county":"LOS ANGELES","organization":"OCSD","batch_year":"2003"},{"station_id":"B03_B03W191","station_name":"B03W191_B03","lat":33.7289,"lon":-118.15316,"county":"LOS ANGELES","organization":"LACSD","batch_year":"2003"},{"station_id":"B03_SGAB 450 L","station_name":"SGAB 450 L_B03","lat":33.73936,"lon":-118.11137,"county":"ORANGE","organization":"OCSD","batch_year":"2003"},{"station_id":"B03_B03W187","station_name":"B03W187_B03","lat":33.75045,"lon":-118.17628,"county":"LOS ANGELES","organization":"USC","batch_year":"2003"},{"station_id":"B03_B03W183","station_name":"B03W183_B03","lat":33.7275,"lon":-118.1354,"county":"LOS ANGELES","organization":"USC","batch_year":"2003"},{"station_id":"B03_SGAB 225 L","station_name":"SGAB 225 L_B03","lat":33.73989,"lon":-118.1135,"county":"ORANGE","organization":"OCSD","batch_year":"2003"}]}},{"type":"Feature","geometry":{"type":"Polygon","coordinates":[[[-118.0117702125043,33.67978648316907],[-117.97987039179853,33.704043398783384],[-117.98850052101453,33.738659028733096],[-118.0290488700744,33.7490098416825],[-118.06094361439892,33.72474569947548],[-118.05229509964003,33.690137975161456],[-118.0117702125043,33.67978648316907]]]},"properties":{"h3_index":"8629a5797ffffff","station_count":10,"program_id":"bight","program":"Southern California Bight","resolution":6,"stations":[{"station_id":"6372_B08","station_name":"B08-6372","lat":33.68706,"lon":-118.03397,"county":"ORANGE","organization":"CSD","batch_year":"2008"},{"station_id":"6375_B08","station_name":"B08-6375","lat":33.69115,"lon":-118.0419,"county":"ORANGE","organization":"CSD","batch_year":"2008"},{"station_id":"6382_B08","station_name":"B08-6382","lat":33.70325,"lon":-118.04919,"county":"ORANGE","organization":"CSD","batch_year":"2008"},{"station_id":"B13-8295","station_name":"B13-8295 OpenwaterStation","lat":33.6865,"lon":-118.03631,"county":"ORANGE","organization":"SCCWRP","batch_year":"2013"},{"station_id":"B13-8298","station_name":"B13-8298 OpenwaterStation","lat":33.6974,"lon":-118.04056,"county":"ORANGE","organization":"SCCWRP","batch_year":"2013"},{"station_id":"B18-10058","station_name":"B18-10058","lat":33.71305,"lon":-118.05379,"county":"ORANGE","organization":"SCCWRP","batch_year":"2018"},{"station_id":"B18-10156","station_name":"B18-10156","lat":33.69625,"lon":-118.04604,"county":"ORANGE","organization":"SCCWRP","batch_year":"2018"},{"station_id":"B18-10104","station_name":"B18-10104","lat":33.72181,"lon":-118.05772,"county":"ORANGE","organization":"SCCWRP","batch_year":"2018"},{"station_id":"4161_B03","station_name":"B03_4161","lat":33.70325,"lon":-118.04919,"county":"ORANGE","organization":"CRGML","batch_year":"2003"},{"station_id":"B18-10155","station_name":"B18-10155","lat":33.703369,"lon":-118.053169,"county":"ORANGE","organization":"SCCWRP","batch_year":"2018"}]}},{"type":"Feature","geometry":{"type":"Polygon","coordinates":[[[-118.06094361439892,33.72474569947548],[-118.0290488700744,33.7490098416825],[-118.03769568024066,33.78360869570814],[-118.07825561741485,33.793935487558365],[-118.11014522722252,33.76966413337981],[-118.10148004800409,33.73507320356296],[-118.06094361439892,33.72474569947548]]]},"properties":{"h3_index":"8629a579fffffff","station_count":20,"program_id":"bight","program":"Southern California Bight","resolution":6,"stations":[{"station_id":"5014_B03","station_name":"B03_5014","lat":33.74025,"lon":-118.08426,"county":"ORANGE","organization":"CRGML","batch_year":"2003"},{"station_id":"4258_B03","station_name":"B03_4258","lat":33.75925,"lon":-118.09883,"county":"LOS ANGELES","organization":"CRGML","batch_year":"2003"},{"station_id":"4520_B03","station_name":"B03_4520","lat":33.75612,"lon":-118.10125,"county":"LOS ANGELES","organization":"CSD","batch_year":"2003"},{"station_id":"4118_B03","station_name":"B03_4118","lat":33.76563,"lon":-118.10257,"county":"LOS ANGELES","organization":"CRGML","batch_year":"2003"},{"station_id":"4182_B03","station_name":"B03_4182","lat":33.7676,"lon":-118.10544,"county":"LOS ANGELES","organization":"CRGML","batch_year":"2003"},{"station_id":"4194_B03","station_name":"B03_4194","lat":33.75355,"lon":-118.10551,"county":"LOS ANGELES","organization":"CRGML","batch_year":"2003"},{"station_id":"B18-10149","station_name":"B18-10149","lat":33.76635,"lon":-118.10438,"county":"LOS ANGELES","organization":"SCCWRP","batch_year":"2018"},{"station_id":"B18-10151","station_name":"B18-10151","lat":33.75301,"lon":-118.10528,"county":"LOS ANGELES","organization":"SCCWRP","batch_year":"2018"},{"station_id":"6438_B08","station_name":"B08-6438","lat":33.7401,"lon":-118.08435,"county":"ORANGE","organization":"LACSD","batch_year":"2008"},{"station_id":"6451_B08","station_name":"B08-6451","lat":33.74585,"lon":-118.08255,"county":"ORANGE","organization":"CLAEMD","batch_year":"2008"},{"station_id":"6468_B08","station_name":"B08-6468","lat":33.75355,"lon":-118.10551,"county":"LOS ANGELES","organization":"CSD","batch_year":"2008"},{"station_id":"6485_B08","station_name":"B08-6485","lat":33.76563,"lon":-118.10257,"county":"LOS ANGELES","organization":"NOAACOAST","batch_year":"2008"},{"station_id":"B13-8378","station_name":"B13-8378 OpenwaterStation","lat":33.75299,"lon":-118.10511,"county":"LOS ANGELES","organization":"SCCWRP","batch_year":"2013"},{"station_id":"B13-8394","station_name":"B13-8394 OpenwaterStation","lat":33.76578,"lon":-118.10355,"county":"LOS ANGELES","organization":"SCCWRP","batch_year":"2013"},{"station_id":"2188_B98","station_name":"B98_2188","lat":33.73399,"lon":-118.08882,"county":"ORANGE","organization":"CRGML","batch_year":"1998"},{"station_id":"B13-8338","station_name":"B13-8338 OpenwaterStation","lat":33.7351,"lon":-118.09155,"county":"ORANGE","organization":"SCCWRP","batch_year":"2013"},{"station_id":"4002_B03","station_name":"B03_4002","lat":33.75502,"lon":-118.10254,"county":"LOS ANGELES","organization":"CRGML","batch_year":"2003"},{"station_id":"B18-10152","station_name":"B18-10152","lat":33.7278,"lon":-118.07249,"county":"ORANGE","organization":"SCCWRP","batch_year":"2018"},{"station_id":"B13-8328","station_name":"B13-8328 OpenwaterStation","lat":33.73088,"lon":-118.08168,"county":"ORANGE","organization":"SCCWRP","batch_year":"2013"},{"station_id":"B03_SGAB 25 L","station_name":"SGAB 25 L_B03","lat":33.74472,"lon":-118.0693,"county":"ORANGE","organization":"OCSD","batch_year":"2003"}]}},{"type":"Feature","geometry":{"type":"Polygon","coordinates":[[[-118.10735888551295,33.606968837157766],[-118.07551446303823,33.63124917075081],[-118.08416466983208,33.665865697774386],[-118.12467761378883,33.67619392549215],[-118.15651686163898,33.65190635694115],[-118.14784835376378,33.61729779984306],[-118.10735888551295,33.606968837157766]]]},"properties":{"h3_index":"8629a57a7ffffff","station_count":26,"program_id":"bight","program":"Southern California Bight","resolution":6,"stations":[{"station_id":"4090_B03","station_name":"B03_4090","lat":33.65956,"lon":-118.13065,"county":"FEDERAL WATERS","organization":"LACSD","batch_year":"2003"},{"station_id":"SCBPP_1321","station_name":"1321_SCBPP","lat":33.65322,"lon":-118.10197,"county":"FEDERAL WATERS","organization":"OCSD","batch_year":"1994"},{"station_id":"SCBPP_1355","station_name":"1355_SCBPP","lat":33.63222,"lon":-118.08635,"county":"FEDERAL WATERS","organization":"OCSD","batch_year":"1994"},{"station_id":"B98_124503","station_name":"124503_B98","lat":33.6664,"lon":-118.087,"county":"ORANGE","organization":"OCSD","batch_year":"1998"},{"station_id":"B98_124505","station_name":"124505_B98","lat":33.6368,"lon":-118.111,"county":"FEDERAL WATERS","organization":"OCSD","batch_year":"1998"},{"station_id":"B98_124506","station_name":"124506_B98","lat":33.622,"lon":-118.124,"county":"FEDERAL WATERS","organization":"OCSD","batch_year":"1998"},{"station_id":"B18-10226","station_name":"B18-10226","lat":33.6436,"lon":-118.078758,"county":"OOS","organization":"SCCWRP","batch_year":"2018"},{"station_id":"B18-10258","station_name":"B18-10258","lat":33.64806,"lon":-118.14888,"county":"OOS","organization":"SCCWRP","batch_year":"2018"},{"station_id":"B98_124504","station_name":"124504_B98","lat":33.6516,"lon":-118.099,"county":"FEDERAL WATERS","organization":"OCSD","batch_year":"1998"},{"station_id":"SCBPP_1300","station_name":"1300_SCBPP","lat":33.6664,"lon":-118.10862,"county":"FEDERAL WATERS","organization":"OCSD","batch_year":"1994"},{"station_id":"SCBPP_1312","station_name":"1312_SCBPP","lat":33.65978,"lon":-118.13113,"county":"FEDERAL WATERS","organization":"LACSD","batch_year":"1994"},{"station_id":"7301_B08","station_name":"B08-7301","lat":33.648,"lon":-118.1495,"county":"FEDERAL WATERS","organization":"LACSD","batch_year":"2008"},{"station_id":"SCBPP_1332","station_name":"1332_SCBPP","lat":33.64492,"lon":-118.14528,"county":"FEDERAL WATERS","organization":"TEX-AM","batch_year":"1994"},{"station_id":"B13-9221","station_name":"B13-9221 OpenwaterStation","lat":33.65956,"lon":-118.13065,"county":"LOS ANGELES","organization":"SCCWRP","batch_year":"2013"},{"station_id":"B13-9217","station_name":"B13-9217 OpenwaterStation","lat":33.648,"lon":-118.1495,"county":"LOS ANGELES","organization":"SCCWRP","batch_year":"2013"},{"station_id":"2398_B98","station_name":"B98_2398","lat":33.6192,"lon":-118.14307,"county":"FEDERAL WATERS","organization":"LACSD","batch_year":"1998"},{"station_id":"7305_B08","station_name":"B08-7305","lat":33.65956,"lon":-118.13065,"county":"FEDERAL WATERS","organization":"LACSD","batch_year":"2008"},{"station_id":"B03_B03W058","station_name":"B03W058_B03","lat":33.66645,"lon":-118.08673,"county":"ORANGE","organization":"MEC","batch_year":"2003"},{"station_id":"2396_B98","station_name":"B98_2396","lat":33.648,"lon":-118.1495,"county":"FEDERAL WATERS","organization":"LACSD","batch_year":"1998"},{"station_id":"SCBPP_1328","station_name":"1328_SCBPP","lat":33.6485,"lon":-118.117,"county":"FEDERAL WATERS","organization":"LACSD","batch_year":"1994"},{"station_id":"B03_B03W060","station_name":"B03W060_B03","lat":33.63683,"lon":-118.11125,"county":"FEDERAL WATERS","organization":"USC","batch_year":"2003"},{"station_id":"2397_B98","station_name":"B98_2397","lat":33.65001,"lon":-118.12609,"county":"FEDERAL WATERS","organization":"LACSD","batch_year":"1998"},{"station_id":"B03_B03W059","station_name":"B03W059_B03","lat":33.65163,"lon":-118.0991,"county":"FEDERAL WATERS","organization":"USC","batch_year":"2003"},{"station_id":"B18-10225","station_name":"B18-10225","lat":33.65979,"lon":-118.130943,"county":"OOS","organization":"SCCWRP","batch_year":"2018"},{"station_id":"B03_B03W181","station_name":"B03W181_B03","lat":33.6616,"lon":-118.1175,"county":"FEDERAL WATERS","organization":"MEC","batch_year":"2003"},{"station_id":"B03W064_B03","station_name":"B03_B03W064","lat":33.64139,"lon":-118.14287,"county":"FEDERAL WATERS","organization":"USC","batch_year":"2003"}]}},{"type":"Feature","geometry":{"type":"Polygon","coordinates":[[[-118.15651686163898,33.65190635694115],[-118.12467761378883,33.67619392549215],[-118.13334446358294,33.71079370274014],[-118.173868859301,33.72109792724436],[-118.20570287449502,33.69680313852693],[-118.19701774026969,33.66221134967503],[-118.15651686163898,33.65190635694115]]]},"properties":{"h3_index":"8629a57afffffff","station_count":10,"program_id":"bight","program":"Southern California Bight","resolution":6,"stations":[{"station_id":"B03_B03W069","station_name":"B03W069_B03","lat":33.66752,"lon":-118.19674,"county":"FEDERAL WATERS","organization":"USC","batch_year":"2003"},{"station_id":"B03_B03W068","station_name":"B03W068_B03","lat":33.69398,"lon":-118.1905,"county":"LOS ANGELES","organization":"LACSD","batch_year":"2003"},{"station_id":"SCBPP_1256","station_name":"1256_SCBPP","lat":33.69812,"lon":-118.18613,"county":"LOS ANGELES","organization":"LACSD","batch_year":"1994"},{"station_id":"B18-10223","station_name":"B18-10223","lat":33.705139,"lon":-118.191849,"county":"LOS ANGELES","organization":"SCCWRP","batch_year":"2018"},{"station_id":"7312_B08","station_name":"B08-7312","lat":33.67918,"lon":-118.14037,"county":"LOS ANGELES","organization":"LACSD","batch_year":"2008"},{"station_id":"7313_B08","station_name":"B08-7313","lat":33.68192,"lon":-118.19304,"county":"LOS ANGELES","organization":"LACSD","batch_year":"2008"},{"station_id":"2392_B98","station_name":"B98_2392","lat":33.70507,"lon":-118.15527,"county":"LOS ANGELES","organization":"SCCWRP","batch_year":"1998"},{"station_id":"4290_B03","station_name":"B03_4290","lat":33.71166,"lon":-118.18459,"county":"LOS ANGELES","organization":"LACSD","batch_year":"2003"},{"station_id":"B03_B03W063","station_name":"B03W063_B03","lat":33.67021,"lon":-118.13533,"county":"FEDERAL WATERS","organization":"USC","batch_year":"2003"},{"station_id":"2391_B98","station_name":"B98_2391","lat":33.70941,"lon":-118.13774,"county":"LOS ANGELES","organization":"LACSD","batch_year":"1998"}]}},{"type":"Feature","geometry":{"type":"Polygon","coordinates":[[[-118.03501302401583,33.62089698837705],[-118.00313835725706,33.64516202764414],[-118.0117702125043,33.67978648316907],[-118.05229509964003,33.690137975161456],[-118.08416466983208,33.665865697774386],[-118.07551446303823,33.63124917075081],[-118.03501302401583,33.62089698837705]]]},"properties":{"h3_index":"8629a57b7ffffff","station_count":15,"program_id":"bight","program":"Southern California Bight","resolution":6,"stations":[{"station_id":"SCBPP_1287","station_name":"1287_SCBPP","lat":33.67783,"lon":-118.067,"county":"ORANGE","organization":"TEX-AM","batch_year":"1994"},{"station_id":"B98_124002","station_name":"124002_B98","lat":33.6557,"lon":-118.043,"county":"ORANGE","organization":"OCSD","batch_year":"1998"},{"station_id":"B98_124004","station_name":"124004_B98","lat":33.6313,"lon":-118.063,"county":"FEDERAL WATERS","organization":"OCSD","batch_year":"1998"},{"station_id":"B98_124003","station_name":"124003_B98","lat":33.6461,"lon":-118.051,"county":"ORANGE","organization":"OCSD","batch_year":"1998"},{"station_id":"SCBPP_1306","station_name":"1306_SCBPP","lat":33.665,"lon":-118.04593,"county":"ORANGE","organization":"OCSD","batch_year":"1994"},{"station_id":"7300_B08","station_name":"B08-7300","lat":33.643,"lon":-118.07835,"county":"FEDERAL WATERS","organization":"OCSD","batch_year":"2008"},{"station_id":"B13-9214","station_name":"B13-9214 OpenwaterStation","lat":33.643,"lon":-118.07835,"county":"ORANGE","organization":"SCCWRP","batch_year":"2013"},{"station_id":"B13-9219","station_name":"B13-9219 OpenwaterStation","lat":33.6545,"lon":-118.05838,"county":"ORANGE","organization":"SCCWRP","batch_year":"2013"},{"station_id":"B98_124001","station_name":"124001_B98","lat":33.6653,"lon":-118.035,"county":"ORANGE","organization":"OCSD","batch_year":"1998"},{"station_id":"4058_B03","station_name":"B03_4058","lat":33.643,"lon":-118.07835,"county":"FEDERAL WATERS","organization":"OCSD","batch_year":"2003"},{"station_id":"B03W052_B03","station_name":"B03_B03W052","lat":33.6557,"lon":-118.04322,"county":"ORANGE","organization":"USC","batch_year":"2003"},{"station_id":"B03_B03W051","station_name":"B03W051_B03","lat":33.66533,"lon":-118.03505,"county":"ORANGE","organization":"MEC","batch_year":"2003"},{"station_id":"2395_B98","station_name":"B98_2395","lat":33.67262,"lon":-118.05404,"county":"ORANGE","organization":"LACSD","batch_year":"1998"},{"station_id":"B03W053_B03","station_name":"B03_B03W053","lat":33.64608,"lon":-118.0512,"county":"ORANGE","organization":"USC","batch_year":"2003"},{"station_id":"B03_B03W054","station_name":"B03W054_B03","lat":33.63125,"lon":-118.06347,"county":"FEDERAL WATERS","organization":"MEC","batch_year":"2003"}]}},{"type":"Feature","geometry":{"type":"Polygon","coordinates":[[[-117.90603001156869,33.10052307548891],[-117.87425560027448,33.12479083997272],[-117.88281320768137,33.159539971986526],[-117.92316350354173,33.170013394779225],[-117.95493300552381,33.14573825938123],[-117.9463571343028,33.110997076318185],[-117.90603001156869,33.10052307548891]]]},"properties":{"h3_index":"8629a5c87ffffff","station_count":1,"program_id":"bight","program":"Southern California Bight","resolution":6,"stations":[{"station_id":"4220_B03","station_name":"B03_4220","lat":33.10826,"lon":-117.90126,"county":"FEDERAL WATERS","organization":"CSD","batch_year":"2003"}]}},{"type":"Feature","geometry":{"type":"Polygon","coordinates":[[[-118.07594882134076,33.177043112614164],[-118.04421426634795,33.20134057017505],[-118.05282316644079,33.236049282388144],[-118.09318481676601,33.24645251277593],[-118.12491427066642,33.2221477167541],[-118.11628718877367,33.18744703297699],[-118.07594882134076,33.177043112614164]]]},"properties":{"h3_index":"8629a5cc7ffffff","station_count":1,"program_id":"bight","program":"Southern California Bight","resolution":6,"stations":[{"station_id":"7155_B08","station_name":"B08-7155","lat":33.2098,"lon":-118.08101,"county":"FEDERAL WATERS","organization":"OCSD","batch_year":"2008"}]}},{"type":"Feature","geometry":{"type":"Polygon","coordinates":[[[-118.05282316644079,33.236049282388144],[-118.02106365485974,33.26033911526029],[-118.0296708613896,33.29503950080471],[-118.07005580833233,33.30544205211435],[-118.10181023867604,33.28114489277232],[-118.09318481676601,33.24645251277593],[-118.05282316644079,33.236049282388144]]]},"properties":{"h3_index":"8629a5cdfffffff","station_count":4,"program_id":"bight","program":"Southern California Bight","resolution":6,"stations":[{"station_id":"7168_B08","station_name":"B08-7168","lat":33.27417,"lon":-118.08588,"county":"FEDERAL WATERS","organization":"OCSD","batch_year":"2008"},{"station_id":"B13-9132","station_name":"B13-9132 OpenwaterStation","lat":33.27417,"lon":-118.08588,"county":"ORANGE","organization":"SCCWRP","batch_year":"2013"},{"station_id":"4216_B03","station_name":"B03_4216","lat":33.27417,"lon":-118.08588,"county":"FEDERAL WATERS","organization":"CSD","batch_year":"2003"},{"station_id":"B18-10373","station_name":"B18-10373","lat":33.274109,"lon":-118.086327,"county":"OOS","organization":"SCCWRP","batch_year":"2018"}]}},{"type":"Feature","geometry":{"type":"Polygon","coordinates":[[[-119.79550569420337,34.40892178125929],[-119.76407211197996,34.433484438201845],[-119.77323214523007,34.467659742860945],[-119.81384321812334,34.477263704995536],[-119.84526970369528,34.45269418654446],[-119.83609222753347,34.418527571261585],[-119.79550569420337,34.40892178125929]]]},"properties":{"h3_index":"8629ac907ffffff","station_count":1,"program_id":"bight","program":"Southern California Bight","resolution":6,"stations":[{"station_id":"6562_B08","station_name":"B08-6562","lat":34.42176,"lon":-119.82931,"county":"SANTA BARBARA","organization":"NOAACOAST","batch_year":"2008"}]}},{"type":"Feature","geometry":{"type":"Polygon","coordinates":[[[-119.81775290971632,34.350166769507936],[-119.78634474712138,34.37473702626663],[-119.79550569420337,34.40892178125929],[-119.83609222753347,34.418527571261585],[-119.86749327712734,34.39395044272199],[-119.85831492088404,34.35977439974091],[-119.81775290971632,34.350166769507936]]]},"properties":{"h3_index":"8629ac927ffffff","station_count":17,"program_id":"bight","program":"Southern California Bight","resolution":6,"stations":[{"station_id":"SCBPP_0232","station_name":"0232_SCBPP","lat":34.38673,"lon":-119.8142,"county":"SANTA BARBARA","organization":"SCCWRP","batch_year":"1994"},{"station_id":"4055_B03","station_name":"B03_4055","lat":34.40395,"lon":-119.81211,"county":"SANTA BARBARA","organization":"CRGML","batch_year":"2003"},{"station_id":"2266_B98","station_name":"B98_2266","lat":34.3982,"lon":-119.8214,"county":"SANTA BARBARA","organization":"CLAEMD","batch_year":"1998"},{"station_id":"2301_B98","station_name":"B98_2301","lat":34.401,"lon":-119.8328,"county":"SANTA BARBARA","organization":"CAS","batch_year":"1998"},{"station_id":"4183_B03","station_name":"B03_4183","lat":34.39989,"lon":-119.83052,"county":"SANTA BARBARA","organization":"CRGML","batch_year":"2003"},{"station_id":"4215_B03","station_name":"B03_4215","lat":34.40245,"lon":-119.81198,"county":"SANTA BARBARA","organization":"CRGML","batch_year":"2003"},{"station_id":"7741_B08","station_name":"B08-7741","lat":34.401,"lon":-119.8328,"county":"SANTA BARBARA","organization":"CSD","batch_year":"2008"},{"station_id":"B13-9456","station_name":"B13-9456 OpenwaterStation","lat":34.36084,"lon":-119.84922,"county":"SANTA BARBARA","organization":"SCCWRP","batch_year":"2013"},{"station_id":"2267_B98","station_name":"B98_2267","lat":34.4057,"lon":-119.8254,"county":"SANTA BARBARA","organization":"CSD","batch_year":"1998"},{"station_id":"B18-10244","station_name":"B18-10244","lat":34.3591,"lon":-119.82501,"county":"SANTA BARBARA","organization":"SCCWRP","batch_year":"2018"},{"station_id":"B13-9470","station_name":"B13-9470 OpenwaterStation","lat":34.401,"lon":-119.8328,"county":"SANTA BARBARA","organization":"SCCWRP","batch_year":"2013"},{"station_id":"2268_B98","station_name":"B98_2268","lat":34.4001,"lon":-119.8106,"county":"SANTA BARBARA","organization":"CLAEMD","batch_year":"1998"},{"station_id":"B13-9465","station_name":"B13-9465 OpenwaterStation","lat":34.39505,"lon":-119.85862,"county":"SANTA BARBARA","organization":"SCCWRP","batch_year":"2013"},{"station_id":"B13-9454","station_name":"B13-9454 OpenwaterStation","lat":34.3593,"lon":-119.8495,"county":"SANTA BARBARA","organization":"SCCWRP","batch_year":"2013"},{"station_id":"4119_B03","station_name":"B03_4119","lat":34.39993,"lon":-119.84333,"county":"SANTA BARBARA","organization":"CRGML","batch_year":"2003"},{"station_id":"B18-10243","station_name":"B18-10243","lat":34.40081,"lon":-119.83277,"county":"SANTA BARBARA","organization":"SCCWRP","batch_year":"2018"},{"station_id":"4311_B03","station_name":"B03_4311","lat":34.37571,"lon":-119.79339,"county":"SANTA BARBARA","organization":"USC","batch_year":"2003"}]}},{"type":"Feature","geometry":{"type":"Polygon","coordinates":[[[-119.86749327712734,34.39395044272199],[-119.83609222753347,34.418527571261585],[-119.84526970369528,34.45269418654446],[-119.88586563279588,34.462274949327394],[-119.91725951033915,34.4376909657424],[-119.9080646453568,34.40353307818978],[-119.86749327712734,34.39395044272199]]]},"properties":{"h3_index":"8629ac92fffffff","station_count":6,"program_id":"bight","program":"Southern California Bight","resolution":6,"stations":[{"station_id":"B18-10838","station_name":"B18-10838","lat":34.4126,"lon":-119.89586,"county":"SANTA BARBARA","organization":"SCCWRP","batch_year":"2018"},{"station_id":"2359_B98","station_name":"B98_2359","lat":34.39839,"lon":-119.86476,"county":"SANTA BARBARA","organization":"OCSD","batch_year":"1998"},{"station_id":"7735_B08","station_name":"B08-7735","lat":34.39839,"lon":-119.86476,"county":"SANTA BARBARA","organization":"CSD","batch_year":"2008"},{"station_id":"B13-9468","station_name":"B13-9468 OpenwaterStation","lat":34.39975,"lon":-119.87481,"county":"SANTA BARBARA","organization":"SCCWRP","batch_year":"2013"},{"station_id":"B18-10206","station_name":"B18-10206","lat":34.39825,"lon":-119.86523,"county":"SANTA BARBARA","organization":"SCCWRP","batch_year":"2018"},{"station_id":"B13-9467","station_name":"B13-9467 OpenwaterStation","lat":34.39839,"lon":-119.86476,"county":"SANTA BARBARA","organization":"SCCWRP","batch_year":"2013"}]}},{"type":"Feature","geometry":{"type":"Polygon","coordinates":[[[-119.74576766646591,34.365106250854474],[-119.71432704668301,34.38966202965772],[-119.72347053063976,34.42385545820819],[-119.76407211197996,34.433484438201845],[-119.79550569420337,34.40892178125929],[-119.78634474712138,34.37473702626663],[-119.74576766646591,34.365106250854474]]]},"properties":{"h3_index":"8629ac937ffffff","station_count":2,"program_id":"bight","program":"Southern California Bight","resolution":6,"stations":[{"station_id":"SCBPP_0228","station_name":"0228_SCBPP","lat":34.38837,"lon":-119.7885,"county":"SANTA BARBARA","organization":"SCCWRP","batch_year":"1994"},{"station_id":"SCBPP_0161","station_name":"0161_SCBPP","lat":34.40383,"lon":-119.78115,"county":"SANTA BARBARA","organization":"SCCWRP","batch_year":"1994"}]}},{"type":"Feature","geometry":{"type":"Polygon","coordinates":[[[-119.98920138555351,34.422650190120656],[-119.95784017865174,34.44724856483188],[-119.96705155438323,34.48138823865586],[-120.0076414656657,34.4909207599988],[-120.03899536627851,34.46631555368991],[-120.02976667647057,34.43218466137114],[-119.98920138555351,34.422650190120656]]]},"properties":{"h3_index":"8629ac967ffffff","station_count":2,"program_id":"bight","program":"Southern California Bight","resolution":6,"stations":[{"station_id":"SCBPP_0060","station_name":"0060_SCBPP","lat":34.4361,"lon":-120.00448,"county":"SANTA BARBARA","organization":"SCCWRP","batch_year":"1994"},{"station_id":"SCBPP_0016","station_name":"0016_SCBPP","lat":34.4527,"lon":-120.02815,"county":"SANTA BARBARA","organization":"TEX-AM","batch_year":"1994"}]}}]}