{"type":"FeatureCollection","features":[{"type":"Feature","geometry":{"type":"Polygon","coordinates":[[[-122.17716910076696,38.00451741588978],[-122.14566816462572,38.029250853978674],[-122.15576236314048,38.062065678355914],[-122.19737436363674,38.07013810475061],[-122.22886504746889,38.0453989290143],[-122.21875399980773,38.01259306804501],[-122.17716910076696,38.00451741588978]]]},"properties":{"h3_index":"862830107ffffff","station_count":1,"program_id":"sf_bay","program":"SF Bay","resolution":6,"stations":[{"station_id":"BENPK","station_name":"Benicia State Park-BENPK","lat":38.065828,"lon":-122.188015,"county":"SOLANO","waterbody":"San Francisco Bay/Carquinez Strait"}]}},{"type":"Feature","geometry":{"type":"Polygon","coordinates":[[[-122.22886504746889,38.0453989290143],[-122.19737436363674,38.07013810475061],[-122.20748563171222,38.102931071853924],[-122.24910442237189,38.11097589265429],[-122.28058478976892,38.08623099693512],[-122.27045669966529,38.053447003901994],[-122.22886504746889,38.0453989290143]]]},"properties":{"h3_index":"86283010fffffff","station_count":1,"program_id":"sf_bay","program":"SF Bay","resolution":6,"stations":[{"station_id":"BD50","station_name":"Napa River (BD50)","lat":38.097,"lon":-122.261,"county":"SOLANO","waterbody":"San Francisco Bay"}]}},{"type":"Feature","geometry":{"type":"Polygon","coordinates":[[[-122.10406302022955,38.021150848494095],[-122.0725250031431,38.04586885159802],[-122.08260229004188,38.07869260678297],[-122.12423452233018,38.08678943159536],[-122.15576236314048,38.062065678355914],[-122.14566816462572,38.029250853978674],[-122.10406302022955,38.021150848494095]]]},"properties":{"h3_index":"862830117ffffff","station_count":25,"program_id":"sf_bay","program":"SF Bay","resolution":6,"stations":[{"station_id":"BF10","station_name":"Pacheco River (BF10)","lat":38.051,"lon":-122.099,"county":"SOLANO","waterbody":"San Francisco Bay"},{"station_id":"SU011S","station_name":"Suisun Bay (SU011S)","lat":38.076331,"lon":-122.104247,"county":"SOLANO","waterbody":"San Francisco Bay"},{"station_id":"SU003S","station_name":"Suisun Bay (SU003S)","lat":38.065518,"lon":-122.097036,"county":"SOLANO","waterbody":"San Francisco Bay"},{"station_id":"SU029W","station_name":"Suisun Bay (SU029W)","lat":38.049877,"lon":-122.088916,"county":"SOLANO","waterbody":"San Francisco Bay"},{"station_id":"SU007W","station_name":"Suisun Bay (SU007W)","lat":38.073828,"lon":-122.084636,"county":"SOLANO","waterbody":"San Francisco Bay"},{"station_id":"SU013S","station_name":"Suisun Bay (SU013S)","lat":38.05617,"lon":-122.089806,"county":"SOLANO","waterbody":"San Francisco Bay"},{"station_id":"SU011W","station_name":"Suisun Bay (SU011W)","lat":38.043208,"lon":-122.129407,"county":"SOLANO","waterbody":"San Francisco Bay"},{"station_id":"SU019W","station_name":"Suisun Bay (SU019W)","lat":38.038564,"lon":-122.121897,"county":"SOLANO","waterbody":"San Francisco Bay"},{"station_id":"SU095S","station_name":"Suisun Bay (SU095S)","lat":38.07339,"lon":-122.08813,"county":"SOLANO"},{"station_id":"SU003W","station_name":"Suisun Bay (SU003W)","lat":38.056905,"lon":-122.104866,"county":"SOLANO","waterbody":"San Francisco Bay"},{"station_id":"SU031S","station_name":"Suisun Bay (SU031S)","lat":38.069054,"lon":-122.092566,"county":"SOLANO","waterbody":"San Francisco Bay"},{"station_id":"SU077S","station_name":"Suisun Bay (SU077S)","lat":38.054862,"lon":-122.083126,"county":"SOLANO","waterbody":"San Francisco Bay"},{"station_id":"SU109S","station_name":"Suisun Bay (SU109S)","lat":38.05578,"lon":-122.0902,"county":"SOLANO"},{"station_id":"SU027S","station_name":"Suisun Bay (SU027S)","lat":38.055156,"lon":-122.111486,"county":"SOLANO","waterbody":"San Francisco Bay"},{"station_id":"SU005S","station_name":"Suisun Bay (SU005S)","lat":38.051635,"lon":-122.076965,"county":"CONTRA COSTA","waterbody":"San Francisco Bay"},{"station_id":"SU015W","station_name":"Suisun Bay (SU015W)","lat":38.052461,"lon":-122.108116,"county":"SOLANO","waterbody":"San Francisco Bay"},{"station_id":"SU019S","station_name":"Suisun Bay (SU019S)","lat":38.059818,"lon":-122.092876,"county":"SOLANO","waterbody":"San Francisco Bay"},{"station_id":"SU075S","station_name":"Suisun Bay (SU075S)","lat":38.0614,"lon":-122.114897,"county":"SOLANO","waterbody":"San Francisco Bay"},{"station_id":"USGS 8.1","station_name":"USGS Station 8.1 - at the mouth of the Carquinez Strait in Suisun Bay","lat":38.031667,"lon":-122.140267,"county":"CONTRA COSTA","waterbody":"Suisun Bay"},{"station_id":"SU061W","station_name":"Suisun Bay (SU061W)","lat":38.056373,"lon":-122.090706},{"station_id":"SUB53","station_name":"SF Bay RMP - Suisun Bay SUB53","lat":38.0442,"lon":-122.096867,"county":"CONTRA COSTA"},{"station_id":"SU047W","station_name":"Suisun Bay (SU047W)","lat":38.039749,"lon":-122.116316,"county":"CONTRA COSTA","waterbody":"San Francisco Bay"},{"station_id":"SU055W","station_name":"Suisun Bay (SU055W)","lat":38.072626,"lon":-122.081676,"county":"SOLANO"},{"station_id":"SU063W","station_name":"Suisun Bay (SU063W)","lat":38.050645,"lon":-122.091506},{"station_id":"SU051W","station_name":"Suisun Bay (SU051W)","lat":38.067004,"lon":-122.093716,"county":"SOLANO"}]}},{"type":"Feature","geometry":{"type":"Polygon","coordinates":[[[-122.25021780099888,37.98784427437706],[-122.21875399980773,38.01259306804501],[-122.22886504746889,38.0453989290143],[-122.27045669966529,38.053447003901994],[-122.30191017280286,38.028692485163276],[-122.29178233849784,37.99589562009715],[-122.25021780099888,37.98784427437706]]]},"properties":{"h3_index":"86283012fffffff","station_count":6,"program_id":"sf_bay","program":"SF Bay","resolution":6,"stations":[{"station_id":"SPB022W","station_name":"San Pablo Bay (SPB022W)","lat":38.026699,"lon":-122.294261,"county":"CONTRA COSTA","waterbody":"San Francisco Bay"},{"station_id":"SPB022S","station_name":"San Pablo Bay (SPB022S)","lat":38.033056,"lon":-122.278791,"county":"CONTRA COSTA","waterbody":"San Francisco Bay"},{"station_id":"SPB006W","station_name":"San Pablo Bay (SPB006W)","lat":38.02624,"lon":-122.298021,"county":"CONTRA COSTA","waterbody":"San Francisco Bay"},{"station_id":"RefugioCk_Tsushima","station_name":"Refugio Creek at Tsushima Street","lat":38.017722,"lon":-122.277067,"county":"CONTRA COSTA"},{"station_id":"SPB054W","station_name":"San Pablo Bay (SPB054W)","lat":38.04544,"lon":-122.278271},{"station_id":"RodeoCkPdBr_Seacliff","station_name":"Rodeo Creek pedestrian bridge off Mariner's Pointe at intersection with Seacliff Court","lat":38.016053,"lon":-122.253761,"county":"CONTRA COSTA"}]}},{"type":"Feature","geometry":{"type":"Polygon","coordinates":[[[-122.12549701735608,37.96358652825065],[-122.09398589299629,37.98831421106767],[-122.10406302022955,38.021150848494095],[-122.14566816462572,38.029250853978674],[-122.17716910076696,38.00451741588978],[-122.16707509739427,37.97168973111325],[-122.12549701735608,37.96358652825065]]]},"properties":{"h3_index":"862830137ffffff","station_count":1,"program_id":"sf_bay","program":"SF Bay","resolution":6,"stations":[{"station_id":"ARROY","station_name":"Arroyo del Hambre-ARROY","lat":38.02117,"lon":-122.14076,"county":"CONTRA COSTA"}]}},{"type":"Feature","geometry":{"type":"Polygon","coordinates":[[[-122.35362621019523,38.06949124221192],[-122.32218312914793,38.09425146825182],[-122.33232825975676,38.127013549436576],[-122.3739332202196,38.13500639113549],[-122.40536584510609,38.11024047560393],[-122.39520398245024,38.07748741133304],[-122.35362621019523,38.06949124221192]]]},"properties":{"h3_index":"862830147ffffff","station_count":12,"program_id":"sf_bay","program":"SF Bay","resolution":6,"stations":[{"station_id":"SPB029S","station_name":"San Pablo Bay (SPB029S)","lat":38.10264,"lon":-122.337104,"county":"SOLANO","waterbody":"San Francisco Bay"},{"station_id":"SPB017W","station_name":"San Pablo Bay (SPB017W)","lat":38.08571,"lon":-122.364274,"county":"SOLANO","waterbody":"San Francisco Bay"},{"station_id":"SPB037S","station_name":"San Pablo Bay (SPB037S)","lat":38.099645,"lon":-122.327053,"county":"SOLANO","waterbody":"San Francisco Bay"},{"station_id":"SPB040W","station_name":"San Pablo Bay (SPB040W)","lat":38.074783,"lon":-122.348033,"county":"SOLANO"},{"station_id":"SPB009W","station_name":"San Pablo Bay (SPB009W)","lat":38.082834,"lon":-122.393975,"county":"MARIN","waterbody":"San Francisco Bay"},{"station_id":"SPB017S","station_name":"San Pablo Bay (SPB017S)","lat":38.11553,"lon":-122.377995,"county":"SOLANO","waterbody":"San Francisco Bay"},{"station_id":"SPB023S","station_name":"San Pablo Bay (SPB023S)","lat":38.105033,"lon":-122.392235,"county":"SONOMA","waterbody":"San Francisco Bay"},{"station_id":"SPB033W","station_name":"San Pablo Bay (SPB033W)","lat":38.08548,"lon":-122.38517,"county":"SOLANO","waterbody":"San Francisco Bay"},{"station_id":"SPB001W","station_name":"San Pablo Bay (SPB001W)","lat":38.095672,"lon":-122.364584,"county":"SOLANO","waterbody":"San Francisco Bay"},{"station_id":"SPB013S","station_name":"San Pablo Bay (SPB013S)","lat":38.079449,"lon":-122.384665,"county":"SONOMA","waterbody":"San Francisco Bay"},{"station_id":"SPB041W","station_name":"San Pablo Bay (SPB041W)","lat":38.087305,"lon":-122.395235,"county":"SONOMA"},{"station_id":"SPB048W","station_name":"San Pablo Bay (SPB048W)","lat":38.07982,"lon":-122.351,"county":"SOLANO"}]}},{"type":"Feature","geometry":{"type":"Polygon","coordinates":[[[-122.40536584510609,38.11024047560393],[-122.3739332202196,38.13500639113549],[-122.38409538930489,38.16774651677643],[-122.42570690462757,38.17571170306751],[-122.45712900924947,38.15094011589348],[-122.44695013560259,38.11820901752796],[-122.40536584510609,38.11024047560393]]]},"properties":{"h3_index":"86283014fffffff","station_count":2,"program_id":"sf_bay","program":"SF Bay","resolution":6,"stations":[{"station_id":"SPB007S","station_name":"San Pablo Bay (SPB007S)","lat":38.116366,"lon":-122.409726,"county":"SONOMA","waterbody":"San Francisco Bay"},{"station_id":"SPB071S","station_name":"San Pablo Bay (SPB071S)","lat":38.118059,"lon":-122.399066,"county":"SONOMA","waterbody":"San Francisco Bay"}]}},{"type":"Feature","geometry":{"type":"Polygon","coordinates":[[[-122.37489756993463,38.01194647346344],[-122.34348136068382,38.03671625563525],[-122.35362621019523,38.06949124221192],[-122.39520398245024,38.07748741133304],[-122.42660972424596,38.052711934629116],[-122.41644817797754,38.0199459867901],[-122.37489756993463,38.01194647346344]]]},"properties":{"h3_index":"862830167ffffff","station_count":29,"program_id":"sf_bay","program":"SF Bay","resolution":6,"stations":[{"station_id":"BD20","station_name":"San Pablo Bay (BD20)","lat":38.048,"lon":-122.422,"county":"MARIN","waterbody":"San Francisco Bay"},{"station_id":"SPB001S","station_name":"San Pablo Bay (SPB001S)","lat":38.071961,"lon":-122.386595,"county":"MARIN","waterbody":"San Francisco Bay"},{"station_id":"SPB033S","station_name":"San Pablo Bay (SPB033S)","lat":38.076409,"lon":-122.395895,"county":"MARIN","waterbody":"San Francisco Bay"},{"station_id":"BD30","station_name":"Pinole Point (BD30)","lat":38.024,"lon":-122.363,"county":"CONTRA COSTA","waterbody":"San Francisco Bay"},{"station_id":"BD31","station_name":"Pinole Point (BD31)","lat":38.024122,"lon":-122.363683,"county":"CONTRA COSTA","waterbody":"San Francisco Bay"},{"station_id":"BD22","station_name":"San Pablo Bay (BD22)","lat":38.048,"lon":-122.423,"county":"MARIN","waterbody":"San Francisco Bay"},{"station_id":"SPB025W","station_name":"San Pablo Bay (SPB025W)","lat":38.054342,"lon":-122.398115,"county":"MARIN","waterbody":"San Francisco Bay"},{"station_id":"SPB016S","station_name":"San Pablo Bay (SPB016S)","lat":38.063029,"lon":-122.375644,"county":"MARIN","waterbody":"San Francisco Bay"},{"station_id":"SPB020W","station_name":"San Pablo Bay (SPB020W)","lat":38.071056,"lon":-122.368054,"county":"MARIN","waterbody":"San Francisco Bay"},{"station_id":"SPB012S","station_name":"San Pablo Bay (SPB012S)","lat":38.048767,"lon":-122.390114,"county":"MARIN","waterbody":"San Francisco Bay"},{"station_id":"SPB010W","station_name":"San Pablo Bay (SPB010W)","lat":38.032757,"lon":-122.350643,"county":"CONTRA COSTA","waterbody":"San Francisco Bay"},{"station_id":"SPB074S","station_name":"San Pablo Bay (SPB074S)","lat":38.035389,"lon":-122.347513,"county":"CONTRA COSTA","waterbody":"San Francisco Bay"},{"station_id":"SPB021W","station_name":"San Pablo Bay (SPB021W)","lat":38.041587,"lon":-122.384424,"county":"MARIN","waterbody":"San Francisco Bay"},{"station_id":"SPB040S","station_name":"San Pablo Bay (SPB040S)","lat":38.051517,"lon":-122.357123,"county":"CONTRA COSTA","waterbody":"San Francisco Bay"},{"station_id":"SPB080S","station_name":"San Pablo Bay (SPB080S)","lat":38.056073,"lon":-122.367494,"county":"MARIN","waterbody":"San Francisco Bay"},{"station_id":"SPB132S","station_name":"San Pablo Bay (SPB132S)","lat":38.0146,"lon":-122.38682,"county":"CONTRA COSTA","waterbody":"San Francisco Bay"},{"station_id":"SPB016W","station_name":"San Pablo Bay (SPB016W)","lat":38.046568,"lon":-122.373454,"county":"CONTRA COSTA","waterbody":"San Francisco Bay"},{"station_id":"SPB004W","station_name":"San Pablo Bay (SPB004W)","lat":38.016433,"lon":-122.380803,"county":"CONTRA COSTA","waterbody":"San Francisco Bay"},{"station_id":"SPB042S","station_name":"San Pablo Bay (SPB042S)","lat":38.03313,"lon":-122.36492,"county":"CONTRA COSTA","waterbody":"San Francisco Bay"},{"station_id":"SPB053W","station_name":"San Pablo Bay (SPB053W)","lat":38.061793,"lon":-122.384354},{"station_id":"SPB032W","station_name":"San Pablo Bay (SPB032W)","lat":38.046042,"lon":-122.357353,"county":"CONTRA COSTA","waterbody":"San Francisco Bay"},{"station_id":"SPB005W","station_name":"San Pablo Bay (SPB005W)","lat":38.047192,"lon":-122.397334,"county":"MARIN","waterbody":"San Francisco Bay"},{"station_id":"SPB010S","station_name":"San Pablo Bay (SPB010S)","lat":38.027987,"lon":-122.358613,"county":"CONTRA COSTA","waterbody":"San Francisco Bay"},{"station_id":"SPB032S","station_name":"San Pablo Bay (SPB032S)","lat":38.047415,"lon":-122.377644,"county":"MARIN","waterbody":"San Francisco Bay"},{"station_id":"SPB2","station_name":"MMP - San Pablo Bay - SPB2","lat":38.051283,"lon":-122.42175,"county":"MARIN"},{"station_id":"SPB024W","station_name":"San Pablo Bay (SPB024W)","lat":38.029913,"lon":-122.372563,"county":"CONTRA COSTA","waterbody":"San Francisco Bay"},{"station_id":"SPB042W","station_name":"San Pablo Bay (SPB042W)","lat":38.037637,"lon":-122.364243,"county":"CONTRA COSTA"},{"station_id":"SPB3","station_name":"MMP - San Pablo Bay - SPB3","lat":38.02391,"lon":-122.36821,"county":"CONTRA COSTA"},{"station_id":"SPB044W","station_name":"San Pablo Bay (SPB044W)","lat":38.022191,"lon":-122.393844,"county":"CONTRA COSTA"}]}},{"type":"Feature","geometry":{"type":"Polygon","coordinates":[[[-122.42660972424596,38.052711934629116],[-122.39520398245024,38.07748741133304],[-122.40536584510609,38.11024047560393],[-122.44695013560259,38.11820901752796],[-122.47834534596393,38.09342786420589],[-122.46816681402838,38.06068384902103],[-122.42660972424596,38.052711934629116]]]},"properties":{"h3_index":"86283016fffffff","station_count":17,"program_id":"sf_bay","program":"SF Bay","resolution":6,"stations":[{"station_id":"SPB035S","station_name":"San Pablo Bay (SPB035S)","lat":38.06887,"lon":-122.458697,"county":"MARIN","waterbody":"San Francisco Bay"},{"station_id":"SPB075S","station_name":"San Pablo Bay (SPB075S)","lat":38.098227,"lon":-122.443177,"county":"SONOMA","waterbody":"San Francisco Bay"},{"station_id":"SPB027S","station_name":"San Pablo Bay (SPB027S)","lat":38.068143,"lon":-122.462227,"county":"MARIN","waterbody":"San Francisco Bay"},{"station_id":"SPB023W","station_name":"San Pablo Bay (SPB023W)","lat":38.076013,"lon":-122.408705,"county":"MARIN","waterbody":"San Francisco Bay"},{"station_id":"SPB039S","station_name":"San Pablo Bay (SPB039S)","lat":38.06828,"lon":-122.435466,"county":"MARIN","waterbody":"San Francisco Bay"},{"station_id":"SPB015S","station_name":"San Pablo Bay (SPB015S)","lat":38.091109,"lon":-122.444007,"county":"MARIN","waterbody":"San Francisco Bay"},{"station_id":"SPB015W","station_name":"San Pablo Bay (SPB015W)","lat":38.081972,"lon":-122.414936,"county":"MARIN","waterbody":"San Francisco Bay"},{"station_id":"SPB063S","station_name":"San Pablo Bay (SPB063S)","lat":38.08527,"lon":-122.4402,"county":"MARIN"},{"station_id":"SPB011S","station_name":"San Pablo Bay (SPB011S)","lat":38.092517,"lon":-122.464398,"county":"MARIN","waterbody":"San Francisco Bay"},{"station_id":"SPB003W","station_name":"San Pablo Bay (SPB003W)","lat":38.087293,"lon":-122.444447,"county":"MARIN","waterbody":"San Francisco Bay"},{"station_id":"SPB011W","station_name":"San Pablo Bay (SPB011W)","lat":38.069103,"lon":-122.458747,"county":"MARIN","waterbody":"San Francisco Bay"},{"station_id":"SPB055S","station_name":"San Pablo Bay (SPB055S)","lat":38.08932,"lon":-122.41952,"county":"SONOMA","waterbody":"San Francisco Bay"},{"station_id":"SPB019W","station_name":"San Pablo Bay (SPB019W)","lat":38.061126,"lon":-122.444236,"county":"MARIN","waterbody":"San Francisco Bay"},{"station_id":"SPB025S","station_name":"San Pablo Bay (SPB025S)","lat":38.073638,"lon":-122.418436,"county":"MARIN","waterbody":"San Francisco Bay"},{"station_id":"SPB039W","station_name":"San Pablo Bay (SPB039W)","lat":38.059276,"lon":-122.431536,"county":"MARIN"},{"station_id":"SPB043W","station_name":"San Pablo Bay (SPB043W)","lat":38.06833,"lon":-122.466697,"county":"MARIN"},{"station_id":"SPB047W","station_name":"San Pablo Bay (SPB047W)","lat":38.084044,"lon":-122.429006,"county":"MARIN"}]}},{"type":"Feature","geometry":{"type":"Polygon","coordinates":[[[-122.30191017280286,38.028692485163276],[-122.27045669966529,38.053447003901994],[-122.28058478976892,38.08623099693512],[-122.32218312914793,38.09425146825182],[-122.35362621019523,38.06949124221192],[-122.34348136068382,38.03671625563525],[-122.30191017280286,38.028692485163276]]]},"properties":{"h3_index":"862830177ffffff","station_count":21,"program_id":"sf_bay","program":"SF Bay","resolution":6,"stations":[{"station_id":"BD40","station_name":"Davis Point (BD40)","lat":38.051,"lon":-122.278,"county":"CONTRA COSTA","waterbody":"San Francisco Bay"},{"station_id":"SPB034S","station_name":"San Pablo Bay (SPB034S)","lat":38.057688,"lon":-122.324472,"county":"CONTRA COSTA","waterbody":"San Francisco Bay"},{"station_id":"BD41","station_name":"Davis Point (BD41)","lat":38.051,"lon":-122.28,"county":"CONTRA COSTA","waterbody":"San Francisco Bay"},{"station_id":"SPB018W","station_name":"San Pablo Bay (SPB018W)","lat":38.057,"lon":-122.307942,"county":"CONTRA COSTA","waterbody":"San Francisco Bay"},{"station_id":"SPB026W","station_name":"San Pablo Bay (SPB026W)","lat":38.050249,"lon":-122.337813,"county":"CONTRA COSTA","waterbody":"San Francisco Bay"},{"station_id":"SPB018S","station_name":"San Pablo Bay (SPB018S)","lat":38.062731,"lon":-122.307602,"county":"CONTRA COSTA","waterbody":"San Francisco Bay"},{"station_id":"SPB014W","station_name":"San Pablo Bay (SPB014W)","lat":38.056769,"lon":-122.291442,"county":"CONTRA COSTA","waterbody":"San Francisco Bay"},{"station_id":"SPB136S","station_name":"San Pablo Bay (SPB136S)","lat":38.037335,"lon":-122.303902,"county":"CONTRA COSTA","waterbody":"San Francisco Bay"},{"station_id":"SPB024S","station_name":"San Pablo Bay (SPB024S)","lat":38.062271,"lon":-122.334743,"county":"CONTRA COSTA","waterbody":"San Francisco Bay"},{"station_id":"SPB098S","station_name":"San Pablo Bay (SPB098S)","lat":38.03669,"lon":-122.32638,"county":"CONTRA COSTA"},{"station_id":"SPB034W","station_name":"San Pablo Bay (SPB034W)","lat":38.04255,"lon":-122.34018,"county":"CONTRA COSTA","waterbody":"San Francisco Bay"},{"station_id":"SPB110S","station_name":"San Pablo Bay (SPB110S)","lat":38.047152,"lon":-122.298342,"county":"CONTRA COSTA","waterbody":"San Francisco Bay"},{"station_id":"SPB120S","station_name":"San Pablo Bay (SPB120S)","lat":38.06952,"lon":-122.33225,"county":"SOLANO"},{"station_id":"SPB088S","station_name":"San Pablo Bay (SPB088S)","lat":38.08192,"lon":-122.32355,"county":"SOLANO","waterbody":"San Francisco Bay"},{"station_id":"SPB008W","station_name":"San Pablo Bay (SPB008W)","lat":38.088167,"lon":-122.316743,"county":"SOLANO","waterbody":"San Francisco Bay"},{"station_id":"SPB046S","station_name":"San Pablo Bay (SPB046S)","lat":38.06121,"lon":-122.29736,"county":"CONTRA COSTA"},{"station_id":"SPB026S","station_name":"San Pablo Bay (SPB026S)","lat":38.054571,"lon":-122.338353,"county":"CONTRA COSTA","waterbody":"San Francisco Bay"},{"station_id":"SPB008S","station_name":"San Pablo Bay (SPB008S)","lat":38.071805,"lon":-122.347043,"county":"SOLANO","waterbody":"San Francisco Bay"},{"station_id":"SPB002W","station_name":"San Pablo Bay (SPB002W)","lat":38.055116,"lon":-122.318652,"county":"CONTRA COSTA","waterbody":"San Francisco Bay"},{"station_id":"SPB038W","station_name":"San Pablo Bay (SPB038W)","lat":38.035766,"lon":-122.302502,"county":"CONTRA COSTA","waterbody":"San Francisco Bay"},{"station_id":"SPB046W","station_name":"San Pablo Bay (SPB046W)","lat":38.05308,"lon":-122.297742,"county":"CONTRA COSTA"}]}},{"type":"Feature","geometry":{"type":"Polygon","coordinates":[[[-122.0093849994131,38.09527958814923],[-121.97778300789504,38.11997225821969],[-121.98784343448982,38.15279195216733],[-122.02952287899818,38.16091010334003],[-122.06111478278152,38.13621167577307],[-122.05103734649454,38.10340085810773],[-122.0093849994131,38.09527958814923]]]},"properties":{"h3_index":"862830187ffffff","station_count":19,"program_id":"sf_bay","program":"SF Bay","resolution":6,"stations":[{"station_id":"BF21","station_name":"Grizzly Bay (BF21)","lat":38.115518,"lon":-122.040475,"county":"SOLANO","waterbody":"San Francisco Bay"},{"station_id":"BF20","station_name":"Grizzly Bay (BF20)","lat":38.116,"lon":-122.04,"county":"SOLANO","waterbody":"San Francisco Bay"},{"station_id":"SU013W","station_name":"Suisun Bay (SU013W)","lat":38.104008,"lon":-122.031565,"county":"SOLANO","waterbody":"San Francisco Bay"},{"station_id":"SU016S","station_name":"Suisun Bay (SU016S)","lat":38.101953,"lon":-122.017365,"county":"SOLANO","waterbody":"San Francisco Bay"},{"station_id":"SU017S","station_name":"Suisun Bay (SU017S)","lat":38.100578,"lon":-122.036035,"county":"SOLANO","waterbody":"San Francisco Bay"},{"station_id":"SU020S","station_name":"Suisun Bay (SU020S)","lat":38.11265,"lon":-122.020385,"county":"SOLANO","waterbody":"San Francisco Bay"},{"station_id":"SU080S","station_name":"Suisun Bay (SU080S)","lat":38.105792,"lon":-122.009214,"county":"SOLANO","waterbody":"San Francisco Bay"},{"station_id":"SU016W","station_name":"Suisun Bay (SU016W)","lat":38.108424,"lon":-122.014265,"county":"SOLANO","waterbody":"San Francisco Bay"},{"station_id":"SU073S","station_name":"Suisun Bay (SU073S)","lat":38.110746,"lon":-122.048726,"county":"SOLANO","waterbody":"San Francisco Bay"},{"station_id":"SU043S","station_name":"Suisun Bay (SU043S)","lat":38.13368,"lon":-122.057,"county":"SOLANO","waterbody":"San Francisco Bay"},{"station_id":"SU043W","station_name":"Suisun Bay (SU043W)","lat":38.12727,"lon":-122.05355,"county":"SOLANO","waterbody":"San Francisco Bay"},{"station_id":"SU048S","station_name":"Suisun Bay (SU048S)","lat":38.10448,"lon":-122.01747,"county":"SOLANO","waterbody":"San Francisco Bay"},{"station_id":"SU048W","station_name":"Suisun Bay (SU048W)","lat":38.108141,"lon":-122.022015,"county":"SOLANO"},{"station_id":"SU009S","station_name":"Suisun Bay (SU009S)","lat":38.117949,"lon":-122.048016,"county":"SOLANO","waterbody":"San Francisco Bay"},{"station_id":"SU076S","station_name":"Suisun Bay (SU076S)","lat":38.103067,"lon":-122.029885,"county":"SOLANO","waterbody":"San Francisco Bay"},{"station_id":"SU084S","station_name":"Suisun Bay (SU084S)","lat":38.12025,"lon":-122.01648,"county":"SOLANO"},{"station_id":"SU017W","station_name":"Suisun Bay (SU017W)","lat":38.11589,"lon":-122.035835,"county":"SOLANO","waterbody":"San Francisco Bay"},{"station_id":"SU057W","station_name":"Suisun Bay (SU057W)","lat":38.126221,"lon":-122.051296,"county":"SOLANO"},{"station_id":"SUB52","station_name":"SF Bay RMP - Suisun Bay SUB52","lat":38.136217,"lon":-122.034983,"county":"SOLANO"}]}},{"type":"Feature","geometry":{"type":"Polygon","coordinates":[[[-122.03089973006846,38.03774444607126],[-121.99932468656577,38.06244693486157],[-122.0093849994131,38.09527958814923],[-122.05103734649454,38.10340085810773],[-122.08260229004188,38.07869260678297],[-122.0725250031431,38.04586885159802],[-122.03089973006846,38.03774444607126]]]},"properties":{"h3_index":"8628301a7ffffff","station_count":30,"program_id":"sf_bay","program":"SF Bay","resolution":6,"stations":[{"station_id":"SU033S","station_name":"Suisun Bay (SU033S)","lat":38.101836,"lon":-122.048725,"county":"SOLANO","waterbody":"San Francisco Bay"},{"station_id":"SU037S","station_name":"Suisun Bay (SU037S)","lat":38.080361,"lon":-122.058345,"county":"SOLANO","waterbody":"San Francisco Bay"},{"station_id":"SU021W","station_name":"Suisun Bay (SU021W)","lat":38.060781,"lon":-122.066315,"county":"SOLANO","waterbody":"San Francisco Bay"},{"station_id":"SU029S","station_name":"Suisun Bay (SU029S)","lat":38.070338,"lon":-122.069716,"county":"SOLANO","waterbody":"San Francisco Bay"},{"station_id":"SU001S","station_name":"Suisun Bay (SU001S)","lat":38.099448,"lon":-122.046575,"county":"SOLANO","waterbody":"San Francisco Bay"},{"station_id":"SU004S","station_name":"Suisun Bay (SU004S)","lat":38.083276,"lon":-122.026285,"county":"SOLANO","waterbody":"San Francisco Bay"},{"station_id":"SU028W","station_name":"Suisun Bay (SU028W)","lat":38.082716,"lon":-122.038455,"county":"SOLANO","waterbody":"San Francisco Bay"},{"station_id":"SU012S","station_name":"Suisun Bay (SU012S)","lat":38.09217,"lon":-122.040955,"county":"SOLANO","waterbody":"San Francisco Bay"},{"station_id":"SU012W","station_name":"Suisun Bay (SU012W)","lat":38.088948,"lon":-122.041745,"county":"SOLANO","waterbody":"San Francisco Bay"},{"station_id":"SU085S","station_name":"Suisun Bay (SU085S)","lat":38.085808,"lon":-122.050405,"county":"SOLANO","waterbody":"San Francisco Bay"},{"station_id":"SU117S","station_name":"Suisun Bay (SU117S)","lat":38.053159,"lon":-122.063855,"county":"CONTRA COSTA","waterbody":"San Francisco Bay"},{"station_id":"SU037W","station_name":"Suisun Bay (SU037W)","lat":38.07418,"lon":-122.07043,"county":"SOLANO","waterbody":"San Francisco Bay"},{"station_id":"SU055S","station_name":"Suisun Bay (SU055S)","lat":38.08808,"lon":-122.06838,"county":"SOLANO","waterbody":"San Francisco Bay"},{"station_id":"SU071S","station_name":"Suisun Bay (SU071S)","lat":38.09317,"lon":-122.06359,"county":"SOLANO"},{"station_id":"SU005W","station_name":"Suisun Bay (SU005W)","lat":38.077635,"lon":-122.061105,"county":"SOLANO","waterbody":"San Francisco Bay"},{"station_id":"SU040S","station_name":"Suisun Bay (SU040S)","lat":38.067133,"lon":-122.022864,"county":"SOLANO","waterbody":"San Francisco Bay"},{"station_id":"SU060S","station_name":"Suisun Bay (SU060S)","lat":38.08182,"lon":-122.03638,"county":"SOLANO"},{"station_id":"SU042S","station_name":"Suisun Bay (SU042S)","lat":38.062215,"lon":-122.003774,"county":"SOLANO","waterbody":"San Francisco Bay"},{"station_id":"SU008S","station_name":"Suisun Bay (SU008S)","lat":38.073215,"lon":-122.015714,"county":"SOLANO","waterbody":"San Francisco Bay"},{"station_id":"SU044S","station_name":"Suisun Bay (SU044S)","lat":38.07597,"lon":-122.05687,"county":"SOLANO","waterbody":"San Francisco Bay"},{"station_id":"SU009W","station_name":"Suisun Bay (SU009W)","lat":38.081688,"lon":-122.065416,"county":"SOLANO","waterbody":"San Francisco Bay"},{"station_id":"SU049W","station_name":"Suisun Bay (SU049W)","lat":38.092194,"lon":-122.058086,"county":"SOLANO"},{"station_id":"SU052W","station_name":"Suisun Bay (SU052W)","lat":38.063183,"lon":-122.045335,"county":"SOLANO"},{"station_id":"SU020W","station_name":"Suisun Bay (SU020W)","lat":38.075015,"lon":-122.028174,"county":"SOLANO","waterbody":"San Francisco Bay"},{"station_id":"SU131S","station_name":"Suisun Bay (SU131S)","lat":38.08822,"lon":-122.043035,"county":"SOLANO","waterbody":"San Francisco Bay"},{"station_id":"SU044W","station_name":"Suisun Bay (SU044W)","lat":38.086132,"lon":-122.050895,"county":"SOLANO","waterbody":"San Francisco Bay"},{"station_id":"SU028S","station_name":"Suisun Bay (SU028S)","lat":38.068046,"lon":-122.047225,"county":"SOLANO","waterbody":"San Francisco Bay"},{"station_id":"SU036W","station_name":"Suisun Bay (SU036W)","lat":38.09617,"lon":-122.02733,"county":"SOLANO","waterbody":"San Francisco Bay"},{"station_id":"SU040W","station_name":"Suisun Bay (SU040W)","lat":38.06187,"lon":-122.02468,"county":"SOLANO","waterbody":"San Francisco Bay"},{"station_id":"SU056W","station_name":"Suisun Bay (SU056W)","lat":38.063622,"lon":-122.007974,"county":"CONTRA COSTA"}]}},{"type":"Feature","geometry":{"type":"Polygon","coordinates":[[[-122.08260229004188,38.07869260678297],[-122.05103734649454,38.10340085810773],[-122.06111478278152,38.13621167577307],[-122.10277412649826,38.14430533668371],[-122.13432890578902,38.11959134027769],[-122.12423452233018,38.08678943159536],[-122.08260229004188,38.07869260678297]]]},"properties":{"h3_index":"8628301afffffff","station_count":13,"program_id":"sf_bay","program":"SF Bay","resolution":6,"stations":[{"station_id":"SU023W","station_name":"Suisun Bay (SU023W)","lat":38.09699,"lon":-122.062336,"county":"SOLANO","waterbody":"San Francisco Bay"},{"station_id":"SU039S","station_name":"Suisun Bay (SU039S)","lat":38.080592,"lon":-122.080486,"county":"SOLANO","waterbody":"San Francisco Bay"},{"station_id":"SU025W","station_name":"Suisun Bay (SU025W)","lat":38.107773,"lon":-122.053126,"county":"SOLANO","waterbody":"San Francisco Bay"},{"station_id":"SU079S","station_name":"Suisun Bay (SU079S)","lat":38.108795,"lon":-122.064986,"county":"SOLANO","waterbody":"San Francisco Bay"},{"station_id":"SU015S","station_name":"Suisun Bay (SU015S)","lat":38.11271,"lon":-122.061586,"county":"SOLANO","waterbody":"San Francisco Bay"},{"station_id":"SU023S","station_name":"Suisun Bay (SU023S)","lat":38.115645,"lon":-122.057806,"county":"SOLANO","waterbody":"San Francisco Bay"},{"station_id":"SU041W","station_name":"Suisun Bay (SU041W)","lat":38.09582,"lon":-122.063,"county":"SOLANO","waterbody":"San Francisco Bay"},{"station_id":"SU041S","station_name":"Suisun Bay (SU041S)","lat":38.111166,"lon":-122.058466,"county":"SOLANO"},{"station_id":"SU025S","station_name":"Suisun Bay (SU025S)","lat":38.102995,"lon":-122.058026,"county":"SOLANO","waterbody":"San Francisco Bay"},{"station_id":"SU001W","station_name":"Suisun Bay (SU001W)","lat":38.102969,"lon":-122.054856,"county":"SOLANO","waterbody":"San Francisco Bay"},{"station_id":"SU031W","station_name":"Suisun Bay (SU031W)","lat":38.113409,"lon":-122.061836,"county":"SOLANO","waterbody":"San Francisco Bay"},{"station_id":"SU007S","station_name":"Suisun Bay (SU007S)","lat":38.093531,"lon":-122.065466,"county":"SOLANO","waterbody":"San Francisco Bay"},{"station_id":"SUB1","station_name":"MMP - Suisun Bay - SUB1","lat":38.107067,"lon":-122.056283,"county":"SOLANO"}]}},{"type":"Feature","geometry":{"type":"Polygon","coordinates":[[[-121.957679401979,38.05429808276276],[-121.92606738711348,38.07898497798979],[-121.93611066350972,38.11182649657045],[-121.97778300789504,38.11997225821969],[-122.0093849994131,38.09527958814923],[-121.99932468656577,38.06244693486157],[-121.957679401979,38.05429808276276]]]},"properties":{"h3_index":"8628301b7ffffff","station_count":16,"program_id":"sf_bay","program":"SF Bay","resolution":6,"stations":[{"station_id":"SU014W","station_name":"Suisun Bay (SU014W)","lat":38.068009,"lon":-121.951092,"county":"SOLANO","waterbody":"San Francisco Bay"},{"station_id":"SU002S","station_name":"Suisun Bay (SU002S)","lat":38.0589,"lon":-121.979593,"county":"SOLANO","waterbody":"San Francisco Bay"},{"station_id":"SU024W","station_name":"Suisun Bay (SU024W)","lat":38.07218,"lon":-121.997084,"county":"SOLANO","waterbody":"San Francisco Bay"},{"station_id":"SU034S","station_name":"Suisun Bay (SU034S)","lat":38.076679,"lon":-121.960692,"county":"SOLANO","waterbody":"San Francisco Bay"},{"station_id":"SU030W","station_name":"Suisun Bay (SU030W)","lat":38.059009,"lon":-121.952352,"county":"SOLANO","waterbody":"San Francisco Bay"},{"station_id":"SU024S","station_name":"Suisun Bay (SU024S)","lat":38.074007,"lon":-121.997324,"county":"SOLANO","waterbody":"San Francisco Bay"},{"station_id":"SU042W","station_name":"Suisun Bay (SU042W)","lat":38.076366,"lon":-121.990253,"county":"SOLANO","waterbody":"San Francisco Bay"},{"station_id":"SU128S","station_name":"Suisun Bay (SU128S)","lat":38.087713,"lon":-122.000433,"county":"SOLANO","waterbody":"San Francisco Bay"},{"station_id":"SU090S","station_name":"Suisun Bay (SU090S)","lat":38.066808,"lon":-121.973223,"county":"SOLANO","waterbody":"San Francisco Bay"},{"station_id":"SU010S","station_name":"Suisun Bay (SU010S)","lat":38.06859,"lon":-121.993223,"county":"SOLANO","waterbody":"San Francisco Bay"},{"station_id":"SU014S","station_name":"Suisun Bay (SU014S)","lat":38.065478,"lon":-121.950482,"county":"SOLANO","waterbody":"San Francisco Bay"},{"station_id":"SU010W","station_name":"Suisun Bay (SU010W)","lat":38.0683,"lon":-121.991273,"county":"SOLANO","waterbody":"San Francisco Bay"},{"station_id":"SU018W","station_name":"Suisun Bay (SU018W)","lat":38.0693,"lon":-121.957352,"county":"SOLANO","waterbody":"San Francisco Bay"},{"station_id":"SU026W","station_name":"Suisun Bay (SU026W)","lat":38.071033,"lon":-121.968033,"county":"SOLANO","waterbody":"San Francisco Bay"},{"station_id":"SU018S","station_name":"Suisun Bay (SU018S)","lat":38.068091,"lon":-121.963382,"county":"SOLANO","waterbody":"San Francisco Bay"},{"station_id":"SU046W","station_name":"Suisun Bay (SU046W)","lat":38.075016,"lon":-121.948862,"county":"SOLANO","waterbody":"San Francisco Bay"}]}},{"type":"Feature","geometry":{"type":"Polygon","coordinates":[[[-122.33536307014127,37.75740308914819],[-122.30400646187331,37.78218963294138],[-122.31411652707307,37.81504651473918],[-122.35559986304287,37.82310777277482],[-122.3869460975409,37.79831548273906],[-122.37681938644465,37.765467684343456],[-122.33536307014127,37.75740308914819]]]},"properties":{"h3_index":"862830807ffffff","station_count":11,"program_id":"sf_bay","program":"SF Bay","resolution":6,"stations":[{"station_id":"BC10","station_name":"Yerba Buena Island (BC10)","lat":37.821583,"lon":-122.3495,"county":"ALAMEDA","waterbody":"San Francisco Bay"},{"station_id":"CB47","station_name":"SF Bay RMP - Central Bay 47","lat":37.793778,"lon":-122.316663,"county":"ALAMEDA"},{"station_id":"CB036S","station_name":"Central Bay (CB036S)","lat":37.778409,"lon":-122.338701,"county":"SAN FRANCISCO","waterbody":"San Francisco Bay"},{"station_id":"CB029W","station_name":"Central Bay (CB029W)","lat":37.775921,"lon":-122.372652,"county":"SAN FRANCISCO","waterbody":"San Francisco Bay"},{"station_id":"CB004W","station_name":"Central Bay (CB004W)","lat":37.76958,"lon":-122.351381,"county":"SAN FRANCISCO","waterbody":"San Francisco Bay"},{"station_id":"CB129S","station_name":"Central Bay (CB129S)","lat":37.759402,"lon":-122.339972,"county":"SAN FRANCISCO","waterbody":"San Francisco Bay"},{"station_id":"CB100S","station_name":"Central Bay (CB100S)","lat":37.77595,"lon":-122.3296,"county":"SAN FRANCISCO"},{"station_id":"CB036W","station_name":"Central Bay (CB036W)","lat":37.789899,"lon":-122.345031,"county":"SAN FRANCISCO","waterbody":"San Francisco Bay"},{"station_id":"CB021S","station_name":"Central Bay (CB021S)","lat":37.791405,"lon":-122.349451,"county":"SAN FRANCISCO","waterbody":"San Francisco Bay"},{"station_id":"SFBay","station_name":"MMP - San Francisco Bay - SFBay","lat":37.820313,"lon":-122.357263,"county":"SAN FRANCISCO"},{"station_id":"CB07","station_name":"SF Bay RMP - Central Bay 07","lat":37.77953,"lon":-122.35372,"county":"SAN FRANCISCO"}]}},{"type":"Feature","geometry":{"type":"Polygon","coordinates":[[[-122.3869460975409,37.79831548273906],[-122.35559986304287,37.82310777277482],[-122.36572686986699,37.855942921358555],[-122.40721674651473,37.86397668942511],[-122.4385525437004,37.839178671174665],[-122.42840891818561,37.80635261649483],[-122.3869460975409,37.79831548273906]]]},"properties":{"h3_index":"86283080fffffff","station_count":8,"program_id":"sf_bay","program":"SF Bay","resolution":6,"stations":[{"station_id":"CB121S","station_name":"Central Bay (CB121S)","lat":37.855362,"lon":-122.392492,"county":"SAN FRANCISCO","waterbody":"San Francisco Bay"},{"station_id":"CB025W","station_name":"Central Bay (CB025W)","lat":37.842208,"lon":-122.408492,"county":"SAN FRANCISCO","waterbody":"San Francisco Bay"},{"station_id":"CB009W","station_name":"Central Bay (CB009W)","lat":37.844346,"lon":-122.428173,"county":"SAN FRANCISCO","waterbody":"San Francisco Bay"},{"station_id":"CB013W","station_name":"Central Bay (CB013W)","lat":37.846882,"lon":-122.368382,"county":"SAN FRANCISCO","waterbody":"San Francisco Bay"},{"station_id":"CB073S","station_name":"Central Bay (CB073S)","lat":37.842933,"lon":-122.397612,"county":"SAN FRANCISCO","waterbody":"San Francisco Bay"},{"station_id":"CB013S","station_name":"Central Bay (CB013S)","lat":37.821433,"lon":-122.360602,"county":"SAN FRANCISCO","waterbody":"San Francisco Bay"},{"station_id":"CB045W","station_name":"Central Bay (CB045W)","lat":37.828424,"lon":-122.389502,"county":"SAN FRANCISCO"},{"station_id":"CB057W","station_name":"Central Bay (CB057W)","lat":37.838008,"lon":-122.416693}]}},{"type":"Feature","geometry":{"type":"Polygon","coordinates":[[[-122.26252973219364,37.77410091146437],[-122.23113607743655,37.79887236738518],[-122.24122943458102,37.831738300075685],[-122.28273317113755,37.83982372941079],[-122.31411652707307,37.81504651473918],[-122.30400646187331,37.78218963294138],[-122.26252973219364,37.77410091146437]]]},"properties":{"h3_index":"862830817ffffff","station_count":4,"program_id":"sf_bay","program":"SF Bay","resolution":6,"stations":[{"station_id":"CB24","station_name":"SF Bay RMP - Central Bay 24","lat":37.786283,"lon":-122.248067,"county":"ALAMEDA"},{"station_id":"CB31","station_name":"SF Bay RMP - Central Bay 31","lat":37.794937,"lon":-122.288496,"county":"ALAMEDA"},{"station_id":"EBMUDWWTP","station_name":"East Bay Municipal Utility District Wastewater Treatment Plant (EBMUDWWTP)","lat":37.819524,"lon":-122.29523,"county":"ALAMEDA"},{"station_id":"EttieStPS","station_name":"Ettie St Pump Station wet well outside of station","lat":37.826043,"lon":-122.288942,"county":"ALAMEDA"}]}},{"type":"Feature","geometry":{"type":"Polygon","coordinates":[[[-122.31411652707307,37.81504651473918],[-122.28273317113755,37.83982372941079],[-122.29284349699647,37.8726679394976],[-122.33435387638536,37.88072587685707],[-122.36572686986699,37.855942921358555],[-122.35559986304287,37.82310777277482],[-122.31411652707307,37.81504651473918]]]},"properties":{"h3_index":"86283081fffffff","station_count":13,"program_id":"sf_bay","program":"SF Bay","resolution":6,"stations":[{"station_id":"BC11","station_name":"Yerba Buena Island (BC11)","lat":37.822328,"lon":-122.349282,"county":"ALAMEDA","waterbody":"San Francisco Bay"},{"station_id":"CB43","station_name":"SF Bay RMP - Central Bay 43","lat":37.829205,"lon":-122.309408,"county":"ALAMEDA"},{"station_id":"CB037S","station_name":"Central Bay (CB037S)","lat":37.859929,"lon":-122.327331,"county":"ALAMEDA","waterbody":"San Francisco Bay"},{"station_id":"CB021W","station_name":"Central Bay (CB021W)","lat":37.832848,"lon":-122.328741,"county":"ALAMEDA","waterbody":"San Francisco Bay"},{"station_id":"CB15","station_name":"SF Bay RMP - Central Bay 15","lat":37.827887,"lon":-122.303561,"county":"ALAMEDA"},{"station_id":"CB27","station_name":"SF Bay RMP - Central Bay 27","lat":37.83772,"lon":-122.308601,"county":"ALAMEDA"},{"station_id":"CB029S","station_name":"Central Bay (CB029S)","lat":37.847129,"lon":-122.352942,"county":"ALAMEDA","waterbody":"San Francisco Bay"},{"station_id":"CB133S","station_name":"Central Bay (CB133S)","lat":37.83939,"lon":-122.31587,"county":"ALAMEDA"},{"station_id":"CB06","station_name":"SF Bay RMP - Central Bay 06","lat":37.83391,"lon":-122.32214,"county":"ALAMEDA"},{"station_id":"CB005S","station_name":"Central Bay (CB005S)","lat":37.852528,"lon":-122.326231,"county":"ALAMEDA","waterbody":"San Francisco Bay"},{"station_id":"Z12LA_ShellmoundSt","station_name":"Zone 12 Line A (Temescal Creek) at pedestrian bridge west of Shellmound St","lat":37.83429,"lon":-122.29349,"county":"ALAMEDA"},{"station_id":"CB005W","station_name":"Central Bay (CB005W)","lat":37.838197,"lon":-122.341222,"county":"ALAMEDA","waterbody":"San Francisco Bay"},{"station_id":"CB037W","station_name":"Central Bay (CB037W)","lat":37.853342,"lon":-122.346392,"county":"ALAMEDA","waterbody":"San Francisco Bay"}]}},{"type":"Feature","geometry":{"type":"Polygon","coordinates":[[[-122.35658316980643,37.69973779105049],[-122.32525327556627,37.724533591552756],[-122.33536307014127,37.75740308914819],[-122.37681938644465,37.765467684343456],[-122.40813889567377,37.74066613210138],[-122.39801249019256,37.70780573982295],[-122.35658316980643,37.69973779105049]]]},"properties":{"h3_index":"862830827ffffff","station_count":9,"program_id":"sf_bay","program":"SF Bay","resolution":6,"stations":[{"station_id":"CB012S","station_name":"Central Bay (CB012S)","lat":37.753907,"lon":-122.369202,"county":"SAN FRANCISCO","waterbody":"San Francisco Bay"},{"station_id":"CB044S","station_name":"Central Bay (CB044S)","lat":37.76186,"lon":-122.369422,"county":"SAN FRANCISCO","waterbody":"San Francisco Bay"},{"station_id":"CB028W","station_name":"Central Bay (CB028W)","lat":37.742243,"lon":-122.361101,"county":"SAN FRANCISCO","waterbody":"San Francisco Bay"},{"station_id":"CB17","station_name":"SF Bay RMP - Central Bay 17","lat":37.708896,"lon":-122.385233,"county":"SAN FRANCISCO"},{"station_id":"CB080S","station_name":"Central Bay (CB080S)","lat":37.716776,"lon":-122.349701,"county":"SAN FRANCISCO","waterbody":"San Francisco Bay"},{"station_id":"CB012W","station_name":"Central Bay (CB012W)","lat":37.757667,"lon":-122.378422,"county":"SAN FRANCISCO","waterbody":"San Francisco Bay"},{"station_id":"CB028S","station_name":"Central Bay (CB028S)","lat":37.709986,"lon":-122.363052,"county":"SAN FRANCISCO","waterbody":"San Francisco Bay"},{"station_id":"SFPUCWWTP-SE","station_name":"San Francisco Southeast Treatment Plant","lat":37.740791,"lon":-122.39087,"county":"SAN FRANCISCO"},{"station_id":"CB01","station_name":"SF Bay RMP - Central Bay 01","lat":37.722188,"lon":-122.382351,"county":"SAN FRANCISCO"}]}},{"type":"Feature","geometry":{"type":"Polygon","coordinates":[[[-122.40813889567377,37.74066613210138],[-122.37681938644465,37.765467684343456],[-122.3869460975409,37.79831548273906],[-122.42840891818561,37.80635261649483],[-122.45971797898419,37.78154533060493],[-122.44957468417971,37.74870664801546],[-122.40813889567377,37.74066613210138]]]},"properties":{"h3_index":"86283082fffffff","station_count":6,"program_id":"sf_bay","program":"SF Bay","resolution":6,"stations":[{"station_id":"CB49","station_name":"SF Bay RMP - Central Bay 49","lat":37.776982,"lon":-122.388918,"county":"SAN FRANCISCO"},{"station_id":"21302","station_name":"Mission Creek (21302)","lat":37.77745,"lon":-122.38845,"county":"SAN FRANCISCO","waterbody":"San Francisco Bay"},{"station_id":"CB077S","station_name":"Central Bay (CB077S)","lat":37.791724,"lon":-122.388632,"county":"SAN FRANCISCO","waterbody":"San Francisco Bay"},{"station_id":"MISCK","station_name":"Mission Creek - Site 1 (SF)-MISCK","lat":37.77092,"lon":-122.39819,"county":"SAN FRANCISCO"},{"station_id":"21030","station_name":"Mission Creek (21030)","lat":37.77192,"lon":-122.39663,"county":"SAN FRANCISCO","waterbody":"San Francisco Bay"},{"station_id":"21301","station_name":"Mission Creek (21301)","lat":37.77452,"lon":-122.39313,"county":"SAN FRANCISCO","waterbody":"San Francisco Bay"}]}},{"type":"Feature","geometry":{"type":"Polygon","coordinates":[[[-122.28380352912619,37.71644156150209],[-122.25243661059774,37.74122234106448],[-122.26252973219364,37.77410091146437],[-122.30400646187331,37.78218963294138],[-122.33536307014127,37.75740308914819],[-122.32525327556627,37.724533591552756],[-122.28380352912619,37.71644156150209]]]},"properties":{"h3_index":"862830837ffffff","station_count":12,"program_id":"sf_bay","program":"SF Bay","resolution":6,"stations":[{"station_id":"BB70","station_name":"Alameda (BB70)","lat":37.742,"lon":-122.322,"county":"SAN FRANCISCO","waterbody":"San Francisco Bay"},{"station_id":"CB04","station_name":"SF Bay RMP - Central Bay 04","lat":37.767614,"lon":-122.277808,"county":"ALAMEDA"},{"station_id":"CB004S","station_name":"Central Bay (CB004S)","lat":37.754906,"lon":-122.329771,"county":"SAN FRANCISCO","waterbody":"San Francisco Bay"},{"station_id":"CB020S","station_name":"Central Bay (CB020S)","lat":37.748705,"lon":-122.308161,"county":"SAN FRANCISCO","waterbody":"San Francisco Bay"},{"station_id":"CB024S","station_name":"Central Bay (CB024S)","lat":37.737238,"lon":-122.290551,"county":"ALAMEDA","waterbody":"San Francisco Bay"},{"station_id":"CB042S","station_name":"Central Bay (CB042S)","lat":37.73002,"lon":-122.28278,"county":"ALAMEDA"},{"station_id":"CB030S","station_name":"Central Bay (CB030S)","lat":37.758751,"lon":-122.274381,"county":"ALAMEDA","waterbody":"San Francisco Bay"},{"station_id":"CB010W","station_name":"Central Bay (CB010W)","lat":37.730752,"lon":-122.28167,"county":"ALAMEDA","waterbody":"San Francisco Bay"},{"station_id":"CB020W","station_name":"Central Bay (CB020W)","lat":37.743045,"lon":-122.313671,"county":"SAN FRANCISCO","waterbody":"San Francisco Bay"},{"station_id":"CB038W","station_name":"Central Bay (CB038W)","lat":37.72551,"lon":-122.27367,"county":"ALAMEDA","waterbody":"San Francisco Bay"},{"station_id":"CB030W","station_name":"Central Bay (CB030W)","lat":37.74727,"lon":-122.27398,"county":"ALAMEDA","waterbody":"San Francisco Bay"},{"station_id":"CB042W","station_name":"Central Bay (CB042W)","lat":37.7281,"lon":-122.306361,"county":"SAN FRANCISCO"}]}},{"type":"Feature","geometry":{"type":"Polygon","coordinates":[[[-122.5113203519579,37.8223753157568],[-122.48002180304142,37.847188317163045],[-122.49018234078173,37.87999258382779],[-122.53165797305162,37.88797471597702],[-122.56294594660287,37.86315601722536],[-122.55276887991847,37.830360887056756],[-122.5113203519579,37.8223753157568]]]},"properties":{"h3_index":"862830847ffffff","station_count":1,"program_id":"sf_bay","program":"SF Bay","resolution":6,"stations":[{"station_id":"CB39","station_name":"SF Bay RMP - Central Bay 39","lat":37.875809,"lon":-122.507246,"county":"MARIN"}]}},{"type":"Feature","geometry":{"type":"Polygon","coordinates":[[[-122.4385525437004,37.839178671174665],[-122.40721674651473,37.86397668942511],[-122.41736069289334,37.89679006039942],[-122.45885704448337,37.90479631222544],[-122.49018234078173,37.87999258382779],[-122.48002180304142,37.847188317163045],[-122.4385525437004,37.839178671174665]]]},"properties":{"h3_index":"862830857ffffff","station_count":9,"program_id":"sf_bay","program":"SF Bay","resolution":6,"stations":[{"station_id":"CB19","station_name":"SF Bay RMP - Central Bay 19","lat":37.867506,"lon":-122.467395,"county":"MARIN"},{"station_id":"CB23","station_name":"SF Bay RMP - Central Bay 23","lat":37.886034,"lon":-122.475494,"county":"MARIN"},{"station_id":"BC32","station_name":"Richardson Bay (BC32)","lat":37.862,"lon":-122.479,"county":"MARIN","waterbody":"San Francisco Bay"},{"station_id":"BC30","station_name":"Richardson Bay (BC30)","lat":37.862,"lon":-122.479,"county":"MARIN","waterbody":"San Francisco Bay"},{"station_id":"CB003S","station_name":"Central Bay (CB003S)","lat":37.867978,"lon":-122.485124,"county":"MARIN","waterbody":"San Francisco Bay"},{"station_id":"CB003W","station_name":"Central Bay (CB003W)","lat":37.851147,"lon":-122.469274,"county":"MARIN","waterbody":"San Francisco Bay"},{"station_id":"CB035W","station_name":"Central Bay (CB035W)","lat":37.86403,"lon":-122.4843,"county":"MARIN","waterbody":"San Francisco Bay"},{"station_id":"CB041S","station_name":"Central Bay (CB041S)","lat":37.87284,"lon":-122.43913,"county":"MARIN","waterbody":"San Francisco Bay"},{"station_id":"CB019W","station_name":"Central Bay (CB019W)","lat":37.852606,"lon":-122.442053,"county":"MARIN","waterbody":"San Francisco Bay"}]}},{"type":"Feature","geometry":{"type":"Polygon","coordinates":[[[-122.49018234078173,37.87999258382779],[-122.45885704448337,37.90479631222544],[-122.4690179282559,37.93758786141161],[-122.51052068892947,37.94556657098193],[-122.54183542073373,37.920757150544034],[-122.53165797305162,37.88797471597702],[-122.49018234078173,37.87999258382779]]]},"properties":{"h3_index":"86283085fffffff","station_count":5,"program_id":"sf_bay","program":"SF Bay","resolution":6,"stations":[{"station_id":"CB22","station_name":"SF Bay RMP - Central Bay 22","lat":37.940228,"lon":-122.499832,"county":"MARIN"},{"station_id":"CB29","station_name":"SF Bay RMP - Central Bay 29","lat":37.91195,"lon":-122.473718,"county":"MARIN"},{"station_id":"CB043S","station_name":"Central Bay (CB043S)","lat":37.938374,"lon":-122.496085,"county":"MARIN","waterbody":"San Francisco Bay"},{"station_id":"CB25","station_name":"SF Bay RMP - Central Bay 25","lat":37.929527,"lon":-122.499415,"county":"MARIN"},{"station_id":"CB043W","station_name":"Central Bay (CB043W)","lat":37.927139,"lon":-122.481115,"county":"MARIN"}]}},{"type":"Feature","geometry":{"type":"Polygon","coordinates":[[[-122.53243200541151,37.764736185111595],[-122.5011601700556,37.789558387276166],[-122.5113203519579,37.8223753157568],[-122.55276887991847,37.830360887056756],[-122.58403012911198,37.80553298215954],[-122.57385345315238,37.772725212067776],[-122.53243200541151,37.764736185111595]]]},"properties":{"h3_index":"862830867ffffff","station_count":1,"program_id":"sf_bay","program":"SF Bay","resolution":6,"stations":[{"station_id":"MBNMS29","station_name":"MMP - Monterey Bay NMS 29","lat":37.793545,"lon":-122.502957,"county":"SAN FRANCISCO"}]}},{"type":"Feature","geometry":{"type":"Polygon","coordinates":[[[-122.45971797898419,37.78154533060493],[-122.42840891818561,37.80635261649483],[-122.4385525437004,37.839178671174665],[-122.48002180304142,37.847188317163045],[-122.5113203519579,37.8223753157568],[-122.5011601700556,37.789558387276166],[-122.45971797898419,37.78154533060493]]]},"properties":{"h3_index":"862830877ffffff","station_count":3,"program_id":"sf_bay","program":"SF Bay","resolution":6,"stations":[{"station_id":"BC21","station_name":"Horseshoe Bay (BC21)","lat":37.831,"lon":-122.4775,"county":"SAN FRANCISCO","waterbody":"San Francisco Bay"},{"station_id":"CB015W","station_name":"Central Bay (CB015W)","lat":37.823003,"lon":-122.434953,"county":"SAN FRANCISCO","waterbody":"San Francisco Bay"},{"station_id":"CB047W","station_name":"Central Bay (CB047W)","lat":37.828308,"lon":-122.441483,"county":"SAN FRANCISCO"}]}},{"type":"Feature","geometry":{"type":"Polygon","coordinates":[[[-122.39614238288935,37.954379370383236],[-122.3647530115196,37.979158636690705],[-122.37489756993463,38.01194647346344],[-122.41644817797754,38.0199459867901],[-122.4478270706732,37.99516102082769],[-122.43766585071191,37.96238224463343],[-122.39614238288935,37.954379370383236]]]},"properties":{"h3_index":"8628308cfffffff","station_count":8,"program_id":"sf_bay","program":"SF Bay","resolution":6,"stations":[{"station_id":"SPB004S","station_name":"San Pablo Bay (SPB004S)","lat":37.977066,"lon":-122.424584,"county":"CONTRA COSTA","waterbody":"San Francisco Bay"},{"station_id":"SPB028W","station_name":"San Pablo Bay (SPB028W)","lat":37.98217,"lon":-122.416504,"county":"CONTRA COSTA","waterbody":"San Francisco Bay"},{"station_id":"SPB021S","station_name":"San Pablo Bay (SPB021S)","lat":37.999989,"lon":-122.429704,"county":"MARIN","waterbody":"San Francisco Bay"},{"station_id":"SPB012W","station_name":"San Pablo Bay (SPB012W)","lat":37.977658,"lon":-122.439364,"county":"MARIN","waterbody":"San Francisco Bay"},{"station_id":"SPB030S","station_name":"San Pablo Bay (SPB030S)","lat":37.986222,"lon":-122.371853,"county":"CONTRA COSTA","waterbody":"San Francisco Bay"},{"station_id":"SPB036W","station_name":"San Pablo Bay (SPB036W)","lat":38.005472,"lon":-122.386783,"county":"CONTRA COSTA","waterbody":"San Francisco Bay"},{"station_id":"SPB028S","station_name":"San Pablo Bay (SPB028S)","lat":37.973961,"lon":-122.440084,"county":"CONTRA COSTA","waterbody":"San Francisco Bay"},{"station_id":"SPB052W","station_name":"San Pablo Bay (SPB052W)","lat":38.005804,"lon":-122.378393}]}},{"type":"Feature","geometry":{"type":"Polygon","coordinates":[[[-122.32320895125748,37.97113155033173],[-122.29178233849784,37.99589562009715],[-122.30191017280286,38.028692485163276],[-122.34348136068382,38.03671625563525],[-122.37489756993463,38.01194647346344],[-122.3647530115196,37.979158636690705],[-122.32320895125748,37.97113155033173]]]},"properties":{"h3_index":"8628308dfffffff","station_count":6,"program_id":"sf_bay","program":"SF Bay","resolution":6,"stations":[{"station_id":"SPB002S","station_name":"San Pablo Bay (SPB002S)","lat":38.016407,"lon":-122.341282,"county":"CONTRA COSTA","waterbody":"San Francisco Bay"},{"station_id":"SPB038S","station_name":"San Pablo Bay (SPB038S)","lat":38.015316,"lon":-122.327012,"county":"CONTRA COSTA","waterbody":"San Francisco Bay"},{"station_id":"SPB006S","station_name":"San Pablo Bay (SPB006S)","lat":38.024599,"lon":-122.313272,"county":"CONTRA COSTA","waterbody":"San Francisco Bay"},{"station_id":"200PPCPSLB","station_name":"PPCP - San Leandro Bay","lat":37.981717,"lon":-122.364967,"county":"CONTRA COSTA"},{"station_id":"SPB030W","station_name":"San Pablo Bay (SPB030W)","lat":38.02778,"lon":-122.31268,"county":"CONTRA COSTA","waterbody":"San Francisco Bay"},{"station_id":"SPB128","station_name":"SF Bay RMP - San Pablo Bay SPB128","lat":38.01565,"lon":-122.30025,"county":"CONTRA COSTA"}]}},{"type":"Feature","geometry":{"type":"Polygon","coordinates":[[[-122.36572686986699,37.855942921358555],[-122.33435387638536,37.88072587685707],[-122.34448116901237,37.913548319848836],[-122.38599812553127,37.92157873876123],[-122.41736069289334,37.89679006039942],[-122.40721674651473,37.86397668942511],[-122.36572686986699,37.855942921358555]]]},"properties":{"h3_index":"8628308e7ffffff","station_count":16,"program_id":"sf_bay","program":"SF Bay","resolution":6,"stations":[{"station_id":"CB38","station_name":"SF Bay RMP - Central Bay 38","lat":37.901622,"lon":-122.377097,"county":"CONTRA COSTA"},{"station_id":"BC41","station_name":"Point Isabel (BC41)","lat":37.887,"lon":-122.343,"county":"ALAMEDA","waterbody":"San Francisco Bay"},{"station_id":"CB001S","station_name":"Central Bay (CB001S)","lat":37.876311,"lon":-122.361502,"county":"ALAMEDA","waterbody":"San Francisco Bay"},{"station_id":"CB033S","station_name":"Central Bay (CB033S)","lat":37.866848,"lon":-122.363862,"county":"ALAMEDA","waterbody":"San Francisco Bay"},{"station_id":"CB001W","station_name":"Central Bay (CB001W)","lat":37.891513,"lon":-122.350552,"county":"CONTRA COSTA","waterbody":"San Francisco Bay"},{"station_id":"CB10","station_name":"SF Bay RMP - Central Bay 10","lat":37.906718,"lon":-122.346692,"county":"CONTRA COSTA"},{"station_id":"CB023S","station_name":"Central Bay (CB023S)","lat":37.887327,"lon":-122.400313,"county":"SAN FRANCISCO","waterbody":"San Francisco Bay"},{"station_id":"CB025S","station_name":"Central Bay (CB025S)","lat":37.867532,"lon":-122.379142,"county":"SAN FRANCISCO","waterbody":"San Francisco Bay"},{"station_id":"CB033W","station_name":"Central Bay (CB033W)","lat":37.87172,"lon":-122.36898,"county":"CONTRA COSTA","waterbody":"San Francisco Bay"},{"station_id":"CB055W","station_name":"Central Bay (CB055W)","lat":37.894521,"lon":-122.414973},{"station_id":"CB023W","station_name":"Central Bay (CB023W)","lat":37.872739,"lon":-122.407733,"county":"SAN FRANCISCO","waterbody":"San Francisco Bay"},{"station_id":"CB055S","station_name":"Central Bay (CB055S)","lat":37.9034,"lon":-122.40408,"county":"CONTRA COSTA"},{"station_id":"CB057S","station_name":"Central Bay (CB057S)","lat":37.876482,"lon":-122.381732,"county":"CONTRA COSTA"},{"station_id":"CB049S","station_name":"Central Bay (CB049S)","lat":37.880122,"lon":-122.339972,"county":"ALAMEDA"},{"station_id":"CB041W","station_name":"Central Bay (CB041W)","lat":37.890515,"lon":-122.373112,"county":"CONTRA COSTA"},{"station_id":"CB049W","station_name":"Central Bay (CB049W)","lat":37.865029,"lon":-122.359892,"county":"ALAMEDA"}]}},{"type":"Feature","geometry":{"type":"Polygon","coordinates":[[[-122.41736069289334,37.89679006039942],[-122.38599812553127,37.92157873876123],[-122.39614238288935,37.954379370383236],[-122.43766585071191,37.96238224463343],[-122.4690179282559,37.93758786141161],[-122.45885704448337,37.90479631222544],[-122.41736069289334,37.89679006039942]]]},"properties":{"h3_index":"8628308efffffff","station_count":10,"program_id":"sf_bay","program":"SF Bay","resolution":6,"stations":[{"station_id":"BC60","station_name":"Red Rock (BC60)","lat":37.918,"lon":-122.436,"county":"MARIN","waterbody":"San Francisco Bay"},{"station_id":"CB035S","station_name":"Central Bay (CB035S)","lat":37.919228,"lon":-122.440634,"county":"MARIN","waterbody":"San Francisco Bay"},{"station_id":"CB039S","station_name":"Central Bay (CB039S)","lat":37.918882,"lon":-122.417403,"county":"CONTRA COSTA","waterbody":"San Francisco Bay"},{"station_id":"CB027W","station_name":"Central Bay (CB027W)","lat":37.917687,"lon":-122.446544,"county":"MARIN","waterbody":"San Francisco Bay"},{"station_id":"CB26","station_name":"SF Bay RMP - Central Bay 26","lat":37.929034,"lon":-122.399457,"county":"CONTRA COSTA"},{"station_id":"CB45","station_name":"SF Bay RMP - Central Bay 45","lat":37.943148,"lon":-122.411946,"county":"CONTRA COSTA"},{"station_id":"CB027S","station_name":"Central Bay (CB027S)","lat":37.943364,"lon":-122.443364,"county":"MARIN","waterbody":"San Francisco Bay"},{"station_id":"CB007S","station_name":"Central Bay (CB007S)","lat":37.918645,"lon":-122.400013,"county":"CONTRA COSTA","waterbody":"San Francisco Bay"},{"station_id":"CB007W","station_name":"Central Bay (CB007W)","lat":37.916638,"lon":-122.400313,"county":"CONTRA COSTA","waterbody":"San Francisco Bay"},{"station_id":"CB031W","station_name":"Central Bay (CB031W)","lat":37.91483,"lon":-122.4251,"county":"CONTRA COSTA","waterbody":"San Francisco Bay"}]}},{"type":"Feature","geometry":{"type":"Polygon","coordinates":[[[-122.29284349699647,37.8726679394976],[-122.2614333597122,37.897435752718316],[-122.27154393622659,37.93026723533004],[-122.31308138279077,37.938321868562525],[-122.34448116901237,37.913548319848836],[-122.33435387638536,37.88072587685707],[-122.29284349699647,37.8726679394976]]]},"properties":{"h3_index":"8628308f7ffffff","station_count":11,"program_id":"sf_bay","program":"SF Bay","resolution":6,"stations":[{"station_id":"CB42","station_name":"SF Bay RMP - Central Bay 42","lat":37.905501,"lon":-122.332335,"county":"CONTRA COSTA"},{"station_id":"ALBUL","station_name":"Albany Bulb-ALBUL","lat":37.88875,"lon":-122.30985,"county":"ALAMEDA","waterbody":"San Francisco Bay"},{"station_id":"PTISA","station_name":"Point Isabel-PTISA","lat":37.904123,"lon":-122.319317,"county":"CONTRA COSTA","waterbody":"San Francisco Bay"},{"station_id":"CB14","station_name":"SF Bay RMP - Central Bay 14","lat":37.888461,"lon":-122.326734,"county":"ALAMEDA"},{"station_id":"CB46","station_name":"SF Bay RMP - Central Bay 46","lat":37.899036,"lon":-122.325568,"county":"CONTRA COSTA"},{"station_id":"CB017W","station_name":"Central Bay (CB017W)","lat":37.885398,"lon":-122.327361,"county":"ALAMEDA","waterbody":"San Francisco Bay"},{"station_id":"04OTH","station_name":"EMBAYSITE-004 (at Pt Isabel)-04OTH","lat":37.90429,"lon":-122.3232,"county":"CONTRA COSTA"},{"station_id":"CB30","station_name":"SF Bay RMP - Central Bay 30","lat":37.892829,"lon":-122.312071,"county":"ALAMEDA"},{"station_id":"CB03","station_name":"SF Bay RMP - Central Bay 03","lat":37.878131,"lon":-122.310862,"county":"ALAMEDA"},{"station_id":"MeekerSlough_Regatta","station_name":"Meeker Slough at Regatta Blvd","lat":37.917861,"lon":-122.338383,"county":"CONTRA COSTA"},{"station_id":"PTISO","station_name":"Point Isabel Offshore Mudflat-PTISO","lat":37.90505,"lon":-122.322283,"county":"CONTRA COSTA","waterbody":"San Francisco Bay"}]}},{"type":"Feature","geometry":{"type":"Polygon","coordinates":[[[-122.32627179515431,37.601057491917054],[-122.29495824843009,37.625856701198686],[-122.3050508689493,37.65876037872923],[-122.34647365578371,37.66685573371952],[-122.37777686959444,37.6420507490032],[-122.36766764601356,37.60915618814694],[-122.32627179515431,37.601057491917054]]]},"properties":{"h3_index":"862830907ffffff","station_count":16,"program_id":"sf_bay","program":"SF Bay","resolution":6,"stations":[{"station_id":"CB002S","station_name":"Central Bay (CB002S)","lat":37.625086,"lon":-122.347212,"county":"SAN MATEO","waterbody":"San Francisco Bay"},{"station_id":"SB011S","station_name":"South Bay (SB011S)","lat":37.610161,"lon":-122.339591,"county":"SAN MATEO","waterbody":"San Francisco Bay"},{"station_id":"SB027S","station_name":"South Bay (SB027S)","lat":37.619514,"lon":-122.313311,"county":"SAN MATEO","waterbody":"San Francisco Bay"},{"station_id":"SB043W","station_name":"South Bay (SB043W)","lat":37.618034,"lon":-122.352292,"county":"SAN MATEO","waterbody":"San Francisco Bay"},{"station_id":"CB040S","station_name":"Central Bay (CB040S)","lat":37.660015,"lon":-122.342521,"county":"SAN MATEO","waterbody":"San Francisco Bay"},{"station_id":"SB027W","station_name":"South Bay (SB027W)","lat":37.621639,"lon":-122.30052,"county":"SAN MATEO","waterbody":"San Francisco Bay"},{"station_id":"SB059W","station_name":"South Bay (SB059W)","lat":37.6136,"lon":-122.32493,"county":"SAN MATEO","waterbody":"San Francisco Bay"},{"station_id":"CB018W","station_name":"Central Bay (CB018W)","lat":37.6492,"lon":-122.328531,"county":"SAN MATEO","waterbody":"San Francisco Bay"},{"station_id":"CB046S","station_name":"Central Bay (CB046S)","lat":37.632095,"lon":-122.31833,"county":"SAN MATEO","waterbody":"San Francisco Bay"},{"station_id":"CB046W","station_name":"Central Bay (CB046W)","lat":37.643435,"lon":-122.317291,"county":"SAN MATEO"},{"station_id":"CB018S","station_name":"Central Bay (CB018S)","lat":37.648928,"lon":-122.316581,"county":"SAN MATEO","waterbody":"San Francisco Bay"},{"station_id":"CB082S","station_name":"Central Bay (CB082S)","lat":37.625468,"lon":-122.327331,"county":"SAN MATEO","waterbody":"San Francisco Bay"},{"station_id":"SB071W","station_name":"South Bay (SB071W)","lat":37.621248,"lon":-122.335721,"county":"SAN MATEO"},{"station_id":"CB008W","station_name":"Central Bay (CB008W)","lat":37.632934,"lon":-122.366842,"county":"SAN MATEO","waterbody":"San Francisco Bay"},{"station_id":"CB050S","station_name":"Central Bay (CB050S)","lat":37.644362,"lon":-122.337231,"county":"SAN MATEO"},{"station_id":"CB050W","station_name":"Central Bay (CB050W)","lat":37.63793,"lon":-122.3541,"county":"SAN MATEO"}]}},{"type":"Feature","geometry":{"type":"Polygon","coordinates":[[[-122.37777686959444,37.6420507490032],[-122.34647365578371,37.66685573371952],[-122.35658316980643,37.69973779105049],[-122.39801249019256,37.70780573982295],[-122.4293053078256,37.68299499778822],[-122.41917921780863,37.65012206770438],[-122.37777686959444,37.6420507490032]]]},"properties":{"h3_index":"86283090fffffff","station_count":9,"program_id":"sf_bay","program":"SF Bay","resolution":6,"stations":[{"station_id":"CB016S","station_name":"Central Bay (CB016S)","lat":37.695544,"lon":-122.364942,"county":"SAN MATEO","waterbody":"San Francisco Bay"},{"station_id":"CB05","station_name":"SF Bay RMP - Central Bay 05","lat":37.668048,"lon":-122.38605,"county":"SAN MATEO"},{"station_id":"CB33","station_name":"SF Bay RMP - Central Bay 33","lat":37.680658,"lon":-122.388045,"county":"SAN MATEO"},{"station_id":"ColmaCk_SouthLinden","station_name":"Colma Creek at South Linden Ave","lat":37.65019,"lon":-122.41179,"county":"SAN MATEO"},{"station_id":"CB112S","station_name":"Central Bay (CB112S)","lat":37.70052,"lon":-122.36365,"county":"SAN MATEO","waterbody":"San Francisco Bay"},{"station_id":"CB048S","station_name":"Central Bay (CB048S)","lat":37.670512,"lon":-122.384112,"county":"SAN MATEO"},{"station_id":"CB016W","station_name":"Central Bay (CB016W)","lat":37.677904,"lon":-122.378012,"county":"SAN MATEO","waterbody":"San Francisco Bay"},{"station_id":"CB032S","station_name":"Central Bay (CB032S)","lat":37.67715,"lon":-122.352842,"county":"SAN MATEO","waterbody":"San Francisco Bay"},{"station_id":"CB040W","station_name":"Central Bay (CB040W)","lat":37.675189,"lon":-122.354142,"county":"SAN MATEO"}]}},{"type":"Feature","geometry":{"type":"Polygon","coordinates":[[[-122.25354206045643,37.617733966887165],[-122.2221915863209,37.64251820979243],[-122.23226754190658,37.675430971373515],[-122.27371065308476,37.68355040943934],[-122.3050508689493,37.65876037872923],[-122.29495824843009,37.625856701198686],[-122.25354206045643,37.617733966887165]]]},"properties":{"h3_index":"862830917ffffff","station_count":23,"program_id":"sf_bay","program":"SF Bay","resolution":6,"stations":[{"station_id":"SB039S","station_name":"South Bay (SB039S)","lat":37.650268,"lon":-122.243799,"county":"SAN MATEO","waterbody":"San Francisco Bay"},{"station_id":"SB039W","station_name":"South Bay (SB039W)","lat":37.674329,"lon":-122.237209,"county":"ALAMEDA","waterbody":"San Francisco Bay"},{"station_id":"SB037S","station_name":"South Bay (SB037S)","lat":37.640863,"lon":-122.227538,"county":"SAN MATEO","waterbody":"San Francisco Bay"},{"station_id":"SB055W","station_name":"South Bay (SB055W)","lat":37.642812,"lon":-122.248639,"county":"SAN MATEO","waterbody":"San Francisco Bay"},{"station_id":"SB019W","station_name":"South Bay (SB019W)","lat":37.636539,"lon":-122.27452,"county":"SAN MATEO","waterbody":"San Francisco Bay"},{"station_id":"CB078S","station_name":"Central Bay (CB078S)","lat":37.663681,"lon":-122.26956,"county":"SAN MATEO","waterbody":"San Francisco Bay"},{"station_id":"SB019S","station_name":"South Bay (SB019S)","lat":37.636813,"lon":-122.27275,"county":"SAN MATEO","waterbody":"San Francisco Bay"},{"station_id":"SB029W","station_name":"South Bay (SB029W)","lat":37.638584,"lon":-122.235428,"county":"SAN MATEO","waterbody":"San Francisco Bay"},{"station_id":"SB087S","station_name":"South Bay (SB087S)","lat":37.65298,"lon":-122.22593,"county":"ALAMEDA"},{"station_id":"SB095S","station_name":"South Bay (SB095S)","lat":37.63982,"lon":-122.2488,"county":"ALAMEDA"},{"station_id":"CB110S","station_name":"Central Bay (CB110S)","lat":37.673475,"lon":-122.27416,"county":"SAN MATEO","waterbody":"San Francisco Bay"},{"station_id":"SB007W","station_name":"South Bay (SB007W)","lat":37.665586,"lon":-122.233259,"county":"ALAMEDA","waterbody":"San Francisco Bay"},{"station_id":"SB045S","station_name":"South Bay (SB045S)","lat":37.624905,"lon":-122.260648,"county":"SAN MATEO","waterbody":"San Francisco Bay"},{"station_id":"SB057W","station_name":"South Bay (SB057W)","lat":37.660619,"lon":-122.231719,"county":"ALAMEDA","waterbody":"San Francisco Bay"},{"station_id":"CB014S","station_name":"Central Bay (CB014S)","lat":37.652367,"lon":-122.28861,"county":"SAN MATEO","waterbody":"San Francisco Bay"},{"station_id":"SB067W","station_name":"South Bay (SB067W)","lat":37.633469,"lon":-122.263669,"county":"SAN MATEO"},{"station_id":"SB023W","station_name":"South Bay (SB023W)","lat":37.653334,"lon":-122.242539,"county":"SAN MATEO","waterbody":"San Francisco Bay"},{"station_id":"SB031S","station_name":"South Bay (SB031S)","lat":37.645777,"lon":-122.256609,"county":"SAN MATEO","waterbody":"San Francisco Bay"},{"station_id":"SB015W","station_name":"South Bay (SB015W)","lat":37.625893,"lon":-122.27638,"county":"SAN MATEO","waterbody":"San Francisco Bay"},{"station_id":"SB083W","station_name":"South Bay (SB083W)","lat":37.648997,"lon":-122.264599},{"station_id":"SB075W","station_name":"South Bay (SB075W)","lat":37.629199,"lon":-122.268079,"county":"SAN MATEO"},{"station_id":"SB10","station_name":"SF Bay RMP - South Bay SB10","lat":37.649983,"lon":-122.243317,"county":"SAN MATEO"},{"station_id":"SB073W","station_name":"South Bay (SB073W)","lat":37.624637,"lon":-122.262019,"county":"ALAMEDA"}]}},{"type":"Feature","geometry":{"type":"Polygon","coordinates":[[[-122.3050508689493,37.65876037872923],[-122.27371065308476,37.68355040943934],[-122.28380352912619,37.71644156150209],[-122.32525327556627,37.724533591552756],[-122.35658316980643,37.69973779105049],[-122.34647365578371,37.66685573371952],[-122.3050508689493,37.65876037872923]]]},"properties":{"h3_index":"86283091fffffff","station_count":16,"program_id":"sf_bay","program":"SF Bay","resolution":6,"stations":[{"station_id":"BB30","station_name":"Oyster Point (BB30)","lat":37.669,"lon":-122.329,"county":"SAN MATEO","waterbody":"San Francisco Bay"},{"station_id":"CB024W","station_name":"Central Bay (CB024W)","lat":37.711141,"lon":-122.329431,"county":"SAN FRANCISCO","waterbody":"San Francisco Bay"},{"station_id":"CB002W","station_name":"Central Bay (CB002W)","lat":37.688648,"lon":-122.28096,"county":"SAN MATEO","waterbody":"San Francisco Bay"},{"station_id":"CB008S","station_name":"Central Bay (CB008S)","lat":37.718026,"lon":-122.329121,"county":"SAN FRANCISCO","waterbody":"San Francisco Bay"},{"station_id":"CB014W","station_name":"Central Bay (CB014W)","lat":37.681117,"lon":-122.28032,"county":"SAN MATEO","waterbody":"San Francisco Bay"},{"station_id":"CB026S","station_name":"Central Bay (CB026S)","lat":37.714437,"lon":-122.28615,"county":"SAN FRANCISCO","waterbody":"San Francisco Bay"},{"station_id":"CB058S","station_name":"Central Bay (CB058S)","lat":37.673878,"lon":-122.321701,"county":"SAN MATEO","waterbody":"San Francisco Bay"},{"station_id":"CB122S","station_name":"Central Bay (CB122S)","lat":37.69867,"lon":-122.29799,"county":"ALAMEDA"},{"station_id":"CB034W","station_name":"Central Bay (CB034W)","lat":37.69003,"lon":-122.29173,"county":"ALAMEDA","waterbody":"San Francisco Bay"},{"station_id":"CB088S","station_name":"Central Bay (CB088S)","lat":37.72018,"lon":-122.3042,"county":"ALAMEDA","waterbody":"San Francisco Bay"},{"station_id":"CB074S","station_name":"Central Bay (CB074S)","lat":37.665926,"lon":-122.326701,"county":"SAN MATEO","waterbody":"San Francisco Bay"},{"station_id":"CB026W","station_name":"Central Bay (CB026W)","lat":37.681513,"lon":-122.311831,"county":"SAN MATEO","waterbody":"San Francisco Bay"},{"station_id":"CB010S","station_name":"Central Bay (CB010S)","lat":37.690721,"lon":-122.307771,"county":"SAN MATEO","waterbody":"San Francisco Bay"},{"station_id":"CB032W","station_name":"Central Bay (CB032W)","lat":37.68203,"lon":-122.34932,"county":"SAN MATEO","waterbody":"San Francisco Bay"},{"station_id":"CB09","station_name":"SF Bay RMP - Central Bay 09","lat":37.69363,"lon":-122.29905,"county":"SAN MATEO"},{"station_id":"CB056W","station_name":"Central Bay (CB056W)","lat":37.710917,"lon":-122.336661}]}},{"type":"Feature","geometry":{"type":"Polygon","coordinates":[[[-122.3474663511535,37.543333030066314],[-122.31617944008717,37.56814134526166],[-122.32627179515431,37.601057491917054],[-122.36766764601356,37.60915618814694],[-122.39894421295179,37.584342091793296],[-122.38883528966466,37.551435083769555],[-122.3474663511535,37.543333030066314]]]},"properties":{"h3_index":"862830927ffffff","station_count":2,"program_id":"sf_bay","program":"SF Bay","resolution":6,"stations":[{"station_id":"SB051","station_name":"SF Bay RMP - South Bay SB051","lat":37.60175,"lon":-122.362,"county":"SAN MATEO"},{"station_id":"SB011W","station_name":"South Bay (SB011W)","lat":37.596505,"lon":-122.341492,"county":"SAN MATEO","waterbody":"San Francisco Bay"}]}},{"type":"Feature","geometry":{"type":"Polygon","coordinates":[[[-122.39894421295179,37.584342091793296],[-122.36766764601356,37.60915618814694],[-122.37777686959444,37.6420507490032],[-122.41917921780863,37.65012206770438],[-122.45044537747677,37.62530220837249],[-122.44031961273559,37.59241679670847],[-122.39894421295179,37.584342091793296]]]},"properties":{"h3_index":"86283092fffffff","station_count":4,"program_id":"sf_bay","program":"SF Bay","resolution":6,"stations":[{"station_id":"CB37","station_name":"SF Bay RMP - Central Bay 37","lat":37.641418,"lon":-122.394541,"county":"SAN MATEO"},{"station_id":"CB21","station_name":"SF Bay RMP - Central Bay 21","lat":37.643081,"lon":-122.387888,"county":"SAN MATEO"},{"station_id":"CB53","station_name":"SF Bay RMP - Central Bay 53","lat":37.62998,"lon":-122.382614,"county":"SAN MATEO"},{"station_id":"SB071","station_name":"SF Bay RMP - South Bay SB071","lat":37.61296,"lon":-122.373,"county":"SAN MATEO"}]}},{"type":"Feature","geometry":{"type":"Polygon","coordinates":[[[-122.27479015180234,37.560015298456165],[-122.2434663353959,37.58480871422642],[-122.25354206045643,37.617733966887165],[-122.29495824843009,37.625856701198686],[-122.32627179515431,37.601057491917054],[-122.31617944008717,37.56814134526166],[-122.27479015180234,37.560015298456165]]]},"properties":{"h3_index":"862830937ffffff","station_count":29,"program_id":"sf_bay","program":"SF Bay","resolution":6,"stations":[{"station_id":"SB003S","station_name":"South Bay (SB003S)","lat":37.617119,"lon":-122.30355,"county":"SAN MATEO","waterbody":"San Francisco Bay"},{"station_id":"SB033S","station_name":"South Bay (SB033S)","lat":37.614313,"lon":-122.28009,"county":"SAN MATEO","waterbody":"San Francisco Bay"},{"station_id":"SB035S","station_name":"South Bay (SB035S)","lat":37.595182,"lon":-122.317571,"county":"SAN MATEO","waterbody":"San Francisco Bay"},{"station_id":"SB001S","station_name":"South Bay (SB001S)","lat":37.612366,"lon":-122.264349,"county":"SAN MATEO","waterbody":"San Francisco Bay"},{"station_id":"BB15","station_name":"San Bruno Shoal (BB15)","lat":37.615,"lon":-122.282,"county":"SAN MATEO","waterbody":"San Francisco Bay"},{"station_id":"SB047W","station_name":"South Bay (SB047W)","lat":37.620771,"lon":-122.29799,"county":"SAN MATEO","waterbody":"San Francisco Bay"},{"station_id":"SB012S","station_name":"South Bay (SB012S)","lat":37.588783,"lon":-122.246148,"county":"SAN MATEO","waterbody":"San Francisco Bay"},{"station_id":"SB051W","station_name":"South Bay (SB051W)","lat":37.603374,"lon":-122.29808,"county":"SAN MATEO","waterbody":"San Francisco Bay"},{"station_id":"SB062","station_name":"SF Bay RMP - South Bay SB062","lat":37.57639,"lon":-122.265,"county":"SAN MATEO"},{"station_id":"SB025S","station_name":"South Bay (SB025S)","lat":37.612739,"lon":-122.28105,"county":"SAN MATEO","waterbody":"San Francisco Bay"},{"station_id":"SB035W","station_name":"South Bay (SB035W)","lat":37.598972,"lon":-122.318311,"county":"SAN MATEO","waterbody":"San Francisco Bay"},{"station_id":"SB036W","station_name":"South Bay (SB036W)","lat":37.583581,"lon":-122.258099,"county":"SAN MATEO","waterbody":"San Francisco Bay"},{"station_id":"SB091S","station_name":"South Bay (SB091S)","lat":37.5999,"lon":-122.32157,"county":"SAN MATEO"},{"station_id":"SB061W","station_name":"South Bay (SB061W)","lat":37.61758,"lon":-122.25923,"county":"ALAMEDA","waterbody":"San Francisco Bay"},{"station_id":"SB097S","station_name":"South Bay (SB097S)","lat":37.614308,"lon":-122.267488,"county":"SAN MATEO","waterbody":"San Francisco Bay"},{"station_id":"SB050S","station_name":"South Bay (SB050S)","lat":37.611481,"lon":-122.28646,"county":"SAN MATEO"},{"station_id":"SB037W","station_name":"South Bay (SB037W)","lat":37.604603,"lon":-122.260909,"county":"SAN MATEO","waterbody":"San Francisco Bay"},{"station_id":"SB049W","station_name":"South Bay (SB049W)","lat":37.596085,"lon":-122.280359,"county":"SAN MATEO","waterbody":"San Francisco Bay"},{"station_id":"SB001W","station_name":"South Bay (SB001W)","lat":37.58989,"lon":-122.28986,"county":"SAN MATEO","waterbody":"San Francisco Bay"},{"station_id":"SB003W","station_name":"South Bay (SB003W)","lat":37.593863,"lon":-122.314631,"county":"SAN MATEO","waterbody":"San Francisco Bay"},{"station_id":"SB099S","station_name":"South Bay (SB099S)","lat":37.60348,"lon":-122.3131,"county":"SAN MATEO","waterbody":"San Francisco Bay"},{"station_id":"SB013W","station_name":"South Bay (SB013W)","lat":37.594363,"lon":-122.277359,"county":"SAN MATEO","waterbody":"San Francisco Bay"},{"station_id":"SB017S","station_name":"South Bay (SB017S)","lat":37.58814,"lon":-122.269249,"county":"SAN MATEO","waterbody":"San Francisco Bay"},{"station_id":"SB017W","station_name":"South Bay (SB017W)","lat":37.615974,"lon":-122.269489,"county":"SAN MATEO","waterbody":"San Francisco Bay"},{"station_id":"SB045W","station_name":"South Bay (SB045W)","lat":37.607694,"lon":-122.265179,"county":"SAN MATEO","waterbody":"San Francisco Bay"},{"station_id":"SB11","station_name":"SF Bay RMP - South Bay SB11","lat":37.598333,"lon":-122.250233,"county":"SAN MATEO"},{"station_id":"SB12","station_name":"SF Bay RMP - South Bay SB12","lat":37.582928,"lon":-122.270755,"county":"SAN MATEO"},{"station_id":"FSSDWWTP","station_name":"Fairfield Suisun Sewer District Wastewater Treatment Plant (FSSDWWTP)","lat":37.568827,"lon":-122.298322,"county":"SAN MATEO"},{"station_id":"MMP-Storm-SB-SM","station_name":"San Mateo Creek - S. Norfolk St. - Moore Microplastics","lat":37.573,"lon":-122.311,"county":"SAN MATEO"}]}},{"type":"Feature","geometry":{"type":"Polygon","coordinates":[[[-122.5745764132587,37.64939284890392],[-122.54335790372922,37.67423323550641],[-122.55351734468945,37.70707532003607],[-122.59491173629532,37.71506781908759],[-122.62611963828853,37.690221718732744],[-122.61594377280923,37.65738883642321],[-122.5745764132587,37.64939284890392]]]},"properties":{"h3_index":"86283096fffffff","station_count":1,"program_id":"sf_bay","program":"SF Bay","resolution":6,"stations":[{"station_id":"MBNMS30","station_name":"MMP - Monterey Bay NMS 30","lat":37.672608,"lon":-122.610833,"county":"OOS"}]}},{"type":"Feature","geometry":{"type":"Polygon","coordinates":[[[-122.15942705583399,37.692062401005245],[-122.12801299419398,37.71682228581204],[-122.13807240843263,37.749731529369775],[-122.17956266271592,37.757871862216035],[-122.21096655269629,37.73310618293012],[-122.20089037659334,37.70020596875659],[-122.15942705583399,37.692062401005245]]]},"properties":{"h3_index":"862830987ffffff","station_count":2,"program_id":"sf_bay","program":"SF Bay","resolution":6,"stations":[{"station_id":"G7g","station_name":"500m interval subtidal sites G7g repeat","lat":37.73278,"lon":-122.20963,"county":"ALAMEDA"},{"station_id":"SLCFR","station_name":"SLC First Road - channel settling zone of pillar/support","lat":37.732479,"lon":-122.199156,"county":"ALAMEDA"}]}},{"type":"Feature","geometry":{"type":"Polygon","coordinates":[[[-122.21096655269629,37.73310618293012],[-122.17956266271592,37.757871862216035],[-122.18963904929018,37.79075947280236],[-122.23113607743655,37.79887236738518],[-122.26252973219364,37.77410091146437],[-122.25243661059774,37.74122234106448],[-122.21096655269629,37.73310618293012]]]},"properties":{"h3_index":"86283098fffffff","station_count":47,"program_id":"sf_bay","program":"SF Bay","resolution":6,"stations":[{"station_id":"CB48","station_name":"SF Bay RMP - Central Bay 48","lat":37.742746,"lon":-122.21561,"county":"ALAMEDA"},{"station_id":"CB52","station_name":"SF Bay RMP - Central Bay 52","lat":37.750125,"lon":-122.247018,"county":"ALAMEDA"},{"station_id":"CB28","station_name":"SF Bay RMP - Central Bay 28","lat":37.74807,"lon":-122.236739,"county":"ALAMEDA"},{"station_id":"CB12","station_name":"SF Bay RMP - Central Bay 12","lat":37.748919,"lon":-122.244206,"county":"ALAMEDA"},{"station_id":"CB16","station_name":"SF Bay RMP - Central Bay 16","lat":37.750283,"lon":-122.218611,"county":"ALAMEDA"},{"station_id":"CB36","station_name":"SF Bay RMP - Central Bay 36","lat":37.755244,"lon":-122.255425,"county":"ALAMEDA"},{"station_id":"CB44","station_name":"SF Bay RMP - Central Bay 44","lat":37.749936,"lon":-122.225184,"county":"ALAMEDA"},{"station_id":"B5g","station_name":"500m interval subtidal B5g repeat","lat":37.75447,"lon":-122.22095,"county":"ALAMEDA"},{"station_id":"E8g","station_name":"500m interval subtidal E8g repeat ","lat":37.7414,"lon":-122.21427,"county":"ALAMEDA"},{"station_id":"G4g","station_name":"500m interval subtidal G4g repeat","lat":37.73682,"lon":-122.21133,"county":"ALAMEDA"},{"station_id":"SLBsub1","station_name":"500m interval subtidal repeat past site 1","lat":37.74912,"lon":-122.21306,"county":"ALAMEDA"},{"station_id":"SLBsub2","station_name":"500m interval subtidal repeat past site 2","lat":37.7518,"lon":-122.21788,"county":"ALAMEDA"},{"station_id":"A7cz","station_name":"alameda channel  approx. 500m interval subtidal A7cz repeat","lat":37.75838,"lon":-122.22367,"county":"ALAMEDA"},{"station_id":"B9g","station_name":"bay farm inlet 500m interval subtidal B9g repeat","lat":37.75065,"lon":-122.22877,"county":"ALAMEDA"},{"station_id":"DSFF","station_name":"Damon Slough First Footbridge ","lat":37.75202,"lon":-122.20965,"county":"ALAMEDA"},{"station_id":"DSM100m","station_name":"Damon Slough mouth 100m","lat":37.75093,"lon":-122.21224,"county":"ALAMEDA"},{"station_id":"DSM20m","station_name":"Damon Slough mouth 20m","lat":37.75128,"lon":-122.2116,"county":"ALAMEDA"},{"station_id":"SLBint","station_name":"new intertidal","lat":37.74945,"lon":-122.22514,"county":"ALAMEDA"},{"station_id":"NS20m","station_name":"No source transect 20m","lat":37.75501,"lon":-122.21489,"county":"ALAMEDA"},{"station_id":"NS100m","station_name":"no source transect intertidal 100m shore","lat":37.75431,"lon":-122.21559,"county":"ALAMEDA"},{"station_id":"SLCM20m","station_name":"San Leandro Cr mouth 20m","lat":37.74297,"lon":-122.20908,"county":"ALAMEDA"},{"station_id":"SLCM100m","station_name":"San Leandro Creek Mouth 100m","lat":37.74352,"lon":-122.20954,"county":"ALAMEDA"},{"station_id":"CB08","station_name":"SF Bay RMP - Central Bay 08","lat":37.75053,"lon":-122.22776,"county":"ALAMEDA"},{"station_id":"Z12LJ_abvZ12LK","station_name":"Zone 12 Line J below train tracks and above confluence with Zone 12 Line K","lat":37.754714,"lon":-122.201374,"county":"ALAMEDA"},{"station_id":"B8cz","station_name":"500m interval subtidal B8cz repeat ","lat":37.75107,"lon":-122.22365,"county":"ALAMEDA"},{"station_id":"E3g","station_name":"500m interval subtidal E3g repeat","lat":37.74757,"lon":-122.2223,"county":"ALAMEDA"},{"station_id":"E6g","station_name":"500m interval subtidal E6g repeat","lat":37.74415,"lon":-122.21745,"county":"ALAMEDA"},{"station_id":"ECFR","station_name":"East Creek First Road \u00a0- channel in pillar/support eddy zone","lat":37.761246,"lon":-122.215122,"county":"ALAMEDA"},{"station_id":"ELM20m","station_name":"Elmhurst Channel 20m from mouth","lat":37.74306,"lon":-122.20842,"county":"ALAMEDA"},{"station_id":"ELMFF","station_name":"Elmhurst Cr First Footbridge ","lat":37.74369,"lon":-122.20632,"county":"ALAMEDA"},{"station_id":"SLCFF","station_name":"SLC First Footbridge ","lat":37.74254,"lon":-122.20799,"county":"ALAMEDA"},{"station_id":"ECM20m","station_name":"East Creak Mouth 20m","lat":37.75928,"lon":-122.2183,"county":"ALAMEDA"},{"station_id":"C9g","station_name":"intertidal C9g repeat ","lat":37.74915,"lon":-122.21872,"county":"ALAMEDA"},{"station_id":"DSFR","station_name":"Damon Slough First Road - channel settling zone of pillar/support","lat":37.7528,"lon":-122.208236,"county":"ALAMEDA"},{"station_id":"ECFF","station_name":"East Creek First Footbridge","lat":37.76011,"lon":-122.21699,"county":"ALAMEDA"},{"station_id":"200PPCPRBM","station_name":"PPCP - Richmond Breuner Marsh","lat":37.7432,"lon":-122.207733,"county":"ALAMEDA"},{"station_id":"CB32","station_name":"SF Bay RMP - Central Bay 32","lat":37.756571,"lon":-122.220437,"county":"ALAMEDA"},{"station_id":"CB20","station_name":"SF Bay RMP - Central Bay 20","lat":37.778948,"lon":-122.24553,"county":"ALAMEDA"},{"station_id":"ELMFR","station_name":"Elmhurst Cr First Road - channel settling zone of pillar/support","lat":37.746068,"lon":-122.202014,"county":"ALAMEDA"},{"station_id":"Z12LK_ColiseumEntrnc","station_name":"Zone 12 Line K at Coliseum Entrance off 66th Ave","lat":37.754477,"lon":-122.204336,"county":"ALAMEDA"},{"station_id":"ECM100m","station_name":"East Creek Mouth 100m","lat":37.75835,"lon":-122.21863,"county":"ALAMEDA"},{"station_id":"Z12LM_ColiseumWy","station_name":"Zone 12 Line M at South Coliseum Way","lat":37.746907,"lon":-122.200689,"county":"ALAMEDA"},{"station_id":"Z12LF_blwPG&EStn","station_name":"Zone 12 Line F bridge below PG&E station above confluence with Zone 12 Line H","lat":37.762305,"lon":-122.21425,"county":"ALAMEDA"},{"station_id":"21027","station_name":"SAN LEANDRO BAY-SITE 1-21027","lat":37.74333,"lon":-122.20888,"county":"ALAMEDA","waterbody":"San Francisco Bay"},{"station_id":"E2g","station_name":"San Leandro Bay (E2g)","lat":37.74917,"lon":-122.21387,"county":"ALAMEDA","waterbody":"San Francisco Bay"},{"station_id":"MLKRS","station_name":"Martin Luther King Park Regional Shoreline-MLKRS","lat":37.74285,"lon":-122.209113,"county":"ALAMEDA","waterbody":"San Francisco Bay"},{"station_id":"21313","station_name":"San Leandro Bay (21313)","lat":37.7518,"lon":-122.2179,"county":"ALAMEDA","waterbody":"San Francisco Bay"}]}},{"type":"Feature","geometry":{"type":"Polygon","coordinates":[[[-122.18075517567938,37.63437139080792],[-122.14936782702281,37.65914058810306],[-122.15942705583399,37.692062401005245],[-122.20089037659334,37.70020596875659],[-122.23226754190658,37.675430971373515],[-122.2221915863209,37.64251820979243],[-122.18075517567938,37.63437139080792]]]},"properties":{"h3_index":"8628309a7ffffff","station_count":17,"program_id":"sf_bay","program":"SF Bay","resolution":6,"stations":[{"station_id":"SB069","station_name":"SF Bay RMP - South Bay SB069","lat":37.66252,"lon":-122.176,"county":"ALAMEDA"},{"station_id":"SB032S","station_name":"South Bay (SB032S)","lat":37.656827,"lon":-122.174937,"county":"ALAMEDA","waterbody":"San Francisco Bay"},{"station_id":"SB016S","station_name":"South Bay (SB016S)","lat":37.660867,"lon":-122.181347,"county":"ALAMEDA","waterbody":"San Francisco Bay"},{"station_id":"SB053","station_name":"SF Bay RMP - South Bay SB053","lat":37.67641,"lon":-122.17,"county":"ALAMEDA"},{"station_id":"SB021W","station_name":"South Bay (SB021W)","lat":37.651395,"lon":-122.216328,"county":"ALAMEDA","waterbody":"San Francisco Bay"},{"station_id":"SB025W","station_name":"South Bay (SB025W)","lat":37.676135,"lon":-122.208498,"county":"ALAMEDA","waterbody":"San Francisco Bay"},{"station_id":"SB033W","station_name":"South Bay (SB033W)","lat":37.662221,"lon":-122.212538,"county":"ALAMEDA","waterbody":"San Francisco Bay"},{"station_id":"SB044W","station_name":"South Bay (SB044W)","lat":37.661997,"lon":-122.203068,"county":"ALAMEDA","waterbody":"San Francisco Bay"},{"station_id":"SB069S","station_name":"South Bay (SB069S)","lat":37.65727,"lon":-122.200098,"county":"ALAMEDA","waterbody":"San Francisco Bay"},{"station_id":"SB023S","station_name":"South Bay (SB023S)","lat":37.676731,"lon":-122.211998,"county":"ALAMEDA","waterbody":"San Francisco Bay"},{"station_id":"SB009W","station_name":"South Bay (SB009W)","lat":37.66946,"lon":-122.223598,"county":"ALAMEDA","waterbody":"San Francisco Bay"},{"station_id":"SB073S","station_name":"South Bay (SB073S)","lat":37.678107,"lon":-122.181487,"county":"ALAMEDA","waterbody":"San Francisco Bay"},{"station_id":"SB041S","station_name":"South Bay (SB041S)","lat":37.67433,"lon":-122.21303,"county":"ALAMEDA","waterbody":"San Francisco Bay"},{"station_id":"SB012W","station_name":"South Bay (SB012W)","lat":37.649914,"lon":-122.201358,"county":"ALAMEDA","waterbody":"San Francisco Bay"},{"station_id":"SB009S","station_name":"South Bay (SB009S)","lat":37.678012,"lon":-122.193818,"county":"ALAMEDA","waterbody":"San Francisco Bay"},{"station_id":"SB005S","station_name":"South Bay (SB005S)","lat":37.655214,"lon":-122.208218,"county":"ALAMEDA","waterbody":"San Francisco Bay"},{"station_id":"EBDAWWTP","station_name":"East Bay Dischargers Authority Wastewater Treatment Plant","lat":37.66793,"lon":-122.159476,"county":"ALAMEDA"}]}},{"type":"Feature","geometry":{"type":"Polygon","coordinates":[[[-122.23226754190658,37.675430971373515],[-122.20089037659334,37.70020596875659],[-122.21096655269629,37.73310618293012],[-122.25243661059774,37.74122234106448],[-122.28380352912619,37.71644156150209],[-122.27371065308476,37.68355040943934],[-122.23226754190658,37.675430971373515]]]},"properties":{"h3_index":"8628309afffffff","station_count":12,"program_id":"sf_bay","program":"SF Bay","resolution":6,"stations":[{"station_id":"CB038S","station_name":"Central Bay (CB038S)","lat":37.722928,"lon":-122.26048,"county":"ALAMEDA","waterbody":"San Francisco Bay"},{"station_id":"CB022W","station_name":"Central Bay (CB022W)","lat":37.69261,"lon":-122.239929,"county":"ALAMEDA","waterbody":"San Francisco Bay"},{"station_id":"SB015S","station_name":"South Bay (SB015S)","lat":37.700097,"lon":-122.223539,"county":"ALAMEDA","waterbody":"San Francisco Bay"},{"station_id":"CB006S","station_name":"Central Bay (CB006S)","lat":37.71307,"lon":-122.24855,"county":"ALAMEDA","waterbody":"San Francisco Bay"},{"station_id":"SB073","station_name":"SF Bay RMP - South Bay SB073","lat":37.70561,"lon":-122.206,"county":"ALAMEDA"},{"station_id":"SB031W","station_name":"South Bay (SB031W)","lat":37.696834,"lon":-122.217079,"county":"ALAMEDA","waterbody":"San Francisco Bay"},{"station_id":"CB034S","station_name":"Central Bay (CB034S)","lat":37.693182,"lon":-122.27472,"county":"SAN MATEO","waterbody":"San Francisco Bay"},{"station_id":"SB063W","station_name":"South Bay (SB063W)","lat":37.6937,"lon":-122.22285,"county":"ALAMEDA","waterbody":"San Francisco Bay"},{"station_id":"SB111S","station_name":"South Bay (SB111S)","lat":37.69478,"lon":-122.22802,"county":"ALAMEDA"},{"station_id":"SB041W","station_name":"South Bay (SB041W)","lat":37.679648,"lon":-122.227869,"county":"ALAMEDA","waterbody":"San Francisco Bay"},{"station_id":"SB007S","station_name":"South Bay (SB007S)","lat":37.682022,"lon":-122.231019,"county":"ALAMEDA","waterbody":"San Francisco Bay"},{"station_id":"CB006W","station_name":"Central Bay (CB006W)","lat":37.694556,"lon":-122.25523,"county":"ALAMEDA","waterbody":"San Francisco Bay"}]}},{"type":"Feature","geometry":{"type":"Polygon","coordinates":[[[-122.92496956013022,38.14723517578877],[-122.89375739418522,38.17209324387846],[-122.90405313988002,38.20472163765809],[-122.94557737340241,38.21248275123845],[-122.97677845505444,38.187619132579925],[-122.96646640437291,38.15499995421032],[-122.92496956013022,38.14723517578877]]]},"properties":{"h3_index":"862830a4fffffff","station_count":1,"program_id":"sf_bay","program":"SF Bay","resolution":6,"stations":[{"station_id":"TB101","station_name":"Tomales Bay - TB101","lat":38.20926,"lon":-122.92915,"county":"MARIN"}]}},{"type":"Feature","geometry":{"type":"Polygon","coordinates":[[[-122.82141985034797,38.0663178408022],[-122.7901857069312,38.091164752343126],[-122.80044766688759,38.123837372768875],[-122.84196014881068,38.13165388871715],[-122.87318333533504,38.10680138967958],[-122.8629050136686,38.07413796551249],[-122.82141985034797,38.0663178408022]]]},"properties":{"h3_index":"862830a77ffffff","station_count":1,"program_id":"sf_bay","program":"SF Bay","resolution":6,"stations":[{"station_id":"TB102","station_name":"Tomales Bay - TB102","lat":38.09084,"lon":-122.83581,"county":"MARIN"}]}},{"type":"Feature","geometry":{"type":"Polygon","coordinates":[[[-122.53010436664611,38.134094193044135],[-122.4987197517306,38.15888100503076],[-122.50891563412372,38.19159009410821],[-122.55051276220884,38.19950330512555],[-122.58188671763536,38.17471085246753],[-122.5716742212895,38.14201083288503],[-122.53010436664611,38.134094193044135]]]},"properties":{"h3_index":"862830a87ffffff","station_count":1,"program_id":"sf_bay","program":"SF Bay","resolution":6,"stations":[{"station_id":"322WE","station_name":"322 (Petaluma Central)-322WE","lat":38.18311,"lon":-122.56256,"county":"SONOMA"}]}},{"type":"Feature","geometry":{"type":"Polygon","coordinates":[[[-122.58188671763536,38.17471085246753],[-122.55051276220884,38.19950330512555],[-122.56072565101161,38.23219034174907],[-122.60232909819683,38.24007584956975],[-122.63369233006013,38.21527777427291],[-122.62346285515419,38.18259981720486],[-122.58188671763536,38.17471085246753]]]},"properties":{"h3_index":"862830a8fffffff","station_count":1,"program_id":"sf_bay","program":"SF Bay","resolution":6,"stations":[{"station_id":"306WE","station_name":"306 (Petaluma N)-306WE","lat":38.20891,"lon":-122.57894,"county":"SONOMA"}]}},{"type":"Feature","geometry":{"type":"Polygon","coordinates":[[[-122.47834534596393,38.09342786420589],[-122.44695013560259,38.11820901752796],[-122.45712900924947,38.15094011589348],[-122.4987197517306,38.15888100503076],[-122.53010436664611,38.134094193044135],[-122.51990885132093,38.101372154017085],[-122.47834534596393,38.09342786420589]]]},"properties":{"h3_index":"862830ab7ffffff","station_count":3,"program_id":"sf_bay","program":"SF Bay","resolution":6,"stations":[{"station_id":"BD15","station_name":"Petaluma River (BD15)","lat":38.111,"lon":-122.487,"county":"SONOMA","waterbody":"San Francisco Bay"},{"station_id":"SPB043S","station_name":"San Pablo Bay (SPB043S)","lat":38.1027,"lon":-122.46743,"county":"SONOMA"},{"station_id":"SPB15","station_name":"SF Bay RMP - San Pablo Bay SPB15","lat":38.108383,"lon":-122.488233,"county":"MARIN"}]}},{"type":"Feature","geometry":{"type":"Polygon","coordinates":[[[-122.63565134529563,37.84628048792575],[-122.60440074565479,37.87111407728164],[-122.61459469471487,37.90388736515168],[-122.65605569893924,37.91181788834788],[-122.6872955856072,37.886978632846436],[-122.67708519772587,37.85421452364559],[-122.63565134529563,37.84628048792575]]]},"properties":{"h3_index":"862830b37ffffff","station_count":1,"program_id":"sf_bay","program":"SF Bay","resolution":6,"stations":[{"station_id":"BC20","station_name":"Golden Gate (BC20)","lat":37.864,"lon":-122.67333,"county":"MARIN","waterbody":"San Francisco Bay"}]}},{"type":"Feature","geometry":{"type":"Polygon","coordinates":[[[-122.93585898358147,37.93416001668278],[-122.90471605382034,37.959040011773304],[-122.91499328185064,37.99172906272005],[-122.95642968563853,37.99952885050293],[-122.98756156526547,37.974643271282005],[-122.97726810803196,37.94196349167769],[-122.93585898358147,37.93416001668278]]]},"properties":{"h3_index":"862830b6fffffff","station_count":1,"program_id":"sf_bay","program":"SF Bay","resolution":6,"stations":[{"station_id":"GFNMS25","station_name":"MMP - Greater Farallones NMS 25","lat":37.969478,"lon":-122.926965,"county":"MARIN"}]}},{"type":"Feature","geometry":{"type":"Polygon","coordinates":[[[-122.4478270706732,37.99516102082769],[-122.41644817797754,38.0199459867901],[-122.42660972424596,38.052711934629116],[-122.46816681402838,38.06068384902103],[-122.49953516419502,38.03589320138219],[-122.48935698384943,38.003136324456946],[-122.4478270706732,37.99516102082769]]]},"properties":{"h3_index":"862830b97ffffff","station_count":19,"program_id":"sf_bay","program":"SF Bay","resolution":6,"stations":[{"station_id":"SPB003S","station_name":"San Pablo Bay (SPB003S)","lat":38.028181,"lon":-122.476596,"county":"MARIN","waterbody":"San Francisco Bay"},{"station_id":"SPB027W","station_name":"San Pablo Bay (SPB027W)","lat":38.019831,"lon":-122.453145,"county":"MARIN","waterbody":"San Francisco Bay"},{"station_id":"SPB135S","station_name":"San Pablo Bay (SPB135S)","lat":38.020313,"lon":-122.429515,"county":"MARIN","waterbody":"San Francisco Bay"},{"station_id":"SPB031S","station_name":"San Pablo Bay (SPB031S)","lat":38.056942,"lon":-122.451546,"county":"MARIN","waterbody":"San Francisco Bay"},{"station_id":"SPB019S","station_name":"San Pablo Bay (SPB019S)","lat":38.019746,"lon":-122.463736,"county":"MARIN","waterbody":"San Francisco Bay"},{"station_id":"SPB013W","station_name":"San Pablo Bay (SPB013W)","lat":38.017743,"lon":-122.427725,"county":"MARIN","waterbody":"San Francisco Bay"},{"station_id":"SPB051S","station_name":"San Pablo Bay (SPB051S)","lat":38.03488,"lon":-122.4615,"county":"MARIN"},{"station_id":"SPB035W","station_name":"San Pablo Bay (SPB035W)","lat":38.01122,"lon":-122.46102,"county":"MARIN","waterbody":"San Francisco Bay"},{"station_id":"SPB041S","station_name":"San Pablo Bay (SPB041S)","lat":38.055055,"lon":-122.439695,"county":"MARIN","waterbody":"San Francisco Bay"},{"station_id":"SPB047S","station_name":"San Pablo Bay (SPB047S)","lat":38.007546,"lon":-122.458025,"county":"MARIN"},{"station_id":"SPB057S","station_name":"San Pablo Bay (SPB057S)","lat":38.048393,"lon":-122.427815,"county":"MARIN"},{"station_id":"SPB005S","station_name":"San Pablo Bay (SPB005S)","lat":38.012257,"lon":-122.435495,"county":"MARIN","waterbody":"San Francisco Bay"},{"station_id":"SPB007W","station_name":"San Pablo Bay (SPB007W)","lat":38.02798,"lon":-122.447715,"county":"MARIN","waterbody":"San Francisco Bay"},{"station_id":"SPB009S","station_name":"San Pablo Bay (SPB009S)","lat":38.037482,"lon":-122.447916,"county":"MARIN","waterbody":"San Francisco Bay"},{"station_id":"SPB037W","station_name":"San Pablo Bay (SPB037W)","lat":38.017013,"lon":-122.421474,"county":"MARIN","waterbody":"San Francisco Bay"},{"station_id":"SPB029W","station_name":"San Pablo Bay (SPB029W)","lat":38.016619,"lon":-122.424395,"county":"MARIN","waterbody":"San Francisco Bay"},{"station_id":"SPB073S","station_name":"San Pablo Bay (SPB073S)","lat":38.031373,"lon":-122.436595,"county":"MARIN","waterbody":"San Francisco Bay"},{"station_id":"SPB031W","station_name":"San Pablo Bay (SPB031W)","lat":38.04692,"lon":-122.44508,"county":"MARIN","waterbody":"San Francisco Bay"},{"station_id":"CHINA","station_name":"China Camp-CHINA","lat":38.014507,"lon":-122.489562,"county":"MARIN","waterbody":"San Francisco Bay"}]}},{"type":"Feature","geometry":{"type":"Polygon","coordinates":[[[-122.49953516419502,38.03589320138219],[-122.46816681402838,38.06068384902103],[-122.47834534596393,38.09342786420589],[-122.51990885132093,38.101372154017085],[-122.55126659507181,38.076575842719855],[-122.54107145665182,38.04384090868808],[-122.49953516419502,38.03589320138219]]]},"properties":{"h3_index":"862830b9fffffff","station_count":1,"program_id":"sf_bay","program":"SF Bay","resolution":6,"stations":[{"station_id":"226WE","station_name":"226 (NW San Pablo Bay)-226WE","lat":38.04816,"lon":-122.4976,"county":"MARIN"}]}},{"type":"Feature","geometry":{"type":"Polygon","coordinates":[[[-122.4690179282559,37.93758786141161],[-122.43766585071191,37.96238224463343],[-122.4478270706732,37.99516102082769],[-122.48935698384943,38.003136324456946],[-122.52069850784461,37.97833625441795],[-122.51052068892947,37.94556657098193],[-122.4690179282559,37.93758786141161]]]},"properties":{"h3_index":"862830bb7ffffff","station_count":5,"program_id":"sf_bay","program":"SF Bay","resolution":6,"stations":[{"station_id":"CB011S","station_name":"Central Bay (CB011S)","lat":37.967574,"lon":-122.450644,"county":"MARIN","waterbody":"San Francisco Bay"},{"station_id":"CB075S","station_name":"Central Bay (CB075S)","lat":37.943329,"lon":-122.475335,"county":"MARIN","waterbody":"San Francisco Bay"},{"station_id":"CB34","station_name":"SF Bay RMP - Central Bay 34","lat":37.966809,"lon":-122.494303,"county":"MARIN"},{"station_id":"CB011W","station_name":"Central Bay (CB011W)","lat":37.947844,"lon":-122.463365,"county":"MARIN","waterbody":"San Francisco Bay"},{"station_id":"CB107S","station_name":"Central Bay (CB107S)","lat":37.95715,"lon":-122.46503,"county":"MARIN","waterbody":"San Francisco Bay"}]}},{"type":"Feature","geometry":{"type":"Polygon","coordinates":[[[-122.05238767050972,37.98018665325452],[-122.02083954132502,38.004898888704055],[-122.03089973006846,38.03774444607126],[-122.0725250031431,38.04586885159802],[-122.10406302022955,38.021150848494095],[-122.09398589299629,37.98831421106767],[-122.05238767050972,37.98018665325452]]]},"properties":{"h3_index":"862830c4fffffff","station_count":2,"program_id":"sf_bay","program":"SF Bay","resolution":6,"stations":[{"station_id":"CCCSDWWTP","station_name":"Central Contra Costa Sanitary District Wastewater Treatment Plant (CCCSDWWTP)","lat":38.001616,"lon":-122.074742,"county":"CONTRA COSTA"},{"station_id":"MTNVW","station_name":"Mountain View S.D.-MTNVW","lat":38.01925,"lon":-122.09451,"county":"CONTRA COSTA"}]}},{"type":"Feature","geometry":{"type":"Polygon","coordinates":[[[-121.97922129323456,37.996746929425704],[-121.94763621404053,38.02144363826872],[-121.957679401979,38.05429808276276],[-121.99932468656577,38.06244693486157],[-122.03089973006846,38.03774444607126],[-122.02083954132502,38.004898888704055],[-121.97922129323456,37.996746929425704]]]},"properties":{"h3_index":"862830c5fffffff","station_count":5,"program_id":"sf_bay","program":"SF Bay","resolution":6,"stations":[{"station_id":"SU078S","station_name":"Suisun Bay (SU078S)","lat":38.048533,"lon":-121.968402,"county":"CONTRA COSTA","waterbody":"San Francisco Bay"},{"station_id":"SU034W","station_name":"Suisun Bay (SU034W)","lat":38.051624,"lon":-121.983883,"county":"CONTRA COSTA","waterbody":"San Francisco Bay"},{"station_id":"SU002W","station_name":"Suisun Bay (SU002W)","lat":38.056086,"lon":-121.975813,"county":"SOLANO","waterbody":"San Francisco Bay"},{"station_id":"SU062W","station_name":"Suisun Bay (SU062W)","lat":38.051992,"lon":-121.966292},{"station_id":"SU050W","station_name":"Suisun Bay (SU050W)","lat":38.052982,"lon":-121.976983,"county":"CONTRA COSTA"}]}},{"type":"Feature","geometry":{"type":"Polygon","coordinates":[[[-121.83271813700014,38.029747433255],[-121.80105932432976,38.054412851488486],[-121.81106832386078,38.08728497137559],[-121.8527532780195,38.09548285546836],[-121.8844022086695,38.0708116329736],[-121.87437608381457,38.037948334271405],[-121.83271813700014,38.029747433255]]]},"properties":{"h3_index":"862830cc7ffffff","station_count":1,"program_id":"sf_bay","program":"SF Bay","resolution":6,"stations":[{"station_id":"BG20","station_name":"Sacramento River (BG20)","lat":38.0597,"lon":-121.811268,"county":"SACRAMENTO","waterbody":"San Francisco Bay"}]}},{"type":"Feature","geometry":{"type":"Polygon","coordinates":[[[-121.85434103349024,37.972187105497795],[-121.82270916493795,37.996862399159326],[-121.83271813700014,38.029747433255],[-121.87437608381457,38.037948334271405],[-121.90599805767854,38.0132672311942],[-121.8959719960269,37.98039104012636],[-121.85434103349024,37.972187105497795]]]},"properties":{"h3_index":"862830ce7ffffff","station_count":1,"program_id":"sf_bay","program":"SF Bay","resolution":6,"stations":[{"station_id":"KIRKE","station_name":"Dow Chemical - Kirker Creek-KIRKE","lat":38.02476,"lon":-121.84384,"county":"CONTRA COSTA"}]}},{"type":"Feature","geometry":{"type":"Polygon","coordinates":[[[-121.90599805767854,38.0132672311942],[-121.87437608381457,38.037948334271405],[-121.8844022086695,38.0708116329736],[-121.92606738711348,38.07898497798979],[-121.957679401979,38.05429808276276],[-121.94763621404053,38.02144363826872],[-121.90599805767854,38.0132672311942]]]},"properties":{"h3_index":"862830cefffffff","station_count":9,"program_id":"sf_bay","program":"SF Bay","resolution":6,"stations":[{"station_id":"BF40","station_name":"Honker Bay (BF40)","lat":38.067,"lon":-121.934,"county":"SOLANO","waterbody":"San Francisco Bay"},{"station_id":"SU022W","station_name":"Suisun Bay (SU022W)","lat":38.056146,"lon":-121.935541,"county":"SOLANO","waterbody":"San Francisco Bay"},{"station_id":"USGS 4.1","station_name":"USGS Station 4.1 - near the confluence of the Sacramento and San Joaquin Rivers","lat":38.057117,"lon":-121.94485,"county":"CONTRA COSTA"},{"station_id":"SU006S","station_name":"Suisun Bay (SU006S)","lat":38.069492,"lon":-121.937252,"county":"SOLANO","waterbody":"San Francisco Bay"},{"station_id":"SU022S","station_name":"Suisun Bay (SU022S)","lat":38.070274,"lon":-121.925131,"county":"SOLANO","waterbody":"San Francisco Bay"},{"station_id":"SU054W","station_name":"Suisun Bay (SU054W)","lat":38.050723,"lon":-121.943782,"county":"CONTRA COSTA"},{"station_id":"SU030S","station_name":"Suisun Bay (SU030S)","lat":38.056751,"lon":-121.948752,"county":"SOLANO","waterbody":"San Francisco Bay"},{"station_id":"SU006W","station_name":"Suisun Bay (SU006W)","lat":38.058826,"lon":-121.944622,"county":"SOLANO","waterbody":"San Francisco Bay"},{"station_id":"SacSJ_MallardIsland","station_name":"Sacramento-San Joaquin River at Mallard Island near Bay Point Regional Shoreline","lat":38.04278,"lon":-121.92013,"county":"CONTRA COSTA"}]}},{"type":"Feature","geometry":{"type":"Polygon","coordinates":[[[-121.78105851531062,37.988633969766596],[-121.74938988501296,38.013293566579904],[-121.75938170536784,38.0461874105713],[-121.80105932432976,38.054412851488486],[-121.83271813700014,38.029747433255],[-121.82270916493795,37.996862399159326],[-121.78105851531062,37.988633969766596]]]},"properties":{"h3_index":"862830cf7ffffff","station_count":1,"program_id":"sf_bay","program":"SF Bay","resolution":6,"stations":[{"station_id":"BG30","station_name":"San Joaquin River (BG30)","lat":38.020541,"lon":-121.806267,"county":"CONTRA COSTA","waterbody":"San Francisco Bay"}]}},{"type":"Feature","geometry":{"type":"Polygon","coordinates":[[[-122.56515044554166,37.493053850104346],[-122.53397456131115,37.51790638758133],[-122.54411643556374,37.55079502088682],[-122.58545059325948,37.55882188416771],[-122.61661591173977,37.53396360310495],[-122.60645765479549,37.50108420567388],[-122.56515044554166,37.493053850104346]]]},"properties":{"h3_index":"8628342efffffff","station_count":1,"program_id":"sf_bay","program":"SF Bay","resolution":6,"stations":[{"station_id":"MBNMS31","station_name":"MMP - Monterey Bay NMS 31","lat":37.506998,"lon":-122.58037,"county":"OOS"}]}},{"type":"Feature","geometry":{"type":"Polygon","coordinates":[[[-121.86378852953794,37.229924828289754],[-121.83238482784593,37.25467124998965],[-121.84232532959855,37.28776745524854],[-121.88368639045456,37.29610822512059],[-121.91508032705622,37.2713558667319],[-121.90512298415427,37.2382686786716],[-121.86378852953794,37.229924828289754]]]},"properties":{"h3_index":"86283446fffffff","station_count":1,"program_id":"sf_bay","program":"SF Bay","resolution":6,"stations":[{"station_id":"GuadalupeR_Foxworthy","station_name":"Guadalupe River at Foxworthy Ave just East of Old Almaden Rd","lat":37.27838,"lon":-121.87791,"county":"SANTA CLARA"}]}},{"type":"Feature","geometry":{"type":"Polygon","coordinates":[[[-121.99635274590348,37.41186945917288],[-121.96495192950589,37.436624494258076],[-121.97494325712498,37.46964462162447],[-122.01635221536586,37.47790068819487],[-122.04774308973879,37.45313977583943],[-122.03773496427027,37.42012867767779],[-121.99635274590348,37.41186945917288]]]},"properties":{"h3_index":"862834627ffffff","station_count":11,"program_id":"sf_bay","program":"SF Bay","resolution":6,"stations":[{"station_id":"C-3-0","station_name":"San Jose (C-3-0)","lat":37.46023,"lon":-121.9756,"county":"SANTA CLARA","waterbody":"San Francisco Bay"},{"station_id":"BW15","station_name":"Guadalupe River (BW15)","lat":37.426,"lon":-121.98,"county":"SANTA CLARA","waterbody":"San Francisco Bay"},{"station_id":"SOSL16","station_name":"SF Bay RMP - Extreme Lower South Bay SOSL16","lat":37.45758,"lon":-122.04,"county":"SANTA CLARA"},{"station_id":"SOSL40","station_name":"SF Bay RMP - Extreme Lower South Bay SOSL40","lat":37.46212,"lon":-122.022,"county":"SANTA CLARA"},{"station_id":"C-1-3","station_name":"Sunnyvale (C-1-3)","lat":37.43425,"lon":-122.0101,"county":"SANTA CLARA","waterbody":"San Francisco Bay"},{"station_id":"SUWTP","station_name":"City of Sunnyvale-SUWTP","lat":37.42462,"lon":-122.01393,"county":"SANTA CLARA"},{"station_id":"LSB16","station_name":"SF Bay RMP - Lower South Bay LSB16","lat":37.464483,"lon":-122.027128,"county":"ALAMEDA"},{"station_id":"SunnyvaleWWTP","station_name":"City of Sunnyvale Wastewater Treatment Plant","lat":37.419597,"lon":-122.016233,"county":"SANTA CLARA"},{"station_id":"ALVSL","station_name":"Alviso Slough-ALVSL","lat":37.45914,"lon":-122.020323,"county":"SANTA CLARA","waterbody":"San Francisco Bay"},{"station_id":"4ALVS","station_name":"4 - Alviso-4ALVS","lat":37.43828,"lon":-121.99234,"county":"SANTA CLARA"},{"station_id":"2ALVS","station_name":"2 - Alviso-2ALVS","lat":37.44734,"lon":-122.01969,"county":"SANTA CLARA"}]}},{"type":"Feature","geometry":{"type":"Polygon","coordinates":[[[-122.04774308973879,37.45313977583943],[-122.01635221536586,37.47790068819487],[-122.0263604717045,37.51089943403242],[-122.06777639033324,37.51912823063206],[-122.09915725950363,37.49436145881945],[-122.08913223165254,37.461371753347656],[-122.04774308973879,37.45313977583943]]]},"properties":{"h3_index":"86283462fffffff","station_count":88,"program_id":"sf_bay","program":"SF Bay","resolution":6,"stations":[{"station_id":"BA10","station_name":"Coyote Creek (BA10)","lat":37.468239,"lon":-122.063973,"county":"ALAMEDA","waterbody":"San Francisco Bay"},{"station_id":"LSB028W","station_name":"Lower South Bay (LSB028W)","lat":37.492265,"lon":-122.089414,"county":"ALAMEDA","waterbody":"San Francisco Bay"},{"station_id":"LSB032W","station_name":"Lower South Bay (LSB032W)","lat":37.486323,"lon":-122.088184,"county":"ALAMEDA","waterbody":"San Francisco Bay"},{"station_id":"BA21","station_name":"South Bay (BA21)","lat":37.493,"lon":-122.086,"county":"ALAMEDA","waterbody":"San Francisco Bay"},{"station_id":"LSB01","station_name":"SF Bay RMP - Lower South Bay LSB01","lat":37.49878,"lon":-122.082,"county":"ALAMEDA"},{"station_id":"BA20","station_name":"South Bay (BA20)","lat":37.493,"lon":-122.088,"county":"ALAMEDA","waterbody":"San Francisco Bay"},{"station_id":"LSB036W","station_name":"Lower South Bay (LSB036W)","lat":37.488098,"lon":-122.089134,"county":"ALAMEDA","waterbody":"San Francisco Bay"},{"station_id":"LSB016S","station_name":"Lower South Bay (LSB016S)","lat":37.492487,"lon":-122.080614,"county":"ALAMEDA","waterbody":"San Francisco Bay"},{"station_id":"LSB038W","station_name":"Lower South Bay (LSB038W)","lat":37.471181,"lon":-122.068033,"county":"SANTA CLARA","waterbody":"San Francisco Bay"},{"station_id":"LSB040W","station_name":"Lower South Bay (LSB040W)","lat":37.489827,"lon":-122.083304,"county":"ALAMEDA","waterbody":"San Francisco Bay"},{"station_id":"LSB042W","station_name":"Lower South Bay (LSB042W)","lat":37.487165,"lon":-122.080494,"county":"ALAMEDA","waterbody":"San Francisco Bay"},{"station_id":"LSB082S","station_name":"Lower South Bay (LSB082S)","lat":37.476671,"lon":-122.076084,"county":"ALAMEDA","waterbody":"San Francisco Bay"},{"station_id":"LSB002S","station_name":"Lower South Bay (LSB002S)","lat":37.479127,"lon":-122.077984,"county":"ALAMEDA","waterbody":"San Francisco Bay"},{"station_id":"LSB029S","station_name":"Lower South Bay (LSB029S)","lat":37.491184,"lon":-122.095094,"county":"ALAMEDA","waterbody":"San Francisco Bay"},{"station_id":"LSB030S","station_name":"Lower South Bay (LSB030S)","lat":37.474656,"lon":-122.067944,"county":"ALAMEDA","waterbody":"San Francisco Bay"},{"station_id":"LSB004S","station_name":"Lower South Bay (LSB004S)","lat":37.494429,"lon":-122.085204,"county":"ALAMEDA","waterbody":"San Francisco Bay"},{"station_id":"LSB034S","station_name":"Lower South Bay (LSB034S)","lat":37.479308,"lon":-122.080844,"county":"ALAMEDA","waterbody":"San Francisco Bay"},{"station_id":"LSB036S","station_name":"Lower South Bay (LSB036S)","lat":37.480421,"lon":-122.088864,"county":"SAN MATEO","waterbody":"San Francisco Bay"},{"station_id":"LSB040S","station_name":"Lower South Bay (LSB040S)","lat":37.485716,"lon":-122.082094,"county":"ALAMEDA","waterbody":"San Francisco Bay"},{"station_id":"LSB002W","station_name":"Lower South Bay (LSB002W)","lat":37.481996,"lon":-122.078894,"county":"ALAMEDA","waterbody":"San Francisco Bay"},{"station_id":"LSB04","station_name":"SF Bay RMP - Lower South Bay LSB04","lat":37.48641,"lon":-122.069,"county":"ALAMEDA"},{"station_id":"LSB013W","station_name":"Lower South Bay (LSB013W)","lat":37.494749,"lon":-122.095204,"county":"SAN MATEO","waterbody":"San Francisco Bay"},{"station_id":"LSB014W","station_name":"Lower South Bay (LSB014W)","lat":37.474005,"lon":-122.072614,"county":"SANTA CLARA","waterbody":"San Francisco Bay"},{"station_id":"LSB016W","station_name":"Lower South Bay (LSB016W)","lat":37.492906,"lon":-122.084844,"county":"ALAMEDA","waterbody":"San Francisco Bay"},{"station_id":"LSB018S","station_name":"Lower South Bay (LSB018S)","lat":37.470737,"lon":-122.085504,"county":"SANTA CLARA","waterbody":"San Francisco Bay"},{"station_id":"LSB020W","station_name":"Lower South Bay (LSB020W)","lat":37.493975,"lon":-122.087984,"county":"ALAMEDA","waterbody":"San Francisco Bay"},{"station_id":"LSB021W","station_name":"Lower South Bay (LSB021W)","lat":37.494027,"lon":-122.092344,"county":"ALAMEDA","waterbody":"San Francisco Bay"},{"station_id":"LSB024W","station_name":"Lower South Bay (LSB024W)","lat":37.485985,"lon":-122.081724,"county":"ALAMEDA","waterbody":"San Francisco Bay"},{"station_id":"LSB026W","station_name":"Lower South Bay (LSB026W)","lat":37.481431,"lon":-122.082054,"county":"ALAMEDA","waterbody":"San Francisco Bay"},{"station_id":"LSB032S","station_name":"Lower South Bay (LSB032S)","lat":37.485204,"lon":-122.086084,"county":"ALAMEDA","waterbody":"San Francisco Bay"},{"station_id":"LSB044W","station_name":"Lower South Bay (LSB044W)","lat":37.492191,"lon":-122.092254,"county":"ALAMEDA","waterbody":"San Francisco Bay"},{"station_id":"LSB072S","station_name":"Lower South Bay (LSB072S)","lat":37.49253,"lon":-122.07897,"county":"ALAMEDA"},{"station_id":"LSB140S","station_name":"Lower South Bay (LSB140S)","lat":37.48423,"lon":-122.07958,"county":"ALAMEDA"},{"station_id":"LSB054W","station_name":"Lower South Bay (LSB054W)","lat":37.468217,"lon":-122.064173,"county":"ALAMEDA","waterbody":"San Francisco Bay"},{"station_id":"LSB058S","station_name":"Lower South Bay (LSB058S)","lat":37.48138,"lon":-122.08476,"county":"ALAMEDA"},{"station_id":"LSB056S","station_name":"Lower South Bay (LSB056S)","lat":37.491871,"lon":-122.076674,"county":"ALAMEDA"},{"station_id":"LSB022S","station_name":"Lower South Bay (LSB022S)","lat":37.467035,"lon":-122.061743,"county":"ALAMEDA","waterbody":"San Francisco Bay"},{"station_id":"LSB024S","station_name":"Lower South Bay (LSB024S)","lat":37.48815,"lon":-122.077234,"county":"ALAMEDA","waterbody":"San Francisco Bay"},{"station_id":"LSB004W","station_name":"Lower South Bay (LSB004W)","lat":37.486632,"lon":-122.090124,"county":"ALAMEDA","waterbody":"San Francisco Bay"},{"station_id":"LSB005S","station_name":"Lower South Bay (LSB005S)","lat":37.49532,"lon":-122.091174,"county":"ALAMEDA","waterbody":"San Francisco Bay"},{"station_id":"LSB008W","station_name":"Lower South Bay (LSB008W)","lat":37.48827,"lon":-122.083024,"county":"ALAMEDA","waterbody":"San Francisco Bay"},{"station_id":"LSB030W","station_name":"Lower South Bay (LSB030W)","lat":37.474481,"lon":-122.068484,"county":"SANTA CLARA","waterbody":"San Francisco Bay"},{"station_id":"LSB037S","station_name":"Lower South Bay (LSB037S)","lat":37.48939,"lon":-122.094774,"county":"ALAMEDA","waterbody":"San Francisco Bay"},{"station_id":"LSB038S","station_name":"Lower South Bay (LSB038S)","lat":37.472575,"lon":-122.066884,"county":"ALAMEDA","waterbody":"San Francisco Bay"},{"station_id":"LSB050W","station_name":"Lower South Bay (LSB050W)","lat":37.480381,"lon":-122.077304,"county":"ALAMEDA","waterbody":"San Francisco Bay"},{"station_id":"LSB044S","station_name":"Lower South Bay (LSB044S)","lat":37.487095,"lon":-122.092755,"county":"ALAMEDA","waterbody":"San Francisco Bay"},{"station_id":"LSB112S","station_name":"Lower South Bay (LSB112S)","lat":37.490017,"lon":-122.083893,"county":"ALAMEDA","waterbody":"San Francisco Bay"},{"station_id":"LSB006W","station_name":"Lower South Bay (LSB006W)","lat":37.471908,"lon":-122.064824,"county":"ALAMEDA","waterbody":"San Francisco Bay"},{"station_id":"LSB052W","station_name":"Lower South Bay (LSB052W)","lat":37.47808,"lon":-122.091004,"county":"ALAMEDA","waterbody":"San Francisco Bay"},{"station_id":"LSB010S","station_name":"Lower South Bay (LSB010S)","lat":37.471388,"lon":-122.090134,"county":"SAN MATEO","waterbody":"San Francisco Bay"},{"station_id":"LSB010W","station_name":"Lower South Bay (LSB010W)","lat":37.487488,"lon":-122.079514,"county":"ALAMEDA","waterbody":"San Francisco Bay"},{"station_id":"LSB046S","station_name":"Lower South Bay (LSB046S)","lat":37.47332,"lon":-122.07771,"county":"SANTA CLARA"},{"station_id":"LSB020S","station_name":"Lower South Bay (LSB020S)","lat":37.487776,"lon":-122.087054,"county":"ALAMEDA","waterbody":"San Francisco Bay"},{"station_id":"LSB076W","station_name":"Lower South Bay (LSB076W)","lat":37.494502,"lon":-122.086024,"county":"ALAMEDA"},{"station_id":"LSB048S","station_name":"Lower South Bay (LSB048S)","lat":37.487136,"lon":-122.084654,"county":"ALAMEDA"},{"station_id":"LSB018W","station_name":"Lower South Bay (LSB018W)","lat":37.47983,"lon":-122.075794,"county":"ALAMEDA","waterbody":"San Francisco Bay"},{"station_id":"LSB022W","station_name":"Lower South Bay (LSB022W)","lat":37.465913,"lon":-122.065013,"county":"SANTA CLARA","waterbody":"San Francisco Bay"},{"station_id":"LSB053W","station_name":"Lower South Bay (LSB053W)","lat":37.492593,"lon":-122.093724,"county":"ALAMEDA","waterbody":"San Francisco Bay"},{"station_id":"LSB070S","station_name":"Lower South Bay (LSB070S)","lat":37.46953,"lon":-122.06247,"county":"ALAMEDA","waterbody":"San Francisco Bay"},{"station_id":"LSB075W","station_name":"Lower South Bay (LSB075W)","lat":37.478564,"lon":-122.075084,"county":"ALAMEDA"},{"station_id":"LSB049S","station_name":"Lower South Bay (LSB049S)","lat":37.495634,"lon":-122.095754,"county":"ALAMEDA"},{"station_id":"LSB005W","station_name":"Lower South Bay (LSB005W)","lat":37.490768,"lon":-122.096374,"county":"SAN MATEO","waterbody":"San Francisco Bay"},{"station_id":"LSB008S","station_name":"Lower South Bay (LSB008S)","lat":37.485095,"lon":-122.081614,"county":"ALAMEDA","waterbody":"San Francisco Bay"},{"station_id":"LSB017S","station_name":"Lower South Bay (LSB017S)","lat":37.495849,"lon":-122.092014,"county":"ALAMEDA","waterbody":"San Francisco Bay"},{"station_id":"LSB026S","station_name":"Lower South Bay (LSB026S)","lat":37.481288,"lon":-122.080584,"county":"ALAMEDA","waterbody":"San Francisco Bay"},{"station_id":"LSB08","station_name":"SF Bay RMP - Lower South Bay LSB08","lat":37.48103,"lon":-122.062,"county":"ALAMEDA"},{"station_id":"LSB062W","station_name":"Lower South Bay (LSB062W)","lat":37.473662,"lon":-122.069374,"county":"ALAMEDA"},{"station_id":"LSB089W","station_name":"Lower South Bay (LSB089W)","lat":37.494657,"lon":-122.096684},{"station_id":"LSB006S","station_name":"Lower South Bay (LSB006S)","lat":37.470672,"lon":-122.065624,"county":"ALAMEDA","waterbody":"San Francisco Bay"},{"station_id":"LSB046W","station_name":"Lower South Bay (LSB046W)","lat":37.477746,"lon":-122.072854,"county":"ALAMEDA","waterbody":"San Francisco Bay"},{"station_id":"LSB014S","station_name":"Lower South Bay (LSB014S)","lat":37.475249,"lon":-122.070144,"county":"ALAMEDA","waterbody":"San Francisco Bay"},{"station_id":"LSB060W","station_name":"Lower South Bay (LSB060W)","lat":37.487823,"lon":-122.094874,"county":"ALAMEDA","waterbody":"San Francisco Bay"},{"station_id":"LSB069W","station_name":"Lower South Bay (LSB069W)","lat":37.489296,"lon":-122.081184,"county":"ALAMEDA"},{"station_id":"LSB087W","station_name":"Lower South Bay (LSB087W)","lat":37.48529,"lon":-122.079824},{"station_id":"LSB14","station_name":"SF Bay RMP - Lower South Bay LSB14","lat":37.480133,"lon":-122.078092,"county":"ALAMEDA"},{"station_id":"LSB056W","station_name":"Lower South Bay (LSB056W)","lat":37.484831,"lon":-122.086134,"county":"ALAMEDA","waterbody":"San Francisco Bay"},{"station_id":"LSB034W","station_name":"Lower South Bay (LSB034W)","lat":37.481108,"lon":-122.080754,"county":"ALAMEDA","waterbody":"San Francisco Bay"},{"station_id":"LSB066W","station_name":"Lower South Bay (LSB066W)","lat":37.485205,"lon":-122.089014,"county":"ALAMEDA"},{"station_id":"LSB050S","station_name":"Lower South Bay (LSB050S)","lat":37.478496,"lon":-122.076254,"county":"ALAMEDA"},{"station_id":"LSB088W","station_name":"Lower South Bay (LSB088W)","lat":37.494134,"lon":-122.089384},{"station_id":"LSB064W","station_name":"Lower South Bay (LSB064W)","lat":37.489024,"lon":-122.085894,"county":"ALAMEDA"},{"station_id":"LSB061W","station_name":"Lower South Bay (LSB061W)","lat":37.495781,"lon":-122.093414,"county":"ALAMEDA"},{"station_id":"LSB048W","station_name":"Lower South Bay (LSB048W)","lat":37.488848,"lon":-122.088494,"county":"ALAMEDA","waterbody":"San Francisco Bay"},{"station_id":"LSB15","station_name":"SF Bay RMP - Lower South Bay LSB15","lat":37.461363,"lon":-122.084458,"county":"SANTA CLARA"},{"station_id":"LSB067W","station_name":"Lower South Bay (LSB067W)","lat":37.469597,"lon":-122.065674,"county":"ALAMEDA"},{"station_id":"LSB072W","station_name":"Lower South Bay (LSB072W)","lat":37.475751,"lon":-122.070584,"county":"ALAMEDA"},{"station_id":"LSB077W","station_name":"Lower South Bay (LSB077W)","lat":37.469036,"lon":-122.060053,"county":"ALAMEDA"},{"station_id":"LSB073W","station_name":"Lower South Bay (LSB073W)","lat":37.491952,"lon":-122.08387,"county":"ALAMEDA"}]}},{"type":"Feature","geometry":{"type":"Polygon","coordinates":[[[-121.92354999630156,37.42834118609436],[-121.89211268130981,37.45308111571903],[-121.90208714982566,37.486110239019816],[-121.94351580880381,37.49439044028033],[-121.97494325712498,37.46964462162447],[-121.96495192950589,37.436624494258076],[-121.92354999630156,37.42834118609436]]]},"properties":{"h3_index":"862834637ffffff","station_count":1,"program_id":"sf_bay","program":"SF Bay","resolution":6,"stations":[{"station_id":"BW10","station_name":"Standish Dam (BW10)","lat":37.45167,"lon":-121.9215,"county":"SANTA CLARA","waterbody":"San Francisco Bay"}]}},{"type":"Feature","geometry":{"type":"Polygon","coordinates":[[[-122.15059518891331,37.53553443400151],[-122.11922438815968,37.56030704741815],[-122.12926649742715,37.59326289232338],[-122.17069614238164,37.6014370648739],[-122.20205681146872,37.5766586277464],[-122.19199798373215,37.543711845241205],[-122.15059518891331,37.53553443400151]]]},"properties":{"h3_index":"862834647ffffff","station_count":20,"program_id":"sf_bay","program":"SF Bay","resolution":6,"stations":[{"station_id":"SB052","station_name":"SF Bay RMP - South Bay SB052","lat":37.56483,"lon":-122.143,"county":"ALAMEDA"},{"station_id":"SB056","station_name":"SF Bay RMP - South Bay SB056","lat":37.56052,"lon":-122.131,"county":"ALAMEDA"},{"station_id":"SB046W","station_name":"South Bay (SB046W)","lat":37.57598,"lon":-122.177286,"county":"SAN MATEO","waterbody":"San Francisco Bay"},{"station_id":"SB030S","station_name":"South Bay (SB030S)","lat":37.541405,"lon":-122.158376,"county":"SAN MATEO","waterbody":"San Francisco Bay"},{"station_id":"SB068","station_name":"SF Bay RMP - South Bay SB068","lat":37.57956,"lon":-122.154,"county":"ALAMEDA"},{"station_id":"SB018S","station_name":"South Bay (SB018S)","lat":37.554592,"lon":-122.180306,"county":"SAN MATEO","waterbody":"San Francisco Bay"},{"station_id":"200PPCPFC","station_name":"PPCP - Foster City","lat":37.5949,"lon":-122.14645,"county":"ALAMEDA"},{"station_id":"SB062W","station_name":"South Bay (SB062W)","lat":37.54092,"lon":-122.1682,"county":"SAN MATEO","waterbody":"San Francisco Bay"},{"station_id":"SB058S","station_name":"South Bay (SB058S)","lat":37.562621,"lon":-122.195557,"county":"SAN MATEO"},{"station_id":"SB038W","station_name":"South Bay (SB038W)","lat":37.539995,"lon":-122.162736,"county":"SAN MATEO","waterbody":"San Francisco Bay"},{"station_id":"SB114S","station_name":"South Bay (SB114S)","lat":37.57972,"lon":-122.16817,"county":"ALAMEDA","waterbody":"San Francisco Bay"},{"station_id":"SB110S","station_name":"South Bay (SB110S)","lat":37.54745,"lon":-122.17317,"county":"SAN MATEO"},{"station_id":"SB051S","station_name":"South Bay (SB051S)","lat":37.578395,"lon":-122.173646,"county":"ALAMEDA"},{"station_id":"SB026S","station_name":"South Bay (SB026S)","lat":37.553075,"lon":-122.193057,"county":"SAN MATEO","waterbody":"San Francisco Bay"},{"station_id":"SB030W","station_name":"South Bay (SB030W)","lat":37.555758,"lon":-122.165976,"county":"SAN MATEO","waterbody":"San Francisco Bay"},{"station_id":"SB050W","station_name":"South Bay (SB050W)","lat":37.564636,"lon":-122.188707,"county":"SAN MATEO","waterbody":"San Francisco Bay"},{"station_id":"SB072","station_name":"SF Bay RMP - South Bay SB072","lat":37.57219,"lon":-122.146,"county":"ALAMEDA"},{"station_id":"SB063","station_name":"SF Bay RMP - South Bay SB063","lat":37.57521,"lon":-122.151,"county":"ALAMEDA"},{"station_id":"SB046S","station_name":"South Bay (SB046S)","lat":37.568033,"lon":-122.164676,"county":"ALAMEDA"},{"station_id":"SB014W","station_name":"South Bay (SB014W)","lat":37.565038,"lon":-122.169446,"county":"SAN MATEO","waterbody":"San Francisco Bay"}]}},{"type":"Feature","geometry":{"type":"Polygon","coordinates":[[[-122.20205681146872,37.5766586277464],[-122.17069614238164,37.6014370648739],[-122.18075517567938,37.63437139080792],[-122.2221915863209,37.64251820979243],[-122.25354206045643,37.617733966887165],[-122.2434663353959,37.58480871422642],[-122.20205681146872,37.5766586277464]]]},"properties":{"h3_index":"86283464fffffff","station_count":32,"program_id":"sf_bay","program":"SF Bay","resolution":6,"stations":[{"station_id":"SB004S","station_name":"South Bay (SB004S)","lat":37.600665,"lon":-122.218508,"county":"SAN MATEO","waterbody":"San Francisco Bay"},{"station_id":"SB029S","station_name":"South Bay (SB029S)","lat":37.622282,"lon":-122.238708,"county":"SAN MATEO","waterbody":"San Francisco Bay"},{"station_id":"SB034S","station_name":"South Bay (SB034S)","lat":37.59547,"lon":-122.186197,"county":"ALAMEDA","waterbody":"San Francisco Bay"},{"station_id":"SB016W","station_name":"South Bay (SB016W)","lat":37.608048,"lon":-122.209007,"county":"SAN MATEO","waterbody":"San Francisco Bay"},{"station_id":"SB018W","station_name":"South Bay (SB018W)","lat":37.596282,"lon":-122.179497,"county":"ALAMEDA","waterbody":"San Francisco Bay"},{"station_id":"SB020S","station_name":"South Bay (SB020S)","lat":37.585502,"lon":-122.214537,"county":"SAN MATEO","waterbody":"San Francisco Bay"},{"station_id":"SB020W","station_name":"South Bay (SB020W)","lat":37.588418,"lon":-122.230078,"county":"SAN MATEO","waterbody":"San Francisco Bay"},{"station_id":"SB026W","station_name":"South Bay (SB026W)","lat":37.586567,"lon":-122.198537,"county":"SAN MATEO","waterbody":"San Francisco Bay"},{"station_id":"SB021S","station_name":"South Bay (SB021S)","lat":37.631896,"lon":-122.215068,"county":"ALAMEDA","waterbody":"San Francisco Bay"},{"station_id":"SB034W","station_name":"South Bay (SB034W)","lat":37.59545,"lon":-122.193807,"county":"ALAMEDA","waterbody":"San Francisco Bay"},{"station_id":"SB040S","station_name":"South Bay (SB040S)","lat":37.619209,"lon":-122.188627,"county":"ALAMEDA","waterbody":"San Francisco Bay"},{"station_id":"SB061S","station_name":"South Bay (SB061S)","lat":37.627955,"lon":-122.235738,"county":"SAN MATEO","waterbody":"San Francisco Bay"},{"station_id":"SB106S","station_name":"South Bay (SB106S)","lat":37.586106,"lon":-122.190797,"county":"SAN MATEO","waterbody":"San Francisco Bay"},{"station_id":"SB042S","station_name":"South Bay (SB042S)","lat":37.58997,"lon":-122.19477,"county":"ALAMEDA","waterbody":"San Francisco Bay"},{"station_id":"SB032W","station_name":"South Bay (SB032W)","lat":37.617859,"lon":-122.199407,"county":"ALAMEDA","waterbody":"San Francisco Bay"},{"station_id":"SB005W","station_name":"South Bay (SB005W)","lat":37.607606,"lon":-122.245668,"county":"SAN MATEO","waterbody":"San Francisco Bay"},{"station_id":"SB008W","station_name":"South Bay (SB008W)","lat":37.599769,"lon":-122.205787,"county":"SAN MATEO","waterbody":"San Francisco Bay"},{"station_id":"SB060S","station_name":"South Bay (SB060S)","lat":37.588834,"lon":-122.240128,"county":"SAN MATEO","waterbody":"San Francisco Bay"},{"station_id":"SB004W","station_name":"South Bay (SB004W)","lat":37.600694,"lon":-122.233778,"county":"SAN MATEO","waterbody":"San Francisco Bay"},{"station_id":"SB013S","station_name":"South Bay (SB013S)","lat":37.62254,"lon":-122.246639,"county":"SAN MATEO","waterbody":"San Francisco Bay"},{"station_id":"SB024W","station_name":"South Bay (SB024W)","lat":37.603157,"lon":-122.187137,"county":"ALAMEDA","waterbody":"San Francisco Bay"},{"station_id":"SB028W","station_name":"South Bay (SB028W)","lat":37.635702,"lon":-122.199777,"county":"ALAMEDA","waterbody":"San Francisco Bay"},{"station_id":"SB053W","station_name":"South Bay (SB053W)","lat":37.615209,"lon":-122.229658,"county":"SAN MATEO","waterbody":"San Francisco Bay"},{"station_id":"SB008S","station_name":"South Bay (SB008S)","lat":37.612902,"lon":-122.184997,"county":"ALAMEDA","waterbody":"San Francisco Bay"},{"station_id":"SB028S","station_name":"South Bay (SB028S)","lat":37.587934,"lon":-122.234758,"county":"SAN MATEO","waterbody":"San Francisco Bay"},{"station_id":"SB064W","station_name":"South Bay (SB064W)","lat":37.613303,"lon":-122.201567,"county":"ALAMEDA","waterbody":"San Francisco Bay"},{"station_id":"SB065W","station_name":"South Bay (SB065W)","lat":37.620139,"lon":-122.233078,"county":"SAN MATEO","waterbody":"San Francisco Bay"},{"station_id":"SB060W","station_name":"South Bay (SB060W)","lat":37.61798,"lon":-122.21758,"county":"ALAMEDA","waterbody":"San Francisco Bay"},{"station_id":"SB081W","station_name":"South Bay (SB081W)","lat":37.626147,"lon":-122.241579},{"station_id":"SB076W","station_name":"South Bay (SB076W)","lat":37.617652,"lon":-122.204857,"county":"ALAMEDA"},{"station_id":"SB068W","station_name":"South Bay (SB068W)","lat":37.599468,"lon":-122.196677,"county":"SAN MATEO"},{"station_id":"SB072W","station_name":"South Bay (SB072W)","lat":37.629771,"lon":-122.213848,"county":"ALAMEDA"}]}},{"type":"Feature","geometry":{"type":"Polygon","coordinates":[[[-122.12926649742715,37.59326289232338],[-122.09786902883387,37.61802627166178],[-122.10791130864443,37.65096963803131],[-122.14936782702281,37.65914058810306],[-122.18075517567938,37.63437139080792],[-122.17069614238164,37.6014370648739],[-122.12926649742715,37.59326289232338]]]},"properties":{"h3_index":"86283465fffffff","station_count":6,"program_id":"sf_bay","program":"SF Bay","resolution":6,"stations":[{"station_id":"SB065","station_name":"SF Bay RMP - South Bay SB065","lat":37.63627,"lon":-122.163,"county":"ALAMEDA"},{"station_id":"SB075","station_name":"SF Bay RMP - South Bay SB075","lat":37.60993,"lon":-122.158,"county":"ALAMEDA"},{"station_id":"SB002S","station_name":"South Bay (SB002S)","lat":37.610194,"lon":-122.167376,"county":"ALAMEDA","waterbody":"San Francisco Bay"},{"station_id":"SB059","station_name":"SF Bay RMP - South Bay SB059","lat":37.62435,"lon":-122.152,"county":"ALAMEDA"},{"station_id":"SB055","station_name":"SF Bay RMP - South Bay SB055","lat":37.63322,"lon":-122.156,"county":"ALAMEDA"},{"station_id":"Z4LA_Cabot","station_name":"Zone 4 Line A at Cabot Blvd","lat":37.645334,"lon":-122.137409,"county":"ALAMEDA"}]}},{"type":"Feature","geometry":{"type":"Polygon","coordinates":[[[-122.17189742648847,37.4777843924776],[-122.14055326027642,37.50256616715391],[-122.15059518891331,37.53553443400151],[-122.19199798373215,37.543711845241205],[-122.22333200662317,37.518924241019334],[-122.21327339445757,37.48596505855111],[-122.17189742648847,37.4777843924776]]]},"properties":{"h3_index":"862834667ffffff","station_count":14,"program_id":"sf_bay","program":"SF Bay","resolution":6,"stations":[{"station_id":"SB058","station_name":"SF Bay RMP - South Bay SB058","lat":37.49833,"lon":-122.161,"county":"SAN MATEO"},{"station_id":"SB066","station_name":"SF Bay RMP - South Bay SB066","lat":37.53822,"lon":-122.197,"county":"SAN MATEO"},{"station_id":"SB038S","station_name":"South Bay (SB038S)","lat":37.53256,"lon":-122.161766,"county":"SAN MATEO","waterbody":"San Francisco Bay"},{"station_id":"SB054","station_name":"SF Bay RMP - South Bay SB054","lat":37.5128,"lon":-122.18,"county":"SAN MATEO"},{"station_id":"SB006S","station_name":"South Bay (SB006S)","lat":37.514734,"lon":-122.151875,"county":"SAN MATEO","waterbody":"San Francisco Bay"},{"station_id":"SB006W","station_name":"South Bay (SB006W)","lat":37.530225,"lon":-122.153836,"county":"SAN MATEO","waterbody":"San Francisco Bay"},{"station_id":"SB014S","station_name":"South Bay (SB014S)","lat":37.53787,"lon":-122.174126,"county":"SAN MATEO","waterbody":"San Francisco Bay"},{"station_id":"SB102S","station_name":"South Bay (SB102S)","lat":37.52765,"lon":-122.14828,"county":"SAN MATEO","waterbody":"San Francisco Bay"},{"station_id":"SB070","station_name":"SF Bay RMP - South Bay SB070","lat":37.5079,"lon":-122.154,"county":"SAN MATEO"},{"station_id":"SB074","station_name":"SF Bay RMP - South Bay SB074","lat":37.52771,"lon":-122.184,"county":"SAN MATEO"},{"station_id":"SB082W","station_name":"South Bay (SB082W)","lat":37.537817,"lon":-122.167306},{"station_id":"SB066W","station_name":"South Bay (SB066W)","lat":37.52538,"lon":-122.152035,"county":"SAN MATEO","waterbody":"San Francisco Bay"},{"station_id":"61OTH","station_name":"EMBAYSITE-061 (S Bay off Menlo Park)-61OTH","lat":37.50187,"lon":-122.1653,"county":"SAN MATEO"},{"station_id":"SB074W","station_name":"South Bay (SB074W)","lat":37.537229,"lon":-122.175936,"county":"SAN MATEO"}]}},{"type":"Feature","geometry":{"type":"Polygon","coordinates":[[[-122.22333200662317,37.518924241019334],[-122.19199798373215,37.543711845241205],[-122.20205681146872,37.5766586277464],[-122.2434663353959,37.58480871422642],[-122.27479015180234,37.560015298456165],[-122.26471466723686,37.527077611191366],[-122.22333200662317,37.518924241019334]]]},"properties":{"h3_index":"86283466fffffff","station_count":19,"program_id":"sf_bay","program":"SF Bay","resolution":6,"stations":[{"station_id":"BA40","station_name":"Redwood Creek (BA40)","lat":37.559,"lon":-122.209,"county":"SAN MATEO","waterbody":"San Francisco Bay"},{"station_id":"BA41","station_name":"Redwood Creek (BA41)","lat":37.559035,"lon":-122.210577,"county":"SAN MATEO","waterbody":"San Francisco Bay"},{"station_id":"SB036S","station_name":"South Bay (SB036S)","lat":37.579608,"lon":-122.229798,"county":"SAN MATEO","waterbody":"San Francisco Bay"},{"station_id":"SB077","station_name":"SF Bay RMP - South Bay SB077","lat":37.54515,"lon":-122.222,"county":"SAN MATEO"},{"station_id":"SB040W","station_name":"South Bay (SB040W)","lat":37.579915,"lon":-122.222408,"county":"SAN MATEO","waterbody":"San Francisco Bay"},{"station_id":"SB042W","station_name":"South Bay (SB042W)","lat":37.567788,"lon":-122.236038,"county":"SAN MATEO","waterbody":"San Francisco Bay"},{"station_id":"SB057","station_name":"SF Bay RMP - South Bay SB057","lat":37.55418,"lon":-122.245,"county":"SAN MATEO"},{"station_id":"SB061","station_name":"SF Bay RMP - South Bay SB061","lat":37.54806,"lon":-122.216,"county":"SAN MATEO"},{"station_id":"SB067","station_name":"SF Bay RMP - South Bay SB067","lat":37.57043,"lon":-122.256,"county":"SAN MATEO"},{"station_id":"SB024S","station_name":"South Bay (SB024S)","lat":37.562484,"lon":-122.226007,"county":"SAN MATEO","waterbody":"San Francisco Bay"},{"station_id":"SB002W","station_name":"South Bay (SB002W)","lat":37.561586,"lon":-122.199797,"county":"SAN MATEO","waterbody":"San Francisco Bay"},{"station_id":"SB010W","station_name":"South Bay (SB010W)","lat":37.562757,"lon":-122.227157,"county":"SAN MATEO","waterbody":"San Francisco Bay"},{"station_id":"SB010S","station_name":"South Bay (SB010S)","lat":37.562362,"lon":-122.210907,"county":"SAN MATEO","waterbody":"San Francisco Bay"},{"station_id":"SB048W","station_name":"South Bay (SB048W)","lat":37.577658,"lon":-122.228808,"county":"SAN MATEO","waterbody":"San Francisco Bay"},{"station_id":"SB058W","station_name":"South Bay (SB058W)","lat":37.56693,"lon":-122.2185,"county":"SAN MATEO","waterbody":"San Francisco Bay"},{"station_id":"SB070W","station_name":"South Bay (SB070W)","lat":37.578924,"lon":-122.219307,"county":"SAN MATEO"},{"station_id":"SB13","station_name":"SF Bay RMP - South Bay SB13","lat":37.570067,"lon":-122.21285,"county":"SAN MATEO"},{"station_id":"29BIR","station_name":"29 - Bair-29BIR","lat":37.53267,"lon":-122.2321,"county":"SAN MATEO"},{"station_id":"200PPCPEL","station_name":"PPCP - Eden Landing","lat":37.5644,"lon":-122.249717,"county":"SAN MATEO"}]}},{"type":"Feature","geometry":{"type":"Polygon","coordinates":[[[-122.09915725950363,37.49436145881945],[-122.06777639033324,37.51912823063206],[-122.07780157391784,37.55210554891052],[-122.11922438815968,37.56030704741815],[-122.15059518891331,37.53553443400151],[-122.14055326027642,37.50256616715391],[-122.09915725950363,37.49436145881945]]]},"properties":{"h3_index":"862834677ffffff","station_count":24,"program_id":"sf_bay","program":"SF Bay","resolution":6,"stations":[{"station_id":"LSB035S","station_name":"Lower South Bay (LSB035S)","lat":37.500251,"lon":-122.114575,"county":"SAN MATEO","waterbody":"San Francisco Bay"},{"station_id":"BA30","station_name":"Dumbarton Bridge (BA30)","lat":37.51375,"lon":-122.134617,"county":"SAN MATEO","waterbody":"San Francisco Bay"},{"station_id":"SB064","station_name":"SF Bay RMP - South Bay SB064","lat":37.51172,"lon":-122.12,"county":"ALAMEDA"},{"station_id":"LSB011S","station_name":"Lower South Bay (LSB011S)","lat":37.503671,"lon":-122.118735,"county":"SAN MATEO","waterbody":"San Francisco Bay"},{"station_id":"LSB033W","station_name":"Lower South Bay (LSB033W)","lat":37.495963,"lon":-122.099974,"county":"ALAMEDA","waterbody":"San Francisco Bay"},{"station_id":"LSB075S","station_name":"Lower South Bay (LSB075S)","lat":37.500528,"lon":-122.118215,"county":"SAN MATEO","waterbody":"San Francisco Bay"},{"station_id":"SB054W","station_name":"South Bay (SB054W)","lat":37.523146,"lon":-122.137815,"county":"SAN MATEO","waterbody":"San Francisco Bay"},{"station_id":"LSB05","station_name":"SF Bay RMP - Lower South Bay LSB05","lat":37.49763,"lon":-122.101,"county":"ALAMEDA"},{"station_id":"SB076","station_name":"SF Bay RMP - South Bay SB076","lat":37.5443,"lon":-122.119,"county":"ALAMEDA"},{"station_id":"LSB015W","station_name":"Lower South Bay (LSB015W)","lat":37.497723,"lon":-122.111405,"county":"ALAMEDA","waterbody":"San Francisco Bay"},{"station_id":"SB022S","station_name":"South Bay (SB022S)","lat":37.511879,"lon":-122.128025,"county":"SAN MATEO","waterbody":"San Francisco Bay"},{"station_id":"LSB027W","station_name":"Lower South Bay (LSB027W)","lat":37.504183,"lon":-122.116465,"county":"SAN MATEO","waterbody":"San Francisco Bay"},{"station_id":"LSB121S","station_name":"Lower South Bay (LSB121S)","lat":37.49452,"lon":-122.09932,"county":"ALAMEDA","waterbody":"San Francisco Bay"},{"station_id":"LSB027S","station_name":"Lower South Bay (LSB027S)","lat":37.501002,"lon":-122.115705,"county":"SAN MATEO","waterbody":"San Francisco Bay"},{"station_id":"SB060","station_name":"SF Bay RMP - South Bay SB060","lat":37.53192,"lon":-122.119,"county":"ALAMEDA"},{"station_id":"LSB003W","station_name":"Lower South Bay (LSB003W)","lat":37.502067,"lon":-122.113165,"county":"ALAMEDA","waterbody":"San Francisco Bay"},{"station_id":"LSB035W","station_name":"Lower South Bay (LSB035W)","lat":37.50246,"lon":-122.116725,"county":"SAN MATEO","waterbody":"San Francisco Bay"},{"station_id":"LSB043W","station_name":"Lower South Bay (LSB043W)","lat":37.502968,"lon":-122.122015,"county":"SAN MATEO","waterbody":"San Francisco Bay"},{"station_id":"SB022W","station_name":"South Bay (SB022W)","lat":37.51879,"lon":-122.133615,"county":"SAN MATEO","waterbody":"San Francisco Bay"},{"station_id":"LSB011W","station_name":"Lower South Bay (LSB011W)","lat":37.50395,"lon":-122.119375,"county":"SAN MATEO","waterbody":"San Francisco Bay"},{"station_id":"LSB009W","station_name":"Lower South Bay (LSB009W)","lat":37.495909,"lon":-122.105935,"county":"ALAMEDA","waterbody":"San Francisco Bay"},{"station_id":"LSB019S","station_name":"Lower South Bay (LSB019S)","lat":37.499462,"lon":-122.111455,"county":"SAN MATEO","waterbody":"San Francisco Bay"},{"station_id":"LSB019W","station_name":"Lower South Bay (LSB019W)","lat":37.500628,"lon":-122.112315,"county":"ALAMEDA","waterbody":"San Francisco Bay"},{"station_id":"LSB057W","station_name":"Lower South Bay (LSB057W)","lat":37.495815,"lon":-122.104284,"county":"ALAMEDA","waterbody":"San Francisco Bay"}]}},{"type":"Feature","geometry":{"type":"Polygon","coordinates":[[[-121.89364380008614,37.32918322358608],[-121.86222328902491,37.35392645085226],[-121.87218075514087,37.3869892023219],[-121.91357559878642,37.395299723445305],[-121.94498629406765,37.37055058340328],[-121.93501197779787,37.33749683852892],[-121.89364380008614,37.32918322358608]]]},"properties":{"h3_index":"862834717ffffff","station_count":2,"program_id":"sf_bay","program":"SF Bay","resolution":6,"stations":[{"station_id":"GuadalupeR_Hwy101","station_name":"Guadalupe River above Hwy 101 at airport crossing to rental car facility","lat":37.37356,"lon":-121.93283,"county":"SANTA CLARA","waterbody":"San Francisco Bay"},{"station_id":"MMP-Storm-SB-CC","station_name":"Coyote Creek - Charcot Ave - Moore Microplastics","lat":37.385832,"lon":-121.91,"county":"SANTA CLARA"}]}},{"type":"Feature","geometry":{"type":"Polygon","coordinates":[[[-121.94498629406765,37.37055058340328],[-121.91357559878642,37.395299723445305],[-121.92354999630156,37.42834118609436],[-121.96495192950589,37.436624494258076],[-121.99635274590348,37.41186945917288],[-121.9863615243251,37.378837014471735],[-121.94498629406765,37.37055058340328]]]},"properties":{"h3_index":"86283471fffffff","station_count":2,"program_id":"sf_bay","program":"SF Bay","resolution":6,"stations":[{"station_id":"SJSCWWTP","station_name":"San Jose-Santa Clara Regional Wastewater Facility (SJSCWWTP)","lat":37.431633,"lon":-121.948245,"county":"SANTA CLARA"},{"station_id":"NALMA","station_name":"New Almaden (Guadalupe River)-NALMA","lat":37.42267,"lon":-121.97645,"county":"SANTA CLARA"}]}},{"type":"Feature","geometry":{"type":"Polygon","coordinates":[[[-122.0690992277735,37.39535861592466],[-122.03773496427027,37.42012867767779],[-122.04774308973879,37.45313977583943],[-122.08913223165254,37.461371753347656],[-122.12048647805689,37.43659582617424],[-122.11046161602826,37.40359379038198],[-122.0690992277735,37.39535861592466]]]},"properties":{"h3_index":"862834757ffffff","station_count":3,"program_id":"sf_bay","program":"SF Bay","resolution":6,"stations":[{"station_id":"LSB09","station_name":"SF Bay RMP - Lower South Bay LSB09","lat":37.45215,"lon":-122.075,"county":"SANTA CLARA"},{"station_id":"SOSL15","station_name":"SF Bay RMP - Extreme Lower South Bay SOSL15","lat":37.45178,"lon":-122.062,"county":"SANTA CLARA"},{"station_id":"LSB06","station_name":"SF Bay RMP - Lower South Bay LSB06","lat":37.45757,"lon":-122.092,"county":"SANTA CLARA"}]}},{"type":"Feature","geometry":{"type":"Polygon","coordinates":[[[-122.12048647805689,37.43659582617424],[-122.08913223165254,37.461371753347656],[-122.09915725950363,37.49436145881945],[-122.14055326027642,37.50256616715391],[-122.17189742648847,37.4777843924776],[-122.16185568853163,37.44480376042817],[-122.12048647805689,37.43659582617424]]]},"properties":{"h3_index":"86283475fffffff","station_count":49,"program_id":"sf_bay","program":"SF Bay","resolution":6,"stations":[{"station_id":"LSB001S","station_name":"Lower South Bay (LSB001S)","lat":37.491836,"lon":-122.098514,"county":"ALAMEDA","waterbody":"San Francisco Bay"},{"station_id":"LSB003S","station_name":"Lower South Bay (LSB003S)","lat":37.491309,"lon":-122.116435,"county":"SAN MATEO","waterbody":"San Francisco Bay"},{"station_id":"LSB02","station_name":"SF Bay RMP - Lower South Bay LSB02","lat":37.46282,"lon":-122.105,"county":"SANTA CLARA"},{"station_id":"LSB03","station_name":"SF Bay RMP - Lower South Bay LSB03","lat":37.48223,"lon":-122.096,"county":"ALAMEDA"},{"station_id":"LSB10","station_name":"SF Bay RMP - Lower South Bay LSB10","lat":37.47272,"lon":-122.097,"county":"SANTA CLARA"},{"station_id":"LSB037W","station_name":"Lower South Bay (LSB037W)","lat":37.489927,"lon":-122.100004,"county":"SAN MATEO","waterbody":"San Francisco Bay"},{"station_id":"LSB015S","station_name":"Lower South Bay (LSB015S)","lat":37.491252,"lon":-122.115005,"county":"SAN MATEO","waterbody":"San Francisco Bay"},{"station_id":"LSB039W","station_name":"Lower South Bay (LSB039W)","lat":37.496003,"lon":-122.109144,"county":"ALAMEDA","waterbody":"San Francisco Bay"},{"station_id":"LSB071S","station_name":"Lower South Bay (LSB071S)","lat":37.491237,"lon":-122.108125,"county":"SAN MATEO","waterbody":"San Francisco Bay"},{"station_id":"LSB097S","station_name":"Lower South Bay (LSB097S)","lat":37.489988,"lon":-122.102264,"county":"SAN MATEO","waterbody":"San Francisco Bay"},{"station_id":"LSB023W","station_name":"Lower South Bay (LSB023W)","lat":37.491071,"lon":-122.109775,"county":"SAN MATEO","waterbody":"San Francisco Bay"},{"station_id":"LSB025W","station_name":"Lower South Bay (LSB025W)","lat":37.491344,"lon":-122.106264,"county":"SAN MATEO","waterbody":"San Francisco Bay"},{"station_id":"LSB031S","station_name":"Lower South Bay (LSB031S)","lat":37.495109,"lon":-122.108355,"county":"SAN MATEO","waterbody":"San Francisco Bay"},{"station_id":"LSB033S","station_name":"Lower South Bay (LSB033S)","lat":37.48889,"lon":-122.103064,"county":"SAN MATEO","waterbody":"San Francisco Bay"},{"station_id":"LSB039S","station_name":"Lower South Bay (LSB039S)","lat":37.49279,"lon":-122.110334,"county":"SAN MATEO","waterbody":"San Francisco Bay"},{"station_id":"LSB108S","station_name":"Lower South Bay (LSB108S)","lat":37.477496,"lon":-122.101204,"county":"SAN MATEO","waterbody":"San Francisco Bay"},{"station_id":"LSB001W","station_name":"Lower South Bay (LSB001W)","lat":37.490618,"lon":-122.106244,"county":"SAN MATEO","waterbody":"San Francisco Bay"},{"station_id":"LSB051W","station_name":"Lower South Bay (LSB051W)","lat":37.48923,"lon":-122.116945,"county":"SAN MATEO","waterbody":"San Francisco Bay"},{"station_id":"LSB07","station_name":"SF Bay RMP - Lower South Bay LSB07","lat":37.46936,"lon":-122.111,"county":"SAN MATEO"},{"station_id":"LSB11","station_name":"SF Bay RMP - Lower South Bay LSB11","lat":37.47164,"lon":-122.119,"county":"SAN MATEO"},{"station_id":"LSB012W","station_name":"Lower South Bay (LSB012W)","lat":37.4865,"lon":-122.097444,"county":"SAN MATEO","waterbody":"San Francisco Bay"},{"station_id":"LSB017W","station_name":"Lower South Bay (LSB017W)","lat":37.493085,"lon":-122.101984,"county":"SAN MATEO","waterbody":"San Francisco Bay"},{"station_id":"LSB028S","station_name":"Lower South Bay (LSB028S)","lat":37.477034,"lon":-122.094974,"county":"SAN MATEO","waterbody":"San Francisco Bay"},{"station_id":"LSB029W","station_name":"Lower South Bay (LSB029W)","lat":37.489727,"lon":-122.100554,"county":"SAN MATEO","waterbody":"San Francisco Bay"},{"station_id":"LSB109S","station_name":"Lower South Bay (LSB109S)","lat":37.48513,"lon":-122.10495,"county":"ALAMEDA"},{"station_id":"LSB042S","station_name":"Lower South Bay (LSB042S)","lat":37.47168,"lon":-122.09555,"county":"SANTA CLARA","waterbody":"San Francisco Bay"},{"station_id":"LSB129S","station_name":"Lower South Bay (LSB129S)","lat":37.48743,"lon":-122.10162,"county":"ALAMEDA","waterbody":"San Francisco Bay"},{"station_id":"LSB045S","station_name":"Lower South Bay (LSB045S)","lat":37.487038,"lon":-122.104875,"county":"SAN MATEO","waterbody":"San Francisco Bay"},{"station_id":"LSB078W","station_name":"Lower South Bay (LSB078W)","lat":37.492774,"lon":-122.108715,"county":"SAN MATEO"},{"station_id":"PALOALTOWWTP","station_name":"Palo Alto Wastewater Treatment Plant (PALOALTOWWTP)","lat":37.457414,"lon":-122.15311,"county":"SAN MATEO"},{"station_id":"LSB007W","station_name":"Lower South Bay (LSB007W)","lat":37.495091,"lon":-122.107834,"county":"ALAMEDA","waterbody":"San Francisco Bay"},{"station_id":"LSB058W","station_name":"Lower South Bay (LSB058W)","lat":37.473767,"lon":-122.094294,"county":"SAN MATEO","waterbody":"San Francisco Bay"},{"station_id":"LSB085W","station_name":"Lower South Bay (LSB085W)","lat":37.488103,"lon":-122.098324},{"station_id":"LSB009S","station_name":"Lower South Bay (LSB009S)","lat":37.49181,"lon":-122.106745,"county":"SAN MATEO","waterbody":"San Francisco Bay"},{"station_id":"LSB013S","station_name":"Lower South Bay (LSB013S)","lat":37.487356,"lon":-122.100794,"county":"SAN MATEO","waterbody":"San Francisco Bay"},{"station_id":"LSB023S","station_name":"Lower South Bay (LSB023S)","lat":37.474605,"lon":-122.112574,"county":"SAN MATEO","waterbody":"San Francisco Bay"},{"station_id":"LSB025S","station_name":"Lower South Bay (LSB025S)","lat":37.490946,"lon":-122.103234,"county":"SAN MATEO","waterbody":"San Francisco Bay"},{"station_id":"LSB073S","station_name":"Lower South Bay (LSB073S)","lat":37.492665,"lon":-122.104084,"county":"SAN MATEO","waterbody":"San Francisco Bay"},{"station_id":"LSB041S","station_name":"Lower South Bay (LSB041S)","lat":37.49543,"lon":-122.10618,"county":"ALAMEDA","waterbody":"San Francisco Bay"},{"station_id":"LSB049W","station_name":"Lower South Bay (LSB049W)","lat":37.489615,"lon":-122.104624,"county":"ALAMEDA","waterbody":"San Francisco Bay"},{"station_id":"LSB007S","station_name":"Lower South Bay (LSB007S)","lat":37.49022,"lon":-122.110275,"county":"SAN MATEO","waterbody":"San Francisco Bay"},{"station_id":"LSB012S","station_name":"Lower South Bay (LSB012S)","lat":37.471565,"lon":-122.101794,"county":"SAN MATEO","waterbody":"San Francisco Bay"},{"station_id":"200PPCPCL","station_name":"PPCP - Cooley Landing","lat":37.476367,"lon":-122.123917,"county":"SAN MATEO"},{"station_id":"LSB045W","station_name":"Lower South Bay (LSB045W)","lat":37.492871,"lon":-122.099094,"county":"ALAMEDA","waterbody":"San Francisco Bay"},{"station_id":"LSB055W","station_name":"Lower South Bay (LSB055W)","lat":37.484045,"lon":-122.118445,"county":"SAN MATEO","waterbody":"San Francisco Bay"},{"station_id":"LSB070W","station_name":"Lower South Bay (LSB070W)","lat":37.493902,"lon":-122.105274,"county":"ALAMEDA"},{"station_id":"LSB065W","station_name":"Lower South Bay (LSB065W)","lat":37.490609,"lon":-122.104514,"county":"SAN MATEO"},{"station_id":"LSB086W","station_name":"Lower South Bay (LSB086W)","lat":37.49421,"lon":-122.109414},{"station_id":"LSB074W","station_name":"Lower South Bay (LSB074W)","lat":37.491306,"lon":-122.100774,"county":"SAN MATEO"}]}},{"type":"Feature","geometry":{"type":"Polygon","coordinates":[[[-122.7292749330576,37.771731889843984],[-122.69808843559609,37.79658936246243],[-122.70829837281265,37.82936612350151],[-122.74971116571265,37.837276182812516],[-122.7808868661207,37.81241305176087],[-122.77066058736412,37.779645523143635],[-122.7292749330576,37.771731889843984]]]},"properties":{"h3_index":"86283548fffffff","station_count":1,"program_id":"sf_bay","program":"SF Bay","resolution":6,"stations":[{"station_id":"GFNMS28","station_name":"MMP - Greater Farallones NMS 28","lat":37.805787,"lon":-122.756123,"county":"OOS"}]}},{"type":"Feature","geometry":{"type":"Polygon","coordinates":[[[-122.92679912721087,37.408488228656495],[-122.89580929299039,37.43341287941217],[-122.90603246153125,37.466255012390384],[-122.94726155383132,37.47416310199534],[-122.97824045868838,37.44923277194226],[-122.96800121714773,37.41640003478363],[-122.92679912721087,37.408488228656495]]]},"properties":{"h3_index":"862835cd7ffffff","station_count":1,"program_id":"sf_bay","program":"SF Bay","resolution":6,"stations":[{"station_id":"MBNMS32","station_name":"MMP - Monterey Bay NMS 32","lat":37.450352,"lon":-122.931988,"county":"OOS"}]}}]}