{"type":"FeatureCollection","features":[{"type":"Feature","geometry":{"type":"Polygon","coordinates":[[[-121.69577339732366,38.31603549529457],[-121.69123099301456,38.319551682122295],[-121.69266014281202,38.32424005876165],[-121.69863205051958,38.32541207094844],[-121.7031742554194,38.32189576592191],[-121.70174475206973,38.3172075669182],[-121.69577339732366,38.31603549529457]]]},"properties":{"h3_index":"8828304015fffff","station_count":1,"program_id":"delta","program":"Delta","resolution":8,"stations":[{"station_id":"Yolo-004","station_name":"Yolo Bypass - Cache Slough Subregion - Yolo-004","lat":38.319567,"lon":-121.692765,"county":"YOLO"}]}},{"type":"Feature","geometry":{"type":"Polygon","coordinates":[[[-121.6494270029115,38.31133615024518],[-121.64488194380166,38.314851115856186],[-121.64630932547273,38.31954091766044],[-121.65228212055491,38.32071557658551],[-121.65682698131906,38.31720049257263],[-121.6553992453954,38.31251086804738],[-121.6494270029115,38.31133615024518]]]},"properties":{"h3_index":"882830402dfffff","station_count":1,"program_id":"delta","program":"Delta","resolution":8,"stations":[{"station_id":"Yolo-022","station_name":"Yolo Bypass - Cache Slough Subregion - Yolo-022","lat":38.317985,"lon":-121.651769,"county":"YOLO"}]}},{"type":"Feature","geometry":{"type":"Polygon","coordinates":[[[-121.67980202053839,38.2820360859547],[-121.67526012586656,38.28555233656065],[-121.676688218546,38.29024258978759],[-121.68265855951782,38.29141641475654],[-121.68720025527163,38.28790004577686],[-121.6857718090204,38.28320997021274],[-121.67980202053839,38.2820360859547]]]},"properties":{"h3_index":"8828304041fffff","station_count":2,"program_id":"delta","program":"Delta","resolution":8,"stations":[{"station_id":"Yolo-017","station_name":"Yolo Bypass - Cache Slough Subregion - Yolo-017","lat":38.283297,"lon":-121.685768,"county":"SOLANO"},{"station_id":"Yolo-012","station_name":"Yolo Bypass - Cache Slough Subregion - Yolo-012","lat":38.282414,"lon":-121.681004,"county":"SOLANO"}]}},{"type":"Feature","geometry":{"type":"Polygon","coordinates":[[[-121.6829152684815,38.27382910472821],[-121.67837392702653,38.27734556435468],[-121.67980202053839,38.2820360859547],[-121.6857718090204,38.28320997021274],[-121.6903129515188,38.27969339219853],[-121.6888845045405,38.2750030483248],[-121.6829152684815,38.27382910472821]]]},"properties":{"h3_index":"8828304049fffff","station_count":1,"program_id":"delta","program":"Delta","resolution":8,"stations":[{"station_id":"Yolo-023","station_name":"Yolo Bypass - Cache Slough Subregion - Yolo-023","lat":38.278994,"lon":-121.687788,"county":"SOLANO"}]}},{"type":"Feature","geometry":{"type":"Polygon","coordinates":[[[-121.6724042924426,38.276171115720295],[-121.66786219904208,38.27968724790349],[-121.66928993890546,38.284377947133045],[-121.67526012586656,38.28555233656065],[-121.67980202053839,38.2820360859547],[-121.67837392702653,38.27734556435468],[-121.6724042924426,38.276171115720295]]]},"properties":{"h3_index":"882830404dfffff","station_count":1,"program_id":"delta","program":"Delta","resolution":8,"stations":[{"station_id":"Yolo-020","station_name":"Yolo Bypass - Cache Slough Subregion - Yolo-020","lat":38.278806,"lon":-121.677797,"county":"SOLANO"}]}},{"type":"Feature","geometry":{"type":"Polygon","coordinates":[[[-121.65254412558234,38.30313090381251],[-121.64799962010281,38.30664607946193],[-121.6494270029115,38.31133615024518],[-121.6553992453954,38.31251086804738],[-121.65994355249049,38.30899557398216],[-121.65851581553477,38.304305680541354],[-121.65254412558234,38.30313090381251]]]},"properties":{"h3_index":"8828304067fffff","station_count":1,"program_id":"delta","program":"Delta","resolution":8,"stations":[{"station_id":"Yolo-011","station_name":"Yolo Bypass - Cache Slough Subregion - Yolo-011","lat":38.305684,"lon":-121.657211,"county":"SOLANO"}]}},{"type":"Feature","geometry":{"type":"Polygon","coordinates":[[[-121.59255054441178,38.30895292677257],[-121.58800208464274,38.31246633903693],[-121.58942734048466,38.31715774103973],[-121.59540141127826,38.31833555396482],[-121.59994967399554,38.314822023061716],[-121.5985240630197,38.31013079788312],[-121.59255054441178,38.30895292677257]]]},"properties":{"h3_index":"882830416bfffff","station_count":1,"program_id":"delta","program":"Delta","resolution":8,"stations":[{"station_id":"Sacr-021","station_name":"Sacramento River Subregion - Sacr-021","lat":38.310348,"lon":-121.598472,"county":"SOLANO"}]}},{"type":"Feature","geometry":{"type":"Polygon","coordinates":[[[-121.57462951059767,38.30541717177886],[-121.57008010348632,38.308930135647294],[-121.57150465043424,38.31362216017433],[-121.57747895993433,38.31480104415042],[-121.58202817041258,38.311287961559984],[-121.58060326807251,38.306596113726364],[-121.57462951059767,38.30541717177886]]]},"properties":{"h3_index":"882830416dfffff","station_count":1,"program_id":"delta","program":"Delta","resolution":8,"stations":[{"station_id":"Sacr-009","station_name":"Sacramento River Subregion - Sacr-009","lat":38.314358,"lon":-121.577233,"county":"SACRAMENTO"}]}},{"type":"Feature","geometry":{"type":"Polygon","coordinates":[[[-121.62447003900618,38.37696084612657],[-121.61992054731827,38.38047412390596],[-121.62134791875428,38.38516176814004],[-121.62732513702517,38.386335957833666],[-121.63187443067909,38.38282256176242],[-121.63044670414489,38.378135094300276],[-121.62447003900618,38.37696084612657]]]},"properties":{"h3_index":"88283041a5fffff","station_count":1,"program_id":"delta","program":"Delta","resolution":8,"stations":[{"station_id":"Yolo-014","station_name":"Yolo Bypass - Cache Slough Subregion - Yolo-014","lat":38.381949,"lon":-121.626014,"county":"YOLO"}]}},{"type":"Feature","geometry":{"type":"Polygon","coordinates":[[[-121.72805593351922,38.256244688687104],[-121.72351815440588,38.25976266381472],[-121.72494766107064,38.26445274188893],[-121.73091529953015,38.265624666669936],[-121.73545287873844,38.26210657328086],[-121.73402301944101,38.257416673382984],[-121.72805593351922,38.256244688687104]]]},"properties":{"h3_index":"8828304211fffff","station_count":1,"program_id":"delta","program":"Delta","resolution":8,"stations":[{"station_id":"Yolo-016","station_name":"Yolo Bypass - Cache Slough Subregion - Yolo-016","lat":38.258063,"lon":-121.725798,"county":"SOLANO"}]}},{"type":"Feature","geometry":{"type":"Polygon","coordinates":[[[-121.67863133739209,38.259756021414475],[-121.67409035024998,38.26327257140129],[-121.67551809189497,38.267963807024366],[-121.68148717416851,38.26913831491495],[-121.68602796250481,38.26562164647723],[-121.68459986742202,38.260930588610606],[-121.67863133739209,38.259756021414475]]]},"properties":{"h3_index":"8828304221fffff","station_count":1,"program_id":"delta","program":"Delta","resolution":8,"stations":[{"station_id":"Yolo-018","station_name":"Yolo Bypass - Cache Slough Subregion - Yolo-018","lat":38.260249,"lon":-121.678858,"county":"SOLANO"}]}},{"type":"Feature","geometry":{"type":"Polygon","coordinates":[[[-121.68602796250481,38.26562164647723],[-121.68148717416851,38.26913831491495],[-121.6829152684815,38.27382910472821],[-121.6888845045405,38.2750030483248],[-121.69342509388173,38.27148626148525],[-121.69199664620768,38.26679564946174],[-121.68602796250481,38.26562164647723]]]},"properties":{"h3_index":"8828304223fffff","station_count":1,"program_id":"delta","program":"Delta","resolution":8,"stations":[{"station_id":"Yolo-002","station_name":"Yolo Bypass - Cache Slough Subregion - Yolo-002","lat":38.269193,"lon":-121.692386,"county":"SOLANO"}]}},{"type":"Feature","geometry":{"type":"Polygon","coordinates":[[[-121.67551809189497,38.267963807024366],[-121.67097655167271,38.27148014821404],[-121.6724042924426,38.276171115720295],[-121.67837392702653,38.27734556435468],[-121.6829152684815,38.27382910472821],[-121.68148717416851,38.26913831491495],[-121.67551809189497,38.267963807024366]]]},"properties":{"h3_index":"8828304227fffff","station_count":1,"program_id":"delta","program":"Delta","resolution":8,"stations":[{"station_id":"Yolo-008","station_name":"Yolo Bypass - Cache Slough Subregion - Yolo-008","lat":38.274304,"lon":-121.673917,"county":"SOLANO"}]}},{"type":"Feature","geometry":{"type":"Polygon","coordinates":[[[-121.67123521873816,38.25388938650747],[-121.66669403297945,38.257405817994325],[-121.66812142195383,38.26209749929743],[-121.67409035024998,38.26327257140129],[-121.67863133739209,38.259756021414475],[-121.6772035949033,38.25506451783451],[-121.67123521873816,38.25388938650747]]]},"properties":{"h3_index":"882830422dfffff","station_count":1,"program_id":"delta","program":"Delta","resolution":8,"stations":[{"station_id":"Yolo-005","station_name":"Yolo Bypass - Cache Slough Subregion - Yolo-005","lat":38.259048,"lon":-121.667654,"county":"SOLANO"}]}},{"type":"Feature","geometry":{"type":"Polygon","coordinates":[[[-121.70393376812511,38.26914258635513],[-121.69939393106566,38.27265970017751],[-121.70082273132827,38.27734986622825],[-121.70679172180125,38.27852274054772],[-121.71133135944876,38.27500550840773],[-121.70990220608397,38.27031552027663],[-121.70393376812511,38.26914258635513]]]},"properties":{"h3_index":"8828304231fffff","station_count":1,"program_id":"delta","program":"Delta","resolution":8,"stations":[{"station_id":"Yolo-007","station_name":"Yolo Bypass - Cache Slough Subregion - Yolo-007","lat":38.271217,"lon":-121.702826,"county":"SOLANO"}]}},{"type":"Feature","geometry":{"type":"Polygon","coordinates":[[[-121.67434846166124,38.245680797283434],[-121.66980782884598,38.249197437344016],[-121.67123521873816,38.25388938650747],[-121.6772035949033,38.25506451783451],[-121.68174402906337,38.251547759259815],[-121.68031628576212,38.24685598788299],[-121.67434846166124,38.245680797283434]]]},"properties":{"h3_index":"8828304267fffff","station_count":2,"program_id":"delta","program":"Delta","resolution":8,"stations":[{"station_id":"Yolo-009","station_name":"Yolo Bypass - Cache Slough Subregion - Yolo-009","lat":38.249572,"lon":-121.674817,"county":"SOLANO"},{"station_id":"Yolo-006","station_name":"Yolo Bypass - Cache Slough Subregion - Yolo-006","lat":38.252141,"lon":-121.675583,"county":"SOLANO"}]}},{"type":"Feature","geometry":{"type":"Polygon","coordinates":[[[-121.68796775144595,38.235129806793985],[-121.68342842295577,38.23864698191619],[-121.6848561670382,38.24333902092983],[-121.69082359278136,38.244513706885144],[-121.6953627223503,38.24099641326958],[-121.69393462514596,38.23630455220283],[-121.68796775144595,38.235129806793985]]]},"properties":{"h3_index":"882830426bfffff","station_count":1,"program_id":"delta","program":"Delta","resolution":8,"stations":[{"station_id":"510ADVLIM","station_name":"Cache Slough at Liberty Island Mouth-510ADVLIM","lat":38.24213,"lon":-121.68539,"county":"SOLANO"}]}},{"type":"Feature","geometry":{"type":"Polygon","coordinates":[[[-121.7230186781377,38.294934616766945],[-121.7184788866694,38.29845187672261],[-121.71990874428158,38.30314043554283],[-121.72587874638761,38.30431155646255],[-121.7304183379144,38.30079417835073],[-121.72898812732545,38.29610579748608],[-121.7230186781377,38.294934616766945]]]},"properties":{"h3_index":"88283042adfffff","station_count":1,"program_id":"delta","program":"Delta","resolution":8,"stations":[{"station_id":"Yolo-021","station_name":"Yolo Bypass - Cache Slough Subregion - Yolo-021","lat":38.301076,"lon":-121.729774,"county":"SOLANO"}]}},{"type":"Feature","geometry":{"type":"Polygon","coordinates":[[[-121.74595694318087,38.25975957424169],[-121.74142011692412,38.26327799369229],[-121.7428503285026,38.26796744748486],[-121.74881771876008,38.26913830353167],[-121.75335434469551,38.265619765904134],[-121.75192378074351,38.26093049041745],[-121.74595694318087,38.25975957424169]]]},"properties":{"h3_index":"88283042cdfffff","station_count":1,"program_id":"delta","program":"Delta","resolution":8,"stations":[{"station_id":"Yolo-003","station_name":"Yolo Bypass - Cache Slough Subregion - Yolo-003","lat":38.261052,"lon":-121.747855,"county":"SOLANO"}]}},{"type":"Feature","geometry":{"type":"Polygon","coordinates":[[[-121.66189216628364,38.278512294097894],[-121.65734932110604,38.28202809860767],[-121.65877670713887,38.286718975369965],[-121.66474729222855,38.287893870100525],[-121.66928993890546,38.284377947133045],[-121.66786219904208,38.27968724790349],[-121.66189216628364,38.278512294097894]]]},"properties":{"h3_index":"8828304313fffff","station_count":1,"program_id":"delta","program":"Delta","resolution":8,"stations":[{"station_id":"Yolo-001","station_name":"Yolo Bypass - Cache Slough Subregion - Yolo-001","lat":38.279518,"lon":-121.660997,"county":"SOLANO"}]}},{"type":"Feature","geometry":{"type":"Polygon","coordinates":[[[-121.65761035694155,38.264438144856356],[-121.6530678666516,38.267954040047044],[-121.65449490087512,38.27264563089259],[-121.66046477923892,38.273821148995445],[-121.66500707117882,38.27030513528399],[-121.66357968315357,38.26561372200126],[-121.65761035694155,38.264438144856356]]]},"properties":{"h3_index":"8828304319fffff","station_count":1,"program_id":"delta","program":"Delta","resolution":8,"stations":[{"station_id":"Yolo-015","station_name":"Yolo Bypass - Cache Slough Subregion - Yolo-015","lat":38.26789,"lon":-121.663211,"county":"SOLANO"}]}},{"type":"Feature","geometry":{"type":"Polygon","coordinates":[[[-121.65021414992519,38.25857014464809],[-121.64567146147446,38.262085921269076],[-121.6470981428742,38.266777957727854],[-121.6530678666516,38.267954040047044],[-121.65761035694155,38.264438144856356],[-121.6561833216635,38.25974628592697],[-121.65021414992519,38.25857014464809]]]},"properties":{"h3_index":"8828304357fffff","station_count":1,"program_id":"delta","program":"Delta","resolution":8,"stations":[{"station_id":"Sacr-002","station_name":"Sacramento River Subregion - Sacr-002","lat":38.262066,"lon":-121.651285,"county":"SOLANO"}]}},{"type":"Feature","geometry":{"type":"Polygon","coordinates":[[[-121.85576241998992,38.325302255123404],[-121.85122952191999,38.328822740016214],[-121.8526646633359,38.33350647298124],[-121.85863305395019,38.33466954217329],[-121.86316574897533,38.33114893976834],[-121.86173025647987,38.32646538569413],[-121.85576241998992,38.325302255123404]]]},"properties":{"h3_index":"8828304621fffff","station_count":1,"program_id":"delta","program":"Delta","resolution":8,"stations":[{"station_id":"511NACDOA","station_name":"New Alamo Creek downstream of confluence between New and Old Alamo Creeks","lat":38.329789,"lon":-121.860019,"county":"SOLANO"}]}},{"type":"Feature","geometry":{"type":"Polygon","coordinates":[[[-121.86626239837881,38.322944575858315],[-121.86173025647987,38.32646538569413],[-121.86316574897533,38.33114893976834],[-121.86913373431526,38.33231150503076],[-121.87366567294299,38.3287905777187],[-121.87222982955089,38.32410720263111],[-121.86626239837881,38.322944575858315]]]},"properties":{"h3_index":"882830462bfffff","station_count":1,"program_id":"delta","program":"Delta","resolution":8,"stations":[{"station_id":"511OACUNA","station_name":"Terminus of Old Alamo Creek upstream of confluence with New Alamo Creek","lat":38.329869,"lon":-121.869231,"county":"SOLANO"}]}},{"type":"Feature","geometry":{"type":"Polygon","coordinates":[[[-121.88847372329718,38.34047954158666],[-121.8839421917794,38.34400070370215],[-121.88537874028239,38.3486829137573],[-121.89134717101503,38.349843782623985],[-121.89587849869405,38.34632250318135],[-121.8944415995281,38.341640472209804],[-121.88847372329718,38.34047954158666]]]},"properties":{"h3_index":"8828304633fffff","station_count":1,"program_id":"delta","program":"Delta","resolution":8,"stations":[{"station_id":"511OACCLN","station_name":"Old Alamo Creek at Chicorp Ln.","lat":38.347147,"lon":-121.887617,"county":"SOLANO"}]}},{"type":"Feature","geometry":{"type":"Polygon","coordinates":[[[-121.87056957881687,38.336994611226714],[-121.8660370870257,38.34051533109414],[-121.86747293260599,38.345198168239335],[-121.87344162095019,38.34636010657213],[-121.87797390931809,38.34283926929186],[-121.87653771281393,38.33815661110227],[-121.87056957881687,38.336994611226714]]]},"properties":{"h3_index":"8828304635fffff","station_count":1,"program_id":"delta","program":"Delta","resolution":8,"stations":[{"station_id":"511OACSBL","station_name":"Old Alamo Creek at Sunnybrook Ln.","lat":38.344197,"lon":-121.869089,"county":"SOLANO"}]}},{"type":"Feature","geometry":{"type":"Polygon","coordinates":[[[-121.88416443472654,38.32643138719852],[-121.8796332526609,38.329952639186686],[-121.8810694479813,38.334635566363666],[-121.88703717605216,38.33579706244839],[-121.89156815443121,38.33227569306966],[-121.8901316084749,38.3275929450074],[-121.88416443472654,38.32643138719852]]]},"properties":{"h3_index":"8828304639fffff","station_count":1,"program_id":"delta","program":"Delta","resolution":8,"stations":[{"station_id":"511NACUOA","station_name":"New Alamo Creek upstream of confluence with Old Alamo Creek","lat":38.329939,"lon":-121.888569,"county":"SOLANO"}]}},{"type":"Feature","geometry":{"type":"Polygon","coordinates":[[[-121.89897237403137,38.33811898549023],[-121.8944415995281,38.341640472209804],[-121.89587849869405,38.34632250318135],[-121.90184652289204,38.34748286826468],[-121.90637709333032,38.34396126425402],[-121.9049398436845,38.3392794124617],[-121.89897237403137,38.33811898549023]]]},"properties":{"h3_index":"88283046edfffff","station_count":1,"program_id":"delta","program":"Delta","resolution":8,"stations":[{"station_id":"511SOL011","station_name":"Old Alamo Creek at Lewis Road","lat":38.34643,"lon":-121.89702,"county":"SOLANO"}]}},{"type":"Feature","geometry":{"type":"Polygon","coordinates":[[[-121.82425552002891,38.332370318198286],[-121.81972035443698,38.33588982687648],[-121.82115444151728,38.34057409593859],[-121.8271240458664,38.34173867773008],[-121.83165900909343,38.33821905143233],[-121.83022457038513,38.33353496097331],[-121.82425552002891,38.332370318198286]]]},"properties":{"h3_index":"882830471dfffff","station_count":1,"program_id":"delta","program":"Delta","resolution":8,"stations":[{"station_id":"511NACARD","station_name":"Terminus of New Alamo Creek at Rio Dixon Rd before confluence with Ulatis Creek","lat":38.336511,"lon":-121.823136,"county":"SOLANO"}]}},{"type":"Feature","geometry":{"type":"Polygon","coordinates":[[[-121.79774933029087,38.300759685328536],[-121.79321391025499,38.30427893098108],[-121.79464658771545,38.308965258417416],[-121.80061503709356,38.310132161675966],[-121.80515025548408,38.306612798192184],[-121.80371722619064,38.30192664929178],[-121.79774933029087,38.300759685328536]]]},"properties":{"h3_index":"882830474dfffff","station_count":1,"program_id":"delta","program":"Delta","resolution":8,"stations":[{"station_id":"511ULCABR","station_name":"Ulatis Creek at Brown Road","lat":38.307,"lon":-121.7942,"county":"SOLANO"}]}},{"type":"Feature","geometry":{"type":"Polygon","coordinates":[[[-121.51601964854306,38.408507724424524],[-121.5114620862425,38.41201747552594],[-121.5128858941824,38.41670661110188],[-121.5188676214998,38.4178858198488],[-121.52342498810295,38.41437595012093],[-121.5220008231349,38.40968699028357],[-121.51601964854306,38.408507724424524]]]},"properties":{"h3_index":"8828304839fffff","station_count":1,"program_id":"delta","program":"Delta","resolution":8,"stations":[{"station_id":"Sacr-022","station_name":"Sacramento River Subregion - Sacr-022","lat":38.414242,"lon":-121.521469,"county":"SACRAMENTO"}]}},{"type":"Feature","geometry":{"type":"Polygon","coordinates":[[[-121.51374435254132,38.36396522285124],[-121.50918861891306,38.367475590675554],[-121.51061172793591,38.37216670208703],[-121.51659092739148,38.373347269761055],[-121.52114646554301,38.369836783159414],[-121.51972299976443,38.36514584767205],[-121.51374435254132,38.36396522285124]]]},"properties":{"h3_index":"8828304849fffff","station_count":1,"program_id":"delta","program":"Delta","resolution":8,"stations":[{"station_id":"510SACC3A","station_name":"Sacramento River at Hood Monitoring Station Platform","lat":38.36771,"lon":-121.5205,"county":"SACRAMENTO"}]}},{"type":"Feature","geometry":{"type":"Polygon","coordinates":[[[-121.53908264768748,38.37337588997317],[-121.5345280558084,38.376886827033665],[-121.53595223008763,38.38157686984743],[-121.54193135271606,38.38275579952249],[-121.54648574850819,38.379244743815796],[-121.54506121780754,38.374554877091164],[-121.53908264768748,38.37337588997317]]]},"properties":{"h3_index":"8828304859fffff","station_count":1,"program_id":"delta","program":"Delta","resolution":8,"stations":[{"station_id":"Sacr-014","station_name":"Sacramento River Subregion - Sacr-014","lat":38.377698,"lon":-121.542165,"county":"YOLO"}]}},{"type":"Feature","geometry":{"type":"Polygon","coordinates":[[[-121.58581440369049,38.45308888071995],[-121.58125916498017,38.456599911715855],[-121.58268616624889,38.46128529262478],[-121.58866876251167,38.46245946644341],[-121.5932238037711,38.45894831724178],[-121.59179644626752,38.454263112438184],[-121.58581440369049,38.45308888071995]]]},"properties":{"h3_index":"8828304897fffff","station_count":1,"program_id":"delta","program":"Delta","resolution":8,"stations":[{"station_id":"Yolo-010","station_name":"Yolo Bypass - Cache Slough Subregion - Yolo-010","lat":38.461784,"lon":-121.588634,"county":"YOLO"}]}},{"type":"Feature","geometry":{"type":"Polygon","coordinates":[[[-121.49720875407982,38.457693757881344],[-121.49264785911068,38.461202221378684],[-121.49407165148804,38.46588972734494],[-121.50005669654938,38.467068594466014],[-121.50461739606169,38.46356001242271],[-121.50319324601827,38.458872681815315],[-121.49720875407982,38.457693757881344]]]},"properties":{"h3_index":"8828304983fffff","station_count":1,"program_id":"delta","program":"Delta","resolution":8,"stations":[{"station_id":"Sacr-010","station_name":"Sacramento River Subregion - Sacr-010","lat":38.458809,"lon":-121.502396,"county":"SACRAMENTO"}]}},{"type":"Feature","geometry":{"type":"Polygon","coordinates":[[[-121.50034529830752,38.449497301297484],[-121.49578495902865,38.45300597991689],[-121.49720875407982,38.457693757881344],[-121.50319324601827,38.458872681815315],[-121.5077533898001,38.455363884636625],[-121.50632923718932,38.450676282094264],[-121.50034529830752,38.449497301297484]]]},"properties":{"h3_index":"882830498bfffff","station_count":3,"program_id":"delta","program":"Delta","resolution":8,"stations":[{"station_id":"510ST1301","station_name":"Sacramento River at Freeport, CA-510ST1301","lat":38.45555,"lon":-121.50194,"county":"YOLO"},{"station_id":"510ST1317","station_name":"Sacramento River/Freeport-510ST1317","lat":38.4556,"lon":-121.5019,"county":"SACRAMENTO"},{"station_id":"SR1_SRNC","station_name":"Sacramento River 1_SRNC","lat":38.456503,"lon":-121.502353,"county":"YOLO"}]}},{"type":"Feature","geometry":{"type":"Polygon","coordinates":[[[-121.52257111525311,38.46709401132687],[-121.51801136303729,38.470603045480054],[-121.51943622305984,38.47528948098604],[-121.52542119267817,38.47646670682612],[-121.52998074882501,38.472957554257746],[-121.52855553147141,38.46827129427546],[-121.52257111525311,38.46709401132687]]]},"properties":{"h3_index":"8828304993fffff","station_count":1,"program_id":"delta","program":"Delta","resolution":8,"stations":[{"station_id":"Sacr-007","station_name":"Sacramento River Subregion - Sacr-007","lat":38.47372,"lon":-121.520266,"county":"YOLO"}]}},{"type":"Feature","geometry":{"type":"Polygon","coordinates":[[[-121.51715802233885,38.43077258157544],[-121.51259954515888,38.43428202290937],[-121.51402370280844,38.43897016884588],[-121.52000669485132,38.4401486978136],[-121.5245649762235,38.43663913792829],[-121.52314046140937,38.43195116763764],[-121.51715802233885,38.43077258157544]]]},"properties":{"h3_index":"88283049d9fffff","station_count":1,"program_id":"delta","program":"Delta","resolution":8,"stations":[{"station_id":"SR2_SRNC","station_name":"Sacramento River 2_SRNC","lat":38.434775,"lon":-121.522908,"county":"SACRAMENTO"}]}},{"type":"Feature","geometry":{"type":"Polygon","coordinates":[[[-121.52427798324715,38.36163514804883],[-121.51972299976443,38.36514584767205],[-121.52114646554301,38.369836783159414],[-121.52712527142656,38.37101684301314],[-121.53168005920246,38.36750602464714],[-121.53025623685032,38.36281526518117],[-121.52427798324715,38.36163514804883]]]},"properties":{"h3_index":"8828304a35fffff","station_count":2,"program_id":"delta","program":"Delta","resolution":8,"stations":[{"station_id":"B9D82211312","station_name":"Sacramento River at Hood-B9D82211312","lat":38.3677,"lon":-121.5205,"county":"SACRAMENTO"},{"station_id":"SR3_SRNC","station_name":"Sacramento River 3_SRNC","lat":38.368506,"lon":-121.5214,"county":"YOLO"}]}},{"type":"Feature","geometry":{"type":"Polygon","coordinates":[[[-121.56525326250106,38.33003069554978],[-121.56070219337862,38.33354302524547],[-121.56212673447189,38.33823424179239],[-121.56810270044582,38.33941295215135],[-121.57265357305351,38.33590050377533],[-121.57122867625073,38.33120946373158],[-121.56525326250106,38.33003069554978]]]},"properties":{"h3_index":"8828304a53fffff","station_count":1,"program_id":"delta","program":"Delta","resolution":8,"stations":[{"station_id":"Sacr-013","station_name":"Sacramento River Subregion - Sacr-013","lat":38.338212,"lon":-121.565304,"county":"YOLO"}]}},{"type":"Feature","geometry":{"type":"Polygon","coordinates":[[[-121.60572897585676,38.426159135882706],[-121.60117615560674,38.42967113901837],[-121.60260351803961,38.43435715839378],[-121.60858405650524,38.435530998252474],[-121.61313667895647,38.43201887690604],[-121.61170896078974,38.4273330339226],[-121.60572897585676,38.426159135882706]]]},"properties":{"h3_index":"8828304f2dfffff","station_count":1,"program_id":"delta","program":"Delta","resolution":8,"stations":[{"station_id":"Yolo-019","station_name":"Yolo Bypass - Cache Slough Subregion - Yolo-019","lat":38.433007,"lon":-121.602884,"county":"YOLO"}]}},{"type":"Feature","geometry":{"type":"Polygon","coordinates":[[[-121.64556012586186,38.16939797130773],[-121.64102106717455,38.17291493855011],[-121.64244634776999,38.17761089247563],[-121.64841104044298,38.17878970126604],[-121.65294990141588,38.17527261514331],[-121.65152426747876,38.17057683912128],[-121.64556012586186,38.16939797130773]]]},"properties":{"h3_index":"8828305027fffff","station_count":1,"program_id":"delta","program":"Delta","resolution":8,"stations":[{"station_id":"Sacr-016","station_name":"Sacramento River Subregion - Sacr-016","lat":38.17289,"lon":-121.648523,"county":"SACRAMENTO"}]}},{"type":"Feature","geometry":{"type":"Polygon","coordinates":[[[-121.68950038334646,38.129522021943636],[-121.68496578199456,38.13304079218841],[-121.6863921253148,38.1377372756513],[-121.69235342241281,38.13891481043118],[-121.69688782521483,38.135395921351716],[-121.6954611295172,38.130699616337786],[-121.68950038334646,38.129522021943636]]]},"properties":{"h3_index":"882830505dfffff","station_count":1,"program_id":"delta","program":"Delta","resolution":8,"stations":[{"station_id":"Conf-016","station_name":"Delta Confluence Subregion - Conf-016","lat":38.136531,"lon":-121.686688,"county":"SACRAMENTO"}]}},{"type":"Feature","geometry":{"type":"Polygon","coordinates":[[[-121.564621349272,38.17986325700207],[-121.56007685024305,38.18337781576545],[-121.56149929959066,38.18807545624395],[-121.56746660270285,38.189258360781146],[-121.57201090580172,38.185743682847274],[-121.57058810176692,38.181046219557594],[-121.564621349272,38.17986325700207]]]},"properties":{"h3_index":"8828305125fffff","station_count":1,"program_id":"delta","program":"Delta","resolution":8,"stations":[{"station_id":"GS3_SRNC","station_name":"Georgiana Slough 3_SRNC","lat":38.182925,"lon":-121.568922,"county":"SACRAMENTO"}]}},{"type":"Feature","geometry":{"type":"Polygon","coordinates":[[[-121.5981150460713,38.14234383271691],[-121.59357425307267,38.14585987829419],[-121.59499741851673,38.15055822948183],[-121.6009617309115,38.15174035746509],[-121.60550232736713,38.14822419272772],[-121.60407880801945,38.14352601917798],[-121.5981150460713,38.14234383271691]]]},"properties":{"h3_index":"8828305141fffff","station_count":1,"program_id":"delta","program":"Delta","resolution":8,"stations":[{"station_id":"Nort-011","station_name":"Northeast Delta Subregion - Nort-011","lat":38.145961,"lon":-121.600692,"county":"SACRAMENTO"}]}},{"type":"Feature","geometry":{"type":"Polygon","coordinates":[[[-121.62027841332376,38.159981893327206],[-121.61573821052033,38.16349829623776],[-121.61716243294829,38.16819531614493],[-121.62312721190365,38.169375755413235],[-121.62766721759786,38.16585923348961],[-121.62624264149441,38.161162391321554],[-121.62027841332376,38.159981893327206]]]},"properties":{"h3_index":"8828305157fffff","station_count":1,"program_id":"delta","program":"Delta","resolution":8,"stations":[{"station_id":"Sacr-001","station_name":"Sacramento River Subregion - Sacr-001","lat":38.164981,"lon":-121.620986,"county":"SACRAMENTO"}]}},{"type":"Feature","geometry":{"type":"Polygon","coordinates":[[[-121.58137208257055,38.16110520879186],[-121.57682943678387,38.16462051188737],[-121.57825224454398,38.169318508218],[-121.58421805243448,38.170501024050616],[-121.58876050198432,38.16698560178987],[-121.58733733992895,38.162287782872596],[-121.58137208257055,38.16110520879186]]]},"properties":{"h3_index":"8828305163fffff","station_count":1,"program_id":"delta","program":"Delta","resolution":8,"stations":[{"station_id":"GS4_SRNC","station_name":"Georgiana Slough 4_SRNC","lat":38.162442,"lon":-121.584361,"county":"SACRAMENTO"}]}},{"type":"Feature","geometry":{"type":"Polygon","coordinates":[[[-121.66150616319949,38.20344229448646],[-121.6569665934483,38.20695920304649],[-121.65839292876605,38.21165328993005],[-121.66435918720653,38.21283029038745],[-121.66889855875401,38.2093132631233],[-121.66747187011329,38.20461935411664],[-121.66150616319949,38.20344229448646]]]},"properties":{"h3_index":"882830518bfffff","station_count":1,"program_id":"delta","program":"Delta","resolution":8,"stations":[{"station_id":"Yolo-013","station_name":"Yolo Bypass - Cache Slough Subregion - Yolo-013","lat":38.208199,"lon":-121.663062,"county":"SOLANO"}]}},{"type":"Feature","geometry":{"type":"Polygon","coordinates":[[[-121.6731793275299,38.223393566132195],[-121.66863960176431,38.22691050412029],[-121.6700666409468,38.23160343378441],[-121.67603375921861,38.23277924759093],[-121.68057328644105,38.229262191011195],[-121.67914589398343,38.224569439227345],[-121.6731793275299,38.223393566132195]]]},"properties":{"h3_index":"8828305197fffff","station_count":1,"program_id":"delta","program":"Delta","resolution":8,"stations":[{"station_id":"B9D81281401","station_name":"Cache Slough near Ryer Island","lat":38.225002,"lon":-121.674806,"county":"SOLANO"}]}},{"type":"Feature","geometry":{"type":"Polygon","coordinates":[[[-121.63933201625171,38.18582333972625],[-121.6347918530228,38.18933989187926],[-121.63621713117793,38.194035312689174],[-121.6421829261625,38.195214003580496],[-121.64672289175441,38.19169733257607],[-121.64529726004729,38.18700208954257],[-121.63933201625171,38.18582333972625]]]},"properties":{"h3_index":"88283051c5fffff","station_count":1,"program_id":"delta","program":"Delta","resolution":8,"stations":[{"station_id":"Sacr-005","station_name":"Sacramento River Subregion - Sacr-005","lat":38.188992,"lon":-121.641271,"county":"SACRAMENTO"}]}},{"type":"Feature","geometry":{"type":"Polygon","coordinates":[[[-121.66034018347504,38.18114625147925],[-121.65580152040539,38.18466345643323],[-121.65722750548305,38.18935852159322],[-121.66319250686792,38.19053620383952],[-121.6677309718455,38.18701888010349],[-121.66630463357883,38.18232399291399],[-121.66034018347504,38.18114625147925]]]},"properties":{"h3_index":"88283051cbfffff","station_count":1,"program_id":"delta","program":"Delta","resolution":8,"stations":[{"station_id":"Yolo-024","station_name":"Yolo Bypass - Cache Slough Subregion - Yolo-024","lat":38.184875,"lon":-121.661012,"county":"SOLANO"}]}},{"type":"Feature","geometry":{"type":"Polygon","coordinates":[[[-121.64244634776999,38.17761089247563],[-121.63790673686076,38.18112765227819],[-121.63933201625171,38.18582333972625],[-121.64529726004729,38.18700208954257],[-121.64983667328079,38.183485210874125],[-121.64841104044298,38.17878970126604],[-121.64244634776999,38.17761089247563]]]},"properties":{"h3_index":"88283051cdfffff","station_count":1,"program_id":"delta","program":"Delta","resolution":8,"stations":[{"station_id":"Sacr-020","station_name":"Sacramento River Subregion - Sacr-020","lat":38.184598,"lon":-121.648059,"county":"SACRAMENTO"}]}},{"type":"Feature","geometry":{"type":"Polygon","coordinates":[[[-121.61831926376354,38.190497104351586],[-121.61377760105005,38.19401300278412],[-121.6152021715566,38.19870877885546],[-121.6211687587402,38.19988847892297],[-121.62571022427225,38.196372461569844],[-121.6242852998507,38.19167686308062],[-121.61831926376354,38.190497104351586]]]},"properties":{"h3_index":"88283051edfffff","station_count":1,"program_id":"delta","program":"Delta","resolution":8,"stations":[{"station_id":"Sacr-008","station_name":"Sacramento River Subregion - Sacr-008","lat":38.194726,"lon":-121.619071,"county":"SOLANO"}]}},{"type":"Feature","geometry":{"type":"Polygon","coordinates":[[[-121.70931313502915,38.10253149701679],[-121.70478093801525,38.10605120811331],[-121.70620763550383,38.110748308900476],[-121.7121668819364,38.11192551986508],[-121.71669888005918,38.108405689924446],[-121.71527183068902,38.103708767874025],[-121.70931313502915,38.10253149701679]]]},"properties":{"h3_index":"8828305215fffff","station_count":1,"program_id":"delta","program":"Delta","resolution":8,"stations":[{"station_id":"Conf-012","station_name":"Delta Confluence Subregion - Conf-012","lat":38.109611,"lon":-121.710003,"county":"SOLANO"}]}},{"type":"Feature","geometry":{"type":"Polygon","coordinates":[[[-121.712418082817,38.09431421521851],[-121.70788643700577,38.09783413129419],[-121.70931313502915,38.10253149701679],[-121.71527183068902,38.103708767874025],[-121.719803277571,38.100188732939436],[-121.71837622777085,38.0954915460172],[-121.712418082817,38.09431421521851]]]},"properties":{"h3_index":"882830521dfffff","station_count":1,"program_id":"delta","program":"Delta","resolution":8,"stations":[{"station_id":"Conf-011","station_name":"Delta Confluence Subregion - Conf-011","lat":38.100046,"lon":-121.719033,"county":"SOLANO"}]}},{"type":"Feature","geometry":{"type":"Polygon","coordinates":[[[-121.68288234267284,38.070806086716026],[-121.67834990302693,38.07432552686123],[-121.67977519563573,38.07902466596167],[-121.68573328002115,38.080204186260886],[-121.69026552149072,38.07668462705885],[-121.68883987679959,38.07198566662515],[-121.68288234267284,38.070806086716026]]]},"properties":{"h3_index":"8828305245fffff","station_count":1,"program_id":"delta","program":"Delta","resolution":8,"stations":[{"station_id":"Conf-007","station_name":"Delta Confluence Subregion - Conf-007","lat":38.078031,"lon":-121.682563,"county":"SACRAMENTO"}]}},{"type":"Feature","geometry":{"type":"Polygon","coordinates":[[[-121.70813833799065,38.08022061566125],[-121.70360704450528,38.08374061758276],[-121.70503339175644,38.088438691522995],[-121.71099138428994,38.08961658472174],[-121.71552247899618,38.086096463877006],[-121.7140957799965,38.08139856876741],[-121.70813833799065,38.08022061566125]]]},"properties":{"h3_index":"8828305255fffff","station_count":1,"program_id":"delta","program":"Delta","resolution":8,"stations":[{"station_id":"Conf-023","station_name":"Delta Confluence Subregion - Conf-023","lat":38.084378,"lon":-121.710044,"county":"SACRAMENTO"}]}},{"type":"Feature","geometry":{"type":"Polygon","coordinates":[[[-121.59581137101625,38.097715187188285],[-121.5912723925544,38.10123182232959],[-121.59269486032089,38.10593212220914],[-121.59865666023259,38.10711560913353],[-121.60319544237264,38.103598854675155],[-121.60177262097116,38.09889873262026],[-121.59581137101625,38.097715187188285]]]},"properties":{"h3_index":"8828305361fffff","station_count":2,"program_id":"delta","program":"Delta","resolution":8,"stations":[{"station_id":"Cent-007","station_name":"Central Delta Subregion - Cent-007","lat":38.100008,"lon":-121.600551,"county":"SACRAMENTO"},{"station_id":"Cent-016","station_name":"Central Delta Subregion - Cent-016","lat":38.104203,"lon":-121.593001,"county":"SACRAMENTO"}]}},{"type":"Feature","geometry":{"type":"Polygon","coordinates":[[[-121.51119381342046,38.24432623212222],[-121.50664319859514,38.247838336154715],[-121.50806456580464,38.25253463513323],[-121.51403690385807,38.25371865363851],[-121.51858732371682,38.250206430433316],[-121.51716560053725,38.24551030790645],[-121.51119381342046,38.24432623212222]]]},"properties":{"h3_index":"8828305803fffff","station_count":1,"program_id":"delta","program":"Delta","resolution":8,"stations":[{"station_id":"SREM_SRNC","station_name":"Sacramento River End Member_SRNC","lat":38.253011,"lon":-121.512269,"county":"SACRAMENTO"}]}},{"type":"Feature","geometry":{"type":"Polygon","coordinates":[[[-121.49327798500532,38.2407718648976],[-121.48872642744416,38.24428351962217],[-121.49014708490317,38.24898043931679],[-121.49611965619893,38.25016552797785],[-121.50067101921236,38.24665375399797],[-121.49925000552629,38.241957010623274],[-121.49327798500532,38.2407718648976]]]},"properties":{"h3_index":"8828305805fffff","station_count":1,"program_id":"delta","program":"Delta","resolution":8,"stations":[{"station_id":"Nort-014","station_name":"Northeast Delta Subregion - Nort-014","lat":38.246966,"lon":-121.498288,"county":"SACRAMENTO"}]}},{"type":"Feature","geometry":{"type":"Polygon","coordinates":[[[-121.47962201101772,38.251306287717505],[-121.4750691521434,38.25481740090394],[-121.47648945035426,38.259514228651746],[-121.48246296400225,38.260699767065326],[-121.48701562859844,38.25718853460368],[-121.4855949738733,38.25249188301465],[-121.47962201101772,38.251306287717505]]]},"properties":{"h3_index":"8828305821fffff","station_count":1,"program_id":"delta","program":"Delta","resolution":8,"stations":[{"station_id":"Nort-006","station_name":"Northeast Delta Subregion - Nort-006","lat":38.253551,"lon":-121.479792,"county":"SAN JOAQUIN"}]}},{"type":"Feature","geometry":{"type":"Polygon","coordinates":[[[-121.4944097591329,38.263069773379655],[-121.48985728900448,38.26658112506815],[-121.4912782947108,38.271277063835896],[-121.49725212695718,38.27246147469899],[-121.50180440242832,38.26895000383196],[-121.50038304035894,38.26425424129133],[-121.4944097591329,38.263069773379655]]]},"properties":{"h3_index":"8828305835fffff","station_count":1,"program_id":"delta","program":"Delta","resolution":8,"stations":[{"station_id":"Nort-022","station_name":"Northeast Delta Subregion - Nort-022","lat":38.269635,"lon":-121.496414,"county":"SACRAMENTO"}]}},{"type":"Feature","geometry":{"type":"Polygon","coordinates":[[[-121.50266734939134,38.21614327054528],[-121.4981174516506,38.21965555709254],[-121.49953811712001,38.22435328014184],[-121.50550903628863,38.225538540144385],[-121.5100587393619,38.22202613429888],[-121.5086377179825,38.21732858776],[-121.50266734939134,38.21614327054528]]]},"properties":{"h3_index":"8828305841fffff","station_count":1,"program_id":"delta","program":"Delta","resolution":8,"stations":[{"station_id":"NFM1_SRNC","station_name":"North Fork Mokelumne River 1_SRNC","lat":38.222397,"lon":-121.507483,"county":"SACRAMENTO"}]}},{"type":"Feature","geometry":{"type":"Polygon","coordinates":[[[-121.49214669130738,38.21846973376887],[-121.48759604595256,38.22198169058586],[-121.48901635533068,38.2266795900479],[-121.49498766620339,38.22786535629115],[-121.49953811712001,38.22435328014184],[-121.4981174516506,38.21965555709254],[-121.49214669130738,38.21846973376887]]]},"properties":{"h3_index":"8828305845fffff","station_count":1,"program_id":"delta","program":"Delta","resolution":8,"stations":[{"station_id":"SFM1_SRNC","station_name":"South Fork Mokelumne River 1_SRNC","lat":38.224786,"lon":-121.491506,"county":"SAN JOAQUIN"}]}},{"type":"Feature","geometry":{"type":"Polygon","coordinates":[[[-121.50579602597787,38.20793278329643],[-121.50124668131546,38.21144528003198],[-121.50266734939134,38.21614327054528],[-121.5086377179825,38.21732858776],[-121.5131868679376,38.21381597171185],[-121.51176584405734,38.209118157772494],[-121.50579602597787,38.20793278329643]]]},"properties":{"h3_index":"8828305849fffff","station_count":1,"program_id":"delta","program":"Delta","resolution":8,"stations":[{"station_id":"Nort-013","station_name":"Northeast Delta Subregion - Nort-013","lat":38.209808,"lon":-121.507131,"county":"SAN JOAQUIN"}]}},{"type":"Feature","geometry":{"type":"Polygon","coordinates":[[[-121.52484305457706,38.23378883931236],[-121.52029374140672,38.237301483608874],[-121.52171546700293,38.24199787405084],[-121.52768686150092,38.2431814435945],[-121.53223597943574,38.23966868014525],[-121.5308138981566,38.234972466316],[-121.52484305457706,38.23378883931236]]]},"properties":{"h3_index":"8828305857fffff","station_count":1,"program_id":"delta","program":"Delta","resolution":8,"stations":[{"station_id":"Sacr-003","station_name":"Sacramento River Subregion - Sacr-003","lat":38.239172,"lon":-121.521494,"county":"SACRAMENTO"}]}},{"type":"Feature","geometry":{"type":"Polygon","coordinates":[[[-121.53109656310696,38.21736933624704],[-121.5265483562344,38.2208824007966],[-121.52797008656857,38.22557932658776],[-121.53394037929557,38.226763011100566],[-121.53848839085327,38.223249827369656],[-121.53706630504736,38.21855307831821],[-121.53109656310696,38.21736933624704]]]},"properties":{"h3_index":"8828305859fffff","station_count":1,"program_id":"delta","program":"Delta","resolution":8,"stations":[{"station_id":"Nort-007","station_name":"Northeast Delta Subregion - Nort-007","lat":38.224865,"lon":-121.534385,"county":"SACRAMENTO"}]}},{"type":"Feature","geometry":{"type":"Polygon","coordinates":[[[-121.48901635533068,38.2266795900479],[-121.48446515674233,38.23019133627165],[-121.48588546337648,38.234888968045695],[-121.49185732484439,38.236074677257704],[-121.49640832903448,38.232562811715965],[-121.49498766620339,38.22786535629115],[-121.48901635533068,38.2266795900479]]]},"properties":{"h3_index":"882830586bfffff","station_count":1,"program_id":"delta","program":"Delta","resolution":8,"stations":[{"station_id":"MOKEM_SRNC","station_name":"Mokelumne River End Member_SRNC","lat":38.230939,"lon":-121.490592,"county":"SACRAMENTO"}]}},{"type":"Feature","geometry":{"type":"Polygon","coordinates":[[[-121.58087756396667,38.289005755416746],[-121.5763292643727,38.29251914102117],[-121.57775381506526,38.29721170340335],[-121.58372702058116,38.29839070337172],[-121.58827512346328,38.2948771990173],[-121.58685021758997,38.290184813455404],[-121.58087756396667,38.289005755416746]]]},"properties":{"h3_index":"8828305891fffff","station_count":1,"program_id":"delta","program":"Delta","resolution":8,"stations":[{"station_id":"Sacr-025","station_name":"Sacramento River Subregion - Sacr-025","lat":38.294,"lon":-121.582442,"county":"SACRAMENTO"}]}},{"type":"Feature","geometry":{"type":"Polygon","coordinates":[[[-121.58712339558919,38.27259242208654],[-121.58257620312084,38.27610622858998],[-121.58400075743145,38.28079932818809],[-121.58997285922848,38.281978444346464],[-121.59451985490644,38.278464519064954],[-121.59309494562638,38.27377159641402],[-121.58712339558919,38.27259242208654]]]},"properties":{"h3_index":"88283058d3fffff","station_count":1,"program_id":"delta","program":"Delta","resolution":8,"stations":[{"station_id":"Sacr-017","station_name":"Sacramento River Subregion - Sacr-017","lat":38.274153,"lon":-121.588592,"county":"SACRAMENTO"}]}},{"type":"Feature","geometry":{"type":"Polygon","coordinates":[[[-121.43325406011479,38.2465071931022],[-121.42869857213239,38.25001707447932],[-121.43011709175806,38.2547153183669],[-121.43609145662363,38.25590350509168],[-121.44064675139661,38.25239350424093],[-121.43922787456194,38.24769543615002],[-121.43325406011479,38.2465071931022]]]},"properties":{"h3_index":"8828305909fffff","station_count":1,"program_id":"delta","program":"Delta","resolution":8,"stations":[{"station_id":"B9D81531264","station_name":"Mokelumne River at Benson's Ferry","lat":38.254614,"lon":-121.436581,"county":"SAN JOAQUIN"}]}},{"type":"Feature","geometry":{"type":"Polygon","coordinates":[[[-121.44064675139661,38.25239350424093],[-121.43609145662363,38.25590350509168],[-121.43751033022716,38.26060130491987],[-121.44348485578581,38.26178892807722],[-121.44803995715978,38.25827880780099],[-121.44662072642258,38.253581183803895],[-121.44064675139661,38.25239350424093]]]},"properties":{"h3_index":"882830590bfffff","station_count":1,"program_id":"delta","program":"Delta","resolution":8,"stations":[{"station_id":"544ADVLM6","station_name":"Lower Mokelumne River 6-544ADVLM6","lat":38.25542,"lon":-121.44006,"county":"SAN JOAQUIN"}]}},{"type":"Feature","geometry":{"type":"Polygon","coordinates":[[[-121.41847022176462,38.23473154894654],[-121.4139143479322,38.23824119123204],[-121.4153321595982,38.24294032284442],[-121.42130620250447,38.24412963645457],[-121.42586188350667,38.2406198745992],[-121.42444371448124,38.23592091871456],[-121.41847022176462,38.23473154894654]]]},"properties":{"h3_index":"8828305945fffff","station_count":1,"program_id":"delta","program":"Delta","resolution":8,"stations":[{"station_id":"544SAC002","station_name":"Mokelumne River at New Hope Road","lat":38.23611,"lon":-121.41889,"county":"SAN JOAQUIN"}]}},{"type":"Feature","geometry":{"type":"Polygon","coordinates":[[[-121.47335633319535,38.267721689825215],[-121.46880236697565,38.27123237993918],[-121.47022265941146,38.27592867086827],[-121.47619727484152,38.27711409566254],[-121.4807510468633,38.273603286301736],[-121.47933039770152,38.268907171404464],[-121.47335633319535,38.267721689825215]]]},"properties":{"h3_index":"88283059cdfffff","station_count":1,"program_id":"delta","program":"Delta","resolution":8,"stations":[{"station_id":"Nort-010","station_name":"Northeast Delta Subregion - Nort-010","lat":38.269986,"lon":-121.477449,"county":"SACRAMENTO"}]}},{"type":"Feature","geometry":{"type":"Polygon","coordinates":[[[-121.50606919086236,38.28303586500906],[-121.50151655645416,38.286547243518136],[-121.5029382670735,38.291242024066854],[-121.50891296846707,38.29242524988554],[-121.51346540787861,38.288913752308744],[-121.51204334094183,38.28421914799192],[-121.50606919086236,38.28303586500906]]]},"properties":{"h3_index":"88283059d1fffff","station_count":1,"program_id":"delta","program":"Delta","resolution":8,"stations":[{"station_id":"Nort-019","station_name":"Northeast Delta Subregion - Nort-019","lat":38.286125,"lon":-121.503182,"county":"SACRAMENTO"}]}},{"type":"Feature","geometry":{"type":"Polygon","coordinates":[[[-121.52569382831932,38.180970551132226],[-121.52114688986116,38.184484005893935],[-121.52256792105344,38.1891826210711],[-121.52853624605892,38.19036760463526],[-121.53308298946165,38.18685403055173],[-121.53166160296284,38.18215559223674],[-121.52569382831932,38.180970551132226]]]},"properties":{"h3_index":"8828305a01fffff","station_count":1,"program_id":"delta","program":"Delta","resolution":8,"stations":[{"station_id":"NFM3_SRNC","station_name":"North Fork Mokelumne River 3_SRNC","lat":38.182644,"lon":-121.526664,"county":"SAN JOAQUIN"}]}},{"type":"Feature","geometry":{"type":"Polygon","coordinates":[[[-121.54047266129659,38.19273650322948],[-121.53592611313839,38.19625019658621],[-121.53734785034166,38.20094792419765],[-121.54331649090669,38.20213178153296],[-121.54786284363125,38.198617968951716],[-121.54644075127288,38.19392041827055],[-121.54047266129659,38.19273650322948]]]},"properties":{"h3_index":"8828305a15fffff","station_count":2,"program_id":"delta","program":"Delta","resolution":8,"stations":[{"station_id":"Nort-016","station_name":"Northeast Delta Subregion - Nort-016","lat":38.201632,"lon":-121.541379,"county":"SACRAMENTO"},{"station_id":"GS2_SRNC","station_name":"Georgiana Slough 2_SRNC","lat":38.201247,"lon":-121.541736,"county":"SACRAMENTO"}]}},{"type":"Feature","geometry":{"type":"Polygon","coordinates":[[[-121.56149929959066,38.18807545624395],[-121.55695424796839,38.191589806215],[-121.55837669530061,38.19628717986836],[-121.56434454909615,38.197470026436285],[-121.56888940482767,38.19395555730922],[-121.56746660270285,38.189258360781146],[-121.56149929959066,38.18807545624395]]]},"properties":{"h3_index":"8828305a1bfffff","station_count":1,"program_id":"delta","program":"Delta","resolution":8,"stations":[{"station_id":"Sacr-012","station_name":"Sacramento River Subregion - Sacr-012","lat":38.192723,"lon":-121.567525,"county":"SACRAMENTO"}]}},{"type":"Feature","geometry":{"type":"Polygon","coordinates":[[[-121.51944145865406,38.19739421472764],[-121.51489341464251,38.20090725055207],[-121.51631444099188,38.20560533173134],[-121.52228386691877,38.20679020036198],[-121.52683171595422,38.20327704524466],[-121.52541033408731,38.198579140800504],[-121.51944145865406,38.19739421472764]]]},"properties":{"h3_index":"8828305a3dfffff","station_count":1,"program_id":"delta","program":"Delta","resolution":8,"stations":[{"station_id":"NFM2_SRNC","station_name":"North Fork Mokelumne River 2_SRNC","lat":38.202994,"lon":-121.518447,"county":"SAN JOAQUIN"}]}},{"type":"Feature","geometry":{"type":"Polygon","coordinates":[[[-121.53506822060807,38.15633148732777],[-121.53052293974852,38.159845568921625],[-121.53194397796746,38.16454498388982],[-121.53791065208455,38.165730140222145],[-121.5424557377699,38.1622159392628],[-121.54103434456074,38.15751670134746],[-121.53506822060807,38.15633148732777]]]},"properties":{"h3_index":"8828305a4bfffff","station_count":1,"program_id":"delta","program":"Delta","resolution":8,"stations":[{"station_id":"NFM4_SRNC","station_name":"North Fork Mokelumne River 4_SRNC","lat":38.160164,"lon":-121.533933,"county":"SAN JOAQUIN"}]}},{"type":"Feature","geometry":{"type":"Polygon","coordinates":[[[-121.4898855439808,38.173852825924634],[-121.48533672195659,38.17736538409201],[-121.48675633567203,38.18206523960426],[-121.49272512727988,38.18325236036162],[-121.49727375508462,38.17973968270721],[-121.49585378554941,38.175040003793384],[-121.4898855439808,38.173852825924634]]]},"properties":{"h3_index":"8828305a65fffff","station_count":1,"program_id":"delta","program":"Delta","resolution":8,"stations":[{"station_id":"SFM3_SRNC","station_name":"South Fork Mokelumne River 3_SRNC","lat":38.181264,"lon":-121.489256,"county":"SAN JOAQUIN"}]}},{"type":"Feature","geometry":{"type":"Polygon","coordinates":[[[-121.59960839774034,38.2397600163384],[-121.59506341834815,38.24327466212757],[-121.5964879795156,38.247968834237795],[-121.60245787467113,38.24914818336863],[-121.60700265711608,38.24563341874479],[-121.60557774140135,38.24093942383563],[-121.59960839774034,38.2397600163384]]]},"properties":{"h3_index":"8828305a97fffff","station_count":1,"program_id":"delta","program":"Delta","resolution":8,"stations":[{"station_id":"Sacr-006","station_name":"Sacramento River Subregion - Sacr-006","lat":38.240241,"lon":-121.601982,"county":"SACRAMENTO"}]}},{"type":"Feature","geometry":{"type":"Polygon","coordinates":[[[-121.6058475703403,38.223340949832775],[-121.60130369689895,38.226856014008064],[-121.60272826130546,38.231550721413456],[-121.60869705353828,38.23273018732634],[-121.6132407299542,38.22921500428785],[-121.6118158112113,38.224520474210514],[-121.6058475703403,38.223340949832775]]]},"properties":{"h3_index":"8828305a99fffff","station_count":1,"program_id":"delta","program":"Delta","resolution":8,"stations":[{"station_id":"Sacr-024","station_name":"Sacramento River Subregion - Sacr-024","lat":38.229703,"lon":-121.603385,"county":"SOLANO"}]}},{"type":"Feature","geometry":{"type":"Polygon","coordinates":[[[-121.54275535019518,38.237338650767],[-121.53820698096233,38.240851743580336],[-121.53962941553769,38.245547512911244],[-121.54560057482007,38.246730012695515],[-121.55014874839901,38.24321680081229],[-121.54872595839798,38.238521208225585],[-121.54275535019518,38.237338650767]]]},"properties":{"h3_index":"8828305aa5fffff","station_count":1,"program_id":"delta","program":"Delta","resolution":8,"stations":[{"station_id":"Sacr-018","station_name":"Sacramento River Subregion - Sacr-018","lat":38.239655,"lon":-121.539994,"county":"SACRAMENTO"}]}},{"type":"Feature","geometry":{"type":"Polygon","coordinates":[[[-121.54161376356305,38.21503968476085],[-121.53706630504736,38.21855307831821],[-121.53848839085327,38.223249827369656],[-121.54445829051372,38.224433006037444],[-121.54900555348566,38.22091949333299],[-121.54758311238939,38.21622292111875],[-121.54161376356305,38.21503968476085]]]},"properties":{"h3_index":"8828305ae5fffff","station_count":1,"program_id":"delta","program":"Delta","resolution":8,"stations":[{"station_id":"GS1_SRNC","station_name":"Georgiana Slough 1_SRNC","lat":38.223233,"lon":-121.541328,"county":"SACRAMENTO"}]}},{"type":"Feature","geometry":{"type":"Polygon","coordinates":[[[-121.4804962523416,38.198488636863104],[-121.47594577173429,38.20200056522496],[-121.47736537706136,38.20669961970118],[-121.48333581918077,38.207886569418726],[-121.4878861056885,38.20437452161328],[-121.48646614422485,38.199675643544865],[-121.4804962523416,38.198488636863104]]]},"properties":{"h3_index":"8828305b19fffff","station_count":1,"program_id":"delta","program":"Delta","resolution":8,"stations":[{"station_id":"SFM2_SRNC","station_name":"South Fork Mokelumne River 2_SRNC","lat":38.207314,"lon":-121.482539,"county":"SAN JOAQUIN"}]}},{"type":"Feature","geometry":{"type":"Polygon","coordinates":[[[-121.70579023585356,38.03558632064082],[-121.70126074836053,38.03910690136217],[-121.70268639563912,38.04380691810396],[-121.70864188194179,38.04498617511657],[-121.71317117087948,38.04146547531301],[-121.7117451721182,38.03676563758974],[-121.70579023585356,38.03558632064082]]]},"properties":{"h3_index":"882830c885fffff","station_count":1,"program_id":"delta","program":"Delta","resolution":8,"stations":[{"station_id":"Conf-008","station_name":"Delta Confluence Subregion - Conf-008","lat":38.043454,"lon":-121.709291,"county":"SACRAMENTO"}]}},{"type":"Feature","geometry":{"type":"Polygon","coordinates":[[[-121.72675643807493,38.03090232326157],[-121.72222844894046,38.03442354929318],[-121.72365479900348,38.03912320790087],[-121.72960948937023,38.040301461274986],[-121.73413727949756,38.03678011623037],[-121.73271057831369,38.03208063683528],[-121.72675643807493,38.03090232326157]]]},"properties":{"h3_index":"882830c88bfffff","station_count":1,"program_id":"delta","program":"Delta","resolution":8,"stations":[{"station_id":"Conf-024","station_name":"Delta Confluence Subregion - Conf-024","lat":38.039095,"lon":-121.724537,"county":"SACRAMENTO"}]}},{"type":"Feature","geometry":{"type":"Polygon","coordinates":[[[-121.69220047379643,38.04614753591102],[-121.68766968671439,38.049667589553856],[-121.6890949816245,38.0543675213188],[-121.6950514154333,38.055547220593894],[-121.69958200422423,38.052027047849336],[-121.6981563575459,38.0473272949421],[-121.69220047379643,38.04614753591102]]]},"properties":{"h3_index":"882830c8a1fffff","station_count":1,"program_id":"delta","program":"Delta","resolution":8,"stations":[{"station_id":"Conf-027","station_name":"Delta Confluence Subregion - Conf-027","lat":38.051607,"lon":-121.691584,"county":"CONTRA COSTA"}]}},{"type":"Feature","geometry":{"type":"Polygon","coordinates":[[[-121.74771804983592,38.026215030156784],[-121.7431915597247,38.02973690057893],[-121.74461861184847,38.034436200664395],[-121.75057250489077,38.03561345093183],[-121.75509879554346,38.03209146156604],[-121.75367139266076,38.027392340887104],[-121.74771804983592,38.026215030156784]]]},"properties":{"h3_index":"882830c8d3fffff","station_count":1,"program_id":"delta","program":"Delta","resolution":8,"stations":[{"station_id":"Conf-003","station_name":"Delta Confluence Subregion - Conf-003","lat":38.029355,"lon":-121.754009,"county":"SACRAMENTO"}]}},{"type":"Feature","geometry":{"type":"Polygon","coordinates":[[[-121.75081693740809,38.017993393339644],[-121.746290997561,38.02151546665326],[-121.74771804983592,38.026215030156784],[-121.75367139266076,38.027392340887104],[-121.75819713301163,38.02387014861472],[-121.75676973008224,38.019170764581425],[-121.75081693740809,38.017993393339644]]]},"properties":{"h3_index":"882830c8dbfffff","station_count":1,"program_id":"delta","program":"Delta","resolution":8,"stations":[{"station_id":"Conf-010","station_name":"Delta Confluence Subregion - Conf-010","lat":38.025202,"lon":-121.748279,"county":"CONTRA COSTA"}]}},{"type":"Feature","geometry":{"type":"Polygon","coordinates":[[[-121.73295806411525,38.01445915387251],[-121.7284311756504,38.01798078625796],[-121.72985752640267,38.02268097179468],[-121.73581111658001,38.0238593456166],[-121.74033780596194,38.02033759418793],[-121.7389111042978,38.0156375879912],[-121.73295806411525,38.01445915387251]]]},"properties":{"h3_index":"882830c8ddfffff","station_count":1,"program_id":"delta","program":"Delta","resolution":8,"stations":[{"station_id":"Conf-004","station_name":"Delta Confluence Subregion - Conf-004","lat":38.021703,"lon":-121.735157,"county":"CONTRA COSTA"}]}},{"type":"Feature","geometry":{"type":"Polygon","coordinates":[[[-121.59235951717092,38.03074084373068],[-121.58782325783409,38.034258356097226],[-121.58924468033378,38.03896157025046],[-121.59520271545112,38.040147093943],[-121.59973877879723,38.0366294620222],[-121.59831700306499,38.0319264259739],[-121.59235951717092,38.03074084373068]]]},"properties":{"h3_index":"882830c931fffff","station_count":1,"program_id":"delta","program":"Delta","resolution":8,"stations":[{"station_id":"Cent-004","station_name":"Central Delta Subregion - Cent-004","lat":38.038042,"lon":-121.596678,"county":"CONTRA COSTA"}]}},{"type":"Feature","geometry":{"type":"Polygon","coordinates":[[[-121.58924468033378,38.03896157025046],[-121.58470787008025,38.042478877231254],[-121.58612929084754,38.04718182743299],[-121.59208787525402,38.048367292623475],[-121.59662448955581,38.044849866103476],[-121.59520271545112,38.040147093943],[-121.58924468033378,38.03896157025046]]]},"properties":{"h3_index":"882830c937fffff","station_count":1,"program_id":"delta","program":"Delta","resolution":8,"stations":[{"station_id":"Cent-008","station_name":"Central Delta Subregion - Cent-008","lat":38.042058,"lon":-121.590154,"county":"CONTRA COSTA"}]}},{"type":"Feature","geometry":{"type":"Polygon","coordinates":[[[-121.60285251555274,38.028408588862725],[-121.59831700306499,38.0319264259739],[-121.59973877879723,38.0366294620222],[-121.60569642011751,38.037814482767565],[-121.6102317363875,38.03429652613621],[-121.60880960760329,38.029593668290445],[-121.60285251555274,38.028408588862725]]]},"properties":{"h3_index":"882830c93bfffff","station_count":1,"program_id":"delta","program":"Delta","resolution":8,"stations":[{"station_id":"Cent-011","station_name":"Central Delta Subregion - Cent-011","lat":38.034919,"lon":-121.600466,"county":"CONTRA COSTA"}]}},{"type":"Feature","geometry":{"type":"Polygon","coordinates":[[[-121.58498076269262,38.024851222129826],[-121.58044430755325,38.02836861489292],[-121.58186537844574,38.033072270906715],[-121.58782325783409,38.034258356097226],[-121.59235951717092,38.03074084373068],[-121.59093809297022,38.02603736578787],[-121.58498076269262,38.024851222129826]]]},"properties":{"h3_index":"882830c93dfffff","station_count":1,"program_id":"delta","program":"Delta","resolution":8,"stations":[{"station_id":"Cent-020","station_name":"Central Delta Subregion - Cent-020","lat":38.029193,"lon":-121.58338,"county":"CONTRA COSTA"}]}},{"type":"Feature","geometry":{"type":"Polygon","coordinates":[[[-121.5795708962466,37.9884010813673],[-121.57503570188204,37.991918849533036],[-121.57645607522386,37.99662417886826],[-121.58241199612348,37.99781156185442],[-121.58694699494455,37.99429367394119],[-121.58552626845773,37.98958852280008],[-121.5795708962466,37.9884010813673]]]},"properties":{"h3_index":"882830c945fffff","station_count":1,"program_id":"delta","program":"Delta","resolution":8,"stations":[{"station_id":"Cent-009","station_name":"Central Delta Subregion - Cent-009","lat":37.991086,"lon":-121.577781,"county":"SAN JOAQUIN"}]}},{"type":"Feature","geometry":{"type":"Polygon","coordinates":[[[-121.63548343001679,38.04373426454375],[-121.63094925444496,38.04725278448043],[-121.63237243758277,38.051954315748624],[-121.63833014898454,38.05313714868945],[-121.64286412754744,38.0496185094146],[-121.64144059176581,38.04491715654786],[-121.63548343001679,38.04373426454375]]]},"properties":{"h3_index":"882830c98dfffff","station_count":1,"program_id":"delta","program":"Delta","resolution":8,"stations":[{"station_id":"Cent-023","station_name":"Central Delta Subregion - Cent-023","lat":38.051593,"lon":-121.634194,"county":"CONTRA COSTA"}]}},{"type":"Feature","geometry":{"type":"Polygon","coordinates":[[[-121.67860681292295,38.056707169114816],[-121.6740747262027,38.060226694848296],[-121.67549966832304,38.06492654125024],[-121.6814570492658,38.066106683232505],[-121.68598893795955,38.0625870383778],[-121.6845636437854,38.05788737067275],[-121.67860681292295,38.056707169114816]]]},"properties":{"h3_index":"882830c99bfffff","station_count":1,"program_id":"delta","program":"Delta","resolution":8,"stations":[{"station_id":"Conf-019","station_name":"Delta Confluence Subregion - Conf-019","lat":38.059039,"lon":-121.677863,"county":"CONTRA COSTA"}]}},{"type":"Feature","geometry":{"type":"Polygon","coordinates":[[[-121.6218796046384,38.05428929489012],[-121.61734413039335,38.05780728517854],[-121.61876695929966,38.06250873056856],[-121.62472561542876,38.063692007440565],[-121.62926089293043,38.06017389779472],[-121.62783771109474,38.05547263064506],[-121.6218796046384,38.05428929489012]]]},"properties":{"h3_index":"882830c9a9fffff","station_count":1,"program_id":"delta","program":"Delta","resolution":8,"stations":[{"station_id":"Cent-019","station_name":"Central Delta Subregion - Cent-019","lat":38.061566,"lon":-121.619269,"county":"CONTRA COSTA"}]}},{"type":"Feature","geometry":{"type":"Polygon","coordinates":[[[-121.70344412087194,37.990935353413455],[-121.69891643795295,37.99445650912875],[-121.70034138592793,37.999158463988856],[-121.70629436808734,38.0003390839379],[-121.7108218526744,37.99681780898051],[-121.70939655348228,37.99211603332683],[-121.70344412087194,37.990935353413455]]]},"properties":{"h3_index":"882830caa5fffff","station_count":1,"program_id":"delta","program":"Delta","resolution":8,"stations":[{"station_id":"B9C75861385","station_name":"Rock Slough at CCWD Fish Facility","lat":37.9955,"lon":-121.7018,"county":"CONTRA COSTA"}]}},{"type":"Feature","geometry":{"type":"Polygon","coordinates":[[[-121.84130181704504,38.05792541918709],[-121.83677973342793,38.06144940621145],[-121.83821064005627,38.066144883952596],[-121.84416397984661,38.06731619465569],[-121.8486858617898,38.06379208917699],[-121.84725460566503,38.05909679146012],[-121.84130181704504,38.05792541918709]]]},"properties":{"h3_index":"882830cc01fffff","station_count":1,"program_id":"delta","program":"Delta","resolution":8,"stations":[{"station_id":"Conf-006","station_name":"Delta Confluence Subregion - Conf-006","lat":38.062165,"lon":-121.84303,"county":"SACRAMENTO"}]}},{"type":"Feature","geometry":{"type":"Polygon","coordinates":[[[-121.83271813700014,38.029747433255],[-121.82819675092155,38.03327158738121],[-121.8296269555374,38.037968479817934],[-121.83557889572234,38.03914103805302],[-121.84010008042833,38.035616765342326],[-121.83866952637047,38.030920052991604],[-121.83271813700014,38.029747433255]]]},"properties":{"h3_index":"882830cc4dfffff","station_count":1,"program_id":"delta","program":"Delta","resolution":8,"stations":[{"station_id":"Conf-009","station_name":"Delta Confluence Subregion - Conf-009","lat":38.035015,"lon":-121.831321,"county":"SACRAMENTO"}]}},{"type":"Feature","geometry":{"type":"Polygon","coordinates":[[[-121.82344294414038,38.05440917617086],[-121.81891990743053,38.05793272374051],[-121.82035011394903,38.06262882521716],[-121.82630370698071,38.06380119923977],[-121.83082654242934,38.060277533130595],[-121.829395986156,38.0555816115489],[-121.82344294414038,38.05440917617086]]]},"properties":{"h3_index":"882830cc63fffff","station_count":1,"program_id":"delta","program":"Delta","resolution":8,"stations":[{"station_id":"Conf-002","station_name":"Delta Confluence Subregion - Conf-002","lat":38.059262,"lon":-121.82224,"county":"SACRAMENTO"}]}},{"type":"Feature","geometry":{"type":"Polygon","coordinates":[[[-121.80558331333015,38.05088974372402],[-121.80105932432978,38.054412851488486],[-121.8024888303998,38.05910957640768],[-121.80844267553178,38.06028301380749],[-121.81296646368386,38.05675978741845],[-121.8115366076007,38.05206324226477],[-121.80558331333015,38.05088974372402]]]},"properties":{"h3_index":"882830cc65fffff","station_count":1,"program_id":"delta","program":"Delta","resolution":8,"stations":[{"station_id":"Conf-018","station_name":"Delta Confluence Subregion - Conf-018","lat":38.056084,"lon":-121.807265,"county":"SACRAMENTO"}]}},{"type":"Feature","geometry":{"type":"Polygon","coordinates":[[[-121.7710490186905,38.06615400618565],[-121.76652222641768,38.06967594554945],[-121.76795068144229,38.07437294505204],[-121.77390627944949,38.07554782578963],[-121.77843287158754,38.07202576771131],[-121.77700406590162,38.06732894762056],[-121.7710490186905,38.06615400618565]]]},"properties":{"h3_index":"882830cd09fffff","station_count":1,"program_id":"delta","program":"Delta","resolution":8,"stations":[{"station_id":"Conf-013","station_name":"Delta Confluence Subregion - Conf-013","lat":38.074392,"lon":-121.772879,"county":"SOLANO"}]}},{"type":"Feature","geometry":{"type":"Polygon","coordinates":[[[-121.79201004479881,38.06145854277452],[-121.78748475425628,38.06498112611142],[-121.78891391042228,38.06967776669362],[-121.79486870747807,38.07085164434428],[-121.7993937974349,38.06732894236274],[-121.79796429097009,38.06263248138578],[-121.79201004479881,38.06145854277452]]]},"properties":{"h3_index":"882830cd51fffff","station_count":1,"program_id":"delta","program":"Delta","resolution":8,"stations":[{"station_id":"Conf-025","station_name":"Delta Confluence Subregion - Conf-025","lat":38.065923,"lon":-121.793419,"county":"SOLANO"}]}},{"type":"Feature","geometry":{"type":"Polygon","coordinates":[[[-121.9145963883954,38.041437640208734],[-121.91007957218001,38.044963867185444],[-121.91151292147327,38.04965808273363],[-121.91746343525666,38.050825890617375],[-121.92198004822716,38.0472995454335],[-121.92054635070767,38.04260551058355],[-121.9145963883954,38.041437640208734]]]},"properties":{"h3_index":"882830ce81fffff","station_count":1,"program_id":"delta","program":"Delta","resolution":8,"stations":[{"station_id":"207SRD10A","station_name":"Sacramento River at Mallard Island","lat":38.04288,"lon":-121.92011,"county":"CONTRA COSTA","waterbody":"Suisun Bay"}]}},{"type":"Feature","geometry":{"type":"Polygon","coordinates":[[[-121.82224495968927,38.03209846709544],[-121.81772282235028,38.03562230062688],[-121.81915267734291,38.04031937305304],[-121.82510501934624,38.0414924319689],[-121.8296269555374,38.037968479817934],[-121.82819675092155,38.03327158738121],[-121.82224495968927,38.03209846709544]]]},"properties":{"h3_index":"882830cf13fffff","station_count":1,"program_id":"delta","program":"Delta","resolution":8,"stations":[{"station_id":"Conf-001","station_name":"Delta Confluence Subregion - Conf-001","lat":38.041066,"lon":-121.824614,"county":"SACRAMENTO"}]}},{"type":"Feature","geometry":{"type":"Polygon","coordinates":[[[-121.8179557472768,38.018005753140535],[-121.81343395901595,38.02152966994753],[-121.81486346319934,38.02622744901983],[-121.82081510528796,38.02740113127547],[-121.82533669255149,38.02387709578383],[-121.8239068387722,38.01917949673178],[-121.8179557472768,38.018005753140535]]]},"properties":{"h3_index":"882830cf19fffff","station_count":1,"program_id":"delta","program":"Delta","resolution":8,"stations":[{"station_id":"Conf-005","station_name":"Delta Confluence Subregion - Conf-005","lat":38.023859,"lon":-121.816109,"county":"SACRAMENTO"}]}},{"type":"Feature","geometry":{"type":"Polygon","coordinates":[[[-121.80748246626202,38.02035542580291],[-121.80295992719047,38.02387902194513],[-121.80438908159685,38.02857698094102],[-121.81034112490026,38.02975116388167],[-121.81486346319934,38.02622744901983],[-121.81343395901595,38.02152966994753],[-121.80748246626202,38.02035542580291]]]},"properties":{"h3_index":"882830cf1dfffff","station_count":1,"program_id":"delta","program":"Delta","resolution":8,"stations":[{"station_id":"Conf-021","station_name":"Delta Confluence Subregion - Conf-021","lat":38.027242,"lon":-121.811241,"county":"SACRAMENTO"}]}},{"type":"Feature","geometry":{"type":"Polygon","coordinates":[[[-121.77605571491672,38.02739951422488],[-121.77153092440112,38.03092214699166],[-121.77295902838989,38.03562064517808],[-121.77891227326296,38.036796330974894],[-121.78343686368143,38.03327357938383],[-121.78200840937235,38.02857526083085],[-121.77605571491672,38.02739951422488]]]},"properties":{"h3_index":"882830cf2bfffff","station_count":1,"program_id":"delta","program":"Delta","resolution":8,"stations":[{"station_id":"Conf-026","station_name":"Delta Confluence Subregion - Conf-026","lat":38.035816,"lon":-121.776929,"county":"SACRAMENTO"}]}},{"type":"Feature","geometry":{"type":"Polygon","coordinates":[[[-121.79820066308233,38.04501869434553],[-121.79367647342146,38.048541683435445],[-121.79510562897595,38.05323885186792],[-121.80105932432978,38.054412851488486],[-121.80558331333015,38.05088974372402],[-121.80415380768564,38.04619275502414],[-121.79820066308233,38.04501869434553]]]},"properties":{"h3_index":"882830cf33fffff","station_count":1,"program_id":"delta","program":"Delta","resolution":8,"stations":[{"station_id":"Conf-014","station_name":"Delta Confluence Subregion - Conf-014","lat":38.047866,"lon":-121.794964,"county":"SACRAMENTO"}]}},{"type":"Feature","geometry":{"type":"Polygon","coordinates":[[[-121.80129514724644,38.03679807057926],[-121.79677150787974,38.04032126223027],[-121.79820066308233,38.04501869434553],[-121.80415380768564,38.04619275502414],[-121.8086772463545,38.04266944468358],[-121.80724774116632,38.03797219236454],[-121.80129514724644,38.03679807057926]]]},"properties":{"h3_index":"882830cf3bfffff","station_count":1,"program_id":"delta","program":"Delta","resolution":8,"stations":[{"station_id":"Conf-017","station_name":"Delta Confluence Subregion - Conf-017","lat":38.044987,"lon":-121.802135,"county":"SACRAMENTO"}]}},{"type":"Feature","geometry":{"type":"Polygon","coordinates":[[[-121.61379750801804,37.89791623562247],[-121.60926836283672,37.901436241663866],[-121.61068875455611,37.90614445514736],[-121.6166386434995,37.907332483704586],[-121.62116759271031,37.90381235774534],[-121.61974684899636,37.89910432315741],[-121.61379750801804,37.89791623562247]]]},"properties":{"h3_index":"882830d9a9fffff","station_count":1,"program_id":"delta","program":"Delta","resolution":8,"stations":[{"station_id":"Cent-005","station_name":"Central Delta Subregion - Cent-005","lat":37.901526,"lon":-121.613998,"county":"CONTRA COSTA"}]}},{"type":"Feature","geometry":{"type":"Polygon","coordinates":[[[-121.58088494653295,37.807222949666006],[-121.57635772778589,37.81074332412498],[-121.57777567685447,37.81545617605508],[-121.5837211966141,37.81664847449696],[-121.58824822046853,37.81312797967811],[-121.58682991950393,37.80841530678798],[-121.58088494653295,37.807222949666006]]]},"properties":{"h3_index":"882830db21fffff","station_count":1,"program_id":"delta","program":"Delta","resolution":8,"stations":[{"station_id":"544DMC020","station_name":"DMC off HWY 4 ","lat":37.81239,"lon":-121.57887,"county":"CONTRA COSTA"}]}},{"type":"Feature","geometry":{"type":"Polygon","coordinates":[[[-121.60918990111273,37.80846912292906],[-121.60466436472466,37.811990259798975],[-121.60608336741672,37.81670231480127],[-121.61202825800682,37.81789305367411],[-121.6165535988641,37.814371796561055],[-121.61513424471006,37.80965992082898],[-121.60918990111273,37.80846912292906]]]},"properties":{"h3_index":"882830db39fffff","station_count":1,"program_id":"delta","program":"Delta","resolution":8,"stations":[{"station_id":"KA000331","station_name":"Banks Pumping Plant","lat":37.814797,"lon":-121.615733,"county":"CONTRA COSTA"}]}},{"type":"Feature","geometry":{"type":"Polygon","coordinates":[[[-121.58710183511764,37.79075511624551],[-121.58257571325845,37.794275892088116],[-121.58399366591145,37.79898926293767],[-121.58993809215917,37.80018167878754],[-121.5944640190482,37.79666078255285],[-121.59304571470759,37.79194759087105],[-121.58710183511764,37.79075511624551]]]},"properties":{"h3_index":"882830db63fffff","station_count":1,"program_id":"delta","program":"Delta","resolution":8,"stations":[{"station_id":"B9C74781351","station_name":"Jones Pumping Plant","lat":37.7969,"lon":-121.5855,"county":"ALAMEDA"}]}},{"type":"Feature","geometry":{"type":"Polygon","coordinates":[[[-121.62904281843794,38.66838177189315],[-121.62448069652675,38.671890666784975],[-121.62591228782225,38.67656554966835],[-121.63190635812221,38.67773136220597],[-121.63646828076953,38.67422234995303],[-121.63503633242998,38.669547642534546],[-121.62904281843794,38.66838177189315]]]},"properties":{"h3_index":"882832a2d9fffff","station_count":1,"program_id":"delta","program":"Delta","resolution":8,"stations":[{"station_id":"519SUT108","station_name":"Sacramento River at Elkhorn Boat Launch Facility","lat":38.67245,"lon":-121.625,"county":"SACRAMENTO"}]}},{"type":"Feature","geometry":{"type":"Polygon","coordinates":[[[-121.4788861622577,38.6566627837309],[-121.47431530358375,38.66016761007051],[-121.47574117505471,38.66484694488828],[-121.48173826459198,38.66602127907868],[-121.48630892746914,38.66251633473732],[-121.48488269665495,38.6578371742184],[-121.4788861622577,38.6566627837309]]]},"properties":{"h3_index":"882832a309fffff","station_count":1,"program_id":"delta","program":"Delta","resolution":8,"stations":[{"station_id":"519SHCDDC","station_name":"Steelhead Creek main stem downstream of confluence with Dry Creek","lat":38.66407,"lon":-121.4772,"county":"SACRAMENTO"}]}},{"type":"Feature","geometry":{"type":"Polygon","coordinates":[[[-121.45460222669615,38.66950561641532],[-121.45002930294764,38.67300954736163],[-121.45145445206536,38.677688954484104],[-121.45745288479813,38.678864256629424],[-121.46202561325559,38.67536020762379],[-121.46060010432042,38.67068097454329],[-121.45460222669615,38.66950561641532]]]},"properties":{"h3_index":"882832a329fffff","station_count":1,"program_id":"delta","program":"Delta","resolution":8,"stations":[{"station_id":"519DRYRLB","station_name":"Terminus of Dry Creek at Rio Linda Blvd","lat":38.67109,"lon":-121.45415,"county":"SACRAMENTO"}]}},{"type":"Feature","geometry":{"type":"Polygon","coordinates":[[[-121.47146391427314,38.65080821472023],[-121.46689285999418,38.65431292301059],[-121.4683183749151,38.658992707812686],[-121.47431530358375,38.66016761007051],[-121.4788861622577,38.6566627837309],[-121.47746028791713,38.65198317319381],[-121.47146391427314,38.65080821472023]]]},"properties":{"h3_index":"882832a347fffff","station_count":1,"program_id":"delta","program":"Delta","resolution":8,"stations":[{"station_id":"519SHCDRC","station_name":"Steelhead Creek main stem downstream of Robla and Steelhead Creek confluence","lat":38.6565,"lon":-121.475453,"county":"SACRAMENTO"}]}},{"type":"Feature","geometry":{"type":"Polygon","coordinates":[[[-121.72486191131998,38.796772078762004],[-121.72030000630788,38.800281637581016],[-121.72173693223306,38.804948351493984],[-121.72773611963194,38.80610533095617],[-121.73229782269776,38.80259565555818],[-121.7308605403604,38.79792911728792],[-121.72486191131998,38.796772078762004]]]},"properties":{"h3_index":"882832a4edfffff","station_count":1,"program_id":"delta","program":"Delta","resolution":8,"stations":[{"station_id":"A0294500","station_name":"Colusa Basin Ag Drain","lat":38.801973,"lon":-121.725518,"county":"YOLO"}]}},{"type":"Feature","geometry":{"type":"Polygon","coordinates":[[[-121.39338877108415,38.72790135973024],[-121.38880948312448,38.73140260749189],[-121.39023316918298,38.7360810489969],[-121.39623650444616,38.737258069475686],[-121.4008155982939,38.73375670358882],[-121.39939155103959,38.72907843535958],[-121.39338877108415,38.72790135973024]]]},"properties":{"h3_index":"882832aa55fffff","station_count":1,"program_id":"delta","program":"Delta","resolution":8,"stations":[{"station_id":"519DRYWAB","station_name":"Dry Creek at Watt Ave bridge","lat":38.73456,"lon":-121.3929,"county":"PLACER"}]}},{"type":"Feature","geometry":{"type":"Polygon","coordinates":[[[-121.31502442350411,38.730108508518704],[-121.31044023585258,38.73360747394419],[-121.31186103490586,38.73828785339362],[-121.31786638410861,38.739469094805415],[-121.32245037943765,38.7359700109529],[-121.3210292179355,38.731289804126924],[-121.31502442350411,38.730108508518704]]]},"properties":{"h3_index":"882832ab4bfffff","station_count":1,"program_id":"delta","program":"Delta","resolution":8,"stations":[{"station_id":"519DRYCRK","station_name":"Dry Creek at Roseville WWTP","lat":38.734098,"lon":-121.314445,"county":"PLACER"}]}},{"type":"Feature","geometry":{"type":"Polygon","coordinates":[[[-121.3330385828722,38.73365131269659],[-121.32845533934169,38.73715073807919],[-121.32987685875575,38.74183049476912],[-121.33588198393905,38.74301065333242],[-121.34046503472015,38.739511109604095],[-121.33904315311642,38.73483152566947],[-121.3330385828722,38.73365131269659]]]},"properties":{"h3_index":"882832ab59fffff","station_count":1,"program_id":"delta","program":"Delta","resolution":8,"stations":[{"station_id":"519DRYCRB","station_name":"Dry Creek at Cook Riolo Rd bridge","lat":38.73672,"lon":-121.3367,"county":"PLACER"}]}},{"type":"Feature","geometry":{"type":"Polygon","coordinates":[[[-121.51030521342513,38.57479400300097],[-121.50573992933505,38.578301013590064],[-121.5071658280518,38.582983098532615],[-121.5131573691818,38.58415799796728],[-121.51772245707117,38.58065086925015],[-121.51629620008026,38.57596895923744],[-121.51030521342513,38.57479400300097]]]},"properties":{"h3_index":"882832b035fffff","station_count":1,"program_id":"delta","program":"Delta","resolution":8,"stations":[{"station_id":"Sacr-019","station_name":"Sacramento River Subregion - Sacr-019","lat":38.575381,"lon":-121.511692,"county":"YOLO"}]}},{"type":"Feature","geometry":{"type":"Polygon","coordinates":[[[-121.5185797811837,38.52798162598205],[-121.51401708447622,38.53148960266335],[-121.5154426401801,38.53617350533724],[-121.52143125045772,38.53734925612894],[-121.5259937509548,38.533841161207235],[-121.52456783743365,38.529157433745254],[-121.5185797811837,38.52798162598205]]]},"properties":{"h3_index":"882832b041fffff","station_count":1,"program_id":"delta","program":"Delta","resolution":8,"stations":[{"station_id":"Sacr-015","station_name":"Sacramento River Subregion - Sacr-015","lat":38.534813,"lon":-121.519246,"county":"SACRAMENTO"}]}},{"type":"Feature","geometry":{"type":"Polygon","coordinates":[[[-121.52912978150779,38.52564912258105],[-121.52456783743365,38.529157433745254],[-121.5259937509548,38.533841161207235],[-121.53198196623337,38.53501640220712],[-121.5365437138661,38.53150797283743],[-121.53511744271064,38.52682442068433],[-121.52912978150779,38.52564912258105]]]},"properties":{"h3_index":"882832b04bfffff","station_count":1,"program_id":"delta","program":"Delta","resolution":8,"stations":[{"station_id":"B9D83221310","station_name":"Sacramento River at Westin Boat Dock","lat":38.530034,"lon":-121.530912,"county":"YOLO"}]}},{"type":"Feature","geometry":{"type":"Polygon","coordinates":[[[-121.50088537839206,38.59935981384535],[-121.49631842296293,38.60286617134029],[-121.49774431384404,38.60754743289607],[-121.50373751879779,38.60872216222758],[-121.50830427814697,38.605215686642865],[-121.50687802867135,38.60053459982751],[-121.50088537839206,38.59935981384535]]]},"properties":{"h3_index":"882832b189fffff","station_count":1,"program_id":"delta","program":"Delta","resolution":8,"stations":[{"station_id":"519AMNDVY","station_name":"American River at Discovery Park","lat":38.60094,"lon":-121.5055,"county":"SACRAMENTO"}]}},{"type":"Feature","geometry":{"type":"Polygon","coordinates":[[[-121.4692019357185,38.60635045382491],[-121.46463272133563,38.609855801914854],[-121.46605753533356,38.61453758711036],[-121.47205192290771,38.61571384977742],[-121.47662094190656,38.61220838349283],[-121.4751957687643,38.60752677274692],[-121.4692019357185,38.60635045382491]]]},"properties":{"h3_index":"882832b1e7fffff","station_count":1,"program_id":"delta","program":"Delta","resolution":8,"stations":[{"station_id":"A0V83671280","station_name":"Natomas East Main Drainage Canal","lat":38.6111,"lon":-121.4673,"county":"SACRAMENTO"}]}},{"type":"Feature","geometry":{"type":"Polygon","coordinates":[[[-121.55221273058902,38.490542098876176],[-121.54765376379326,38.494051606401676],[-121.54908004375176,38.49873625015802],[-121.5550656475805,38.49991121074119],[-121.55962441754443,38.49640158499285],[-121.55819778056038,38.491717116895146],[-121.55221273058902,38.490542098876176]]]},"properties":{"h3_index":"882832b20bfffff","station_count":1,"program_id":"delta","program":"Delta","resolution":8,"stations":[{"station_id":"Sacr-023","station_name":"Sacramento River Subregion - Sacr-023","lat":38.494161,"lon":-121.555867,"county":"SACRAMENTO"}]}},{"type":"Feature","geometry":{"type":"Polygon","coordinates":[[[-121.54594679879129,38.50692991356132],[-121.54138671995626,38.51043899044902],[-121.54281299557715,38.515123088719776],[-121.54879970732038,38.51629793458169],[-121.55335958940324,38.5127887394974],[-121.55193295654396,38.50810481675881],[-121.54594679879129,38.50692991356132]]]},"properties":{"h3_index":"882832b239fffff","station_count":1,"program_id":"delta","program":"Delta","resolution":8,"stations":[{"station_id":"Sacr-011","station_name":"Sacramento River Subregion - Sacr-011","lat":38.514541,"lon":-121.545627,"county":"SACRAMENTO"}]}},{"type":"Feature","geometry":{"type":"Polygon","coordinates":[[[-121.38004854111502,38.03252594515801],[-121.37549920521083,38.036037508852246],[-121.37691283456583,38.040746205246386],[-121.38287615644028,38.04194316162852],[-121.3874253011338,38.038431477549594],[-121.38601131521168,38.033722957484194],[-121.38004854111502,38.03252594515801]]]},"properties":{"h3_index":"88283620cbfffff","station_count":1,"program_id":"delta","program":"Delta","resolution":8,"stations":[{"station_id":"Sout-006","station_name":"South Delta Subregion - Sout-006","lat":38.032827,"lon":-121.379842,"county":"SAN JOAQUIN"}]}},{"type":"Feature","geometry":{"type":"Polygon","coordinates":[[[-121.34411485027503,37.95003963911412],[-121.33956693626276,37.9535513971706],[-121.34097811723815,37.9582644903584],[-121.34693756883468,37.959465649098505],[-121.3514852927513,37.95595377024192],[-121.35007375521502,37.951240853456326],[-121.34411485027503,37.95003963911412]]]},"properties":{"h3_index":"8828362209fffff","station_count":1,"program_id":"delta","program":"Delta","resolution":8,"stations":[{"station_id":"Sout-013","station_name":"South Delta Subregion - Sout-013","lat":37.952684,"lon":-121.341496,"county":"SAN JOAQUIN"}]}},{"type":"Feature","geometry":{"type":"Polygon","coordinates":[[[-121.37673371368504,37.96546612072854],[-121.37218711207545,37.96897856880572],[-121.37359970675763,37.97369016743662],[-121.37955925925614,37.97488914139503],[-121.38410566997672,37.971376572695895],[-121.38269271913587,37.966665150671254],[-121.37673371368504,37.96546612072854]]]},"properties":{"h3_index":"882836221bfffff","station_count":2,"program_id":"delta","program":"Delta","resolution":8,"stations":[{"station_id":"544SJRNBC","station_name":"San Joaquin River near Buckley Cove","lat":37.97417,"lon":-121.37601,"county":"SAN JOAQUIN"},{"station_id":"544LSAC13","station_name":"San Joaquin R at Buckley Cove","lat":37.971833,"lon":-121.373619,"county":"SAN JOAQUIN"}]}},{"type":"Feature","geometry":{"type":"Polygon","coordinates":[[[-121.33470298593475,37.974712782062866],[-121.33015341915895,37.9782239177076],[-121.33156458741118,37.982936221775496],[-121.337525679364,37.984137213998686],[-121.3420750561667,37.98062595760034],[-121.34066353103768,37.975913829743426],[-121.33470298593475,37.974712782062866]]]},"properties":{"h3_index":"882836223dfffff","station_count":1,"program_id":"delta","program":"Delta","resolution":8,"stations":[{"station_id":"B9D75891188","station_name":"Calaveras River at UOP Footbridge","lat":37.980025,"lon":-121.336477,"county":"SAN JOAQUIN"}]}},{"type":"Feature","geometry":{"type":"Polygon","coordinates":[[[-121.40622461973908,37.989101928236344],[-121.40167878281473,37.99261485851036],[-121.40309278700973,37.997324697727],[-121.40905298403791,37.99852142993469],[-121.41359862932036,37.99500837923276],[-121.41218426926463,37.99029871676197],[-121.40622461973908,37.989101928236344]]]},"properties":{"h3_index":"88283622d5fffff","station_count":1,"program_id":"delta","program":"Delta","resolution":8,"stations":[{"station_id":"Sout-007","station_name":"South Delta Subregion - Sout-007","lat":37.997654,"lon":-121.410041,"county":"SAN JOAQUIN"}]}},{"type":"Feature","geometry":{"type":"Polygon","coordinates":[[[-121.3673300284493,37.9901368498162],[-121.36278177387685,37.99364867592876],[-121.36419435681121,37.99835948474071],[-121.37015555084054,37.99955829103604],[-121.37470361464581,37.99604634434782],[-121.37329067523704,37.99133571195091],[-121.3673300284493,37.9901368498162]]]},"properties":{"h3_index":"88283622e1fffff","station_count":1,"program_id":"delta","program":"Delta","resolution":8,"stations":[{"station_id":"Sout-023","station_name":"South Delta Subregion - Sout-023","lat":37.995899,"lon":-121.368843,"county":"SAN JOAQUIN"}]}},{"type":"Feature","geometry":{"type":"Polygon","coordinates":[[[-121.49275079107629,38.09046204576012],[-121.48820580517399,38.093975915065485],[-121.48962438213519,38.09867922661753],[-121.49558830024938,38.09986849187083],[-121.50013309218005,38.096354502814854],[-121.4987141600164,38.0916513682671],[-121.49275079107629,38.09046204576012]]]},"properties":{"h3_index":"8828362407fffff","station_count":1,"program_id":"delta","program":"Delta","resolution":8,"stations":[{"station_id":"544LILPSL","station_name":"Little Potato Slough","lat":38.09627,"lon":-121.49602,"county":"SAN JOAQUIN"}]}},{"type":"Feature","geometry":{"type":"Polygon","coordinates":[[[-121.47486022091324,38.08689194527909],[-121.470314295848,38.09040536696645],[-121.47173216477266,38.09510929746805],[-121.47769631426905,38.09629962942128],[-121.48224204577984,38.09278608790093],[-121.48082382139697,38.08808233427125],[-121.47486022091324,38.08689194527909]]]},"properties":{"h3_index":"8828362429fffff","station_count":1,"program_id":"delta","program":"Delta","resolution":8,"stations":[{"station_id":"Sout-016","station_name":"South Delta Subregion - Sout-016","lat":38.089906,"lon":-121.480798,"county":"SAN JOAQUIN"}]}},{"type":"Feature","geometry":{"type":"Polygon","coordinates":[[[-121.48962438213519,38.09867922661753],[-121.48507884436751,38.10219288792227],[-121.48649741859758,38.1068959342051],[-121.49246188595139,38.10808514225346],[-121.49700722978722,38.104571361213004],[-121.49558830024938,38.09986849187083],[-121.48962438213519,38.09867922661753]]]},"properties":{"h3_index":"882836243dfffff","station_count":2,"program_id":"delta","program":"Delta","resolution":8,"stations":[{"station_id":"Sout-012","station_name":"South Delta Subregion - Sout-012","lat":38.100074,"lon":-121.488692,"county":"SAN JOAQUIN"},{"station_id":"Sout-020","station_name":"South Delta Subregion - Sout-020","lat":38.105627,"lon":-121.489373,"county":"SAN JOAQUIN"}]}},{"type":"Feature","geometry":{"type":"Polygon","coordinates":[[[-121.49474654049706,38.059913240135245],[-121.49020301570545,38.06342761233642],[-121.49162124831201,38.06813216051026],[-121.49758336072043,38.069322159332856],[-121.50212669160966,38.06580766728748],[-121.50070810404114,38.061103296274545],[-121.49474654049706,38.059913240135245]]]},"properties":{"h3_index":"8828362441fffff","station_count":1,"program_id":"delta","program":"Delta","resolution":8,"stations":[{"station_id":"Sout-024","station_name":"South Delta Subregion - Sout-024","lat":38.063877,"lon":-121.498171,"county":"SAN JOAQUIN"}]}},{"type":"Feature","geometry":{"type":"Polygon","coordinates":[[[-121.4978712785673,38.05169384809145],[-121.49332830521267,38.05520842743684],[-121.49474654049706,38.059913240135245],[-121.50070810404114,38.061103296274545],[-121.50525088345366,38.05758859706989],[-121.50383229331247,38.05288396159605],[-121.4978712785673,38.05169384809145]]]},"properties":{"h3_index":"8828362449fffff","station_count":1,"program_id":"delta","program":"Delta","resolution":8,"stations":[{"station_id":"Sout-001","station_name":"South Delta Subregion - Sout-001","lat":38.052834,"lon":-121.498638,"county":"SAN JOAQUIN"}]}},{"type":"Feature","geometry":{"type":"Polygon","coordinates":[[[-121.55068111714132,38.11525688994756],[-121.54613859699685,38.118772012062415],[-121.54755964629382,38.123472756795785],[-121.55352357024725,38.12465820205434],[-121.5580658950202,38.12114296050058],[-121.5566444912596,38.116442393138016],[-121.55068111714132,38.11525688994756]]]},"properties":{"h3_index":"8828362489fffff","station_count":1,"program_id":"delta","program":"Delta","resolution":8,"stations":[{"station_id":"Nort-004","station_name":"Northeast Delta Subregion - Nort-004","lat":38.115854,"lon":-121.551717,"county":"SAN JOAQUIN"}]}},{"type":"Feature","geometry":{"type":"Polygon","coordinates":[[[-121.5580658950202,38.12114296050058],[-121.55352357024725,38.12465820205434],[-121.55494497196072,38.129358503849744],[-121.56090905288357,38.13054338669741],[-121.56545118209634,38.1270280257536],[-121.56402942599486,38.122327901363015],[-121.5580658950202,38.12114296050058]]]},"properties":{"h3_index":"882836248bfffff","station_count":1,"program_id":"delta","program":"Delta","resolution":8,"stations":[{"station_id":"Nort-015","station_name":"Northeast Delta Subregion - Nort-015","lat":38.129693,"lon":-121.561755,"county":"SAN JOAQUIN"}]}},{"type":"Feature","geometry":{"type":"Polygon","coordinates":[[[-121.57595625123187,38.124696716402056],[-121.57141486973669,38.12821240420526],[-121.57283697817697,38.13291208549227],[-121.5788008222922,38.13409590145056],[-121.58334200781059,38.13058009434035],[-121.58191954523897,38.125880590589674],[-121.57595625123187,38.124696716402056]]]},"properties":{"h3_index":"8828362499fffff","station_count":1,"program_id":"delta","program":"Delta","resolution":8,"stations":[{"station_id":"Nort-020","station_name":"Northeast Delta Subregion - Nort-020","lat":38.130875,"lon":-121.574056,"county":"SACRAMENTO"}]}},{"type":"Feature","geometry":{"type":"Polygon","coordinates":[[[-121.56545118209634,38.1270280257536],[-121.56090905288357,38.13054338669741],[-121.5623308070116,38.13524324542322],[-121.5682950447131,38.13642756577726],[-121.57283697817697,38.13291208549227],[-121.57141486973669,38.12821240420526],[-121.56545118209634,38.1270280257536]]]},"properties":{"h3_index":"882836249dfffff","station_count":1,"program_id":"delta","program":"Delta","resolution":8,"stations":[{"station_id":"Nort-024","station_name":"Northeast Delta Subregion - Nort-024","lat":38.135147,"lon":-121.563099,"county":"SAN JOAQUIN"}]}},{"type":"Feature","geometry":{"type":"Polygon","coordinates":[[[-121.55692239705067,38.09882373779228],[-121.55238098051035,38.10233927464489],[-121.5538020340173,38.10704055015589],[-121.55976485836625,38.10822611132707],[-121.56430607945639,38.104710455005936],[-121.56288467169612,38.10000935699297],[-121.55692239705067,38.09882373779228]]]},"properties":{"h3_index":"88283624cbfffff","station_count":1,"program_id":"delta","program":"Delta","resolution":8,"stations":[{"station_id":"Nort-023","station_name":"Northeast Delta Subregion - Nort-023","lat":38.101147,"lon":-121.562982,"county":"SAN JOAQUIN"}]}},{"type":"Feature","geometry":{"type":"Polygon","coordinates":[[[-121.57907497054732,38.11648087440247],[-121.57453414092329,38.1199967695139],[-121.57595625123187,38.124696716402056],[-121.58191954523897,38.125880590589674],[-121.58646017884698,38.12236457615658],[-121.58503771451228,38.117664806868355],[-121.57907497054732,38.11648087440247]]]},"properties":{"h3_index":"88283624d3fffff","station_count":1,"program_id":"delta","program":"Delta","resolution":8,"stations":[{"station_id":"Nort-008","station_name":"Northeast Delta Subregion - Nort-008","lat":38.120163,"lon":-121.58254,"county":"SAN JOAQUIN"}]}},{"type":"Feature","geometry":{"type":"Polygon","coordinates":[[[-121.52228306022879,38.114025848181036],[-121.51773885134511,38.117540196196636],[-121.51915883860251,38.12224173811657],[-121.52512338969281,38.12342875489049],[-121.52966740385004,38.11991428731914],[-121.52824706169173,38.11521292254049],[-121.52228306022879,38.114025848181036]]]},"properties":{"h3_index":"88283624e1fffff","station_count":1,"program_id":"delta","program":"Delta","resolution":8,"stations":[{"station_id":"Nort-012","station_name":"Northeast Delta Subregion - Nort-012","lat":38.122799,"lon":-121.525212,"county":"SAN JOAQUIN"}]}},{"type":"Feature","geometry":{"type":"Polygon","coordinates":[[[-121.4739840159027,38.1397580244238],[-121.46943571734968,38.1432706425723],[-121.47085427744771,38.14797236008825],[-121.4768214919819,38.14916128284403],[-121.48136959680267,38.14564854503372],[-121.47995068086982,38.140947004140386],[-121.4739840159027,38.1397580244238]]]},"properties":{"h3_index":"8828362581fffff","station_count":1,"program_id":"delta","program":"Delta","resolution":8,"stations":[{"station_id":"Nort-017","station_name":"Northeast Delta Subregion - Nort-017","lat":38.142763,"lon":-121.47036,"county":"SAN JOAQUIN"}]}},{"type":"Feature","geometry":{"type":"Polygon","coordinates":[[[-121.499269837032,38.14921272913422],[-121.4947226727141,38.15272591521815],[-121.49614229453161,38.157426570318734],[-121.50210943621869,38.158613862557154],[-121.50665640619758,38.15510055694237],[-121.5052364288768,38.150400078630916],[-121.499269837032,38.14921272913422]]]},"properties":{"h3_index":"8828362591fffff","station_count":2,"program_id":"delta","program":"Delta","resolution":8,"stations":[{"station_id":"SFM4_SRNC","station_name":"South Fork Mokelumne River 4_SRNC","lat":38.153822,"lon":-121.503183,"county":"SAN JOAQUIN"},{"station_id":"Nort-021","station_name":"Northeast Delta Subregion - Nort-021","lat":38.156139,"lon":-121.503108,"county":"SAN JOAQUIN"}]}},{"type":"Feature","geometry":{"type":"Polygon","coordinates":[[[-121.46459313429652,38.164399604550056],[-121.46004317810497,38.16791159428379],[-121.46146172934198,38.172612512605305],[-121.46743059297032,38.173801264772166],[-121.47198035554972,38.17028915542057],[-121.4705614481613,38.16558841353095],[-121.46459313429652,38.164399604550056]]]},"properties":{"h3_index":"88283625b5fffff","station_count":1,"program_id":"delta","program":"Delta","resolution":8,"stations":[{"station_id":"Nort-018","station_name":"Northeast Delta Subregion - Nort-018","lat":38.168812,"lon":-121.47039,"county":"SAN JOAQUIN"}]}},{"type":"Feature","geometry":{"type":"Polygon","coordinates":[[[-121.4856270449769,38.15975174961921],[-121.48107858154853,38.16326439775188],[-121.48249784490751,38.16796496311168],[-121.48846592753289,38.16915270372201],[-121.49301419689095,38.16563993603918],[-121.49159457774233,38.16093954730708],[-121.4856270449769,38.15975174961921]]]},"properties":{"h3_index":"88283625bbfffff","station_count":1,"program_id":"delta","program":"Delta","resolution":8,"stations":[{"station_id":"Nort-002","station_name":"Northeast Delta Subregion - Nort-002","lat":38.165568,"lon":-121.491334,"county":"SAN JOAQUIN"}]}},{"type":"Feature","geometry":{"type":"Polygon","coordinates":[[[-121.49813829351321,38.12689414213042],[-121.49359203961617,38.130407626166644],[-121.49501131388209,38.13510925628816],[-121.50097719746122,38.136297225502325],[-121.50552325712852,38.13278362185727],[-121.50410362749477,38.12808216861778],[-121.49813829351321,38.12689414213042]]]},"properties":{"h3_index":"88283625d1fffff","station_count":1,"program_id":"delta","program":"Delta","resolution":8,"stations":[{"station_id":"Nort-025","station_name":"Northeast Delta Subregion - Nort-025","lat":38.128988,"lon":-121.499448,"county":"SAN JOAQUIN"}]}},{"type":"Feature","geometry":{"type":"Polygon","coordinates":[[[-121.49501131388209,38.13510925628816],[-121.4904645077482,38.13862253166358],[-121.49188377933504,38.14332389583637],[-121.49785021257738,38.144511807826206],[-121.5023968245213,38.140998412856675],[-121.50097719746122,38.136297225502325],[-121.49501131388209,38.13510925628816]]]},"properties":{"h3_index":"88283625d7fffff","station_count":1,"program_id":"delta","program":"Delta","resolution":8,"stations":[{"station_id":"Nort-005","station_name":"Northeast Delta Subregion - Nort-005","lat":38.142496,"lon":-121.496832,"county":"SAN JOAQUIN"}]}},{"type":"Feature","geometry":{"type":"Polygon","coordinates":[[[-121.50126471835748,38.11867855373442],[-121.49671901659995,38.12219224622135],[-121.49813829351321,38.12689414213042],[-121.50410362749477,38.12808216861778],[-121.50864913498276,38.12456835650724],[-121.50722950280708,38.11986663754382],[-121.50126471835748,38.11867855373442]]]},"properties":{"h3_index":"88283625d9fffff","station_count":1,"program_id":"delta","program":"Delta","resolution":8,"stations":[{"station_id":"Nort-009","station_name":"Northeast Delta Subregion - Nort-009","lat":38.122351,"lon":-121.498294,"county":"SAN JOAQUIN"}]}},{"type":"Feature","geometry":{"type":"Polygon","coordinates":[[[-121.51036469227509,38.0188115706765],[-121.50582392369758,38.0223269764936],[-121.50724216937671,38.02703284567114],[-121.51320153811793,38.02822313156313],[-121.51774211259475,38.02470760582624],[-121.51632351247925,38.020001914127995],[-121.51036469227509,38.0188115706765]]]},"properties":{"h3_index":"882836260dfffff","station_count":1,"program_id":"delta","program":"Delta","resolution":8,"stations":[{"station_id":"Cent-012","station_name":"Central Delta Subregion - Cent-012","lat":38.023199,"lon":-121.513719,"county":"SAN JOAQUIN"}]}},{"type":"Feature","geometry":{"type":"Polygon","coordinates":[[[-121.49361691432524,38.03757791124175],[-121.48907429851707,38.041092577597745],[-121.49049218423526,38.04579809611354],[-121.49645304063675,38.04698877103033],[-121.50099546265149,38.04347398475121],[-121.49957722210647,38.03876864348928],[-121.49361691432524,38.03757791124175]]]},"properties":{"h3_index":"8828362621fffff","station_count":1,"program_id":"delta","program":"Delta","resolution":8,"stations":[{"station_id":"Sout-017","station_name":"South Delta Subregion - Sout-017","lat":38.041658,"lon":-121.497708,"county":"SAN JOAQUIN"}]}},{"type":"Feature","geometry":{"type":"Polygon","coordinates":[[[-121.48623887655846,38.03168083513073],[-121.48169606714521,38.03519538151481],[-121.48311360064943,38.03990134135262],[-121.48907429851707,38.041092577597745],[-121.49361691432524,38.03757791124175],[-121.49219902591905,38.032872128623424],[-121.48623887655846,38.03168083513073]]]},"properties":{"h3_index":"882836262dfffff","station_count":1,"program_id":"delta","program":"Delta","resolution":8,"stations":[{"station_id":"Sout-005","station_name":"South Delta Subregion - Sout-005","lat":38.038762,"lon":-121.483378,"county":"SAN JOAQUIN"}]}},{"type":"Feature","geometry":{"type":"Polygon","coordinates":[[[-121.52710472290732,38.00004192693256],[-121.52256580111302,38.00355807035755],[-121.52398440602617,38.00826428919558],[-121.52994228682805,38.009454186914716],[-121.534481014215,38.00593792357315],[-121.53306205525564,38.00123188243987],[-121.52710472290732,38.00004192693256]]]},"properties":{"h3_index":"882836264bfffff","station_count":1,"program_id":"delta","program":"Delta","resolution":8,"stations":[{"station_id":"Cent-022","station_name":"Central Delta Subregion - Cent-022","lat":38.003637,"lon":-121.52884,"county":"SAN JOAQUIN"}]}},{"type":"Feature","geometry":{"type":"Polygon","coordinates":[[[-121.57677980520724,38.07183977923451],[-121.5722407903141,38.075356262568036],[-121.57366220383753,38.08005815534591],[-121.57962298605973,38.08124338701444],[-121.58416180515738,38.077726784201786],[-121.58274003787666,38.073025069210516],[-121.57677980520724,38.07183977923451]]]},"properties":{"h3_index":"8828362683fffff","station_count":1,"program_id":"delta","program":"Delta","resolution":8,"stations":[{"station_id":"Cent-003","station_name":"Central Delta Subregion - Cent-003","lat":38.077624,"lon":-121.575533,"county":"SAN JOAQUIN"}]}},{"type":"Feature","geometry":{"type":"Polygon","coordinates":[[[-121.56201732973506,38.06006275686882],[-121.55747792381604,38.063579001097054],[-121.55889863338774,38.06828177844514],[-121.56485910283537,38.06946813385724],[-121.56939831333561,38.06595177005187],[-121.56797724985536,38.06124917042235],[-121.56201732973506,38.06006275686882]]]},"properties":{"h3_index":"882836268dfffff","station_count":1,"program_id":"delta","program":"Delta","resolution":8,"stations":[{"station_id":"Cent-014","station_name":"Central Delta Subregion - Cent-014","lat":38.063075,"lon":-121.561028,"county":"SAN JOAQUIN"}]}},{"type":"Feature","geometry":{"type":"Polygon","coordinates":[[[-121.55265958047983,38.084718408309946],[-121.54811852029461,38.08823403268385],[-121.54953922366163,38.09293601585454],[-121.55550134148599,38.09412219713452],[-121.5600422063703,38.0906064532283],[-121.5586211487795,38.085904647585245],[-121.55265958047983,38.084718408309946]]]},"properties":{"h3_index":"88283626a3fffff","station_count":1,"program_id":"delta","program":"Delta","resolution":8,"stations":[{"station_id":"Sout-008","station_name":"South Delta Subregion - Sout-008","lat":38.085783,"lon":-121.552624,"county":"SAN JOAQUIN"}]}},{"type":"Feature","geometry":{"type":"Polygon","coordinates":[[[-121.57137009989552,38.03540287002965],[-121.5668323473673,38.038919732218694],[-121.56825306286024,38.04362330228882],[-121.57421188452331,38.0448098322711],[-121.57874944151527,38.04129285045972],[-121.5773283724287,38.036589458299204],[-121.57137009989552,38.03540287002965]]]},"properties":{"h3_index":"88283626c9fffff","station_count":1,"program_id":"delta","program":"Delta","resolution":8,"stations":[{"station_id":"Cent-024","station_name":"Central Delta Subregion - Cent-024","lat":38.038923,"lon":-121.569685,"county":"SAN JOAQUIN"}]}},{"type":"Feature","geometry":{"type":"Polygon","coordinates":[[[-121.60400480591925,38.05073715825073],[-121.5994683877574,38.054254704260714],[-121.60089051187948,38.05895677014857],[-121.60684940739773,38.06014111192815],[-121.61138562923145,38.056623446477325],[-121.60996315192342,38.051921558698524],[-121.60400480591925,38.05073715825073]]]},"properties":{"h3_index":"88283626dbfffff","station_count":1,"program_id":"delta","program":"Delta","resolution":8,"stations":[{"station_id":"Cent-015","station_name":"Central Delta Subregion - Cent-015","lat":38.056924,"lon":-121.608651,"county":"CONTRA COSTA"}]}},{"type":"Feature","geometry":{"type":"Polygon","coordinates":[[[-121.47260915237291,38.042223940459614],[-121.46806504700494,38.04573795283579],[-121.46948222252867,38.05044382556508],[-121.47544385865598,38.051635508871385],[-121.47998777068692,38.04812137650482],[-121.47857023997582,38.043415680833206],[-121.47260915237291,38.042223940459614]]]},"properties":{"h3_index":"8828362719fffff","station_count":1,"program_id":"delta","program":"Delta","resolution":8,"stations":[{"station_id":"Sout-003","station_name":"South Delta Subregion - Sout-003","lat":38.046231,"lon":-121.475567,"county":"SAN JOAQUIN"}]}},{"type":"Feature","geometry":{"type":"Polygon","coordinates":[[[-121.46210357001817,38.04454570820286],[-121.45755872012705,38.04805939324568],[-121.45897554028319,38.052765442934444],[-121.46493756574621,38.05395763063181],[-121.46948222252867,38.05044382556508],[-121.46806504700494,38.04573795283579],[-121.46210357001817,38.04454570820286]]]},"properties":{"h3_index":"882836271dfffff","station_count":1,"program_id":"delta","program":"Delta","resolution":8,"stations":[{"station_id":"Sout-019","station_name":"South Delta Subregion - Sout-019","lat":38.050892,"lon":-121.465035,"county":"SAN JOAQUIN"}]}},{"type":"Feature","geometry":{"type":"Polygon","coordinates":[[[-121.41269163951168,38.04792261303855],[-121.40814362123965,38.051434866252706],[-121.40955866538462,38.0561420638769],[-121.415522084013,38.0573368317662],[-121.42006991027968,38.0538244583458],[-121.41865450997152,38.04911743725329],[-121.41269163951168,38.04792261303855]]]},"properties":{"h3_index":"882836272dfffff","station_count":1,"program_id":"delta","program":"Delta","resolution":8,"stations":[{"station_id":"Sout-022","station_name":"South Delta Subregion - Sout-022","lat":38.050653,"lon":-121.418343,"county":"SAN JOAQUIN"}]}},{"type":"Feature","geometry":{"type":"Polygon","coordinates":[[[-121.42633310409569,38.0373847809163],[-121.42178638093552,38.0408975702781],[-121.42320178463649,38.04560485575692],[-121.42916426742362,38.04679917519111],[-121.43371079830932,38.04328626564127],[-121.43229503873057,38.038579156856215],[-121.42633310409569,38.0373847809163]]]},"properties":{"h3_index":"8828362763fffff","station_count":1,"program_id":"delta","program":"Delta","resolution":8,"stations":[{"station_id":"Sout-014","station_name":"South Delta Subregion - Sout-014","lat":38.041055,"lon":-121.42992,"county":"SAN JOAQUIN"}]}},{"type":"Feature","geometry":{"type":"Polygon","coordinates":[[[-121.43504937915407,38.14083134756546],[-121.43049865040493,38.144342858343684],[-121.43191578866852,38.149045547700325],[-121.43788401218171,38.150236549995626],[-121.44243454807506,38.14672491940598],[-121.44101705335933,38.142022406343415],[-121.43504937915407,38.14083134756546]]]},"properties":{"h3_index":"8828362edbfffff","station_count":1,"program_id":"delta","program":"Delta","resolution":8,"stations":[{"station_id":"Nort-001","station_name":"Northeast Delta Subregion - Nort-001","lat":38.144768,"lon":-121.439405,"county":"SAN JOAQUIN"}]}},{"type":"Feature","geometry":{"type":"Polygon","coordinates":[[[-121.32091436750865,37.909919473129214],[-121.31636679602822,37.913431161262295],[-121.31777657607361,37.918146534441526],[-121.32373428429402,37.91935004310973],[-121.3282816663494,37.91583823395176],[-121.32687152965731,37.91112303716147],[-121.32091436750865,37.909919473129214]]]},"properties":{"h3_index":"88283631d3fffff","station_count":1,"program_id":"delta","program":"Delta","resolution":8,"stations":[{"station_id":"Sout-025","station_name":"South Delta Subregion - Sout-025","lat":37.916627,"lon":-121.321438,"county":"SAN JOAQUIN"}]}},{"type":"Feature","geometry":{"type":"Polygon","coordinates":[[[-121.30810127605135,37.7920706707719],[-121.3035580689028,37.79558368690036],[-121.30496578204324,37.80030429469388],[-121.31091705841918,37.801511709554646],[-121.31546007685971,37.79799857195071],[-121.3140520076801,37.793278140972426],[-121.30810127605135,37.7920706707719]]]},"properties":{"h3_index":"8828363261fffff","station_count":1,"program_id":"delta","program":"Delta","resolution":8,"stations":[{"station_id":"Sout-011","station_name":"South Delta Subregion - Sout-011","lat":37.793685,"lon":-121.307466,"county":"SAN JOAQUIN"}]}},{"type":"Feature","geometry":{"type":"Polygon","coordinates":[[[-121.51944666616559,37.918869313259144],[-121.51491082038281,37.92238640999123],[-121.51632803605747,37.92709622912814],[-121.52228145117604,37.92828877353004],[-121.52681710302716,37.92477155657707],[-121.52539953373942,37.92006191545388],[-121.51944666616559,37.918869313259144]]]},"properties":{"h3_index":"8828363453fffff","station_count":1,"program_id":"delta","program":"Delta","resolution":8,"stations":[{"station_id":"Cent-002","station_name":"Central Delta Subregion - Cent-002","lat":37.921025,"lon":-121.517353,"county":"SAN JOAQUIN"}]}},{"type":"Feature","geometry":{"type":"Polygon","coordinates":[[[-121.52284925044182,37.98592177636518],[-121.51831068508892,37.98943800528401],[-121.519728940657,37.99414492834706],[-121.52568611564269,37.995335444767946],[-121.53022448673688,37.99181909586827],[-121.52880587715228,37.9871123505394],[-121.52284925044182,37.98592177636518]]]},"properties":{"h3_index":"88283634a3fffff","station_count":1,"program_id":"delta","program":"Delta","resolution":8,"stations":[{"station_id":"Cent-006","station_name":"Central Delta Subregion - Cent-006","lat":37.99242,"lon":-121.52336,"county":"SAN JOAQUIN"}]}},{"type":"Feature","geometry":{"type":"Polygon","coordinates":[[[-121.51235366765574,37.988246928033455],[-121.507814357611,37.99176283147841],[-121.50923225898245,37.9964699321776],[-121.51518982464346,37.997660951806516],[-121.519728940657,37.99414492834706],[-121.51831068508892,37.98943800528401],[-121.51235366765574,37.988246928033455]]]},"properties":{"h3_index":"88283634a7fffff","station_count":1,"program_id":"delta","program":"Delta","resolution":8,"stations":[{"station_id":"Cent-018","station_name":"Central Delta Subregion - Cent-018","lat":37.991558,"lon":-121.515346,"county":"SAN JOAQUIN"}]}},{"type":"Feature","geometry":{"type":"Polygon","coordinates":[[[-121.5185948257726,37.97179951439824],[-121.51405661687319,37.975315828520415],[-121.51547452320963,37.98002345531593],[-121.52143099248039,37.98121459023649],[-121.5259690072696,37.977698156069096],[-121.52455074694635,37.97299070703719],[-121.5185948257726,37.97179951439824]]]},"properties":{"h3_index":"88283634a9fffff","station_count":1,"program_id":"delta","program":"Delta","resolution":8,"stations":[{"station_id":"Cent-010","station_name":"Central Delta Subregion - Cent-010","lat":37.976457,"lon":-121.514616,"county":"SAN JOAQUIN"}]}},{"type":"Feature","geometry":{"type":"Polygon","coordinates":[[[-121.5710503924219,37.96016400850037],[-121.56651590810272,37.963681945746465],[-121.56793558257269,37.96838868274389],[-121.57389009449648,37.96957730425255],[-121.57842438356982,37.96605924712979],[-121.5770043560134,37.961352688385816],[-121.5710503924219,37.96016400850037]]]},"properties":{"h3_index":"88283634d3fffff","station_count":1,"program_id":"delta","program":"Delta","resolution":8,"stations":[{"station_id":"B9D75811344","station_name":"Old River at Bacon Island","lat":37.9691,"lon":-121.5729,"county":"SAN JOAQUIN"}]}},{"type":"Feature","geometry":{"type":"Polygon","coordinates":[[[-121.37986716596592,37.95724160417313],[-121.3753211151508,37.96075425914994],[-121.37673371368504,37.96546612072854],[-121.38269271913587,37.966665150671254],[-121.38723857902146,37.963152375057014],[-121.38582562443376,37.95844069014841],[-121.37986716596592,37.95724160417313]]]},"properties":{"h3_index":"8828363525fffff","station_count":1,"program_id":"delta","program":"Delta","resolution":8,"stations":[{"station_id":"Sout-002","station_name":"South Delta Subregion - Sout-002","lat":37.958226,"lon":-121.379492,"county":"SAN JOAQUIN"}]}},{"type":"Feature","geometry":{"type":"Polygon","coordinates":[[[-121.44935635282137,38.00218042314506],[-121.44481257820749,38.005694368938556],[-121.44622835061799,38.01040253339296],[-121.45218825296743,38.01159657501788],[-121.45673183491775,38.008082509008865],[-121.45531570723038,38.00337452160136],[-121.44935635282137,38.00218042314506]]]},"properties":{"h3_index":"88283635a3fffff","station_count":1,"program_id":"delta","program":"Delta","resolution":8,"stations":[{"station_id":"Sout-026","station_name":"South Delta Subregion - Sout-026","lat":38.007743,"lon":-121.455756,"county":"SAN JOAQUIN"}]}},{"type":"Feature","geometry":{"type":"Polygon","coordinates":[[[-121.43885283553115,38.00449976649078],[-121.43430831742138,38.00801338520799],[-121.4357237343751,38.012721726610934],[-121.44168402494348,38.013916272359054],[-121.44622835061799,38.01040253339296],[-121.44481257820749,38.005694368938556],[-121.43885283553115,38.00449976649078]]]},"properties":{"h3_index":"88283635a7fffff","station_count":1,"program_id":"delta","program":"Delta","resolution":8,"stations":[{"station_id":"Sout-010","station_name":"South Delta Subregion - Sout-010","lat":38.005638,"lon":-121.444296,"county":"SAN JOAQUIN"}]}},{"type":"Feature","geometry":{"type":"Polygon","coordinates":[[[-121.4826021134995,37.88934310403617],[-121.478065300873,37.89285959892759],[-121.47948076021069,37.8975716155889],[-121.48543338621056,37.89876695952831],[-121.48997000584353,37.89525034417065],[-121.48855419251817,37.89053850535065],[-121.4826021134995,37.88934310403617]]]},"properties":{"h3_index":"8828363627fffff","station_count":1,"program_id":"delta","program":"Delta","resolution":8,"stations":[{"station_id":"544MDRBH4","station_name":"Middle River at Borden Hwy (Hwy 4)","lat":37.89083,"lon":-121.48833,"county":"SAN JOAQUIN"}]}},{"type":"Feature","geometry":{"type":"Polygon","coordinates":[[[-121.55827749507662,37.91779258181921],[-121.55374407592032,37.921310770503055],[-121.55516270293172,37.92601961529563],[-121.56111510214606,37.927210093072816],[-121.56564832650243,37.92369178431798],[-121.56422934649252,37.9189831178677],[-121.55827749507662,37.91779258181921]]]},"properties":{"h3_index":"8828363687fffff","station_count":1,"program_id":"delta","program":"Delta","resolution":8,"stations":[{"station_id":"Cent-017","station_name":"Central Delta Subregion - Cent-017","lat":37.920262,"lon":-121.555689,"county":"SAN JOAQUIN"}]}},{"type":"Feature","geometry":{"type":"Polygon","coordinates":[[[-121.55941928202016,37.94014474557378],[-121.55488495783328,37.94366264693311],[-121.5563039318579,37.94837052749566],[-121.56225758325,37.94956032846074],[-121.56679171252748,37.94604230711082],[-121.56537238537037,37.94133460479718],[-121.55941928202016,37.94014474557378]]]},"properties":{"h3_index":"88283636b7fffff","station_count":1,"program_id":"delta","program":"Delta","resolution":8,"stations":[{"station_id":"Cent-013","station_name":"Central Delta Subregion - Cent-013","lat":37.942479,"lon":-121.559276,"county":"SAN JOAQUIN"}]}},{"type":"Feature","geometry":{"type":"Polygon","coordinates":[[[-121.57073114726033,37.88487980099176],[-121.56619992644627,37.8883988018711],[-121.56761856141746,37.89310869248858],[-121.57356876983113,37.89429940363997],[-121.57809979568923,37.890780282626956],[-121.57668080813764,37.88607057060699],[-121.57073114726033,37.88487980099176]]]},"properties":{"h3_index":"88283636cbfffff","station_count":1,"program_id":"delta","program":"Delta","resolution":8,"stations":[{"station_id":"Cent-021","station_name":"Central Delta Subregion - Cent-021","lat":37.889297,"lon":-121.574674,"county":"SAN JOAQUIN"}]}},{"type":"Feature","geometry":{"type":"Polygon","coordinates":[[[-121.26699809316457,37.672766573565916],[-121.26245758376245,37.67628012191976],[-121.26386217310608,37.681006719816345],[-121.26980762776122,37.682219592363744],[-121.27434794981136,37.678705921965225],[-121.27294300460589,37.67397950107495],[-121.26699809316457,37.672766573565916]]]},"properties":{"h3_index":"882836ab15fffff","station_count":2,"program_id":"delta","program":"Delta","resolution":8,"stations":[{"station_id":"541SJC501","station_name":"San Joaquin River at Airport Way near Vernalis","lat":37.675556,"lon":-121.264167,"county":"SAN JOAQUIN"},{"station_id":"B0702000","station_name":"San Joaquin River near Vernalis","lat":37.6793,"lon":-121.2651,"county":"SAN JOAQUIN"}]}},{"type":"Feature","geometry":{"type":"Polygon","coordinates":[[[-121.5211477339502,37.812942888353014],[-121.51661660703344,37.816461532933886],[-121.518032443394,37.82117571696639],[-121.52397975958672,37.822371077914376],[-121.52851069292812,37.81885231275731],[-121.5270945037001,37.8141383072392],[-121.5211477339502,37.812942888353014]]]},"properties":{"h3_index":"882836ac85fffff","station_count":1,"program_id":"delta","program":"Delta","resolution":8,"stations":[{"station_id":"Sout-021","station_name":"South Delta Subregion - Sout-021","lat":37.819769,"lon":-121.526459,"county":"SAN JOAQUIN"}]}},{"type":"Feature","geometry":{"type":"Polygon","coordinates":[[[-121.5537151745151,37.82834258292145],[-121.5491853719199,37.831861911334336],[-121.55060261253205,37.83657460121997],[-121.55655000825065,37.837767783987566],[-121.56107961648293,37.83424833517992],[-121.5596620234075,37.82953582401018],[-121.5537151745151,37.82834258292145]]]},"properties":{"h3_index":"882836ac97fffff","station_count":1,"program_id":"delta","program":"Delta","resolution":8,"stations":[{"station_id":"Cent-001","station_name":"Central Delta Subregion - Cent-001","lat":37.835727,"lon":-121.555037,"county":"CONTRA COSTA"}]}},{"type":"Feature","geometry":{"type":"Polygon","coordinates":[[[-121.41096763241825,37.799598796537126],[-121.40643035663227,37.80311457348021],[-121.40784196258024,37.807832192998944],[-121.41379119885514,37.809033857935255],[-121.41832828358943,37.8055179599393],[-121.41691632314834,37.800800518070766],[-121.41096763241825,37.799598796537126]]]},"properties":{"h3_index":"882836ad39fffff","station_count":1,"program_id":"delta","program":"Delta","resolution":8,"stations":[{"station_id":"Sout-004","station_name":"South Delta Subregion - Sout-004","lat":37.807513,"lon":-121.415354,"county":"SAN JOAQUIN"}]}},{"type":"Feature","geometry":{"type":"Polygon","coordinates":[[[-121.49282750741581,37.81167573373114],[-121.48829470336086,37.81519361223111],[-121.4897094827596,37.81990859116912],[-121.49565741956172,37.82110551333497],[-121.5001900306814,37.81758751414311],[-121.49877489798214,37.812872713488076],[-121.49282750741581,37.81167573373114]]]},"properties":{"h3_index":"882836addbfffff","station_count":1,"program_id":"delta","program":"Delta","resolution":8,"stations":[{"station_id":"Sout-009","station_name":"South Delta Subregion - Sout-009","lat":37.820284,"lon":-121.492476,"county":"SAN JOAQUIN"}]}}]}