{"type":"FeatureCollection","features":[{"type":"Feature","geometry":{"type":"Polygon","coordinates":[[[-122.18404214390115,38.063147389245806],[-122.17954119893672,38.066680614548396],[-122.18098462073543,38.07136666321429],[-122.1869293316385,38.072519303820776],[-122.19143006728818,38.06898596151922],[-122.18998630139822,38.06430009562039],[-122.18404214390115,38.063147389245806]]]},"properties":{"h3_index":"8828301037fffff","station_count":1,"program_id":"sf_bay","program":"SF Bay","resolution":8,"stations":[{"station_id":"BENPK","station_name":"Benicia State Park-BENPK","lat":38.065828,"lon":-122.188015,"county":"SOLANO","waterbody":"San Francisco Bay/Carquinez Strait"}]}},{"type":"Feature","geometry":{"type":"Polygon","coordinates":[[[-122.25970520022837,38.09100650141676],[-122.25520779380162,38.09454137012469],[-122.25665433594334,38.099224190547176],[-122.26259862762942,38.10037195903489],[-122.26709582295557,38.09683697374733],[-122.26564893774504,38.09215433656188],[-122.25970520022837,38.09100650141676]]]},"properties":{"h3_index":"8828301097fffff","station_count":1,"program_id":"sf_bay","program":"SF Bay","resolution":8,"stations":[{"station_id":"BD50","station_name":"Napa River (BD50)","lat":38.097,"lon":-122.261,"county":"SOLANO","waterbody":"San Francisco Bay"}]}},{"type":"Feature","geometry":{"type":"Polygon","coordinates":[[[-122.11270513245906,38.04928733939768],[-122.10820032337593,38.052818835238945],[-122.1096409722625,38.05750739701746],[-122.1155867754159,38.05866428070351],[-122.1200913768199,38.05513266751249],[-122.11865038279826,38.050444287995475],[-122.11270513245906,38.04928733939768]]]},"properties":{"h3_index":"8828301101fffff","station_count":1,"program_id":"sf_bay","program":"SF Bay","resolution":8,"stations":[{"station_id":"SU027S","station_name":"Suisun Bay (SU027S)","lat":38.055156,"lon":-122.111486,"county":"SOLANO","waterbody":"San Francisco Bay"}]}},{"type":"Feature","geometry":{"type":"Polygon","coordinates":[[[-122.1022546613451,38.05166138869458],[-122.09774909547536,38.055192568719306],[-122.09918939904482,38.05988131266406],[-122.10513561384977,38.06103869442816],[-122.1096409722625,38.05750739701746],[-122.10820032337593,38.052818835238945],[-122.1022546613451,38.05166138869458]]]},"properties":{"h3_index":"8828301105fffff","station_count":1,"program_id":"sf_bay","program":"SF Bay","resolution":8,"stations":[{"station_id":"SU003W","station_name":"Suisun Bay (SU003W)","lat":38.056905,"lon":-122.104866,"county":"SOLANO","waterbody":"San Francisco Bay"}]}},{"type":"Feature","geometry":{"type":"Polygon","coordinates":[[[-122.1096409722625,38.05750739701746],[-122.10513561384977,38.06103869442816],[-122.106576266186,38.06572699284953],[-122.11252262222223,38.06688381167266],[-122.11702777299075,38.063352396927044],[-122.1155867754159,38.05866428070351],[-122.1096409722625,38.05750739701746]]]},"properties":{"h3_index":"8828301107fffff","station_count":1,"program_id":"sf_bay","program":"SF Bay","resolution":8,"stations":[{"station_id":"SU075S","station_name":"Suisun Bay (SU075S)","lat":38.0614,"lon":-122.114897,"county":"SOLANO","waterbody":"San Francisco Bay"}]}},{"type":"Feature","geometry":{"type":"Polygon","coordinates":[[[-122.10531937772674,38.04344100304979],[-122.1008143611516,38.04697238149022],[-122.1022546613451,38.05166138869458],[-122.10820032337593,38.052818835238945],[-122.11270513245906,38.04928733939768],[-122.111264487052,38.04459851442322],[-122.10531937772674,38.04344100304979]]]},"properties":{"h3_index":"882830110dfffff","station_count":1,"program_id":"sf_bay","program":"SF Bay","resolution":8,"stations":[{"station_id":"SU015W","station_name":"Suisun Bay (SU015W)","lat":38.052461,"lon":-122.108116,"county":"SOLANO","waterbody":"San Francisco Bay"}]}},{"type":"Feature","geometry":{"type":"Polygon","coordinates":[[[-122.0887366576665,38.06225441408479],[-122.08422978571267,38.06578507924075],[-122.08566974702536,38.070473741772055],[-122.09161692594336,38.0716315571504],[-122.09612359069757,38.06810077458704],[-122.09468328378208,38.06341229406308],[-122.0887366576665,38.06225441408479]]]},"properties":{"h3_index":"8828301121fffff","station_count":2,"program_id":"sf_bay","program":"SF Bay","resolution":8,"stations":[{"station_id":"SU031S","station_name":"Suisun Bay (SU031S)","lat":38.069054,"lon":-122.092566,"county":"SOLANO","waterbody":"San Francisco Bay"},{"station_id":"SU051W","station_name":"Suisun Bay (SU051W)","lat":38.067004,"lon":-122.093716,"county":"SOLANO"}]}},{"type":"Feature","geometry":{"type":"Polygon","coordinates":[[[-122.0782827486276,38.064626700912214],[-122.07377512014179,38.0681570495938],[-122.07521473566962,38.07284589403714],[-122.08116232551673,38.07400420789722],[-122.08566974702536,38.070473741772055],[-122.08422978571267,38.06578507924075],[-122.0782827486276,38.064626700912214]]]},"properties":{"h3_index":"8828301125fffff","station_count":1,"program_id":"sf_bay","program":"SF Bay","resolution":8,"stations":[{"station_id":"SU055W","station_name":"Suisun Bay (SU055W)","lat":38.072626,"lon":-122.081676,"county":"SOLANO"}]}},{"type":"Feature","geometry":{"type":"Polygon","coordinates":[[[-122.08566974702536,38.070473741772055],[-122.08116232551673,38.07400420789722],[-122.08260229004188,38.07869260678298],[-122.0885500218308,38.07985035761022],[-122.09305723617497,38.07631977409245],[-122.09161692594336,38.0716315571504],[-122.08566974702536,38.070473741772055]]]},"properties":{"h3_index":"8828301127fffff","station_count":2,"program_id":"sf_bay","program":"SF Bay","resolution":8,"stations":[{"station_id":"SU007W","station_name":"Suisun Bay (SU007W)","lat":38.073828,"lon":-122.084636,"county":"SOLANO","waterbody":"San Francisco Bay"},{"station_id":"SU095S","station_name":"Suisun Bay (SU095S)","lat":38.07339,"lon":-122.08813,"county":"SOLANO"}]}},{"type":"Feature","geometry":{"type":"Polygon","coordinates":[[[-122.09180302209373,38.054034624092246],[-122.08729669959624,38.05756548806904],[-122.0887366576665,38.06225441408479],[-122.09468328378208,38.06341229406308],[-122.09918939904482,38.05988131266406],[-122.09774909547536,38.055192568719306],[-122.09180302209373,38.054034624092246]]]},"properties":{"h3_index":"8828301129fffff","station_count":4,"program_id":"sf_bay","program":"SF Bay","resolution":8,"stations":[{"station_id":"SU013S","station_name":"Suisun Bay (SU013S)","lat":38.05617,"lon":-122.089806,"county":"SOLANO","waterbody":"San Francisco Bay"},{"station_id":"SU109S","station_name":"Suisun Bay (SU109S)","lat":38.05578,"lon":-122.0902,"county":"SOLANO"},{"station_id":"SU019S","station_name":"Suisun Bay (SU019S)","lat":38.059818,"lon":-122.092876,"county":"SOLANO","waterbody":"San Francisco Bay"},{"station_id":"SU061W","station_name":"Suisun Bay (SU061W)","lat":38.056373,"lon":-122.090706}]}},{"type":"Feature","geometry":{"type":"Polygon","coordinates":[[[-122.09918939904482,38.05988131266406],[-122.09468328378208,38.06341229406308],[-122.09612359069757,38.06810077458704],[-122.10207035834522,38.06925809161971],[-122.106576266186,38.06572699284953],[-122.10513561384977,38.06103869442816],[-122.09918939904482,38.05988131266406]]]},"properties":{"h3_index":"882830112bfffff","station_count":1,"program_id":"sf_bay","program":"SF Bay","resolution":8,"stations":[{"station_id":"SU003S","station_name":"Suisun Bay (SU003S)","lat":38.065518,"lon":-122.097036,"county":"SOLANO","waterbody":"San Francisco Bay"}]}},{"type":"Feature","geometry":{"type":"Polygon","coordinates":[[[-122.10351101410122,38.073946126522785],[-122.09900455673387,38.077477026442516],[-122.10044521587976,38.08216479766628],[-122.10639267788747,38.08332148691012],[-122.11089892768058,38.07979046968506],[-122.10945792308888,38.07510288053184],[-122.10351101410122,38.073946126522785]]]},"properties":{"h3_index":"8828301135fffff","station_count":1,"program_id":"sf_bay","program":"SF Bay","resolution":8,"stations":[{"station_id":"SU011S","station_name":"Suisun Bay (SU011S)","lat":38.076331,"lon":-122.104247,"county":"SOLANO","waterbody":"San Francisco Bay"}]}},{"type":"Feature","geometry":{"type":"Polygon","coordinates":[[[-122.11883181572556,38.032845840279855],[-122.1143281050063,38.03637773235221],[-122.11576874690398,38.04106682036138],[-122.12171344449762,38.04222383391971],[-122.12621694746797,38.038691824467826],[-122.12477596064221,38.03400291884745],[-122.11883181572556,38.032845840279855]]]},"properties":{"h3_index":"8828301143fffff","station_count":2,"program_id":"sf_bay","program":"SF Bay","resolution":8,"stations":[{"station_id":"SU019W","station_name":"Suisun Bay (SU019W)","lat":38.038564,"lon":-122.121897,"county":"SOLANO","waterbody":"San Francisco Bay"},{"station_id":"SU047W","station_name":"Suisun Bay (SU047W)","lat":38.039749,"lon":-122.116316,"county":"CONTRA COSTA","waterbody":"San Francisco Bay"}]}},{"type":"Feature","geometry":{"type":"Polygon","coordinates":[[[-122.12621694746797,38.038691824467826],[-122.12171344449762,38.04222383391971],[-122.12315443493618,38.046912476569034],[-122.12909927324321,38.04806892735648],[-122.13360256827755,38.044536800576296],[-122.1321612329895,38.03984834034727],[-122.12621694746797,38.038691824467826]]]},"properties":{"h3_index":"8828301155fffff","station_count":1,"program_id":"sf_bay","program":"SF Bay","resolution":8,"stations":[{"station_id":"SU011W","station_name":"Suisun Bay (SU011W)","lat":38.043208,"lon":-122.129407,"county":"SOLANO","waterbody":"San Francisco Bay"}]}},{"type":"Feature","geometry":{"type":"Polygon","coordinates":[[[-122.13972484427302,38.02809477036965],[-122.13522264734812,38.0316272926004],[-122.13666397891987,38.036316015736794],[-122.14260785202912,38.03747203407362],[-122.14710984076144,38.03393939453597],[-122.14566816462572,38.029250853978674],[-122.13972484427302,38.02809477036965]]]},"properties":{"h3_index":"8828301159fffff","station_count":1,"program_id":"sf_bay","program":"SF Bay","resolution":8,"stations":[{"station_id":"USGS 8.1","station_name":"USGS Station 8.1 - at the mouth of the Carquinez Strait in Suisun Bay","lat":38.031667,"lon":-122.140267,"county":"CONTRA COSTA","waterbody":"Suisun Bay"}]}},{"type":"Feature","geometry":{"type":"Polygon","coordinates":[[[-122.09486884043531,38.04581437216558],[-122.0903630672958,38.04934543475323],[-122.09180302209373,38.054034624092246],[-122.09774909547536,38.055192568719306],[-122.1022546613451,38.05166138869458],[-122.1008143611516,38.04697238149022],[-122.09486884043531,38.04581437216558]]]},"properties":{"h3_index":"8828301163fffff","station_count":2,"program_id":"sf_bay","program":"SF Bay","resolution":8,"stations":[{"station_id":"BF10","station_name":"Pacheco River (BF10)","lat":38.051,"lon":-122.099,"county":"SOLANO","waterbody":"San Francisco Bay"},{"station_id":"SU063W","station_name":"Suisun Bay (SU063W)","lat":38.050645,"lon":-122.091506}]}},{"type":"Feature","geometry":{"type":"Polygon","coordinates":[[[-122.08441713552936,38.04818692734133],[-122.07991060598438,38.05171767384488],[-122.08135021520474,38.056407045223224],[-122.08729669959624,38.05756548806904],[-122.09180302209373,38.054034624092246],[-122.0903630672958,38.04934543475323],[-122.08441713552936,38.04818692734133]]]},"properties":{"h3_index":"8828301167fffff","station_count":2,"program_id":"sf_bay","program":"SF Bay","resolution":8,"stations":[{"station_id":"SU029W","station_name":"Suisun Bay (SU029W)","lat":38.049877,"lon":-122.088916,"county":"SOLANO","waterbody":"San Francisco Bay"},{"station_id":"SU077S","station_name":"Suisun Bay (SU077S)","lat":38.054862,"lon":-122.083126,"county":"SOLANO","waterbody":"San Francisco Bay"}]}},{"type":"Feature","geometry":{"type":"Polygon","coordinates":[[[-122.09793411281966,38.03759365867607],[-122.09342888893967,38.04112491966451],[-122.09486884043531,38.04581437216558],[-122.1008143611516,38.04697238149022],[-122.10531937772674,38.04344100304979],[-122.10387908093904,38.03875173274706],[-122.09793411281966,38.03759365867607]]]},"properties":{"h3_index":"882830116bfffff","station_count":1,"program_id":"sf_bay","program":"SF Bay","resolution":8,"stations":[{"station_id":"SUB53","station_name":"SF Bay RMP - Suisun Bay SUB53","lat":38.0442,"lon":-122.096867,"county":"CONTRA COSTA"}]}},{"type":"Feature","geometry":{"type":"Polygon","coordinates":[[[-122.25150402128185,38.010128577667494],[-122.2470096131764,38.01366435373999],[-122.24845472978942,38.018350801076416],[-122.25439459722038,38.01950128879149],[-122.25888879473584,38.015965395829035],[-122.25744333545903,38.011279132051634],[-122.25150402128185,38.010128577667494]]]},"properties":{"h3_index":"882830128dfffff","station_count":1,"program_id":"sf_bay","program":"SF Bay","resolution":8,"stations":[{"station_id":"RodeoCkPdBr_Seacliff","station_name":"Rodeo Creek pedestrian bridge off Mariner's Pointe at intersection with Seacliff Court","lat":38.016053,"lon":-122.253761,"county":"CONTRA COSTA"}]}},{"type":"Feature","geometry":{"type":"Polygon","coordinates":[[[-122.27365979441541,38.02763600615767],[-122.26916601863987,38.03117213274481],[-122.27061217800468,38.035857242104846],[-122.27655245561978,38.03700604123623],[-122.28104602024534,38.033469797914435],[-122.27959951845445,38.02878487220609],[-122.27365979441541,38.02763600615767]]]},"properties":{"h3_index":"8828301295fffff","station_count":1,"program_id":"sf_bay","program":"SF Bay","resolution":8,"stations":[{"station_id":"SPB022S","station_name":"San Pablo Bay (SPB022S)","lat":38.033056,"lon":-122.278791,"county":"CONTRA COSTA","waterbody":"San Francisco Bay"}]}},{"type":"Feature","geometry":{"type":"Polygon","coordinates":[[[-122.29452409776094,38.0228600526227],[-122.29003184130768,38.026396803515226],[-122.2914786853422,38.03108154547743],[-122.29741812793999,38.03222935271664],[-122.30191017280286,38.028692485163276],[-122.30046298670706,38.02400792704166],[-122.29452409776094,38.0228600526227]]]},"properties":{"h3_index":"882830129bfffff","station_count":2,"program_id":"sf_bay","program":"SF Bay","resolution":8,"stations":[{"station_id":"SPB022W","station_name":"San Pablo Bay (SPB022W)","lat":38.026699,"lon":-122.294261,"county":"CONTRA COSTA","waterbody":"San Francisco Bay"},{"station_id":"SPB006W","station_name":"San Pablo Bay (SPB006W)","lat":38.02624,"lon":-122.298021,"county":"CONTRA COSTA","waterbody":"San Francisco Bay"}]}},{"type":"Feature","geometry":{"type":"Polygon","coordinates":[[[-122.27975339738401,38.01119216057806],[-122.27526071830971,38.01472867799333],[-122.27670686749914,38.01941431219167],[-122.28264603803157,38.02056324520584],[-122.28713850588863,38.01702661102601],[-122.28569201447917,38.012341160606724],[-122.27975339738401,38.01119216057806]]]},"properties":{"h3_index":"88283012d7fffff","station_count":1,"program_id":"sf_bay","program":"SF Bay","resolution":8,"stations":[{"station_id":"RefugioCk_Tsushima","station_name":"Refugio Creek at Tsushima Street","lat":38.017722,"lon":-122.277067,"county":"CONTRA COSTA"}]}},{"type":"Feature","geometry":{"type":"Polygon","coordinates":[[[-122.13540121283829,38.0140271049313],[-122.13089935678012,38.01755970719907],[-122.13234033629078,38.02224913827754],[-122.13828351644734,38.02340578448721],[-122.1427851644652,38.01987306484627],[-122.14134384041535,38.01518381637914],[-122.13540121283829,38.0140271049313]]]},"properties":{"h3_index":"8828301331fffff","station_count":1,"program_id":"sf_bay","program":"SF Bay","resolution":8,"stations":[{"station_id":"ARROY","station_name":"Arroyo del Hambre-ARROY","lat":38.02117,"lon":-122.14076,"county":"CONTRA COSTA"}]}},{"type":"Feature","geometry":{"type":"Polygon","coordinates":[[[-122.36536674385965,38.08935712506808],[-122.3608760630081,38.09289484474586],[-122.36232638690639,38.0975748543393],[-122.3682677330724,38.098716960182706],[-122.37275820049983,38.09517912437822],[-122.3713075352342,38.09049929886714],[-122.36536674385965,38.08935712506808]]]},"properties":{"h3_index":"8828301409fffff","station_count":1,"program_id":"sf_bay","program":"SF Bay","resolution":8,"stations":[{"station_id":"SPB001W","station_name":"San Pablo Bay (SPB001W)","lat":38.095672,"lon":-122.364584,"county":"SOLANO","waterbody":"San Francisco Bay"}]}},{"type":"Feature","geometry":{"type":"Polygon","coordinates":[[[-122.39493545662138,38.112639052646],[-122.39044563058715,38.1161772365184],[-122.39189734416274,38.12085545460771],[-122.39783922486875,38.12199530463131],[-122.40232883673164,38.11845700484034],[-122.40087678210882,38.11377897095444],[-122.39493545662138,38.112639052646]]]},"properties":{"h3_index":"8828301413fffff","station_count":1,"program_id":"sf_bay","program":"SF Bay","resolution":8,"stations":[{"station_id":"SPB071S","station_name":"San Pablo Bay (SPB071S)","lat":38.118059,"lon":-122.399066,"county":"SONOMA","waterbody":"San Francisco Bay"}]}},{"type":"Feature","geometry":{"type":"Polygon","coordinates":[[[-122.377110903239,38.10921717818768],[-122.37262010055622,38.11275493434138],[-122.37407112541139,38.11743378457676],[-122.38001329430858,38.11857469458916],[-122.38450388322659,38.115036822427314],[-122.38305251706105,38.11035815627131],[-122.377110903239,38.10921717818768]]]},"properties":{"h3_index":"8828301415fffff","station_count":1,"program_id":"sf_bay","program":"SF Bay","resolution":8,"stations":[{"station_id":"SPB017S","station_name":"San Pablo Bay (SPB017S)","lat":38.11553,"lon":-122.377995,"county":"SOLANO","waterbody":"San Francisco Bay"}]}},{"type":"Feature","geometry":{"type":"Polygon","coordinates":[[[-122.390580688342,38.09860289498448],[-122.3860911971232,38.1021411584168],[-122.38754255707985,38.106820088369496],[-122.39348374932855,38.10796057066318],[-122.39797302652997,38.10442219124574],[-122.39652132554896,38.09974344552981],[-122.390580688342,38.09860289498448]]]},"properties":{"h3_index":"8828301419fffff","station_count":1,"program_id":"sf_bay","program":"SF Bay","resolution":8,"stations":[{"station_id":"SPB023S","station_name":"San Pablo Bay (SPB023S)","lat":38.105033,"lon":-122.392235,"county":"SONOMA","waterbody":"San Francisco Bay"}]}},{"type":"Feature","geometry":{"type":"Polygon","coordinates":[[[-122.36840655809908,38.081138936804145],[-122.36391642594872,38.08467685196864],[-122.36536674385965,38.08935712506808],[-122.3713075352342,38.09049929886714],[-122.3757974539274,38.08696126756132],[-122.37434679475207,38.08228117860786],[-122.36840655809908,38.081138936804145]]]},"properties":{"h3_index":"8828301443fffff","station_count":1,"program_id":"sf_bay","program":"SF Bay","resolution":8,"stations":[{"station_id":"SPB017W","station_name":"San Pablo Bay (SPB017W)","lat":38.08571,"lon":-122.364274,"county":"SOLANO","waterbody":"San Francisco Bay"}]}},{"type":"Feature","geometry":{"type":"Polygon","coordinates":[[[-122.35058527487409,38.077710092831566],[-122.34609416773472,38.081247580099976],[-122.3475437967576,38.08592848468192],[-122.3534848744959,38.08707171798399],[-122.35797576858477,38.083534114484905],[-122.35652579803468,38.07885339392455],[-122.35058527487409,38.077710092831566]]]},"properties":{"h3_index":"8828301445fffff","station_count":1,"program_id":"sf_bay","program":"SF Bay","resolution":8,"stations":[{"station_id":"SPB048W","station_name":"San Pablo Bay (SPB048W)","lat":38.07982,"lon":-122.351,"county":"SOLANO"}]}},{"type":"Feature","geometry":{"type":"Polygon","coordinates":[[[-122.3640559756995,38.06709661691122],[-122.35956617884794,38.070634611144754],[-122.36101614345534,38.075315594953395],[-122.36695624620462,38.07645840035938],[-122.37144582975283,38.0729202899178],[-122.36999552390395,38.068239490288406],[-122.3640559756995,38.06709661691122]]]},"properties":{"h3_index":"8828301449fffff","station_count":1,"program_id":"sf_bay","program":"SF Bay","resolution":8,"stations":[{"station_id":"SPB020W","station_name":"San Pablo Bay (SPB020W)","lat":38.071056,"lon":-122.368054,"county":"MARIN","waterbody":"San Francisco Bay"}]}},{"type":"Feature","geometry":{"type":"Polygon","coordinates":[[[-122.3862269806727,38.08456460298596],[-122.38173782429129,38.088102945687424],[-122.38318883074142,38.09278258702226],[-122.38912933462332,38.093923701395525],[-122.39361827714127,38.09038524264223],[-122.39216692968961,38.08570578557757],[-122.3862269806727,38.08456460298596]]]},"properties":{"h3_index":"8828301451fffff","station_count":1,"program_id":"sf_bay","program":"SF Bay","resolution":8,"stations":[{"station_id":"SPB033W","station_name":"San Pablo Bay (SPB033W)","lat":38.08548,"lon":-122.38517,"county":"SOLANO","waterbody":"San Francisco Bay"}]}},{"type":"Feature","geometry":{"type":"Polygon","coordinates":[[[-122.38926458822829,38.076346160474124],[-122.3847759804158,38.07988469827239],[-122.3862269806727,38.08456460298596],[-122.39216692968961,38.08570578557757],[-122.39665532360584,38.08216713171284],[-122.39520398245024,38.077487411333045],[-122.38926458822829,38.076346160474124]]]},"properties":{"h3_index":"8828301459fffff","station_count":1,"program_id":"sf_bay","program":"SF Bay","resolution":8,"stations":[{"station_id":"SPB009W","station_name":"San Pablo Bay (SPB009W)","lat":38.082834,"lon":-122.393975,"county":"MARIN","waterbody":"San Francisco Bay"}]}},{"type":"Feature","geometry":{"type":"Polygon","coordinates":[[[-122.39665532360584,38.08216713171284],[-122.39216692968961,38.08570578557757],[-122.39361827714127,38.09038524264223],[-122.39955835937656,38.091525861488236],[-122.40404653920983,38.08798709160917],[-122.4025948509396,38.083307818908516],[-122.39665532360584,38.08216713171284]]]},"properties":{"h3_index":"882830145bfffff","station_count":1,"program_id":"sf_bay","program":"SF Bay","resolution":8,"stations":[{"station_id":"SPB041W","station_name":"San Pablo Bay (SPB041W)","lat":38.087305,"lon":-122.395235,"county":"SONOMA"}]}},{"type":"Feature","geometry":{"type":"Polygon","coordinates":[[[-122.33406751862475,38.09653985146934],[-122.32957455222187,38.10007663486912],[-122.33102385092053,38.104757196145584],[-122.33696645798703,38.10590079023212],[-122.34145921162576,38.102363890593594],[-122.340009571011,38.09768351311741],[-122.33406751862475,38.09653985146934]]]},"properties":{"h3_index":"8828301467fffff","station_count":1,"program_id":"sf_bay","program":"SF Bay","resolution":8,"stations":[{"station_id":"SPB029S","station_name":"San Pablo Bay (SPB029S)","lat":38.10264,"lon":-122.337104,"county":"SOLANO","waterbody":"San Francisco Bay"}]}},{"type":"Feature","geometry":{"type":"Polygon","coordinates":[[[-122.40536584510609,38.11024047560394],[-122.40087678210882,38.11377897095444],[-122.40232883673164,38.11845700484034],[-122.40827029526469,38.11959635908866],[-122.41275914387099,38.11605774785721],[-122.41130674838408,38.11137989826845],[-122.40536584510609,38.11024047560394]]]},"properties":{"h3_index":"88283014cdfffff","station_count":1,"program_id":"sf_bay","program":"SF Bay","resolution":8,"stations":[{"station_id":"SPB007S","station_name":"San Pablo Bay (SPB007S)","lat":38.116366,"lon":-122.409726,"county":"SONOMA","waterbody":"San Francisco Bay"}]}},{"type":"Feature","geometry":{"type":"Polygon","coordinates":[[[-122.32363208017246,38.0989324769949],[-122.31913835222771,38.10246894783749],[-122.32058730882738,38.10714969282017],[-122.32653033551968,38.1082937832642],[-122.33102385092053,38.104757196145584],[-122.32957455222187,38.10007663486912],[-122.32363208017246,38.0989324769949]]]},"properties":{"h3_index":"882830155bfffff","station_count":1,"program_id":"sf_bay","program":"SF Bay","resolution":8,"stations":[{"station_id":"SPB037S","station_name":"San Pablo Bay (SPB037S)","lat":38.099645,"lon":-122.327053,"county":"SOLANO","waterbody":"San Francisco Bay"}]}},{"type":"Feature","geometry":{"type":"Polygon","coordinates":[[[-122.38359749307378,38.04004112355662],[-122.37911010294386,38.04358001300961],[-122.38056039048145,38.04826160122822],[-122.3864984089479,38.04940411553978],[-122.39098558545622,38.04586510987184],[-122.38953495716848,38.04118370611735],[-122.38359749307378,38.04004112355662]]]},"properties":{"h3_index":"8828301601fffff","station_count":1,"program_id":"sf_bay","program":"SF Bay","resolution":8,"stations":[{"station_id":"SPB021W","station_name":"San Pablo Bay (SPB021W)","lat":38.041587,"lon":-122.384424,"county":"MARIN","waterbody":"San Francisco Bay"}]}},{"type":"Feature","geometry":{"type":"Polygon","coordinates":[[[-122.39098558545622,38.04586510987184],[-122.3864984089479,38.04940411553978],[-122.38794904347127,38.0540852566557],[-122.393887195222,38.05522720761931],[-122.39837415792225,38.05168808578858],[-122.39692318272868,38.04700712916707],[-122.39098558545622,38.04586510987184]]]},"properties":{"h3_index":"8828301603fffff","station_count":1,"program_id":"sf_bay","program":"SF Bay","resolution":8,"stations":[{"station_id":"SPB012S","station_name":"San Pablo Bay (SPB012S)","lat":38.048767,"lon":-122.390114,"county":"MARIN","waterbody":"San Francisco Bay"}]}},{"type":"Feature","geometry":{"type":"Polygon","coordinates":[[[-122.3731722179544,38.04243693542554],[-122.3686840662162,38.04597551418796],[-122.37013401282094,38.0506572867767],[-122.37607245214548,38.05180029624295],[-122.38056039048145,38.04826160122822],[-122.37911010294386,38.04358001300961],[-122.3731722179544,38.04243693542554]]]},"properties":{"h3_index":"8828301605fffff","station_count":2,"program_id":"sf_bay","program":"SF Bay","resolution":8,"stations":[{"station_id":"SPB016W","station_name":"San Pablo Bay (SPB016W)","lat":38.046568,"lon":-122.373454,"county":"CONTRA COSTA","waterbody":"San Francisco Bay"},{"station_id":"SPB032S","station_name":"San Pablo Bay (SPB032S)","lat":38.047415,"lon":-122.377644,"county":"MARIN","waterbody":"San Francisco Bay"}]}},{"type":"Feature","geometry":{"type":"Polygon","coordinates":[[[-122.39837415792225,38.05168808578858],[-122.393887195222,38.05522720761931],[-122.39533817672496,38.05990790150503],[-122.4012764615672,38.061049289045386],[-122.40576321027292,38.05751005110403],[-122.40431188817973,38.05282954174299],[-122.39837415792225,38.05168808578858]]]},"properties":{"h3_index":"8828301615fffff","station_count":1,"program_id":"sf_bay","program":"SF Bay","resolution":8,"stations":[{"station_id":"SPB025W","station_name":"San Pablo Bay (SPB025W)","lat":38.054342,"lon":-122.398115,"county":"MARIN","waterbody":"San Francisco Bay"}]}},{"type":"Feature","geometry":{"type":"Polygon","coordinates":[[[-122.41922083525643,38.046891328247256],[-122.4147353971087,38.05043107061253],[-122.4161870596093,38.05511139535505],[-122.42212450053101,38.056251793030015],[-122.42660972424596,38.05271193462911],[-122.42515772152076,38.04803179459891],[-122.41922083525643,38.046891328247256]]]},"properties":{"h3_index":"882830161bfffff","station_count":3,"program_id":"sf_bay","program":"SF Bay","resolution":8,"stations":[{"station_id":"BD20","station_name":"San Pablo Bay (BD20)","lat":38.048,"lon":-122.422,"county":"MARIN","waterbody":"San Francisco Bay"},{"station_id":"BD22","station_name":"San Pablo Bay (BD22)","lat":38.048,"lon":-122.423,"county":"MARIN","waterbody":"San Francisco Bay"},{"station_id":"SPB2","station_name":"MMP - San Pablo Bay - SPB2","lat":38.051283,"lon":-122.42175,"county":"MARIN"}]}},{"type":"Feature","geometry":{"type":"Polygon","coordinates":[[[-122.40140959725628,38.04346781307823],[-122.39692318272868,38.04700712916707],[-122.39837415792225,38.05168808578858],[-122.40431188817973,38.05282954174299],[-122.40879808868007,38.049290109528776],[-122.40734677299902,38.044609337495594],[-122.40140959725628,38.04346781307823]]]},"properties":{"h3_index":"882830161dfffff","station_count":1,"program_id":"sf_bay","program":"SF Bay","resolution":8,"stations":[{"station_id":"SPB005W","station_name":"San Pablo Bay (SPB005W)","lat":38.047192,"lon":-122.397334,"county":"MARIN","waterbody":"San Francisco Bay"}]}},{"type":"Feature","geometry":{"type":"Polygon","coordinates":[[[-122.37013401282094,38.0506572867767],[-122.36564531281059,38.054195670905926],[-122.36709526544531,38.05887718072881],[-122.37303425917486,38.06002012212609],[-122.3775227458159,38.05648162175937],[-122.37607245214548,38.05180029624295],[-122.37013401282094,38.0506572867767]]]},"properties":{"h3_index":"882830162bfffff","station_count":1,"program_id":"sf_bay","program":"SF Bay","resolution":8,"stations":[{"station_id":"SPB080S","station_name":"San Pablo Bay (SPB080S)","lat":38.056073,"lon":-122.367494,"county":"MARIN","waterbody":"San Francisco Bay"}]}},{"type":"Feature","geometry":{"type":"Polygon","coordinates":[[[-122.35231812170393,38.04722614123624],[-122.34782844720961,38.05076409792077],[-122.34927771140056,38.055446238967676],[-122.35521699143283,38.05659023915811],[-122.35970645296402,38.053052166146685],[-122.35825684747485,38.04837020928184],[-122.35231812170393,38.04722614123624]]]},"properties":{"h3_index":"882830162dfffff","station_count":1,"program_id":"sf_bay","program":"SF Bay","resolution":8,"stations":[{"station_id":"SPB040S","station_name":"San Pablo Bay (SPB040S)","lat":38.051517,"lon":-122.357123,"county":"CONTRA COSTA","waterbody":"San Francisco Bay"}]}},{"type":"Feature","geometry":{"type":"Polygon","coordinates":[[[-122.39230165353631,38.06812725985703],[-122.38781359419364,38.07166599254246],[-122.38926458822829,38.076346160474124],[-122.39520398245024,38.077487411333045],[-122.39969182786385,38.073948562566486],[-122.39824049303344,38.069268579032205],[-122.39230165353631,38.06812725985703]]]},"properties":{"h3_index":"8828301633fffff","station_count":1,"program_id":"sf_bay","program":"SF Bay","resolution":8,"stations":[{"station_id":"SPB033S","station_name":"San Pablo Bay (SPB033S)","lat":38.076409,"lon":-122.395895,"county":"MARIN","waterbody":"San Francisco Bay"}]}},{"type":"Feature","geometry":{"type":"Polygon","coordinates":[[[-122.38187433327633,38.07052417809544],[-122.37738551175424,38.07406259977511],[-122.37883616481018,38.07874295201031],[-122.3847759804158,38.07988469827239],[-122.38926458822829,38.076346160474124],[-122.38781359419364,38.07166599254246],[-122.38187433327633,38.07052417809544]]]},"properties":{"h3_index":"8828301637fffff","station_count":2,"program_id":"sf_bay","program":"SF Bay","resolution":8,"stations":[{"station_id":"SPB001S","station_name":"San Pablo Bay (SPB001S)","lat":38.071961,"lon":-122.386595,"county":"MARIN","waterbody":"San Francisco Bay"},{"station_id":"SPB013S","station_name":"San Pablo Bay (SPB013S)","lat":38.079449,"lon":-122.384665,"county":"SONOMA","waterbody":"San Francisco Bay"}]}},{"type":"Feature","geometry":{"type":"Polygon","coordinates":[[[-122.3775227458159,38.05648162175937],[-122.37303425917486,38.06002012212609],[-122.37448455894905,38.06470118477941],[-122.38042368636883,38.065843562739225],[-122.38491195945399,38.06230494618709],[-122.38346131872403,38.05762406787061],[-122.3775227458159,38.05648162175937]]]},"properties":{"h3_index":"882830163dfffff","station_count":2,"program_id":"sf_bay","program":"SF Bay","resolution":8,"stations":[{"station_id":"SPB016S","station_name":"San Pablo Bay (SPB016S)","lat":38.063029,"lon":-122.375644,"county":"MARIN","waterbody":"San Francisco Bay"},{"station_id":"SPB053W","station_name":"San Pablo Bay (SPB053W)","lat":38.061793,"lon":-122.384354}]}},{"type":"Feature","geometry":{"type":"Polygon","coordinates":[[[-122.37186043059431,38.02016852509042],[-122.367373161822,38.02370737615569],[-122.36882274935506,38.028390120543214],[-122.37475994651633,38.02953382940846],[-122.3792470020071,38.025994862009014],[-122.3777970736669,38.02131230208859],[-122.37186043059431,38.02016852509042]]]},"properties":{"h3_index":"8828301645fffff","station_count":1,"program_id":"sf_bay","program":"SF Bay","resolution":8,"stations":[{"station_id":"SPB3","station_name":"MMP - San Pablo Bay - SPB3","lat":38.02391,"lon":-122.36821,"county":"CONTRA COSTA"}]}},{"type":"Feature","geometry":{"type":"Polygon","coordinates":[[[-122.3853196186274,38.009550963446316],[-122.38083365898837,38.01309031864329],[-122.38228358118234,38.01777314068543],[-122.388219803586,38.018916422915886],[-122.39270554969146,38.01537695140711],[-122.39125528697559,38.01069431398975],[-122.3853196186274,38.009550963446316]]]},"properties":{"h3_index":"8828301649fffff","station_count":1,"program_id":"sf_bay","program":"SF Bay","resolution":8,"stations":[{"station_id":"SPB132S","station_name":"San Pablo Bay (SPB132S)","lat":38.0146,"lon":-122.38682,"county":"CONTRA COSTA","waterbody":"San Francisco Bay"}]}},{"type":"Feature","geometry":{"type":"Polygon","coordinates":[[[-122.39270554969146,38.01537695140711],[-122.388219803586,38.018916422915886],[-122.3896700725508,38.023598798275195],[-122.39560642811188,38.024741517480656],[-122.40009196049743,38.021201929712305],[-122.3986413510906,38.016519739008125],[-122.39270554969146,38.01537695140711]]]},"properties":{"h3_index":"882830164bfffff","station_count":1,"program_id":"sf_bay","program":"SF Bay","resolution":8,"stations":[{"station_id":"SPB044W","station_name":"San Pablo Bay (SPB044W)","lat":38.022191,"lon":-122.393844,"county":"CONTRA COSTA"}]}},{"type":"Feature","geometry":{"type":"Polygon","coordinates":[[[-122.37489756993463,38.01194647346344],[-122.37041084910479,38.0154855185175],[-122.37186043059431,38.02016852509042],[-122.3777970736669,38.02131230208859],[-122.38228358118234,38.01777314068543],[-122.38083365898837,38.01309031864329],[-122.37489756993463,38.01194647346344]]]},"properties":{"h3_index":"882830164dfffff","station_count":1,"program_id":"sf_bay","program":"SF Bay","resolution":8,"stations":[{"station_id":"SPB004W","station_name":"San Pablo Bay (SPB004W)","lat":38.016433,"lon":-122.380803,"county":"CONTRA COSTA","waterbody":"San Francisco Bay"}]}},{"type":"Feature","geometry":{"type":"Polygon","coordinates":[[[-122.35839731508375,38.03078457350735],[-122.35390873710062,38.03432291960883],[-122.35535798955563,38.039005585959195],[-122.36129616113503,38.0401497219088],[-122.36578452608893,38.03661125945078],[-122.36433493254141,38.03192877740978],[-122.35839731508375,38.03078457350735]]]},"properties":{"h3_index":"8828301661fffff","station_count":1,"program_id":"sf_bay","program":"SF Bay","resolution":8,"stations":[{"station_id":"SPB042W","station_name":"San Pablo Bay (SPB042W)","lat":38.037637,"lon":-122.364243,"county":"CONTRA COSTA"}]}},{"type":"Feature","geometry":{"type":"Polygon","coordinates":[[[-122.3479706996827,38.03317822053108],[-122.34348136068382,38.03671625563525],[-122.34493027186372,38.04139910620084],[-122.3508688633664,38.0425437374571],[-122.35535798955563,38.039005585959195],[-122.35390873710062,38.03432291960883],[-122.3479706996827,38.03317822053108]]]},"properties":{"h3_index":"8828301665fffff","station_count":1,"program_id":"sf_bay","program":"SF Bay","resolution":8,"stations":[{"station_id":"SPB074S","station_name":"San Pablo Bay (SPB074S)","lat":38.035389,"lon":-122.347513,"county":"CONTRA COSTA","waterbody":"San Francisco Bay"}]}},{"type":"Feature","geometry":{"type":"Polygon","coordinates":[[[-122.35535798955563,38.039005585959195],[-122.3508688633664,38.0425437374571],[-122.35231812170393,38.04722614123624],[-122.35825684747485,38.04837020928184],[-122.3627457606679,38.04483194144223],[-122.36129616113503,38.0401497219088],[-122.35535798955563,38.039005585959195]]]},"properties":{"h3_index":"8828301667fffff","station_count":1,"program_id":"sf_bay","program":"SF Bay","resolution":8,"stations":[{"station_id":"SPB032W","station_name":"San Pablo Bay (SPB032W)","lat":38.046042,"lon":-122.357353,"county":"CONTRA COSTA","waterbody":"San Francisco Bay"}]}},{"type":"Feature","geometry":{"type":"Polygon","coordinates":[[[-122.36143609841626,38.022563104251645],[-122.3569480685404,38.02610164474682],[-122.35839731508375,38.03078457350735],[-122.36433493254141,38.03192877740978],[-122.36882274935506,38.028390120543214],[-122.367373161822,38.02370737615569],[-122.36143609841626,38.022563104251645]]]},"properties":{"h3_index":"8828301669fffff","station_count":3,"program_id":"sf_bay","program":"SF Bay","resolution":8,"stations":[{"station_id":"BD30","station_name":"Pinole Point (BD30)","lat":38.024,"lon":-122.363,"county":"CONTRA COSTA","waterbody":"San Francisco Bay"},{"station_id":"BD31","station_name":"Pinole Point (BD31)","lat":38.024122,"lon":-122.363683,"county":"CONTRA COSTA","waterbody":"San Francisco Bay"},{"station_id":"SPB010S","station_name":"San Pablo Bay (SPB010S)","lat":38.027987,"lon":-122.358613,"county":"CONTRA COSTA","waterbody":"San Francisco Bay"}]}},{"type":"Feature","geometry":{"type":"Polygon","coordinates":[[[-122.36882274935506,38.028390120543214],[-122.36433493254141,38.03192877740978],[-122.36578452608893,38.03661125945078],[-122.37172227740878,38.037754900231874],[-122.37620988097379,38.03421612704603],[-122.37475994651633,38.02953382940846],[-122.36882274935506,38.028390120543214]]]},"properties":{"h3_index":"882830166bfffff","station_count":2,"program_id":"sf_bay","program":"SF Bay","resolution":8,"stations":[{"station_id":"SPB042S","station_name":"San Pablo Bay (SPB042S)","lat":38.03313,"lon":-122.36492,"county":"CONTRA COSTA","waterbody":"San Francisco Bay"},{"station_id":"SPB024W","station_name":"San Pablo Bay (SPB024W)","lat":38.029913,"lon":-122.372563,"county":"CONTRA COSTA","waterbody":"San Francisco Bay"}]}},{"type":"Feature","geometry":{"type":"Polygon","coordinates":[[[-122.35101058513749,38.02495687779877],[-122.34652179431166,38.028495107491636],[-122.3479706996827,38.03317822053108],[-122.35390873710062,38.03432291960883],[-122.35839731508375,38.03078457350735],[-122.3569480685404,38.02610164474682],[-122.35101058513749,38.02495687779877]]]},"properties":{"h3_index":"882830166dfffff","station_count":1,"program_id":"sf_bay","program":"SF Bay","resolution":8,"stations":[{"station_id":"SPB010W","station_name":"San Pablo Bay (SPB010W)","lat":38.032757,"lon":-122.350643,"county":"CONTRA COSTA","waterbody":"San Francisco Bay"}]}},{"type":"Feature","geometry":{"type":"Polygon","coordinates":[[[-122.43532421453938,38.08078780230319],[-122.43083832367726,38.08432750416465],[-122.43229103998377,38.08900595998943],[-122.43822998739071,38.090144529287436],[-122.44271566332559,38.0866047115766],[-122.44126260682968,38.08192644042713],[-122.43532421453938,38.08078780230319]]]},"properties":{"h3_index":"8828301681fffff","station_count":1,"program_id":"sf_bay","program":"SF Bay","resolution":8,"stations":[{"station_id":"SPB063S","station_name":"San Pablo Bay (SPB063S)","lat":38.08527,"lon":-122.4402,"county":"MARIN"}]}},{"type":"Feature","geometry":{"type":"Polygon","coordinates":[[[-122.44271566332559,38.0866047115766],[-122.43822998739071,38.090144529287436],[-122.43968305063879,38.094822537118674],[-122.44562212997974,38.095960542543786],[-122.45010759080076,38.09242060903584],[-122.44865418744358,38.08774278590993],[-122.44271566332559,38.0866047115766]]]},"properties":{"h3_index":"8828301683fffff","station_count":2,"program_id":"sf_bay","program":"SF Bay","resolution":8,"stations":[{"station_id":"SPB015S","station_name":"San Pablo Bay (SPB015S)","lat":38.091109,"lon":-122.444007,"county":"MARIN","waterbody":"San Francisco Bay"},{"station_id":"SPB003W","station_name":"San Pablo Bay (SPB003W)","lat":38.087293,"lon":-122.444447,"county":"MARIN","waterbody":"San Francisco Bay"}]}},{"type":"Feature","geometry":{"type":"Polygon","coordinates":[[[-122.42489950839735,38.083188371068395],[-122.42041285439217,38.08672776250158],[-122.42186523032625,38.09140640290799],[-122.4278046006868,38.09254546730962],[-122.43229103998377,38.08900595998943],[-122.43083832367726,38.08432750416465],[-122.42489950839735,38.083188371068395]]]},"properties":{"h3_index":"8828301685fffff","station_count":1,"program_id":"sf_bay","program":"SF Bay","resolution":8,"stations":[{"station_id":"SPB047W","station_name":"San Pablo Bay (SPB047W)","lat":38.084044,"lon":-122.429006,"county":"MARIN"}]}},{"type":"Feature","geometry":{"type":"Polygon","coordinates":[[[-122.46053094364119,38.09001787587569],[-122.4560462465534,38.09355811950397],[-122.4574999967653,38.09823549447947],[-122.46343878395948,38.09937244100791],[-122.46792326552789,38.09583208167262],[-122.46646917547041,38.091154891525946],[-122.46053094364119,38.09001787587569]]]},"properties":{"h3_index":"8828301691fffff","station_count":1,"program_id":"sf_bay","program":"SF Bay","resolution":8,"stations":[{"station_id":"SPB011S","station_name":"San Pablo Bay (SPB011S)","lat":38.092517,"lon":-122.464398,"county":"MARIN","waterbody":"San Francisco Bay"}]}},{"type":"Feature","geometry":{"type":"Polygon","coordinates":[[[-122.46792326552789,38.09583208167262],[-122.46343878395948,38.09937244100791],[-122.46489288101955,38.10404936770625],[-122.47083179946208,38.1051857502206],[-122.47531606532459,38.10164527523067],[-122.4738616284994,38.096968533391056],[-122.46792326552789,38.09583208167262]]]},"properties":{"h3_index":"8828301693fffff","station_count":1,"program_id":"sf_bay","program":"SF Bay","resolution":8,"stations":[{"station_id":"SPB043S","station_name":"San Pablo Bay (SPB043S)","lat":38.1027,"lon":-122.46743,"county":"SONOMA"}]}},{"type":"Feature","geometry":{"type":"Polygon","coordinates":[[[-122.41447361645805,38.08558813429415],[-122.40998619946247,38.089127215066526],[-122.41143823484107,38.09380603996089],[-122.41737802781964,38.09494559960499],[-122.42186523032625,38.09140640290799],[-122.42041285439217,38.08672776250158],[-122.41447361645805,38.08558813429415]]]},"properties":{"h3_index":"88283016a9fffff","station_count":1,"program_id":"sf_bay","program":"SF Bay","resolution":8,"stations":[{"station_id":"SPB055S","station_name":"San Pablo Bay (SPB055S)","lat":38.08932,"lon":-122.41952,"county":"SONOMA","waterbody":"San Francisco Bay"}]}},{"type":"Feature","geometry":{"type":"Polygon","coordinates":[[[-122.43968305063879,38.094822537118674],[-122.43519682623663,38.09836216027366],[-122.43664989620797,38.103039904626186],[-122.44258953084221,38.104177841192055],[-122.44707554016291,38.100638102254585],[-122.44562212997974,38.095960542543786],[-122.43968305063879,38.094822537118674]]]},"properties":{"h3_index":"88283016b9fffff","station_count":1,"program_id":"sf_bay","program":"SF Bay","resolution":8,"stations":[{"station_id":"SPB075S","station_name":"San Pablo Bay (SPB075S)","lat":38.098227,"lon":-122.443177,"county":"SONOMA","waterbody":"San Francisco Bay"}]}},{"type":"Feature","geometry":{"type":"Polygon","coordinates":[[[-122.43096643918737,38.06675093432487],[-122.42648088188766,38.070290714601704],[-122.42793324464166,38.07496988141729],[-122.43387150491121,38.07610908325715],[-122.43835684743773,38.07256918706397],[-122.43690414451676,38.06789020495731],[-122.43096643918737,38.06675093432487]]]},"properties":{"h3_index":"88283016c7fffff","station_count":1,"program_id":"sf_bay","program":"SF Bay","resolution":8,"stations":[{"station_id":"SPB039S","station_name":"San Pablo Bay (SPB039S)","lat":38.06828,"lon":-122.435466,"county":"MARIN","waterbody":"San Francisco Bay"}]}},{"type":"Feature","geometry":{"type":"Polygon","coordinates":[[[-122.43703120369517,38.050311669297386],[-122.43254674270429,38.05385183757938],[-122.43399909216252,38.05853153016142],[-122.43993624262201,38.05967086963535],[-122.44442048877481,38.05613058540758],[-122.44296779935502,38.05145107766169],[-122.43703120369517,38.050311669297386]]]},"properties":{"h3_index":"88283016c9fffff","station_count":1,"program_id":"sf_bay","program":"SF Bay","resolution":8,"stations":[{"station_id":"SPB041S","station_name":"San Pablo Bay (SPB041S)","lat":38.055055,"lon":-122.439695,"county":"MARIN","waterbody":"San Francisco Bay"}]}},{"type":"Feature","geometry":{"type":"Polygon","coordinates":[[[-122.44442048877481,38.05613058540758],[-122.43993624262201,38.05967086963535],[-122.44138893880682,38.06435011464201],[-122.4473262210746,38.06548889056472],[-122.45181025220289,38.061948490443534],[-122.45035721613677,38.05726943030307],[-122.44442048877481,38.05613058540758]]]},"properties":{"h3_index":"88283016cbfffff","station_count":1,"program_id":"sf_bay","program":"SF Bay","resolution":8,"stations":[{"station_id":"SPB019W","station_name":"San Pablo Bay (SPB019W)","lat":38.061126,"lon":-122.444236,"county":"MARIN","waterbody":"San Francisco Bay"}]}},{"type":"Feature","geometry":{"type":"Polygon","coordinates":[[[-122.42660972424596,38.05271193462911],[-122.42212450053101,38.056251793030015],[-122.42357650984478,38.060931670354506],[-122.42951408306678,38.0620715045457],[-122.43399909216252,38.05853153016142],[-122.43254674270429,38.05385183757938],[-122.42660972424596,38.05271193462911]]]},"properties":{"h3_index":"88283016cdfffff","station_count":1,"program_id":"sf_bay","program":"SF Bay","resolution":8,"stations":[{"station_id":"SPB039W","station_name":"San Pablo Bay (SPB039W)","lat":38.059276,"lon":-122.431536,"county":"MARIN"}]}},{"type":"Feature","geometry":{"type":"Polygon","coordinates":[[[-122.45920049378,38.0677653842034],[-122.45471667786265,38.071305900165626],[-122.45617006748121,38.075984249640165],[-122.46210761278664,38.07712189823636],[-122.46659121330661,38.07358126648549],[-122.46513748396742,38.068903101937074],[-122.45920049378,38.0677653842034]]]},"properties":{"h3_index":"88283016d1fffff","station_count":2,"program_id":"sf_bay","program":"SF Bay","resolution":8,"stations":[{"station_id":"SPB035S","station_name":"San Pablo Bay (SPB035S)","lat":38.06887,"lon":-122.458697,"county":"MARIN","waterbody":"San Francisco Bay"},{"station_id":"SPB011W","station_name":"San Pablo Bay (SPB011W)","lat":38.069103,"lon":-122.458747,"county":"MARIN","waterbody":"San Francisco Bay"}]}},{"type":"Feature","geometry":{"type":"Polygon","coordinates":[[[-122.46223037888859,38.05954606210094],[-122.45774711107404,38.063086771795454],[-122.45920049378,38.0677653842034],[-122.46513748396742,38.068903101937074],[-122.46962053635237,38.065362276439224],[-122.46816681402838,38.06068384902103],[-122.46223037888859,38.05954606210094]]]},"properties":{"h3_index":"88283016d9fffff","station_count":1,"program_id":"sf_bay","program":"SF Bay","resolution":8,"stations":[{"station_id":"SPB027S","station_name":"San Pablo Bay (SPB027S)","lat":38.068143,"lon":-122.462227,"county":"MARIN","waterbody":"San Francisco Bay"}]}},{"type":"Feature","geometry":{"type":"Polygon","coordinates":[[[-122.46962053635237,38.065362276439224],[-122.46513748396742,38.068903101937074],[-122.46659121330661,38.07358126648549],[-122.4725283346173,38.07471842052637],[-122.47701117138622,38.071177479277594],[-122.47555710250938,38.066499499748865],[-122.46962053635237,38.065362276439224]]]},"properties":{"h3_index":"88283016dbfffff","station_count":1,"program_id":"sf_bay","program":"SF Bay","resolution":8,"stations":[{"station_id":"SPB043W","station_name":"San Pablo Bay (SPB043W)","lat":38.06833,"lon":-122.466697,"county":"MARIN"}]}},{"type":"Feature","geometry":{"type":"Polygon","coordinates":[[[-122.41011788322793,38.07155015865831],[-122.4056308003662,38.07508931816078],[-122.40708248223748,38.079768854112956],[-122.4130215875522,38.0809090460513],[-122.4175084560789,38.077369770557375],[-122.41605643367481,38.072690419126616],[-122.41011788322793,38.07155015865831]]]},"properties":{"h3_index":"88283016e1fffff","station_count":1,"program_id":"sf_bay","program":"SF Bay","resolution":8,"stations":[{"station_id":"SPB023W","station_name":"San Pablo Bay (SPB023W)","lat":38.076013,"lon":-122.408705,"county":"MARIN","waterbody":"San Francisco Bay"}]}},{"type":"Feature","geometry":{"type":"Polygon","coordinates":[[[-122.4175084560789,38.077369770557375],[-122.4130215875522,38.0809090460513],[-122.41447361645805,38.08558813429415],[-122.42041285439217,38.08672776250158],[-122.42489950839735,38.083188371068395],[-122.4234471390388,38.07850946737708],[-122.4175084560789,38.077369770557375]]]},"properties":{"h3_index":"88283016e3fffff","station_count":1,"program_id":"sf_bay","program":"SF Bay","resolution":8,"stations":[{"station_id":"SPB015W","station_name":"San Pablo Bay (SPB015W)","lat":38.081972,"lon":-122.414936,"county":"MARIN","waterbody":"San Francisco Bay"}]}},{"type":"Feature","geometry":{"type":"Polygon","coordinates":[[[-122.42054275383181,38.06915094912074],[-122.41605643367481,38.072690419126616],[-122.4175084560789,38.077369770557375],[-122.4234471390388,38.07850946737708],[-122.42793324464166,38.07496988141729],[-122.42648088188766,38.070290714601704],[-122.42054275383181,38.06915094912074]]]},"properties":{"h3_index":"88283016ebfffff","station_count":1,"program_id":"sf_bay","program":"SF Bay","resolution":8,"stations":[{"station_id":"SPB025S","station_name":"San Pablo Bay (SPB025S)","lat":38.073638,"lon":-122.418436,"county":"MARIN","waterbody":"San Francisco Bay"}]}},{"type":"Feature","geometry":{"type":"Polygon","coordinates":[[[-122.31059575887916,38.056794870779484],[-122.30610304072047,38.06033158052195],[-122.30755093789212,38.06501445735546],[-122.31349189530007,38.066160440651316],[-122.31798440137526,38.062623614433306],[-122.31653616217483,38.05794092140511],[-122.31059575887916,38.056794870779484]]]},"properties":{"h3_index":"8828301701fffff","station_count":1,"program_id":"sf_bay","program":"SF Bay","resolution":8,"stations":[{"station_id":"SPB018S","station_name":"San Pablo Bay (SPB018S)","lat":38.062731,"lon":-122.307602,"county":"CONTRA COSTA","waterbody":"San Francisco Bay"}]}},{"type":"Feature","geometry":{"type":"Polygon","coordinates":[[[-122.31364003674018,38.04857482562333],[-122.30914786714911,38.05211173095917],[-122.31059575887916,38.056794870779484],[-122.31653616217483,38.05794092140511],[-122.32102811964897,38.05440389957893],[-122.31957988599316,38.049720943627584],[-122.31364003674018,38.04857482562333]]]},"properties":{"h3_index":"8828301709fffff","station_count":1,"program_id":"sf_bay","program":"SF Bay","resolution":8,"stations":[{"station_id":"SPB002W","station_name":"San Pablo Bay (SPB002W)","lat":38.055116,"lon":-122.318652,"county":"CONTRA COSTA","waterbody":"San Francisco Bay"}]}},{"type":"Feature","geometry":{"type":"Polygon","coordinates":[[[-122.32102811964897,38.05440389957893],[-122.31653616217483,38.05794092140511],[-122.31798440137526,38.062623614433306],[-122.32392493994476,38.063769101745855],[-122.32841668511531,38.060231963481215],[-122.32696810406874,38.05554945435261],[-122.32102811964897,38.05440389957893]]]},"properties":{"h3_index":"882830170bfffff","station_count":1,"program_id":"sf_bay","program":"SF Bay","resolution":8,"stations":[{"station_id":"SPB034S","station_name":"San Pablo Bay (SPB034S)","lat":38.057688,"lon":-122.324472,"county":"CONTRA COSTA","waterbody":"San Francisco Bay"}]}},{"type":"Feature","geometry":{"type":"Polygon","coordinates":[[[-122.30320759931986,38.050965117096496],[-122.29871466926438,38.05450171031153],[-122.30016221888613,38.059185033906516],[-122.30610304072047,38.06033158052195],[-122.31059575887916,38.056794870779484],[-122.30914786714911,38.05211173095917],[-122.30320759931986,38.050965117096496]]]},"properties":{"h3_index":"882830170dfffff","station_count":1,"program_id":"sf_bay","program":"SF Bay","resolution":8,"stations":[{"station_id":"SPB018W","station_name":"San Pablo Bay (SPB018W)","lat":38.057,"lon":-122.307942,"county":"CONTRA COSTA","waterbody":"San Francisco Bay"}]}},{"type":"Feature","geometry":{"type":"Polygon","coordinates":[[[-122.33580573294066,38.06605901712645],[-122.33131420026045,38.0695962717776],[-122.33276313438397,38.07427807083805],[-122.3387039429233,38.07542243129677],[-122.34319526292647,38.07188506031103],[-122.34174598711618,38.067203445211234],[-122.33580573294066,38.06605901712645]]]},"properties":{"h3_index":"8828301711fffff","station_count":1,"program_id":"sf_bay","program":"SF Bay","resolution":8,"stations":[{"station_id":"SPB120S","station_name":"San Pablo Bay (SPB120S)","lat":38.06952,"lon":-122.33225,"county":"SOLANO"}]}},{"type":"Feature","geometry":{"type":"Polygon","coordinates":[[[-122.34319526292647,38.07188506031103],[-122.3387039429233,38.07542243129677],[-122.3401532244995,38.08010378318176],[-122.34609416773472,38.081247580099976],[-122.35058527487409,38.077710092831566],[-122.34913565169089,38.073028924937724],[-122.34319526292647,38.07188506031103]]]},"properties":{"h3_index":"8828301713fffff","station_count":1,"program_id":"sf_bay","program":"SF Bay","resolution":8,"stations":[{"station_id":"SPB040W","station_name":"San Pablo Bay (SPB040W)","lat":38.074783,"lon":-122.348033,"county":"SOLANO"}]}},{"type":"Feature","geometry":{"type":"Polygon","coordinates":[[[-122.33884778862077,38.05783950486928],[-122.33435680450924,38.06137695494837],[-122.33580573294066,38.06605901712645],[-122.34174598711618,38.067203445211234],[-122.34623675851743,38.06366587878282],[-122.34478748850223,38.05898400062905],[-122.33884778862077,38.05783950486928]]]},"properties":{"h3_index":"8828301719fffff","station_count":1,"program_id":"sf_bay","program":"SF Bay","resolution":8,"stations":[{"station_id":"SPB024S","station_name":"San Pablo Bay (SPB024S)","lat":38.062271,"lon":-122.334743,"county":"CONTRA COSTA","waterbody":"San Francisco Bay"}]}},{"type":"Feature","geometry":{"type":"Polygon","coordinates":[[[-122.34623675851743,38.06366587878282],[-122.34174598711618,38.067203445211234],[-122.34319526292647,38.07188506031103],[-122.34913565169089,38.073028924937724],[-122.35362621019523,38.06949124221193],[-122.35217659288087,38.064809811166946],[-122.34623675851743,38.06366587878282]]]},"properties":{"h3_index":"882830171bfffff","station_count":1,"program_id":"sf_bay","program":"SF Bay","resolution":8,"stations":[{"station_id":"SPB008S","station_name":"San Pablo Bay (SPB008S)","lat":38.071805,"lon":-122.347043,"county":"SOLANO","waterbody":"San Francisco Bay"}]}},{"type":"Feature","geometry":{"type":"Polygon","coordinates":[[[-122.31928558033448,38.08488873981667],[-122.31479218896395,38.0884252905834],[-122.31624079230848,38.09310674666554],[-122.32218312914793,38.09425146825182],[-122.3266763081281,38.09071480114263],[-122.32522736270796,38.08603352879977],[-122.31928558033448,38.08488873981667]]]},"properties":{"h3_index":"8828301733fffff","station_count":1,"program_id":"sf_bay","program":"SF Bay","resolution":8,"stations":[{"station_id":"SPB008W","station_name":"San Pablo Bay (SPB008W)","lat":38.088167,"lon":-122.316743,"county":"SOLANO","waterbody":"San Francisco Bay"}]}},{"type":"Feature","geometry":{"type":"Polygon","coordinates":[[[-122.3223298250588,38.07667027342271],[-122.31783698252056,38.08020702023177],[-122.31928558033448,38.08488873981667],[-122.32522736270796,38.08603352879977],[-122.32971999282252,38.08249666563357],[-122.32827105303606,38.07781512985156],[-122.3223298250588,38.07667027342271]]]},"properties":{"h3_index":"882830173bfffff","station_count":1,"program_id":"sf_bay","program":"SF Bay","resolution":8,"stations":[{"station_id":"SPB088S","station_name":"San Pablo Bay (SPB088S)","lat":38.08192,"lon":-122.32355,"county":"SOLANO","waterbody":"San Francisco Bay"}]}},{"type":"Feature","geometry":{"type":"Polygon","coordinates":[[[-122.31234048213524,38.02630261734159],[-122.30784919738598,38.02983979666275],[-122.30929673081634,38.03452390844311],[-122.3152358908441,38.035670656946806],[-122.31972696359638,38.03213336105369],[-122.31827908836661,38.027449433238985],[-122.31234048213524,38.02630261734159]]]},"properties":{"h3_index":"8828301749fffff","station_count":1,"program_id":"sf_bay","program":"SF Bay","resolution":8,"stations":[{"station_id":"SPB030W","station_name":"San Pablo Bay (SPB030W)","lat":38.02778,"lon":-122.31268,"county":"CONTRA COSTA","waterbody":"San Francisco Bay"}]}},{"type":"Feature","geometry":{"type":"Polygon","coordinates":[[[-122.31972696359638,38.03213336105369],[-122.3152358908441,38.035670656946806],[-122.3166837716032,38.04035432225777],[-122.32262306688317,38.04150050768949],[-122.32711392745183,38.03796309527636],[-122.3256657049729,38.03327961396168],[-122.31972696359638,38.03213336105369]]]},"properties":{"h3_index":"882830174bfffff","station_count":1,"program_id":"sf_bay","program":"SF Bay","resolution":8,"stations":[{"station_id":"SPB098S","station_name":"San Pablo Bay (SPB098S)","lat":38.03669,"lon":-122.32638,"county":"CONTRA COSTA"}]}},{"type":"Feature","geometry":{"type":"Polygon","coordinates":[[[-122.30191017280286,38.028692485163276],[-122.29741812793999,38.03222935271664],[-122.29886531938853,38.03691364836832],[-122.30480489773048,38.03806089260544],[-122.30929673081634,38.03452390844311],[-122.30784919738598,38.02983979666275],[-122.30191017280286,38.028692485163276]]]},"properties":{"h3_index":"882830174dfffff","station_count":2,"program_id":"sf_bay","program":"SF Bay","resolution":8,"stations":[{"station_id":"SPB136S","station_name":"San Pablo Bay (SPB136S)","lat":38.037335,"lon":-122.303902,"county":"CONTRA COSTA","waterbody":"San Francisco Bay"},{"station_id":"SPB038W","station_name":"San Pablo Bay (SPB038W)","lat":38.035766,"lon":-122.302502,"county":"CONTRA COSTA","waterbody":"San Francisco Bay"}]}},{"type":"Feature","geometry":{"type":"Polygon","coordinates":[[[-122.33450137350333,38.04379181980551],[-122.33001072530482,38.047329348686674],[-122.33145930070383,38.0520121206748],[-122.33739886591069,38.05315717973445],[-122.34188930155243,38.04961953443719],[-122.34044038459285,38.04493694650648],[-122.33450137350333,38.04379181980551]]]},"properties":{"h3_index":"8828301751fffff","station_count":1,"program_id":"sf_bay","program":"SF Bay","resolution":8,"stations":[{"station_id":"SPB026W","station_name":"San Pablo Bay (SPB026W)","lat":38.050249,"lon":-122.337813,"county":"CONTRA COSTA","waterbody":"San Francisco Bay"}]}},{"type":"Feature","geometry":{"type":"Polygon","coordinates":[[[-122.34188930155243,38.04961953443719],[-122.33739886591069,38.05315717973445],[-122.33884778862077,38.05783950486928],[-122.34478748850223,38.05898400062905],[-122.34927771140056,38.055446238967676],[-122.34782844720961,38.05076409792077],[-122.34188930155243,38.04961953443719]]]},"properties":{"h3_index":"8828301753fffff","station_count":1,"program_id":"sf_bay","program":"SF Bay","resolution":8,"stations":[{"station_id":"SPB026S","station_name":"San Pablo Bay (SPB026S)","lat":38.054571,"lon":-122.338353,"county":"CONTRA COSTA","waterbody":"San Francisco Bay"}]}},{"type":"Feature","geometry":{"type":"Polygon","coordinates":[[[-122.33754290364197,38.03557106124413],[-122.33305280378111,38.039108785118856],[-122.33450137350333,38.04379181980551],[-122.34044038459285,38.04493694650648],[-122.34493027186372,38.04139910620084],[-122.34348136068382,38.03671625563525],[-122.33754290364197,38.03557106124413]]]},"properties":{"h3_index":"8828301759fffff","station_count":1,"program_id":"sf_bay","program":"SF Bay","resolution":8,"stations":[{"station_id":"SPB034W","station_name":"San Pablo Bay (SPB034W)","lat":38.04255,"lon":-122.34018,"county":"CONTRA COSTA","waterbody":"San Francisco Bay"}]}},{"type":"Feature","geometry":{"type":"Polygon","coordinates":[[[-122.29277398319618,38.05335460045268],[-122.28828029283108,38.056890881314864],[-122.28972750016193,38.061574388590195],[-122.29566874019756,38.06272143133315],[-122.30016221888613,38.059185033906516],[-122.29871466926438,38.05450171031153],[-122.29277398319618,38.05335460045268]]]},"properties":{"h3_index":"8828301763fffff","station_count":2,"program_id":"sf_bay","program":"SF Bay","resolution":8,"stations":[{"station_id":"SPB014W","station_name":"San Pablo Bay (SPB014W)","lat":38.056769,"lon":-122.291442,"county":"CONTRA COSTA","waterbody":"San Francisco Bay"},{"station_id":"SPB046S","station_name":"San Pablo Bay (SPB046S)","lat":38.06121,"lon":-122.29736,"county":"CONTRA COSTA"}]}},{"type":"Feature","geometry":{"type":"Polygon","coordinates":[[[-122.27495136145433,38.049911152277915],[-122.27045669966529,38.053447003902],[-122.27190321680818,38.05813114133526],[-122.2778447383417,38.05927924359944],[-122.28233918886137,38.05574327532214],[-122.28089232916562,38.05105932144407],[-122.27495136145433,38.049911152277915]]]},"properties":{"h3_index":"8828301765fffff","station_count":2,"program_id":"sf_bay","program":"SF Bay","resolution":8,"stations":[{"station_id":"BD40","station_name":"Davis Point (BD40)","lat":38.051,"lon":-122.278,"county":"CONTRA COSTA","waterbody":"San Francisco Bay"},{"station_id":"BD41","station_name":"Davis Point (BD41)","lat":38.051,"lon":-122.28,"county":"CONTRA COSTA","waterbody":"San Francisco Bay"}]}},{"type":"Feature","geometry":{"type":"Polygon","coordinates":[[[-122.29581992289566,38.045134353588445],[-122.29132678113011,38.04867083022421],[-122.29277398319618,38.05335460045268],[-122.29871466926438,38.05450171031153],[-122.30320759931986,38.050965117096496],[-122.30176005506597,38.04628153061201],[-122.29581992289566,38.045134353588445]]]},"properties":{"h3_index":"882830176bfffff","station_count":2,"program_id":"sf_bay","program":"SF Bay","resolution":8,"stations":[{"station_id":"SPB110S","station_name":"San Pablo Bay (SPB110S)","lat":38.047152,"lon":-122.298342,"county":"CONTRA COSTA","waterbody":"San Francisco Bay"},{"station_id":"SPB046W","station_name":"San Pablo Bay (SPB046W)","lat":38.05308,"lon":-122.297742,"county":"CONTRA COSTA"}]}},{"type":"Feature","geometry":{"type":"Polygon","coordinates":[[[-122.27799896255735,38.04169070434734],[-122.27350484939943,38.04522675192522],[-122.27495136145433,38.049911152277915],[-122.28089232916562,38.05105932144407],[-122.28538623102051,38.04752315719815],[-122.28393937651585,38.04283894046428],[-122.27799896255735,38.04169070434734]]]},"properties":{"h3_index":"882830176dfffff","station_count":1,"program_id":"sf_bay","program":"SF Bay","resolution":8,"stations":[{"station_id":"SPB054W","station_name":"San Pablo Bay (SPB054W)","lat":38.04544,"lon":-122.278271}]}},{"type":"Feature","geometry":{"type":"Polygon","coordinates":[[[-122.01062260695144,38.11756383436466],[-122.00610844755394,38.12109159409813],[-122.0075463440735,38.125780024924495],[-122.01349874725405,38.126940514911034],[-122.01801270096712,38.12341263762697],[-122.01657445723278,38.11872438791739],[-122.01062260695144,38.11756383436466]]]},"properties":{"h3_index":"882830180dfffff","station_count":1,"program_id":"sf_bay","program":"SF Bay","resolution":8,"stations":[{"station_id":"SU084S","station_name":"Suisun Bay (SU084S)","lat":38.12025,"lon":-122.01648,"county":"SOLANO"}]}},{"type":"Feature","geometry":{"type":"Polygon","coordinates":[[[-122.03279436949659,38.13510721603919],[-122.02828082771563,38.13863532827252],[-122.02971977349495,38.14332242105722],[-122.03567260808401,38.144481220406576],[-122.0401859436172,38.140952990774565],[-122.03874665085779,38.1362660792023],[-122.03279436949659,38.13510721603919]]]},"properties":{"h3_index":"8828301815fffff","station_count":1,"program_id":"sf_bay","program":"SF Bay","resolution":8,"stations":[{"station_id":"SUB52","station_name":"SF Bay RMP - Suisun Bay SUB52","lat":38.136217,"lon":-122.034983,"county":"SOLANO"}]}},{"type":"Feature","geometry":{"type":"Polygon","coordinates":[[[-122.04633238065087,38.124521840378726],[-122.04182014595706,38.12805047199993],[-122.043259435922,38.132737648470865],[-122.0492113073232,38.13389601195962],[-122.05372333551031,38.13036726296139],[-122.05228369885155,38.125680267861846],[-122.04633238065087,38.124521840378726]]]},"properties":{"h3_index":"8828301819fffff","station_count":1,"program_id":"sf_bay","program":"SF Bay","resolution":8,"stations":[{"station_id":"SU057W","station_name":"Suisun Bay (SU057W)","lat":38.126221,"lon":-122.051296,"county":"SOLANO"}]}},{"type":"Feature","geometry":{"type":"Polygon","coordinates":[[[-122.05372333551031,38.13036726296139],[-122.0492113073232,38.13389601195962],[-122.05065094688041,38.13858274222408],[-122.05660296128883,38.13974054209757],[-122.06111478278152,38.136211675773076],[-122.0596747966089,38.13152512691175],[-122.05372333551031,38.13036726296139]]]},"properties":{"h3_index":"882830181bfffff","station_count":1,"program_id":"sf_bay","program":"SF Bay","resolution":8,"stations":[{"station_id":"SU043S","station_name":"Suisun Bay (SU043S)","lat":38.13368,"lon":-122.057,"county":"SOLANO","waterbody":"San Francisco Bay"}]}},{"type":"Feature","geometry":{"type":"Polygon","coordinates":[[[-122.01677348926435,38.101130056479256],[-122.0122604304208,38.10465821808523],[-122.01369832197217,38.10934717809271],[-122.01964961942254,38.11050779526065],[-122.02416247251016,38.10697951607483],[-122.02272423395199,38.10229073731136],[-122.01677348926435,38.101130056479256]]]},"properties":{"h3_index":"8828301841fffff","station_count":4,"program_id":"sf_bay","program":"SF Bay","resolution":8,"stations":[{"station_id":"SU016S","station_name":"Suisun Bay (SU016S)","lat":38.101953,"lon":-122.017365,"county":"SOLANO","waterbody":"San Francisco Bay"},{"station_id":"SU016W","station_name":"Suisun Bay (SU016W)","lat":38.108424,"lon":-122.014265,"county":"SOLANO","waterbody":"San Francisco Bay"},{"station_id":"SU048S","station_name":"Suisun Bay (SU048S)","lat":38.10448,"lon":-122.01747,"county":"SOLANO","waterbody":"San Francisco Bay"},{"station_id":"SU048W","station_name":"Suisun Bay (SU048W)","lat":38.108141,"lon":-122.022015,"county":"SOLANO"}]}},{"type":"Feature","geometry":{"type":"Polygon","coordinates":[[[-122.02416247251016,38.10697951607483],[-122.01964961942254,38.11050779526065],[-122.02108786058389,38.11519630957757],[-122.02703930181015,38.11635636344321],[-122.03155194895416,38.11282796672824],[-122.03011336086419,38.108139633687195],[-122.02416247251016,38.10697951607483]]]},"properties":{"h3_index":"8828301843fffff","station_count":1,"program_id":"sf_bay","program":"SF Bay","resolution":8,"stations":[{"station_id":"SU020S","station_name":"Suisun Bay (SU020S)","lat":38.11265,"lon":-122.020385,"county":"SOLANO","waterbody":"San Francisco Bay"}]}},{"type":"Feature","geometry":{"type":"Polygon","coordinates":[[[-122.00630927693835,38.103497037693515],[-122.00179546233456,38.10702488085229],[-122.00323300669703,38.111714022008194],[-122.00918471290088,38.11287513886732],[-122.01369832197217,38.10934717809271],[-122.0122604304208,38.10465821808523],[-122.00630927693835,38.103497037693515]]]},"properties":{"h3_index":"8828301845fffff","station_count":1,"program_id":"sf_bay","program":"SF Bay","resolution":8,"stations":[{"station_id":"SU080S","station_name":"Suisun Bay (SU080S)","lat":38.105792,"lon":-122.009214,"county":"SOLANO","waterbody":"San Francisco Bay"}]}},{"type":"Feature","geometry":{"type":"Polygon","coordinates":[[[-122.02723653687451,38.09876225748934],[-122.02272423395199,38.10229073731136],[-122.02416247251016,38.10697951607483],[-122.03011336086419,38.108139633687195],[-122.03462545780745,38.104611036321366],[-122.0331868724246,38.099922438897416],[-122.02723653687451,38.09876225748934]]]},"properties":{"h3_index":"882830184bfffff","station_count":2,"program_id":"sf_bay","program":"SF Bay","resolution":8,"stations":[{"station_id":"SU013W","station_name":"Suisun Bay (SU013W)","lat":38.104008,"lon":-122.031565,"county":"SOLANO","waterbody":"San Francisco Bay"},{"station_id":"SU076S","station_name":"Suisun Bay (SU076S)","lat":38.103067,"lon":-122.029885,"county":"SOLANO","waterbody":"San Francisco Bay"}]}},{"type":"Feature","geometry":{"type":"Polygon","coordinates":[[[-122.04201487155892,38.11045880618356],[-122.03750298078255,38.11398752104247],[-122.03894191839993,38.11867540823197],[-122.04489309351055,38.119834399169754],[-122.04940477793238,38.11630556686848],[-122.04796549364683,38.111617861082166],[-122.04201487155892,38.11045880618356]]]},"properties":{"h3_index":"8828301851fffff","station_count":2,"program_id":"sf_bay","program":"SF Bay","resolution":8,"stations":[{"station_id":"BF21","station_name":"Grizzly Bay (BF21)","lat":38.115518,"lon":-122.040475,"county":"SOLANO","waterbody":"San Francisco Bay"},{"station_id":"BF20","station_name":"Grizzly Bay (BF20)","lat":38.116,"lon":-122.04,"county":"SOLANO","waterbody":"San Francisco Bay"}]}},{"type":"Feature","geometry":{"type":"Polygon","coordinates":[[[-122.04940477793238,38.11630556686848],[-122.04489309351055,38.119834399169754],[-122.04633238065087,38.124521840378726],[-122.05228369885155,38.125680267861846],[-122.05679517673123,38.12215131816898],[-122.05535554300106,38.11746405839499],[-122.04940477793238,38.11630556686848]]]},"properties":{"h3_index":"8828301853fffff","station_count":1,"program_id":"sf_bay","program":"SF Bay","resolution":8,"stations":[{"station_id":"SU009S","station_name":"Suisun Bay (SU009S)","lat":38.117949,"lon":-122.048016,"county":"SOLANO","waterbody":"San Francisco Bay"}]}},{"type":"Feature","geometry":{"type":"Polygon","coordinates":[[[-122.03155194895416,38.11282796672824],[-122.02703930181015,38.11635636344321],[-122.02847789257713,38.12104443194048],[-122.03442947738719,38.12220392242541],[-122.03894191839993,38.11867540823197],[-122.03750298078255,38.11398752104247],[-122.03155194895416,38.11282796672824]]]},"properties":{"h3_index":"8828301855fffff","station_count":1,"program_id":"sf_bay","program":"SF Bay","resolution":8,"stations":[{"station_id":"SU017W","station_name":"Suisun Bay (SU017W)","lat":38.11589,"lon":-122.035835,"county":"SOLANO","waterbody":"San Francisco Bay"}]}},{"type":"Feature","geometry":{"type":"Polygon","coordinates":[[[-122.04508727736096,38.10224173919929],[-122.04057593672249,38.1057706545139],[-122.04201487155892,38.11045880618356],[-122.04796549364683,38.111617861082166],[-122.05247662789527,38.10808882831059],[-122.05103734649454,38.10340085810773],[-122.04508727736096,38.10224173919929]]]},"properties":{"h3_index":"8828301859fffff","station_count":1,"program_id":"sf_bay","program":"SF Bay","resolution":8,"stations":[{"station_id":"SU073S","station_name":"Suisun Bay (SU073S)","lat":38.110746,"lon":-122.048726,"county":"SOLANO","waterbody":"San Francisco Bay"}]}},{"type":"Feature","geometry":{"type":"Polygon","coordinates":[[[-122.05247662789527,38.10808882831059],[-122.04796549364683,38.111617861082166],[-122.04940477793238,38.11630556686848],[-122.05535554300106,38.11746405839499],[-122.05986647067184,38.11393490821718],[-122.05842683990026,38.109247383929485],[-122.05247662789527,38.10808882831059]]]},"properties":{"h3_index":"882830185bfffff","station_count":1,"program_id":"sf_bay","program":"SF Bay","resolution":8,"stations":[{"station_id":"SU041S","station_name":"Suisun Bay (SU041S)","lat":38.111166,"lon":-122.058466,"county":"SOLANO"}]}},{"type":"Feature","geometry":{"type":"Polygon","coordinates":[[[-122.02906868371852,38.06825692402617],[-122.02455782480233,38.07178588685879],[-122.02599570605511,38.07647590329754],[-122.03194479286395,38.07763677541557],[-122.03645544588157,38.07410769494418],[-122.0350172180376,38.069417860003945],[-122.02906868371852,38.06825692402617]]]},"properties":{"h3_index":"8828301a05fffff","station_count":1,"program_id":"sf_bay","program":"SF Bay","resolution":8,"stations":[{"station_id":"SU020W","station_name":"Suisun Bay (SU020W)","lat":38.075015,"lon":-122.028174,"county":"SOLANO","waterbody":"San Francisco Bay"}]}},{"type":"Feature","geometry":{"type":"Polygon","coordinates":[[[-122.03645544588157,38.07410769494418],[-122.03194479286395,38.07763677541557],[-122.0333830234317,38.08232634655315],[-122.03933225357872,38.083486655699375],[-122.04384270051031,38.07995745764002],[-122.04240412342952,38.07526806803281],[-122.03645544588157,38.07410769494418]]]},"properties":{"h3_index":"8828301a07fffff","station_count":2,"program_id":"sf_bay","program":"SF Bay","resolution":8,"stations":[{"station_id":"SU028W","station_name":"Suisun Bay (SU028W)","lat":38.082716,"lon":-122.038455,"county":"SOLANO","waterbody":"San Francisco Bay"},{"station_id":"SU060S","station_name":"Suisun Bay (SU060S)","lat":38.08182,"lon":-122.03638,"county":"SOLANO"}]}},{"type":"Feature","geometry":{"type":"Polygon","coordinates":[[[-122.04259864976626,38.05766900129961],[-122.03808909619343,38.06119848115419],[-122.03952732128361,38.06588857973597],[-122.04547544630074,38.067049016815844],[-122.0499847937165,38.06351941934363],[-122.04854622232084,38.05882950241955],[-122.04259864976626,38.05766900129961]]]},"properties":{"h3_index":"8828301a09fffff","station_count":1,"program_id":"sf_bay","program":"SF Bay","resolution":8,"stations":[{"station_id":"SU052W","station_name":"Suisun Bay (SU052W)","lat":38.063183,"lon":-122.045335,"county":"SOLANO"}]}},{"type":"Feature","geometry":{"type":"Polygon","coordinates":[[[-122.0499847937165,38.06351941934363],[-122.04547544630074,38.067049016815844],[-122.046914020554,38.07173867016206],[-122.05286228849891,38.072898544356946],[-122.05737142957025,38.069368829317995],[-122.05593250908971,38.06467935766129],[-122.0499847937165,38.06351941934363]]]},"properties":{"h3_index":"8828301a0bfffff","station_count":1,"program_id":"sf_bay","program":"SF Bay","resolution":8,"stations":[{"station_id":"SU028S","station_name":"Suisun Bay (SU028S)","lat":38.068046,"lon":-122.047225,"county":"SOLANO","waterbody":"San Francisco Bay"}]}},{"type":"Feature","geometry":{"type":"Polygon","coordinates":[[[-122.06475855713101,38.07521723101495],[-122.06024962259156,38.07874706356974],[-122.06168889515742,38.08343582605697],[-122.06763744838209,38.084594574246715],[-122.07214617620238,38.08106462422694],[-122.0707065575658,38.07637604349277],[-122.06475855713101,38.07521723101495]]]},"properties":{"h3_index":"8828301a11fffff","station_count":1,"program_id":"sf_bay","program":"SF Bay","resolution":8,"stations":[{"station_id":"SU009W","station_name":"Suisun Bay (SU009W)","lat":38.081688,"lon":-122.065416,"county":"SOLANO","waterbody":"San Francisco Bay"}]}},{"type":"Feature","geometry":{"type":"Polygon","coordinates":[[[-122.05430121191074,38.07758775233828],[-122.04979152109526,38.08111726776098],[-122.05123044740834,38.08580621190586],[-122.05717941083836,38.086965458980764],[-122.06168889515742,38.08343582605697],[-122.06024962259156,38.07874706356974],[-122.05430121191074,38.07758775233828]]]},"properties":{"h3_index":"8828301a15fffff","station_count":1,"program_id":"sf_bay","program":"SF Bay","resolution":8,"stations":[{"station_id":"SU037S","station_name":"Suisun Bay (SU037S)","lat":38.080361,"lon":-122.058345,"county":"SOLANO","waterbody":"San Francisco Bay"}]}},{"type":"Feature","geometry":{"type":"Polygon","coordinates":[[[-122.06168889515742,38.08343582605697],[-122.05717941083836,38.086965458980764],[-122.05861868637925,38.091653957534135],[-122.06456779246228,38.09281264148465],[-122.06907707009745,38.08928289111064],[-122.06763744838209,38.084594574246715],[-122.06168889515742,38.08343582605697]]]},"properties":{"h3_index":"8828301a17fffff","station_count":1,"program_id":"sf_bay","program":"SF Bay","resolution":8,"stations":[{"station_id":"SU055S","station_name":"Suisun Bay (SU055S)","lat":38.08808,"lon":-122.06838,"county":"SOLANO","waterbody":"San Francisco Bay"}]}},{"type":"Feature","geometry":{"type":"Polygon","coordinates":[[[-122.06782767242852,38.06699817277904],[-122.0633192875702,38.07052820475491],[-122.06475855713101,38.07521723101495],[-122.0707065575658,38.07637604349277],[-122.07521473566962,38.07284589403714],[-122.07377512014179,38.0681570495938],[-122.06782767242852,38.06699817277904]]]},"properties":{"h3_index":"8828301a19fffff","station_count":2,"program_id":"sf_bay","program":"SF Bay","resolution":8,"stations":[{"station_id":"SU029S","station_name":"Suisun Bay (SU029S)","lat":38.070338,"lon":-122.069716,"county":"SOLANO","waterbody":"San Francisco Bay"},{"station_id":"SU037W","station_name":"Suisun Bay (SU037W)","lat":38.07418,"lon":-122.07043,"county":"SOLANO","waterbody":"San Francisco Bay"}]}},{"type":"Feature","geometry":{"type":"Polygon","coordinates":[[[-122.05737142957025,38.069368829317995],[-122.05286228849891,38.072898544356946],[-122.05430121191074,38.07758775233828],[-122.06024962259156,38.07874706356974],[-122.06475855713101,38.07521723101495],[-122.0633192875702,38.07052820475491],[-122.05737142957025,38.069368829317995]]]},"properties":{"h3_index":"8828301a1dfffff","station_count":2,"program_id":"sf_bay","program":"SF Bay","resolution":8,"stations":[{"station_id":"SU005W","station_name":"Suisun Bay (SU005W)","lat":38.077635,"lon":-122.061105,"county":"SOLANO","waterbody":"San Francisco Bay"},{"station_id":"SU044S","station_name":"Suisun Bay (SU044S)","lat":38.07597,"lon":-122.05687,"county":"SOLANO","waterbody":"San Francisco Bay"}]}},{"type":"Feature","geometry":{"type":"Polygon","coordinates":[[[-122.01860888152356,38.07062445184753],[-122.01409726709754,38.07415309701363],[-122.0155348015772,38.07884329485531],[-122.0214842973046,38.08000466613835],[-122.02599570605511,38.07647590329754],[-122.02455782480233,38.07178588685879],[-122.01860888152356,38.07062445184753]]]},"properties":{"h3_index":"8828301a29fffff","station_count":1,"program_id":"sf_bay","program":"SF Bay","resolution":8,"stations":[{"station_id":"SU008S","station_name":"Suisun Bay (SU008S)","lat":38.073215,"lon":-122.015714,"county":"SOLANO","waterbody":"San Francisco Bay"}]}},{"type":"Feature","geometry":{"type":"Polygon","coordinates":[[[-122.02599570605511,38.07647590329754],[-122.0214842973046,38.08000466613835],[-122.0229221811773,38.08469441871081],[-122.02887182054415,38.08585522701797],[-122.0333830234317,38.08232634655315],[-122.03194479286395,38.07763677541557],[-122.02599570605511,38.07647590329754]]]},"properties":{"h3_index":"8828301a2bfffff","station_count":1,"program_id":"sf_bay","program":"SF Bay","resolution":8,"stations":[{"station_id":"SU004S","station_name":"Suisun Bay (SU004S)","lat":38.083276,"lon":-122.026285,"county":"SOLANO","waterbody":"San Francisco Bay"}]}},{"type":"Feature","geometry":{"type":"Polygon","coordinates":[[[-122.04077083345699,38.0881757814065],[-122.03625983661993,38.09170477944454],[-122.03769841926552,38.09639364109056],[-122.04364834533555,38.09755332321031],[-122.04815913593461,38.09402420764981],[-122.04672020675031,38.089335527502406],[-122.04077083345699,38.0881757814065]]]},"properties":{"h3_index":"8828301a31fffff","station_count":2,"program_id":"sf_bay","program":"SF Bay","resolution":8,"stations":[{"station_id":"SU012S","station_name":"Suisun Bay (SU012S)","lat":38.09217,"lon":-122.040955,"county":"SOLANO","waterbody":"San Francisco Bay"},{"station_id":"SU012W","station_name":"Suisun Bay (SU012W)","lat":38.088948,"lon":-122.041745,"county":"SOLANO","waterbody":"San Francisco Bay"}]}},{"type":"Feature","geometry":{"type":"Polygon","coordinates":[[[-122.04815913593461,38.09402420764981],[-122.04364834533555,38.09755332321031],[-122.04508727736096,38.10224173919929],[-122.05103734649454,38.10340085810773],[-122.05554793066803,38.099871625075586],[-122.05410865218221,38.09518339061703],[-122.04815913593461,38.09402420764981]]]},"properties":{"h3_index":"8828301a33fffff","station_count":2,"program_id":"sf_bay","program":"SF Bay","resolution":8,"stations":[{"station_id":"SU033S","station_name":"Suisun Bay (SU033S)","lat":38.101836,"lon":-122.048725,"county":"SOLANO","waterbody":"San Francisco Bay"},{"station_id":"SU001S","station_name":"Suisun Bay (SU001S)","lat":38.099448,"lon":-122.046575,"county":"SOLANO","waterbody":"San Francisco Bay"}]}},{"type":"Feature","geometry":{"type":"Polygon","coordinates":[[[-122.0303100538055,38.09054453419184],[-122.02579830094965,38.0940732144402],[-122.02723653687451,38.09876225748934],[-122.0331868724246,38.099922438897416],[-122.03769841926552,38.09639364109056],[-122.03625983661993,38.09170477944454],[-122.0303100538055,38.09054453419184]]]},"properties":{"h3_index":"8828301a35fffff","station_count":1,"program_id":"sf_bay","program":"SF Bay","resolution":8,"stations":[{"station_id":"SU036W","station_name":"Suisun Bay (SU036W)","lat":38.09617,"lon":-122.02733,"county":"SOLANO","waterbody":"San Francisco Bay"}]}},{"type":"Feature","geometry":{"type":"Polygon","coordinates":[[[-122.03769841926552,38.09639364109056],[-122.0331868724246,38.099922438897416],[-122.03462545780745,38.104611036321366],[-122.04057593672249,38.1057706545139],[-122.04508727736096,38.10224173919929],[-122.04364834533555,38.09755332321031],[-122.03769841926552,38.09639364109056]]]},"properties":{"h3_index":"8828301a37fffff","station_count":1,"program_id":"sf_bay","program":"SF Bay","resolution":8,"stations":[{"station_id":"SU017S","station_name":"Suisun Bay (SU017S)","lat":38.100578,"lon":-122.036035,"county":"SOLANO","waterbody":"San Francisco Bay"}]}},{"type":"Feature","geometry":{"type":"Polygon","coordinates":[[[-122.04384270051031,38.07995745764002],[-122.03933225357872,38.083486655699375],[-122.04077083345699,38.0881757814065],[-122.04672020675031,38.089335527502406],[-122.05123044740834,38.08580621190586],[-122.04979152109526,38.08111726776098],[-122.04384270051031,38.07995745764002]]]},"properties":{"h3_index":"8828301a39fffff","station_count":2,"program_id":"sf_bay","program":"SF Bay","resolution":8,"stations":[{"station_id":"SU085S","station_name":"Suisun Bay (SU085S)","lat":38.085808,"lon":-122.050405,"county":"SOLANO","waterbody":"San Francisco Bay"},{"station_id":"SU131S","station_name":"Suisun Bay (SU131S)","lat":38.08822,"lon":-122.043035,"county":"SOLANO","waterbody":"San Francisco Bay"}]}},{"type":"Feature","geometry":{"type":"Polygon","coordinates":[[[-122.05123044740834,38.08580621190586],[-122.04672020675031,38.089335527502406],[-122.04815913593461,38.09402420764981],[-122.05410865218221,38.09518339061703],[-122.05861868637925,38.091653957534135],[-122.05717941083836,38.086965458980764],[-122.05123044740834,38.08580621190586]]]},"properties":{"h3_index":"8828301a3bfffff","station_count":1,"program_id":"sf_bay","program":"SF Bay","resolution":8,"stations":[{"station_id":"SU044W","station_name":"Suisun Bay (SU044W)","lat":38.086132,"lon":-122.050895,"county":"SOLANO","waterbody":"San Francisco Bay"}]}},{"type":"Feature","geometry":{"type":"Polygon","coordinates":[[[-122.06351022487418,38.052929594403615],[-122.05900218299608,38.056459708045125],[-122.06044110051522,38.061149443216074],[-122.06638840590276,38.06230888290726],[-122.07089624117835,38.05877865172023],[-122.06945697771762,38.05408909839789],[-122.06351022487418,38.052929594403615]]]},"properties":{"h3_index":"8828301a51fffff","station_count":2,"program_id":"sf_bay","program":"SF Bay","resolution":8,"stations":[{"station_id":"SU021W","station_name":"Suisun Bay (SU021W)","lat":38.060781,"lon":-122.066315,"county":"SOLANO","waterbody":"San Francisco Bay"},{"station_id":"SU117S","station_name":"Suisun Bay (SU117S)","lat":38.053159,"lon":-122.063855,"county":"CONTRA COSTA","waterbody":"San Francisco Bay"}]}},{"type":"Feature","geometry":{"type":"Polygon","coordinates":[[[-122.07396426350884,38.05055866820973],[-122.06945697771762,38.05408909839789],[-122.07089624117835,38.05877865172023],[-122.07684313623852,38.05993759292079],[-122.08135021520474,38.056407045223224],[-122.07991060598438,38.05171767384488],[-122.07396426350884,38.05055866820973]]]},"properties":{"h3_index":"8828301a5bfffff","station_count":1,"program_id":"sf_bay","program":"SF Bay","resolution":8,"stations":[{"station_id":"SU005S","station_name":"Suisun Bay (SU005S)","lat":38.051635,"lon":-122.076965,"county":"CONTRA COSTA","waterbody":"San Francisco Bay"}]}},{"type":"Feature","geometry":{"type":"Polygon","coordinates":[[[-122.02168241421745,38.06240514509399],[-122.01717134959009,38.06593399023705],[-122.01860888152356,38.07062445184753],[-122.02455782480233,38.07178588685879],[-122.02906868371852,38.06825692402617],[-122.02763080511572,38.063566643882275],[-122.02168241421745,38.06240514509399]]]},"properties":{"h3_index":"8828301a63fffff","station_count":1,"program_id":"sf_bay","program":"SF Bay","resolution":8,"stations":[{"station_id":"SU040S","station_name":"Suisun Bay (SU040S)","lat":38.067133,"lon":-122.022864,"county":"SOLANO","waterbody":"San Francisco Bay"}]}},{"type":"Feature","geometry":{"type":"Polygon","coordinates":[[[-122.00383671178032,38.058918525197114],[-121.99932468656577,38.06244693486157],[-122.00076152224632,38.06713802285323],[-122.00671073011927,38.06830051985192],[-122.01122255003327,38.064771992411295],[-122.00978536742346,38.060081085758576],[-122.00383671178032,38.058918525197114]]]},"properties":{"h3_index":"8828301a65fffff","station_count":2,"program_id":"sf_bay","program":"SF Bay","resolution":8,"stations":[{"station_id":"SU042S","station_name":"Suisun Bay (SU042S)","lat":38.062215,"lon":-122.003774,"county":"SOLANO","waterbody":"San Francisco Bay"},{"station_id":"SU056W","station_name":"Suisun Bay (SU056W)","lat":38.063622,"lon":-122.007974,"county":"CONTRA COSTA"}]}},{"type":"Feature","geometry":{"type":"Polygon","coordinates":[[[-122.0247553997873,38.0541853749659],[-122.0202448848603,38.057714419875886],[-122.02168241421745,38.06240514509399],[-122.02763080511572,38.063566643882275],[-122.03214111429597,38.06003748126789],[-122.03070323837328,38.055346937580005],[-122.0247553997873,38.0541853749659]]]},"properties":{"h3_index":"8828301a6bfffff","station_count":1,"program_id":"sf_bay","program":"SF Bay","resolution":8,"stations":[{"station_id":"SU040W","station_name":"Suisun Bay (SU040W)","lat":38.06187,"lon":-122.02468,"county":"SOLANO","waterbody":"San Francisco Bay"}]}},{"type":"Feature","geometry":{"type":"Polygon","coordinates":[[[-122.05679517673123,38.12215131816898],[-122.05228369885155,38.125680267861846],[-122.05372333551031,38.13036726296139],[-122.0596747966089,38.13152512691175],[-122.0641860677587,38.127996059878065],[-122.06274608458848,38.12330924624523],[-122.05679517673123,38.12215131816898]]]},"properties":{"h3_index":"8828301aa5fffff","station_count":1,"program_id":"sf_bay","program":"SF Bay","resolution":8,"stations":[{"station_id":"SU043W","station_name":"Suisun Bay (SU043W)","lat":38.12727,"lon":-122.05355,"county":"SOLANO","waterbody":"San Francisco Bay"}]}},{"type":"Feature","geometry":{"type":"Polygon","coordinates":[[[-122.05986647067184,38.11393490821718],[-122.05535554300106,38.11746405839499],[-122.05679517673123,38.12215131816898],[-122.06274608458848,38.12330924624523],[-122.06725680549397,38.11977997871204],[-122.06581682535621,38.11509290046837],[-122.05986647067184,38.11393490821718]]]},"properties":{"h3_index":"8828301aadfffff","station_count":1,"program_id":"sf_bay","program":"SF Bay","resolution":8,"stations":[{"station_id":"SU023S","station_name":"Suisun Bay (SU023S)","lat":38.115645,"lon":-122.057806,"county":"SOLANO","waterbody":"San Francisco Bay"}]}},{"type":"Feature","geometry":{"type":"Polygon","coordinates":[[[-122.08260229004188,38.07869260678298],[-122.07809431887998,38.082222873667426],[-122.07953428658764,38.0869110087466],[-122.08548257131605,38.088068695071605],[-122.08999033534866,38.084538310809315],[-122.0885500218308,38.07985035761022],[-122.08260229004188,38.07869260678298]]]},"properties":{"h3_index":"8828301acdfffff","station_count":1,"program_id":"sf_bay","program":"SF Bay","resolution":8,"stations":[{"station_id":"SU039S","station_name":"Suisun Bay (SU039S)","lat":38.080592,"lon":-122.080486,"county":"SOLANO","waterbody":"San Francisco Bay"}]}},{"type":"Feature","geometry":{"type":"Polygon","coordinates":[[[-122.05554793066803,38.099871625075586],[-122.05103734649454,38.10340085810773],[-122.05247662789527,38.10808882831059],[-122.05842683990026,38.109247383929485],[-122.0629372174607,38.10571803347648],[-122.06149758967784,38.10103024483581],[-122.05554793066803,38.099871625075586]]]},"properties":{"h3_index":"8828301ae5fffff","station_count":4,"program_id":"sf_bay","program":"SF Bay","resolution":8,"stations":[{"station_id":"SU025W","station_name":"Suisun Bay (SU025W)","lat":38.107773,"lon":-122.053126,"county":"SOLANO","waterbody":"San Francisco Bay"},{"station_id":"SU025S","station_name":"Suisun Bay (SU025S)","lat":38.102995,"lon":-122.058026,"county":"SOLANO","waterbody":"San Francisco Bay"},{"station_id":"SU001W","station_name":"Suisun Bay (SU001W)","lat":38.102969,"lon":-122.054856,"county":"SOLANO","waterbody":"San Francisco Bay"},{"station_id":"SUB1","station_name":"MMP - Suisun Bay - SUB1","lat":38.107067,"lon":-122.056283,"county":"SOLANO"}]}},{"type":"Feature","geometry":{"type":"Polygon","coordinates":[[[-122.0629372174607,38.10571803347648],[-122.05842683990026,38.109247383929485],[-122.05986647067184,38.11393490821718],[-122.06581682535621,38.11509290046837],[-122.07032699611594,38.11156343264535],[-122.06888701904067,38.10687608995157],[-122.0629372174607,38.10571803347648]]]},"properties":{"h3_index":"8828301ae7fffff","station_count":3,"program_id":"sf_bay","program":"SF Bay","resolution":8,"stations":[{"station_id":"SU079S","station_name":"Suisun Bay (SU079S)","lat":38.108795,"lon":-122.064986,"county":"SOLANO","waterbody":"San Francisco Bay"},{"station_id":"SU015S","station_name":"Suisun Bay (SU015S)","lat":38.11271,"lon":-122.061586,"county":"SOLANO","waterbody":"San Francisco Bay"},{"station_id":"SU031W","station_name":"Suisun Bay (SU031W)","lat":38.113409,"lon":-122.061836,"county":"SOLANO","waterbody":"San Francisco Bay"}]}},{"type":"Feature","geometry":{"type":"Polygon","coordinates":[[[-122.06907707009745,38.08928289111064],[-122.06456779246228,38.09281264148465],[-122.06600741722639,38.09750069431741],[-122.07195666577044,38.09865881506537],[-122.07646573653423,38.09512894729201],[-122.07502576567406,38.09044107618041],[-122.06907707009745,38.08928289111064]]]},"properties":{"h3_index":"8828301ae9fffff","station_count":1,"program_id":"sf_bay","program":"SF Bay","resolution":8,"stations":[{"station_id":"SU007S","station_name":"Suisun Bay (SU007S)","lat":38.093531,"lon":-122.065466,"county":"SOLANO","waterbody":"San Francisco Bay"}]}},{"type":"Feature","geometry":{"type":"Polygon","coordinates":[[[-122.05861868637925,38.091653957534135],[-122.05410865218221,38.09518339061703],[-122.05554793066803,38.099871625075586],[-122.06149758967784,38.10103024483581],[-122.06600741722639,38.09750069431741],[-122.06456779246228,38.09281264148465],[-122.05861868637925,38.091653957534135]]]},"properties":{"h3_index":"8828301aedfffff","station_count":4,"program_id":"sf_bay","program":"SF Bay","resolution":8,"stations":[{"station_id":"SU023W","station_name":"Suisun Bay (SU023W)","lat":38.09699,"lon":-122.062336,"county":"SOLANO","waterbody":"San Francisco Bay"},{"station_id":"SU041W","station_name":"Suisun Bay (SU041W)","lat":38.09582,"lon":-122.063,"county":"SOLANO","waterbody":"San Francisco Bay"},{"station_id":"SU071S","station_name":"Suisun Bay (SU071S)","lat":38.09317,"lon":-122.06359,"county":"SOLANO"},{"station_id":"SU049W","station_name":"Suisun Bay (SU049W)","lat":38.092194,"lon":-122.058086,"county":"SOLANO"}]}},{"type":"Feature","geometry":{"type":"Polygon","coordinates":[[[-121.99460950067943,38.08357562611762],[-121.99009582569388,38.087103434680145],[-121.99153266838951,38.09179373098361],[-121.99748353336025,38.092956037586966],[-122.00199700315275,38.089428111292655],[-122.00055981321614,38.08473799613723],[-121.99460950067943,38.08357562611762]]]},"properties":{"h3_index":"8828301b19fffff","station_count":1,"program_id":"sf_bay","program":"SF Bay","resolution":8,"stations":[{"station_id":"SU128S","station_name":"Suisun Bay (SU128S)","lat":38.087713,"lon":-122.000433,"county":"SOLANO","waterbody":"San Francisco Bay"}]}},{"type":"Feature","geometry":{"type":"Polygon","coordinates":[[[-121.96506443257736,38.060155606401715],[-121.96054993869551,38.06368294353117],[-121.96198538285793,38.06837501974946],[-121.96793566850326,38.06953957782924],[-121.97244995794235,38.066012122765684],[-121.97101416622745,38.061320227566895],[-121.96506443257736,38.060155606401715]]]},"properties":{"h3_index":"8828301b41fffff","station_count":1,"program_id":"sf_bay","program":"SF Bay","resolution":8,"stations":[{"station_id":"SU018S","station_name":"Suisun Bay (SU018S)","lat":38.068091,"lon":-121.963382,"county":"SOLANO","waterbody":"San Francisco Bay"}]}},{"type":"Feature","geometry":{"type":"Polygon","coordinates":[[[-121.97244995794235,38.066012122765684],[-121.96793566850326,38.06953957782924],[-121.96937146230515,38.07423120926339],[-121.97532189306945,38.07539520459269],[-121.97983597787828,38.07186763164553],[-121.97839983660168,38.06717618126312],[-121.97244995794235,38.066012122765684]]]},"properties":{"h3_index":"8828301b43fffff","station_count":1,"program_id":"sf_bay","program":"SF Bay","resolution":8,"stations":[{"station_id":"SU090S","station_name":"Suisun Bay (SU090S)","lat":38.066808,"lon":-121.973223,"county":"SOLANO","waterbody":"San Francisco Bay"}]}},{"type":"Feature","geometry":{"type":"Polygon","coordinates":[[[-121.95459979836079,38.06251782278015],[-121.95008455028379,38.066044841211735],[-121.95151964671196,38.070737098353675],[-121.95747033899997,38.07190215615085],[-121.96198538285793,38.06837501974946],[-121.96054993869551,38.06368294353117],[-121.95459979836079,38.06251782278015]]]},"properties":{"h3_index":"8828301b45fffff","station_count":2,"program_id":"sf_bay","program":"SF Bay","resolution":8,"stations":[{"station_id":"SU014W","station_name":"Suisun Bay (SU014W)","lat":38.068009,"lon":-121.951092,"county":"SOLANO","waterbody":"San Francisco Bay"},{"station_id":"SU018W","station_name":"Suisun Bay (SU018W)","lat":38.0693,"lon":-121.957352,"county":"SOLANO","waterbody":"San Francisco Bay"}]}},{"type":"Feature","geometry":{"type":"Polygon","coordinates":[[[-121.96198538285793,38.06837501974946],[-121.95747033899997,38.07190215615085],[-121.95890578514539,38.07659396854087],[-121.96485662285383,38.07775846358407],[-121.96937146230515,38.07423120926339],[-121.96793566850326,38.06953957782924],[-121.96198538285793,38.06837501974946]]]},"properties":{"h3_index":"8828301b47fffff","station_count":2,"program_id":"sf_bay","program":"SF Bay","resolution":8,"stations":[{"station_id":"SU034S","station_name":"Suisun Bay (SU034S)","lat":38.076679,"lon":-121.960692,"county":"SOLANO","waterbody":"San Francisco Bay"},{"station_id":"SU026W","station_name":"Suisun Bay (SU026W)","lat":38.071033,"lon":-121.968033,"county":"SOLANO","waterbody":"San Francisco Bay"}]}},{"type":"Feature","geometry":{"type":"Polygon","coordinates":[[[-121.97552790575256,38.057792571970474],[-121.97101416622745,38.061320227566895],[-121.97244995794235,38.066012122765684],[-121.97839983660168,38.06717618126312],[-121.98291337146046,38.063648407768284],[-121.9814772323748,38.05895669368487],[-121.97552790575256,38.057792571970474]]]},"properties":{"h3_index":"8828301b4bfffff","station_count":1,"program_id":"sf_bay","program":"SF Bay","resolution":8,"stations":[{"station_id":"SU002S","station_name":"Suisun Bay (SU002S)","lat":38.0589,"lon":-121.979593,"county":"SOLANO","waterbody":"San Francisco Bay"}]}},{"type":"Feature","geometry":{"type":"Polygon","coordinates":[[[-121.99029933136006,38.069503236053414],[-121.98578600135512,38.073031127396064],[-121.98722249218926,38.07772213283241],[-121.99317266029192,38.078885065756964],[-121.99768578525551,38.07535705661712],[-121.99624894720642,38.07066623236038],[-121.99029933136006,38.069503236053414]]]},"properties":{"h3_index":"8828301b51fffff","station_count":1,"program_id":"sf_bay","program":"SF Bay","resolution":8,"stations":[{"station_id":"SU042W","station_name":"Suisun Bay (SU042W)","lat":38.076366,"lon":-121.990253,"county":"SOLANO","waterbody":"San Francisco Bay"}]}},{"type":"Feature","geometry":{"type":"Polygon","coordinates":[[[-121.99337562290778,38.061283875123365],[-121.98886284279058,38.0648119668185],[-121.99029933136006,38.069503236053414],[-121.99624894720642,38.07066623236038],[-122.00076152224632,38.06713802285323],[-121.99932468656577,38.06244693486157],[-121.99337562290778,38.061283875123365]]]},"properties":{"h3_index":"8828301b59fffff","station_count":2,"program_id":"sf_bay","program":"SF Bay","resolution":8,"stations":[{"station_id":"SU010S","station_name":"Suisun Bay (SU010S)","lat":38.06859,"lon":-121.993223,"county":"SOLANO","waterbody":"San Francisco Bay"},{"station_id":"SU010W","station_name":"Suisun Bay (SU010W)","lat":38.0683,"lon":-121.991273,"county":"SOLANO","waterbody":"San Francisco Bay"}]}},{"type":"Feature","geometry":{"type":"Polygon","coordinates":[[[-122.00076152224632,38.06713802285323],[-121.99624894720642,38.07066623236038],[-121.99768578525551,38.07535705661712],[-122.00363554542632,38.07651949010185],[-122.0081479152015,38.07299116283335],[-122.00671073011927,38.06830051985192],[-122.00076152224632,38.06713802285323]]]},"properties":{"h3_index":"8828301b5bfffff","station_count":2,"program_id":"sf_bay","program":"SF Bay","resolution":8,"stations":[{"station_id":"SU024W","station_name":"Suisun Bay (SU024W)","lat":38.07218,"lon":-121.997084,"county":"SOLANO","waterbody":"San Francisco Bay"},{"station_id":"SU024S","station_name":"Suisun Bay (SU024S)","lat":38.074007,"lon":-121.997324,"county":"SOLANO","waterbody":"San Francisco Bay"}]}},{"type":"Feature","geometry":{"type":"Polygon","coordinates":[[[-121.95151964671196,38.070737098353675],[-121.94700384859685,38.07426391586201],[-121.948438946904,38.078955909112025],[-121.95439019121312,38.08012090400418],[-121.95890578514539,38.07659396854087],[-121.95747033899997,38.07190215615085],[-121.95151964671196,38.070737098353675]]]},"properties":{"h3_index":"8828301b6bfffff","station_count":1,"program_id":"sf_bay","program":"SF Bay","resolution":8,"stations":[{"station_id":"SU046W","station_name":"Suisun Bay (SU046W)","lat":38.075016,"lon":-121.948862,"county":"SOLANO","waterbody":"San Francisco Bay"}]}},{"type":"Feature","geometry":{"type":"Polygon","coordinates":[[[-121.93366704882408,38.067239799915306],[-121.92915029284242,38.07076618025867],[-121.93058469325695,38.0754587989601],[-121.93653619779937,38.076624856596894],[-121.94105275000976,38.07309835821247],[-121.93961800149755,38.068405920242796],[-121.93366704882408,38.067239799915306]]]},"properties":{"h3_index":"8828301b6dfffff","station_count":1,"program_id":"sf_bay","program":"SF Bay","resolution":8,"stations":[{"station_id":"SU006S","station_name":"Suisun Bay (SU006S)","lat":38.069492,"lon":-121.937252,"county":"SOLANO","waterbody":"San Francisco Bay"}]}},{"type":"Feature","geometry":{"type":"Polygon","coordinates":[[[-122.34403317132133,37.78556784684586],[-122.33955428988887,37.78910913398431],[-122.34099960511674,37.79380241879145],[-122.34692414153763,37.794954231094515],[-122.35140281126047,37.791412826685786],[-122.34995715632043,37.786719727254294],[-122.34403317132133,37.78556784684586]]]},"properties":{"h3_index":"8828308001fffff","station_count":2,"program_id":"sf_bay","program":"SF Bay","resolution":8,"stations":[{"station_id":"CB036W","station_name":"Central Bay (CB036W)","lat":37.789899,"lon":-122.345031,"county":"SAN FRANCISCO","waterbody":"San Francisco Bay"},{"station_id":"CB021S","station_name":"Central Bay (CB021S)","lat":37.791405,"lon":-122.349451,"county":"SAN FRANCISCO","waterbody":"San Francisco Bay"}]}},{"type":"Feature","geometry":{"type":"Polygon","coordinates":[[[-122.31281979706644,37.79273219078303],[-122.30833864459265,37.796272555890994],[-122.30978293959639,37.80096639625701],[-122.31570872737825,37.80211968643354],[-122.3201896687972,37.79857920394568],[-122.31874503353755,37.79388554867123],[-122.31281979706644,37.79273219078303]]]},"properties":{"h3_index":"882830802dfffff","station_count":1,"program_id":"sf_bay","program":"SF Bay","resolution":8,"stations":[{"station_id":"CB47","station_name":"SF Bay RMP - Central Bay 47","lat":37.793778,"lon":-122.316663,"county":"ALAMEDA"}]}},{"type":"Feature","geometry":{"type":"Polygon","coordinates":[[[-122.35270748729926,37.813724194495286],[-122.3482279378907,37.81726533623736],[-122.3496739558592,37.82195721802681],[-122.35559986304287,37.823107772774826],[-122.36007920043696,37.81956651389916],[-122.35863284271036,37.81487481741907],[-122.35270748729926,37.813724194495286]]]},"properties":{"h3_index":"8828308033fffff","station_count":1,"program_id":"sf_bay","program":"SF Bay","resolution":8,"stations":[{"station_id":"SFBay","station_name":"MMP - San Francisco Bay - SFBay","lat":37.820313,"lon":-122.357263,"county":"SAN FRANCISCO"}]}},{"type":"Feature","geometry":{"type":"Polygon","coordinates":[[[-122.34230216446706,37.816114220706574],[-122.3378218573246,37.81965505501981],[-122.33926753535353,37.82434712202408],[-122.34519386051296,37.82549816951033],[-122.3496739558592,37.82195721802681],[-122.3482279378907,37.81726533623736],[-122.34230216446706,37.816114220706574]]]},"properties":{"h3_index":"8828308037fffff","station_count":1,"program_id":"sf_bay","program":"SF Bay","resolution":8,"stations":[{"station_id":"BC10","station_name":"Yerba Buena Island (BC10)","lat":37.821583,"lon":-122.3495,"county":"ALAMEDA","waterbody":"San Francisco Bay"}]}},{"type":"Feature","geometry":{"type":"Polygon","coordinates":[[[-122.35009868435324,37.769097361257145],[-122.34562089397714,37.77263902737255],[-122.34706619769113,37.77733282754305],[-122.35298963133765,37.77848477610478],[-122.35746720993839,37.774942992687215],[-122.3560215667164,37.770249378020125],[-122.35009868435324,37.769097361257145]]]},"properties":{"h3_index":"8828308043fffff","station_count":1,"program_id":"sf_bay","program":"SF Bay","resolution":8,"stations":[{"station_id":"CB004W","station_name":"Central Bay (CB004W)","lat":37.76958,"lon":-122.351381,"county":"SAN FRANCISCO","waterbody":"San Francisco Bay"}]}},{"type":"Feature","geometry":{"type":"Polygon","coordinates":[[[-122.33969759404876,37.7714865185157],[-122.33521904663621,37.77502787790941],[-122.33666401066101,37.77972186348867],[-122.34258786183594,37.7808743042755],[-122.34706619769113,37.77733282754305],[-122.34562089397714,37.77263902737255],[-122.33969759404876,37.7714865185157]]]},"properties":{"h3_index":"8828308047fffff","station_count":1,"program_id":"sf_bay","program":"SF Bay","resolution":8,"stations":[{"station_id":"CB036S","station_name":"Central Bay (CB036S)","lat":37.778409,"lon":-122.338701,"county":"SAN FRANCISCO","waterbody":"San Francisco Bay"}]}},{"type":"Feature","geometry":{"type":"Polygon","coordinates":[[[-122.33536307014127,37.75740308914819],[-122.33088485676979,37.7609445205016],[-122.33232946970298,37.76563920636122],[-122.3382526357222,37.766792275435584],[-122.34273063768852,37.76325072667491],[-122.34128568508915,37.75855622625713],[-122.33536307014127,37.75740308914819]]]},"properties":{"h3_index":"882830804dfffff","station_count":1,"program_id":"sf_bay","program":"SF Bay","resolution":8,"stations":[{"station_id":"CB129S","station_name":"Central Bay (CB129S)","lat":37.759402,"lon":-122.339972,"county":"SAN FRANCISCO","waterbody":"San Francisco Bay"}]}},{"type":"Feature","geometry":{"type":"Polygon","coordinates":[[[-122.36786704691637,37.772552359289925],[-122.36339022572258,37.77609444916092],[-122.36483621424694,37.78078762075765],[-122.37075936326107,37.7819385168647],[-122.37523597227657,37.77839630978073],[-122.37378964450461,37.7737033238127],[-122.36786704691637,37.772552359289925]]]},"properties":{"h3_index":"8828308051fffff","station_count":1,"program_id":"sf_bay","program":"SF Bay","resolution":8,"stations":[{"station_id":"CB029W","station_name":"Central Bay (CB029W)","lat":37.775921,"lon":-122.372652,"county":"SAN FRANCISCO","waterbody":"San Francisco Bay"}]}},{"type":"Feature","geometry":{"type":"Polygon","coordinates":[[[-122.35746720993839,37.774942992687215],[-122.35298963133765,37.77848477610478],[-122.35443528043312,37.783178133235644],[-122.36035884760662,37.784329521424816],[-122.36483621424694,37.78078762075765],[-122.36339022572258,37.77609444916092],[-122.35746720993839,37.774942992687215]]]},"properties":{"h3_index":"8828308055fffff","station_count":1,"program_id":"sf_bay","program":"SF Bay","resolution":8,"stations":[{"station_id":"CB07","station_name":"SF Bay RMP - Central Bay 07","lat":37.77953,"lon":-122.35372,"county":"SAN FRANCISCO"}]}},{"type":"Feature","geometry":{"type":"Polygon","coordinates":[[[-122.32929532947652,37.77387487682174],[-122.32481602518041,37.77741592926215],[-122.32626064933481,37.782110100155464],[-122.3321849177041,37.783263033304344],[-122.33666401066101,37.77972186348867],[-122.33521904663621,37.77502787790941],[-122.32929532947652,37.77387487682174]]]},"properties":{"h3_index":"882830806bfffff","station_count":1,"program_id":"sf_bay","program":"SF Bay","resolution":8,"stations":[{"station_id":"CB100S","station_name":"Central Bay (CB100S)","lat":37.77595,"lon":-122.3296,"county":"SAN FRANCISCO"}]}},{"type":"Feature","geometry":{"type":"Polygon","coordinates":[[[-122.38825819323623,37.820622665876265],[-122.38378058484004,37.82416465584845],[-122.38522797314481,37.828855279281306],[-122.39115330913066,37.83000372719248],[-122.39563070470572,37.8264616202653],[-122.3941829771645,37.821771182391934],[-122.38825819323623,37.820622665876265]]]},"properties":{"h3_index":"882830808dfffff","station_count":1,"program_id":"sf_bay","program":"SF Bay","resolution":8,"stations":[{"station_id":"CB045W","station_name":"Central Bay (CB045W)","lat":37.828424,"lon":-122.389502,"county":"SAN FRANCISCO"}]}},{"type":"Feature","geometry":{"type":"Polygon","coordinates":[[[-122.42815241492693,37.841575961216414],[-122.42367641842546,37.845118725204934],[-122.42512552757718,37.84980738611778],[-122.4310509720155,37.85095309727669],[-122.43552675473694,37.84741021658075],[-122.43407730684868,37.84272174144328],[-122.42815241492693,37.841575961216414]]]},"properties":{"h3_index":"8828308093fffff","station_count":1,"program_id":"sf_bay","program":"SF Bay","resolution":8,"stations":[{"station_id":"CB009W","station_name":"Central Bay (CB009W)","lat":37.844346,"lon":-122.428173,"county":"SAN FRANCISCO","waterbody":"San Francisco Bay"}]}},{"type":"Feature","geometry":{"type":"Polygon","coordinates":[[[-122.41037716113836,37.838136513943915],[-122.40590019176143,37.84167885462319],[-122.4073486165221,37.84636814562074],[-122.41327434970607,37.84751491029813],[-122.41775110570595,37.84397245282174],[-122.41630234194739,37.83928334747504],[-122.41037716113836,37.838136513943915]]]},"properties":{"h3_index":"8828308095fffff","station_count":1,"program_id":"sf_bay","program":"SF Bay","resolution":8,"stations":[{"station_id":"CB025W","station_name":"Central Bay (CB025W)","lat":37.842208,"lon":-122.408492,"county":"SAN FRANCISCO","waterbody":"San Francisco Bay"}]}},{"type":"Feature","geometry":{"type":"Polygon","coordinates":[[[-122.41340516628499,37.829904433876806],[-122.40892874277931,37.833446964292435],[-122.41037716113836,37.838136513943915],[-122.41630234194739,37.83928334747504],[-122.42077855204363,37.83574070024662],[-122.4193297947888,37.831051336309805],[-122.41340516628499,37.829904433876806]]]},"properties":{"h3_index":"882830809dfffff","station_count":1,"program_id":"sf_bay","program":"SF Bay","resolution":8,"stations":[{"station_id":"CB057W","station_name":"Central Bay (CB057W)","lat":37.838008,"lon":-122.416693}]}},{"type":"Feature","geometry":{"type":"Polygon","coordinates":[[[-122.36138602075134,37.841872120312885],[-122.35690580345198,37.845413115478785],[-122.3583525246074,37.85010359228909],[-122.36427980291467,37.851252888700486],[-122.3687598078944,37.84771177653737],[-122.36731274693503,37.843021484970095],[-122.36138602075134,37.841872120312885]]]},"properties":{"h3_index":"88283080a5fffff","station_count":1,"program_id":"sf_bay","program":"SF Bay","resolution":8,"stations":[{"station_id":"CB013W","station_name":"Central Bay (CB013W)","lat":37.846882,"lon":-122.368382,"county":"SAN FRANCISCO","waterbody":"San Francisco Bay"}]}},{"type":"Feature","geometry":{"type":"Polygon","coordinates":[[[-122.38654010020679,37.85115713332055],[-122.38206106662263,37.85469866986847],[-122.38350881901093,37.85938807294086],[-122.3894359444954,37.86053575407679],[-122.3939147651709,37.856994100673504],[-122.39246667331912,37.85230488299963],[-122.38654010020679,37.85115713332055]]]},"properties":{"h3_index":"88283080b5fffff","station_count":1,"program_id":"sf_bay","program":"SF Bay","resolution":8,"stations":[{"station_id":"CB121S","station_name":"Central Bay (CB121S)","lat":37.855362,"lon":-122.392492,"county":"SAN FRANCISCO","waterbody":"San Francisco Bay"}]}},{"type":"Feature","geometry":{"type":"Polygon","coordinates":[[[-122.39997459078528,37.84053152879129],[-122.39549686227946,37.84407356268942],[-122.39694494786053,37.84876303924358],[-122.40287110117555,37.84991029635295],[-122.4073486165221,37.84636814562074],[-122.40590019176143,37.84167885462319],[-122.39997459078528,37.84053152879129]]]},"properties":{"h3_index":"88283080b9fffff","station_count":1,"program_id":"sf_bay","program":"SF Bay","resolution":8,"stations":[{"station_id":"CB073S","station_name":"Central Bay (CB073S)","lat":37.842933,"lon":-122.397612,"county":"SAN FRANCISCO","waterbody":"San Francisco Bay"}]}},{"type":"Feature","geometry":{"type":"Polygon","coordinates":[[[-122.36007920043696,37.81956651389916],[-122.35559986304287,37.823107772774826],[-122.35704622667373,37.82779921086864],[-122.36297226742602,37.828949204756746],[-122.36745139262031,37.82540782879996],[-122.3660046893106,37.82071657604619],[-122.36007920043696,37.81956651389916]]]},"properties":{"h3_index":"88283080e5fffff","station_count":1,"program_id":"sf_bay","program":"SF Bay","resolution":8,"stations":[{"station_id":"CB013S","station_name":"Central Bay (CB013S)","lat":37.821433,"lon":-122.360602,"county":"SAN FRANCISCO","waterbody":"San Francisco Bay"}]}},{"type":"Feature","geometry":{"type":"Polygon","coordinates":[[[-122.29633654177348,37.811586421796804],[-122.29185354062315,37.815126097716245],[-122.29329750576979,37.81981960655268],[-122.29922481275689,37.82097325461067],[-122.30370760313741,37.81743346130654],[-122.30226329734903,37.81274013733917],[-122.29633654177348,37.811586421796804]]]},"properties":{"h3_index":"8828308111fffff","station_count":1,"program_id":"sf_bay","program":"SF Bay","resolution":8,"stations":[{"station_id":"EBMUDWWTP","station_name":"East Bay Municipal Utility District Wastewater Treatment Plant (EBMUDWWTP)","lat":37.819524,"lon":-122.29523,"county":"ALAMEDA"}]}},{"type":"Feature","geometry":{"type":"Polygon","coordinates":[[[-122.28288623545915,37.82220495010925],[-122.27840193142909,37.82574412639774],[-122.27984556089662,37.83043756143706],[-122.28577383536806,37.831591635487534],[-122.29025792888046,37.828052341793686],[-122.2888139584875,37.82335909146477],[-122.28288623545915,37.82220495010925]]]},"properties":{"h3_index":"882830813bfffff","station_count":1,"program_id":"sf_bay","program":"SF Bay","resolution":8,"stations":[{"station_id":"EttieStPS","station_name":"Ettie St Pump Station wet well outside of station","lat":37.826043,"lon":-122.288942,"county":"ALAMEDA"}]}},{"type":"Feature","geometry":{"type":"Polygon","coordinates":[[[-122.28463547082013,37.79165504666533],[-122.28015259465361,37.79519467842331],[-122.2815958626732,37.79988933164163],[-122.28752234760496,37.801044168241084],[-122.29200501333916,37.79750441897804],[-122.29056140462234,37.792809950630684],[-122.28463547082013,37.79165504666533]]]},"properties":{"h3_index":"8828308155fffff","station_count":1,"program_id":"sf_bay","program":"SF Bay","resolution":8,"stations":[{"station_id":"CB31","station_name":"SF Bay RMP - Central Bay 31","lat":37.794937,"lon":-122.288496,"county":"ALAMEDA"}]}},{"type":"Feature","geometry":{"type":"Polygon","coordinates":[[[-122.2490779117007,37.78471824911022],[-122.24459310389426,37.788257028712536],[-122.24603499778699,37.79295293677976],[-122.25196204075144,37.79410988063599],[-122.25644663893415,37.79057098335159],[-122.25500440382454,37.78587525990315],[-122.2490779117007,37.78471824911022]]]},"properties":{"h3_index":"8828308169fffff","station_count":1,"program_id":"sf_bay","program":"SF Bay","resolution":8,"stations":[{"station_id":"CB24","station_name":"SF Bay RMP - Central Bay 24","lat":37.786283,"lon":-122.248067,"county":"ALAMEDA"}]}},{"type":"Feature","geometry":{"type":"Polygon","coordinates":[[[-122.33016040568442,37.84904313067705],[-122.32567791394018,37.85258320191085],[-122.32712361459417,37.857274233883274],[-122.33305214738968,37.858425009672416],[-122.33753442746968,37.854884821331176],[-122.33608838646694,37.85019397431825],[-122.33016040568442,37.84904313067705]]]},"properties":{"h3_index":"8828308183fffff","station_count":1,"program_id":"sf_bay","program":"SF Bay","resolution":8,"stations":[{"station_id":"CB005S","station_name":"Central Bay (CB005S)","lat":37.852528,"lon":-122.326231,"county":"ALAMEDA","waterbody":"San Francisco Bay"}]}},{"type":"Feature","geometry":{"type":"Polygon","coordinates":[[[-122.31541380332466,37.83735673457701],[-122.31093088880858,37.84089657143897],[-122.31237589737552,37.84558849114311],[-122.31830416101401,37.84674038909744],[-122.32278686423699,37.84320043502339],[-122.321341515163,37.838508700217155],[-122.31541380332466,37.83735673457701]]]},"properties":{"h3_index":"882830818dfffff","station_count":1,"program_id":"sf_bay","program":"SF Bay","resolution":8,"stations":[{"station_id":"CB133S","station_name":"Central Bay (CB133S)","lat":37.83939,"lon":-122.31587,"county":"ALAMEDA"}]}},{"type":"Feature","geometry":{"type":"Polygon","coordinates":[[[-122.35531848815411,37.8583346145807],[-122.35083717835624,37.86187522811274],[-122.35228391126407,37.86656518681447],[-122.35821229402681,37.867714346878806],[-122.36269339157072,37.8641736163808],[-122.36124631865437,37.859483842794454],[-122.35531848815411,37.8583346145807]]]},"properties":{"h3_index":"8828308193fffff","station_count":1,"program_id":"sf_bay","program":"SF Bay","resolution":8,"stations":[{"station_id":"CB049W","station_name":"Central Bay (CB049W)","lat":37.865029,"lon":-122.359892,"county":"ALAMEDA"}]}},{"type":"Feature","geometry":{"type":"Polygon","coordinates":[[[-122.35097865873419,37.84426325796423],[-122.34649768313349,37.847803945384555],[-122.34794406430338,37.85249460734342],[-122.35387176110797,37.853644396743405],[-122.3583525246074,37.85010359228909],[-122.35690580345198,37.845413115478785],[-122.35097865873419,37.84426325796423]]]},"properties":{"h3_index":"8828308199fffff","station_count":1,"program_id":"sf_bay","program":"SF Bay","resolution":8,"stations":[{"station_id":"CB029S","station_name":"Central Bay (CB029S)","lat":37.847129,"lon":-122.352942,"county":"ALAMEDA","waterbody":"San Francisco Bay"}]}},{"type":"Feature","geometry":{"type":"Polygon","coordinates":[[[-122.34057012021603,37.8466535948753],[-122.33608838646694,37.85019397431825],[-122.33753442746968,37.854884821331176],[-122.34346254243714,37.85603510385711],[-122.34794406430338,37.85249460734342],[-122.34649768313349,37.847803945384555],[-122.34057012021603,37.8466535948753]]]},"properties":{"h3_index":"882830819dfffff","station_count":1,"program_id":"sf_bay","program":"SF Bay","resolution":8,"stations":[{"station_id":"CB037W","station_name":"Central Bay (CB037W)","lat":37.853342,"lon":-122.346392,"county":"ALAMEDA","waterbody":"San Francisco Bay"}]}},{"type":"Feature","geometry":{"type":"Polygon","coordinates":[[[-122.32712361459417,37.857274233883274],[-122.32264057645371,37.86081411382029],[-122.32408628269144,37.86550488662823],[-122.3300153675692,37.866655594613505],[-122.33449819407846,37.86311559758466],[-122.33305214738968,37.858425009672416],[-122.32712361459417,37.857274233883274]]]},"properties":{"h3_index":"88283081b9fffff","station_count":1,"program_id":"sf_bay","program":"SF Bay","resolution":8,"stations":[{"station_id":"CB037S","station_name":"Central Bay (CB037S)","lat":37.859929,"lon":-122.327331,"county":"ALAMEDA","waterbody":"San Francisco Bay"}]}},{"type":"Feature","geometry":{"type":"Polygon","coordinates":[[[-122.32885993940732,37.82673622552206],[-122.32437832861571,37.83027656152601],[-122.32582367212117,37.83496855507274],[-122.33175096668998,37.83612002756918],[-122.33623236593677,37.83257957437404],[-122.33478668220806,37.82788776588371],[-122.32885993940732,37.82673622552206]]]},"properties":{"h3_index":"88283081c3fffff","station_count":1,"program_id":"sf_bay","program":"SF Bay","resolution":8,"stations":[{"station_id":"CB021W","station_name":"Central Bay (CB021W)","lat":37.832848,"lon":-122.328741,"county":"ALAMEDA","waterbody":"San Francisco Bay"}]}},{"type":"Feature","geometry":{"type":"Polygon","coordinates":[[[-122.31107914544798,37.82327949682741],[-122.30659656602279,37.82681940746392],[-122.3080412231446,37.83151202954492],[-122.31396880022386,37.83266455606852],[-122.31845116850829,37.8291245281519],[-122.3170061709027,37.82443209100182],[-122.31107914544798,37.82327949682741]]]},"properties":{"h3_index":"88283081c5fffff","station_count":1,"program_id":"sf_bay","program":"SF Bay","resolution":8,"stations":[{"station_id":"CB43","station_name":"SF Bay RMP - Central Bay 43","lat":37.829205,"lon":-122.309408,"county":"ALAMEDA"}]}},{"type":"Feature","geometry":{"type":"Polygon","coordinates":[[[-122.31845116850829,37.8291245281519],[-122.31396880022386,37.83266455606852],[-122.31541380332466,37.83735673457701],[-122.321341515163,37.838508700217155],[-122.32582367212117,37.83496855507274],[-122.32437832861571,37.83027656152601],[-122.31845116850829,37.8291245281519]]]},"properties":{"h3_index":"88283081c7fffff","station_count":1,"program_id":"sf_bay","program":"SF Bay","resolution":8,"stations":[{"station_id":"CB06","station_name":"SF Bay RMP - Central Bay 06","lat":37.83391,"lon":-122.32214,"county":"ALAMEDA"}]}},{"type":"Feature","geometry":{"type":"Polygon","coordinates":[[[-122.33623236593677,37.83257957437404],[-122.33175096668998,37.83612002756918],[-122.3331966560895,37.84081157738286],[-122.33912408492836,37.84196248892428],[-122.34360527244485,37.83842191859034],[-122.34215924290126,37.833730553863816],[-122.33623236593677,37.83257957437404]]]},"properties":{"h3_index":"88283081d5fffff","station_count":1,"program_id":"sf_bay","program":"SF Bay","resolution":8,"stations":[{"station_id":"CB005W","station_name":"Central Bay (CB005W)","lat":37.838197,"lon":-122.341222,"county":"ALAMEDA","waterbody":"San Francisco Bay"}]}},{"type":"Feature","geometry":{"type":"Polygon","coordinates":[[[-122.3496739558592,37.82195721802681],[-122.34519386051296,37.82549816951033],[-122.34663988428348,37.830189792849694],[-122.35256634330906,37.83134027947001],[-122.35704622667373,37.82779921086864],[-122.35559986304287,37.823107772774826],[-122.3496739558592,37.82195721802681]]]},"properties":{"h3_index":"88283081d9fffff","station_count":1,"program_id":"sf_bay","program":"SF Bay","resolution":8,"stations":[{"station_id":"BC11","station_name":"Yerba Buena Island (BC11)","lat":37.822328,"lon":-122.349282,"county":"ALAMEDA","waterbody":"San Francisco Bay"}]}},{"type":"Feature","geometry":{"type":"Polygon","coordinates":[[[-122.30066912389398,37.825666320134346],[-122.29618578734825,37.82920592241531],[-122.29763010380495,37.83389872933247],[-122.30355809752095,37.83505174914252],[-122.3080412231446,37.83151202954492],[-122.30659656602279,37.82681940746392],[-122.30066912389398,37.825666320134346]]]},"properties":{"h3_index":"88283081e9fffff","station_count":1,"program_id":"sf_bay","program":"SF Bay","resolution":8,"stations":[{"station_id":"CB15","station_name":"SF Bay RMP - Central Bay 15","lat":37.827887,"lon":-122.303561,"county":"ALAMEDA"}]}},{"type":"Feature","geometry":{"type":"Polygon","coordinates":[[[-122.3080412231446,37.83151202954492],[-122.30355809752095,37.83505174914252],[-122.30500276003563,37.83974411251806],[-122.31093088880858,37.84089657143897],[-122.31541380332466,37.83735673457701],[-122.31396880022386,37.83266455606852],[-122.3080412231446,37.83151202954492]]]},"properties":{"h3_index":"88283081ebfffff","station_count":1,"program_id":"sf_bay","program":"SF Bay","resolution":8,"stations":[{"station_id":"CB27","station_name":"SF Bay RMP - Central Bay 27","lat":37.83772,"lon":-122.308601,"county":"ALAMEDA"}]}},{"type":"Feature","geometry":{"type":"Polygon","coordinates":[[[-122.29025792888046,37.828052341793686],[-122.28577383536806,37.831591635487534],[-122.28721781097823,37.836284627146064],[-122.29314622099575,37.83743814037944],[-122.29763010380495,37.83389872933247],[-122.29618578734825,37.82920592241531],[-122.29025792888046,37.828052341793686]]]},"properties":{"h3_index":"88283081edfffff","station_count":1,"program_id":"sf_bay","program":"SF Bay","resolution":8,"stations":[{"station_id":"Z12LA_ShellmoundSt","station_name":"Zone 12 Line A (Temescal Creek) at pedestrian bridge west of Shellmound St","lat":37.83429,"lon":-122.29349,"county":"ALAMEDA"}]}},{"type":"Feature","geometry":{"type":"Polygon","coordinates":[[[-122.36222323646518,37.73615103376895],[-122.35774762702437,37.73969345530494],[-122.35919290736369,37.74438828424383],[-122.3651141362922,37.745540505897715],[-122.36958953382668,37.74199796699537],[-122.36814391438735,37.73730332381547],[-122.36222323646518,37.73615103376895]]]},"properties":{"h3_index":"8828308207fffff","station_count":1,"program_id":"sf_bay","program":"SF Bay","resolution":8,"stations":[{"station_id":"CB028W","station_name":"Central Bay (CB028W)","lat":37.742243,"lon":-122.361101,"county":"SAN FRANCISCO","waterbody":"San Francisco Bay"}]}},{"type":"Feature","geometry":{"type":"Polygon","coordinates":[[[-122.39037926080604,37.73721494115815],[-122.38590537771388,37.740758091175],[-122.38735168100284,37.74545210579773],[-122.393272206091,37.7466027844348],[-122.39774587665701,37.743059517177535],[-122.39629923470937,37.73836568853357],[-122.39037926080604,37.73721494115815]]]},"properties":{"h3_index":"8828308211fffff","station_count":1,"program_id":"sf_bay","program":"SF Bay","resolution":8,"stations":[{"station_id":"SFPUCWWTP-SE","station_name":"San Francisco Southeast Treatment Plant","lat":37.740791,"lon":-122.39087,"county":"SAN FRANCISCO"}]}},{"type":"Feature","geometry":{"type":"Polygon","coordinates":[[[-122.36655976172051,37.75023489219438],[-122.36208381906665,37.75377724254223],[-122.36352945045508,37.75847137179231],[-122.3694513636685,37.75962296497875],[-122.37392709426375,37.75608049733329],[-122.37248112375254,37.75138655380899],[-122.36655976172051,37.75023489219438]]]},"properties":{"h3_index":"8828308231fffff","station_count":1,"program_id":"sf_bay","program":"SF Bay","resolution":8,"stations":[{"station_id":"CB012S","station_name":"Central Bay (CB012S)","lat":37.753907,"lon":-122.369202,"county":"SAN FRANCISCO","waterbody":"San Francisco Bay"}]}},{"type":"Feature","geometry":{"type":"Polygon","coordinates":[[[-122.37392709426375,37.75608049733329],[-122.3694513636685,37.75962296497875],[-122.37089734021298,37.764316651357056],[-122.37681938644468,37.765467684343456],[-122.38129490479633,37.76192509945305],[-122.37984858920824,37.75723159883119],[-122.37392709426375,37.75608049733329]]]},"properties":{"h3_index":"8828308233fffff","station_count":1,"program_id":"sf_bay","program":"SF Bay","resolution":8,"stations":[{"station_id":"CB012W","station_name":"Central Bay (CB012W)","lat":37.757667,"lon":-122.378422,"county":"SAN FRANCISCO","waterbody":"San Francisco Bay"}]}},{"type":"Feature","geometry":{"type":"Polygon","coordinates":[[[-122.36352945045508,37.75847137179231],[-122.35905296258369,37.76201353337451],[-122.36049859990335,37.766707405414714],[-122.36642106436754,37.767858930220825],[-122.37089734021298,37.764316651357056],[-122.3694513636685,37.75962296497875],[-122.36352945045508,37.75847137179231]]]},"properties":{"h3_index":"8828308237fffff","station_count":1,"program_id":"sf_bay","program":"SF Bay","resolution":8,"stations":[{"station_id":"CB044S","station_name":"Central Bay (CB044S)","lat":37.76186,"lon":-122.369422,"county":"SAN FRANCISCO","waterbody":"San Francisco Bay"}]}},{"type":"Feature","geometry":{"type":"Polygon","coordinates":[[[-122.36394684089107,37.70558770294594],[-122.35947265430241,37.70913057136214],[-122.36091757193178,37.71382661237494],[-122.36683701507167,37.71497959906149],[-122.37131098984081,37.71143661317772],[-122.36986573333792,37.70674075808493],[-122.36394684089107,37.70558770294594]]]},"properties":{"h3_index":"8828308241fffff","station_count":1,"program_id":"sf_bay","program":"SF Bay","resolution":8,"stations":[{"station_id":"CB028S","station_name":"Central Bay (CB028S)","lat":37.709986,"lon":-122.363052,"county":"SAN FRANCISCO","waterbody":"San Francisco Bay"}]}},{"type":"Feature","geometry":{"type":"Polygon","coordinates":[[[-122.36697557111785,37.697348349646454],[-122.36250192919103,37.7008914057397],[-122.36394684089107,37.70558770294594],[-122.36986573333792,37.70674075808493],[-122.37433916341253,37.70319758450785],[-122.37289391294082,37.698501473285546],[-122.36697557111785,37.697348349646454]]]},"properties":{"h3_index":"8828308249fffff","station_count":1,"program_id":"sf_bay","program":"SF Bay","resolution":8,"stations":[{"station_id":"CB112S","station_name":"Central Bay (CB112S)","lat":37.70052,"lon":-122.36365,"county":"SAN MATEO","waterbody":"San Francisco Bay"}]}},{"type":"Feature","geometry":{"type":"Polygon","coordinates":[[[-122.37867561645875,37.71728452153763],[-122.37420185369392,37.720827624836225],[-122.37564746106892,37.72552278129232],[-122.38156716997229,37.72667464847833],[-122.38604072054805,37.72313142781765],[-122.38459477445784,37.718436457342975],[-122.37867561645875,37.71728452153763]]]},"properties":{"h3_index":"8828308255fffff","station_count":1,"program_id":"sf_bay","program":"SF Bay","resolution":8,"stations":[{"station_id":"CB01","station_name":"SF Bay RMP - Central Bay 01","lat":37.722188,"lon":-122.382351,"county":"SAN FRANCISCO"}]}},{"type":"Feature","geometry":{"type":"Polygon","coordinates":[[[-122.34315867421586,37.71036555042719],[-122.3386829750555,37.71390780782694],[-122.34012721439532,37.71860422039557],[-122.34604749217903,37.7197581898439],[-122.35052297995483,37.7162158149037],[-122.34907840137978,37.7115195880656],[-122.34315867421586,37.71036555042719]]]},"properties":{"h3_index":"8828308269fffff","station_count":1,"program_id":"sf_bay","program":"SF Bay","resolution":8,"stations":[{"station_id":"CB080S","station_name":"Central Bay (CB080S)","lat":37.716776,"lon":-122.349701,"county":"SAN FRANCISCO","waterbody":"San Francisco Bay"}]}},{"type":"Feature","geometry":{"type":"Polygon","coordinates":[[[-122.33276283103287,37.71275327873365],[-122.32828637581538,37.7162952302779],[-122.32973027573908,37.7209918284823],[-122.33565097034469,37.72214628951668],[-122.34012721439532,37.71860422039557],[-122.3386829750555,37.71390780782694],[-122.33276283103287,37.71275327873365]]]},"properties":{"h3_index":"882830826dfffff","station_count":1,"program_id":"sf_bay","program":"SF Bay","resolution":8,"stations":[{"station_id":"CB008S","station_name":"Central Bay (CB008S)","lat":37.718026,"lon":-122.329121,"county":"SAN FRANCISCO","waterbody":"San Francisco Bay"}]}},{"type":"Feature","geometry":{"type":"Polygon","coordinates":[[[-122.38997525724962,37.79008119978061],[-122.38549907314595,37.7936236411326],[-122.3869460975409,37.79831548273906],[-122.39286964509768,37.799464697282964],[-122.39734561646776,37.79592213887593],[-122.39589825306314,37.791230482989974],[-122.38997525724962,37.79008119978061]]]},"properties":{"h3_index":"88283082a7fffff","station_count":1,"program_id":"sf_bay","program":"SF Bay","resolution":8,"stations":[{"station_id":"CB077S","station_name":"Central Bay (CB077S)","lat":37.791724,"lon":-122.388632,"county":"SAN FRANCISCO","waterbody":"San Francisco Bay"}]}},{"type":"Feature","geometry":{"type":"Polygon","coordinates":[[[-122.38563455403627,37.77600420067387],[-122.38115870279778,37.77954671394285],[-122.38260537578678,37.784239256679946],[-122.38852823904973,37.78538910040423],[-122.3930038777072,37.78184647001162],[-122.39155686573118,37.777154113028324],[-122.38563455403627,37.77600420067387]]]},"properties":{"h3_index":"88283082adfffff","station_count":2,"program_id":"sf_bay","program":"SF Bay","resolution":8,"stations":[{"station_id":"CB49","station_name":"SF Bay RMP - Central Bay 49","lat":37.776982,"lon":-122.388918,"county":"SAN FRANCISCO"},{"station_id":"21302","station_name":"Mission Creek (21302)","lat":37.77745,"lon":-122.38845,"county":"SAN FRANCISCO","waterbody":"San Francisco Bay"}]}},{"type":"Feature","geometry":{"type":"Polygon","coordinates":[[[-122.39905950137714,37.76537567153804],[-122.39458495331732,37.76891867937891],[-122.3960319590407,37.773611293806056],[-122.4019538515761,37.774760714490206],[-122.40642818680486,37.77121758954652],[-122.40498084237768,37.76652516103146],[-122.39905950137714,37.76537567153804]]]},"properties":{"h3_index":"88283082e3fffff","station_count":2,"program_id":"sf_bay","program":"SF Bay","resolution":8,"stations":[{"station_id":"MISCK","station_name":"Mission Creek - Site 1 (SF)-MISCK","lat":37.77092,"lon":-122.39819,"county":"SAN FRANCISCO"},{"station_id":"21030","station_name":"Mission Creek (21030)","lat":37.77192,"lon":-122.39663,"county":"SAN FRANCISCO","waterbody":"San Francisco Bay"}]}},{"type":"Feature","geometry":{"type":"Polygon","coordinates":[[[-122.38866319312106,37.76776869834635],[-122.38418788719798,37.77131140042902],[-122.38563455403627,37.77600420067387],[-122.39155686573118,37.777154113028324],[-122.3960319590407,37.773611293806056],[-122.39458495331732,37.76891867937891],[-122.38866319312106,37.76776869834635]]]},"properties":{"h3_index":"88283082e7fffff","station_count":1,"program_id":"sf_bay","program":"SF Bay","resolution":8,"stations":[{"station_id":"21301","station_name":"Mission Creek (21301)","lat":37.77452,"lon":-122.39313,"county":"SAN FRANCISCO","waterbody":"San Francisco Bay"}]}},{"type":"Feature","geometry":{"type":"Polygon","coordinates":[[[-122.30286176922289,37.74223993063075],[-122.29838216680037,37.74578070254357],[-122.2998254034344,37.750476901214206],[-122.30574858262328,37.75163214272775],[-122.310227974414,37.74809125321384],[-122.308784397696,37.74339523979751],[-122.30286176922289,37.74223993063075]]]},"properties":{"h3_index":"882830830bfffff","station_count":1,"program_id":"sf_bay","program":"SF Bay","resolution":8,"stations":[{"station_id":"CB020S","station_name":"Central Bay (CB020S)","lat":37.748705,"lon":-122.308161,"county":"SAN FRANCISCO","waterbody":"San Francisco Bay"}]}},{"type":"Feature","geometry":{"type":"Polygon","coordinates":[[[-122.32799598190833,37.75155444888484],[-122.32351755731678,37.755095762778495],[-122.32496182485072,37.75979089128737],[-122.33088485676979,37.7609445205016],[-122.33536307014127,37.75740308914819],[-122.33391846286214,37.75270814605031],[-122.32799598190833,37.75155444888484]]]},"properties":{"h3_index":"882830831bfffff","station_count":1,"program_id":"sf_bay","program":"SF Bay","resolution":8,"stations":[{"station_id":"CB004S","station_name":"Central Bay (CB004S)","lat":37.754906,"lon":-122.329771,"county":"SAN FRANCISCO","waterbody":"San Francisco Bay"}]}},{"type":"Feature","geometry":{"type":"Polygon","coordinates":[[[-122.27597764846571,37.76348207750346],[-122.27149544349722,37.76702185492677],[-122.2729380095899,37.771717909067846],[-122.27886312134967,37.77287400085907],[-122.28334511618978,37.76933410579421],[-122.28190220944684,37.76463823658975],[-122.27597764846571,37.76348207750346]]]},"properties":{"h3_index":"8828308323fffff","station_count":1,"program_id":"sf_bay","program":"SF Bay","resolution":8,"stations":[{"station_id":"CB04","station_name":"SF Bay RMP - Central Bay 04","lat":37.767614,"lon":-122.277808,"county":"ALAMEDA"}]}},{"type":"Feature","geometry":{"type":"Polygon","coordinates":[[[-122.27165031617501,37.74939244313579],[-122.26716844683621,37.75293229294859],[-122.26861066213276,37.75762904681237],[-122.27453508744317,37.75878576590404],[-122.27901674680538,37.75524579838136],[-122.27757419088209,37.750549229486964],[-122.27165031617501,37.74939244313579]]]},"properties":{"h3_index":"8828308329fffff","station_count":1,"program_id":"sf_bay","program":"SF Bay","resolution":8,"stations":[{"station_id":"CB030S","station_name":"Central Bay (CB030S)","lat":37.758751,"lon":-122.274381,"county":"ALAMEDA","waterbody":"San Francisco Bay"}]}},{"type":"Feature","geometry":{"type":"Polygon","coordinates":[[[-122.28076603611709,37.72467995119991],[-122.27628580290943,37.72822036999502],[-122.27772800304015,37.73291789495477],[-122.28365077674702,37.7340748159683],[-122.28813079987802,37.730534279414904],[-122.2866882594271,37.7258369396163],[-122.28076603611709,37.72467995119991]]]},"properties":{"h3_index":"8828308345fffff","station_count":2,"program_id":"sf_bay","program":"SF Bay","resolution":8,"stations":[{"station_id":"CB042S","station_name":"Central Bay (CB042S)","lat":37.73002,"lon":-122.28278,"county":"ALAMEDA"},{"station_id":"CB010W","station_name":"Central Bay (CB010W)","lat":37.730752,"lon":-122.28167,"county":"ALAMEDA","waterbody":"San Francisco Bay"}]}},{"type":"Feature","geometry":{"type":"Polygon","coordinates":[[[-122.28813079987802,37.730534279414904],[-122.28365077674702,37.7340748159683],[-122.2850933223845,37.73877189896236],[-122.29101623144281,37.739928260220836],[-122.29549604431207,37.73638760596151],[-122.2940531584331,37.731690708159675],[-122.28813079987802,37.730534279414904]]]},"properties":{"h3_index":"8828308347fffff","station_count":1,"program_id":"sf_bay","program":"SF Bay","resolution":8,"stations":[{"station_id":"CB024S","station_name":"Central Bay (CB024S)","lat":37.737238,"lon":-122.290551,"county":"ALAMEDA","waterbody":"San Francisco Bay"}]}},{"type":"Feature","geometry":{"type":"Polygon","coordinates":[[[-122.32366354694284,37.73746759253679],[-122.3191854565655,37.7410089780258],[-122.32062937318653,37.74570480609296],[-122.32655171995532,37.74685906323713],[-122.33102959926464,37.743317560219765],[-122.32958534292153,37.738621917596575],[-122.32366354694284,37.73746759253679]]]},"properties":{"h3_index":"8828308353fffff","station_count":1,"program_id":"sf_bay","program":"SF Bay","resolution":8,"stations":[{"station_id":"BB70","station_name":"Alameda (BB70)","lat":37.742,"lon":-122.322,"county":"SAN FRANCISCO","waterbody":"San Francisco Bay"}]}},{"type":"Feature","geometry":{"type":"Polygon","coordinates":[[[-122.31326324417256,37.73985416098084],[-122.308784397696,37.74339523979751],[-122.310227974414,37.74809125321384],[-122.31615073755997,37.74924600247436],[-122.32062937318653,37.74570480609296],[-122.3191854565655,37.7410089780258],[-122.31326324417256,37.73985416098084]]]},"properties":{"h3_index":"8828308357fffff","station_count":1,"program_id":"sf_bay","program":"SF Bay","resolution":8,"stations":[{"station_id":"CB020W","station_name":"Central Bay (CB020W)","lat":37.743045,"lon":-122.313671,"county":"SAN FRANCISCO","waterbody":"San Francisco Bay"}]}},{"type":"Feature","geometry":{"type":"Polygon","coordinates":[[[-122.30893288108184,37.7257646509675],[-122.3044543691234,37.729305801242276],[-122.30589759506306,37.734002513756934],[-122.31181967288934,37.73515789062467],[-122.31629797414972,37.73161662271652],[-122.3148544083302,37.726920095583985],[-122.30893288108184,37.7257646509675]]]},"properties":{"h3_index":"882830835dfffff","station_count":1,"program_id":"sf_bay","program":"SF Bay","resolution":8,"stations":[{"station_id":"CB042W","station_name":"Central Bay (CB042W)","lat":37.7281,"lon":-122.306361,"county":"SAN FRANCISCO"}]}},{"type":"Feature","geometry":{"type":"Polygon","coordinates":[[[-122.27468942976847,37.74115539239167],[-122.27020810590462,37.74469543207653],[-122.27165031617501,37.74939244313579],[-122.27757419088209,37.750549229486964],[-122.28205530473595,37.74700907207611],[-122.28061275394103,37.742312246050126],[-122.27468942976847,37.74115539239167]]]},"properties":{"h3_index":"8828308363fffff","station_count":1,"program_id":"sf_bay","program":"SF Bay","resolution":8,"stations":[{"station_id":"CB030W","station_name":"Central Bay (CB030W)","lat":37.74727,"lon":-122.27398,"county":"ALAMEDA","waterbody":"San Francisco Bay"}]}},{"type":"Feature","geometry":{"type":"Polygon","coordinates":[[[-122.50360093119468,37.869359935958784],[-122.49912850346782,37.87290431687462],[-122.50058069907008,37.87758975032735],[-122.50650566015905,37.87873061663629],[-122.51097787234224,37.87518611944173],[-122.50952533902877,37.870500872226884],[-122.50360093119468,37.869359935958784]]]},"properties":{"h3_index":"8828308423fffff","station_count":1,"program_id":"sf_bay","program":"SF Bay","resolution":8,"stations":[{"station_id":"CB39","station_name":"SF Bay RMP - Central Bay 39","lat":37.875809,"lon":-122.507246,"county":"MARIN"}]}},{"type":"Feature","geometry":{"type":"Polygon","coordinates":[[[-122.48582712002187,37.86593502060799],[-122.48135371589855,37.869478979562444],[-122.48280522841303,37.87416504442601],[-122.48873048307277,37.87530696423088],[-122.4932036720548,37.871762888907405],[-122.49175182156696,37.867077010158006],[-122.48582712002187,37.86593502060799]]]},"properties":{"h3_index":"8828308425fffff","station_count":1,"program_id":"sf_bay","program":"SF Bay","resolution":8,"stations":[{"station_id":"CB003S","station_name":"Central Bay (CB003S)","lat":37.867978,"lon":-122.485124,"county":"MARIN","waterbody":"San Francisco Bay"}]}},{"type":"Feature","geometry":{"type":"Polygon","coordinates":[[[-122.43684949429591,37.86970455530459],[-122.43237283344018,37.87324717284677],[-122.43382264672042,37.87793442624568],[-122.43974945968614,37.87907887640406],[-122.44422590645563,37.875536142291075],[-122.4427757543942,37.87084907460047],[-122.43684949429591,37.86970455530459]]]},"properties":{"h3_index":"8828308505fffff","station_count":1,"program_id":"sf_bay","program":"SF Bay","resolution":8,"stations":[{"station_id":"CB041S","station_name":"Central Bay (CB041S)","lat":37.87284,"lon":-122.43913,"county":"MARIN","waterbody":"San Francisco Bay"}]}},{"type":"Feature","geometry":{"type":"Polygon","coordinates":[[[-122.47978279795971,37.88239461957209],[-122.4753083018105,37.88593819940475],[-122.47675982853467,37.890623745673565],[-122.48268618963404,37.891765526133035],[-122.48716047070576,37.88822182996233],[-122.4857086058042,37.883536469680095],[-122.47978279795971,37.88239461957209]]]},"properties":{"h3_index":"8828308513fffff","station_count":1,"program_id":"sf_bay","program":"SF Bay","resolution":8,"stations":[{"station_id":"CB23","station_name":"SF Bay RMP - Central Bay 23","lat":37.886034,"lon":-122.475494,"county":"MARIN"}]}},{"type":"Feature","geometry":{"type":"Polygon","coordinates":[[[-122.43552675473694,37.84741021658075],[-122.4310509720155,37.85095309727669],[-122.43250042655409,37.855641313626656],[-122.43842600251949,37.856786463485],[-122.4429015712756,37.853243466134394],[-122.44145177808022,37.848555435590065],[-122.43552675473694,37.84741021658075]]]},"properties":{"h3_index":"8828308545fffff","station_count":1,"program_id":"sf_bay","program":"SF Bay","resolution":8,"stations":[{"station_id":"CB019W","station_name":"Central Bay (CB019W)","lat":37.852606,"lon":-122.442053,"county":"MARIN","waterbody":"San Francisco Bay"}]}},{"type":"Feature","geometry":{"type":"Polygon","coordinates":[[[-122.47845104316997,37.86010614563315],[-122.47397742409065,37.86364998816572],[-122.47542859140397,37.86833649816746],[-122.48135371589855,37.869478979562444],[-122.48582712002187,37.86593502060799],[-122.48437561465518,37.86124869669035],[-122.47845104316997,37.86010614563315]]]},"properties":{"h3_index":"8828308553fffff","station_count":3,"program_id":"sf_bay","program":"SF Bay","resolution":8,"stations":[{"station_id":"BC32","station_name":"Richardson Bay (BC32)","lat":37.862,"lon":-122.479,"county":"MARIN","waterbody":"San Francisco Bay"},{"station_id":"BC30","station_name":"Richardson Bay (BC30)","lat":37.862,"lon":-122.479,"county":"MARIN","waterbody":"San Francisco Bay"},{"station_id":"CB035W","station_name":"Central Bay (CB035W)","lat":37.86403,"lon":-122.4843,"county":"MARIN","waterbody":"San Francisco Bay"}]}},{"type":"Feature","geometry":{"type":"Polygon","coordinates":[[[-122.4680524299531,37.862506945256264],[-122.46357805020334,37.866050481889545],[-122.4650288792813,37.870737177881516],[-122.47095442639294,37.871880151259916],[-122.47542859140397,37.86833649816746],[-122.47397742409065,37.86364998816572],[-122.4680524299531,37.862506945256264]]]},"properties":{"h3_index":"8828308557fffff","station_count":1,"program_id":"sf_bay","program":"SF Bay","resolution":8,"stations":[{"station_id":"CB19","station_name":"SF Bay RMP - Central Bay 19","lat":37.867506,"lon":-122.467395,"county":"MARIN"}]}},{"type":"Feature","geometry":{"type":"Polygon","coordinates":[[[-122.46370031580327,37.84844537647417],[-122.45922626736777,37.8519889860044],[-122.46067674425898,37.85667638589675],[-122.46660160784756,37.85781999024488],[-122.47107544169762,37.85427626418707],[-122.46962462659312,37.84958905031862],[-122.46370031580327,37.84844537647417]]]},"properties":{"h3_index":"882830855dfffff","station_count":1,"program_id":"sf_bay","program":"SF Bay","resolution":8,"stations":[{"station_id":"CB003W","station_name":"Central Bay (CB003W)","lat":37.851147,"lon":-122.469274,"county":"MARIN","waterbody":"San Francisco Bay"}]}},{"type":"Feature","geometry":{"type":"Polygon","coordinates":[[[-122.47506759982559,37.92113431919279],[-122.47059113338948,37.924677254533435],[-122.47204303382443,37.92936131581201],[-122.47797173924987,37.930502255998334],[-122.48244799055082,37.926959204433956],[-122.4809957516102,37.92227532891694],[-122.47506759982559,37.92113431919279]]]},"properties":{"h3_index":"88283085a1fffff","station_count":1,"program_id":"sf_bay","program":"SF Bay","resolution":8,"stations":[{"station_id":"CB043W","station_name":"Central Bay (CB043W)","lat":37.927139,"lon":-122.481115,"county":"MARIN"}]}},{"type":"Feature","geometry":{"type":"Polygon","coordinates":[[[-122.48982885713224,37.932783081505846],[-122.48535282115208,37.93632624924121],[-122.48680541283747,37.94100941842351],[-122.4927343788971,37.94214923405888],[-122.49721019937085,37.93860595020529],[-122.49575726934012,37.93392296684449],[-122.48982885713224,37.932783081505846]]]},"properties":{"h3_index":"88283085b5fffff","station_count":1,"program_id":"sf_bay","program":"SF Bay","resolution":8,"stations":[{"station_id":"CB043S","station_name":"Central Bay (CB043S)","lat":37.938374,"lon":-122.496085,"county":"MARIN","waterbody":"San Francisco Bay"}]}},{"type":"Feature","geometry":{"type":"Polygon","coordinates":[[[-122.49721019937085,37.93860595020529],[-122.4927343788971,37.94214923405888],[-122.49418731619775,37.94683195700113],[-122.50011641228593,37.947971210248326],[-122.50459201706762,37.94442781032929],[-122.5031387415019,37.939745273238444],[-122.49721019937085,37.93860595020529]]]},"properties":{"h3_index":"88283085b7fffff","station_count":1,"program_id":"sf_bay","program":"SF Bay","resolution":8,"stations":[{"station_id":"CB22","station_name":"SF Bay RMP - Central Bay 22","lat":37.940228,"lon":-122.499832,"county":"MARIN"}]}},{"type":"Feature","geometry":{"type":"Polygon","coordinates":[[[-122.4928517620702,37.924556293714005],[-122.48837627264321,37.92809965200296],[-122.48982885713224,37.932783081505846],[-122.49575726934012,37.93392296684449],[-122.50023254322883,37.930379492422034],[-122.49877962049662,37.92569624880437],[-122.4928517620702,37.924556293714005]]]},"properties":{"h3_index":"88283085bdfffff","station_count":1,"program_id":"sf_bay","program":"SF Bay","resolution":8,"stations":[{"station_id":"CB25","station_name":"SF Bay RMP - Central Bay 25","lat":37.929527,"lon":-122.499415,"county":"MARIN"}]}},{"type":"Feature","geometry":{"type":"Polygon","coordinates":[[[-122.47071227225989,37.90708064925277],[-122.46623613733148,37.910623658824605],[-122.46768768515537,37.915308425985714],[-122.47361570644,37.91644999778965],[-122.47809162638686,37.91290687192601],[-122.4766397400793,37.90822229056017],[-122.47071227225989,37.90708064925277]]]},"properties":{"h3_index":"88283085e7fffff","station_count":1,"program_id":"sf_bay","program":"SF Bay","resolution":8,"stations":[{"station_id":"CB29","station_name":"SF Bay RMP - Central Bay 29","lat":37.91195,"lon":-122.473718,"county":"MARIN"}]}},{"type":"Feature","geometry":{"type":"Polygon","coordinates":[[[-122.50562888018678,37.786012849260935],[-122.5011601700556,37.789558387276166],[-122.50261127267085,37.794247222028964],[-122.50853142260277,37.795390332117826],[-122.51299991749195,37.79184467753932],[-122.51154847773975,37.78715602944511],[-122.50562888018678,37.786012849260935]]]},"properties":{"h3_index":"8828308665fffff","station_count":1,"program_id":"sf_bay","program":"SF Bay","resolution":8,"stations":[{"station_id":"MBNMS29","station_name":"MMP - Monterey Bay NMS 29","lat":37.793545,"lon":-122.502957,"county":"SAN FRANCISCO"}]}},{"type":"Feature","geometry":{"type":"Polygon","coordinates":[[[-122.44460250447797,37.82271423677469],[-122.44012835907024,37.82625768555663],[-122.44157779357167,37.83094667778156],[-122.44750171188012,37.83209203523733],[-122.45197564322592,37.828548469753684],[-122.45052587037372,37.823859663525894],[-122.44460250447797,37.82271423677469]]]},"properties":{"h3_index":"8828308721fffff","station_count":1,"program_id":"sf_bay","program":"SF Bay","resolution":8,"stations":[{"station_id":"CB047W","station_name":"Central Bay (CB047W)","lat":37.828308,"lon":-122.441483,"county":"SAN FRANCISCO"}]}},{"type":"Feature","geometry":{"type":"Polygon","coordinates":[[[-122.43722984192229,37.81687899853032],[-122.43275548263779,37.820422330557776],[-122.43420457197227,37.825111767049385],[-122.44012835907024,37.82625768555663],[-122.44460250447797,37.82271423677469],[-122.44315307671299,37.81802498624994],[-122.43722984192229,37.81687899853032]]]},"properties":{"h3_index":"882830872dfffff","station_count":1,"program_id":"sf_bay","program":"SF Bay","resolution":8,"stations":[{"station_id":"CB015W","station_name":"Central Bay (CB015W)","lat":37.823003,"lon":-122.434953,"county":"SAN FRANCISCO","waterbody":"San Francisco Bay"}]}},{"type":"Feature","geometry":{"type":"Polygon","coordinates":[[[-122.47276779789676,37.823749661957805],[-122.46829538647278,37.827293838451126],[-122.46974584249499,37.83198201413155],[-122.47566904789721,37.833125827113186],[-122.48014124463981,37.82958153404529],[-122.47869045071012,37.82489354458024],[-122.47276779789676,37.823749661957805]]]},"properties":{"h3_index":"8828308739fffff","station_count":1,"program_id":"sf_bay","program":"SF Bay","resolution":8,"stations":[{"station_id":"BC21","station_name":"Horseshoe Bay (BC21)","lat":37.831,"lon":-122.4775,"county":"SAN FRANCISCO","waterbody":"San Francisco Bay"}]}},{"type":"Feature","geometry":{"type":"Polygon","coordinates":[[[-122.41525842353026,37.98008751901025],[-122.41077562937048,37.983628072748026],[-122.4122262131972,37.98831131046228],[-122.41815993108158,37.98945380944498],[-122.42264251117219,37.98591313942501],[-122.42119158749631,37.981230086714554],[-122.41525842353026,37.98008751901025]]]},"properties":{"h3_index":"8828308c8bfffff","station_count":1,"program_id":"sf_bay","program":"SF Bay","resolution":8,"stations":[{"station_id":"SPB028W","station_name":"San Pablo Bay (SPB028W)","lat":37.98217,"lon":-122.416504,"county":"CONTRA COSTA","waterbody":"San Francisco Bay"}]}},{"type":"Feature","geometry":{"type":"Polygon","coordinates":[[[-122.430027077259,37.99173775067837],[-122.42554471142368,37.99527853692813],[-122.42699598802425,37.99996088161315],[-122.43292997019795,38.001102254994215],[-122.43741212159188,37.997561352567104],[-122.43596050530222,37.99287919294626],[-122.430027077259,37.99173775067837]]]},"properties":{"h3_index":"8828308c91fffff","station_count":1,"program_id":"sf_bay","program":"SF Bay","resolution":8,"stations":[{"station_id":"SPB021S","station_name":"San Pablo Bay (SPB021S)","lat":37.999989,"lon":-122.429704,"county":"MARIN","waterbody":"San Francisco Bay"}]}},{"type":"Feature","geometry":{"type":"Polygon","coordinates":[[[-122.38835511447026,38.00132833066277],[-122.38386970260873,38.00486787944361],[-122.3853196186274,38.009550963446316],[-122.39125528697559,38.01069431398975],[-122.39574048527078,38.00715464888214],[-122.39429022883283,38.002471749567924],[-122.38835511447026,38.00132833066277]]]},"properties":{"h3_index":"8828308ca3fffff","station_count":1,"program_id":"sf_bay","program":"SF Bay","resolution":8,"stations":[{"station_id":"SPB036W","station_name":"San Pablo Bay (SPB036W)","lat":38.005472,"lon":-122.386783,"county":"CONTRA COSTA","waterbody":"San Francisco Bay"}]}},{"type":"Feature","geometry":{"type":"Polygon","coordinates":[[[-122.37793416750401,38.00372396603336],[-122.3734479945177,38.00726320486629],[-122.37489756993463,38.01194647346344],[-122.38083365898837,38.01309031864329],[-122.3853196186274,38.009550963446316],[-122.38386970260873,38.00486787944361],[-122.37793416750401,38.00372396603336]]]},"properties":{"h3_index":"8828308ca7fffff","station_count":1,"program_id":"sf_bay","program":"SF Bay","resolution":8,"stations":[{"station_id":"SPB052W","station_name":"San Pablo Bay (SPB052W)","lat":38.005804,"lon":-122.378393}]}},{"type":"Feature","geometry":{"type":"Polygon","coordinates":[[[-122.43608763345966,37.97529012676453],[-122.43160636235235,37.97883129799231],[-122.4330576256949,37.98351416560505],[-122.43899049967767,37.98465567680844],[-122.44347155627887,37.981114389373204],[-122.44201995345215,37.97643170695204],[-122.43608763345966,37.97529012676453]]]},"properties":{"h3_index":"8828308cd3fffff","station_count":1,"program_id":"sf_bay","program":"SF Bay","resolution":8,"stations":[{"station_id":"SPB012W","station_name":"San Pablo Bay (SPB012W)","lat":37.977658,"lon":-122.439364,"county":"MARIN","waterbody":"San Francisco Bay"}]}},{"type":"Feature","geometry":{"type":"Polygon","coordinates":[[[-122.41829009298216,37.97186327364513],[-122.41380784617088,37.97540401994679],[-122.41525842353026,37.98008751901025],[-122.42119158749631,37.981230086714554],[-122.42567362020591,37.977689224115615],[-122.42422270309986,37.97300591011968],[-122.41829009298216,37.97186327364513]]]},"properties":{"h3_index":"8828308cd5fffff","station_count":1,"program_id":"sf_bay","program":"SF Bay","resolution":8,"stations":[{"station_id":"SPB004S","station_name":"San Pablo Bay (SPB004S)","lat":37.977066,"lon":-122.424584,"county":"CONTRA COSTA","waterbody":"San Francisco Bay"}]}},{"type":"Feature","geometry":{"type":"Polygon","coordinates":[[[-122.4391171006811,37.967065634528296],[-122.43463637678943,37.970606997930005],[-122.43608763345966,37.97529012676453],[-122.44201995345215,37.97643170695204],[-122.44650046280536,37.972890227327774],[-122.4450488667533,37.96820728374854],[-122.4391171006811,37.967065634528296]]]},"properties":{"h3_index":"8828308cdbfffff","station_count":1,"program_id":"sf_bay","program":"SF Bay","resolution":8,"stations":[{"station_id":"SPB028S","station_name":"San Pablo Bay (SPB028S)","lat":37.973961,"lon":-122.440084,"county":"CONTRA COSTA","waterbody":"San Francisco Bay"}]}},{"type":"Feature","geometry":{"type":"Polygon","coordinates":[[[-122.32885328363716,38.00746773412055],[-122.32436385540194,38.01100561427525],[-122.32581171948533,38.01569006661394],[-122.33174935326392,38.01683645462077],[-122.3362385692158,38.01329845790132],[-122.33479036372117,38.00861418974991],[-122.32885328363716,38.00746773412055]]]},"properties":{"h3_index":"8828308d87fffff","station_count":1,"program_id":"sf_bay","program":"SF Bay","resolution":8,"stations":[{"station_id":"SPB038S","station_name":"San Pablo Bay (SPB038S)","lat":38.015316,"lon":-122.327012,"county":"CONTRA COSTA","waterbody":"San Francisco Bay"}]}},{"type":"Feature","geometry":{"type":"Polygon","coordinates":[[[-122.31538369067202,38.018080868884894],[-122.31089295416054,38.021618243154954],[-122.31234048213524,38.02630261734159],[-122.31827908836661,38.027449433238985],[-122.32276961284774,38.023911942382064],[-122.32132174317655,38.01922775222473],[-122.31538369067202,38.018080868884894]]]},"properties":{"h3_index":"8828308da3fffff","station_count":1,"program_id":"sf_bay","program":"SF Bay","resolution":8,"stations":[{"station_id":"SPB006S","station_name":"San Pablo Bay (SPB006S)","lat":38.024599,"lon":-122.313272,"county":"CONTRA COSTA","waterbody":"San Francisco Bay"}]}},{"type":"Feature","geometry":{"type":"Polygon","coordinates":[[[-122.29756896718897,38.01463810226658],[-122.29307725900543,38.01817504828809],[-122.29452409776094,38.0228600526227],[-122.30046298670706,38.02400792704166],[-122.30495448326671,38.02047086434439],[-122.30350730255289,38.01578604391403],[-122.29756896718897,38.01463810226658]]]},"properties":{"h3_index":"8828308da5fffff","station_count":1,"program_id":"sf_bay","program":"SF Bay","resolution":8,"stations":[{"station_id":"SPB128","station_name":"SF Bay RMP - San Pablo Bay SPB128","lat":38.01565,"lon":-122.30025,"county":"CONTRA COSTA"}]}},{"type":"Feature","geometry":{"type":"Polygon","coordinates":[[[-122.3362385692158,38.01329845790132],[-122.33174935326392,38.01683645462077],[-122.33319756444914,38.021520460654486],[-122.33913533296658,38.02266628576097],[-122.3436243364487,38.01912817252877],[-122.34217578393182,38.01444435071295],[-122.3362385692158,38.01329845790132]]]},"properties":{"h3_index":"8828308db9fffff","station_count":1,"program_id":"sf_bay","program":"SF Bay","resolution":8,"stations":[{"station_id":"SPB002S","station_name":"San Pablo Bay (SPB002S)","lat":38.016407,"lon":-122.341282,"county":"CONTRA COSTA","waterbody":"San Francisco Bay"}]}},{"type":"Feature","geometry":{"type":"Polygon","coordinates":[[[-122.35881843085934,37.9780129671037],[-122.35433216659492,37.98155205005508],[-122.35578069576341,37.98623691911908],[-122.36171582998334,37.987382520674934],[-122.36620188142636,37.98384332118788],[-122.3647530115196,37.979158636690705],[-122.35881843085934,37.9780129671037]]]},"properties":{"h3_index":"8828308dd9fffff","station_count":1,"program_id":"sf_bay","program":"SF Bay","resolution":8,"stations":[{"station_id":"200PPCPSLB","station_name":"PPCP - San Leandro Bay","lat":37.981717,"lon":-122.364967,"county":"CONTRA COSTA"}]}},{"type":"Feature","geometry":{"type":"Polygon","coordinates":[[[-122.36620188142636,37.98384332118788],[-122.36171582998334,37.987382520674934],[-122.36316470587352,37.99206694366581],[-122.36909997391406,37.99321198258235],[-122.37358581234946,37.989672666611824],[-122.37213659580071,37.98498842821827],[-122.36620188142636,37.98384332118788]]]},"properties":{"h3_index":"8828308ddbfffff","station_count":1,"program_id":"sf_bay","program":"SF Bay","resolution":8,"stations":[{"station_id":"SPB030S","station_name":"San Pablo Bay (SPB030S)","lat":37.986222,"lon":-122.371853,"county":"CONTRA COSTA","waterbody":"San Francisco Bay"}]}},{"type":"Feature","geometry":{"type":"Polygon","coordinates":[[[-122.37441173455214,37.8840781923836],[-122.36993051557755,37.88761896547663],[-122.37137829235085,37.89230733114868],[-122.37730762801982,37.8934547385944],[-122.3817886342164,37.889913848708204],[-122.38034051757062,37.88522566817948],[-122.37441173455214,37.8840781923836]]]},"properties":{"h3_index":"8828308e01fffff","station_count":1,"program_id":"sf_bay","program":"SF Bay","resolution":8,"stations":[{"station_id":"CB041W","station_name":"Central Bay (CB041W)","lat":37.890515,"lon":-122.373112,"county":"CONTRA COSTA"}]}},{"type":"Feature","geometry":{"type":"Polygon","coordinates":[[[-122.40695287188093,37.899186501473096],[-122.40247305175829,37.902727932665506],[-122.4039222061432,37.90741477821052],[-122.40985152015104,37.90856000724428],[-122.4143311267204,37.905018459453174],[-122.41288163288378,37.90033179923697],[-122.40695287188093,37.899186501473096]]]},"properties":{"h3_index":"8828308e13fffff","station_count":1,"program_id":"sf_bay","program":"SF Bay","resolution":8,"stations":[{"station_id":"CB055S","station_name":"Central Bay (CB055S)","lat":37.9034,"lon":-122.40408,"county":"CONTRA COSTA"}]}},{"type":"Feature","geometry":{"type":"Polygon","coordinates":[[[-122.40260578004154,37.88512448066557],[-122.39812629304605,37.88866598622233],[-122.39957509522213,37.89335353661726],[-122.40550372387145,37.89449939610319],[-122.40998299746678,37.89095777387975],[-122.40853385586156,37.886270408847054],[-122.40260578004154,37.88512448066557]]]},"properties":{"h3_index":"8828308e19fffff","station_count":1,"program_id":"sf_bay","program":"SF Bay","resolution":8,"stations":[{"station_id":"CB023S","station_name":"Central Bay (CB023S)","lat":37.887327,"lon":-122.400313,"county":"SAN FRANCISCO","waterbody":"San Francisco Bay"}]}},{"type":"Feature","geometry":{"type":"Polygon","coordinates":[[[-122.40998299746678,37.89095777387975],[-122.40550372387145,37.89449939610319],[-122.40695287188093,37.899186501473096],[-122.41288163288378,37.90033179923697],[-122.41736069289334,37.896790060399425],[-122.41591120553443,37.89210314042209],[-122.40998299746678,37.89095777387975]]]},"properties":{"h3_index":"8828308e1bfffff","station_count":1,"program_id":"sf_bay","program":"SF Bay","resolution":8,"stations":[{"station_id":"CB055W","station_name":"Central Bay (CB055W)","lat":37.894521,"lon":-122.414973}]}},{"type":"Feature","geometry":{"type":"Polygon","coordinates":[[[-122.34751789159759,37.90532033145226],[-122.34303406092046,37.908860104101954],[-122.34448116901237,37.913548319848836],[-122.35041244827104,37.914696578129],[-122.35489606667309,37.911156688643196],[-122.3534486181401,37.906468657723366],[-122.34751789159759,37.90532033145226]]]},"properties":{"h3_index":"8828308e27fffff","station_count":1,"program_id":"sf_bay","program":"SF Bay","resolution":8,"stations":[{"station_id":"CB10","station_name":"SF Bay RMP - Central Bay 10","lat":37.906718,"lon":-122.346692,"county":"CONTRA COSTA"}]}},{"type":"Feature","geometry":{"type":"Polygon","coordinates":[[[-122.35358971379493,37.88886299892322],[-122.34910697666652,37.892403155343864],[-122.35055407314924,37.897091891019514],[-122.35648424704517,37.898240285329926],[-122.36096677183264,37.89470001204231],[-122.3595193351137,37.89001146132128],[-122.35358971379493,37.88886299892322]]]},"properties":{"h3_index":"8828308e29fffff","station_count":1,"program_id":"sf_bay","program":"SF Bay","resolution":8,"stations":[{"station_id":"CB001W","station_name":"Central Bay (CB001W)","lat":37.891513,"lon":-122.350552,"county":"CONTRA COSTA","waterbody":"San Francisco Bay"}]}},{"type":"Feature","geometry":{"type":"Polygon","coordinates":[[[-122.37875575079187,37.898142659431166],[-122.37427419796869,37.90168335791175],[-122.37572232683807,37.906371018894376],[-122.38165234847456,37.90751779629643],[-122.38613368836678,37.90397698109056],[-122.38468521960208,37.89928950521794],[-122.37875575079187,37.898142659431166]]]},"properties":{"h3_index":"8828308e39fffff","station_count":1,"program_id":"sf_bay","program":"SF Bay","resolution":8,"stations":[{"station_id":"CB38","station_name":"SF Bay RMP - Central Bay 38","lat":37.901622,"lon":-122.377097,"county":"CONTRA COSTA"}]}},{"type":"Feature","geometry":{"type":"Polygon","coordinates":[[[-122.37310169431537,37.86178124496645],[-122.36862135557503,37.865322283331466],[-122.37006877435559,37.87001161253767],[-122.37599687167234,37.87115971814848],[-122.38047699775478,37.8676185629068],[-122.37902923922684,37.862929418940965],[-122.37310169431537,37.86178124496645]]]},"properties":{"h3_index":"8828308e41fffff","station_count":1,"program_id":"sf_bay","program":"SF Bay","resolution":8,"stations":[{"station_id":"CB025S","station_name":"Central Bay (CB025S)","lat":37.867532,"lon":-122.379142,"county":"SAN FRANCISCO","waterbody":"San Francisco Bay"}]}},{"type":"Feature","geometry":{"type":"Polygon","coordinates":[[[-122.38047699775478,37.8676185629068],[-122.37599687167234,37.87115971814848],[-122.377444636311,37.87584860284536],[-122.38337286674853,37.87699614703966],[-122.38785277998758,37.87345487497378],[-122.386404675681,37.8687661755478],[-122.38047699775478,37.8676185629068]]]},"properties":{"h3_index":"8828308e43fffff","station_count":1,"program_id":"sf_bay","program":"SF Bay","resolution":8,"stations":[{"station_id":"CB057S","station_name":"Central Bay (CB057S)","lat":37.876482,"lon":-122.381732,"county":"CONTRA COSTA"}]}},{"type":"Feature","geometry":{"type":"Polygon","coordinates":[[[-122.36269339157072,37.8641736163808],[-122.35821229402681,37.867714346878806],[-122.35965937287823,37.87240386123099],[-122.3655878892512,37.87355245994921],[-122.37006877435559,37.87001161253767],[-122.36862135557503,37.865322283331466],[-122.36269339157072,37.8641736163808]]]},"properties":{"h3_index":"8828308e45fffff","station_count":1,"program_id":"sf_bay","program":"SF Bay","resolution":8,"stations":[{"station_id":"CB033S","station_name":"Central Bay (CB033S)","lat":37.866848,"lon":-122.363862,"county":"ALAMEDA","waterbody":"San Francisco Bay"}]}},{"type":"Feature","geometry":{"type":"Polygon","coordinates":[[[-122.37006877435559,37.87001161253767],[-122.3655878892512,37.87355245994921],[-122.36703531404017,37.878241529822645],[-122.37296396383171,37.879389567118],[-122.377444636311,37.87584860284536],[-122.37599687167234,37.87115971814848],[-122.37006877435559,37.87001161253767]]]},"properties":{"h3_index":"8828308e47fffff","station_count":1,"program_id":"sf_bay","program":"SF Bay","resolution":8,"stations":[{"station_id":"CB033W","station_name":"Central Bay (CB033W)","lat":37.87172,"lon":-122.36898,"county":"CONTRA COSTA","waterbody":"San Francisco Bay"}]}},{"type":"Feature","geometry":{"type":"Polygon","coordinates":[[[-122.40866552961172,37.86866501802652],[-122.40418713531007,37.87220690498288],[-122.40563592479559,37.876894974344395],[-122.41156344785605,37.87804097126973],[-122.41604162869257,37.8744989676157],[-122.41459249998233,37.86981108374399],[-122.40866552961172,37.86866501802652]]]},"properties":{"h3_index":"8828308e5bfffff","station_count":1,"program_id":"sf_bay","program":"SF Bay","resolution":8,"stations":[{"station_id":"CB023W","station_name":"Central Bay (CB023W)","lat":37.872739,"lon":-122.407733,"county":"SAN FRANCISCO","waterbody":"San Francisco Bay"}]}},{"type":"Feature","geometry":{"type":"Polygon","coordinates":[[[-122.33883703763848,37.877185954327366],[-122.33435387638536,37.88072587685707],[-122.33580028053473,37.88541550169382],[-122.3417301863807,37.886565019117604],[-122.34621313566433,37.88302497961627],[-122.34476639112002,37.87833553967285],[-122.33883703763848,37.877185954327366]]]},"properties":{"h3_index":"8828308e65fffff","station_count":1,"program_id":"sf_bay","program":"SF Bay","resolution":8,"stations":[{"station_id":"CB049S","station_name":"Central Bay (CB049S)","lat":37.880122,"lon":-122.339972,"county":"ALAMEDA"}]}},{"type":"Feature","geometry":{"type":"Polygon","coordinates":[[[-122.34621313566433,37.88302497961627],[-122.3417301863807,37.886565019117604],[-122.34317693669972,37.891254199438364],[-122.34910697666652,37.892403155343864],[-122.35358971379493,37.88886299892322],[-122.35214262316032,37.88417400352645],[-122.34621313566433,37.88302497961627]]]},"properties":{"h3_index":"8828308e67fffff","station_count":1,"program_id":"sf_bay","program":"SF Bay","resolution":8,"stations":[{"station_id":"BC41","station_name":"Point Isabel (BC41)","lat":37.887,"lon":-122.343,"county":"ALAMEDA","waterbody":"San Francisco Bay"}]}},{"type":"Feature","geometry":{"type":"Polygon","coordinates":[[[-122.35965937287823,37.87240386123099],[-122.3551777289046,37.87594440058046],[-122.3566248136621,37.88063365553611],[-122.36255388247324,37.881782186070105],[-122.36703531404017,37.878241529822645],[-122.3655878892512,37.87355245994921],[-122.35965937287823,37.87240386123099]]]},"properties":{"h3_index":"8828308e6bfffff","station_count":1,"program_id":"sf_bay","program":"SF Bay","resolution":8,"stations":[{"station_id":"CB001S","station_name":"Central Bay (CB001S)","lat":37.876311,"lon":-122.361502,"county":"ALAMEDA","waterbody":"San Francisco Bay"}]}},{"type":"Feature","geometry":{"type":"Polygon","coordinates":[[[-122.45861068644392,37.93998905149136],[-122.45413236509378,37.943531297770946],[-122.45558394064908,37.94821502385535],[-122.46151417649561,37.949356318129865],[-122.46599228299247,37.94581395561965],[-122.46454036854482,37.9411304150755],[-122.45861068644392,37.93998905149136]]]},"properties":{"h3_index":"8828308e93fffff","station_count":1,"program_id":"sf_bay","program":"SF Bay","resolution":8,"stations":[{"station_id":"CB011W","station_name":"Central Bay (CB011W)","lat":37.947844,"lon":-122.463365,"county":"MARIN","waterbody":"San Francisco Bay"}]}},{"type":"Feature","geometry":{"type":"Polygon","coordinates":[[[-122.44082105724394,37.93656285018486],[-122.43634175995652,37.94010467252716],[-122.43779265049484,37.94478903004989],[-122.44372317752402,37.945931379823996],[-122.44820226036192,37.94238944116106],[-122.44675103066884,37.937705269054646],[-122.44082105724394,37.93656285018486]]]},"properties":{"h3_index":"8828308e95fffff","station_count":1,"program_id":"sf_bay","program":"SF Bay","resolution":8,"stations":[{"station_id":"CB027S","station_name":"Central Bay (CB027S)","lat":37.943364,"lon":-122.443364,"county":"MARIN","waterbody":"San Francisco Bay"}]}},{"type":"Feature","geometry":{"type":"Polygon","coordinates":[[[-122.41261959887038,37.93553091336305],[-122.40813856567112,37.93907200325279],[-122.40958843124471,37.9437571771296],[-122.41551966966534,37.944901075928506],[-122.42000048903728,37.94135986959106],[-122.41855028386455,37.936674880912435],[-122.41261959887038,37.93553091336305]]]},"properties":{"h3_index":"8828308eabfffff","station_count":1,"program_id":"sf_bay","program":"SF Bay","resolution":8,"stations":[{"station_id":"CB45","station_name":"SF Bay RMP - Central Bay 45","lat":37.943148,"lon":-122.411946,"county":"CONTRA COSTA"}]}},{"type":"Feature","geometry":{"type":"Polygon","coordinates":[[[-122.42170985954229,37.910849410352746],[-122.41723046671189,37.91439107469003],[-122.41868031289161,37.91907702960246],[-122.42460989124254,37.92022113479819],[-122.42908907014834,37.91667935396728],[-122.42763888467641,37.911993584444275],[-122.42170985954229,37.910849410352746]]]},"properties":{"h3_index":"8828308ec7fffff","station_count":1,"program_id":"sf_bay","program":"SF Bay","resolution":8,"stations":[{"station_id":"CB031W","station_name":"Central Bay (CB031W)","lat":37.91483,"lon":-122.4251,"county":"CONTRA COSTA","waterbody":"San Francisco Bay"}]}},{"type":"Feature","geometry":{"type":"Polygon","coordinates":[[[-122.44990303755712,37.911881601303676],[-122.44542538033741,37.915423996969565],[-122.44687625064753,37.92010913543968],[-122.45280511707402,37.92125169264627],[-122.45728255974753,37.917709180613876],[-122.45583135058943,37.91302422775133],[-122.44990303755712,37.911881601303676]]]},"properties":{"h3_index":"8828308ed1fffff","station_count":1,"program_id":"sf_bay","program":"SF Bay","resolution":8,"stations":[{"station_id":"CB027W","station_name":"Central Bay (CB027W)","lat":37.917687,"lon":-122.446544,"county":"MARIN","waterbody":"San Francisco Bay"}]}},{"type":"Feature","geometry":{"type":"Polygon","coordinates":[[[-122.4394966451986,37.91428087774419],[-122.4350182270601,37.91782296610871],[-122.43646875834006,37.92250829009245],[-122.44239804683734,37.923651340207996],[-122.44687625064753,37.92010913543968],[-122.44542538033741,37.915423996969565],[-122.4394966451986,37.91428087774419]]]},"properties":{"h3_index":"8828308ed5fffff","station_count":2,"program_id":"sf_bay","program":"SF Bay","resolution":8,"stations":[{"station_id":"BC60","station_name":"Red Rock (BC60)","lat":37.918,"lon":-122.436,"county":"MARIN","waterbody":"San Francisco Bay"},{"station_id":"CB035S","station_name":"Central Bay (CB035S)","lat":37.919228,"lon":-122.440634,"county":"MARIN","waterbody":"San Francisco Bay"}]}},{"type":"Feature","geometry":{"type":"Polygon","coordinates":[[[-122.40089100012605,37.91564260371954],[-122.39641008665296,37.919183652218685],[-122.39785925370208,37.923869977627774],[-122.40378967392925,37.925015069346465],[-122.40827037391415,37.9214739042794],[-122.40682086720871,37.916787764071564],[-122.40089100012605,37.91564260371954]]]},"properties":{"h3_index":"8828308ee1fffff","station_count":2,"program_id":"sf_bay","program":"SF Bay","resolution":8,"stations":[{"station_id":"CB007S","station_name":"Central Bay (CB007S)","lat":37.918645,"lon":-122.400013,"county":"CONTRA COSTA","waterbody":"San Francisco Bay"},{"station_id":"CB007W","station_name":"Central Bay (CB007W)","lat":37.916638,"lon":-122.400313,"county":"CONTRA COSTA","waterbody":"San Francisco Bay"}]}},{"type":"Feature","geometry":{"type":"Polygon","coordinates":[[[-122.39785925370208,37.923869977627774],[-122.39337779340576,37.927410834464716],[-122.39482696674364,37.93209689956295],[-122.40075794018516,37.933241922696745],[-122.40523918702586,37.92970094930718],[-122.40378967392925,37.925015069346465],[-122.39785925370208,37.923869977627774]]]},"properties":{"h3_index":"8828308ee7fffff","station_count":1,"program_id":"sf_bay","program":"SF Bay","resolution":8,"stations":[{"station_id":"CB26","station_name":"SF Bay RMP - Central Bay 26","lat":37.929034,"lon":-122.399457,"county":"CONTRA COSTA"}]}},{"type":"Feature","geometry":{"type":"Polygon","coordinates":[[[-122.41130102043647,37.913246407537294],[-122.40682086720871,37.916787764071564],[-122.40827037391415,37.9214739042794],[-122.41420037337029,37.92261850266756],[-122.41868031289161,37.91907702960246],[-122.41723046671189,37.91439107469003],[-122.41130102043647,37.913246407537294]]]},"properties":{"h3_index":"8828308eebfffff","station_count":1,"program_id":"sf_bay","program":"SF Bay","resolution":8,"stations":[{"station_id":"CB039S","station_name":"Central Bay (CB039S)","lat":37.918882,"lon":-122.417403,"county":"CONTRA COSTA","waterbody":"San Francisco Bay"}]}},{"type":"Feature","geometry":{"type":"Polygon","coordinates":[[[-122.33406509361717,37.915939148115946],[-122.32957995697413,37.919478419295245],[-122.3310267301016,37.92416655950349],[-122.33695898064616,37.92531524387361],[-122.34144390526605,37.92177585583671],[-122.33999679141313,37.91708790029736],[-122.33406509361717,37.915939148115946]]]},"properties":{"h3_index":"8828308f13fffff","station_count":1,"program_id":"sf_bay","program":"SF Bay","resolution":8,"stations":[{"station_id":"MeekerSlough_Regatta","station_name":"Meeker Slough at Regatta Blvd","lat":37.917861,"lon":-122.338383,"county":"CONTRA COSTA"}]}},{"type":"Feature","geometry":{"type":"Polygon","coordinates":[[[-122.32972514323926,37.901873241746856],[-122.32524034171351,37.90541258839714],[-122.32668676279253,37.91010143368789],[-122.33261832614825,37.91125074763641],[-122.33710291580368,37.90771128406089],[-122.33565615402233,37.90302262347212],[-122.32972514323926,37.901873241746856]]]},"properties":{"h3_index":"8828308f19fffff","station_count":1,"program_id":"sf_bay","program":"SF Bay","resolution":8,"stations":[{"station_id":"CB42","station_name":"SF Bay RMP - Central Bay 42","lat":37.905501,"lon":-122.332335,"county":"CONTRA COSTA"}]}},{"type":"Feature","geometry":{"type":"Polygon","coordinates":[[[-122.31930891298981,37.904262712758324],[-122.31482335285828,37.90780175006579],[-122.31626943305317,37.912490779963996],[-122.32220141431229,37.91364058795736],[-122.32668676279253,37.91010143368789],[-122.32524034171351,37.90541258839714],[-122.31930891298981,37.904262712758324]]]},"properties":{"h3_index":"8828308f1dfffff","station_count":1,"program_id":"sf_bay","program":"SF Bay","resolution":8,"stations":[{"station_id":"PTISO","station_name":"Point Isabel Offshore Mudflat-PTISO","lat":37.90505,"lon":-122.322283,"county":"CONTRA COSTA","waterbody":"San Francisco Bay"}]}},{"type":"Feature","geometry":{"type":"Polygon","coordinates":[[[-122.30759471138785,37.884353077707885],[-122.3031092753662,37.88789207326926],[-122.30455465724044,37.892582252218816],[-122.31048581612495,37.8937332510074],[-122.31497104083383,37.890194138364194],[-122.31352531801951,37.88550414402432],[-122.30759471138785,37.884353077707885]]]},"properties":{"h3_index":"8828308f43fffff","station_count":1,"program_id":"sf_bay","program":"SF Bay","resolution":8,"stations":[{"station_id":"ALBUL","station_name":"Albany Bulb-ALBUL","lat":37.88875,"lon":-122.30985,"county":"ALAMEDA","waterbody":"San Francisco Bay"}]}},{"type":"Feature","geometry":{"type":"Polygon","coordinates":[[[-122.31063422417279,37.87612345135755],[-122.30614933490756,37.87966263904279],[-122.30759471138785,37.884353077707885],[-122.31352531801951,37.88550414402432],[-122.31800999593871,37.88196483924171],[-122.31656427862082,37.87727458525012],[-122.31063422417279,37.87612345135755]]]},"properties":{"h3_index":"8828308f4bfffff","station_count":1,"program_id":"sf_bay","program":"SF Bay","resolution":8,"stations":[{"station_id":"CB03","station_name":"SF Bay RMP - Central Bay 03","lat":37.878131,"lon":-122.310862,"county":"ALAMEDA"}]}},{"type":"Feature","geometry":{"type":"Polygon","coordinates":[[[-122.32538624876163,37.8878052213995],[-122.32090178237426,37.89134464322723],[-122.3223478515168,37.8960341931126],[-122.32827872777438,37.89718413644522],[-122.33276298244417,37.893644597624586],[-122.33131657262253,37.888955232474274],[-122.32538624876163,37.8878052213995]]]},"properties":{"h3_index":"8828308f51fffff","station_count":1,"program_id":"sf_bay","program":"SF Bay","resolution":8,"stations":[{"station_id":"CB14","station_name":"SF Bay RMP - Central Bay 14","lat":37.888461,"lon":-122.326734,"county":"ALAMEDA"}]}},{"type":"Feature","geometry":{"type":"Polygon","coordinates":[[[-122.31497104083383,37.890194138364194],[-122.31048581612495,37.8937332510074],[-122.31193154440662,37.89842298553324],[-122.31786283830655,37.89957342278546],[-122.3223478515168,37.8960341931126],[-122.32090178237426,37.89134464322723],[-122.31497104083383,37.890194138364194]]]},"properties":{"h3_index":"8828308f55fffff","station_count":1,"program_id":"sf_bay","program":"SF Bay","resolution":8,"stations":[{"station_id":"CB30","station_name":"SF Bay RMP - Central Bay 30","lat":37.892829,"lon":-122.312071,"county":"ALAMEDA"}]}},{"type":"Feature","geometry":{"type":"Polygon","coordinates":[[[-122.3223478515168,37.8960341931126],[-122.31786283830655,37.89957342278546],[-122.31930891298981,37.904262712758324],[-122.32524034171351,37.90541258839714],[-122.32972514323926,37.901873241746856],[-122.32827872777438,37.89718413644522],[-122.3223478515168,37.8960341931126]]]},"properties":{"h3_index":"8828308f57fffff","station_count":3,"program_id":"sf_bay","program":"SF Bay","resolution":8,"stations":[{"station_id":"PTISA","station_name":"Point Isabel-PTISA","lat":37.904123,"lon":-122.319317,"county":"CONTRA COSTA","waterbody":"San Francisco Bay"},{"station_id":"CB46","station_name":"SF Bay RMP - Central Bay 46","lat":37.899036,"lon":-122.325568,"county":"CONTRA COSTA"},{"station_id":"04OTH","station_name":"EMBAYSITE-004 (at Pt Isabel)-04OTH","lat":37.90429,"lon":-122.3232,"county":"CONTRA COSTA"}]}},{"type":"Feature","geometry":{"type":"Polygon","coordinates":[[[-122.32842410485188,37.87957579799187],[-122.32394018518895,37.883115411763924],[-122.32538624876163,37.8878052213995],[-122.33131657262253,37.888955232474274],[-122.33580028053473,37.88541550169382],[-122.33435387638536,37.88072587685707],[-122.32842410485188,37.87957579799187]]]},"properties":{"h3_index":"8828308f59fffff","station_count":1,"program_id":"sf_bay","program":"SF Bay","resolution":8,"stations":[{"station_id":"CB017W","station_name":"Central Bay (CB017W)","lat":37.885398,"lon":-122.327361,"county":"ALAMEDA","waterbody":"San Francisco Bay"}]}},{"type":"Feature","geometry":{"type":"Polygon","coordinates":[[[-122.33189702228424,37.63750536973426],[-122.3274237459302,37.641048281284725],[-122.32886657204044,37.64574799422497],[-122.33478301349263,37.646904609634035],[-122.33925607900366,37.64336158023407],[-122.33781291395371,37.6386620532845],[-122.33189702228424,37.63750536973426]]]},"properties":{"h3_index":"8828309007fffff","station_count":1,"program_id":"sf_bay","program":"SF Bay","resolution":8,"stations":[{"station_id":"CB050S","station_name":"Central Bay (CB050S)","lat":37.644362,"lon":-122.337231,"county":"SAN MATEO"}]}},{"type":"Feature","geometry":{"type":"Polygon","coordinates":[[[-122.32756891091503,37.623404770520565],[-122.32309596794354,37.62694775088462],[-122.32453844389411,37.63164815955941],[-122.33045420178104,37.63280540185642],[-122.33492693406109,37.62926230357356],[-122.33348411919384,37.62456208092246],[-122.32756891091503,37.623404770520565]]]},"properties":{"h3_index":"882830900dfffff","station_count":1,"program_id":"sf_bay","program":"SF Bay","resolution":8,"stations":[{"station_id":"CB082S","station_name":"Central Bay (CB082S)","lat":37.625468,"lon":-122.327331,"county":"SAN MATEO","waterbody":"San Francisco Bay"}]}},{"type":"Feature","geometry":{"type":"Polygon","coordinates":[[[-122.36305874703284,37.630343387546155],[-122.35858773598464,37.63388721219784],[-122.36003157837264,37.63858636688129],[-122.36594677025533,37.63974151064764],[-122.37041756980916,37.63619756825523],[-122.36897338902288,37.63149859984713],[-122.36305874703284,37.630343387546155]]]},"properties":{"h3_index":"8828309019fffff","station_count":1,"program_id":"sf_bay","program":"SF Bay","resolution":8,"stations":[{"station_id":"CB008W","station_name":"Central Bay (CB008W)","lat":37.632934,"lon":-122.366842,"county":"SAN MATEO","waterbody":"San Francisco Bay"}]}},{"type":"Feature","geometry":{"type":"Polygon","coordinates":[[[-122.3526726771023,37.63273150961695],[-122.3482009108001,37.636275030132936],[-122.34964441460934,37.640974370996894],[-122.35556002334773,37.64213000517432],[-122.36003157837264,37.63858636688129],[-122.35858773598464,37.63388721219784],[-122.3526726771023,37.63273150961695]]]},"properties":{"h3_index":"882830901dfffff","station_count":1,"program_id":"sf_bay","program":"SF Bay","resolution":8,"stations":[{"station_id":"CB050W","station_name":"Central Bay (CB050W)","lat":37.63793,"lon":-122.3541,"county":"SAN MATEO"}]}},{"type":"Feature","geometry":{"type":"Polygon","coordinates":[[[-122.31111668408933,37.64227604870077],[-122.30664189829322,37.64581835036045],[-122.30808404598264,37.65051843499707],[-122.31400131881699,37.651676032183346],[-122.31847589420488,37.648133612601846],[-122.31703340721484,37.6434337137659],[-122.31111668408933,37.64227604870077]]]},"properties":{"h3_index":"8828309021fffff","station_count":1,"program_id":"sf_bay","program":"SF Bay","resolution":8,"stations":[{"station_id":"CB018S","station_name":"Central Bay (CB018S)","lat":37.648928,"lon":-122.316581,"county":"SAN MATEO","waterbody":"San Francisco Bay"}]}},{"type":"Feature","geometry":{"type":"Polygon","coordinates":[[[-122.32150743836624,37.63989110704519],[-122.31703340721484,37.6434337137659],[-122.31847589420488,37.648133612601846],[-122.32439275151471,37.64929071883135],[-122.32886657204044,37.64574799422497],[-122.3274237459302,37.641048281284725],[-122.32150743836624,37.63989110704519]]]},"properties":{"h3_index":"882830902bfffff","station_count":1,"program_id":"sf_bay","program":"SF Bay","resolution":8,"stations":[{"station_id":"CB046W","station_name":"Central Bay (CB046W)","lat":37.643435,"lon":-122.317291,"county":"SAN MATEO"}]}},{"type":"Feature","geometry":{"type":"Polygon","coordinates":[[[-122.34358627471629,37.65745876879808],[-122.33911287599537,37.661001729017705],[-122.34055639706303,37.66570030446773],[-122.34647365578371,37.66685573371952],[-122.35094684332542,37.66331265577237],[-122.34950298337388,37.65861426631091],[-122.34358627471629,37.65745876879808]]]},"properties":{"h3_index":"8828309033fffff","station_count":1,"program_id":"sf_bay","program":"SF Bay","resolution":8,"stations":[{"station_id":"CB040S","station_name":"Central Bay (CB040S)","lat":37.660015,"lon":-122.342521,"county":"SAN MATEO","waterbody":"San Francisco Bay"}]}},{"type":"Feature","geometry":{"type":"Polygon","coordinates":[[[-122.32886657204044,37.64574799422497],[-122.32439275151471,37.64929071883135],[-122.32583558320314,37.65399017666982],[-122.33175257450695,37.65514672398517],[-122.33622618422253,37.6516038815458],[-122.33478301349263,37.646904609634035],[-122.32886657204044,37.64574799422497]]]},"properties":{"h3_index":"882830903dfffff","station_count":1,"program_id":"sf_bay","program":"SF Bay","resolution":8,"stations":[{"station_id":"CB018W","station_name":"Central Bay (CB018W)","lat":37.6492,"lon":-122.328531,"county":"SAN MATEO","waterbody":"San Francisco Bay"}]}},{"type":"Feature","geometry":{"type":"Polygon","coordinates":[[[-122.33362822994236,37.606916669288076],[-122.32915637476005,37.610460022448436],[-122.33059883955562,37.6151609403047],[-122.33651349829509,37.61631831885888],[-122.34098514272031,37.61277484774647],[-122.33954233921133,37.608074116041884],[-122.33362822994236,37.606916669288076]]]},"properties":{"h3_index":"8828309041fffff","station_count":1,"program_id":"sf_bay","program":"SF Bay","resolution":8,"stations":[{"station_id":"SB011S","station_name":"South Bay (SB011S)","lat":37.610161,"lon":-122.339591,"county":"SAN MATEO","waterbody":"San Francisco Bay"}]}},{"type":"Feature","geometry":{"type":"Polygon","coordinates":[[[-122.32324184978194,37.60930208539362],[-122.31876924021392,37.612845134273556],[-122.3202113661158,37.617546238186506],[-122.32612644052756,37.61870410717281],[-122.33059883955562,37.6151609403047],[-122.32915637476005,37.610460022448436],[-122.32324184978194,37.60930208539362]]]},"properties":{"h3_index":"8828309045fffff","station_count":1,"program_id":"sf_bay","program":"SF Bay","resolution":8,"stations":[{"station_id":"SB059W","station_name":"South Bay (SB059W)","lat":37.6136,"lon":-122.32493,"county":"SAN MATEO","waterbody":"San Francisco Bay"}]}},{"type":"Feature","geometry":{"type":"Polygon","coordinates":[[[-122.33059883955562,37.6151609403047],[-122.32612644052756,37.61870410717281],[-122.32756891091503,37.623404770520565],[-122.33348411919384,37.62456208092246],[-122.33795630749763,37.62101879611894],[-122.33651349829509,37.61631831885888],[-122.33059883955562,37.6151609403047]]]},"properties":{"h3_index":"8828309047fffff","station_count":1,"program_id":"sf_bay","program":"SF Bay","resolution":8,"stations":[{"station_id":"SB071W","station_name":"South Bay (SB071W)","lat":37.621248,"lon":-122.335721,"county":"SAN MATEO"}]}},{"type":"Feature","geometry":{"type":"Polygon","coordinates":[[[-122.34834253329214,37.61863202708218],[-122.34387109980825,37.62217561609385],[-122.34531425341191,37.62687565262628],[-122.35122917910351,37.628031913943396],[-122.35570040146169,37.62448820708531],[-122.35425690930212,37.61978835676647],[-122.34834253329214,37.61863202708218]]]},"properties":{"h3_index":"8828309055fffff","station_count":1,"program_id":"sf_bay","program":"SF Bay","resolution":8,"stations":[{"station_id":"CB002S","station_name":"Central Bay (CB002S)","lat":37.625086,"lon":-122.347212,"county":"SAN MATEO","waterbody":"San Francisco Bay"}]}},{"type":"Feature","geometry":{"type":"Polygon","coordinates":[[[-122.35137027512512,37.61038796087939],[-122.34689938545486,37.6139317360048],[-122.34834253329214,37.61863202708218],[-122.35425690930212,37.61978835676647],[-122.35872758781399,37.616244463778],[-122.35728410152241,37.61154435897824],[-122.35137027512512,37.61038796087939]]]},"properties":{"h3_index":"882830905dfffff","station_count":1,"program_id":"sf_bay","program":"SF Bay","resolution":8,"stations":[{"station_id":"SB043W","station_name":"South Bay (SB043W)","lat":37.618034,"lon":-122.352292,"county":"SAN MATEO","waterbody":"San Francisco Bay"}]}},{"type":"Feature","geometry":{"type":"Polygon","coordinates":[[[-122.31718034402932,37.62578994991945],[-122.31270664654258,37.62933262561279],[-122.31414878339602,37.634033220216246],[-122.3200649568815,37.63519095320768],[-122.32453844389411,37.63164815955941],[-122.32309596794354,37.62694775088462],[-122.31718034402932,37.62578994991945]]]},"properties":{"h3_index":"8828309063fffff","station_count":1,"program_id":"sf_bay","program":"SF Bay","resolution":8,"stations":[{"station_id":"CB046S","station_name":"Central Bay (CB046S)","lat":37.632095,"lon":-122.31833,"county":"SAN MATEO","waterbody":"San Francisco Bay"}]}},{"type":"Feature","geometry":{"type":"Polygon","coordinates":[[[-122.31285429985932,37.611686706781576],[-122.30838093605809,37.61522945114986],[-122.30982272288597,37.619930741024405],[-122.31573821263724,37.62108910057904],[-122.3202113661158,37.617546238186506],[-122.31876924021392,37.612845134273556],[-122.31285429985932,37.611686706781576]]]},"properties":{"h3_index":"8828309069fffff","station_count":1,"program_id":"sf_bay","program":"SF Bay","resolution":8,"stations":[{"station_id":"SB027S","station_name":"South Bay (SB027S)","lat":37.619514,"lon":-122.313311,"county":"SAN MATEO","waterbody":"San Francisco Bay"}]}},{"type":"Feature","geometry":{"type":"Polygon","coordinates":[[[-122.30246558065987,37.61407053308456],[-122.29799146277806,37.61761297270998],[-122.29943291035167,37.622314448451014],[-122.30534881510948,37.62347329871012],[-122.30982272288597,37.619930741024405],[-122.30838093605809,37.61522945114986],[-122.30246558065987,37.61407053308456]]]},"properties":{"h3_index":"882830906dfffff","station_count":2,"program_id":"sf_bay","program":"SF Bay","resolution":8,"stations":[{"station_id":"SB003S","station_name":"South Bay (SB003S)","lat":37.617119,"lon":-122.30355,"county":"SAN MATEO","waterbody":"San Francisco Bay"},{"station_id":"SB027W","station_name":"South Bay (SB027W)","lat":37.621639,"lon":-122.30052,"county":"SAN MATEO","waterbody":"San Francisco Bay"}]}},{"type":"Feature","geometry":{"type":"Polygon","coordinates":[[[-122.37605853067043,37.67262763027638],[-122.37158652214151,37.67617124813234],[-122.37303141588077,37.68086831293643],[-122.37894865666358,37.68202157371866],[-122.38342045324256,37.67847783832988],[-122.38197522103691,37.67378095970159],[-122.37605853067043,37.67262763027638]]]},"properties":{"h3_index":"8828309085fffff","station_count":1,"program_id":"sf_bay","program":"SF Bay","resolution":8,"stations":[{"station_id":"CB016W","station_name":"Central Bay (CB016W)","lat":37.677904,"lon":-122.378012,"county":"SAN MATEO","waterbody":"San Francisco Bay"}]}},{"type":"Feature","geometry":{"type":"Polygon","coordinates":[[[-122.38342045324256,37.67847783832988],[-122.37894865666358,37.68202157371866],[-122.38039389498668,37.68671819670876],[-122.38631126832433,37.687870898113545],[-122.39078285276882,37.68432704524479],[-122.38933727605843,37.679630608461174],[-122.38342045324256,37.67847783832988]]]},"properties":{"h3_index":"8828309087fffff","station_count":1,"program_id":"sf_bay","program":"SF Bay","resolution":8,"stations":[{"station_id":"CB33","station_name":"SF Bay RMP - Central Bay 33","lat":37.680658,"lon":-122.388045,"county":"SAN MATEO"}]}},{"type":"Feature","geometry":{"type":"Polygon","coordinates":[[[-122.38947195532539,37.661995794489876],[-122.38500124725378,37.66553990336255],[-122.38644647331324,37.670237037465114],[-122.39236274567654,37.67138987637054],[-122.39683324154879,37.66784564998514],[-122.39538767730538,37.66314870221697],[-122.38947195532539,37.661995794489876]]]},"properties":{"h3_index":"8828309089fffff","station_count":1,"program_id":"sf_bay","program":"SF Bay","resolution":8,"stations":[{"station_id":"CB05","station_name":"SF Bay RMP - Central Bay 05","lat":37.668048,"lon":-122.38605,"county":"SAN MATEO"}]}},{"type":"Feature","geometry":{"type":"Polygon","coordinates":[[[-122.37908510723446,37.664386505246775],[-122.37461364297566,37.667930309934064],[-122.37605853067043,37.67262763027638],[-122.38197522103691,37.67378095970159],[-122.38644647331324,37.670237037465114],[-122.38500124725378,37.66553990336255],[-122.37908510723446,37.664386505246775]]]},"properties":{"h3_index":"882830908dfffff","station_count":1,"program_id":"sf_bay","program":"SF Bay","resolution":8,"stations":[{"station_id":"CB048S","station_name":"Central Bay (CB048S)","lat":37.670512,"lon":-122.384112,"county":"SAN MATEO"}]}},{"type":"Feature","geometry":{"type":"Polygon","coordinates":[[[-122.35961245650955,37.69149811330465],[-122.35513860291519,37.69504105186134],[-122.35658316980643,37.69973779105049],[-122.36250192919103,37.7008914057397],[-122.36697557111785,37.697348349646454],[-122.36553066537591,37.69265179641049],[-122.35961245650955,37.69149811330465]]]},"properties":{"h3_index":"88283090a7fffff","station_count":1,"program_id":"sf_bay","program":"SF Bay","resolution":8,"stations":[{"station_id":"CB016S","station_name":"Central Bay (CB016S)","lat":37.695544,"lon":-122.364942,"county":"SAN MATEO","waterbody":"San Francisco Bay"}]}},{"type":"Feature","geometry":{"type":"Polygon","coordinates":[[[-122.38473031141007,37.70080667009606],[-122.38025763800142,37.704350148602444],[-122.38170323319686,37.709045817680554],[-122.38762184036092,37.71019782215298],[-122.39209430151544,37.70665422625206],[-122.39064836780837,37.70195874328321],[-122.38473031141007,37.70080667009606]]]},"properties":{"h3_index":"88283090b7fffff","station_count":1,"program_id":"sf_bay","program":"SF Bay","resolution":8,"stations":[{"station_id":"CB17","station_name":"SF Bay RMP - Central Bay 17","lat":37.708896,"lon":-122.385233,"county":"SAN FRANCISCO"}]}},{"type":"Feature","geometry":{"type":"Polygon","coordinates":[[[-122.38816160883898,37.63966047969598],[-122.38369177680329,37.643204843607876],[-122.38513664619212,37.64790292958097],[-122.39105168572472,37.64905646522041],[-122.39552130568059,37.64551198370997],[-122.39407609823195,37.64081408416855],[-122.38816160883898,37.63966047969598]]]},"properties":{"h3_index":"88283090c9fffff","station_count":1,"program_id":"sf_bay","program":"SF Bay","resolution":8,"stations":[{"station_id":"CB21","station_name":"SF Bay RMP - Central Bay 21","lat":37.643081,"lon":-122.387888,"county":"SAN MATEO"}]}},{"type":"Feature","geometry":{"type":"Polygon","coordinates":[[[-122.4132648832893,37.648970071212325],[-122.40879623202169,37.652514973795554],[-122.41024212789024,37.6572119903171],[-122.41615701279561,37.65836391767772],[-122.42062545139815,37.65481889763834],[-122.41917921780863,37.65012206770438],[-122.4132648832893,37.648970071212325]]]},"properties":{"h3_index":"88283090d9fffff","station_count":1,"program_id":"sf_bay","program":"SF Bay","resolution":8,"stations":[{"station_id":"ColmaCk_SouthLinden","station_name":"Colma Creek at South Linden Ave","lat":37.65019,"lon":-122.41179,"county":"SAN MATEO"}]}},{"type":"Feature","geometry":{"type":"Polygon","coordinates":[[[-122.26218294295066,37.645946580705434],[-122.25770493075397,37.64948754169003],[-122.25914537433987,37.65418880928861],[-122.26506417027136,37.65534893052373],[-122.26954197311554,37.65180785142064],[-122.26810118942893,37.647106769210914],[-122.26218294295066,37.645946580705434]]]},"properties":{"h3_index":"8828309101fffff","station_count":1,"program_id":"sf_bay","program":"SF Bay","resolution":8,"stations":[{"station_id":"SB083W","station_name":"South Bay (SB083W)","lat":37.648997,"lon":-122.264599}]}},{"type":"Feature","geometry":{"type":"Polygon","coordinates":[[[-122.25482439355945,37.64008431068277],[-122.2503461721949,37.64362515349643],[-122.25178627067852,37.64832686167384],[-122.25770493075397,37.64948754169003],[-122.26218294295066,37.645946580705434],[-122.26074250428792,37.641245057885584],[-122.25482439355945,37.64008431068277]]]},"properties":{"h3_index":"882830910dfffff","station_count":1,"program_id":"sf_bay","program":"SF Bay","resolution":8,"stations":[{"station_id":"SB031S","station_name":"South Bay (SB031S)","lat":37.645777,"lon":-122.256609,"county":"SAN MATEO","waterbody":"San Francisco Bay"}]}},{"type":"Feature","geometry":{"type":"Polygon","coordinates":[[[-122.29033166640255,37.647043543575904],[-122.28585537177582,37.650585234419715],[-122.2872968403227,37.65528569037244],[-122.29321494320594,37.65644426988087],[-122.29769102785976,37.65290246104308],[-122.2962492196514,37.64820219070084],[-122.29033166640255,37.647043543575904]]]},"properties":{"h3_index":"8828309119fffff","station_count":1,"program_id":"sf_bay","program":"SF Bay","resolution":8,"stations":[{"station_id":"CB014S","station_name":"Central Bay (CB014S)","lat":37.652367,"lon":-122.28861,"county":"SAN MATEO","waterbody":"San Francisco Bay"}]}},{"type":"Feature","geometry":{"type":"Polygon","coordinates":[[[-122.22794857534059,37.66132689427116],[-122.22346775790797,37.66486674711934],[-122.22490718469776,37.66956831473524],[-122.23082776971214,37.67072984447412],[-122.23530837848054,37.66718987341627],[-122.233868610947,37.66248849083928],[-122.22794857534059,37.66132689427116]]]},"properties":{"h3_index":"8828309125fffff","station_count":1,"program_id":"sf_bay","program":"SF Bay","resolution":8,"stations":[{"station_id":"SB007W","station_name":"South Bay (SB007W)","lat":37.665586,"lon":-122.233259,"county":"ALAMEDA","waterbody":"San Francisco Bay"}]}},{"type":"Feature","geometry":{"type":"Polygon","coordinates":[[[-122.23530837848054,37.66718987341627],[-122.23082776971214,37.67072984447412],[-122.23226754190658,37.675430971373515],[-122.23818826358311,37.67659194215482],[-122.24266866350249,37.673051852939594],[-122.24122855064253,37.66835091111051],[-122.23530837848054,37.66718987341627]]]},"properties":{"h3_index":"8828309127fffff","station_count":1,"program_id":"sf_bay","program":"SF Bay","resolution":8,"stations":[{"station_id":"SB039W","station_name":"South Bay (SB039W)","lat":37.674329,"lon":-122.237209,"county":"ALAMEDA","waterbody":"San Francisco Bay"}]}},{"type":"Feature","geometry":{"type":"Polygon","coordinates":[[[-122.24138843148333,37.65070634474278],[-122.23690891212038,37.65424669299031],[-122.23834867496389,37.65894833108073],[-122.24426829767982,37.66010943573545],[-122.24874760812655,37.65656896929762],[-122.24730750482168,37.65186751640544],[-122.24138843148333,37.65070634474278]]]},"properties":{"h3_index":"8828309129fffff","station_count":1,"program_id":"sf_bay","program":"SF Bay","resolution":8,"stations":[{"station_id":"SB023W","station_name":"South Bay (SB023W)","lat":37.653334,"lon":-122.242539,"county":"SAN MATEO","waterbody":"San Francisco Bay"}]}},{"type":"Feature","geometry":{"type":"Polygon","coordinates":[[[-122.23098942585355,37.65308502954545],[-122.22650915313879,37.656625071077855],[-122.22794857534059,37.66132689427116],[-122.233868610947,37.66248849083928],[-122.23834867496389,37.65894833108073],[-122.23690891212038,37.65424669299031],[-122.23098942585355,37.65308502954545]]]},"properties":{"h3_index":"882830912dfffff","station_count":1,"program_id":"sf_bay","program":"SF Bay","resolution":8,"stations":[{"station_id":"SB057W","station_name":"South Bay (SB057W)","lat":37.660619,"lon":-122.231719,"county":"ALAMEDA","waterbody":"San Francisco Bay"}]}},{"type":"Feature","geometry":{"type":"Polygon","coordinates":[[[-122.266504958954,37.66004975741196],[-122.26202661155072,37.66359064839998],[-122.26346740520037,37.66829121980251],[-122.26938688642575,37.669450714870905],[-122.27386502432523,37.66590970583333],[-122.27242389055134,37.66120931978695],[-122.266504958954,37.66004975741196]]]},"properties":{"h3_index":"8828309139fffff","station_count":1,"program_id":"sf_bay","program":"SF Bay","resolution":8,"stations":[{"station_id":"CB078S","station_name":"Central Bay (CB078S)","lat":37.663681,"lon":-122.26956,"county":"SAN MATEO","waterbody":"San Francisco Bay"}]}},{"type":"Feature","geometry":{"type":"Polygon","coordinates":[[[-122.27386502432523,37.66590970583333],[-122.26938688642575,37.669450714870905],[-122.27082802523955,37.67415084533145],[-122.27674764204676,37.67530978137706],[-122.28122557025772,37.67176865434237],[-122.27978409139814,37.667068709269216],[-122.27386502432523,37.66590970583333]]]},"properties":{"h3_index":"882830913bfffff","station_count":1,"program_id":"sf_bay","program":"SF Bay","resolution":8,"stations":[{"station_id":"CB110S","station_name":"Central Bay (CB110S)","lat":37.673475,"lon":-122.27416,"county":"SAN MATEO","waterbody":"San Francisco Bay"}]}},{"type":"Feature","geometry":{"type":"Polygon","coordinates":[[[-122.26089902081469,37.623597880103084],[-122.256421888142,37.627139098445554],[-122.25786197689597,37.631841316700466],[-122.26377953834599,37.63300213113737],[-122.26825646178402,37.62946079459078],[-122.26681603305482,37.624758761821454],[-122.26089902081469,37.623597880103084]]]},"properties":{"h3_index":"8828309141fffff","station_count":3,"program_id":"sf_bay","program":"SF Bay","resolution":8,"stations":[{"station_id":"SB045S","station_name":"South Bay (SB045S)","lat":37.624905,"lon":-122.260648,"county":"SAN MATEO","waterbody":"San Francisco Bay"},{"station_id":"SB075W","station_name":"South Bay (SB075W)","lat":37.629199,"lon":-122.268079,"county":"SAN MATEO"},{"station_id":"SB073W","station_name":"South Bay (SB073W)","lat":37.624637,"lon":-122.262019,"county":"ALAMEDA"}]}},{"type":"Feature","geometry":{"type":"Polygon","coordinates":[[[-122.26825646178402,37.62946079459078],[-122.26377953834599,37.63300213113737],[-122.26521997205647,37.63770390901413],[-122.27113766915008,37.63886416483748],[-122.27561438316891,37.63532271013929],[-122.27417360956152,37.6306211177794],[-122.26825646178402,37.62946079459078]]]},"properties":{"h3_index":"8828309143fffff","station_count":1,"program_id":"sf_bay","program":"SF Bay","resolution":8,"stations":[{"station_id":"SB019S","station_name":"South Bay (SB019S)","lat":37.636813,"lon":-122.27275,"county":"SAN MATEO","waterbody":"San Francisco Bay"}]}},{"type":"Feature","geometry":{"type":"Polygon","coordinates":[[[-122.25786197689597,37.631841316700466],[-122.2533842999261,37.635382347384414],[-122.25482439355945,37.64008431068277],[-122.26074250428792,37.641245057885584],[-122.26521997205647,37.63770390901413],[-122.26377953834599,37.63300213113737],[-122.25786197689597,37.631841316700466]]]},"properties":{"h3_index":"8828309147fffff","station_count":1,"program_id":"sf_bay","program":"SF Bay","resolution":8,"stations":[{"station_id":"SB067W","station_name":"South Bay (SB067W)","lat":37.633469,"lon":-122.263669,"county":"SAN MATEO"}]}},{"type":"Feature","geometry":{"type":"Polygon","coordinates":[[[-122.27129241225991,37.621217237811585],[-122.26681603305482,37.624758761821454],[-122.26825646178402,37.62946079459078],[-122.27417360956152,37.6306211177794],[-122.27864977931412,37.62707947560132],[-122.27720901078985,37.62237762841286],[-122.27129241225991,37.621217237811585]]]},"properties":{"h3_index":"882830914bfffff","station_count":1,"program_id":"sf_bay","program":"SF Bay","resolution":8,"stations":[{"station_id":"SB015W","station_name":"South Bay (SB015W)","lat":37.625893,"lon":-122.27638,"county":"SAN MATEO","waterbody":"San Francisco Bay"}]}},{"type":"Feature","geometry":{"type":"Polygon","coordinates":[[[-122.27561438316891,37.63532271013929],[-122.27113766915008,37.63886416483748],[-122.27257844781158,37.643565502204424],[-122.2784962803586,37.64472519933511],[-122.28297278477368,37.64118362653786],[-122.28153166629366,37.63648247471902],[-122.27561438316891,37.63532271013929]]]},"properties":{"h3_index":"8828309155fffff","station_count":1,"program_id":"sf_bay","program":"SF Bay","resolution":8,"stations":[{"station_id":"SB019W","station_name":"South Bay (SB019W)","lat":37.636539,"lon":-122.27452,"county":"SAN MATEO","waterbody":"San Francisco Bay"}]}},{"type":"Feature","geometry":{"type":"Polygon","coordinates":[[[-122.23706950699672,37.63659996881307],[-122.23259032342506,37.64014038707865],[-122.23402973636335,37.64484272093408],[-122.23994867335908,37.64600445130313],[-122.24442764816563,37.64246391477834],[-122.24298789478968,37.63776176615377],[-122.23706950699672,37.63659996881307]]]},"properties":{"h3_index":"8828309161fffff","station_count":1,"program_id":"sf_bay","program":"SF Bay","resolution":8,"stations":[{"station_id":"SB029W","station_name":"South Bay (SB029W)","lat":37.638584,"lon":-122.235428,"county":"SAN MATEO","waterbody":"San Francisco Bay"}]}},{"type":"Feature","geometry":{"type":"Polygon","coordinates":[[[-122.24442764816563,37.64246391477834],[-122.23994867335908,37.64600445130313],[-122.24138843148333,37.65070634474278],[-122.24730750482168,37.65186751640544],[-122.25178627067852,37.64832686167384],[-122.2503461721949,37.64362515349643],[-122.24442764816563,37.64246391477834]]]},"properties":{"h3_index":"8828309163fffff","station_count":2,"program_id":"sf_bay","program":"SF Bay","resolution":8,"stations":[{"station_id":"SB039S","station_name":"South Bay (SB039S)","lat":37.650268,"lon":-122.243799,"county":"SAN MATEO","waterbody":"San Francisco Bay"},{"station_id":"SB10","station_name":"SF Bay RMP - South Bay SB10","lat":37.649983,"lon":-122.243317,"county":"SAN MATEO"}]}},{"type":"Feature","geometry":{"type":"Polygon","coordinates":[[[-122.22667152296209,37.63897809808258],[-122.2221915863209,37.642518209792435],[-122.22363065864131,37.64722072878329],[-122.22955000826892,37.648382950938945],[-122.23402973636335,37.64484272093408],[-122.23259032342506,37.64014038707865],[-122.22667152296209,37.63897809808258]]]},"properties":{"h3_index":"8828309165fffff","station_count":1,"program_id":"sf_bay","program":"SF Bay","resolution":8,"stations":[{"station_id":"SB037S","station_name":"South Bay (SB037S)","lat":37.640863,"lon":-122.227538,"county":"SAN MATEO","waterbody":"San Francisco Bay"}]}},{"type":"Feature","geometry":{"type":"Polygon","coordinates":[[[-122.24746632513748,37.63422104156347],[-122.24298789478968,37.63776176615377],[-122.24442764816563,37.64246391477834],[-122.2503461721949,37.64362515349643],[-122.25482439355945,37.64008431068277],[-122.2533842999261,37.635382347384414],[-122.24746632513748,37.63422104156347]]]},"properties":{"h3_index":"882830916bfffff","station_count":2,"program_id":"sf_bay","program":"SF Bay","resolution":8,"stations":[{"station_id":"SB055W","station_name":"South Bay (SB055W)","lat":37.642812,"lon":-122.248639,"county":"SAN MATEO","waterbody":"San Francisco Bay"},{"station_id":"SB095S","station_name":"South Bay (SB095S)","lat":37.63982,"lon":-122.2488,"county":"ALAMEDA"}]}},{"type":"Feature","geometry":{"type":"Polygon","coordinates":[[[-122.30331008946314,37.68933949829516],[-122.29883279142639,37.69288097900624],[-122.30027531084079,37.69757934438644],[-122.30619546807154,37.69873604355369],[-122.31067255568067,37.6951944450555],[-122.30922969653491,37.69049626518719],[-122.30331008946314,37.68933949829516]]]},"properties":{"h3_index":"8828309185fffff","station_count":1,"program_id":"sf_bay","program":"SF Bay","resolution":8,"stations":[{"station_id":"CB010S","station_name":"Central Bay (CB010S)","lat":37.690721,"lon":-122.307771,"county":"SAN MATEO","waterbody":"San Francisco Bay"}]}},{"type":"Feature","geometry":{"type":"Polygon","coordinates":[[[-122.33579484709291,37.704514284337385],[-122.33131893673281,37.70805642414403],[-122.33276283103287,37.71275327873365],[-122.3386829750555,37.71390780782694],[-122.34315867421586,37.71036555042719],[-122.34171444060163,37.70566888153724],[-122.33579484709291,37.704514284337385]]]},"properties":{"h3_index":"8828309197fffff","station_count":1,"program_id":"sf_bay","program":"SF Bay","resolution":8,"stations":[{"station_id":"CB056W","station_name":"Central Bay (CB056W)","lat":37.710917,"lon":-122.336661}]}},{"type":"Feature","geometry":{"type":"Polygon","coordinates":[[[-122.28684048219444,37.7082027262363],[-122.28236133925152,37.71174352329624],[-122.28380352912619,37.71644156150209],[-122.28972520210813,37.71759861736901],[-122.29420413490782,37.71405770251835],[-122.2927616049171,37.709359849601505],[-122.28684048219444,37.7082027262363]]]},"properties":{"h3_index":"88283091a7fffff","station_count":1,"program_id":"sf_bay","program":"SF Bay","resolution":8,"stations":[{"station_id":"CB026S","station_name":"Central Bay (CB026S)","lat":37.714437,"lon":-122.28615,"county":"SAN FRANCISCO","waterbody":"San Francisco Bay"}]}},{"type":"Feature","geometry":{"type":"Polygon","coordinates":[[[-122.29291276901583,37.691723720501535],[-122.28843471594628,37.69526489498063],[-122.28987689544867,37.69996344577771],[-122.29579746798089,37.70112063668884],[-122.30027531084079,37.69757934438644],[-122.29883279142639,37.69288097900624],[-122.29291276901583,37.691723720501535]]]},"properties":{"h3_index":"88283091a9fffff","station_count":2,"program_id":"sf_bay","program":"SF Bay","resolution":8,"stations":[{"station_id":"CB122S","station_name":"Central Bay (CB122S)","lat":37.69867,"lon":-122.29799,"county":"ALAMEDA"},{"station_id":"CB09","station_name":"SF Bay RMP - Central Bay 09","lat":37.69363,"lon":-122.29905,"county":"SAN MATEO"}]}},{"type":"Feature","geometry":{"type":"Polygon","coordinates":[[[-122.30460357008255,37.7116730449422],[-122.30012539266302,37.715214266378965],[-122.30156826793575,37.719911677498466],[-122.30748966053285,37.721067681776134],[-122.31196762740616,37.71752634263732],[-122.31052441227686,37.71282911693286],[-122.30460357008255,37.7116730449422]]]},"properties":{"h3_index":"88283091b5fffff","station_count":1,"program_id":"sf_bay","program":"SF Bay","resolution":8,"stations":[{"station_id":"CB088S","station_name":"Central Bay (CB088S)","lat":37.72018,"lon":-122.3042,"county":"ALAMEDA","waterbody":"San Francisco Bay"}]}},{"type":"Feature","geometry":{"type":"Polygon","coordinates":[[[-122.32539892666196,37.70690133548379],[-122.3209222604624,37.7104431693986],[-122.32236581526747,37.71514020959307],[-122.32828637581538,37.7162952302779],[-122.33276283103287,37.71275327873365],[-122.33131893673281,37.70805642414403],[-122.32539892666196,37.70690133548379]]]},"properties":{"h3_index":"88283091bbfffff","station_count":1,"program_id":"sf_bay","program":"SF Bay","resolution":8,"stations":[{"station_id":"CB024W","station_name":"Central Bay (CB024W)","lat":37.711141,"lon":-122.329431,"county":"SAN FRANCISCO","waterbody":"San Francisco Bay"}]}},{"type":"Feature","geometry":{"type":"Polygon","coordinates":[[[-122.31977198924142,37.67047321391871],[-122.31529653561405,37.674015376423014],[-122.31673938386365,37.67871406797138],[-122.32265802513572,37.67987041129062],[-122.32713326805167,37.67632813100271],[-122.32569008045516,37.67162962518913],[-122.31977198924142,37.67047321391871]]]},"properties":{"h3_index":"88283091c3fffff","station_count":1,"program_id":"sf_bay","program":"SF Bay","resolution":8,"stations":[{"station_id":"CB058S","station_name":"Central Bay (CB058S)","lat":37.673878,"lon":-122.321701,"county":"SAN MATEO","waterbody":"San Francisco Bay"}]}},{"type":"Feature","geometry":{"type":"Polygon","coordinates":[[[-122.30937802865357,37.67285847393864],[-122.30490181996971,37.67640033083259],[-122.3063443286918,37.68109920802075],[-122.31226338567352,37.68225604268517],[-122.31673938386365,37.67871406797138],[-122.31529653561405,37.674015376423014],[-122.30937802865357,37.67285847393864]]]},"properties":{"h3_index":"88283091c7fffff","station_count":1,"program_id":"sf_bay","program":"SF Bay","resolution":8,"stations":[{"station_id":"CB026W","station_name":"Central Bay (CB026W)","lat":37.681513,"lon":-122.311831,"county":"SAN MATEO","waterbody":"San Francisco Bay"}]}},{"type":"Feature","geometry":{"type":"Polygon","coordinates":[[[-122.32280405564568,37.662231916692974],[-122.31832914648331,37.66577426677625],[-122.31977198924142,37.67047321391871],[-122.32569008045516,37.67162962518913],[-122.3301647788732,37.668087157305806],[-122.32872159687003,37.663388395962095],[-122.32280405564568,37.662231916692974]]]},"properties":{"h3_index":"88283091cbfffff","station_count":2,"program_id":"sf_bay","program":"SF Bay","resolution":8,"stations":[{"station_id":"BB30","station_name":"Oyster Point (BB30)","lat":37.669,"lon":-122.329,"county":"SAN MATEO","waterbody":"San Francisco Bay"},{"station_id":"CB074S","station_name":"Central Bay (CB074S)","lat":37.665926,"lon":-122.326701,"county":"SAN MATEO","waterbody":"San Francisco Bay"}]}},{"type":"Feature","geometry":{"type":"Polygon","coordinates":[[[-122.34488766113891,37.679794637013934],[-122.34041338476345,37.683337340339335],[-122.34185726201918,37.68803496310231],[-122.34777575470716,37.689189696658325],[-122.35224981978439,37.68564687569093],[-122.35080560352013,37.680949438819475],[-122.34488766113891,37.679794637013934]]]},"properties":{"h3_index":"88283091d3fffff","station_count":1,"program_id":"sf_bay","program":"SF Bay","resolution":8,"stations":[{"station_id":"CB032W","station_name":"Central Bay (CB032W)","lat":37.68203,"lon":-122.34932,"county":"SAN MATEO","waterbody":"San Francisco Bay"}]}},{"type":"Feature","geometry":{"type":"Polygon","coordinates":[[[-122.34791752153212,37.671553867778805],[-122.34344378962244,37.67509675852085],[-122.34488766113891,37.679794637013934],[-122.35080560352013,37.680949438819475],[-122.35527912409879,37.67740643041907],[-122.35383491367551,37.67270873788144],[-122.34791752153212,37.671553867778805]]]},"properties":{"h3_index":"88283091dbfffff","station_count":2,"program_id":"sf_bay","program":"SF Bay","resolution":8,"stations":[{"station_id":"CB032S","station_name":"Central Bay (CB032S)","lat":37.67715,"lon":-122.352842,"county":"SAN MATEO","waterbody":"San Francisco Bay"},{"station_id":"CB040W","station_name":"Central Bay (CB040W)","lat":37.675189,"lon":-122.354142,"county":"SAN MATEO"}]}},{"type":"Feature","geometry":{"type":"Polygon","coordinates":[[[-122.27818912601914,37.68000947076426],[-122.27371065308476,37.68355040943935],[-122.27515214214088,37.68824984297661],[-122.28107244424888,37.689408152494245],[-122.28555070734326,37.685867095890934],[-122.28410887821789,37.68116784770827],[-122.27818912601914,37.68000947076426]]]},"properties":{"h3_index":"88283091e5fffff","station_count":2,"program_id":"sf_bay","program":"SF Bay","resolution":8,"stations":[{"station_id":"CB002W","station_name":"Central Bay (CB002W)","lat":37.688648,"lon":-122.28096,"county":"SAN MATEO","waterbody":"San Francisco Bay"},{"station_id":"CB014W","station_name":"Central Bay (CB014W)","lat":37.681117,"lon":-122.28032,"county":"SAN MATEO","waterbody":"San Francisco Bay"}]}},{"type":"Feature","geometry":{"type":"Polygon","coordinates":[[[-122.28555070734326,37.685867095890934],[-122.28107244424888,37.689408152494245],[-122.28251427853097,37.69410714472696],[-122.28843471594628,37.69526489498063],[-122.29291276901583,37.691723720501535],[-122.29147059474313,37.68702491365459],[-122.28555070734326,37.685867095890934]]]},"properties":{"h3_index":"88283091e7fffff","station_count":1,"program_id":"sf_bay","program":"SF Bay","resolution":8,"stations":[{"station_id":"CB034W","station_name":"Central Bay (CB034W)","lat":37.69003,"lon":-122.29173,"county":"ALAMEDA","waterbody":"San Francisco Bay"}]}},{"type":"Feature","geometry":{"type":"Polygon","coordinates":[[[-122.33968539646018,37.59042680635766],[-122.33521462867648,37.593970531466994],[-122.33665708220173,37.59867195784692],[-122.34257064206903,37.59982947284771],[-122.34704119903013,37.59628562975294],[-122.34559840699468,37.59158438965274],[-122.33968539646018,37.59042680635766]]]},"properties":{"h3_index":"8828309223fffff","station_count":1,"program_id":"sf_bay","program":"SF Bay","resolution":8,"stations":[{"station_id":"SB011W","station_name":"South Bay (SB011W)","lat":37.596505,"lon":-122.341492,"county":"SAN MATEO","waterbody":"San Francisco Bay"}]}},{"type":"Feature","geometry":{"type":"Polygon","coordinates":[[[-122.35742414515524,37.59389850800267],[-122.35295434281919,37.59744265472016],[-122.35439747903732,37.60214345439412],[-122.36031075589085,37.603299920954875],[-122.36478034700332,37.599755656340974],[-122.36333687253394,37.595055043072655],[-122.35742414515524,37.59389850800267]]]},"properties":{"h3_index":"8828309231fffff","station_count":1,"program_id":"sf_bay","program":"SF Bay","resolution":8,"stations":[{"station_id":"SB051","station_name":"SF Bay RMP - South Bay SB051","lat":37.60175,"lon":-122.362,"county":"SAN MATEO"}]}},{"type":"Feature","geometry":{"type":"Polygon","coordinates":[[[-122.38382736951594,37.62556476121997],[-122.37935786943096,37.62910919344879],[-122.38080238843503,37.63380797548672],[-122.38671674560956,37.63496213884084],[-122.3911860337666,37.631417588943954],[-122.3897411767253,37.626718993370936],[-122.38382736951594,37.62556476121997]]]},"properties":{"h3_index":"88283092a1fffff","station_count":1,"program_id":"sf_bay","program":"SF Bay","resolution":8,"stations":[{"station_id":"CB53","station_name":"SF Bay RMP - Central Bay 53","lat":37.62998,"lon":-122.382614,"county":"SAN MATEO"}]}},{"type":"Feature","geometry":{"type":"Polygon","coordinates":[[[-122.3985451742768,37.63726941665657],[-122.39407609823195,37.64081408416855],[-122.39552130568059,37.64551198370997],[-122.40143592710156,37.646665029222994],[-122.40590479084995,37.64312024414891],[-122.40445924552209,37.638422531133806],[-122.3985451742768,37.63726941665657]]]},"properties":{"h3_index":"88283092b5fffff","station_count":1,"program_id":"sf_bay","program":"SF Bay","resolution":8,"stations":[{"station_id":"CB37","station_name":"SF Bay RMP - Central Bay 37","lat":37.641418,"lon":-122.394541,"county":"SAN MATEO"}]}},{"type":"Feature","geometry":{"type":"Polygon","coordinates":[[[-122.37213702571822,37.60561180568955],[-122.36766764601356,37.60915618814694],[-122.36911147057911,37.61385610657421],[-122.37502501299109,37.615011456086634],[-122.3794941811038,37.6114669558387],[-122.37805001844467,37.60676722387879],[-122.37213702571822,37.60561180568955]]]},"properties":{"h3_index":"88283092e5fffff","station_count":1,"program_id":"sf_bay","program":"SF Bay","resolution":8,"stations":[{"station_id":"SB071","station_name":"SF Bay RMP - South Bay SB071","lat":37.61296,"lon":-122.373,"county":"SAN MATEO"}]}},{"type":"Feature","geometry":{"type":"Polygon","coordinates":[[[-122.2834308241781,37.58823859466256],[-122.27895662092938,37.59178086640701],[-122.28039702944331,37.59648391710176],[-122.28631198064194,37.59764451022514],[-122.2907859743053,37.59410212024574],[-122.28934522640347,37.58939925538794],[-122.2834308241781,37.58823859466256]]]},"properties":{"h3_index":"8828309301fffff","station_count":1,"program_id":"sf_bay","program":"SF Bay","resolution":8,"stations":[{"station_id":"SB049W","station_name":"South Bay (SB049W)","lat":37.596085,"lon":-122.280359,"county":"SAN MATEO","waterbody":"San Francisco Bay"}]}},{"type":"Feature","geometry":{"type":"Polygon","coordinates":[[[-122.27304180484383,37.59061971508927],[-122.26856684838442,37.5941616819471],[-122.27000691733033,37.5988649183835],[-122.27592228235177,37.600026002230415],[-122.28039702944331,37.59648391710176],[-122.27895662092938,37.59178086640701],[-122.27304180484383,37.59061971508927]]]},"properties":{"h3_index":"8828309305fffff","station_count":1,"program_id":"sf_bay","program":"SF Bay","resolution":8,"stations":[{"station_id":"SB013W","station_name":"South Bay (SB013W)","lat":37.594363,"lon":-122.277359,"county":"SAN MATEO","waterbody":"San Francisco Bay"}]}},{"type":"Feature","geometry":{"type":"Polygon","coordinates":[[[-122.29381867628832,37.585856678987945],[-122.28934522640347,37.58939925538794],[-122.2907859743053,37.59410212024574],[-122.29670051134794,37.59526222278137],[-122.30117375143001,37.59171952818235],[-122.29973266432036,37.58701684925671],[-122.29381867628832,37.585856678987945]]]},"properties":{"h3_index":"882830930bfffff","station_count":1,"program_id":"sf_bay","program":"SF Bay","resolution":8,"stations":[{"station_id":"SB001W","station_name":"South Bay (SB001W)","lat":37.58989,"lon":-122.28986,"county":"SAN MATEO","waterbody":"San Francisco Bay"}]}},{"type":"Feature","geometry":{"type":"Polygon","coordinates":[[[-122.30852930552331,37.597581379121934],[-122.30405627542831,37.60112419186732],[-122.30549771234159,37.60582617651607],[-122.31141251844889,37.60698516243491],[-122.31588533837255,37.603442231595885],[-122.31444356240839,37.59874043294163],[-122.30852930552331,37.597581379121934]]]},"properties":{"h3_index":"8828309311fffff","station_count":1,"program_id":"sf_bay","program":"SF Bay","resolution":8,"stations":[{"station_id":"SB099S","station_name":"South Bay (SB099S)","lat":37.60348,"lon":-122.3131,"county":"SAN MATEO","waterbody":"San Francisco Bay"}]}},{"type":"Feature","geometry":{"type":"Polygon","coordinates":[[[-122.29814160375834,37.59996464760056],[-122.29366781986468,37.60350715576225],[-122.29510891754691,37.608209326310366],[-122.30102413840197,37.60936880280741],[-122.30549771234159,37.60582617651607],[-122.30405627542831,37.60112419186732],[-122.29814160375834,37.59996464760056]]]},"properties":{"h3_index":"8828309315fffff","station_count":1,"program_id":"sf_bay","program":"SF Bay","resolution":8,"stations":[{"station_id":"SB051W","station_name":"South Bay (SB051W)","lat":37.603374,"lon":-122.29808,"county":"SAN MATEO","waterbody":"San Francisco Bay"}]}},{"type":"Feature","geometry":{"type":"Polygon","coordinates":[[[-122.31156036033151,37.58933614127859],[-122.30708787398353,37.59287914026612],[-122.30852930552331,37.597581379121934],[-122.31444356240839,37.59874043294163],[-122.31891583855209,37.59519731584371],[-122.31747406806309,37.590495263046456],[-122.31156036033151,37.58933614127859]]]},"properties":{"h3_index":"8828309319fffff","station_count":2,"program_id":"sf_bay","program":"SF Bay","resolution":8,"stations":[{"station_id":"SB035S","station_name":"South Bay (SB035S)","lat":37.595182,"lon":-122.317571,"county":"SAN MATEO","waterbody":"San Francisco Bay"},{"station_id":"SB003W","station_name":"South Bay (SB003W)","lat":37.593863,"lon":-122.314631,"county":"SAN MATEO","waterbody":"San Francisco Bay"}]}},{"type":"Feature","geometry":{"type":"Polygon","coordinates":[[[-122.31891583855209,37.59519731584371],[-122.31444356240839,37.59874043294163],[-122.31588533837255,37.603442231595885],[-122.32179972939919,37.60460072707256],[-122.32627179515431,37.601057491917054],[-122.32482968031951,37.59635587935244],[-122.31891583855209,37.59519731584371]]]},"properties":{"h3_index":"882830931bfffff","station_count":2,"program_id":"sf_bay","program":"SF Bay","resolution":8,"stations":[{"station_id":"SB035W","station_name":"South Bay (SB035W)","lat":37.598972,"lon":-122.318311,"county":"SAN MATEO","waterbody":"San Francisco Bay"},{"station_id":"SB091S","station_name":"South Bay (SB091S)","lat":37.5999,"lon":-122.32157,"county":"SAN MATEO"}]}},{"type":"Feature","geometry":{"type":"Polygon","coordinates":[[[-122.25961563845316,37.60124512372413],[-122.25513938496522,37.60478659845813],[-122.2565791190568,37.609489766178285],[-122.2624954465343,37.61065127359216],[-122.26697149090532,37.60710968056823],[-122.26553141696387,37.60240669843036],[-122.25961563845316,37.60124512372413]]]},"properties":{"h3_index":"8828309321fffff","station_count":2,"program_id":"sf_bay","program":"SF Bay","resolution":8,"stations":[{"station_id":"SB037W","station_name":"South Bay (SB037W)","lat":37.604603,"lon":-122.260909,"county":"SAN MATEO","waterbody":"San Francisco Bay"},{"station_id":"SB045W","station_name":"South Bay (SB045W)","lat":37.607694,"lon":-122.265179,"county":"SAN MATEO","waterbody":"San Francisco Bay"}]}},{"type":"Feature","geometry":{"type":"Polygon","coordinates":[[[-122.26697149090532,37.60710968056823],[-122.2624954465343,37.61065127359216],[-122.26393552544228,37.6153540012669],[-122.26985198854099,37.61651495031411],[-122.2743278236107,37.61297323905277],[-122.27288740493111,37.60827069699163],[-122.26697149090532,37.60710968056823]]]},"properties":{"h3_index":"8828309323fffff","station_count":3,"program_id":"sf_bay","program":"SF Bay","resolution":8,"stations":[{"station_id":"SB001S","station_name":"South Bay (SB001S)","lat":37.612366,"lon":-122.264349,"county":"SAN MATEO","waterbody":"San Francisco Bay"},{"station_id":"SB097S","station_name":"South Bay (SB097S)","lat":37.614308,"lon":-122.267488,"county":"SAN MATEO","waterbody":"San Francisco Bay"},{"station_id":"SB017W","station_name":"South Bay (SB017W)","lat":37.615974,"lon":-122.269489,"county":"SAN MATEO","waterbody":"San Francisco Bay"}]}},{"type":"Feature","geometry":{"type":"Polygon","coordinates":[[[-122.24922319329889,37.60362453275696],[-122.24474618684317,37.60716570194711],[-122.24618558090481,37.61186905515414],[-122.25210232150016,37.61303105369417],[-122.2565791190568,37.609489766178285],[-122.25513938496522,37.60478659845813],[-122.24922319329889,37.60362453275696]]]},"properties":{"h3_index":"8828309325fffff","station_count":1,"program_id":"sf_bay","program":"SF Bay","resolution":8,"stations":[{"station_id":"SB005W","station_name":"South Bay (SB005W)","lat":37.607606,"lon":-122.245668,"county":"SAN MATEO","waterbody":"San Francisco Bay"}]}},{"type":"Feature","geometry":{"type":"Polygon","coordinates":[[[-122.2565791190568,37.609489766178285],[-122.25210232150016,37.61303105369417],[-122.25354206045643,37.617733966887165],[-122.2594589369692,37.61889540705602],[-122.26393552544228,37.6153540012669],[-122.2624954465343,37.61065127359216],[-122.2565791190568,37.609489766178285]]]},"properties":{"h3_index":"8828309327fffff","station_count":1,"program_id":"sf_bay","program":"SF Bay","resolution":8,"stations":[{"station_id":"SB061W","station_name":"South Bay (SB061W)","lat":37.61758,"lon":-122.25923,"county":"ALAMEDA","waterbody":"San Francisco Bay"}]}},{"type":"Feature","geometry":{"type":"Polygon","coordinates":[[[-122.2522602664496,37.595379568731815],[-122.2477838040292,37.598920925123345],[-122.24922319329889,37.60362453275696],[-122.25513938496522,37.60478659845813],[-122.25961563845316,37.60124512372413],[-122.2581759092553,37.596541701641435],[-122.2522602664496,37.595379568731815]]]},"properties":{"h3_index":"882830932dfffff","station_count":1,"program_id":"sf_bay","program":"SF Bay","resolution":8,"stations":[{"station_id":"SB11","station_name":"SF Bay RMP - South Bay SB11","lat":37.598333,"lon":-122.250233,"county":"SAN MATEO"}]}},{"type":"Feature","geometry":{"type":"Polygon","coordinates":[[[-122.28471895447451,37.610591680611606],[-122.28024387296168,37.61413369711407],[-122.28168463637377,37.61883579896668],[-122.28760082085986,37.61999569858669],[-122.2920756926693,37.6164535639353],[-122.29063458974416,37.611751647822835],[-122.28471895447451,37.610591680611606]]]},"properties":{"h3_index":"8828309331fffff","station_count":2,"program_id":"sf_bay","program":"SF Bay","resolution":8,"stations":[{"station_id":"BB15","station_name":"San Bruno Shoal (BB15)","lat":37.615,"lon":-122.282,"county":"SAN MATEO","waterbody":"San Francisco Bay"},{"station_id":"SB050S","station_name":"South Bay (SB050S)","lat":37.611481,"lon":-122.28646,"county":"SAN MATEO"}]}},{"type":"Feature","geometry":{"type":"Polygon","coordinates":[[[-122.2920756926693,37.6164535639353],[-122.28760082085986,37.61999569858669],[-122.2890419289989,37.62469736009904],[-122.29495824843009,37.625856701198686],[-122.29943291035167,37.622314448451014],[-122.29799146277806,37.61761297270998],[-122.2920756926693,37.6164535639353]]]},"properties":{"h3_index":"8828309333fffff","station_count":1,"program_id":"sf_bay","program":"SF Bay","resolution":8,"stations":[{"station_id":"SB047W","station_name":"South Bay (SB047W)","lat":37.620771,"lon":-122.29799,"county":"SAN MATEO","waterbody":"San Francisco Bay"}]}},{"type":"Feature","geometry":{"type":"Polygon","coordinates":[[[-122.2743278236107,37.61297323905277],[-122.26985198854099,37.61651495031411],[-122.27129241225991,37.621217237811585],[-122.27720901078985,37.62237762841286],[-122.28168463637377,37.61883579896668],[-122.28024387296168,37.61413369711407],[-122.2743278236107,37.61297323905277]]]},"properties":{"h3_index":"8828309335fffff","station_count":1,"program_id":"sf_bay","program":"SF Bay","resolution":8,"stations":[{"station_id":"SB033S","station_name":"South Bay (SB033S)","lat":37.614313,"lon":-122.28009,"county":"SAN MATEO","waterbody":"San Francisco Bay"}]}},{"type":"Feature","geometry":{"type":"Polygon","coordinates":[[[-122.277362695963,37.60472879869069],[-122.27288740493111,37.60827069699163],[-122.2743278236107,37.61297323905277],[-122.28024387296168,37.61413369711407],[-122.28471895447451,37.610591680611606],[-122.28327819620353,37.60588932425936],[-122.277362695963,37.60472879869069]]]},"properties":{"h3_index":"882830933dfffff","station_count":1,"program_id":"sf_bay","program":"SF Bay","resolution":8,"stations":[{"station_id":"SB025S","station_name":"South Bay (SB025S)","lat":37.612739,"lon":-122.28105,"county":"SAN MATEO","waterbody":"San Francisco Bay"}]}},{"type":"Feature","geometry":{"type":"Polygon","coordinates":[[[-122.29252897717403,37.56349998601012],[-122.28805640486885,37.567042816329966],[-122.28949679791707,37.57174662873996],[-122.29541010240143,37.572907424811035],[-122.2998824650219,37.56936447620581],[-122.29844173289075,37.56466084982487],[-122.29252897717403,37.56349998601012]]]},"properties":{"h3_index":"882830934bfffff","station_count":1,"program_id":"sf_bay","program":"SF Bay","resolution":8,"stations":[{"station_id":"FSSDWWTP","station_name":"Fairfield Suisun Sewer District Wastewater Treatment Plant (FSSDWWTP)","lat":37.568827,"lon":-122.298322,"county":"SAN MATEO"}]}},{"type":"Feature","geometry":{"type":"Polygon","coordinates":[[[-122.31026696447105,37.56698152944331],[-122.30579535523849,37.5705247820826],[-122.30723643165996,37.575227968727035],[-122.31314945618658,37.57638771658662],[-122.31762085533313,37.57284434575063],[-122.31617944008717,37.56814134526168],[-122.31026696447105,37.56698152944331]]]},"properties":{"h3_index":"8828309359fffff","station_count":1,"program_id":"sf_bay","program":"SF Bay","resolution":8,"stations":[{"station_id":"MMP-Storm-SB-SM","station_name":"San Mateo Creek - S. Norfolk St. - Moore Microplastics","lat":37.573,"lon":-122.311,"county":"SAN MATEO"}]}},{"type":"Feature","geometry":{"type":"Polygon","coordinates":[[[-122.258332795527,37.57888831730411],[-122.2538574208848,37.58243004746252],[-122.25529680048348,37.58713416345529],[-122.261211894497,37.58829636362066],[-122.26568706013994,37.58475451508624],[-122.2642473408167,37.58005058477247],[-122.258332795527,37.57888831730411]]]},"properties":{"h3_index":"8828309361fffff","station_count":1,"program_id":"sf_bay","program":"SF Bay","resolution":8,"stations":[{"station_id":"SB036W","station_name":"South Bay (SB036W)","lat":37.583581,"lon":-122.258099,"county":"SAN MATEO","waterbody":"San Francisco Bay"}]}},{"type":"Feature","geometry":{"type":"Polygon","coordinates":[[[-122.26568706013994,37.58475451508624],[-122.261211894497,37.58829636362066],[-122.26265161877201,37.59300003990124],[-122.26856684838442,37.5941616819471],[-122.27304180484383,37.59061971508927],[-122.27160174092248,37.585916224518996],[-122.26568706013994,37.58475451508624]]]},"properties":{"h3_index":"8828309363fffff","station_count":1,"program_id":"sf_bay","program":"SF Bay","resolution":8,"stations":[{"station_id":"SB017S","station_name":"South Bay (SB017S)","lat":37.58814,"lon":-122.269249,"county":"SAN MATEO","waterbody":"San Francisco Bay"}]}},{"type":"Feature","geometry":{"type":"Polygon","coordinates":[[[-122.24794246266,37.5812672892572],[-122.2434663353959,37.58480871422642],[-122.24490537509003,37.58951301580274],[-122.25082088200088,37.590675706836265],[-122.25529680048348,37.58713416345529],[-122.2538574208848,37.58243004746252],[-122.24794246266,37.5812672892572]]]},"properties":{"h3_index":"8828309365fffff","station_count":1,"program_id":"sf_bay","program":"SF Bay","resolution":8,"stations":[{"station_id":"SB012S","station_name":"South Bay (SB012S)","lat":37.588783,"lon":-122.246148,"county":"SAN MATEO","waterbody":"San Francisco Bay"}]}},{"type":"Feature","geometry":{"type":"Polygon","coordinates":[[[-122.26136825170657,37.57064203065511],[-122.25689342080737,37.574183947378934],[-122.258332795527,37.57888831730411],[-122.2642473408167,37.58005058477247],[-122.26872196268336,37.57650854965583],[-122.2672822483409,37.57180436547367],[-122.26136825170657,37.57064203065511]]]},"properties":{"h3_index":"8828309369fffff","station_count":1,"program_id":"sf_bay","program":"SF Bay","resolution":8,"stations":[{"station_id":"SB062","station_name":"SF Bay RMP - South Bay SB062","lat":37.57639,"lon":-122.265,"county":"SAN MATEO"}]}},{"type":"Feature","geometry":{"type":"Polygon","coordinates":[[[-122.26872196268336,37.57650854965583],[-122.2642473408167,37.58005058477247],[-122.26568706013994,37.58475451508624],[-122.27160174092248,37.585916224518996],[-122.2760761535723,37.582374071062155],[-122.27463609470449,37.57767032652276],[-122.26872196268336,37.57650854965583]]]},"properties":{"h3_index":"882830936bfffff","station_count":1,"program_id":"sf_bay","program":"SF Bay","resolution":8,"stations":[{"station_id":"SB12","station_name":"SF Bay RMP - South Bay SB12","lat":37.582928,"lon":-122.270755,"county":"SAN MATEO"}]}},{"type":"Feature","geometry":{"type":"Polygon","coordinates":[[[-122.60703092587137,37.66448884316233],[-122.60257385067719,37.66803860483472],[-122.60402686795992,37.67272964792177],[-122.60993729521594,37.673870741294394],[-122.61439415346925,37.67032086307311],[-122.61294080145579,37.665630008037816],[-122.60703092587137,37.66448884316233]]]},"properties":{"h3_index":"88283096d1fffff","station_count":1,"program_id":"sf_bay","program":"SF Bay","resolution":8,"stations":[{"station_id":"MBNMS30","station_name":"MMP - Monterey Bay NMS 30","lat":37.672608,"lon":-122.610833,"county":"OOS"}]}},{"type":"Feature","geometry":{"type":"Polygon","coordinates":[[[-122.19319229218179,37.729622566489894],[-122.18870635971983,37.73316059354334],[-122.19014548041935,37.73786029506718],[-122.19607087537113,37.73902178511581],[-122.20055659965828,37.735483639947454],[-122.19911713721673,37.730784122855496],[-122.19319229218179,37.729622566489894]]]},"properties":{"h3_index":"8828309811fffff","station_count":1,"program_id":"sf_bay","program":"SF Bay","resolution":8,"stations":[{"station_id":"SLCFR","station_name":"SLC First Road - channel settling zone of pillar/support","lat":37.732479,"lon":-122.199156,"county":"ALAMEDA"}]}},{"type":"Feature","geometry":{"type":"Polygon","coordinates":[[[-122.20360231590712,37.727245787098944],[-122.19911713721673,37.730784122855496],[-122.20055659965828,37.735483639947454],[-122.2064815823999,37.7366446367657],[-122.21096655269629,37.73310618293012],[-122.20952674869332,37.72840685036546],[-122.20360231590712,37.727245787098944]]]},"properties":{"h3_index":"882830981bfffff","station_count":1,"program_id":"sf_bay","program":"SF Bay","resolution":8,"stations":[{"station_id":"G7g","station_name":"500m interval subtidal sites G7g repeat","lat":37.73278,"lon":-122.20963,"county":"ALAMEDA"}]}},{"type":"Feature","geometry":{"type":"Polygon","coordinates":[[[-122.22265242347565,37.75306085309916],[-122.21816732482453,37.75659935229986],[-122.2196078297596,37.76129728709895],[-122.22553377482282,37.762456538149834],[-122.23001866455797,37.758917921042546],[-122.22857781819421,37.75422017080104],[-122.22265242347565,37.75306085309916]]]},"properties":{"h3_index":"8828309889fffff","station_count":3,"program_id":"sf_bay","program":"SF Bay","resolution":8,"stations":[{"station_id":"B5g","station_name":"500m interval subtidal B5g repeat","lat":37.75447,"lon":-122.22095,"county":"ALAMEDA"},{"station_id":"A7cz","station_name":"alameda channel  approx. 500m interval subtidal A7cz repeat","lat":37.75838,"lon":-122.22367,"county":"ALAMEDA"},{"station_id":"CB32","station_name":"SF Bay RMP - Central Bay 32","lat":37.756571,"lon":-122.220437,"county":"ALAMEDA"}]}},{"type":"Feature","geometry":{"type":"Polygon","coordinates":[[[-122.21224151700329,37.75543954138111],[-122.20775566385917,37.758977731791255],[-122.20919582718471,37.76367585105266],[-122.21512218531225,37.764835595451714],[-122.2196078297596,37.76129728709895],[-122.21816732482453,37.75659935229986],[-122.21224151700329,37.75543954138111]]]},"properties":{"h3_index":"882830988dfffff","station_count":5,"program_id":"sf_bay","program":"SF Bay","resolution":8,"stations":[{"station_id":"ECFR","station_name":"East Creek First Road \u00a0- channel in pillar/support eddy zone","lat":37.761246,"lon":-122.215122,"county":"ALAMEDA"},{"station_id":"ECM20m","station_name":"East Creak Mouth 20m","lat":37.75928,"lon":-122.2183,"county":"ALAMEDA"},{"station_id":"ECFF","station_name":"East Creek First Footbridge","lat":37.76011,"lon":-122.21699,"county":"ALAMEDA"},{"station_id":"ECM100m","station_name":"East Creek Mouth 100m","lat":37.75835,"lon":-122.21863,"county":"ALAMEDA"},{"station_id":"Z12LF_blwPG&EStn","station_name":"Zone 12 Line F bridge below PG&E station above confluence with Zone 12 Line H","lat":37.762305,"lon":-122.21425,"county":"ALAMEDA"}]}},{"type":"Feature","geometry":{"type":"Polygon","coordinates":[[[-122.24475259526152,37.77062905101034],[-122.24026812391423,37.774167903774476],[-122.24170966697028,37.77886451215518],[-122.24763602261514,37.780022083130376],[-122.25212028449047,37.77648311261603],[-122.25067840024124,37.77178668888679],[-122.24475259526152,37.77062905101034]]]},"properties":{"h3_index":"8828309891fffff","station_count":1,"program_id":"sf_bay","program":"SF Bay","resolution":8,"stations":[{"station_id":"CB20","station_name":"SF Bay RMP - Central Bay 20","lat":37.778948,"lon":-122.24553,"county":"ALAMEDA"}]}},{"type":"Feature","geometry":{"type":"Polygon","coordinates":[[[-122.21833127280492,37.73896557767092],[-122.21384651108775,37.74250414953342],[-122.21528666550101,37.74720278346226],[-122.22121192308448,37.748362660948516],[-122.22569647603719,37.74482397111118],[-122.22425598021918,37.74012552177249],[-122.21833127280492,37.73896557767092]]]},"properties":{"h3_index":"88283098c1fffff","station_count":2,"program_id":"sf_bay","program":"SF Bay","resolution":8,"stations":[{"station_id":"CB48","station_name":"SF Bay RMP - Central Bay 48","lat":37.742746,"lon":-122.21561,"county":"ALAMEDA"},{"station_id":"E6g","station_name":"500m interval subtidal E6g repeat","lat":37.74415,"lon":-122.21745,"county":"ALAMEDA"}]}},{"type":"Feature","geometry":{"type":"Polygon","coordinates":[[[-122.22569647603719,37.74482397111118],[-122.22121192308448,37.748362660948516],[-122.22265242347565,37.75306085309916],[-122.22857781819421,37.75422017080104],[-122.2330621621972,37.750681363041004],[-122.23162132047966,37.74598335551188],[-122.22569647603719,37.74482397111118]]]},"properties":{"h3_index":"88283098c3fffff","station_count":6,"program_id":"sf_bay","program":"SF Bay","resolution":8,"stations":[{"station_id":"CB44","station_name":"SF Bay RMP - Central Bay 44","lat":37.749936,"lon":-122.225184,"county":"ALAMEDA"},{"station_id":"B9g","station_name":"bay farm inlet 500m interval subtidal B9g repeat","lat":37.75065,"lon":-122.22877,"county":"ALAMEDA"},{"station_id":"SLBint","station_name":"new intertidal","lat":37.74945,"lon":-122.22514,"county":"ALAMEDA"},{"station_id":"CB08","station_name":"SF Bay RMP - Central Bay 08","lat":37.75053,"lon":-122.22776,"county":"ALAMEDA"},{"station_id":"B8cz","station_name":"500m interval subtidal B8cz repeat ","lat":37.75107,"lon":-122.22365,"county":"ALAMEDA"},{"station_id":"E3g","station_name":"500m interval subtidal E3g repeat","lat":37.74757,"lon":-122.2223,"county":"ALAMEDA"}]}},{"type":"Feature","geometry":{"type":"Polygon","coordinates":[[[-122.20792139082995,37.74134371234166],[-122.20343587490284,37.74488197557288],[-122.20487568773059,37.74958079399651],[-122.21080135811923,37.75074116470424],[-122.21528666550101,37.74720278346226],[-122.21384651108775,37.74250414953342],[-122.20792139082995,37.74134371234166]]]},"properties":{"h3_index":"88283098c5fffff","station_count":8,"program_id":"sf_bay","program":"SF Bay","resolution":8,"stations":[{"station_id":"SLCM20m","station_name":"San Leandro Cr mouth 20m","lat":37.74297,"lon":-122.20908,"county":"ALAMEDA"},{"station_id":"SLCM100m","station_name":"San Leandro Creek Mouth 100m","lat":37.74352,"lon":-122.20954,"county":"ALAMEDA"},{"station_id":"ELM20m","station_name":"Elmhurst Channel 20m from mouth","lat":37.74306,"lon":-122.20842,"county":"ALAMEDA"},{"station_id":"ELMFF","station_name":"Elmhurst Cr First Footbridge ","lat":37.74369,"lon":-122.20632,"county":"ALAMEDA"},{"station_id":"SLCFF","station_name":"SLC First Footbridge ","lat":37.74254,"lon":-122.20799,"county":"ALAMEDA"},{"station_id":"200PPCPRBM","station_name":"PPCP - Richmond Breuner Marsh","lat":37.7432,"lon":-122.207733,"county":"ALAMEDA"},{"station_id":"21027","station_name":"SAN LEANDRO BAY-SITE 1-21027","lat":37.74333,"lon":-122.20888,"county":"ALAMEDA","waterbody":"San Francisco Bay"},{"station_id":"MLKRS","station_name":"Martin Luther King Park Regional Shoreline-MLKRS","lat":37.74285,"lon":-122.209113,"county":"ALAMEDA","waterbody":"San Francisco Bay"}]}},{"type":"Feature","geometry":{"type":"Polygon","coordinates":[[[-122.21528666550101,37.74720278346226],[-122.21080135811923,37.75074116470424],[-122.21224151700329,37.75543954138111],[-122.21816732482453,37.75659935229986],[-122.22265242347565,37.75306085309916],[-122.22121192308448,37.748362660948516],[-122.21528666550101,37.74720278346226]]]},"properties":{"h3_index":"88283098c7fffff","station_count":10,"program_id":"sf_bay","program":"SF Bay","resolution":8,"stations":[{"station_id":"CB16","station_name":"SF Bay RMP - Central Bay 16","lat":37.750283,"lon":-122.218611,"county":"ALAMEDA"},{"station_id":"SLBsub1","station_name":"500m interval subtidal repeat past site 1","lat":37.74912,"lon":-122.21306,"county":"ALAMEDA"},{"station_id":"SLBsub2","station_name":"500m interval subtidal repeat past site 2","lat":37.7518,"lon":-122.21788,"county":"ALAMEDA"},{"station_id":"DSM100m","station_name":"Damon Slough mouth 100m","lat":37.75093,"lon":-122.21224,"county":"ALAMEDA"},{"station_id":"DSM20m","station_name":"Damon Slough mouth 20m","lat":37.75128,"lon":-122.2116,"county":"ALAMEDA"},{"station_id":"NS20m","station_name":"No source transect 20m","lat":37.75501,"lon":-122.21489,"county":"ALAMEDA"},{"station_id":"NS100m","station_name":"no source transect intertidal 100m shore","lat":37.75431,"lon":-122.21559,"county":"ALAMEDA"},{"station_id":"C9g","station_name":"intertidal C9g repeat ","lat":37.74915,"lon":-122.21872,"county":"ALAMEDA"},{"station_id":"E2g","station_name":"San Leandro Bay (E2g)","lat":37.74917,"lon":-122.21387,"county":"ALAMEDA","waterbody":"San Francisco Bay"},{"station_id":"21313","station_name":"San Leandro Bay (21313)","lat":37.7518,"lon":-122.2179,"county":"ALAMEDA","waterbody":"San Francisco Bay"}]}},{"type":"Feature","geometry":{"type":"Polygon","coordinates":[[[-122.21096655269629,37.73310618293012],[-122.2064815823999,37.7366446367657],[-122.20792139082995,37.74134371234166],[-122.21384651108775,37.74250414953342],[-122.21833127280492,37.73896557767092],[-122.2168911228918,37.7342666866537],[-122.21096655269629,37.73310618293012]]]},"properties":{"h3_index":"88283098cdfffff","station_count":2,"program_id":"sf_bay","program":"SF Bay","resolution":8,"stations":[{"station_id":"E8g","station_name":"500m interval subtidal E8g repeat ","lat":37.7414,"lon":-122.21427,"county":"ALAMEDA"},{"station_id":"G4g","station_name":"500m interval subtidal G4g repeat","lat":37.73682,"lon":-122.21133,"county":"ALAMEDA"}]}},{"type":"Feature","geometry":{"type":"Polygon","coordinates":[[[-122.2434707326773,37.748301071573856],[-122.23898714347729,37.75184018766201],[-122.24042833108896,37.75653775325068],[-122.24635344901601,37.75769601801326],[-122.25083682886209,37.75415678409066],[-122.24939530018332,37.749459403249986],[-122.2434707326773,37.748301071573856]]]},"properties":{"h3_index":"88283098d1fffff","station_count":2,"program_id":"sf_bay","program":"SF Bay","resolution":8,"stations":[{"station_id":"CB52","station_name":"SF Bay RMP - Central Bay 52","lat":37.750125,"lon":-122.247018,"county":"ALAMEDA"},{"station_id":"CB12","station_name":"SF Bay RMP - Central Bay 12","lat":37.748919,"lon":-122.244206,"county":"ALAMEDA"}]}},{"type":"Feature","geometry":{"type":"Polygon","coordinates":[[[-122.25083682886209,37.75415678409066],[-122.24635344901601,37.75769601801326],[-122.2477949825164,37.76239314153065],[-122.2537202368997,37.76355084635623],[-122.25820340720664,37.76001149465135],[-122.25676153271772,37.755314555913216],[-122.25083682886209,37.75415678409066]]]},"properties":{"h3_index":"88283098d3fffff","station_count":1,"program_id":"sf_bay","program":"SF Bay","resolution":8,"stations":[{"station_id":"CB36","station_name":"SF Bay RMP - Central Bay 36","lat":37.755244,"lon":-122.255425,"county":"ALAMEDA"}]}},{"type":"Feature","geometry":{"type":"Polygon","coordinates":[[[-122.23610511884834,37.74244435731038],[-122.23162132047966,37.74598335551188],[-122.2330621621972,37.750681363041004],[-122.23898714347729,37.75184018766201],[-122.2434707326773,37.748301071573856],[-122.24202954981415,37.74360324876144],[-122.23610511884834,37.74244435731038]]]},"properties":{"h3_index":"88283098ddfffff","station_count":1,"program_id":"sf_bay","program":"SF Bay","resolution":8,"stations":[{"station_id":"CB28","station_name":"SF Bay RMP - Central Bay 28","lat":37.74807,"lon":-122.236739,"county":"ALAMEDA"}]}},{"type":"Feature","geometry":{"type":"Polygon","coordinates":[[[-122.19751034213739,37.74372104515514],[-122.19302407215567,37.74725899952392],[-122.19446354321728,37.75195800234702],[-122.20038962607501,37.753118866412],[-122.20487568773059,37.74958079399651],[-122.20343587490284,37.74488197557288],[-122.19751034213739,37.74372104515514]]]},"properties":{"h3_index":"88283098e9fffff","station_count":2,"program_id":"sf_bay","program":"SF Bay","resolution":8,"stations":[{"station_id":"ELMFR","station_name":"Elmhurst Cr First Road - channel settling zone of pillar/support","lat":37.746068,"lon":-122.202014,"county":"ALAMEDA"},{"station_id":"Z12LM_ColiseumWy","station_name":"Zone 12 Line M at South Coliseum Way","lat":37.746907,"lon":-122.200689,"county":"ALAMEDA"}]}},{"type":"Feature","geometry":{"type":"Polygon","coordinates":[[[-122.20487568773059,37.74958079399651],[-122.20038962607501,37.753118866412],[-122.20182944327122,37.75781742751976],[-122.20775566385917,37.758977731791255],[-122.21224151700329,37.75543954138111],[-122.21080135811923,37.75074116470424],[-122.20487568773059,37.74958079399651]]]},"properties":{"h3_index":"88283098ebfffff","station_count":4,"program_id":"sf_bay","program":"SF Bay","resolution":8,"stations":[{"station_id":"DSFF","station_name":"Damon Slough First Footbridge ","lat":37.75202,"lon":-122.20965,"county":"ALAMEDA"},{"station_id":"Z12LJ_abvZ12LK","station_name":"Zone 12 Line J below train tracks and above confluence with Zone 12 Line K","lat":37.754714,"lon":-122.201374,"county":"ALAMEDA"},{"station_id":"DSFR","station_name":"Damon Slough First Road - channel settling zone of pillar/support","lat":37.7528,"lon":-122.208236,"county":"ALAMEDA"},{"station_id":"Z12LK_ColiseumEntrnc","station_name":"Zone 12 Line K at Coliseum Entrance off 66th Ave","lat":37.754477,"lon":-122.204336,"county":"ALAMEDA"}]}},{"type":"Feature","geometry":{"type":"Polygon","coordinates":[[[-122.1997854152483,37.660216290689526],[-122.19530288340592,37.66375541069047],[-122.19674128260095,37.66845778861973],[-122.20266255486911,37.669620861741635],[-122.20714487866935,37.666081623407216],[-122.20570613829176,37.66137943029444],[-122.1997854152483,37.660216290689526]]]},"properties":{"h3_index":"8828309a0bfffff","station_count":1,"program_id":"sf_bay","program":"SF Bay","resolution":8,"stations":[{"station_id":"SB044W","station_name":"South Bay (SB044W)","lat":37.661997,"lon":-122.203068,"county":"ALAMEDA","waterbody":"San Francisco Bay"}]}},{"type":"Feature","geometry":{"type":"Polygon","coordinates":[[[-122.18202269834435,37.65672476978513],[-122.1775392061309,37.66026346372572],[-122.17897691831367,37.66496646673436],[-122.18489846419884,37.6661305911232],[-122.18938174877384,37.66259177876128],[-122.1879436951503,37.65788896044196],[-122.18202269834435,37.65672476978513]]]},"properties":{"h3_index":"8828309a0dfffff","station_count":1,"program_id":"sf_bay","program":"SF Bay","resolution":8,"stations":[{"station_id":"SB016S","station_name":"South Bay (SB016S)","lat":37.660867,"lon":-122.181347,"county":"ALAMEDA","waterbody":"San Francisco Bay"}]}},{"type":"Feature","geometry":{"type":"Polygon","coordinates":[[[-122.2145048249178,37.67194595676837],[-122.2100227093446,37.67548531338407],[-122.21146179966702,37.6801868101379],[-122.21738334663699,37.6813487654066],[-122.22186525379824,37.67780929056187],[-122.22042582244961,37.67310797868755],[-122.2145048249178,37.67194595676837]]]},"properties":{"h3_index":"8828309a11fffff","station_count":2,"program_id":"sf_bay","program":"SF Bay","resolution":8,"stations":[{"station_id":"SB023S","station_name":"South Bay (SB023S)","lat":37.676731,"lon":-122.211998,"county":"ALAMEDA","waterbody":"San Francisco Bay"},{"station_id":"SB041S","station_name":"South Bay (SB041S)","lat":37.67433,"lon":-122.21303,"county":"ALAMEDA","waterbody":"San Francisco Bay"}]}},{"type":"Feature","geometry":{"type":"Polygon","coordinates":[[[-122.22186525379824,37.67780929056187],[-122.21738334663699,37.6813487654066],[-122.21882278251523,37.68604982137524],[-122.22474446655085,37.68721121759825],[-122.22922616511521,37.6836716245767],[-122.22778638828902,37.67897075351902],[-122.22186525379824,37.67780929056187]]]},"properties":{"h3_index":"8828309a13fffff","station_count":1,"program_id":"sf_bay","program":"SF Bay","resolution":8,"stations":[{"station_id":"SB041W","station_name":"South Bay (SB041W)","lat":37.679648,"lon":-122.227869,"county":"ALAMEDA","waterbody":"San Francisco Bay"}]}},{"type":"Feature","geometry":{"type":"Polygon","coordinates":[[[-122.20410129963045,37.67432279914903],[-122.19961843088711,37.67786184819714],[-122.20105718000298,37.68256352973501],[-122.2069791391169,37.683725977450834],[-122.21146179966702,37.6801868101379],[-122.2100227093446,37.67548531338407],[-122.20410129963045,37.67432279914903]]]},"properties":{"h3_index":"8828309a15fffff","station_count":1,"program_id":"sf_bay","program":"SF Bay","resolution":8,"stations":[{"station_id":"SB025W","station_name":"South Bay (SB025W)","lat":37.676135,"lon":-122.208498,"county":"ALAMEDA","waterbody":"San Francisco Bay"}]}},{"type":"Feature","geometry":{"type":"Polygon","coordinates":[[[-122.2175473097459,37.66370465850218],[-122.21306573905204,37.667244204209],[-122.2145048249178,37.67194595676837],[-122.22042582244961,37.67310797868755],[-122.22490718469776,37.66956831473524],[-122.22346775790797,37.66486674711934],[-122.2175473097459,37.66370465850218]]]},"properties":{"h3_index":"8828309a19fffff","station_count":1,"program_id":"sf_bay","program":"SF Bay","resolution":8,"stations":[{"station_id":"SB009W","station_name":"South Bay (SB009W)","lat":37.66946,"lon":-122.223598,"county":"ALAMEDA","waterbody":"San Francisco Bay"}]}},{"type":"Feature","geometry":{"type":"Polygon","coordinates":[[[-122.16857092435879,37.66734035424259],[-122.1640861347849,37.670878550633745],[-122.16552350935092,37.67558148243896],[-122.1714460152622,37.67674603333346],[-122.1759305974507,37.67320771850185],[-122.17449288116144,37.66850497122632],[-122.16857092435879,37.66734035424259]]]},"properties":{"h3_index":"8828309a29fffff","station_count":1,"program_id":"sf_bay","program":"SF Bay","resolution":8,"stations":[{"station_id":"SB053","station_name":"SF Bay RMP - South Bay SB053","lat":37.67641,"lon":-122.17,"county":"ALAMEDA"}]}},{"type":"Feature","geometry":{"type":"Polygon","coordinates":[[[-122.1759305974507,37.67320771850185],[-122.1714460152622,37.67674603333346],[-122.17288373562862,37.68144852471168],[-122.17880637987695,37.682612516707046],[-122.18329075449502,37.67907408348704],[-122.18185269248335,37.67437177667018],[-122.1759305974507,37.67320771850185]]]},"properties":{"h3_index":"8828309a2bfffff","station_count":1,"program_id":"sf_bay","program":"SF Bay","resolution":8,"stations":[{"station_id":"SB073S","station_name":"South Bay (SB073S)","lat":37.678107,"lon":-122.181487,"county":"ALAMEDA","waterbody":"San Francisco Bay"}]}},{"type":"Feature","geometry":{"type":"Polygon","coordinates":[[[-122.19369660932597,37.67669884151072],[-122.18921298756759,37.680237582760256],[-122.19065139529657,37.68493944898667],[-122.19657376621898,37.68610238928511],[-122.20105718000298,37.68256352973501],[-122.19961843088711,37.67786184819714],[-122.19369660932597,37.67669884151072]]]},"properties":{"h3_index":"8828309a39fffff","station_count":1,"program_id":"sf_bay","program":"SF Bay","resolution":8,"stations":[{"station_id":"SB009S","station_name":"South Bay (SB009S)","lat":37.678012,"lon":-122.193818,"county":"ALAMEDA","waterbody":"San Francisco Bay"}]}},{"type":"Feature","geometry":{"type":"Polygon","coordinates":[[[-122.19547058038638,37.64610769434553],[-122.19098838546442,37.649646885002454],[-122.19242643484999,37.65434995882665],[-122.19834702036417,37.655513657155105],[-122.20282900739488,37.651974348096],[-122.20139061685086,37.64727145912071],[-122.19547058038638,37.64610769434553]]]},"properties":{"h3_index":"8828309a43fffff","station_count":1,"program_id":"sf_bay","program":"SF Bay","resolution":8,"stations":[{"station_id":"SB012W","station_name":"South Bay (SB012W)","lat":37.649914,"lon":-122.201358,"county":"ALAMEDA","waterbody":"San Francisco Bay"}]}},{"type":"Feature","geometry":{"type":"Polygon","coordinates":[[[-122.21323041548864,37.64959793795941],[-122.20874918128192,37.65313755423143],[-122.21018791724649,37.657840002885365],[-122.21610822836608,37.65900265030141],[-122.22058925427817,37.65546291571517],[-122.21915017741345,37.650760652037214],[-122.21323041548864,37.64959793795941]]]},"properties":{"h3_index":"8828309a51fffff","station_count":1,"program_id":"sf_bay","program":"SF Bay","resolution":8,"stations":[{"station_id":"SB021W","station_name":"South Bay (SB021W)","lat":37.651395,"lon":-122.216328,"county":"ALAMEDA","waterbody":"San Francisco Bay"}]}},{"type":"Feature","geometry":{"type":"Polygon","coordinates":[[[-122.20282900739488,37.651974348096],[-122.19834702036417,37.655513657155105],[-122.1997854152483,37.660216290689526],[-122.20570613829176,37.66137943029444],[-122.21018791724649,37.657840002885365],[-122.20874918128192,37.65313755423143],[-122.20282900739488,37.651974348096]]]},"properties":{"h3_index":"8828309a55fffff","station_count":2,"program_id":"sf_bay","program":"SF Bay","resolution":8,"stations":[{"station_id":"SB069S","station_name":"South Bay (SB069S)","lat":37.65727,"lon":-122.200098,"county":"ALAMEDA","waterbody":"San Francisco Bay"},{"station_id":"SB005S","station_name":"South Bay (SB005S)","lat":37.655214,"lon":-122.208218,"county":"ALAMEDA","waterbody":"San Francisco Bay"}]}},{"type":"Feature","geometry":{"type":"Polygon","coordinates":[[[-122.21018791724649,37.657840002885365],[-122.20570613829176,37.66137943029444],[-122.20714487866935,37.666081623407216],[-122.21306573905204,37.667244204209],[-122.2175473097459,37.66370465850218],[-122.21610822836608,37.65900265030141],[-122.21018791724649,37.657840002885365]]]},"properties":{"h3_index":"8828309a57fffff","station_count":1,"program_id":"sf_bay","program":"SF Bay","resolution":8,"stations":[{"station_id":"SB033W","station_name":"South Bay (SB033W)","lat":37.662221,"lon":-122.212538,"county":"ALAMEDA","waterbody":"San Francisco Bay"}]}},{"type":"Feature","geometry":{"type":"Polygon","coordinates":[[[-122.22363065864131,37.64722072878329],[-122.21915017741345,37.650760652037214],[-122.22058925427817,37.65546291571517],[-122.22650915313879,37.656625071077855],[-122.23098942585355,37.65308502954545],[-122.22955000826892,37.648382950938945],[-122.22363065864131,37.64722072878329]]]},"properties":{"h3_index":"8828309a5bfffff","station_count":1,"program_id":"sf_bay","program":"SF Bay","resolution":8,"stations":[{"station_id":"SB087S","station_name":"South Bay (SB087S)","lat":37.65298,"lon":-122.22593,"county":"ALAMEDA"}]}},{"type":"Feature","geometry":{"type":"Polygon","coordinates":[[[-122.17161779836879,37.659098780605255],[-122.16713355379703,37.66263716664028],[-122.16857092435879,37.66734035424259],[-122.17449288116144,37.66850497122632],[-122.17897691831367,37.66496646673436],[-122.1775392061309,37.66026346372572],[-122.17161779836879,37.659098780605255]]]},"properties":{"h3_index":"8828309a63fffff","station_count":1,"program_id":"sf_bay","program":"SF Bay","resolution":8,"stations":[{"station_id":"SB069","station_name":"SF Bay RMP - South Bay SB069","lat":37.66252,"lon":-122.176,"county":"ALAMEDA"}]}},{"type":"Feature","geometry":{"type":"Polygon","coordinates":[[[-122.16121173541443,37.66147199092101],[-122.1567267386401,37.66501006881963],[-122.15816376740067,37.66971344091992],[-122.1640861347849,37.670878550633745],[-122.16857092435879,37.66734035424259],[-122.16713355379703,37.66263716664028],[-122.16121173541443,37.66147199092101]]]},"properties":{"h3_index":"8828309a67fffff","station_count":1,"program_id":"sf_bay","program":"SF Bay","resolution":8,"stations":[{"station_id":"EBDAWWTP","station_name":"East Bay Dischargers Authority Wastewater Treatment Plant","lat":37.66793,"lon":-122.159476,"county":"ALAMEDA"}]}},{"type":"Feature","geometry":{"type":"Polygon","coordinates":[[[-122.17466413150767,37.65085676190296],[-122.17018043184063,37.65439533737011],[-122.17161779836879,37.659098780605255],[-122.1775392061309,37.66026346372572],[-122.18202269834435,37.65672476978513],[-122.1805849902974,37.65202151120762],[-122.17466413150767,37.65085676190296]]]},"properties":{"h3_index":"8828309a6bfffff","station_count":1,"program_id":"sf_bay","program":"SF Bay","resolution":8,"stations":[{"station_id":"SB032S","station_name":"South Bay (SB032S)","lat":37.656827,"lon":-122.174937,"county":"ALAMEDA","waterbody":"San Francisco Bay"}]}},{"type":"Feature","geometry":{"type":"Polygon","coordinates":[[[-122.24827153811297,37.70949186459472],[-122.24378992130346,37.71303162244854],[-122.2452307441438,37.717730657492574],[-122.25115352457856,37.71888974972042],[-122.25563493208497,37.715349873915166],[-122.25419376850796,37.710651023843575],[-122.24827153811297,37.70949186459472]]]},"properties":{"h3_index":"8828309a83fffff","station_count":1,"program_id":"sf_bay","program":"SF Bay","resolution":8,"stations":[{"station_id":"CB006S","station_name":"Central Bay (CB006S)","lat":37.71307,"lon":-122.24855,"county":"ALAMEDA","waterbody":"San Francisco Bay"}]}},{"type":"Feature","geometry":{"type":"Polygon","coordinates":[[[-122.27340175322557,37.718824621525734],[-122.26892131012627,37.72236492251017],[-122.27036316474462,37.7270628893048],[-122.27628580290943,37.72822036999502],[-122.28076603611709,37.72467995119991],[-122.27932384109982,37.7199821695353],[-122.27340175322557,37.718824621525734]]]},"properties":{"h3_index":"8828309a93fffff","station_count":1,"program_id":"sf_bay","program":"SF Bay","resolution":8,"stations":[{"station_id":"CB038W","station_name":"Central Bay (CB038W)","lat":37.72551,"lon":-122.27367,"county":"ALAMEDA","waterbody":"San Francisco Bay"}]}},{"type":"Feature","geometry":{"type":"Polygon","coordinates":[[[-122.25563493208497,37.715349873915166],[-122.25115352457856,37.71888974972042],[-122.25259469302087,37.723588343222694],[-122.25851760967593,37.72474687592613],[-122.2629988076942,37.72120688222175],[-122.26155729859376,37.71650847372316],[-122.25563493208497,37.715349873915166]]]},"properties":{"h3_index":"8828309a95fffff","station_count":1,"program_id":"sf_bay","program":"SF Bay","resolution":8,"stations":[{"station_id":"CB038S","station_name":"Central Bay (CB038S)","lat":37.722928,"lon":-122.26048,"county":"ALAMEDA","waterbody":"San Francisco Bay"}]}},{"type":"Feature","geometry":{"type":"Polygon","coordinates":[[[-122.23658755867312,37.68953295860216],[-122.23210606889054,37.69307266974825],[-122.23354619586443,37.69777284375203],[-122.23946815346048,37.69893312164603],[-122.24394943427635,37.69539329242764],[-122.2425089665111,37.690693303397616],[-122.23658755867312,37.68953295860216]]]},"properties":{"h3_index":"8828309ac7fffff","station_count":1,"program_id":"sf_bay","program":"SF Bay","resolution":8,"stations":[{"station_id":"CB022W","station_name":"Central Bay (CB022W)","lat":37.69261,"lon":-122.239929,"county":"ALAMEDA","waterbody":"San Francisco Bay"}]}},{"type":"Feature","geometry":{"type":"Polygon","coordinates":[[[-122.23226754190658,37.675430971373515],[-122.22778638828902,37.67897075351902],[-122.22922616511521,37.6836716245767],[-122.23514743637472,37.6848325284926],[-122.23962838117687,37.68129262820615],[-122.23818826358311,37.67659194215482],[-122.23226754190658,37.675430971373515]]]},"properties":{"h3_index":"8828309acdfffff","station_count":1,"program_id":"sf_bay","program":"SF Bay","resolution":8,"stations":[{"station_id":"SB007S","station_name":"South Bay (SB007S)","lat":37.682022,"lon":-122.231019,"county":"ALAMEDA","waterbody":"San Francisco Bay"}]}},{"type":"Feature","geometry":{"type":"Polygon","coordinates":[[[-122.254351505119,37.693012941612224],[-122.24987097850243,37.696553078023626],[-122.2513117917291,37.701252625842834],[-122.25723347215292,37.70241185216036],[-122.26171378939932,37.69887159776497],[-122.2602726356403,37.69417223504608],[-122.254351505119,37.693012941612224]]]},"properties":{"h3_index":"8828309ad5fffff","station_count":1,"program_id":"sf_bay","program":"SF Bay","resolution":8,"stations":[{"station_id":"CB006W","station_name":"Central Bay (CB006W)","lat":37.694556,"lon":-122.25523,"county":"ALAMEDA","waterbody":"San Francisco Bay"}]}},{"type":"Feature","geometry":{"type":"Polygon","coordinates":[[[-122.27515214214088,37.68824984297661],[-122.27067312438528,37.691790593080526],[-122.27211461849612,37.696489770603904],[-122.27803547058207,37.69764801274276],[-122.28251427853097,37.69410714472696],[-122.28107244424888,37.689408152494245],[-122.27515214214088,37.68824984297661]]]},"properties":{"h3_index":"8828309adbfffff","station_count":1,"program_id":"sf_bay","program":"SF Bay","resolution":8,"stations":[{"station_id":"CB034S","station_name":"Central Bay (CB034S)","lat":37.693182,"lon":-122.27472,"county":"SAN MATEO","waterbody":"San Francisco Bay"}]}},{"type":"Feature","geometry":{"type":"Polygon","coordinates":[[[-122.2157797707219,37.69428990679972],[-122.2112967734416,37.69782900279452],[-122.21273621829133,37.702529546459765],[-122.2186590016219,37.703690809357234],[-122.22314179037281,37.70015159521835],[-122.22170200437075,37.69545123633616],[-122.2157797707219,37.69428990679972]]]},"properties":{"h3_index":"8828309ae1fffff","station_count":1,"program_id":"sf_bay","program":"SF Bay","resolution":8,"stations":[{"station_id":"SB031W","station_name":"South Bay (SB031W)","lat":37.696834,"lon":-122.217079,"county":"ALAMEDA","waterbody":"San Francisco Bay"}]}},{"type":"Feature","geometry":{"type":"Polygon","coordinates":[[[-122.20537412739016,37.69666718068405],[-122.20089037659336,37.70020596875662],[-122.20232948011031,37.70490669710946],[-122.20825267580504,37.70606845271226],[-122.21273621829133,37.702529546459765],[-122.2112967734416,37.69782900279452],[-122.20537412739016,37.69666718068405]]]},"properties":{"h3_index":"8828309ae5fffff","station_count":1,"program_id":"sf_bay","program":"SF Bay","resolution":8,"stations":[{"station_id":"SB073","station_name":"SF Bay RMP - South Bay SB073","lat":37.70561,"lon":-122.206,"county":"ALAMEDA"}]}},{"type":"Feature","geometry":{"type":"Polygon","coordinates":[[[-122.21882278251523,37.68604982137524],[-122.21434033034329,37.6895891069008],[-122.2157797707219,37.69428990679972],[-122.22170200437075,37.69545123633616],[-122.22618424797956,37.69191183265016],[-122.22474446655085,37.68721121759825],[-122.21882278251523,37.68604982137524]]]},"properties":{"h3_index":"8828309ae9fffff","station_count":1,"program_id":"sf_bay","program":"SF Bay","resolution":8,"stations":[{"station_id":"SB063W","station_name":"South Bay (SB063W)","lat":37.6937,"lon":-122.22285,"county":"ALAMEDA","waterbody":"San Francisco Bay"}]}},{"type":"Feature","geometry":{"type":"Polygon","coordinates":[[[-122.22618424797956,37.69191183265016],[-122.22170200437075,37.69545123633616],[-122.22314179037281,37.70015159521835],[-122.22906416100375,37.701312365546215],[-122.23354619586443,37.69777284375203],[-122.23210606889054,37.69307266974825],[-122.22618424797956,37.69191183265016]]]},"properties":{"h3_index":"8828309aebfffff","station_count":2,"program_id":"sf_bay","program":"SF Bay","resolution":8,"stations":[{"station_id":"SB015S","station_name":"South Bay (SB015S)","lat":37.700097,"lon":-122.223539,"county":"ALAMEDA","waterbody":"San Francisco Bay"},{"station_id":"SB111S","station_name":"South Bay (SB111S)","lat":37.69478,"lon":-122.22802,"county":"ALAMEDA"}]}},{"type":"Feature","geometry":{"type":"Polygon","coordinates":[[[-122.93224153722974,38.205607636670756],[-122.92778191767945,38.20915867372923],[-122.92925411716621,38.21381806332098],[-122.93518626922923,38.214926227957065],[-122.9396456624696,38.21137507771769],[-122.93817313000618,38.20671587603275],[-122.93224153722974,38.205607636670756]]]},"properties":{"h3_index":"882830a4b7fffff","station_count":1,"program_id":"sf_bay","program":"SF Bay","resolution":8,"stations":[{"station_id":"TB101","station_name":"Tomales Bay - TB101","lat":38.20926,"lon":-122.92915,"county":"MARIN"}]}},{"type":"Feature","geometry":{"type":"Polygon","coordinates":[[[-122.83321381180711,38.086107402585554],[-122.82875300790357,38.08965749305823],[-122.83021999442535,38.09432471067661],[-122.83614811871057,38.09544165008955],[-122.8406086989746,38.0918914455718],[-122.83914137864201,38.087224415695864],[-122.83321381180711,38.086107402585554]]]},"properties":{"h3_index":"882830a709fffff","station_count":1,"program_id":"sf_bay","program":"SF Bay","resolution":8,"stations":[{"station_id":"TB102","station_name":"Tomales Bay - TB102","lat":38.09084,"lon":-122.83581,"county":"MARIN"}]}},{"type":"Feature","geometry":{"type":"Polygon","coordinates":[[[-122.5610438096697,38.17953751670595],[-122.55656159795548,38.18307918088376],[-122.55802021136253,38.1877500036213],[-122.56396137534993,38.1888789770109],[-122.56844336896319,38.18533719787492],[-122.56698441673909,38.18066656031747],[-122.5610438096697,38.17953751670595]]]},"properties":{"h3_index":"882830a817fffff","station_count":1,"program_id":"sf_bay","program":"SF Bay","resolution":8,"stations":[{"station_id":"322WE","station_name":"322 (Petaluma Central)-322WE","lat":38.18311,"lon":-122.56256,"county":"SONOMA"}]}},{"type":"Feature","geometry":{"type":"Polygon","coordinates":[[[-122.58022201021421,38.205144995218845],[-122.57573990428901,38.208686809285034],[-122.5771995662827,38.21335601592083],[-122.58314167292669,38.21448322329596],[-122.58762356022189,38.210941294443465],[-122.58616355955223,38.2062722730121],[-122.58022201021421,38.205144995218845]]]},"properties":{"h3_index":"882830a885fffff","station_count":1,"program_id":"sf_bay","program":"SF Bay","resolution":8,"stations":[{"station_id":"306WE","station_name":"306 (Petaluma N)-306WE","lat":38.20891,"lon":-122.57894,"county":"SONOMA"}]}},{"type":"Feature","geometry":{"type":"Polygon","coordinates":[[[-122.48573806078504,38.099240378141026],[-122.48125455924516,38.10278116294299],[-122.4827093428314,38.10745745634892],[-122.4886479675078,38.10859277998093],[-122.4931312529365,38.10505187961459],[-122.4916761298489,38.10037577119062],[-122.48573806078504,38.099240378141026]]]},"properties":{"h3_index":"882830ab41fffff","station_count":1,"program_id":"sf_bay","program":"SF Bay","resolution":8,"stations":[{"station_id":"SPB15","station_name":"SF Bay RMP - San Pablo Bay SPB15","lat":38.108383,"lon":-122.488233,"county":"MARIN"}]}},{"type":"Feature","geometry":{"type":"Polygon","coordinates":[[[-122.4827093428314,38.10745745634892],[-122.47822529286137,38.110998046941106],[-122.47968008359796,38.11567407670515],[-122.48561926395749,38.11680933096864],[-122.4901030978484,38.11326862482661],[-122.4886479675078,38.10859277998093],[-122.4827093428314,38.10745745634892]]]},"properties":{"h3_index":"882830ab47fffff","station_count":1,"program_id":"sf_bay","program":"SF Bay","resolution":8,"stations":[{"station_id":"BD15","station_name":"Petaluma River (BD15)","lat":38.111,"lon":-122.487,"county":"SONOMA","waterbody":"San Francisco Bay"}]}},{"type":"Feature","geometry":{"type":"Polygon","coordinates":[[[-122.66816322033375,37.86131260301099],[-122.66370157702657,37.86486139830883],[-122.66515952487138,37.86954261936508],[-122.67107945109196,37.87067485756351],[-122.6755408753056,37.86712594669057],[-122.67408259244091,37.86244491320403],[-122.66816322033375,37.86131260301099]]]},"properties":{"h3_index":"882830b351fffff","station_count":1,"program_id":"sf_bay","program":"SF Bay","resolution":8,"stations":[{"station_id":"BC20","station_name":"Golden Gate (BC20)","lat":37.864,"lon":-122.67333,"county":"MARIN","waterbody":"San Francisco Bay"}]}},{"type":"Feature","geometry":{"type":"Polygon","coordinates":[[[-122.92393892696104,37.967059286124936],[-122.91948907188777,37.970613315300675],[-122.92095757905471,37.97528299089191],[-122.92687627291915,37.97639844828884],[-122.93132590290573,37.97284430507258],[-122.92985706416353,37.96817481850943],[-122.92393892696104,37.967059286124936]]]},"properties":{"h3_index":"882830b6a9fffff","station_count":1,"program_id":"sf_bay","program":"SF Bay","resolution":8,"stations":[{"station_id":"GFNMS25","station_name":"MMP - Greater Farallones NMS 25","lat":37.969478,"lon":-122.926965,"county":"MARIN"}]}},{"type":"Feature","geometry":{"type":"Polygon","coordinates":[[[-122.46392879405914,38.02906713890785],[-122.45944695461803,38.03260831264115],[-122.46089996999471,38.03728816032591],[-122.46683516425203,38.03842664913661],[-122.47131678835325,38.03488535950318],[-122.46986343358587,38.030205696969176],[-122.46392879405914,38.02906713890785]]]},"properties":{"h3_index":"882830b903fffff","station_count":1,"program_id":"sf_bay","program":"SF Bay","resolution":8,"stations":[{"station_id":"SPB051S","station_name":"San Pablo Bay (SPB051S)","lat":38.03488,"lon":-122.4615,"county":"MARIN"}]}},{"type":"Feature","geometry":{"type":"Polygon","coordinates":[[[-122.446124290918,38.025649350207026],[-122.44164147364712,38.02919009892392],[-122.44309380294493,38.033870578949546],[-122.44902928921616,38.035010125241186],[-122.45351189155183,38.0314692605341],[-122.45205922260024,38.026788965535566],[-122.446124290918,38.025649350207026]]]},"properties":{"h3_index":"882830b905fffff","station_count":1,"program_id":"sf_bay","program":"SF Bay","resolution":8,"stations":[{"station_id":"SPB007W","station_name":"San Pablo Bay (SPB007W)","lat":38.02798,"lon":-122.447715,"county":"MARIN","waterbody":"San Francisco Bay"}]}},{"type":"Feature","geometry":{"type":"Polygon","coordinates":[[[-122.45957012207695,38.01502610001622],[-122.45508861512391,38.01856735066071],[-122.45654127719509,38.02324790775488],[-122.4624757856366,38.024387029030095],[-122.46695707740373,38.02084566241811],[-122.46550407596406,38.0161652905084],[-122.45957012207695,38.01502610001622]]]},"properties":{"h3_index":"882830b909fffff","station_count":1,"program_id":"sf_bay","program":"SF Bay","resolution":8,"stations":[{"station_id":"SPB019S","station_name":"San Pablo Bay (SPB019S)","lat":38.019746,"lon":-122.463736,"county":"MARIN","waterbody":"San Francisco Bay"}]}},{"type":"Feature","geometry":{"type":"Polygon","coordinates":[[[-122.44915423796036,38.01742766624646],[-122.44467196839805,38.02096860802208],[-122.446124290918,38.025649350207026],[-122.45205922260024,38.026788965535566],[-122.45654127719509,38.02324790775488],[-122.45508861512391,38.01856735066071],[-122.44915423796036,38.01742766624646]]]},"properties":{"h3_index":"882830b90dfffff","station_count":1,"program_id":"sf_bay","program":"SF Bay","resolution":8,"stations":[{"station_id":"SPB027W","station_name":"San Pablo Bay (SPB027W)","lat":38.019831,"lon":-122.453145,"county":"MARIN","waterbody":"San Francisco Bay"}]}},{"type":"Feature","geometry":{"type":"Polygon","coordinates":[[[-122.47434450998092,38.0266642144422],[-122.46986343358587,38.030205696969176],[-122.47131678835325,38.03488535950318],[-122.47725155877238,38.03602335427587],[-122.48173241960914,38.03248175588642],[-122.48027872563388,38.02780227859676],[-122.47434450998092,38.0266642144422]]]},"properties":{"h3_index":"882830b91dfffff","station_count":1,"program_id":"sf_bay","program":"SF Bay","resolution":8,"stations":[{"station_id":"SPB003S","station_name":"San Pablo Bay (SPB003S)","lat":38.028181,"lon":-122.476596,"county":"MARIN","waterbody":"San Francisco Bay"}]}},{"type":"Feature","geometry":{"type":"Polygon","coordinates":[[[-122.44006277391334,38.04209135210322],[-122.4355788609282,38.04563171407327],[-122.43703120369517,38.050311669297386],[-122.44296779935502,38.05145107766169],[-122.44745149746963,38.0479105997311],[-122.44599881484373,38.04323082940678],[-122.44006277391334,38.04209135210322]]]},"properties":{"h3_index":"882830b923fffff","station_count":1,"program_id":"sf_bay","program":"SF Bay","resolution":8,"stations":[{"station_id":"SPB031W","station_name":"San Pablo Bay (SPB031W)","lat":38.04692,"lon":-122.44508,"county":"MARIN","waterbody":"San Francisco Bay"}]}},{"type":"Feature","geometry":{"type":"Polygon","coordinates":[[[-122.42964239716332,38.04449174231503],[-122.42515772152076,38.04803179459891],[-122.42660972424596,38.05271193462911],[-122.43254674270429,38.05385183757938],[-122.43703120369517,38.050311669297386],[-122.4355788609282,38.04563171407327],[-122.42964239716332,38.04449174231503]]]},"properties":{"h3_index":"882830b927fffff","station_count":1,"program_id":"sf_bay","program":"SF Bay","resolution":8,"stations":[{"station_id":"SPB057S","station_name":"San Pablo Bay (SPB057S)","lat":38.048393,"lon":-122.427815,"county":"MARIN"}]}},{"type":"Feature","geometry":{"type":"Polygon","coordinates":[[[-122.43570611905861,38.02804998940323],[-122.4312225392636,38.03159042882383],[-122.43267452872489,38.036271093782844],[-122.43861043786647,38.03741113439789],[-122.44309380294493,38.033870578949546],[-122.44164147364712,38.02919009892392],[-122.43570611905861,38.02804998940323]]]},"properties":{"h3_index":"882830b929fffff","station_count":1,"program_id":"sf_bay","program":"SF Bay","resolution":8,"stations":[{"station_id":"SPB073S","station_name":"San Pablo Bay (SPB073S)","lat":38.031373,"lon":-122.436595,"county":"MARIN","waterbody":"San Francisco Bay"}]}},{"type":"Feature","geometry":{"type":"Polygon","coordinates":[[[-122.44309380294493,38.033870578949546],[-122.43861043786647,38.03741113439789],[-122.44006277391334,38.04209135210322],[-122.44599881484373,38.04323082940678],[-122.45048196501934,38.039690157983074],[-122.44902928921616,38.035010125241186],[-122.44309380294493,38.033870578949546]]]},"properties":{"h3_index":"882830b92bfffff","station_count":1,"program_id":"sf_bay","program":"SF Bay","resolution":8,"stations":[{"station_id":"SPB009S","station_name":"San Pablo Bay (SPB009S)","lat":38.037482,"lon":-122.447916,"county":"MARIN","waterbody":"San Francisco Bay"}]}},{"type":"Feature","geometry":{"type":"Polygon","coordinates":[[[-122.45484069919453,38.05372883646432],[-122.45035721613677,38.05726943030307],[-122.45181025220289,38.061948490443534],[-122.45774711107404,38.063086771795454],[-122.46223037888859,38.05954606210094],[-122.46077700312408,38.054867186920276],[-122.45484069919453,38.05372883646432]]]},"properties":{"h3_index":"882830b937fffff","station_count":1,"program_id":"sf_bay","program":"SF Bay","resolution":8,"stations":[{"station_id":"SPB031S","station_name":"San Pablo Bay (SPB031S)","lat":38.056942,"lon":-122.451546,"county":"MARIN","waterbody":"San Francisco Bay"}]}},{"type":"Feature","geometry":{"type":"Polygon","coordinates":[[[-122.45521250976456,38.0009829341549],[-122.45073133532225,38.00452426141841],[-122.45218364419995,38.00920552743877],[-122.45811746691503,38.01034528098747],[-122.46259842632533,38.00680383768901],[-122.46114577810137,38.00212275688678],[-122.45521250976456,38.0009829341549]]]},"properties":{"h3_index":"882830b941fffff","station_count":1,"program_id":"sf_bay","program":"SF Bay","resolution":8,"stations":[{"station_id":"SPB047S","station_name":"San Pablo Bay (SPB047S)","lat":38.007546,"lon":-122.458025,"county":"MARIN"}]}},{"type":"Feature","geometry":{"type":"Polygon","coordinates":[[[-122.46259842632533,38.00680383768901],[-122.45811746691503,38.01034528098747],[-122.45957012207695,38.01502610001622],[-122.46550407596406,38.0161652905084],[-122.46998482015626,38.01262373122753],[-122.46853182572829,38.00794309744688],[-122.46259842632533,38.00680383768901]]]},"properties":{"h3_index":"882830b943fffff","station_count":1,"program_id":"sf_bay","program":"SF Bay","resolution":8,"stations":[{"station_id":"SPB035W","station_name":"San Pablo Bay (SPB035W)","lat":38.01122,"lon":-122.46102,"county":"MARIN","waterbody":"San Francisco Bay"}]}},{"type":"Feature","geometry":{"type":"Polygon","coordinates":[[[-122.49081065626132,38.00781658746047],[-122.4863314380446,38.01135876331645],[-122.487785117673,38.016038764576415],[-122.4937183543871,38.01717640452514],[-122.49819735676336,38.01363411281463],[-122.49674333831474,38.00895429701987],[-122.49081065626132,38.00781658746047]]]},"properties":{"h3_index":"882830b95bfffff","station_count":1,"program_id":"sf_bay","program":"SF Bay","resolution":8,"stations":[{"station_id":"CHINA","station_name":"China Camp-CHINA","lat":38.014507,"lon":-122.489562,"county":"MARIN","waterbody":"San Francisco Bay"}]}},{"type":"Feature","geometry":{"type":"Polygon","coordinates":[[[-122.43135052387434,38.014006498756444],[-122.42686727729182,38.01754701533568],[-122.42831891355954,38.022228389546555],[-122.43425413627264,38.02336906222124],[-122.43873716829242,38.01982842954697],[-122.43728519221064,38.01514724030306],[-122.43135052387434,38.014006498756444]]]},"properties":{"h3_index":"882830b961fffff","station_count":2,"program_id":"sf_bay","program":"SF Bay","resolution":8,"stations":[{"station_id":"SPB135S","station_name":"San Pablo Bay (SPB135S)","lat":38.020313,"lon":-122.429515,"county":"MARIN","waterbody":"San Francisco Bay"},{"station_id":"SPB013W","station_name":"San Pablo Bay (SPB013W)","lat":38.017743,"lon":-122.427725,"county":"MARIN","waterbody":"San Francisco Bay"}]}},{"type":"Feature","geometry":{"type":"Polygon","coordinates":[[[-122.42093218664682,38.01640577958213],[-122.41644817797754,38.0199459867901],[-122.4178994742485,38.024627545874104],[-122.42383511923428,38.02576871288703],[-122.42831891355954,38.022228389546555],[-122.42686727729182,38.01754701533568],[-122.42093218664682,38.01640577958213]]]},"properties":{"h3_index":"882830b965fffff","station_count":1,"program_id":"sf_bay","program":"SF Bay","resolution":8,"stations":[{"station_id":"SPB037W","station_name":"San Pablo Bay (SPB037W)","lat":38.017013,"lon":-122.421474,"county":"MARIN","waterbody":"San Francisco Bay"}]}},{"type":"Feature","geometry":{"type":"Polygon","coordinates":[[[-122.43438159317583,38.00578415297295],[-122.4298988942371,38.009324862581074],[-122.43135052387434,38.014006498756444],[-122.43728519221064,38.01514724030306],[-122.44176767655422,38.01160641458496],[-122.44031570720546,38.00692496344023],[-122.43438159317583,38.00578415297295]]]},"properties":{"h3_index":"882830b969fffff","station_count":1,"program_id":"sf_bay","program":"SF Bay","resolution":8,"stations":[{"station_id":"SPB005S","station_name":"San Pablo Bay (SPB005S)","lat":38.012257,"lon":-122.435495,"county":"MARIN","waterbody":"San Francisco Bay"}]}},{"type":"Feature","geometry":{"type":"Polygon","coordinates":[[[-122.42396435786277,38.008183558038105],[-122.41948089690378,38.011723958469936],[-122.42093218664682,38.01640577958213],[-122.42686727729182,38.01754701533568],[-122.43135052387434,38.014006498756444],[-122.4298988942371,38.009324862581074],[-122.42396435786277,38.008183558038105]]]},"properties":{"h3_index":"882830b96dfffff","station_count":1,"program_id":"sf_bay","program":"SF Bay","resolution":8,"stations":[{"station_id":"SPB029W","station_name":"San Pablo Bay (SPB029W)","lat":38.016619,"lon":-122.424395,"county":"MARIN","waterbody":"San Francisco Bay"}]}},{"type":"Feature","geometry":{"type":"Polygon","coordinates":[[[-122.49650966922069,38.04411380622814],[-122.49202924005908,38.047655636184835],[-122.49348363382103,38.05233395592473],[-122.49941879576005,38.053470260383996],[-122.50389900880481,38.04992831472247],[-122.5024442760763,38.04525018031647],[-122.49650966922069,38.04411380622814]]]},"properties":{"h3_index":"882830b9c5fffff","station_count":1,"program_id":"sf_bay","program":"SF Bay","resolution":8,"stations":[{"station_id":"226WE","station_name":"226 (NW San Pablo Bay)-226WE","lat":38.04816,"lon":-122.4976,"county":"MARIN"}]}},{"type":"Feature","geometry":{"type":"Polygon","coordinates":[[[-122.48813993139593,37.963282616143545],[-122.48366247057346,37.96682532702974],[-122.48511542951204,37.97150726774686],[-122.49104618789346,37.97264631192748],[-122.49552343311952,37.96910348502134],[-122.49407013560929,37.96442172996448],[-122.48813993139593,37.963282616143545]]]},"properties":{"h3_index":"882830bb0bfffff","station_count":1,"program_id":"sf_bay","program":"SF Bay","resolution":8,"stations":[{"station_id":"CB34","station_name":"SF Bay RMP - Central Bay 34","lat":37.966809,"lon":-122.494303,"county":"MARIN"}]}},{"type":"Feature","geometry":{"type":"Polygon","coordinates":[[[-122.4690179282559,37.93758786141161],[-122.46454036854482,37.9411304150755],[-122.46599228299247,37.94581395561965],[-122.47192209591005,37.946954756875776],[-122.47639944055008,37.94341208701867],[-122.47494718739232,37.93872873210859],[-122.4690179282559,37.93758786141161]]]},"properties":{"h3_index":"882830bb4dfffff","station_count":1,"program_id":"sf_bay","program":"SF Bay","resolution":8,"stations":[{"station_id":"CB075S","station_name":"Central Bay (CB075S)","lat":37.943329,"lon":-122.475335,"county":"MARIN","waterbody":"San Francisco Bay"}]}},{"type":"Feature","geometry":{"type":"Polygon","coordinates":[[[-122.44952882895741,37.964665612145254],[-122.4450488667533,37.96820728374854],[-122.44650046280536,37.972890227327774],[-122.45243236030956,37.97403131396464],[-122.456912107757,37.97048952617624],[-122.45546017250561,37.96580676794611],[-122.44952882895741,37.964665612145254]]]},"properties":{"h3_index":"882830bb67fffff","station_count":1,"program_id":"sf_bay","program":"SF Bay","resolution":8,"stations":[{"station_id":"CB011S","station_name":"Central Bay (CB011S)","lat":37.967574,"lon":-122.450644,"county":"MARIN","waterbody":"San Francisco Bay"}]}},{"type":"Feature","geometry":{"type":"Polygon","coordinates":[[[-122.4629660979066,37.95403959806425],[-122.4584874445251,37.95758176921064],[-122.45993937287065,37.96226478837367],[-122.465870293561,37.963405450893696],[-122.4703487319356,37.95986316358448],[-122.46889646467545,37.95518032992806],[-122.4629660979066,37.95403959806425]]]},"properties":{"h3_index":"882830bb6bfffff","station_count":1,"program_id":"sf_bay","program":"SF Bay","resolution":8,"stations":[{"station_id":"CB107S","station_name":"Central Bay (CB107S)","lat":37.95715,"lon":-122.46503,"county":"MARIN","waterbody":"San Francisco Bay"}]}},{"type":"Feature","geometry":{"type":"Polygon","coordinates":[[[-122.09667935686925,38.01530184131122],[-122.09217502402537,38.01883338093802],[-122.09361462027155,38.02352380425121],[-122.09955889457352,38.0246825056539],[-122.10406302022955,38.02115084849411],[-122.10262307882,38.016460607474926],[-122.09667935686925,38.01530184131122]]]},"properties":{"h3_index":"882830c49bfffff","station_count":1,"program_id":"sf_bay","program":"SF Bay","resolution":8,"stations":[{"station_id":"MTNVW","station_name":"Mountain View S.D.-MTNVW","lat":38.01925,"lon":-122.09451,"county":"CONTRA COSTA"}]}},{"type":"Feature","geometry":{"type":"Polygon","coordinates":[[[-122.07453130669694,37.9977487770962],[-122.07002635341155,38.001279963817275],[-122.07146490396369,38.005971721269276],[-122.07740875324801,38.007132109811664],[-122.08191349990653,38.00360080540423],[-122.08047460395615,37.99890923015113],[-122.07453130669694,37.9977487770962]]]},"properties":{"h3_index":"882830c4d5fffff","station_count":1,"program_id":"sf_bay","program":"SF Bay","resolution":8,"stations":[{"station_id":"CCCSDWWTP","station_name":"Central Contra Costa Sanitary District Wastewater Treatment Plant (CCCSDWWTP)","lat":38.001616,"lon":-122.074742,"county":"CONTRA COSTA"}]}},{"type":"Feature","geometry":{"type":"Polygon","coordinates":[[[-121.97122088855073,38.04371538752268],[-121.96670749432664,38.04724312547797],[-121.96814293443214,38.05193572886899],[-121.97409211615489,38.053100413168345],[-121.97860530586412,38.04957255724916],[-121.97716951841403,38.04488013500497],[-121.97122088855073,38.04371538752268]]]},"properties":{"h3_index":"882830c5a3fffff","station_count":1,"program_id":"sf_bay","program":"SF Bay","resolution":8,"stations":[{"station_id":"SU078S","station_name":"Suisun Bay (SU078S)","lat":38.048533,"lon":-121.968402,"county":"CONTRA COSTA","waterbody":"San Francisco Bay"}]}},{"type":"Feature","geometry":{"type":"Polygon","coordinates":[[[-121.960758457695,38.04607787867293],[-121.95624430939978,38.04960529832077],[-121.957679401979,38.05429808276276],[-121.96362899042828,38.0554632665164],[-121.96814293443214,38.05193572886899],[-121.96670749432664,38.04724312547797],[-121.960758457695,38.04607787867293]]]},"properties":{"h3_index":"882830c5a7fffff","station_count":1,"program_id":"sf_bay","program":"SF Bay","resolution":8,"stations":[{"station_id":"SU062W","station_name":"Suisun Bay (SU062W)","lat":38.051992,"lon":-121.966292}]}},{"type":"Feature","geometry":{"type":"Polygon","coordinates":[[[-121.97860530586412,38.04957255724916],[-121.97409211615489,38.053100413168345],[-121.97552790575256,38.057792571970474],[-121.9814772323748,38.05895669368487],[-121.98599021738171,38.055428719852394],[-121.98455408051728,38.050736742229276],[-121.97860530586412,38.04957255724916]]]},"properties":{"h3_index":"882830c5b5fffff","station_count":3,"program_id":"sf_bay","program":"SF Bay","resolution":8,"stations":[{"station_id":"SU034W","station_name":"Suisun Bay (SU034W)","lat":38.051624,"lon":-121.983883,"county":"CONTRA COSTA","waterbody":"San Francisco Bay"},{"station_id":"SU002W","station_name":"Suisun Bay (SU002W)","lat":38.056086,"lon":-121.975813,"county":"SOLANO","waterbody":"San Francisco Bay"},{"station_id":"SU050W","station_name":"Suisun Bay (SU050W)","lat":38.052982,"lon":-121.976983,"county":"CONTRA COSTA"}]}},{"type":"Feature","geometry":{"type":"Polygon","coordinates":[[[-121.81296646368386,38.05675978741845],[-121.80844267553178,38.06028301380749],[-121.80987253211408,38.06497929508259],[-121.81582652683309,38.0661521701808],[-121.82035011394903,38.06262882521716],[-121.81891990743053,38.05793272374051],[-121.81296646368386,38.05675978741845]]]},"properties":{"h3_index":"882830cc67fffff","station_count":1,"program_id":"sf_bay","program":"SF Bay","resolution":8,"stations":[{"station_id":"BG20","station_name":"Sacramento River (BG20)","lat":38.0597,"lon":-121.811268,"county":"SACRAMENTO","waterbody":"San Francisco Bay"}]}},{"type":"Feature","geometry":{"type":"Polygon","coordinates":[[[-121.84627969246647,38.01917392682354],[-121.84175960776646,38.02269860288381],[-121.84319016102457,38.02739557850096],[-121.84914114818768,38.02856769782222],[-121.85366103125345,38.02504290319751],[-121.85223012883877,38.02034610782655],[-121.84627969246647,38.01917392682354]]]},"properties":{"h3_index":"882830ce23fffff","station_count":1,"program_id":"sf_bay","program":"SF Bay","resolution":8,"stations":[{"station_id":"KIRKE","station_name":"Dow Chemical - Kirker Creek-KIRKE","lat":38.02476,"lon":-121.84384,"county":"CONTRA COSTA"}]}},{"type":"Feature","geometry":{"type":"Polygon","coordinates":[[[-121.9145963883954,38.041437640208734],[-121.91007957218001,38.044963867185444],[-121.91151292147327,38.04965808273363],[-121.91746343525666,38.050825890617375],[-121.92198004822716,38.0472995454335],[-121.92054635070767,38.04260551058355],[-121.9145963883954,38.041437640208734]]]},"properties":{"h3_index":"882830ce81fffff","station_count":1,"program_id":"sf_bay","program":"SF Bay","resolution":8,"stations":[{"station_id":"SacSJ_MallardIsland","station_name":"Sacramento-San Joaquin River at Mallard Island near Bay Point Regional Shoreline","lat":38.04278,"lon":-121.92013,"county":"CONTRA COSTA"}]}},{"type":"Feature","geometry":{"type":"Polygon","coordinates":[[[-121.93983011499945,38.050800407312344],[-121.93531445904706,38.05432718965284],[-121.93674885602876,38.059020335908926],[-121.94269925690097,38.06018651897591],[-121.94721470900946,38.056659618564645],[-121.94577996413818,38.05196665316762],[-121.93983011499945,38.050800407312344]]]},"properties":{"h3_index":"882830ce91fffff","station_count":1,"program_id":"sf_bay","program":"SF Bay","resolution":8,"stations":[{"station_id":"USGS 4.1","station_name":"USGS Station 4.1 - near the confluence of the Sacramento and San Joaquin Rivers","lat":38.057117,"lon":-121.94485,"county":"CONTRA COSTA"}]}},{"type":"Feature","geometry":{"type":"Polygon","coordinates":[[[-121.94721470900946,38.056659618564645],[-121.94269925690097,38.06018651897591],[-121.9441340036079,38.06487922073992],[-121.95008455028379,38.066044841211735],[-121.95459979836079,38.06251782278015],[-121.95316470384196,38.05782530190752],[-121.94721470900946,38.056659618564645]]]},"properties":{"h3_index":"882830ce93fffff","station_count":3,"program_id":"sf_bay","program":"SF Bay","resolution":8,"stations":[{"station_id":"SU030W","station_name":"Suisun Bay (SU030W)","lat":38.059009,"lon":-121.952352,"county":"SOLANO","waterbody":"San Francisco Bay"},{"station_id":"SU014S","station_name":"Suisun Bay (SU014S)","lat":38.065478,"lon":-121.950482,"county":"SOLANO","waterbody":"San Francisco Bay"},{"station_id":"SU006W","station_name":"Suisun Bay (SU006W)","lat":38.058826,"lon":-121.944622,"county":"SOLANO","waterbody":"San Francisco Bay"}]}},{"type":"Feature","geometry":{"type":"Polygon","coordinates":[[[-121.92936420417004,38.0531604440702],[-121.924847794632,38.05668690741085],[-121.92628184354251,38.06138023442996],[-121.93223265011076,38.0625469173559],[-121.93674885602876,38.059020335908926],[-121.93531445904706,38.05432718965284],[-121.92936420417004,38.0531604440702]]]},"properties":{"h3_index":"882830ce95fffff","station_count":1,"program_id":"sf_bay","program":"SF Bay","resolution":8,"stations":[{"station_id":"SU022W","station_name":"Suisun Bay (SU022W)","lat":38.056146,"lon":-121.935541,"county":"SOLANO","waterbody":"San Francisco Bay"}]}},{"type":"Feature","geometry":{"type":"Polygon","coordinates":[[[-121.93674885602876,38.059020335908926],[-121.93223265011076,38.0625469173559],[-121.93366704882408,38.067239799915306],[-121.93961800149755,38.068405920242796],[-121.9441340036079,38.06487922073992],[-121.94269925690097,38.06018651897591],[-121.93674885602876,38.059020335908926]]]},"properties":{"h3_index":"882830ce97fffff","station_count":1,"program_id":"sf_bay","program":"SF Bay","resolution":8,"stations":[{"station_id":"BF40","station_name":"Honker Bay (BF40)","lat":38.067,"lon":-121.934,"county":"SOLANO","waterbody":"San Francisco Bay"}]}},{"type":"Feature","geometry":{"type":"Polygon","coordinates":[[[-121.94291082586464,38.04258001449712],[-121.93839571977973,38.046106997520965],[-121.93983011499945,38.050800407312344],[-121.94577996413818,38.05196665316762],[-121.9502948663429,38.048439552058056],[-121.94886012333761,38.04374632318942],[-121.94291082586464,38.04258001449712]]]},"properties":{"h3_index":"882830ce99fffff","station_count":1,"program_id":"sf_bay","program":"SF Bay","resolution":8,"stations":[{"station_id":"SU054W","station_name":"Suisun Bay (SU054W)","lat":38.050723,"lon":-121.943782,"county":"CONTRA COSTA"}]}},{"type":"Feature","geometry":{"type":"Polygon","coordinates":[[[-121.9502948663429,38.048439552058056],[-121.94577996413818,38.05196665316762],[-121.94721470900946,38.056659618564645],[-121.95316470384196,38.05782530190752],[-121.957679401979,38.05429808276276],[-121.95624430939978,38.04960529832077],[-121.9502948663429,38.048439552058056]]]},"properties":{"h3_index":"882830ce9bfffff","station_count":1,"program_id":"sf_bay","program":"SF Bay","resolution":8,"stations":[{"station_id":"SU030S","station_name":"Suisun Bay (SU030S)","lat":38.056751,"lon":-121.948752,"county":"SOLANO","waterbody":"San Francisco Bay"}]}},{"type":"Feature","geometry":{"type":"Polygon","coordinates":[[[-121.9231989345152,38.069599559940684],[-121.9186814248245,38.07312562089374],[-121.92011547695967,38.077818420230926],[-121.92606738711348,38.07898497798979],[-121.93058469325695,38.0754587989601],[-121.92915029284242,38.07076618025867],[-121.9231989345152,38.069599559940684]]]},"properties":{"h3_index":"882830ceb3fffff","station_count":1,"program_id":"sf_bay","program":"SF Bay","resolution":8,"stations":[{"station_id":"SU022S","station_name":"Suisun Bay (SU022S)","lat":38.070274,"lon":-121.925131,"county":"SOLANO","waterbody":"San Francisco Bay"}]}},{"type":"Feature","geometry":{"type":"Polygon","coordinates":[[[-121.8001019690715,38.014482397656764],[-121.79557922941514,38.01800587502935],[-121.79700803352351,38.022704277113554],[-121.80295992719047,38.02387902194513],[-121.80748246626202,38.02035542580291],[-121.80605331229984,38.015657203609315],[-121.8001019690715,38.014482397656764]]]},"properties":{"h3_index":"882830cf0bfffff","station_count":1,"program_id":"sf_bay","program":"SF Bay","resolution":8,"stations":[{"station_id":"BG30","station_name":"San Joaquin River (BG30)","lat":38.020541,"lon":-121.806267,"county":"CONTRA COSTA","waterbody":"San Francisco Bay"}]}},{"type":"Feature","geometry":{"type":"Polygon","coordinates":[[[-122.57985252193279,37.50474734372158],[-122.57540055370417,37.50829842004517],[-122.57685038101427,37.512996735832935],[-122.58275251074045,37.514143786691335],[-122.5872042632798,37.51059259311768],[-122.58575410183037,37.505894465945374],[-122.57985252193279,37.50474734372158]]]},"properties":{"h3_index":"8828342ec3fffff","station_count":1,"program_id":"sf_bay","program":"SF Bay","resolution":8,"stations":[{"station_id":"MBNMS31","station_name":"MMP - Monterey Bay NMS 31","lat":37.506998,"lon":-122.58037,"county":"OOS"}]}},{"type":"Feature","geometry":{"type":"Polygon","coordinates":[[[-121.87657741699644,37.27247640480108],[-121.87209142801885,37.276011907370254],[-121.87351287778694,37.280738704213036],[-121.8794206603033,37.28192981450318],[-121.88390644984575,37.278394190847],[-121.8824846563544,37.273667577997934],[-121.87657741699644,37.27247640480108]]]},"properties":{"h3_index":"88283446b9fffff","station_count":1,"program_id":"sf_bay","program":"SF Bay","resolution":8,"stations":[{"station_id":"GuadalupeR_Foxworthy","station_name":"Guadalupe River at Foxworthy Ave just East of Old Almaden Rd","lat":37.27838,"lon":-121.87791,"county":"SANTA CLARA"}]}},{"type":"Feature","geometry":{"type":"Polygon","coordinates":[[[-122.00797748647392,37.43192021691633],[-122.00349280639273,37.43545719812052],[-122.00492116601545,37.440174058738386],[-122.01083454847834,37.441353753828515],[-122.01531902562594,37.43781665266253],[-122.01389032329196,37.43309997637839],[-122.00797748647392,37.43192021691633]]]},"properties":{"h3_index":"8828346209fffff","station_count":1,"program_id":"sf_bay","program":"SF Bay","resolution":8,"stations":[{"station_id":"C-1-3","station_name":"Sunnyvale (C-1-3)","lat":37.43425,"lon":-122.0101,"county":"SANTA CLARA","waterbody":"San Francisco Bay"}]}},{"type":"Feature","geometry":{"type":"Polygon","coordinates":[[[-122.0373465654791,37.45550000797346],[-122.03286269823708,37.459037468713305],[-122.03429243861214,37.46375258472251],[-122.04020638868151,37.464930055537884],[-122.04469005225344,37.461392475043986],[-122.04325996947388,37.45667754349891],[-122.0373465654791,37.45550000797346]]]},"properties":{"h3_index":"8828346213fffff","station_count":1,"program_id":"sf_bay","program":"SF Bay","resolution":8,"stations":[{"station_id":"SOSL16","station_name":"SF Bay RMP - Extreme Lower South Bay SOSL16","lat":37.45758,"lon":-122.04,"county":"SANTA CLARA"}]}},{"type":"Feature","geometry":{"type":"Polygon","coordinates":[[[-122.01960582795017,37.45196530622423],[-122.01512101062158,37.455502339973926],[-122.01655006315502,37.460218076671964],[-122.02246427572484,37.46139659529562],[-122.02694888978664,37.457859441705374],[-122.02551949459321,37.45314388934219],[-122.01960582795017,37.45196530622423]]]},"properties":{"h3_index":"8828346215fffff","station_count":1,"program_id":"sf_bay","program":"SF Bay","resolution":8,"stations":[{"station_id":"ALVSL","station_name":"Alviso Slough-ALVSL","lat":37.45914,"lon":-122.020323,"county":"SANTA CLARA","waterbody":"San Francisco Bay"}]}},{"type":"Feature","geometry":{"type":"Polygon","coordinates":[[[-122.02694888978664,37.457859441705374],[-122.02246427572484,37.46139659529562],[-122.02389367351667,37.46611189567225],[-122.02980802800134,37.467289858101374],[-122.03429243861214,37.46375258472251],[-122.03286269823708,37.459037468713305],[-122.02694888978664,37.457859441705374]]]},"properties":{"h3_index":"8828346217fffff","station_count":1,"program_id":"sf_bay","program":"SF Bay","resolution":8,"stations":[{"station_id":"LSB16","station_name":"SF Bay RMP - Lower South Bay LSB16","lat":37.464483,"lon":-122.027128,"county":"ALAMEDA"}]}},{"type":"Feature","geometry":{"type":"Polygon","coordinates":[[[-122.02266105197259,37.443712096565655],[-122.01817677794274,37.44724931764153],[-122.01960582795017,37.45196530622423],[-122.02551949459321,37.45314388934219],[-122.03000356532124,37.44960654840836],[-122.02857417275577,37.44489074422469],[-122.02266105197259,37.443712096565655]]]},"properties":{"h3_index":"882834621dfffff","station_count":1,"program_id":"sf_bay","program":"SF Bay","resolution":8,"stations":[{"station_id":"2ALVS","station_name":"2 - Alviso-2ALVS","lat":37.44734,"lon":-122.01969,"county":"SANTA CLARA"}]}},{"type":"Feature","geometry":{"type":"Polygon","coordinates":[[[-121.97066056444444,37.455494514209214],[-121.96617256008807,37.459030196893714],[-121.96759989462562,37.46374710601895],[-121.97351557701855,37.46492814855519],[-121.97800337917019,37.461392345840714],[-121.97657570118139,37.456675620630165],[-121.97066056444444,37.455494514209214]]]},"properties":{"h3_index":"8828346225fffff","station_count":1,"program_id":"sf_bay","program":"SF Bay","resolution":8,"stations":[{"station_id":"C-3-0","station_name":"San Jose (C-3-0)","lat":37.46023,"lon":-121.9756,"county":"SANTA CLARA","waterbody":"San Francisco Bay"}]}},{"type":"Feature","geometry":{"type":"Polygon","coordinates":[[[-122.01655006315502,37.460218076671964],[-122.01206470243106,37.463754922882664],[-122.01349375746086,37.468470407530006],[-122.01940851602446,37.46964886170612],[-122.02389367351667,37.46611189567225],[-122.02246427572484,37.46139659529562],[-122.01655006315502,37.460218076671964]]]},"properties":{"h3_index":"882834623bfffff","station_count":1,"program_id":"sf_bay","program":"SF Bay","resolution":8,"stations":[{"station_id":"SOSL40","station_name":"SF Bay RMP - Extreme Lower South Bay SOSL40","lat":37.46212,"lon":-122.022,"county":"SANTA CLARA"}]}},{"type":"Feature","geometry":{"type":"Polygon","coordinates":[[[-122.01103326621121,37.42366593650149],[-122.00654912926205,37.42720310478399],[-122.00797748647392,37.43192021691633],[-122.01389032329196,37.43309997637839],[-122.01837425727234,37.42956268811658],[-122.0169455574512,37.424845760382176],[-122.01103326621121,37.42366593650149]]]},"properties":{"h3_index":"8828346243fffff","station_count":1,"program_id":"sf_bay","program":"SF Bay","resolution":8,"stations":[{"station_id":"SUWTP","station_name":"City of Sunnyvale-SUWTP","lat":37.42462,"lon":-122.01393,"county":"SANTA CLARA"}]}},{"type":"Feature","geometry":{"type":"Polygon","coordinates":[[[-122.01408850535334,37.41541121787317],[-122.00960491143981,37.41894857302102],[-122.01103326621121,37.42366593650149],[-122.0169455574512,37.424845760382176],[-122.02142894836093,37.421308285237494],[-122.0200002510822,37.4165911062191],[-122.01408850535334,37.41541121787317]]]},"properties":{"h3_index":"882834624bfffff","station_count":1,"program_id":"sf_bay","program":"SF Bay","resolution":8,"stations":[{"station_id":"SunnyvaleWWTP","station_name":"City of Sunnyvale Wastewater Treatment Plant","lat":37.419597,"lon":-122.016233,"county":"SANTA CLARA"}]}},{"type":"Feature","geometry":{"type":"Polygon","coordinates":[[[-121.98718049725215,37.436632878510416],[-121.98269432544315,37.44016924490996],[-121.98412199910754,37.44488647390469],[-121.99003618769711,37.446067152370105],[-121.99452215701112,37.44253066594003],[-121.99309414027825,37.43781362108528],[-121.98718049725215,37.436632878510416]]]},"properties":{"h3_index":"8828346263fffff","station_count":1,"program_id":"sf_bay","program":"SF Bay","resolution":8,"stations":[{"station_id":"4ALVS","station_name":"4 - Alviso-4ALVS","lat":37.43828,"lon":-121.99234,"county":"SANTA CLARA"}]}},{"type":"Feature","geometry":{"type":"Polygon","coordinates":[[[-121.98289783034738,37.42247974946331],[-121.97841199944683,37.426016183232164],[-121.97983932562514,37.43073409951754],[-121.9857528257945,37.43191539787292],[-121.9902384543489,37.42837884400421],[-121.98881078512775,37.42366111189018],[-121.98289783034738,37.42247974946331]]]},"properties":{"h3_index":"8828346269fffff","station_count":1,"program_id":"sf_bay","program":"SF Bay","resolution":8,"stations":[{"station_id":"BW15","station_name":"Guadalupe River (BW15)","lat":37.426,"lon":-121.98,"county":"SANTA CLARA","waterbody":"San Francisco Bay"}]}},{"type":"Feature","geometry":{"type":"Polygon","coordinates":[[[-122.05937848487969,37.47317443083434],[-122.05489522920043,37.476712250680414],[-122.05632600509422,37.4814260568216],[-122.06224037888883,37.482601858565346],[-122.06672343034545,37.479063919121224],[-122.06529231227788,37.47435029754151],[-122.05937848487969,37.47317443083434]]]},"properties":{"h3_index":"8828346289fffff","station_count":1,"program_id":"sf_bay","program":"SF Bay","resolution":8,"stations":[{"station_id":"LSB08","station_name":"SF Bay RMP - Lower South Bay LSB08","lat":37.48103,"lon":-122.062,"county":"ALAMEDA"}]}},{"type":"Feature","geometry":{"type":"Polygon","coordinates":[[[-122.06672343034545,37.479063919121224],[-122.06224037888883,37.482601858565346],[-122.06367149994666,37.48731522781548],[-122.06958601460572,37.488490473037736],[-122.07406886165549,37.48495241404755],[-122.07263739850086,37.480239229391294],[-122.06672343034545,37.479063919121224]]]},"properties":{"h3_index":"882834628bfffff","station_count":1,"program_id":"sf_bay","program":"SF Bay","resolution":8,"stations":[{"station_id":"LSB04","station_name":"SF Bay RMP - Lower South Bay LSB04","lat":37.48641,"lon":-122.069,"county":"ALAMEDA"}]}},{"type":"Feature","geometry":{"type":"Polygon","coordinates":[[[-122.0814147786165,37.490839915397366],[-122.07693213615777,37.49437809388157],[-122.07836394753006,37.49909058894756],[-122.08427874335165,37.500264720881],[-122.08876118103511,37.496726422954865],[-122.08732902772013,37.49201411254735],[-122.0814147786165,37.490839915397366]]]},"properties":{"h3_index":"8828346291fffff","station_count":7,"program_id":"sf_bay","program":"SF Bay","resolution":8,"stations":[{"station_id":"BA21","station_name":"South Bay (BA21)","lat":37.493,"lon":-122.086,"county":"ALAMEDA","waterbody":"San Francisco Bay"},{"station_id":"LSB01","station_name":"SF Bay RMP - Lower South Bay LSB01","lat":37.49878,"lon":-122.082,"county":"ALAMEDA"},{"station_id":"LSB016S","station_name":"Lower South Bay (LSB016S)","lat":37.492487,"lon":-122.080614,"county":"ALAMEDA","waterbody":"San Francisco Bay"},{"station_id":"LSB004S","station_name":"Lower South Bay (LSB004S)","lat":37.494429,"lon":-122.085204,"county":"ALAMEDA","waterbody":"San Francisco Bay"},{"station_id":"LSB016W","station_name":"Lower South Bay (LSB016W)","lat":37.492906,"lon":-122.084844,"county":"ALAMEDA","waterbody":"San Francisco Bay"},{"station_id":"LSB076W","station_name":"Lower South Bay (LSB076W)","lat":37.494502,"lon":-122.086024,"county":"ALAMEDA"},{"station_id":"LSB073W","station_name":"Lower South Bay (LSB073W)","lat":37.491952,"lon":-122.08387,"county":"ALAMEDA"}]}},{"type":"Feature","geometry":{"type":"Polygon","coordinates":[[[-122.08446506935735,37.48258880206216],[-122.07998297037936,37.486127167798536],[-122.0814147786165,37.490839915397366],[-122.08732902772013,37.49201411254735],[-122.0918109218882,37.488475627351804],[-122.09037877181035,37.48376306447558],[-122.08446506935735,37.48258880206216]]]},"properties":{"h3_index":"8828346299fffff","station_count":18,"program_id":"sf_bay","program":"SF Bay","resolution":8,"stations":[{"station_id":"LSB032W","station_name":"Lower South Bay (LSB032W)","lat":37.486323,"lon":-122.088184,"county":"ALAMEDA","waterbody":"San Francisco Bay"},{"station_id":"LSB036W","station_name":"Lower South Bay (LSB036W)","lat":37.488098,"lon":-122.089134,"county":"ALAMEDA","waterbody":"San Francisco Bay"},{"station_id":"LSB040W","station_name":"Lower South Bay (LSB040W)","lat":37.489827,"lon":-122.083304,"county":"ALAMEDA","waterbody":"San Francisco Bay"},{"station_id":"LSB042W","station_name":"Lower South Bay (LSB042W)","lat":37.487165,"lon":-122.080494,"county":"ALAMEDA","waterbody":"San Francisco Bay"},{"station_id":"LSB040S","station_name":"Lower South Bay (LSB040S)","lat":37.485716,"lon":-122.082094,"county":"ALAMEDA","waterbody":"San Francisco Bay"},{"station_id":"LSB024W","station_name":"Lower South Bay (LSB024W)","lat":37.485985,"lon":-122.081724,"county":"ALAMEDA","waterbody":"San Francisco Bay"},{"station_id":"LSB032S","station_name":"Lower South Bay (LSB032S)","lat":37.485204,"lon":-122.086084,"county":"ALAMEDA","waterbody":"San Francisco Bay"},{"station_id":"LSB004W","station_name":"Lower South Bay (LSB004W)","lat":37.486632,"lon":-122.090124,"county":"ALAMEDA","waterbody":"San Francisco Bay"},{"station_id":"LSB008W","station_name":"Lower South Bay (LSB008W)","lat":37.48827,"lon":-122.083024,"county":"ALAMEDA","waterbody":"San Francisco Bay"},{"station_id":"LSB112S","station_name":"Lower South Bay (LSB112S)","lat":37.490017,"lon":-122.083893,"county":"ALAMEDA","waterbody":"San Francisco Bay"},{"station_id":"LSB020S","station_name":"Lower South Bay (LSB020S)","lat":37.487776,"lon":-122.087054,"county":"ALAMEDA","waterbody":"San Francisco Bay"},{"station_id":"LSB048S","station_name":"Lower South Bay (LSB048S)","lat":37.487136,"lon":-122.084654,"county":"ALAMEDA"},{"station_id":"LSB008S","station_name":"Lower South Bay (LSB008S)","lat":37.485095,"lon":-122.081614,"county":"ALAMEDA","waterbody":"San Francisco Bay"},{"station_id":"LSB069W","station_name":"Lower South Bay (LSB069W)","lat":37.489296,"lon":-122.081184,"county":"ALAMEDA"},{"station_id":"LSB056W","station_name":"Lower South Bay (LSB056W)","lat":37.484831,"lon":-122.086134,"county":"ALAMEDA","waterbody":"San Francisco Bay"},{"station_id":"LSB066W","station_name":"Lower South Bay (LSB066W)","lat":37.485205,"lon":-122.089014,"county":"ALAMEDA"},{"station_id":"LSB064W","station_name":"Lower South Bay (LSB064W)","lat":37.489024,"lon":-122.085894,"county":"ALAMEDA"},{"station_id":"LSB048W","station_name":"Lower South Bay (LSB048W)","lat":37.488848,"lon":-122.088494,"county":"ALAMEDA","waterbody":"San Francisco Bay"}]}},{"type":"Feature","geometry":{"type":"Polygon","coordinates":[[[-122.0918109218882,37.488475627351804],[-122.08732902772013,37.49201411254735],[-122.08876118103511,37.496726422954865],[-122.09467557032964,37.49790006342208],[-122.09915725950363,37.49436145881945],[-122.09772476442504,37.48964933316681],[-122.0918109218882,37.488475627351804]]]},"properties":{"h3_index":"882834629bfffff","station_count":16,"program_id":"sf_bay","program":"SF Bay","resolution":8,"stations":[{"station_id":"LSB028W","station_name":"Lower South Bay (LSB028W)","lat":37.492265,"lon":-122.089414,"county":"ALAMEDA","waterbody":"San Francisco Bay"},{"station_id":"BA20","station_name":"South Bay (BA20)","lat":37.493,"lon":-122.088,"county":"ALAMEDA","waterbody":"San Francisco Bay"},{"station_id":"LSB029S","station_name":"Lower South Bay (LSB029S)","lat":37.491184,"lon":-122.095094,"county":"ALAMEDA","waterbody":"San Francisco Bay"},{"station_id":"LSB013W","station_name":"Lower South Bay (LSB013W)","lat":37.494749,"lon":-122.095204,"county":"SAN MATEO","waterbody":"San Francisco Bay"},{"station_id":"LSB020W","station_name":"Lower South Bay (LSB020W)","lat":37.493975,"lon":-122.087984,"county":"ALAMEDA","waterbody":"San Francisco Bay"},{"station_id":"LSB021W","station_name":"Lower South Bay (LSB021W)","lat":37.494027,"lon":-122.092344,"county":"ALAMEDA","waterbody":"San Francisco Bay"},{"station_id":"LSB044W","station_name":"Lower South Bay (LSB044W)","lat":37.492191,"lon":-122.092254,"county":"ALAMEDA","waterbody":"San Francisco Bay"},{"station_id":"LSB005S","station_name":"Lower South Bay (LSB005S)","lat":37.49532,"lon":-122.091174,"county":"ALAMEDA","waterbody":"San Francisco Bay"},{"station_id":"LSB037S","station_name":"Lower South Bay (LSB037S)","lat":37.48939,"lon":-122.094774,"county":"ALAMEDA","waterbody":"San Francisco Bay"},{"station_id":"LSB053W","station_name":"Lower South Bay (LSB053W)","lat":37.492593,"lon":-122.093724,"county":"ALAMEDA","waterbody":"San Francisco Bay"},{"station_id":"LSB049S","station_name":"Lower South Bay (LSB049S)","lat":37.495634,"lon":-122.095754,"county":"ALAMEDA"},{"station_id":"LSB005W","station_name":"Lower South Bay (LSB005W)","lat":37.490768,"lon":-122.096374,"county":"SAN MATEO","waterbody":"San Francisco Bay"},{"station_id":"LSB017S","station_name":"Lower South Bay (LSB017S)","lat":37.495849,"lon":-122.092014,"county":"ALAMEDA","waterbody":"San Francisco Bay"},{"station_id":"LSB089W","station_name":"Lower South Bay (LSB089W)","lat":37.494657,"lon":-122.096684},{"station_id":"LSB088W","station_name":"Lower South Bay (LSB088W)","lat":37.494134,"lon":-122.089384},{"station_id":"LSB061W","station_name":"Lower South Bay (LSB061W)","lat":37.495781,"lon":-122.093414,"county":"ALAMEDA"}]}},{"type":"Feature","geometry":{"type":"Polygon","coordinates":[[[-122.07406886165549,37.48495241404755],[-122.06958601460572,37.488490473037736],[-122.07101748082302,37.49320340526277],[-122.07693213615777,37.49437809388157],[-122.0814147786165,37.490839915397366],[-122.07998297037936,37.486127167798536],[-122.07406886165549,37.48495241404755]]]},"properties":{"h3_index":"882834629dfffff","station_count":4,"program_id":"sf_bay","program":"SF Bay","resolution":8,"stations":[{"station_id":"LSB072S","station_name":"Lower South Bay (LSB072S)","lat":37.49253,"lon":-122.07897,"county":"ALAMEDA"},{"station_id":"LSB056S","station_name":"Lower South Bay (LSB056S)","lat":37.491871,"lon":-122.076674,"county":"ALAMEDA"},{"station_id":"LSB024S","station_name":"Lower South Bay (LSB024S)","lat":37.48815,"lon":-122.077234,"county":"ALAMEDA","waterbody":"San Francisco Bay"},{"station_id":"LSB010W","station_name":"Lower South Bay (LSB010W)","lat":37.487488,"lon":-122.079514,"county":"ALAMEDA","waterbody":"San Francisco Bay"}]}},{"type":"Feature","geometry":{"type":"Polygon","coordinates":[[[-122.06243042420616,37.464922365418964],[-122.05794771190362,37.46846037246532],[-122.05937848487969,37.47317443083434],[-122.06529231227788,37.47435029754151],[-122.06977482032305,37.47081217087977],[-122.06834370527518,37.46609829713636],[-122.06243042420616,37.464922365418964]]]},"properties":{"h3_index":"88283462c3fffff","station_count":11,"program_id":"sf_bay","program":"SF Bay","resolution":8,"stations":[{"station_id":"BA10","station_name":"Coyote Creek (BA10)","lat":37.468239,"lon":-122.063973,"county":"ALAMEDA","waterbody":"San Francisco Bay"},{"station_id":"LSB038W","station_name":"Lower South Bay (LSB038W)","lat":37.471181,"lon":-122.068033,"county":"SANTA CLARA","waterbody":"San Francisco Bay"},{"station_id":"LSB054W","station_name":"Lower South Bay (LSB054W)","lat":37.468217,"lon":-122.064173,"county":"ALAMEDA","waterbody":"San Francisco Bay"},{"station_id":"LSB022S","station_name":"Lower South Bay (LSB022S)","lat":37.467035,"lon":-122.061743,"county":"ALAMEDA","waterbody":"San Francisco Bay"},{"station_id":"LSB038S","station_name":"Lower South Bay (LSB038S)","lat":37.472575,"lon":-122.066884,"county":"ALAMEDA","waterbody":"San Francisco Bay"},{"station_id":"LSB006W","station_name":"Lower South Bay (LSB006W)","lat":37.471908,"lon":-122.064824,"county":"ALAMEDA","waterbody":"San Francisco Bay"},{"station_id":"LSB022W","station_name":"Lower South Bay (LSB022W)","lat":37.465913,"lon":-122.065013,"county":"SANTA CLARA","waterbody":"San Francisco Bay"},{"station_id":"LSB070S","station_name":"Lower South Bay (LSB070S)","lat":37.46953,"lon":-122.06247,"county":"ALAMEDA","waterbody":"San Francisco Bay"},{"station_id":"LSB006S","station_name":"Lower South Bay (LSB006S)","lat":37.470672,"lon":-122.065624,"county":"ALAMEDA","waterbody":"San Francisco Bay"},{"station_id":"LSB067W","station_name":"Lower South Bay (LSB067W)","lat":37.469597,"lon":-122.065674,"county":"ALAMEDA"},{"station_id":"LSB077W","station_name":"Lower South Bay (LSB077W)","lat":37.469036,"lon":-122.060053,"county":"ALAMEDA"}]}},{"type":"Feature","geometry":{"type":"Polygon","coordinates":[[[-122.05813846207242,37.45077874566661],[-122.05365608894186,37.45431682001572],[-122.05508651394705,37.45903156700003],[-122.0609996541774,37.460208054987994],[-122.06548182319992,37.456669860954065],[-122.06405105614792,37.45195529862713],[-122.05813846207242,37.45077874566661]]]},"properties":{"h3_index":"88283462c9fffff","station_count":1,"program_id":"sf_bay","program":"SF Bay","resolution":8,"stations":[{"station_id":"SOSL15","station_name":"SF Bay RMP - Extreme Lower South Bay SOSL15","lat":37.45178,"lon":-122.062,"county":"SANTA CLARA"}]}},{"type":"Feature","geometry":{"type":"Polygon","coordinates":[[[-122.08017000229633,37.46844911299716],[-122.07568824204208,37.4719875462445],[-122.07711970210451,37.4767009831662],[-122.08303326428491,37.47787580209623],[-122.08751481987886,37.47433724932032],[-122.08608301800056,37.46962399715309],[-122.08017000229633,37.46844911299716]]]},"properties":{"h3_index":"88283462d1fffff","station_count":2,"program_id":"sf_bay","program":"SF Bay","resolution":8,"stations":[{"station_id":"LSB018S","station_name":"Lower South Bay (LSB018S)","lat":37.470737,"lon":-122.085504,"county":"SANTA CLARA","waterbody":"San Francisco Bay"},{"station_id":"LSB046S","station_name":"Lower South Bay (LSB046S)","lat":37.47332,"lon":-122.07771,"county":"SANTA CLARA"}]}},{"type":"Feature","geometry":{"type":"Polygon","coordinates":[[[-122.08751481987886,37.47433724932032],[-122.08303326428491,37.47787580209623],[-122.08446506935735,37.48258880206216],[-122.09037877181035,37.48376306447558],[-122.0948601225599,37.48022439222323],[-122.09342797574865,37.47551157704404],[-122.08751481987886,37.47433724932032]]]},"properties":{"h3_index":"88283462d3fffff","station_count":3,"program_id":"sf_bay","program":"SF Bay","resolution":8,"stations":[{"station_id":"LSB036S","station_name":"Lower South Bay (LSB036S)","lat":37.480421,"lon":-122.088864,"county":"SAN MATEO","waterbody":"San Francisco Bay"},{"station_id":"LSB058S","station_name":"Lower South Bay (LSB058S)","lat":37.48138,"lon":-122.08476,"county":"ALAMEDA"},{"station_id":"LSB052W","station_name":"Lower South Bay (LSB052W)","lat":37.47808,"lon":-122.091004,"county":"ALAMEDA","waterbody":"San Francisco Bay"}]}},{"type":"Feature","geometry":{"type":"Polygon","coordinates":[[[-122.06977482032305,37.47081217087977],[-122.06529231227788,37.47435029754151],[-122.06672343034545,37.479063919121224],[-122.07263739850086,37.480239229391294],[-122.07711970210451,37.4767009831662],[-122.07568824204208,37.4719875462445],[-122.06977482032305,37.47081217087977]]]},"properties":{"h3_index":"88283462d5fffff","station_count":8,"program_id":"sf_bay","program":"SF Bay","resolution":8,"stations":[{"station_id":"LSB082S","station_name":"Lower South Bay (LSB082S)","lat":37.476671,"lon":-122.076084,"county":"ALAMEDA","waterbody":"San Francisco Bay"},{"station_id":"LSB030S","station_name":"Lower South Bay (LSB030S)","lat":37.474656,"lon":-122.067944,"county":"ALAMEDA","waterbody":"San Francisco Bay"},{"station_id":"LSB014W","station_name":"Lower South Bay (LSB014W)","lat":37.474005,"lon":-122.072614,"county":"SANTA CLARA","waterbody":"San Francisco Bay"},{"station_id":"LSB030W","station_name":"Lower South Bay (LSB030W)","lat":37.474481,"lon":-122.068484,"county":"SANTA CLARA","waterbody":"San Francisco Bay"},{"station_id":"LSB062W","station_name":"Lower South Bay (LSB062W)","lat":37.473662,"lon":-122.069374,"county":"ALAMEDA"},{"station_id":"LSB046W","station_name":"Lower South Bay (LSB046W)","lat":37.477746,"lon":-122.072854,"county":"ALAMEDA","waterbody":"San Francisco Bay"},{"station_id":"LSB014S","station_name":"Lower South Bay (LSB014S)","lat":37.475249,"lon":-122.070144,"county":"ALAMEDA","waterbody":"San Francisco Bay"},{"station_id":"LSB072W","station_name":"Lower South Bay (LSB072W)","lat":37.475751,"lon":-122.070584,"county":"ALAMEDA"}]}},{"type":"Feature","geometry":{"type":"Polygon","coordinates":[[[-122.07711970210451,37.4767009831662],[-122.07263739850086,37.480239229391294],[-122.07406886165549,37.48495241404755],[-122.07998297037936,37.486127167798536],[-122.08446506935735,37.48258880206216],[-122.08303326428491,37.47787580209623],[-122.07711970210451,37.4767009831662]]]},"properties":{"h3_index":"88283462d7fffff","station_count":13,"program_id":"sf_bay","program":"SF Bay","resolution":8,"stations":[{"station_id":"LSB002S","station_name":"Lower South Bay (LSB002S)","lat":37.479127,"lon":-122.077984,"county":"ALAMEDA","waterbody":"San Francisco Bay"},{"station_id":"LSB034S","station_name":"Lower South Bay (LSB034S)","lat":37.479308,"lon":-122.080844,"county":"ALAMEDA","waterbody":"San Francisco Bay"},{"station_id":"LSB002W","station_name":"Lower South Bay (LSB002W)","lat":37.481996,"lon":-122.078894,"county":"ALAMEDA","waterbody":"San Francisco Bay"},{"station_id":"LSB026W","station_name":"Lower South Bay (LSB026W)","lat":37.481431,"lon":-122.082054,"county":"ALAMEDA","waterbody":"San Francisco Bay"},{"station_id":"LSB140S","station_name":"Lower South Bay (LSB140S)","lat":37.48423,"lon":-122.07958,"county":"ALAMEDA"},{"station_id":"LSB050W","station_name":"Lower South Bay (LSB050W)","lat":37.480381,"lon":-122.077304,"county":"ALAMEDA","waterbody":"San Francisco Bay"},{"station_id":"LSB018W","station_name":"Lower South Bay (LSB018W)","lat":37.47983,"lon":-122.075794,"county":"ALAMEDA","waterbody":"San Francisco Bay"},{"station_id":"LSB075W","station_name":"Lower South Bay (LSB075W)","lat":37.478564,"lon":-122.075084,"county":"ALAMEDA"},{"station_id":"LSB026S","station_name":"Lower South Bay (LSB026S)","lat":37.481288,"lon":-122.080584,"county":"ALAMEDA","waterbody":"San Francisco Bay"},{"station_id":"LSB087W","station_name":"Lower South Bay (LSB087W)","lat":37.48529,"lon":-122.079824},{"station_id":"LSB14","station_name":"SF Bay RMP - Lower South Bay LSB14","lat":37.480133,"lon":-122.078092,"county":"ALAMEDA"},{"station_id":"LSB034W","station_name":"Lower South Bay (LSB034W)","lat":37.481108,"lon":-122.080754,"county":"ALAMEDA","waterbody":"San Francisco Bay"},{"station_id":"LSB050S","station_name":"Lower South Bay (LSB050S)","lat":37.478496,"lon":-122.076254,"county":"ALAMEDA"}]}},{"type":"Feature","geometry":{"type":"Polygon","coordinates":[[[-122.0832197623572,37.460196803919025],[-122.07873854535558,37.463735423975905],[-122.08017000229633,37.46844911299716],[-122.08608301800056,37.46962399715309],[-122.0905640303073,37.46608525755031],[-122.08913223165254,37.461371753347656],[-122.0832197623572,37.460196803919025]]]},"properties":{"h3_index":"88283462d9fffff","station_count":1,"program_id":"sf_bay","program":"SF Bay","resolution":8,"stations":[{"station_id":"LSB15","station_name":"SF Bay RMP - Lower South Bay LSB15","lat":37.461363,"lon":-122.084458,"county":"SANTA CLARA"}]}},{"type":"Feature","geometry":{"type":"Polygon","coordinates":[[[-122.0905640303073,37.46608525755031],[-122.08608301800056,37.46962399715309],[-122.08751481987886,37.47433724932032],[-122.09342797574865,37.47551157704404],[-122.09790878317644,37.47197271794752],[-122.09647663966122,37.46725965063115],[-122.0905640303073,37.46608525755031]]]},"properties":{"h3_index":"88283462dbfffff","station_count":3,"program_id":"sf_bay","program":"SF Bay","resolution":8,"stations":[{"station_id":"LSB042S","station_name":"Lower South Bay (LSB042S)","lat":37.47168,"lon":-122.09555,"county":"SANTA CLARA","waterbody":"San Francisco Bay"},{"station_id":"LSB058W","station_name":"Lower South Bay (LSB058W)","lat":37.473767,"lon":-122.094294,"county":"SAN MATEO","waterbody":"San Francisco Bay"},{"station_id":"LSB010S","station_name":"Lower South Bay (LSB010S)","lat":37.471388,"lon":-122.090134,"county":"SAN MATEO","waterbody":"San Francisco Bay"}]}},{"type":"Feature","geometry":{"type":"Polygon","coordinates":[[[-121.91742046539619,37.44484883443392],[-121.9129296212177,37.448383230618774],[-121.91435488691258,37.45310199796803],[-121.92027134104943,37.45428618561817],[-121.924761984236,37.45075166914587],[-121.92333637432534,37.44603308532113],[-121.91742046539619,37.44484883443392]]]},"properties":{"h3_index":"882834636bfffff","station_count":1,"program_id":"sf_bay","program":"SF Bay","resolution":8,"stations":[{"station_id":"BW10","station_name":"Standish Dam (BW10)","lat":37.45167,"lon":-121.9215,"county":"SANTA CLARA","waterbody":"San Francisco Bay"}]}},{"type":"Feature","geometry":{"type":"Polygon","coordinates":[[[-122.15920709075849,37.5637839595973],[-122.15472616700818,37.567323261423354],[-122.15616177867938,37.572030685112644],[-122.1620786553422,37.573198622038916],[-122.16655937232379,37.569659201361574],[-122.16512341945929,37.56495196261934],[-122.15920709075849,37.5637839595973]]]},"properties":{"h3_index":"8828346401fffff","station_count":1,"program_id":"sf_bay","program":"SF Bay","resolution":8,"stations":[{"station_id":"SB046S","station_name":"South Bay (SB046S)","lat":37.568033,"lon":-122.164676,"county":"ALAMEDA"}]}},{"type":"Feature","geometry":{"type":"Polygon","coordinates":[[[-122.14880942885864,37.56615476683418],[-122.14432775450527,37.56969376190892],[-122.14576302480357,37.57440137044931],[-122.15168031087616,37.57556979907394],[-122.15616177867938,37.572030685112644],[-122.15472616700818,37.567323261423354],[-122.14880942885864,37.56615476683418]]]},"properties":{"h3_index":"8828346405fffff","station_count":2,"program_id":"sf_bay","program":"SF Bay","resolution":8,"stations":[{"station_id":"SB072","station_name":"SF Bay RMP - South Bay SB072","lat":37.57219,"lon":-122.146,"county":"ALAMEDA"},{"station_id":"SB063","station_name":"SF Bay RMP - South Bay SB063","lat":37.57521,"lon":-122.151,"county":"ALAMEDA"}]}},{"type":"Feature","geometry":{"type":"Polygon","coordinates":[[[-122.15616177867938,37.572030685112644],[-122.15168031087616,37.57556979907394],[-122.15311592642239,37.58027696878584],[-122.15903335111514,37.581444839663526],[-122.1635146121837,37.57790560686782],[-122.1620786553422,37.573198622038916],[-122.15616177867938,37.572030685112644]]]},"properties":{"h3_index":"8828346407fffff","station_count":1,"program_id":"sf_bay","program":"SF Bay","resolution":8,"stations":[{"station_id":"SB068","station_name":"SF Bay RMP - South Bay SB068","lat":37.57956,"lon":-122.154,"county":"ALAMEDA"}]}},{"type":"Feature","geometry":{"type":"Polygon","coordinates":[[[-122.16960359245107,37.561412354272555],[-122.16512341945929,37.56495196261934],[-122.16655937232379,37.569659201361574],[-122.17247583924168,37.5708266467242],[-122.17695580524625,37.56728691956149],[-122.17551951136815,37.562579865862155],[-122.16960359245107,37.561412354272555]]]},"properties":{"h3_index":"882834640bfffff","station_count":1,"program_id":"sf_bay","program":"SF Bay","resolution":8,"stations":[{"station_id":"SB014W","station_name":"South Bay (SB014W)","lat":37.565038,"lon":-122.169446,"county":"SAN MATEO","waterbody":"San Francisco Bay"}]}},{"type":"Feature","geometry":{"type":"Polygon","coordinates":[[[-122.19166167944934,37.579033060186916],[-122.18718212797253,37.58257302482463],[-122.18861911609957,37.58727894649234],[-122.19453599653167,37.58844471839427],[-122.19901534046792,37.58490463509752],[-122.19757801156071,37.58019889856793],[-122.19166167944934,37.579033060186916]]]},"properties":{"h3_index":"8828346413fffff","station_count":1,"program_id":"sf_bay","program":"SF Bay","resolution":8,"stations":[{"station_id":"SB106S","station_name":"South Bay (SB106S)","lat":37.586106,"lon":-122.190797,"county":"SAN MATEO","waterbody":"San Francisco Bay"}]}},{"type":"Feature","geometry":{"type":"Polygon","coordinates":[[[-122.17391213719878,37.575533446574255],[-122.16943162717043,37.579072986050626],[-122.17086792917719,37.58377953188644],[-122.17678508229822,37.58494635324534],[-122.18126538518891,37.58140669502217],[-122.17982874214431,37.57670033419699],[-122.17391213719878,37.575533446574255]]]},"properties":{"h3_index":"8828346415fffff","station_count":1,"program_id":"sf_bay","program":"SF Bay","resolution":8,"stations":[{"station_id":"SB051S","station_name":"South Bay (SB051S)","lat":37.578395,"lon":-122.173646,"county":"ALAMEDA"}]}},{"type":"Feature","geometry":{"type":"Polygon","coordinates":[[[-122.17695580524625,37.56728691956149],[-122.17247583924168,37.5708266467242],[-122.17391213719878,37.575533446574255],[-122.17982874214431,37.57670033419699],[-122.1843085009772,37.57316048827063],[-122.18287186208427,37.568453873495265],[-122.17695580524625,37.56728691956149]]]},"properties":{"h3_index":"882834641dfffff","station_count":1,"program_id":"sf_bay","program":"SF Bay","resolution":8,"stations":[{"station_id":"SB046W","station_name":"South Bay (SB046W)","lat":37.57598,"lon":-122.177286,"county":"SAN MATEO","waterbody":"San Francisco Bay"}]}},{"type":"Feature","geometry":{"type":"Polygon","coordinates":[[[-122.1635146121837,37.57790560686782],[-122.15903335111514,37.581444839663526],[-122.16046931190438,37.586151570414145],[-122.16638687502778,37.58731888346435],[-122.17086792917719,37.58377953188644],[-122.16943162717043,37.579072986050626],[-122.1635146121837,37.57790560686782]]]},"properties":{"h3_index":"8828346439fffff","station_count":1,"program_id":"sf_bay","program":"SF Bay","resolution":8,"stations":[{"station_id":"SB114S","station_name":"South Bay (SB114S)","lat":37.57972,"lon":-122.16817,"county":"ALAMEDA","waterbody":"San Francisco Bay"}]}},{"type":"Feature","geometry":{"type":"Polygon","coordinates":[[[-122.16529609488899,37.54728918454917],[-122.16081625895293,37.55082886146808],[-122.16225186278619,37.55553679261703],[-122.16816764359288,37.55670486178198],[-122.17264727269207,37.55316506597793],[-122.17121132786943,37.54845731990413],[-122.16529609488899,37.54728918454917]]]},"properties":{"h3_index":"8828346443fffff","station_count":1,"program_id":"sf_bay","program":"SF Bay","resolution":8,"stations":[{"station_id":"SB030W","station_name":"South Bay (SB030W)","lat":37.555758,"lon":-122.165976,"county":"SAN MATEO","waterbody":"San Francisco Bay"}]}},{"type":"Feature","geometry":{"type":"Polygon","coordinates":[[[-122.16098964417945,37.53316393890441],[-122.15651014531826,37.53670368409697],[-122.15794540023131,37.541412307152456],[-122.16386049501864,37.54258099991804],[-122.16833978719328,37.539041135771065],[-122.16690419131508,37.53433269782298],[-122.16098964417945,37.53316393890441]]]},"properties":{"h3_index":"8828346449fffff","station_count":3,"program_id":"sf_bay","program":"SF Bay","resolution":8,"stations":[{"station_id":"SB030S","station_name":"South Bay (SB030S)","lat":37.541405,"lon":-122.158376,"county":"SAN MATEO","waterbody":"San Francisco Bay"},{"station_id":"SB038W","station_name":"South Bay (SB038W)","lat":37.539995,"lon":-122.162736,"county":"SAN MATEO","waterbody":"San Francisco Bay"},{"station_id":"SB082W","station_name":"South Bay (SB082W)","lat":37.537817,"lon":-122.167306}]}},{"type":"Feature","geometry":{"type":"Polygon","coordinates":[[[-122.16833978719328,37.539041135771065],[-122.16386049501864,37.54258099991804],[-122.16529609488899,37.54728918454917],[-122.17121132786943,37.54845731990413],[-122.17569041317317,37.54491733685506],[-122.17425447241533,37.54020933736317],[-122.16833978719328,37.539041135771065]]]},"properties":{"h3_index":"882834644bfffff","station_count":1,"program_id":"sf_bay","program":"SF Bay","resolution":8,"stations":[{"station_id":"SB062W","station_name":"South Bay (SB062W)","lat":37.54092,"lon":-122.1682,"county":"SAN MATEO","waterbody":"San Francisco Bay"}]}},{"type":"Feature","geometry":{"type":"Polygon","coordinates":[[[-122.18304152192482,37.550792541942805],[-122.17856264367623,37.554332643841676],[-122.17999893344611,37.559039951225266],[-122.18591444224461,37.56020697151723],[-122.19039311325368,37.55666675082091],[-122.18895648275176,37.55195962864013],[-122.18304152192482,37.550792541942805]]]},"properties":{"h3_index":"8828346451fffff","station_count":1,"program_id":"sf_bay","program":"SF Bay","resolution":8,"stations":[{"station_id":"SB018S","station_name":"South Bay (SB018S)","lat":37.554592,"lon":-122.180306,"county":"SAN MATEO","waterbody":"San Francisco Bay"}]}},{"type":"Feature","geometry":{"type":"Polygon","coordinates":[[[-122.19039311325368,37.55666675082091],[-122.18591444224461,37.56020697151723],[-122.18735107695665,37.56491384007783],[-122.19326672338,37.56608030271762],[-122.19774518696524,37.562539963276166],[-122.19630821159899,37.5578332799501],[-122.19039311325368,37.55666675082091]]]},"properties":{"h3_index":"8828346453fffff","station_count":2,"program_id":"sf_bay","program":"SF Bay","resolution":8,"stations":[{"station_id":"SB058S","station_name":"South Bay (SB058S)","lat":37.562621,"lon":-122.195557,"county":"SAN MATEO"},{"station_id":"SB050W","station_name":"South Bay (SB050W)","lat":37.564636,"lon":-122.188707,"county":"SAN MATEO","waterbody":"San Francisco Bay"}]}},{"type":"Feature","geometry":{"type":"Polygon","coordinates":[[[-122.19343460999474,37.54841922087709],[-122.18895648275176,37.55195962864013],[-122.19039311325368,37.55666675082091],[-122.19630821159899,37.5578332799501],[-122.20078613138429,37.55429275342504],[-122.19934916032999,37.54958581654285],[-122.19343460999474,37.54841922087709]]]},"properties":{"h3_index":"882834645bfffff","station_count":1,"program_id":"sf_bay","program":"SF Bay","resolution":8,"stations":[{"station_id":"SB026S","station_name":"South Bay (SB026S)","lat":37.553075,"lon":-122.193057,"county":"SAN MATEO","waterbody":"San Francisco Bay"}]}},{"type":"Feature","geometry":{"type":"Polygon","coordinates":[[[-122.17569041317317,37.54491733685506],[-122.17121132786943,37.54845731990413],[-122.17264727269207,37.55316506597793],[-122.17856264367623,37.554332643841676],[-122.18304152192482,37.550792541942805],[-122.18160523629236,37.54608498104005],[-122.17569041317317,37.54491733685506]]]},"properties":{"h3_index":"882834645dfffff","station_count":1,"program_id":"sf_bay","program":"SF Bay","resolution":8,"stations":[{"station_id":"SB110S","station_name":"South Bay (SB110S)","lat":37.54745,"lon":-122.17317,"county":"SAN MATEO"}]}},{"type":"Feature","geometry":{"type":"Polygon","coordinates":[[[-122.13410618104551,37.55439994156162],[-122.12962409414529,37.557938698706664],[-122.13105867393291,37.56264718450538],[-122.13697568219688,37.563816728381916],[-122.14145756291592,37.560277852245946],[-122.14002264160017,37.55556955123448],[-122.13410618104551,37.55439994156162]]]},"properties":{"h3_index":"8828346461fffff","station_count":1,"program_id":"sf_bay","program":"SF Bay","resolution":8,"stations":[{"station_id":"SB056","station_name":"SF Bay RMP - South Bay SB056","lat":37.56052,"lon":-122.131,"county":"ALAMEDA"}]}},{"type":"Feature","geometry":{"type":"Polygon","coordinates":[[[-122.14145756291592,37.560277852245946],[-122.13697568219688,37.563816728381916],[-122.13841060724229,37.56852477561793],[-122.14432775450527,37.56969376190892],[-122.14880942885864,37.56615476683418],[-122.1473741623627,37.56144690441735],[-122.14145756291592,37.560277852245946]]]},"properties":{"h3_index":"8828346463fffff","station_count":1,"program_id":"sf_bay","program":"SF Bay","resolution":8,"stations":[{"station_id":"SB052","station_name":"SF Bay RMP - South Bay SB052","lat":37.56483,"lon":-122.143,"county":"ALAMEDA"}]}},{"type":"Feature","geometry":{"type":"Polygon","coordinates":[[[-122.21068320440688,37.60488971690965],[-122.20620373191194,37.608429849597144],[-122.20764175966873,37.61313419847969],[-122.21355960061679,37.61429822951589],[-122.21803886505141,37.61075797834309],[-122.21660049664638,37.60605381462947],[-122.21068320440688,37.60488971690965]]]},"properties":{"h3_index":"8828346481fffff","station_count":1,"program_id":"sf_bay","program":"SF Bay","resolution":8,"stations":[{"station_id":"SB016W","station_name":"South Bay (SB016W)","lat":37.608048,"lon":-122.209007,"county":"SAN MATEO","waterbody":"San Francisco Bay"}]}},{"type":"Feature","geometry":{"type":"Polygon","coordinates":[[[-122.21803886505141,37.61075797834309],[-122.21355960061679,37.61429822951589],[-122.21499797350802,37.619002138610846],[-122.22091595145216,37.6201656113426],[-122.22539500764198,37.61662524173688],[-122.22395629418057,37.61192151784239],[-122.21803886505141,37.61075797834309]]]},"properties":{"h3_index":"8828346483fffff","station_count":1,"program_id":"sf_bay","program":"SF Bay","resolution":8,"stations":[{"station_id":"SB060W","station_name":"South Bay (SB060W)","lat":37.61798,"lon":-122.21758,"county":"ALAMEDA","waterbody":"San Francisco Bay"}]}},{"type":"Feature","geometry":{"type":"Polygon","coordinates":[[[-122.20028602814986,37.607265260336355],[-122.19580580352245,37.610805086520635],[-122.19724349045097,37.6155096204765],[-122.20316174288327,37.61667414318486],[-122.20764175966873,37.61313419847969],[-122.20620373191194,37.608429849597144],[-122.20028602814986,37.607265260336355]]]},"properties":{"h3_index":"8828346485fffff","station_count":1,"program_id":"sf_bay","program":"SF Bay","resolution":8,"stations":[{"station_id":"SB064W","station_name":"South Bay (SB064W)","lat":37.613303,"lon":-122.201567,"county":"ALAMEDA","waterbody":"San Francisco Bay"}]}},{"type":"Feature","geometry":{"type":"Polygon","coordinates":[[[-122.20764175966873,37.61313419847969],[-122.20316174288327,37.61667414318486],[-122.20459977502425,37.62137823738474],[-122.21051816474906,37.622542201784604],[-122.21499797350802,37.619002138610846],[-122.21355960061679,37.61429822951589],[-122.20764175966873,37.61313419847969]]]},"properties":{"h3_index":"8828346487fffff","station_count":1,"program_id":"sf_bay","program":"SF Bay","resolution":8,"stations":[{"station_id":"SB076W","station_name":"South Bay (SB076W)","lat":37.617652,"lon":-122.204857,"county":"ALAMEDA"}]}},{"type":"Feature","geometry":{"type":"Polygon","coordinates":[[[-122.21372410936526,37.59664479305121],[-122.20924518106351,37.60018511350907],[-122.21068320440688,37.60488971690965],[-122.21660049664638,37.60605381462947],[-122.22107921685416,37.60251337566961],[-122.21964085296449,37.597808957502],[-122.21372410936526,37.59664479305121]]]},"properties":{"h3_index":"8828346489fffff","station_count":1,"program_id":"sf_bay","program":"SF Bay","resolution":8,"stations":[{"station_id":"SB004S","station_name":"South Bay (SB004S)","lat":37.600665,"lon":-122.218508,"county":"SAN MATEO","waterbody":"San Francisco Bay"}]}},{"type":"Feature","geometry":{"type":"Polygon","coordinates":[[[-122.20332802590342,37.59902045764856],[-122.19884834553274,37.60256047179843],[-122.20028602814986,37.607265260336355],[-122.20620373191194,37.608429849597144],[-122.21068320440688,37.60488971690965],[-122.20924518106351,37.60018511350907],[-122.20332802590342,37.59902045764856]]]},"properties":{"h3_index":"882834648dfffff","station_count":1,"program_id":"sf_bay","program":"SF Bay","resolution":8,"stations":[{"station_id":"SB008W","station_name":"South Bay (SB008W)","lat":37.599769,"lon":-122.205787,"county":"SAN MATEO","waterbody":"San Francisco Bay"}]}},{"type":"Feature","geometry":{"type":"Polygon","coordinates":[[[-122.23579087693712,37.61424754712919],[-122.23131257347089,37.61778822293592],[-122.23275163198336,37.62249150687924],[-122.23866933432213,37.62365392969839],[-122.2431474291408,37.620113135546816],[-122.24170803031635,37.61541003693093],[-122.23579087693712,37.61424754712919]]]},"properties":{"h3_index":"8828346491fffff","station_count":2,"program_id":"sf_bay","program":"SF Bay","resolution":8,"stations":[{"station_id":"SB029S","station_name":"South Bay (SB029S)","lat":37.622282,"lon":-122.238708,"county":"SAN MATEO","waterbody":"San Francisco Bay"},{"station_id":"SB065W","station_name":"South Bay (SB065W)","lat":37.620139,"lon":-122.233078,"county":"SAN MATEO","waterbody":"San Francisco Bay"}]}},{"type":"Feature","geometry":{"type":"Polygon","coordinates":[[[-122.2431474291408,37.620113135546816],[-122.23866933432213,37.62365392969839],[-122.24010873788032,37.62835677355858],[-122.24602657653901,37.62951863791834],[-122.25050446252554,37.62597772547434],[-122.24906471873362,37.621275066973034],[-122.2431474291408,37.620113135546816]]]},"properties":{"h3_index":"8828346493fffff","station_count":2,"program_id":"sf_bay","program":"SF Bay","resolution":8,"stations":[{"station_id":"SB013S","station_name":"South Bay (SB013S)","lat":37.62254,"lon":-122.246639,"county":"SAN MATEO","waterbody":"San Francisco Bay"},{"station_id":"SB081W","station_name":"South Bay (SB081W)","lat":37.626147,"lon":-122.241579}]}},{"type":"Feature","geometry":{"type":"Polygon","coordinates":[[[-122.23275163198336,37.62249150687924],[-122.22827278422297,37.62603199486554],[-122.22971184736723,37.630735023989146],[-122.2356300987339,37.63189737987307],[-122.24010873788032,37.62835677355858],[-122.23866933432213,37.62365392969839],[-122.23275163198336,37.62249150687924]]]},"properties":{"h3_index":"8828346497fffff","station_count":1,"program_id":"sf_bay","program":"SF Bay","resolution":8,"stations":[{"station_id":"SB061S","station_name":"South Bay (SB061S)","lat":37.627955,"lon":-122.235738,"county":"SAN MATEO","waterbody":"San Francisco Bay"}]}},{"type":"Feature","geometry":{"type":"Polygon","coordinates":[[[-122.22843480610983,37.608380960432875],[-122.22395629418057,37.61192151784239],[-122.22539500764198,37.61662524173688],[-122.23131257347089,37.61778822293592],[-122.23579087693712,37.61424754712919],[-122.23435182308558,37.60954400853067],[-122.22843480610983,37.608380960432875]]]},"properties":{"h3_index":"882834649dfffff","station_count":1,"program_id":"sf_bay","program":"SF Bay","resolution":8,"stations":[{"station_id":"SB053W","station_name":"South Bay (SB053W)","lat":37.615209,"lon":-122.229658,"county":"SAN MATEO","waterbody":"San Francisco Bay"}]}},{"type":"Feature","geometry":{"type":"Polygon","coordinates":[[[-122.18684405788782,37.61788424396743],[-122.1823625368652,37.621423575044815],[-122.18379988696566,37.62612803916769],[-122.18971909924711,37.62729298730958],[-122.19420041268017,37.623753537692394],[-122.19276272146944,37.6190492584832],[-122.18684405788782,37.61788424396743]]]},"properties":{"h3_index":"88283464a1fffff","station_count":1,"program_id":"sf_bay","program":"SF Bay","resolution":8,"stations":[{"station_id":"SB040S","station_name":"South Bay (SB040S)","lat":37.619209,"lon":-122.188627,"county":"ALAMEDA","waterbody":"San Francisco Bay"}]}},{"type":"Feature","geometry":{"type":"Polygon","coordinates":[[[-122.19724349045097,37.6155096204765],[-122.19276272146944,37.6190492584832],[-122.19420041268017,37.623753537692394],[-122.20011921385083,37.62491799389566],[-122.20459977502425,37.62137823738474],[-122.20316174288327,37.61667414318486],[-122.19724349045097,37.6155096204765]]]},"properties":{"h3_index":"88283464abfffff","station_count":1,"program_id":"sf_bay","program":"SF Bay","resolution":8,"stations":[{"station_id":"SB032W","station_name":"South Bay (SB032W)","lat":37.617859,"lon":-122.199407,"county":"ALAMEDA","waterbody":"San Francisco Bay"}]}},{"type":"Feature","geometry":{"type":"Polygon","coordinates":[[[-122.21195654209731,37.627245856096366],[-122.2074761889166,37.630785731059234],[-122.20891457069267,37.63548913042326],[-122.21483364647169,37.63665246976204],[-122.21931379147499,37.63311247639951],[-122.21787506892476,37.628409262107944],[-122.21195654209731,37.627245856096366]]]},"properties":{"h3_index":"88283464b1fffff","station_count":2,"program_id":"sf_bay","program":"SF Bay","resolution":8,"stations":[{"station_id":"SB021S","station_name":"South Bay (SB021S)","lat":37.631896,"lon":-122.215068,"county":"ALAMEDA","waterbody":"San Francisco Bay"},{"station_id":"SB072W","station_name":"South Bay (SB072W)","lat":37.629771,"lon":-122.213848,"county":"ALAMEDA"}]}},{"type":"Feature","geometry":{"type":"Polygon","coordinates":[[[-122.20155725034681,37.62962183324832],[-122.19707614468798,37.63316140135308],[-122.19851418550975,37.63786498569401],[-122.20443367299275,37.639028816963354],[-122.20891457069267,37.63548913042326],[-122.2074761889166,37.630785731059234],[-122.20155725034681,37.62962183324832]]]},"properties":{"h3_index":"88283464b5fffff","station_count":1,"program_id":"sf_bay","program":"SF Bay","resolution":8,"stations":[{"station_id":"SB028W","station_name":"South Bay (SB028W)","lat":37.635702,"lon":-122.199777,"county":"ALAMEDA","waterbody":"San Francisco Bay"}]}},{"type":"Feature","geometry":{"type":"Polygon","coordinates":[[[-122.20941040208078,37.58252952613677],[-122.20493180993157,37.58606991558183],[-122.20636948383819,37.59077521278977],[-122.21228609046447,37.5919399352973],[-122.21676447467044,37.58839942728109],[-122.21532646024146,37.583694315338555],[-122.20941040208078,37.58252952613677]]]},"properties":{"h3_index":"88283464c1fffff","station_count":1,"program_id":"sf_bay","program":"SF Bay","resolution":8,"stations":[{"station_id":"SB020S","station_name":"South Bay (SB020S)","lat":37.585502,"lon":-122.214537,"county":"SAN MATEO","waterbody":"San Francisco Bay"}]}},{"type":"Feature","geometry":{"type":"Polygon","coordinates":[[[-122.19901534046792,37.58490463509752],[-122.19453599653167,37.58844471839427],[-122.195973329736,37.59315020077199],[-122.20189034762694,37.59431541469324],[-122.20636948383819,37.59077521278977],[-122.20493180993157,37.58606991558183],[-122.19901534046792,37.58490463509752]]]},"properties":{"h3_index":"88283464c5fffff","station_count":1,"program_id":"sf_bay","program":"SF Bay","resolution":8,"stations":[{"station_id":"SB026W","station_name":"South Bay (SB026W)","lat":37.586567,"lon":-122.198537,"county":"SAN MATEO","waterbody":"San Francisco Bay"}]}},{"type":"Feature","geometry":{"type":"Polygon","coordinates":[[[-122.2124507807577,37.57428339806642],[-122.2079727325732,37.57782397484098],[-122.20941040208078,37.58252952613677],[-122.21532646024146,37.583694315338555],[-122.21980430044898,37.58015361997602],[-122.21836629052085,37.575448254009714],[-122.2124507807577,37.57428339806642]]]},"properties":{"h3_index":"88283464c9fffff","station_count":1,"program_id":"sf_bay","program":"SF Bay","resolution":8,"stations":[{"station_id":"SB070W","station_name":"South Bay (SB070W)","lat":37.578924,"lon":-122.219307,"county":"SAN MATEO"}]}},{"type":"Feature","geometry":{"type":"Polygon","coordinates":[[[-122.2314740650027,37.60013623698242],[-122.22699609723654,37.603676981983774],[-122.22843480610983,37.608380960432875],[-122.23435182308558,37.60954400853067],[-122.23882958235511,37.60600314511537],[-122.23739053319362,37.60129935202628],[-122.2314740650027,37.60013623698242]]]},"properties":{"h3_index":"88283464d7fffff","station_count":1,"program_id":"sf_bay","program":"SF Bay","resolution":8,"stations":[{"station_id":"SB004W","station_name":"South Bay (SB004W)","lat":37.600694,"lon":-122.233778,"county":"SAN MATEO","waterbody":"San Francisco Bay"}]}},{"type":"Feature","geometry":{"type":"Polygon","coordinates":[[[-122.2375509645697,37.58364546514859],[-122.23307408483753,37.58718658469771],[-122.23451278444716,37.591891071762085],[-122.24042870392155,37.5930542537993],[-122.24490537509003,37.58951301580274],[-122.2434663353959,37.58480871422642],[-122.2375509645697,37.58364546514859]]]},"properties":{"h3_index":"88283464d9fffff","station_count":2,"program_id":"sf_bay","program":"SF Bay","resolution":8,"stations":[{"station_id":"SB060S","station_name":"South Bay (SB060S)","lat":37.588834,"lon":-122.240128,"county":"SAN MATEO","waterbody":"San Francisco Bay"},{"station_id":"SB028S","station_name":"South Bay (SB028S)","lat":37.587934,"lon":-122.234758,"county":"SAN MATEO","waterbody":"San Francisco Bay"}]}},{"type":"Feature","geometry":{"type":"Polygon","coordinates":[[[-122.22715830174381,37.586022844611975],[-122.22268066969758,37.58956365851009],[-122.22411902904277,37.59426833096702],[-122.23003536074667,37.595432004143326],[-122.23451278444716,37.591891071762085],[-122.23307408483753,37.58718658469771],[-122.22715830174381,37.586022844611975]]]},"properties":{"h3_index":"88283464ddfffff","station_count":1,"program_id":"sf_bay","program":"SF Bay","resolution":8,"stations":[{"station_id":"SB020W","station_name":"South Bay (SB020W)","lat":37.588418,"lon":-122.230078,"county":"SAN MATEO","waterbody":"San Francisco Bay"}]}},{"type":"Feature","geometry":{"type":"Polygon","coordinates":[[[-122.18557601285323,37.5955243908618],[-122.18109537309572,37.599063979847415],[-122.18253236958381,37.6037693929185],[-122.18845034686163,37.60493503200402],[-122.19293077914638,37.601395324392975],[-122.19149344167414,37.59669009633192],[-122.18557601285323,37.5955243908618]]]},"properties":{"h3_index":"88283464e1fffff","station_count":1,"program_id":"sf_bay","program":"SF Bay","resolution":8,"stations":[{"station_id":"SB024W","station_name":"South Bay (SB024W)","lat":37.603157,"lon":-122.187137,"county":"ALAMEDA","waterbody":"San Francisco Bay"}]}},{"type":"Feature","geometry":{"type":"Polygon","coordinates":[[[-122.18253236958381,37.6037693929185],[-122.17805118553999,37.607308793759955],[-122.1794881861647,37.612013952285615],[-122.1854067119675,37.61317952503387],[-122.18988768857253,37.60964000558367],[-122.18845034686163,37.60493503200402],[-122.18253236958381,37.6037693929185]]]},"properties":{"h3_index":"88283464e7fffff","station_count":1,"program_id":"sf_bay","program":"SF Bay","resolution":8,"stations":[{"station_id":"SB008S","station_name":"South Bay (SB008S)","lat":37.612902,"lon":-122.184997,"county":"ALAMEDA","waterbody":"San Francisco Bay"}]}},{"type":"Feature","geometry":{"type":"Polygon","coordinates":[[[-122.18861911609957,37.58727894649234],[-122.18413902053103,37.590818723410024],[-122.18557601285323,37.5955243908618],[-122.19149344167414,37.59669009633192],[-122.195973329736,37.59315020077199],[-122.19453599653167,37.58844471839427],[-122.18861911609957,37.58727894649234]]]},"properties":{"h3_index":"88283464e9fffff","station_count":2,"program_id":"sf_bay","program":"SF Bay","resolution":8,"stations":[{"station_id":"SB034S","station_name":"South Bay (SB034S)","lat":37.59547,"lon":-122.186197,"county":"ALAMEDA","waterbody":"San Francisco Bay"},{"station_id":"SB042S","station_name":"South Bay (SB042S)","lat":37.58997,"lon":-122.19477,"county":"ALAMEDA","waterbody":"San Francisco Bay"}]}},{"type":"Feature","geometry":{"type":"Polygon","coordinates":[[[-122.195973329736,37.59315020077199],[-122.19149344167414,37.59669009633192],[-122.19293077914638,37.601395324392975],[-122.19884834553274,37.60256047179843],[-122.20332802590342,37.59902045764856],[-122.20189034762694,37.59431541469324],[-122.195973329736,37.59315020077199]]]},"properties":{"h3_index":"88283464ebfffff","station_count":2,"program_id":"sf_bay","program":"SF Bay","resolution":8,"stations":[{"station_id":"SB034W","station_name":"South Bay (SB034W)","lat":37.59545,"lon":-122.193807,"county":"ALAMEDA","waterbody":"San Francisco Bay"},{"station_id":"SB068W","station_name":"South Bay (SB068W)","lat":37.599468,"lon":-122.196677,"county":"SAN MATEO"}]}},{"type":"Feature","geometry":{"type":"Polygon","coordinates":[[[-122.17822172946528,37.58965245995541],[-122.17374088241952,37.59319193026327],[-122.17517753367972,37.597897782693394],[-122.18109537309572,37.599063979847415],[-122.18557601285323,37.5955243908618],[-122.18413902053103,37.590818723410024],[-122.17822172946528,37.58965245995541]]]},"properties":{"h3_index":"88283464edfffff","station_count":1,"program_id":"sf_bay","program":"SF Bay","resolution":8,"stations":[{"station_id":"SB018W","station_name":"South Bay (SB018W)","lat":37.596282,"lon":-122.179497,"county":"ALAMEDA","waterbody":"San Francisco Bay"}]}},{"type":"Feature","geometry":{"type":"Polygon","coordinates":[[[-122.1482827068631,37.61913099746112],[-122.14379872390086,37.622669287667435],[-122.1452347039887,37.62737474555434],[-122.15115500881487,37.62854172865044],[-122.15563878502867,37.625003319745694],[-122.15420246321278,37.62029804645342],[-122.1482827068631,37.61913099746112]]]},"properties":{"h3_index":"882834658bfffff","station_count":1,"program_id":"sf_bay","program":"SF Bay","resolution":8,"stations":[{"station_id":"SB059","station_name":"SF Bay RMP - South Bay SB059","lat":37.62435,"lon":-122.152,"county":"ALAMEDA"}]}},{"type":"Feature","geometry":{"type":"Polygon","coordinates":[[[-122.16299534738693,37.630874644157295],[-122.15851177810632,37.63441317170841],[-122.15994844939281,37.63911775026821],[-122.16586903158047,37.6402836166288],[-122.1703523937431,37.63674497048345],[-122.16891538088414,37.63204057658187],[-122.16299534738693,37.630874644157295]]]},"properties":{"h3_index":"8828346591fffff","station_count":1,"program_id":"sf_bay","program":"SF Bay","resolution":8,"stations":[{"station_id":"SB065","station_name":"SF Bay RMP - South Bay SB065","lat":37.63627,"lon":-122.163,"county":"ALAMEDA"}]}},{"type":"Feature","geometry":{"type":"Polygon","coordinates":[[[-122.15563878502867,37.625003319745694],[-122.15115500881487,37.62854172865044],[-122.1525913345045,37.63324674693997],[-122.15851177810632,37.63441317170841],[-122.16299534738693,37.630874644157295],[-122.16155868004701,37.62616981049423],[-122.15563878502867,37.625003319745694]]]},"properties":{"h3_index":"882834659dfffff","station_count":1,"program_id":"sf_bay","program":"SF Bay","resolution":8,"stations":[{"station_id":"SB055","station_name":"SF Bay RMP - South Bay SB055","lat":37.63322,"lon":-122.156,"county":"ALAMEDA"}]}},{"type":"Feature","geometry":{"type":"Polygon","coordinates":[[[-122.13913707541633,37.64386090870238],[-122.13465145815042,37.64739863081123],[-122.13608744946482,37.65210332300436],[-122.14200940012796,37.653270108696155],[-122.14649481074831,37.64973226793869],[-122.1450584773992,37.645027760148174],[-122.13913707541633,37.64386090870238]]]},"properties":{"h3_index":"88283465b1fffff","station_count":1,"program_id":"sf_bay","program":"SF Bay","resolution":8,"stations":[{"station_id":"Z4LA_Cabot","station_name":"Zone 4 Line A at Cabot Blvd","lat":37.645334,"lon":-122.137409,"county":"ALAMEDA"}]}},{"type":"Feature","geometry":{"type":"Polygon","coordinates":[[[-122.13966859553815,37.59089325099796],[-122.13518528854553,37.5944316812561],[-122.13662057007471,37.599138527177374],[-122.1425395003236,37.60030675819167],[-122.14702260086868,37.59676820909745],[-122.14558697766041,37.59206154783514],[-122.13966859553815,37.59089325099796]]]},"properties":{"h3_index":"88283465c9fffff","station_count":1,"program_id":"sf_bay","program":"SF Bay","resolution":8,"stations":[{"station_id":"200PPCPFC","station_name":"PPCP - Foster City","lat":37.5949,"lon":-122.14645,"county":"ALAMEDA"}]}},{"type":"Feature","geometry":{"type":"Polygon","coordinates":[[[-122.16173206400256,37.608515133849615],[-122.1572493769064,37.61205392045962],[-122.15868569481911,37.61675944859005],[-122.16460504132202,37.617926005366066],[-122.16908752141669,37.61438710007633],[-122.167650862058,37.609681756700404],[-122.16173206400256,37.608515133849615]]]},"properties":{"h3_index":"88283465d1fffff","station_count":1,"program_id":"sf_bay","program":"SF Bay","resolution":8,"stations":[{"station_id":"SB002S","station_name":"South Bay (SB002S)","lat":37.610194,"lon":-122.167376,"county":"ALAMEDA","waterbody":"San Francisco Bay"}]}},{"type":"Feature","geometry":{"type":"Polygon","coordinates":[[[-122.15437709042168,37.60264217011902],[-122.14989419650871,37.6061808379972],[-122.15133016896519,37.61088680552379],[-122.1572493769064,37.61205392045962],[-122.16173206400256,37.608515133849615],[-122.16029575002236,37.603809351045705],[-122.15437709042168,37.60264217011902]]]},"properties":{"h3_index":"88283465ddfffff","station_count":1,"program_id":"sf_bay","program":"SF Bay","resolution":8,"stations":[{"station_id":"SB075","station_name":"SF Bay RMP - South Bay SB075","lat":37.60993,"lon":-122.158,"county":"ALAMEDA"}]}},{"type":"Feature","geometry":{"type":"Polygon","coordinates":[[[-122.18050916095247,37.50604454110793],[-122.17603204285247,37.50958515204377],[-122.1774676265787,37.51429434895096],[-122.18338066893305,37.51546274953676],[-122.18785758002645,37.511922019630575],[-122.18642165582,37.50721300811899],[-122.18050916095247,37.50604454110793]]]},"properties":{"h3_index":"8828346601fffff","station_count":1,"program_id":"sf_bay","program":"SF Bay","resolution":8,"stations":[{"station_id":"SB054","station_name":"SF Bay RMP - South Bay SB054","lat":37.5128,"lon":-122.18,"county":"SAN MATEO"}]}},{"type":"Feature","geometry":{"type":"Polygon","coordinates":[[[-122.1640333484169,37.524915130441855],[-122.15955439318594,37.528455062633135],[-122.16098964417945,37.53316393890441],[-122.16690419131508,37.53433269782298],[-122.1713829398254,37.530792646660245],[-122.16994734796864,37.526083955560466],[-122.1640333484169,37.524915130441855]]]},"properties":{"h3_index":"8828346623fffff","station_count":1,"program_id":"sf_bay","program":"SF Bay","resolution":8,"stations":[{"station_id":"SB038S","station_name":"South Bay (SB038S)","lat":37.53256,"lon":-122.161766,"county":"SAN MATEO","waterbody":"San Francisco Bay"}]}},{"type":"Feature","geometry":{"type":"Polygon","coordinates":[[[-122.14629080782724,37.5214065586784],[-122.14181089614576,37.524946065805345],[-122.14324546112928,37.529655565310264],[-122.14916027896255,37.53082537265474],[-122.15363998432605,37.52728574646885],[-122.15220507822224,37.5225764320075],[-122.14629080782724,37.5214065586784]]]},"properties":{"h3_index":"8828346625fffff","station_count":2,"program_id":"sf_bay","program":"SF Bay","resolution":8,"stations":[{"station_id":"SB102S","station_name":"South Bay (SB102S)","lat":37.52765,"lon":-122.14828,"county":"SAN MATEO","waterbody":"San Francisco Bay"},{"station_id":"SB066W","station_name":"South Bay (SB066W)","lat":37.52538,"lon":-122.152035,"county":"SAN MATEO","waterbody":"San Francisco Bay"}]}},{"type":"Feature","geometry":{"type":"Polygon","coordinates":[[[-122.15363998432605,37.52728574646885],[-122.14916027896255,37.53082537265474],[-122.15059518891331,37.53553443400152],[-122.15651014531826,37.53670368409697],[-122.16098964417945,37.53316393890441],[-122.15955439318594,37.528455062633135],[-122.15363998432605,37.52728574646885]]]},"properties":{"h3_index":"8828346627fffff","station_count":1,"program_id":"sf_bay","program":"SF Bay","resolution":8,"stations":[{"station_id":"SB006W","station_name":"South Bay (SB006W)","lat":37.530225,"lon":-122.153836,"county":"SAN MATEO","waterbody":"San Francisco Bay"}]}},{"type":"Feature","geometry":{"type":"Polygon","coordinates":[[[-122.14933561473754,37.51315711206868],[-122.14485624661808,37.516696806160176],[-122.14629080782724,37.5214065586784],[-122.15220507822224,37.5225764320075],[-122.15668423998952,37.51903661883996],[-122.15524933776193,37.51432705142942],[-122.14933561473754,37.51315711206868]]]},"properties":{"h3_index":"882834662dfffff","station_count":1,"program_id":"sf_bay","program":"SF Bay","resolution":8,"stations":[{"station_id":"SB006S","station_name":"South Bay (SB006S)","lat":37.514734,"lon":-122.151875,"county":"SAN MATEO","waterbody":"San Francisco Bay"}]}},{"type":"Feature","geometry":{"type":"Polygon","coordinates":[[[-122.1713829398254,37.530792646660245],[-122.16690419131508,37.53433269782298],[-122.16833978719328,37.539041135771065],[-122.17425447241533,37.54020933736317],[-122.1787330140208,37.53666916728134],[-122.17729707735703,37.53196091453657],[-122.1713829398254,37.530792646660245]]]},"properties":{"h3_index":"8828346635fffff","station_count":2,"program_id":"sf_bay","program":"SF Bay","resolution":8,"stations":[{"station_id":"SB014S","station_name":"South Bay (SB014S)","lat":37.53787,"lon":-122.174126,"county":"SAN MATEO","waterbody":"San Francisco Bay"},{"station_id":"SB074W","station_name":"South Bay (SB074W)","lat":37.537229,"lon":-122.175936,"county":"SAN MATEO"}]}},{"type":"Feature","geometry":{"type":"Polygon","coordinates":[[[-122.18481659732112,37.52017150829146],[-122.1803391428208,37.52371205180187],[-122.18177507536136,37.52842055763427],[-122.18768880295447,37.529588334603005],[-122.19216605029787,37.526047672191744],[-122.19072977725308,37.52133935172262],[-122.18481659732112,37.52017150829146]]]},"properties":{"h3_index":"8828346639fffff","station_count":1,"program_id":"sf_bay","program":"SF Bay","resolution":8,"stations":[{"station_id":"SB074","station_name":"SF Bay RMP - South Bay SB074","lat":37.52771,"lon":-122.184,"county":"SAN MATEO"}]}},{"type":"Feature","geometry":{"type":"Polygon","coordinates":[[[-122.15542360970015,37.49665690042721],[-122.1509453284138,37.50019696781048],[-122.15237988198639,37.504907225858965],[-122.158293057708,37.506077231298335],[-122.16277113257402,37.50253704480473],[-122.16133623818668,37.497826971992154],[-122.15542360970015,37.49665690042721]]]},"properties":{"h3_index":"8828346661fffff","station_count":1,"program_id":"sf_bay","program":"SF Bay","resolution":8,"stations":[{"station_id":"SB058","station_name":"SF Bay RMP - South Bay SB058","lat":37.49833,"lon":-122.161,"county":"SAN MATEO"}]}},{"type":"Feature","geometry":{"type":"Polygon","coordinates":[[[-122.15237988198639,37.504907225858965],[-122.14790105733198,37.50844710670259],[-122.14933561473754,37.51315711206868],[-122.15524933776193,37.51432705142942],[-122.15972795603008,37.51078705149265],[-122.158293057708,37.506077231298335],[-122.15237988198639,37.504907225858965]]]},"properties":{"h3_index":"8828346667fffff","station_count":1,"program_id":"sf_bay","program":"SF Bay","resolution":8,"stations":[{"station_id":"SB070","station_name":"SF Bay RMP - South Bay SB070","lat":37.5079,"lon":-122.154,"county":"SAN MATEO"}]}},{"type":"Feature","geometry":{"type":"Polygon","coordinates":[[[-122.16581376974756,37.49428659915421],[-122.16133623818668,37.497826971992154],[-122.16277113257402,37.50253704480473],[-122.1686838992056,37.50370655945754],[-122.17316122412811,37.50016606754444],[-122.17172598910531,37.49545618006376],[-122.16581376974756,37.49428659915421]]]},"properties":{"h3_index":"882834666bfffff","station_count":1,"program_id":"sf_bay","program":"SF Bay","resolution":8,"stations":[{"station_id":"61OTH","station_name":"EMBAYSITE-061 (S Bay off Menlo Park)-61OTH","lat":37.50187,"lon":-122.1653,"county":"SAN MATEO"}]}},{"type":"Feature","geometry":{"type":"Polygon","coordinates":[[[-122.2393100002018,37.55303649020467],[-122.23483454331037,37.556578051434606],[-122.23627288418636,37.56128373940061],[-122.24218702185908,37.56244768049797],[-122.24666227027068,37.55890600071753],[-122.2452235895374,37.554200498400256],[-122.2393100002018,37.55303649020467]]]},"properties":{"h3_index":"8828346683fffff","station_count":1,"program_id":"sf_bay","program":"SF Bay","resolution":8,"stations":[{"station_id":"SB057","station_name":"SF Bay RMP - South Bay SB057","lat":37.55418,"lon":-122.245,"county":"SAN MATEO"}]}},{"type":"Feature","geometry":{"type":"Polygon","coordinates":[[[-122.22892054188928,37.55541355262051],[-122.22444433309305,37.558954808749505],[-122.22588233393196,37.56366068226871],[-122.23179688365222,37.564825114115735],[-122.23627288418636,37.56128373940061],[-122.23483454331037,37.556578051434606],[-122.22892054188928,37.55541355262051]]]},"properties":{"h3_index":"8828346687fffff","station_count":2,"program_id":"sf_bay","program":"SF Bay","resolution":8,"stations":[{"station_id":"SB024S","station_name":"South Bay (SB024S)","lat":37.562484,"lon":-122.226007,"county":"SAN MATEO","waterbody":"San Francisco Bay"},{"station_id":"SB010W","station_name":"South Bay (SB010W)","lat":37.562757,"lon":-122.227157,"county":"SAN MATEO","waterbody":"San Francisco Bay"}]}},{"type":"Feature","geometry":{"type":"Polygon","coordinates":[[[-122.2246069023373,37.541294479152405],[-122.22013102903875,37.544835803123696],[-122.22156868065878,37.549542369121504],[-122.22748254563864,37.55070742557234],[-122.23195821082572,37.547165982945465],[-122.2305202191924,37.54245960253336],[-122.2246069023373,37.541294479152405]]]},"properties":{"h3_index":"882834668dfffff","station_count":1,"program_id":"sf_bay","program":"SF Bay","resolution":8,"stations":[{"station_id":"SB077","station_name":"SF Bay RMP - South Bay SB077","lat":37.54515,"lon":-122.222,"county":"SAN MATEO"}]}},{"type":"Feature","geometry":{"type":"Polygon","coordinates":[[[-122.24666227027068,37.55890600071753],[-122.24218702185908,37.56244768049797],[-122.24362570735504,37.56715292924936],[-122.24953998108978,37.5683163125501],[-122.25401502083729,37.5647745142717],[-122.25257599556217,37.56006945120051],[-122.24666227027068,37.55890600071753]]]},"properties":{"h3_index":"8828346695fffff","station_count":1,"program_id":"sf_bay","program":"SF Bay","resolution":8,"stations":[{"station_id":"200PPCPEL","station_name":"PPCP - Eden Landing","lat":37.5644,"lon":-122.249717,"county":"SAN MATEO"}]}},{"type":"Feature","geometry":{"type":"Polygon","coordinates":[[[-122.25401502083729,37.5647745142717],[-122.24953998108978,37.5683163125501],[-122.25097901120027,37.573021121954554],[-122.25689342080737,37.574183947378934],[-122.26136825170657,37.57064203065511],[-122.25992888189506,37.565937406962306],[-122.25401502083729,37.5647745142717]]]},"properties":{"h3_index":"8828346697fffff","station_count":1,"program_id":"sf_bay","program":"SF Bay","resolution":8,"stations":[{"station_id":"SB067","station_name":"SF Bay RMP - South Bay SB067","lat":37.57043,"lon":-122.256,"county":"SAN MATEO"}]}},{"type":"Feature","geometry":{"type":"Polygon","coordinates":[[[-122.20813813478274,37.56016528952219],[-122.20366042263939,37.563705934756925],[-122.20509774286481,37.56841217909561],[-122.21101311567827,37.56957759284769],[-122.21549061999535,37.56603682895571],[-122.2140529593733,37.561330769978944],[-122.20813813478274,37.56016528952219]]]},"properties":{"h3_index":"88283466a1fffff","station_count":1,"program_id":"sf_bay","program":"SF Bay","resolution":8,"stations":[{"station_id":"SB010S","station_name":"South Bay (SB010S)","lat":37.562362,"lon":-122.210907,"county":"SAN MATEO","waterbody":"San Francisco Bay"}]}},{"type":"Feature","geometry":{"type":"Polygon","coordinates":[[[-122.21549061999535,37.56603682895571],[-122.21101311567827,37.56957759284769],[-122.2124507807577,37.57428339806642],[-122.21836629052085,37.575448254009714],[-122.22284358682732,37.5719073715129],[-122.22140558142925,37.56720175168768],[-122.21549061999535,37.56603682895571]]]},"properties":{"h3_index":"88283466a3fffff","station_count":2,"program_id":"sf_bay","program":"SF Bay","resolution":8,"stations":[{"station_id":"SB058W","station_name":"South Bay (SB058W)","lat":37.56693,"lon":-122.2185,"county":"SAN MATEO","waterbody":"San Francisco Bay"},{"station_id":"SB13","station_name":"SF Bay RMP - South Bay SB13","lat":37.570067,"lon":-122.21285,"county":"SAN MATEO"}]}},{"type":"Feature","geometry":{"type":"Polygon","coordinates":[[[-122.21117798734888,37.551917959403305],[-122.20670081894195,37.55545879152641],[-122.20813813478274,37.56016528952219],[-122.2140529593733,37.561330769978944],[-122.21852991992024,37.55778981918168],[-122.21709226378465,37.55308350661188],[-122.21117798734888,37.551917959403305]]]},"properties":{"h3_index":"88283466a9fffff","station_count":2,"program_id":"sf_bay","program":"SF Bay","resolution":8,"stations":[{"station_id":"BA40","station_name":"Redwood Creek (BA40)","lat":37.559,"lon":-122.209,"county":"SAN MATEO","waterbody":"San Francisco Bay"},{"station_id":"BA41","station_name":"Redwood Creek (BA41)","lat":37.559035,"lon":-122.210577,"county":"SAN MATEO","waterbody":"San Francisco Bay"}]}},{"type":"Feature","geometry":{"type":"Polygon","coordinates":[[[-122.20078613138429,37.55429275342504],[-122.19630821159899,37.5578332799501],[-122.19774518696524,37.562539963276166],[-122.20366042263939,37.563705934756925],[-122.20813813478274,37.56016528952219],[-122.20670081894195,37.55545879152641],[-122.20078613138429,37.55429275342504]]]},"properties":{"h3_index":"88283466adfffff","station_count":1,"program_id":"sf_bay","program":"SF Bay","resolution":8,"stations":[{"station_id":"SB002W","station_name":"South Bay (SB002W)","lat":37.561586,"lon":-122.199797,"county":"SAN MATEO","waterbody":"San Francisco Bay"}]}},{"type":"Feature","geometry":{"type":"Polygon","coordinates":[[[-122.22284358682732,37.5719073715129],[-122.21836629052085,37.575448254009714],[-122.21980430044898,37.58015361997602],[-122.22571994697226,37.581317918030486],[-122.23019703508378,37.5777769169813],[-122.22875868491501,37.57307173644007],[-122.22284358682732,37.5719073715129]]]},"properties":{"h3_index":"88283466b5fffff","station_count":2,"program_id":"sf_bay","program":"SF Bay","resolution":8,"stations":[{"station_id":"SB040W","station_name":"South Bay (SB040W)","lat":37.579915,"lon":-122.222408,"county":"SAN MATEO","waterbody":"San Francisco Bay"},{"station_id":"SB048W","station_name":"South Bay (SB048W)","lat":37.577658,"lon":-122.228808,"county":"SAN MATEO","waterbody":"San Francisco Bay"}]}},{"type":"Feature","geometry":{"type":"Polygon","coordinates":[[[-122.23019703508378,37.5777769169813],[-122.22571994697226,37.581317918030486],[-122.22715830174381,37.586022844611975],[-122.23307408483753,37.58718658469771],[-122.2375509645697,37.58364546514859],[-122.23611226963557,37.57894072402369],[-122.23019703508378,37.5777769169813]]]},"properties":{"h3_index":"88283466b7fffff","station_count":1,"program_id":"sf_bay","program":"SF Bay","resolution":8,"stations":[{"station_id":"SB036S","station_name":"South Bay (SB036S)","lat":37.579608,"lon":-122.229798,"county":"SAN MATEO","waterbody":"San Francisco Bay"}]}},{"type":"Feature","geometry":{"type":"Polygon","coordinates":[[[-122.23627288418636,37.56128373940061],[-122.23179688365222,37.564825114115735],[-122.23323522918913,37.56953054845184],[-122.23914991526728,37.57069442249813],[-122.24362570735504,37.56715292924936],[-122.24218702185908,37.56244768049797],[-122.23627288418636,37.56128373940061]]]},"properties":{"h3_index":"88283466b9fffff","station_count":1,"program_id":"sf_bay","program":"SF Bay","resolution":8,"stations":[{"station_id":"SB042W","station_name":"South Bay (SB042W)","lat":37.567788,"lon":-122.236038,"county":"SAN MATEO","waterbody":"San Francisco Bay"}]}},{"type":"Feature","geometry":{"type":"Polygon","coordinates":[[[-122.23068172901975,37.52479738099697],[-122.22620694258065,37.52833907729337],[-122.22764458508219,37.53304614965175],[-122.2335573538807,37.53421134000991],[-122.23803193214127,37.53066952502396],[-122.23659394982982,37.525962638379426],[-122.23068172901975,37.52479738099697]]]},"properties":{"h3_index":"88283466c1fffff","station_count":1,"program_id":"sf_bay","program":"SF Bay","resolution":8,"stations":[{"station_id":"29BIR","station_name":"29 - Bair-29BIR","lat":37.53267,"lon":-122.2321,"county":"SAN MATEO"}]}},{"type":"Feature","geometry":{"type":"Polygon","coordinates":[[[-122.21421730068965,37.5436701891162],[-122.20974067592188,37.54721120791545],[-122.21117798734888,37.551917959403305],[-122.21709226378465,37.55308350661188],[-122.22156868065878,37.549542369121504],[-122.22013102903875,37.544835803123696],[-122.21421730068965,37.5436701891162]]]},"properties":{"h3_index":"88283466e3fffff","station_count":1,"program_id":"sf_bay","program":"SF Bay","resolution":8,"stations":[{"station_id":"SB061","station_name":"SF Bay RMP - South Bay SB061","lat":37.54806,"lon":-122.216,"county":"SAN MATEO"}]}},{"type":"Feature","geometry":{"type":"Polygon","coordinates":[[[-122.19951598531456,37.53192284043819],[-122.19503894531215,37.53546362169789],[-122.19647556730627,37.54017125062371],[-122.20238956969949,37.54133791287313],[-122.20686640217669,37.537797012817414],[-122.20542943983384,37.53308956931834],[-122.19951598531456,37.53192284043819]]]},"properties":{"h3_index":"88283466edfffff","station_count":1,"program_id":"sf_bay","program":"SF Bay","resolution":8,"stations":[{"station_id":"SB066","station_name":"SF Bay RMP - South Bay SB066","lat":37.53822,"lon":-122.197,"county":"SAN MATEO"}]}},{"type":"Feature","geometry":{"type":"Polygon","coordinates":[[[-122.11510356175337,37.52851159339022],[-122.11062140126342,37.53205018101268],[-122.11205494180976,37.53676023507181],[-122.11797098455243,37.53793151676334],[-122.1224529393801,37.53439280997656],[-122.1210190571753,37.52968294067269],[-122.11510356175337,37.52851159339022]]]},"properties":{"h3_index":"8828346703fffff","station_count":1,"program_id":"sf_bay","program":"SF Bay","resolution":8,"stations":[{"station_id":"SB060","station_name":"SF Bay RMP - South Bay SB060","lat":37.53192,"lon":-122.119,"county":"ALAMEDA"}]}},{"type":"Feature","geometry":{"type":"Polygon","coordinates":[[[-122.11940487029835,37.54264113276036],[-122.11492237158907,37.54617965176717],[-122.11635626084671,37.55088901429208],[-122.12227299054462,37.55205967309705],[-122.1267552834416,37.54852103499504],[-122.12532105250092,37.5438118571934],[-122.11940487029835,37.54264113276036]]]},"properties":{"h3_index":"882834673bfffff","station_count":1,"program_id":"sf_bay","program":"SF Bay","resolution":8,"stations":[{"station_id":"SB076","station_name":"SF Bay RMP - South Bay SB076","lat":37.5443,"lon":-122.119,"county":"ALAMEDA"}]}},{"type":"Feature","geometry":{"type":"Polygon","coordinates":[[[-122.11385138921406,37.50613013942703],[-122.10937011058088,37.509668982687415],[-122.11080329910163,37.51437998071837],[-122.11671810783537,37.51555195064764],[-122.12119918092182,37.512012988136576],[-122.11976565086921,37.50730217495701],[-122.11385138921406,37.50613013942703]]]},"properties":{"h3_index":"8828346743fffff","station_count":1,"program_id":"sf_bay","program":"SF Bay","resolution":8,"stations":[{"station_id":"SB064","station_name":"SF Bay RMP - South Bay SB064","lat":37.51172,"lon":-122.12,"county":"ALAMEDA"}]}},{"type":"Feature","geometry":{"type":"Polygon","coordinates":[[[-122.1095521824437,37.49199569690548],[-122.10507124193548,37.49553460795434],[-122.10650408201015,37.500246296249614],[-122.11241820414809,37.501418888622794],[-122.11689893925936,37.497879858253924],[-122.11546575767748,37.49316835484201],[-122.1095521824437,37.49199569690548]]]},"properties":{"h3_index":"8828346749fffff","station_count":11,"program_id":"sf_bay","program":"SF Bay","resolution":8,"stations":[{"station_id":"LSB039W","station_name":"Lower South Bay (LSB039W)","lat":37.496003,"lon":-122.109144,"county":"ALAMEDA","waterbody":"San Francisco Bay"},{"station_id":"LSB031S","station_name":"Lower South Bay (LSB031S)","lat":37.495109,"lon":-122.108355,"county":"SAN MATEO","waterbody":"San Francisco Bay"},{"station_id":"LSB039S","station_name":"Lower South Bay (LSB039S)","lat":37.49279,"lon":-122.110334,"county":"SAN MATEO","waterbody":"San Francisco Bay"},{"station_id":"LSB015W","station_name":"Lower South Bay (LSB015W)","lat":37.497723,"lon":-122.111405,"county":"ALAMEDA","waterbody":"San Francisco Bay"},{"station_id":"LSB078W","station_name":"Lower South Bay (LSB078W)","lat":37.492774,"lon":-122.108715,"county":"SAN MATEO"},{"station_id":"LSB007W","station_name":"Lower South Bay (LSB007W)","lat":37.495091,"lon":-122.107834,"county":"ALAMEDA","waterbody":"San Francisco Bay"},{"station_id":"LSB041S","station_name":"Lower South Bay (LSB041S)","lat":37.49543,"lon":-122.10618,"county":"ALAMEDA","waterbody":"San Francisco Bay"},{"station_id":"LSB009W","station_name":"Lower South Bay (LSB009W)","lat":37.495909,"lon":-122.105935,"county":"ALAMEDA","waterbody":"San Francisco Bay"},{"station_id":"LSB019S","station_name":"Lower South Bay (LSB019S)","lat":37.499462,"lon":-122.111455,"county":"SAN MATEO","waterbody":"San Francisco Bay"},{"station_id":"LSB019W","station_name":"Lower South Bay (LSB019W)","lat":37.500628,"lon":-122.112315,"county":"ALAMEDA","waterbody":"San Francisco Bay"},{"station_id":"LSB086W","station_name":"Lower South Bay (LSB086W)","lat":37.49421,"lon":-122.109414}]}},{"type":"Feature","geometry":{"type":"Polygon","coordinates":[[[-122.11689893925936,37.497879858253924],[-122.11241820414809,37.501418888622794],[-122.11385138921406,37.50613013942703],[-122.11976565086921,37.50730217495701],[-122.12424618039937,37.50376302532029],[-122.12281265390341,37.49905195943156],[-122.11689893925936,37.497879858253924]]]},"properties":{"h3_index":"882834674bfffff","station_count":9,"program_id":"sf_bay","program":"SF Bay","resolution":8,"stations":[{"station_id":"LSB035S","station_name":"Lower South Bay (LSB035S)","lat":37.500251,"lon":-122.114575,"county":"SAN MATEO","waterbody":"San Francisco Bay"},{"station_id":"LSB011S","station_name":"Lower South Bay (LSB011S)","lat":37.503671,"lon":-122.118735,"county":"SAN MATEO","waterbody":"San Francisco Bay"},{"station_id":"LSB075S","station_name":"Lower South Bay (LSB075S)","lat":37.500528,"lon":-122.118215,"county":"SAN MATEO","waterbody":"San Francisco Bay"},{"station_id":"LSB027W","station_name":"Lower South Bay (LSB027W)","lat":37.504183,"lon":-122.116465,"county":"SAN MATEO","waterbody":"San Francisco Bay"},{"station_id":"LSB027S","station_name":"Lower South Bay (LSB027S)","lat":37.501002,"lon":-122.115705,"county":"SAN MATEO","waterbody":"San Francisco Bay"},{"station_id":"LSB003W","station_name":"Lower South Bay (LSB003W)","lat":37.502067,"lon":-122.113165,"county":"ALAMEDA","waterbody":"San Francisco Bay"},{"station_id":"LSB035W","station_name":"Lower South Bay (LSB035W)","lat":37.50246,"lon":-122.116725,"county":"SAN MATEO","waterbody":"San Francisco Bay"},{"station_id":"LSB043W","station_name":"Lower South Bay (LSB043W)","lat":37.502968,"lon":-122.122015,"county":"SAN MATEO","waterbody":"San Francisco Bay"},{"station_id":"LSB011W","station_name":"Lower South Bay (LSB011W)","lat":37.50395,"lon":-122.119375,"county":"SAN MATEO","waterbody":"San Francisco Bay"}]}},{"type":"Feature","geometry":{"type":"Polygon","coordinates":[[[-122.09915725950363,37.49436145881945],[-122.09467557032964,37.49790006342208],[-122.09610806871787,37.50261193650443],[-122.1020225980144,37.503785020207204],[-122.10650408201015,37.500246296249614],[-122.10507124193548,37.49553460795434],[-122.09915725950363,37.49436145881945]]]},"properties":{"h3_index":"882834674dfffff","station_count":4,"program_id":"sf_bay","program":"SF Bay","resolution":8,"stations":[{"station_id":"LSB033W","station_name":"Lower South Bay (LSB033W)","lat":37.495963,"lon":-122.099974,"county":"ALAMEDA","waterbody":"San Francisco Bay"},{"station_id":"LSB05","station_name":"SF Bay RMP - Lower South Bay LSB05","lat":37.49763,"lon":-122.101,"county":"ALAMEDA"},{"station_id":"LSB121S","station_name":"Lower South Bay (LSB121S)","lat":37.49452,"lon":-122.09932,"county":"ALAMEDA","waterbody":"San Francisco Bay"},{"station_id":"LSB057W","station_name":"Lower South Bay (LSB057W)","lat":37.495815,"lon":-122.104284,"county":"ALAMEDA","waterbody":"San Francisco Bay"}]}},{"type":"Feature","geometry":{"type":"Polygon","coordinates":[[[-122.13159390566994,37.50964519788965],[-122.12711358190509,37.51318446674199],[-122.12854745693951,37.51789484216341],[-122.1344619970619,37.51906576376297],[-122.13894211487721,37.51552637574721],[-122.13750789856756,37.5108161853054],[-122.13159390566994,37.50964519788965]]]},"properties":{"h3_index":"8828346751fffff","station_count":2,"program_id":"sf_bay","program":"SF Bay","resolution":8,"stations":[{"station_id":"BA30","station_name":"Dumbarton Bridge (BA30)","lat":37.51375,"lon":-122.134617,"county":"SAN MATEO","waterbody":"San Francisco Bay"},{"station_id":"SB022W","station_name":"South Bay (SB022W)","lat":37.51879,"lon":-122.133615,"county":"SAN MATEO","waterbody":"San Francisco Bay"}]}},{"type":"Feature","geometry":{"type":"Polygon","coordinates":[[[-122.13894211487721,37.51552637574721],[-122.1344619970619,37.51906576376297],[-122.13589621707334,37.52377570129279],[-122.14181089614576,37.524946065805345],[-122.14629080782724,37.5214065586784],[-122.14485624661808,37.516696806160176],[-122.13894211487721,37.51552637574721]]]},"properties":{"h3_index":"8828346753fffff","station_count":1,"program_id":"sf_bay","program":"SF Bay","resolution":8,"stations":[{"station_id":"SB054W","station_name":"South Bay (SB054W)","lat":37.523146,"lon":-122.137815,"county":"SAN MATEO","waterbody":"San Francisco Bay"}]}},{"type":"Feature","geometry":{"type":"Polygon","coordinates":[[[-122.12424618039937,37.50376302532029],[-122.11976565086921,37.50730217495701],[-122.12119918092182,37.512012988136576],[-122.12711358190509,37.51318446674199],[-122.13159390566994,37.50964519788965],[-122.1301600342647,37.504934569657635],[-122.12424618039937,37.50376302532029]]]},"properties":{"h3_index":"882834675dfffff","station_count":1,"program_id":"sf_bay","program":"SF Bay","resolution":8,"stations":[{"station_id":"SB022S","station_name":"South Bay (SB022S)","lat":37.511879,"lon":-122.128025,"county":"SAN MATEO","waterbody":"San Francisco Bay"}]}},{"type":"Feature","geometry":{"type":"Polygon","coordinates":[[[-121.92725276565515,37.36699402443135],[-121.92276586544999,37.37052968263453],[-121.92419042766397,37.375251329791375],[-121.93010223368152,37.37643713478333],[-121.9345889329771,37.372901356048466],[-121.93316402721233,37.36817989286354],[-121.92725276565515,37.36699402443135]]]},"properties":{"h3_index":"8828347111fffff","station_count":1,"program_id":"sf_bay","program":"SF Bay","resolution":8,"stations":[{"station_id":"GuadalupeR_Hwy101","station_name":"Guadalupe River above Hwy 101 at airport crossing to rental car facility","lat":37.37356,"lon":-121.93283,"county":"SANTA CLARA","waterbody":"San Francisco Bay"}]}},{"type":"Feature","geometry":{"type":"Polygon","coordinates":[[[-121.90338998635501,37.3799488791244],[-121.89890105629206,37.38348373428412],[-121.90032493225199,37.388205498408944],[-121.9062380823315,37.38939222367138],[-121.91072681196009,37.385857247929906],[-121.90930259199114,37.38113566751801],[-121.90338998635501,37.3799488791244]]]},"properties":{"h3_index":"8828347131fffff","station_count":1,"program_id":"sf_bay","program":"SF Bay","resolution":8,"stations":[{"station_id":"MMP-Storm-SB-CC","station_name":"Coyote Creek - Charcot Ave - Moore Microplastics","lat":37.385832,"lon":-121.91,"county":"SANTA CLARA"}]}},{"type":"Feature","geometry":{"type":"Polygon","coordinates":[[[-121.9755576944901,37.416579663763954],[-121.9710716614275,37.42011597738111],[-121.97249864232238,37.42483432917939],[-121.97841199944683,37.426016183232164],[-121.98289783034738,37.42247974946331],[-121.98147050633322,37.417761581803575],[-121.9755576944901,37.416579663763954]]]},"properties":{"h3_index":"8828347197fffff","station_count":1,"program_id":"sf_bay","program":"SF Bay","resolution":8,"stations":[{"station_id":"NALMA","station_name":"New Almaden (Guadalupe River)-NALMA","lat":37.42267,"lon":-121.97645,"county":"SANTA CLARA"}]}},{"type":"Feature","geometry":{"type":"Polygon","coordinates":[[[-121.94435651361042,37.42363897711255],[-121.93986824564438,37.42717436718071],[-121.94129419611083,37.43189327081215],[-121.94720875824554,37.43307660053843],[-121.95169682470829,37.42954109021604],[-121.9502705305873,37.42482237043186],[-121.94435651361042,37.42363897711255]]]},"properties":{"h3_index":"88283471b5fffff","station_count":1,"program_id":"sf_bay","program":"SF Bay","resolution":8,"stations":[{"station_id":"SJSCWWTP","station_name":"San Jose-Santa Clara Regional Wastewater Facility (SJSCWWTP)","lat":37.431633,"lon":-121.948245,"county":"SANTA CLARA"}]}},{"type":"Feature","geometry":{"type":"Polygon","coordinates":[[[-122.08626898241326,37.45194405631045],[-122.08178830856752,37.455482862964125],[-122.0832197623572,37.460196803919025],[-122.08913223165254,37.461371753347656],[-122.09361270076883,37.45783282713072],[-122.09218090536702,37.45311907105855],[-122.08626898241326,37.45194405631045]]]},"properties":{"h3_index":"8828347533fffff","station_count":1,"program_id":"sf_bay","program":"SF Bay","resolution":8,"stations":[{"station_id":"LSB06","station_name":"SF Bay RMP - Lower South Bay LSB06","lat":37.45757,"lon":-122.092,"county":"SANTA CLARA"}]}},{"type":"Feature","geometry":{"type":"Polygon","coordinates":[[[-122.06853268198714,37.44841691781843],[-122.06405105614792,37.45195529862713],[-122.06548182319992,37.456669860954065],[-122.07139455800696,37.457845857728515],[-122.07587597951941,37.454307357269656],[-122.0744448705994,37.44959297969664],[-122.06853268198714,37.44841691781843]]]},"properties":{"h3_index":"8828347535fffff","station_count":1,"program_id":"sf_bay","program":"SF Bay","resolution":8,"stations":[{"station_id":"LSB09","station_name":"SF Bay RMP - Lower South Bay LSB09","lat":37.45215,"lon":-122.075,"county":"SANTA CLARA"}]}},{"type":"Feature","geometry":{"type":"Polygon","coordinates":[[[-122.11869324437485,37.46724126407717],[-122.11421393374809,37.47078073512428],[-122.11564676349981,37.47549318044091],[-122.12155924512781,37.47666596964478],[-122.12603835025459,37.47312637922588],[-122.1246051793012,37.46841411898498],[-122.11869324437485,37.46724126407717]]]},"properties":{"h3_index":"8828347585fffff","station_count":1,"program_id":"sf_bay","program":"SF Bay","resolution":8,"stations":[{"station_id":"LSB11","station_name":"SF Bay RMP - Lower South Bay LSB11","lat":37.47164,"lon":-122.119,"county":"SAN MATEO"}]}},{"type":"Feature","geometry":{"type":"Polygon","coordinates":[[[-122.12603835025459,37.47312637922588],[-122.12155924512781,37.47666596964478],[-122.12299241965336,37.48137797777509],[-122.12890504047799,37.48255021038874],[-122.13338393992073,37.479010500650304],[-122.13195042427078,37.47429867762784],[-122.12603835025459,37.47312637922588]]]},"properties":{"h3_index":"8828347587fffff","station_count":1,"program_id":"sf_bay","program":"SF Bay","resolution":8,"stations":[{"station_id":"200PPCPCL","station_name":"PPCP - Cooley Landing","lat":37.476367,"lon":-122.123917,"county":"SAN MATEO"}]}},{"type":"Feature","geometry":{"type":"Polygon","coordinates":[[[-122.10525402077121,37.47785918489476],[-122.10077341840649,37.48139816343291],[-122.10220591014598,37.48611054149013],[-122.10811934578062,37.48728375610404],[-122.11259974289817,37.48374465817648],[-122.11116690967609,37.47903246503456],[-122.10525402077121,37.47785918489476]]]},"properties":{"h3_index":"88283475a1fffff","station_count":1,"program_id":"sf_bay","program":"SF Bay","resolution":8,"stations":[{"station_id":"LSB109S","station_name":"Lower South Bay (LSB109S)","lat":37.48513,"lon":-122.10495,"county":"ALAMEDA"}]}},{"type":"Feature","geometry":{"type":"Polygon","coordinates":[[[-122.11259974289817,37.48374465817648],[-122.10811934578062,37.48728375610404],[-122.1095521824437,37.49199569690548],[-122.11546575767748,37.49316835484201],[-122.11994594936371,37.489629137577204],[-122.11851277129529,37.48491738172324],[-122.11259974289817,37.48374465817648]]]},"properties":{"h3_index":"88283475a3fffff","station_count":5,"program_id":"sf_bay","program":"SF Bay","resolution":8,"stations":[{"station_id":"LSB003S","station_name":"Lower South Bay (LSB003S)","lat":37.491309,"lon":-122.116435,"county":"SAN MATEO","waterbody":"San Francisco Bay"},{"station_id":"LSB015S","station_name":"Lower South Bay (LSB015S)","lat":37.491252,"lon":-122.115005,"county":"SAN MATEO","waterbody":"San Francisco Bay"},{"station_id":"LSB023W","station_name":"Lower South Bay (LSB023W)","lat":37.491071,"lon":-122.109775,"county":"SAN MATEO","waterbody":"San Francisco Bay"},{"station_id":"LSB051W","station_name":"Lower South Bay (LSB051W)","lat":37.48923,"lon":-122.116945,"county":"SAN MATEO","waterbody":"San Francisco Bay"},{"station_id":"LSB007S","station_name":"Lower South Bay (LSB007S)","lat":37.49022,"lon":-122.110275,"county":"SAN MATEO","waterbody":"San Francisco Bay"}]}},{"type":"Feature","geometry":{"type":"Polygon","coordinates":[[[-122.0948601225599,37.48022439222323],[-122.09037877181035,37.48376306447558],[-122.0918109218882,37.488475627351804],[-122.09772476442504,37.48964933316681],[-122.10220591014598,37.48611054149013],[-122.10077341840649,37.48139816343291],[-122.0948601225599,37.48022439222323]]]},"properties":{"h3_index":"88283475a5fffff","station_count":5,"program_id":"sf_bay","program":"SF Bay","resolution":8,"stations":[{"station_id":"LSB03","station_name":"SF Bay RMP - Lower South Bay LSB03","lat":37.48223,"lon":-122.096,"county":"ALAMEDA"},{"station_id":"LSB012W","station_name":"Lower South Bay (LSB012W)","lat":37.4865,"lon":-122.097444,"county":"SAN MATEO","waterbody":"San Francisco Bay"},{"station_id":"LSB044S","station_name":"Lower South Bay (LSB044S)","lat":37.487095,"lon":-122.092755,"county":"ALAMEDA","waterbody":"San Francisco Bay"},{"station_id":"LSB085W","station_name":"Lower South Bay (LSB085W)","lat":37.488103,"lon":-122.098324},{"station_id":"LSB060W","station_name":"Lower South Bay (LSB060W)","lat":37.487823,"lon":-122.094874,"county":"ALAMEDA","waterbody":"San Francisco Bay"}]}},{"type":"Feature","geometry":{"type":"Polygon","coordinates":[[[-122.10220591014598,37.48611054149013],[-122.09772476442504,37.48964933316681],[-122.09915725950363,37.49436145881945],[-122.10507124193548,37.49553460795434],[-122.1095521824437,37.49199569690548],[-122.10811934578062,37.48728375610404],[-122.10220591014598,37.48611054149013]]]},"properties":{"h3_index":"88283475a7fffff","station_count":20,"program_id":"sf_bay","program":"SF Bay","resolution":8,"stations":[{"station_id":"LSB001S","station_name":"Lower South Bay (LSB001S)","lat":37.491836,"lon":-122.098514,"county":"ALAMEDA","waterbody":"San Francisco Bay"},{"station_id":"LSB037W","station_name":"Lower South Bay (LSB037W)","lat":37.489927,"lon":-122.100004,"county":"SAN MATEO","waterbody":"San Francisco Bay"},{"station_id":"LSB071S","station_name":"Lower South Bay (LSB071S)","lat":37.491237,"lon":-122.108125,"county":"SAN MATEO","waterbody":"San Francisco Bay"},{"station_id":"LSB097S","station_name":"Lower South Bay (LSB097S)","lat":37.489988,"lon":-122.102264,"county":"SAN MATEO","waterbody":"San Francisco Bay"},{"station_id":"LSB025W","station_name":"Lower South Bay (LSB025W)","lat":37.491344,"lon":-122.106264,"county":"SAN MATEO","waterbody":"San Francisco Bay"},{"station_id":"LSB033S","station_name":"Lower South Bay (LSB033S)","lat":37.48889,"lon":-122.103064,"county":"SAN MATEO","waterbody":"San Francisco Bay"},{"station_id":"LSB001W","station_name":"Lower South Bay (LSB001W)","lat":37.490618,"lon":-122.106244,"county":"SAN MATEO","waterbody":"San Francisco Bay"},{"station_id":"LSB017W","station_name":"Lower South Bay (LSB017W)","lat":37.493085,"lon":-122.101984,"county":"SAN MATEO","waterbody":"San Francisco Bay"},{"station_id":"LSB029W","station_name":"Lower South Bay (LSB029W)","lat":37.489727,"lon":-122.100554,"county":"SAN MATEO","waterbody":"San Francisco Bay"},{"station_id":"LSB129S","station_name":"Lower South Bay (LSB129S)","lat":37.48743,"lon":-122.10162,"county":"ALAMEDA","waterbody":"San Francisco Bay"},{"station_id":"LSB045S","station_name":"Lower South Bay (LSB045S)","lat":37.487038,"lon":-122.104875,"county":"SAN MATEO","waterbody":"San Francisco Bay"},{"station_id":"LSB009S","station_name":"Lower South Bay (LSB009S)","lat":37.49181,"lon":-122.106745,"county":"SAN MATEO","waterbody":"San Francisco Bay"},{"station_id":"LSB013S","station_name":"Lower South Bay (LSB013S)","lat":37.487356,"lon":-122.100794,"county":"SAN MATEO","waterbody":"San Francisco Bay"},{"station_id":"LSB025S","station_name":"Lower South Bay (LSB025S)","lat":37.490946,"lon":-122.103234,"county":"SAN MATEO","waterbody":"San Francisco Bay"},{"station_id":"LSB073S","station_name":"Lower South Bay (LSB073S)","lat":37.492665,"lon":-122.104084,"county":"SAN MATEO","waterbody":"San Francisco Bay"},{"station_id":"LSB049W","station_name":"Lower South Bay (LSB049W)","lat":37.489615,"lon":-122.104624,"county":"ALAMEDA","waterbody":"San Francisco Bay"},{"station_id":"LSB045W","station_name":"Lower South Bay (LSB045W)","lat":37.492871,"lon":-122.099094,"county":"ALAMEDA","waterbody":"San Francisco Bay"},{"station_id":"LSB070W","station_name":"Lower South Bay (LSB070W)","lat":37.493902,"lon":-122.105274,"county":"ALAMEDA"},{"station_id":"LSB065W","station_name":"Lower South Bay (LSB065W)","lat":37.490609,"lon":-122.104514,"county":"SAN MATEO"},{"station_id":"LSB074W","station_name":"Lower South Bay (LSB074W)","lat":37.491306,"lon":-122.100774,"county":"SAN MATEO"}]}},{"type":"Feature","geometry":{"type":"Polygon","coordinates":[[[-122.10830159150552,37.469607389411756],[-122.10382153240023,37.473146554598706],[-122.10525402077121,37.47785918489476],[-122.11116690967609,37.47903246503456],[-122.11564676349981,37.47549318044091],[-122.11421393374809,37.47078073512428],[-122.10830159150552,37.469607389411756]]]},"properties":{"h3_index":"88283475a9fffff","station_count":1,"program_id":"sf_bay","program":"SF Bay","resolution":8,"stations":[{"station_id":"LSB023S","station_name":"Lower South Bay (LSB023S)","lat":37.474605,"lon":-122.112574,"county":"SAN MATEO","waterbody":"San Francisco Bay"}]}},{"type":"Feature","geometry":{"type":"Polygon","coordinates":[[[-122.11564676349981,37.47549318044091],[-122.11116690967609,37.47903246503456],[-122.11259974289817,37.48374465817648],[-122.11851277129529,37.48491738172324],[-122.12299241965336,37.48137797777509],[-122.12155924512781,37.47666596964478],[-122.11564676349981,37.47549318044091]]]},"properties":{"h3_index":"88283475abfffff","station_count":1,"program_id":"sf_bay","program":"SF Bay","resolution":8,"stations":[{"station_id":"LSB055W","station_name":"Lower South Bay (LSB055W)","lat":37.484045,"lon":-122.118445,"county":"SAN MATEO","waterbody":"San Francisco Bay"}]}},{"type":"Feature","geometry":{"type":"Polygon","coordinates":[[[-122.09790878317644,37.47197271794752],[-122.09342797574865,37.47551157704404],[-122.0948601225599,37.48022439222323],[-122.10077341840649,37.48139816343291],[-122.10525402077121,37.47785918489476],[-122.10382153240023,37.473146554598706],[-122.09790878317644,37.47197271794752]]]},"properties":{"h3_index":"88283475adfffff","station_count":3,"program_id":"sf_bay","program":"SF Bay","resolution":8,"stations":[{"station_id":"LSB10","station_name":"SF Bay RMP - Lower South Bay LSB10","lat":37.47272,"lon":-122.097,"county":"SANTA CLARA"},{"station_id":"LSB108S","station_name":"Lower South Bay (LSB108S)","lat":37.477496,"lon":-122.101204,"county":"SAN MATEO","waterbody":"San Francisco Bay"},{"station_id":"LSB028S","station_name":"Lower South Bay (LSB028S)","lat":37.477034,"lon":-122.094974,"county":"SAN MATEO","waterbody":"San Francisco Bay"}]}},{"type":"Feature","geometry":{"type":"Polygon","coordinates":[[[-122.1529039376478,37.451885396405174],[-122.1484274163032,37.45542596930586],[-122.14986126531774,37.46013811092307],[-122.15577197628747,37.461309494221176],[-122.16024829144358,37.45776880203634],[-122.15881410186633,37.45305684584761],[-122.1529039376478,37.451885396405174]]]},"properties":{"h3_index":"88283475d1fffff","station_count":1,"program_id":"sf_bay","program":"SF Bay","resolution":8,"stations":[{"station_id":"PALOALTOWWTP","station_name":"Palo Alto Wastewater Treatment Plant (PALOALTOWWTP)","lat":37.457414,"lon":-122.15311,"county":"SAN MATEO"}]}},{"type":"Feature","geometry":{"type":"Polygon","coordinates":[[[-122.10400448474887,37.45546805346865],[-122.09952476367422,37.45900728561547],[-122.10095690386404,37.46372060490312],[-122.1068691065324,37.46489450704265],[-122.1113486224751,37.46135515541956],[-122.10991614092922,37.45664202114331],[-122.10400448474887,37.45546805346865]]]},"properties":{"h3_index":"88283475e1fffff","station_count":1,"program_id":"sf_bay","program":"SF Bay","resolution":8,"stations":[{"station_id":"LSB02","station_name":"SF Bay RMP - Lower South Bay LSB02","lat":37.46282,"lon":-122.105,"county":"SANTA CLARA"}]}},{"type":"Feature","geometry":{"type":"Polygon","coordinates":[[[-122.1113486224751,37.46135515541956],[-122.1068691065324,37.46489450704265],[-122.10830159150552,37.469607389411756],[-122.11421393374809,37.47078073512428],[-122.11869324437485,37.46724126407717],[-122.11726041812281,37.46252856675165],[-122.1113486224751,37.46135515541956]]]},"properties":{"h3_index":"88283475e3fffff","station_count":1,"program_id":"sf_bay","program":"SF Bay","resolution":8,"stations":[{"station_id":"LSB07","station_name":"SF Bay RMP - Lower South Bay LSB07","lat":37.46936,"lon":-122.111,"county":"SAN MATEO"}]}},{"type":"Feature","geometry":{"type":"Polygon","coordinates":[[[-122.10095690386404,37.46372060490312],[-122.09647663966122,37.46725965063115],[-122.09790878317644,37.47197271794752],[-122.10382153240023,37.473146554598706],[-122.10830159150552,37.469607389411756],[-122.1068691065324,37.46489450704265],[-122.10095690386404,37.46372060490312]]]},"properties":{"h3_index":"88283475e7fffff","station_count":1,"program_id":"sf_bay","program":"SF Bay","resolution":8,"stations":[{"station_id":"LSB012S","station_name":"Lower South Bay (LSB012S)","lat":37.471565,"lon":-122.101794,"county":"SAN MATEO","waterbody":"San Francisco Bay"}]}},{"type":"Feature","geometry":{"type":"Polygon","coordinates":[[[-122.75577188065539,37.80321777678738],[-122.75131831176674,37.80676960653945],[-122.75277855240344,37.81145080206676],[-122.75869269521482,37.812579979313135],[-122.76314604335704,37.80902803417498],[-122.76168546948297,37.80434702718615],[-122.75577188065539,37.80321777678738]]]},"properties":{"h3_index":"882835489dfffff","station_count":1,"program_id":"sf_bay","program":"SF Bay","resolution":8,"stations":[{"station_id":"GFNMS28","station_name":"MMP - Greater Farallones NMS 28","lat":37.805787,"lon":-122.756123,"county":"OOS"}]}},{"type":"Feature","geometry":{"type":"Polygon","coordinates":[[[-122.93260091723623,37.444892309183075],[-122.92817392653286,37.448453147471604],[-122.9296353757389,37.45314405596609],[-122.93552414381638,37.45427393449398],[-122.93995091149954,37.45071298031862],[-122.93848913417365,37.44602226351156],[-122.93260091723623,37.444892309183075]]]},"properties":{"h3_index":"882835cd07fffff","station_count":1,"program_id":"sf_bay","program":"SF Bay","resolution":8,"stations":[{"station_id":"MBNMS32","station_name":"MMP - Monterey Bay NMS 32","lat":37.450352,"lon":-122.931988,"county":"OOS"}]}}]}