{"type":"FeatureCollection","features":[{"type":"Feature","geometry":{"type":"Polygon","coordinates":[[[-118.91225327745765,34.085621246505696],[-118.90772846749552,34.08910908700711],[-118.90900067870454,34.094022602939056],[-118.91479806583305,34.095448108820996],[-118.91932275149489,34.09196012440421],[-118.91805017436954,34.08704677803257],[-118.91225327745765,34.085621246505696]]]},"properties":{"h3_index":"8829124825fffff","station_count":1,"program_id":"smc","program":"SMC","resolution":8,"stations":[{"station_id":"{6649C3A0-B7C7-43A5-A5D3-A35E92499F1B}","station_name":"Tributary Creek 0.4miles up stream of confluence to E Fork Arroyo Sequit","lat":34.08976,"lon":-118.911765,"county":"VENTURA","huc8":"Arroyp Sequit-Frontal Pacific Ocean"}]}},{"type":"Feature","geometry":{"type":"Polygon","coordinates":[[[-118.92582539112941,34.07515679164094],[-118.9213017392816,34.07864509873009],[-118.92257434308415,34.083558632165406],[-118.9283709644403,34.084983688780184],[-118.93289449170986,34.081495237758],[-118.93162152224258,34.076581874065795],[-118.92582539112941,34.07515679164094]]]},"properties":{"h3_index":"8829124829fffff","station_count":1,"program_id":"smc","program":"SMC","resolution":8,"stations":[{"station_id":"{9A9D636A-47D3-4B22-B51D-9AA4ADD89AF8}","station_name":"Sequit, Arroyo (48200)","lat":34.077726,"lon":-118.923951,"county":"VENTURA","waterbody":"Arroyo Sequit"}]}},{"type":"Feature","geometry":{"type":"Polygon","coordinates":[[[-118.93232585704925,34.05835206742378],[-118.92780323869368,34.06184069627159],[-118.929075895746,34.066754603253],[-118.93487153666179,34.06817971152257],[-118.93939403033247,34.06469093867839],[-118.93812100781328,34.05977720157272],[-118.93232585704925,34.05835206742378]]]},"properties":{"h3_index":"882912486bfffff","station_count":1,"program_id":"smc","program":"SMC","resolution":8,"stations":[{"station_id":"{BA53A6AC-8EA0-4919-9117-7A4EFFDDF67A}","station_name":"Sequit, Arroyo (45745)","lat":34.059024,"lon":-118.933902,"county":"VENTURA","waterbody":"Arroyo Sequit"}]}},{"type":"Feature","geometry":{"type":"Polygon","coordinates":[[[-118.89374101419575,34.03504846233766],[-118.88921725854148,34.038536209912415],[-118.8904881940317,34.043451710616935],[-118.89628325105059,34.044879294200115],[-118.90080688292822,34.04139140243256],[-118.8995355816046,34.03647607128634],[-118.89374101419575,34.03504846233766]]]},"properties":{"h3_index":"8829124b07fffff","station_count":1,"program_id":"smc","program":"SMC","resolution":8,"stations":[{"station_id":"{894716FC-EDE7-474A-B736-16695E2E1F47}","station_name":"Los Allos Canyon Creek","lat":34.04201,"lon":-118.89747,"county":"LOS ANGELES","huc8":"Arroyo Sequit - Frontal Pacific Ocean"}]}},{"type":"Feature","geometry":{"type":"Polygon","coordinates":[[[-119.09382874538802,34.15769238297445],[-119.08931085182661,34.161184669544156],[-119.09059072983288,34.1660918085907],[-119.09638886537515,34.16750648989388],[-119.1009066304446,34.16401406016662],[-119.09962638850506,34.15910709230535],[-119.09382874538802,34.15769238297445]]]},"properties":{"h3_index":"8829124c21fffff","station_count":1,"program_id":"smc","program":"SMC","resolution":8,"stations":[{"station_id":"{DC918C4D-C2E4-41D1-9B77-3D324659485F}","station_name":"Revolon Slough Below Wood Road","lat":34.16522,"lon":-119.09069,"county":"VENTURA"}]}},{"type":"Feature","geometry":{"type":"Polygon","coordinates":[[[-119.05255990940076,34.16599612060755],[-119.04803943396792,34.169487191165565],[-119.0493178547052,34.17439501379669],[-119.05511711546411,34.17581159515885],[-119.05963746330073,34.17232038138389],[-119.05835867801588,34.16741272947536],[-119.05255990940076,34.16599612060755]]]},"properties":{"h3_index":"8829124d03fffff","station_count":1,"program_id":"smc","program":"SMC","resolution":8,"stations":[{"station_id":"{68ED3144-39E7-40E8-BC32-661EF73A061A}","station_name":"Calleguas Creek","lat":34.16864,"lon":-119.05728,"county":"VENTURA","huc8":"Revolon Slough-Calleguas Creek"}]}},{"type":"Feature","geometry":{"type":"Polygon","coordinates":[[[-117.14100679862288,33.983382930783996],[-117.13639407939459,33.98682028150655],[-117.13759698485097,33.99177477762665],[-117.1434129978316,33.99329177243923],[-117.14802563288373,33.989854274135105],[-117.14682233917024,33.98489992861321],[-117.14100679862288,33.983382930783996]]]},"properties":{"h3_index":"8829a0012dfffff","station_count":1,"program_id":"smc","program":"SMC","resolution":8,"stations":[{"station_id":"{2CECF41D-C082-428E-9442-C8DAB5624C42}","station_name":"San Timeteo SMC Site 01805","lat":33.98668,"lon":-117.14229,"county":"RIVERSIDE","huc8":"San Timoteo Canyon-San Timoteo Wash"}]}},{"type":"Feature","geometry":{"type":"Polygon","coordinates":[[[-117.23208034754582,34.04420425503742],[-117.22746968296246,34.047643745786324],[-117.22867681224506,34.0525945378002],[-117.23449499368591,34.05410568766002],[-117.23910557191957,34.05066604972725],[-117.23789805510104,34.04571540913173],[-117.23208034754582,34.04420425503742]]]},"properties":{"h3_index":"8829a001bbfffff","station_count":1,"program_id":"smc","program":"SMC","resolution":8,"stations":[{"station_id":"{AF776A9B-2759-46B9-8995-FC01C69CBEFF}","station_name":"San Timoteo Creek SMC2_15524","lat":34.048135,"lon":-117.230016,"county":"SAN BERNARDINO","huc8":"San Timoteo Canyon-San Timoteo Wash"}]}},{"type":"Feature","geometry":{"type":"Polygon","coordinates":[[[-117.0651251666068,34.07495168496808],[-117.06050488556696,34.07838582556381],[-117.06170579465359,34.08333902341149],[-117.06752737466134,34.084857931243526],[-117.07214757312495,34.08142364337915],[-117.07094627419586,34.07647059496472],[-117.0651251666068,34.07495168496808]]]},"properties":{"h3_index":"8829a00835fffff","station_count":1,"program_id":"smc","program":"SMC","resolution":8,"stations":[{"station_id":"{A4C5088B-2F0E-42D0-991E-BA7ADFA62E81}","station_name":"Mill Creek SMC2_15530","lat":34.078658,"lon":-117.067173,"county":"SAN BERNARDINO","huc8":"Santa Ana Wash-Santa Ana River"}]}},{"type":"Feature","geometry":{"type":"Polygon","coordinates":[[[-117.02695270964412,34.097466629169496],[-117.02232959835095,34.100899381829514],[-117.02352924758891,34.10585264459565],[-117.02935239863486,34.10737300578877],[-117.03397542819384,34.10394010591199],[-117.03277538847988,34.09898699207219],[-117.02695270964412,34.097466629169496]]]},"properties":{"h3_index":"8829a009e1fffff","station_count":1,"program_id":"smc","program":"SMC","resolution":8,"stations":[{"station_id":"{03446FFC-CE33-4F00-A2D7-DB02FD63531A}","station_name":"SMC2_15479","lat":34.098819,"lon":-117.026221,"county":"SAN BERNARDINO"}]}},{"type":"Feature","geometry":{"type":"Polygon","coordinates":[[[-117.18096852930249,34.170018861588],[-117.17635010769511,34.17345554302013],[-117.17755659105036,34.178403465245935],[-117.18338188510485,34.17991455563538],[-117.18800022133865,34.176477727513614],[-117.18679334893062,34.171529955705296],[-117.18096852930249,34.170018861588]]]},"properties":{"h3_index":"8829a00d33fffff","station_count":1,"program_id":"smc","program":"SMC","resolution":8,"stations":[{"station_id":"{C2E832E2-3563-4551-A894-2C781C7A4603}","station_name":"City Creek ~0.1mi below confluence","lat":34.17289,"lon":-117.18064,"county":"SAN BERNARDINO"}]}},{"type":"Feature","geometry":{"type":"Polygon","coordinates":[[[-117.64178546740237,34.246943658903675],[-117.63718721356365,34.250393388808405],[-117.63841254235346,34.25532946281328],[-117.6442365087491,34.25681565164742],[-117.64883466655921,34.25336577608413],[-117.64760895404203,34.24842985735816],[-117.64178546740237,34.246943658903675]]]},"properties":{"h3_index":"8829a022e9fffff","station_count":1,"program_id":"smc","program":"SMC","resolution":8,"stations":[{"station_id":"{8BE60AB8-2B97-4491-8929-23376B656A1D}","station_name":"San Antonio Creek Non-perennial site 002","lat":34.2559,"lon":-117.64111,"county":"SAN BERNARDINO"}]}},{"type":"Feature","geometry":{"type":"Polygon","coordinates":[[[-117.509343178101,34.24081496671702],[-117.50473841604452,34.24426080828895],[-117.5059585185718,34.2491998194449],[-117.51178376857692,34.25069283520504],[-117.51638843763581,34.24724684773743],[-117.51516794972677,34.24230799041838],[-117.509343178101,34.24081496671702]]]},"properties":{"h3_index":"8829a0232dfffff","station_count":1,"program_id":"smc","program":"SMC","resolution":8,"stations":[{"station_id":"{F28C9456-F34F-42C3-96F4-49BDAA6F0CF1}","station_name":"Lytle Creek Middle Fork Non-perennial site 001","lat":34.2442,"lon":-117.50727,"county":"SAN BERNARDINO"}]}},{"type":"Feature","geometry":{"type":"Polygon","coordinates":[[[-116.84251832542178,34.16986912814683],[-116.83788308083203,34.17329549602483],[-116.83907623049843,34.17825015930138],[-116.84490501806938,34.1797783081181],[-116.84954018506022,34.17635179311962],[-116.84834664211763,34.17139727643843],[-116.84251832542178,34.16986912814683]]]},"properties":{"h3_index":"8829a0453bfffff","station_count":1,"program_id":"smc","program":"SMC","resolution":8,"stations":[{"station_id":"{47D0B638-F460-4991-91DF-77B0ED64309C}","station_name":"Upper Santa Ana River near Seven Oaks Road SMC2_15511","lat":34.177075,"lon":-116.844262,"county":"SAN BERNARDINO"}]}},{"type":"Feature","geometry":{"type":"Polygon","coordinates":[[[-116.82503351075417,34.165282733627485],[-116.82039759419632,34.16870861307202],[-116.82159000365516,34.17366376275773],[-116.82741872317081,34.17519288660069],[-116.83205456253877,34.17176685999482],[-116.83086175961957,34.16681185672086],[-116.82503351075417,34.165282733627485]]]},"properties":{"h3_index":"8829a0453dfffff","station_count":1,"program_id":"smc","program":"SMC","resolution":8,"stations":[{"station_id":"{253D601E-F3D8-49AB-9334-832031E9263D}","station_name":"Santa Ana River near Barton Flats SMC Site 01671","lat":34.16963,"lon":-116.82558,"county":"SAN BERNARDINO","huc8":"Fish Creek-Santa Ana River"}]}},{"type":"Feature","geometry":{"type":"Polygon","coordinates":[[[-116.88436540481061,34.16226991539107],[-116.87973254165253,34.165697646359824],[-116.88092726356558,34.1706517225044],[-116.88675524137942,34.17217792059813],[-116.89138802598605,34.16875004252496],[-116.89019291136898,34.16379611347599],[-116.88436540481061,34.16226991539107]]]},"properties":{"h3_index":"8829a045c9fffff","station_count":1,"program_id":"smc","program":"SMC","resolution":8,"stations":[{"station_id":"{BFF5589F-97DB-4BFB-A745-D5114D16B679}","station_name":"SMC2_15447","lat":34.166907,"lon":-116.88835,"county":"SAN BERNARDINO"}]}},{"type":"Feature","geometry":{"type":"Polygon","coordinates":[[[-116.90887141323998,34.17332619925956],[-116.90423930376821,34.176754564664506],[-116.90543511152566,34.18170781257541],[-116.91126342127102,34.18323254775799],[-116.9158954516119,34.17980403532731],[-116.914699251377,34.17485093475327],[-116.90887141323998,34.17332619925956]]]},"properties":{"h3_index":"8829a045d9fffff","station_count":1,"program_id":"smc","program":"SMC","resolution":8,"stations":[{"station_id":"{EEB72CF1-5D92-4F31-92C0-683163E0CBF2}","station_name":"Barton Creek ~ 1.4 mi. NW of Barton Flats Campground","lat":34.18128,"lon":-116.91197,"county":"SAN BERNARDINO"}]}},{"type":"Feature","geometry":{"type":"Polygon","coordinates":[[[-116.99303110201616,34.2277766577599],[-116.98840090867377,34.231207024900286],[-116.9896006206095,34.23615690262299],[-116.9954309177381,34.23767626511119],[-117.00006102993544,34.23424575129078],[-116.9988609261881,34.229296021675616],[-116.99303110201616,34.2277766577599]]]},"properties":{"h3_index":"8829a07105fffff","station_count":1,"program_id":"smc","program":"SMC","resolution":8,"stations":[{"station_id":"{D5AD6039-9DC9-4ED1-93C0-68C6B5671F50}","station_name":"Bear Creek ~5mi W Big Bear Lake","lat":34.23169,"lon":-116.99915,"county":"SAN BERNARDINO"}]}},{"type":"Feature","geometry":{"type":"Polygon","coordinates":[[[-116.96867738319288,34.239976721760804],[-116.96404547392737,34.243406215522846],[-116.96524435638668,34.24835619435475],[-116.97107554035156,34.249876531646215],[-116.97570736901467,34.24644689122746],[-116.97450809435418,34.241497060187406],[-116.96867738319288,34.239976721760804]]]},"properties":{"h3_index":"8829a07125fffff","station_count":1,"program_id":"smc","program":"SMC","resolution":8,"stations":[{"station_id":"{6E090FE0-3CA9-4692-9196-59B22127201E}","station_name":"Big Bear Lake, Pine Oak Lane North Beach","lat":34.24529,"lon":-116.97269,"county":"SAN BERNARDINO"}]}},{"type":"Feature","geometry":{"type":"Polygon","coordinates":[[[-117.12512965821713,34.16478901299078],[-117.12050865813966,34.168224056413614],[-117.1217128919875,34.173173264520436],[-117.12753851566958,34.17468727941012],[-117.13215943166145,34.171252089199044],[-117.13095480809584,34.16630303089984],[-117.12512965821713,34.16478901299078]]]},"properties":{"h3_index":"8829a07211fffff","station_count":1,"program_id":"smc","program":"SMC","resolution":8,"stations":[{"station_id":"{1CB1E63C-9DA8-4750-955D-4E4B8121A607}","station_name":"Fredalba Creek above City Creek Road","lat":34.17,"lon":-117.12977,"county":"SAN BERNARDINO"}]}},{"type":"Feature","geometry":{"type":"Polygon","coordinates":[[[-117.18458871424002,34.18486213462976],[-117.17996986020562,34.18829877359876],[-117.18117664602875,34.193246159584305],[-117.18700267503613,34.19475675620623],[-117.19162144359129,34.191319970618714],[-117.19041426865743,34.18637273504105],[-117.18458871424002,34.18486213462976]]]},"properties":{"h3_index":"8829a072dbfffff","station_count":1,"program_id":"smc","program":"SMC","resolution":8,"stations":[{"station_id":"{5A27A1CE-6B14-4F91-B362-D7F4247CE500}","station_name":"City Creek Above West Fork","lat":34.187778,"lon":-117.181944,"county":"SAN BERNARDINO","waterbody":"City Creek"}]}},{"type":"Feature","geometry":{"type":"Polygon","coordinates":[[[-116.93369353822855,34.23084785140647],[-116.92906027233062,34.23427637068273],[-116.93025767616349,34.23922732924018],[-116.93608873850604,34.24074962110797],[-116.94072192461998,34.2373209550911],[-116.93952412821415,34.232370143960544],[-116.93369353822855,34.23084785140647]]]},"properties":{"h3_index":"8829a07a09fffff","station_count":1,"program_id":"smc","program":"SMC","resolution":8,"stations":[{"station_id":"{05C4C733-708E-4E0D-A5A4-939D8DD581F9}","station_name":"Metcalf Creek at Hwy 18","lat":34.238617,"lon":-116.936657,"county":"SAN BERNARDINO","huc8":"Big Bear Lake"}]}},{"type":"Feature","geometry":{"type":"Polygon","coordinates":[[[-116.90932677111628,34.243037590011575],[-116.904691792109,34.246465232949106],[-116.90588836437313,34.251416291048166],[-116.91172030864531,34.25293955911246],[-116.91635520841233,34.24951176945824],[-116.91515824318624,34.24456085846992],[-116.90932677111628,34.243037590011575]]]},"properties":{"h3_index":"8829a07a29fffff","station_count":1,"program_id":"smc","program":"SMC","resolution":8,"stations":[{"station_id":"{563FCF84-40F3-45D1-91B1-3E3C29D7A520}","station_name":"Big Bear Lake, Pine Knot Marina","lat":34.24779,"lon":-116.91302,"county":"SAN BERNARDINO"}]}},{"type":"Feature","geometry":{"type":"Polygon","coordinates":[[[-116.95461925067939,34.22703388821914],[-116.9499871807224,34.23046308855548],[-116.95118536955746,34.23541375213451],[-116.95701602067388,34.23693506771447],[-116.96164801037065,34.233505720646605],[-116.9604494292501,34.22855520474375],[-116.95461925067939,34.22703388821914]]]},"properties":{"h3_index":"8829a07a51fffff","station_count":1,"program_id":"smc","program":"SMC","resolution":8,"stations":[{"station_id":"{5D858FCC-7007-4386-BDBA-6704850A992D}","station_name":"Boulder Creek SMC2_15547","lat":34.234937,"lon":-116.95849,"county":"SAN BERNARDINO","huc8":"Big Bear Lake"}]}},{"type":"Feature","geometry":{"type":"Polygon","coordinates":[[[-116.95494189355948,34.27349227832516],[-116.95030791105656,34.27692099567843],[-116.95150661143363,34.2818701936343],[-116.95733968696067,34.2833905267253],[-116.96197358912907,34.27996166284602],[-116.96077449614384,34.275012612415225],[-116.95494189355948,34.27349227832516]]]},"properties":{"h3_index":"8829a07ae1fffff","station_count":1,"program_id":"smc","program":"SMC","resolution":8,"stations":[{"station_id":"{F892857F-9E04-4E9F-9D28-8B64B7790B75}","station_name":"Mid Grout Creek","lat":34.275082,"lon":-116.954657,"county":"SAN BERNARDINO"}]}},{"type":"Feature","geometry":{"type":"Polygon","coordinates":[[[-116.8883926592644,34.246844532241994],[-116.88375648615182,34.25027149212547],[-116.88495227206135,34.25522284407162],[-116.8907846243713,34.256747089286634],[-116.89542071872054,34.253319982677816],[-116.89422453956196,34.2483687775928],[-116.8883926592644,34.246844532241994]]]},"properties":{"h3_index":"8829a07b53fffff","station_count":1,"program_id":"smc","program":"SMC","resolution":8,"stations":[{"station_id":"{479FFBB6-6A69-481E-80D3-EB53A4454B52}","station_name":"Rathbun Creek below Sandalwood Dr","lat":34.2531,"lon":-116.887354,"county":"SAN BERNARDINO","huc8":"Big Bear Lake"}]}},{"type":"Feature","geometry":{"type":"Polygon","coordinates":[[[-117.41090709514087,33.5291042666391],[-117.40632650867654,33.5325538580464],[-117.407535070759,33.53751650877473],[-117.41332460110259,33.539029412918886],[-117.41790509796351,33.53557967221],[-117.41669615412295,33.53061717667139],[-117.41090709514087,33.5291042666391]]]},"properties":{"h3_index":"8829a08041fffff","station_count":1,"program_id":"smc","program":"SMC","resolution":8,"stations":[{"station_id":"{EC24151A-1AE5-4D5C-AA01-A1092F4DDD46}","station_name":"San Mateo Canyon Creek below Tenaja Cyn. Cr.","lat":33.531606,"lon":-117.414154,"county":"RIVERSIDE"}]}},{"type":"Feature","geometry":{"type":"Polygon","coordinates":[[[-117.40390968493554,33.52262804599355],[-117.39932900903608,33.526077488058874],[-117.40053722998616,33.5310404716453],[-117.40632650867654,33.5325538580464],[-117.41090709514087,33.5291042666391],[-117.40969849238864,33.52414143818552],[-117.40390968493554,33.52262804599355]]]},"properties":{"h3_index":"8829a0804dfffff","station_count":1,"program_id":"smc","program":"SMC","resolution":8,"stations":[{"station_id":"{182D8233-E278-431B-B879-1CF4DCE95B5B}","station_name":"San Mateo Canyon above Tenaja Cyn. Cr.","lat":33.52999,"lon":-117.408551,"county":"RIVERSIDE","huc8":"Middle San Mateo Creek"}]}},{"type":"Feature","geometry":{"type":"Polygon","coordinates":[[[-117.39379066183625,33.54786427324271],[-117.38920844988208,33.551313198715114],[-117.3904165484107,33.556275648328935],[-117.3962072410326,33.557789017550995],[-117.40078936374007,33.554339942840464],[-117.39958088311106,33.549377648158845],[-117.39379066183625,33.54786427324271]]]},"properties":{"h3_index":"8829a08063fffff","station_count":2,"program_id":"smc","program":"SMC","resolution":8,"stations":[{"station_id":"{142BFCE4-9758-4F04-AAA8-973C9CAFD282}","station_name":"San Mateo Creek ~0.4mi above Los Alamos Cyn. Cr.","lat":33.555239,"lon":-117.397797,"county":"RIVERSIDE","waterbody":"San Mateo Creek"},{"station_id":"{D498043B-F22E-48F5-9375-D8615630B24E}","station_name":"San Mateo Creek above Los Alamos Cyn. Cr.","lat":33.553349,"lon":-117.395796,"county":"RIVERSIDE","waterbody":"San Mateo Creek"}]}},{"type":"Feature","geometry":{"type":"Polygon","coordinates":[[[-117.39716422232388,33.53945254753827],[-117.3925825224625,33.54290164543932],[-117.39379066183625,33.54786427324271],[-117.39958088311106,33.549377648158845],[-117.40416249366292,33.54592840098508],[-117.40295397228822,33.540965928180746],[-117.39716422232388,33.53945254753827]]]},"properties":{"h3_index":"8829a0806bfffff","station_count":1,"program_id":"smc","program":"SMC","resolution":8,"stations":[{"station_id":"{5EAF1BB3-A3A4-4B2F-949A-8492909C1389}","station_name":"San Mateo Creek ~0.6mi below Los Alamos Cyn. Cr.","lat":33.54344,"lon":-117.397393,"county":"RIVERSIDE"}]}},{"type":"Feature","geometry":{"type":"Polygon","coordinates":[[[-117.449796878467,33.59964676983457],[-117.44521538520212,33.603096888083],[-117.4464262147518,33.608056666390496],[-117.45221891935203,33.60956617107586],[-117.45680032202242,33.60611590391209],[-117.45558911072591,33.60115628099113],[-117.449796878467,33.59964676983457]]]},"properties":{"h3_index":"8829a08085fffff","station_count":2,"program_id":"smc","program":"SMC","resolution":8,"stations":[{"station_id":"{6B868020-AA56-4520-9776-602A616ABC23}","station_name":"San Juan Creek ~0.4mi above Lion Cyn. Cr.","lat":33.603476,"lon":-117.453146,"county":"RIVERSIDE"},{"station_id":"{341D5B5E-7669-45CF-BCD3-1353215713F5}","station_name":"San Juan Creek ~1mi above Lion Cyn. Cr.","lat":33.606429,"lon":-117.446235,"county":"ORANGE","huc8":"Upper San Juan Creek"}]}},{"type":"Feature","geometry":{"type":"Polygon","coordinates":[[[-117.46221461127932,33.472807126670396],[-117.457638900522,33.47625870441059],[-117.45884884911118,33.4812219513634],[-117.46463488922834,33.48273346462677],[-117.46921050931512,33.4792817373944],[-117.46800017999402,33.474318646403624],[-117.46221461127932,33.472807126670396]]]},"properties":{"h3_index":"8829a08259fffff","station_count":1,"program_id":"smc","program":"SMC","resolution":8,"stations":[{"station_id":"{E04B419D-1325-4888-9EE5-6FBC89451D18}","station_name":"San Mateo Canyon Creek above Devil Cyn. Cr.","lat":33.474861,"lon":-117.466052,"county":"SAN DIEGO"}]}},{"type":"Feature","geometry":{"type":"Polygon","coordinates":[[[-117.50865846977523,33.59640011496638],[-117.50408008670453,33.59985198834527],[-117.5052931647813,33.604810653442385],[-117.51108500694957,33.60631728911345],[-117.51566329810211,33.6028652668908],[-117.51444983904344,33.597906757853636],[-117.50865846977523,33.59640011496638]]]},"properties":{"h3_index":"8829a08721fffff","station_count":1,"program_id":"smc","program":"SMC","resolution":8,"stations":[{"station_id":"{5BD99C49-D827-4362-917C-AE41A230839F}","station_name":"Hot Spring Canyon Creek ~1.2mi above Hwy 74","lat":33.603698,"lon":-117.510004,"county":"ORANGE","huc8":"Upper San Juan Creek"}]}},{"type":"Feature","geometry":{"type":"Polygon","coordinates":[[[-117.32579464106506,33.33472563946084],[-117.32121766233467,33.33817438793729],[-117.32242084296126,33.34314441729758],[-117.32820138386614,33.344665543307144],[-117.33277827521728,33.341216644493564],[-117.33157471308122,33.336246770020416],[-117.32579464106506,33.33472563946084]]]},"properties":{"h3_index":"8829a09365fffff","station_count":1,"program_id":"smc","program":"SMC","resolution":8,"stations":[{"station_id":"{9A671F1B-87A0-4F66-8C20-75160BD6B1DE}","station_name":"Santa Margarita River above Wood Cyn.","lat":33.340951,"lon":-117.331936,"county":"SAN DIEGO","waterbody":"Santa Margarita River"}]}},{"type":"Feature","geometry":{"type":"Polygon","coordinates":[[[-117.6287825396557,33.51155291160625],[-117.62421370327496,33.515009016839905],[-117.62543051513664,33.519967694917064],[-117.63121654230646,33.52147011007111],[-117.63578528420337,33.51801385577768],[-117.6345680934532,33.513055335402655],[-117.6287825396557,33.51155291160625]]]},"properties":{"h3_index":"8829a09481fffff","station_count":1,"program_id":"smc","program":"SMC","resolution":8,"stations":[{"station_id":"{4DBE39E1-21B3-48E9-83A5-D1BE65D40807}","station_name":"San Juan Creek ~0.3mi below Hwy 74","lat":33.514425,"lon":-117.626137,"county":"ORANGE"}]}},{"type":"Feature","geometry":{"type":"Polygon","coordinates":[[[-117.63213401370285,33.503137783303146],[-117.6275656891947,33.50659405667836],[-117.6287825396557,33.51155291160625],[-117.6345680934532,33.513055335402655],[-117.63913632341631,33.50959891293317],[-117.6379190941659,33.50464021577423],[-117.63213401370285,33.503137783303146]]]},"properties":{"h3_index":"8829a09489fffff","station_count":1,"program_id":"smc","program":"SMC","resolution":8,"stations":[{"station_id":"{CCAE87EF-7C09-4C0B-A5D6-9DC21761E9DB}","station_name":"San Juan Creek ~1mi above La Novia Ave.","lat":33.5099,"lon":-117.6348,"county":"ORANGE"}]}},{"type":"Feature","geometry":{"type":"Polygon","coordinates":[[[-117.64248681227043,33.50118362535968],[-117.6379190941659,33.50464021577423],[-117.63913632341631,33.50959891293317],[-117.64492164945513,33.511100861798425],[-117.6494892727851,33.50764412229643],[-117.6482716648898,33.50268558302929],[-117.64248681227043,33.50118362535968]]]},"properties":{"h3_index":"8829a094d5fffff","station_count":1,"program_id":"smc","program":"SMC","resolution":8,"stations":[{"station_id":"{664A9E46-3178-4C02-8B7B-DC65C42577E1}","station_name":"San Juan Creek above La Novia Ave.","lat":33.50267,"lon":-117.647948,"county":"ORANGE","huc8":"Lower San Juan Creek"}]}},{"type":"Feature","geometry":{"type":"Polygon","coordinates":[[[-117.67323216054338,33.47202405852034],[-117.66866719093034,33.475481783673516],[-117.66988529200836,33.48044069368461],[-117.67566874079725,33.48194172021734],[-117.68023361499415,33.47848384588693],[-117.67901513585733,33.47352509421365],[-117.67323216054338,33.47202405852034]]]},"properties":{"h3_index":"8829a09697fffff","station_count":1,"program_id":"smc","program":"SMC","resolution":8,"stations":[{"station_id":"{1084ABC2-0F6F-4E4A-A450-75F1B8BAA055}","station_name":"San Juan Creek ~0.2mi above Stonehill Dr.","lat":33.4779,"lon":-117.6785,"county":"ORANGE"}]}},{"type":"Feature","geometry":{"type":"Polygon","coordinates":[[[-117.6208884402843,33.435200600261936],[-117.616322296288,33.438657113396815],[-117.61753797942488,33.44361818328731],[-117.62332018507242,33.44512258217694],[-117.62788623489014,33.441665919609356],[-117.62667017327776,33.436705007597496],[-117.6208884402843,33.435200600261936]]]},"properties":{"h3_index":"8829a096edfffff","station_count":1,"program_id":"smc","program":"SMC","resolution":8,"stations":[{"station_id":"{F6C8B045-B6A0-4FCC-BC86-CCCBF72E545F}","station_name":"Segunda Deshecha Canada above E Avenida Pico","lat":33.440027,"lon":-117.619377,"county":"ORANGE","huc8":"Prima Deshecha Canada-Frontal Capistrano Bight"}]}},{"type":"Feature","geometry":{"type":"Polygon","coordinates":[[[-117.25799105989188,33.47972226078543],[-117.25340480026652,33.483167780411364],[-117.2546068891034,33.488134983692646],[-117.26039562094202,33.48965651373625],[-117.2649817944954,33.486210844365054],[-117.2637793223206,33.4812437947085],[-117.25799105989188,33.47972226078543]]]},"properties":{"h3_index":"8829a0981dfffff","station_count":1,"program_id":"smc","program":"SMC","resolution":8,"stations":[{"station_id":"{D6CD4EA4-8764-4B91-9CD3-89957BD73BE0}","station_name":"Sandia Canyon Creek ~1.9mi above De Anza Rd.","lat":33.487242,"lon":-117.255378,"county":"RIVERSIDE","huc8":"Sandia Canyon"}]}},{"type":"Feature","geometry":{"type":"Polygon","coordinates":[[[-117.23996956213328,33.405193838540775],[-117.23538542927716,33.40863947062002],[-117.23658602331555,33.41360920392736],[-117.24237113330486,33.41513315149703],[-117.24695518060953,33.41168736929809],[-117.24575420351472,33.40671778966215],[-117.23996956213328,33.405193838540775]]]},"properties":{"h3_index":"8829a09a61fffff","station_count":1,"program_id":"smc","program":"SMC","resolution":8,"stations":[{"station_id":"{03BA4D5B-6862-446A-BCCF-A8B864C264E4}","station_name":"Santa Margarita River ~0.3mi above Sandia Cr. Dr.","lat":33.410319,"lon":-117.239036,"county":"SAN DIEGO","huc8":"Rainbow Creek-Santa Margarita River"}]}},{"type":"Feature","geometry":{"type":"Polygon","coordinates":[[[-117.25033774005476,33.403271835767065],[-117.24575420351472,33.40671778966215],[-117.24695518060953,33.41168736929809],[-117.25274007719695,33.4132108412559],[-117.25732352795436,33.40976473724586],[-117.25612216794529,33.40479531140592],[-117.25033774005476,33.403271835767065]]]},"properties":{"h3_index":"8829a09a6bfffff","station_count":1,"program_id":"smc","program":"SMC","resolution":8,"stations":[{"station_id":"{B5B70010-C31B-4DFC-9232-D13C80ED5C43}","station_name":"Santa Margarita River ~0.8mi below Sandia Cr.","lat":33.405685,"lon":-117.249771,"county":"SAN DIEGO"}]}},{"type":"Feature","geometry":{"type":"Polygon","coordinates":[[[-117.20547369758404,33.41936992050397],[-117.20088726630274,33.42281441344864],[-117.20208666779116,33.4277844313418],[-117.20787288418111,33.429309803073],[-117.21245923066886,33.42586516002991],[-117.21125944559856,33.42089529536704],[-117.20547369758404,33.41936992050397]]]},"properties":{"h3_index":"8829a09b55fffff","station_count":1,"program_id":"smc","program":"SMC","resolution":8,"stations":[{"station_id":"{9FE54868-2498-4BF2-A90F-E676A0BA1A93}","station_name":"Santa Margarita River ~1.2mi above Rainbow Cr.","lat":33.423397,"lon":-117.204668,"county":"SAN DIEGO"}]}},{"type":"Feature","geometry":{"type":"Polygon","coordinates":[[[-117.76560532347585,33.64902693782644],[-117.76103789562654,33.652485847331825],[-117.76226148017703,33.657437616444014],[-117.7680528706869,33.658930317313995],[-117.77262020074001,33.65547125961217],[-117.77139623811868,33.650519649249404],[-117.76560532347585,33.64902693782644]]]},"properties":{"h3_index":"8829a0b205fffff","station_count":1,"program_id":"smc","program":"SMC","resolution":8,"stations":[{"station_id":"{4645DA77-D886-4E9E-BB30-61640662BCC0}","station_name":"San Diego Creek Randon SMC Site 19399","lat":33.655516,"lon":-117.762242,"county":"ORANGE","huc8":"Upper San Diego Creek"}]}},{"type":"Feature","geometry":{"type":"Polygon","coordinates":[[[-117.82474071834577,33.66888972541336],[-117.82017551916105,33.67235017860946],[-117.82140159995983,33.67730011509954],[-117.82719325742984,33.67878943906986],[-117.83175835745364,33.675328837867845],[-117.8305318992077,33.670379060713955],[-117.82474071834577,33.66888972541336]]]},"properties":{"h3_index":"8829a0b2c1fffff","station_count":1,"program_id":"smc","program":"SMC","resolution":8,"stations":[{"station_id":"{76622DA1-DB26-4FB7-91B0-D54602A138BF}","station_name":"San Diego Creek Randon SMC Site 19486","lat":33.676256,"lon":-117.826992,"county":"ORANGE","huc8":"Lower San Diego Creek"}]}},{"type":"Feature","geometry":{"type":"Polygon","coordinates":[[[-118.4548733856394,34.570861878607666],[-118.45030419773958,34.57433226784135],[-118.45156454640119,34.579240589939545],[-118.45739445829291,34.580678359918124],[-118.4619635310941,34.577207827976125],[-118.46070280714326,34.57229966877618],[-118.4548733856394,34.570861878607666]]]},"properties":{"h3_index":"8829a10193fffff","station_count":1,"program_id":"smc","program":"SMC","resolution":8,"stations":[{"station_id":"{1E74437A-80AA-4BD3-8721-BC0024AD1EB3}","station_name":"San Francisquito Canyon (01728)","lat":34.574901,"lon":-118.460022,"county":"LOS ANGELES","waterbody":"San Francisquito Canyon"}]}},{"type":"Feature","geometry":{"type":"Polygon","coordinates":[[[-118.38869264167472,34.5683134249296],[-118.38412004533038,34.57178191894274],[-118.38537782687074,34.57669177636466],[-118.39120858095066,34.57813297758051],[-118.3957810636983,34.57466434071105],[-118.39452290600367,34.569754645494434],[-118.38869264167472,34.5683134249296]]]},"properties":{"h3_index":"8829a101a5fffff","station_count":1,"program_id":"smc","program":"SMC","resolution":8,"stations":[{"station_id":"{3279FBD0-A8B6-4A36-8B2B-94B8D44A9B86}","station_name":"Bouquet Canyon Creek ~0.5mi Below Bouquet Reservoir","lat":34.57066,"lon":-118.38974,"county":"LOS ANGELES"}]}},{"type":"Feature","geometry":{"type":"Polygon","coordinates":[[[-118.39200690276573,34.55993469514639],[-118.38743482810283,34.563403368625956],[-118.38869264167472,34.5683134249296],[-118.39452290600367,34.569754645494434],[-118.3990948670121,34.56628582912815],[-118.39783667738703,34.56137593509612],[-118.39200690276573,34.55993469514639]]]},"properties":{"h3_index":"8829a101adfffff","station_count":1,"program_id":"smc","program":"SMC","resolution":8,"stations":[{"station_id":"{928BD8C4-5AC2-4AC7-B0B3-B612D5592E89}","station_name":"Boquet Canyon Creek (1536)","lat":34.56909,"lon":-118.392126,"county":"LOS ANGELES","waterbody":"Boquet Canyon Creek"}]}},{"type":"Feature","geometry":{"type":"Polygon","coordinates":[[[-118.48697338602398,34.44081989933586],[-118.48241126314325,34.44429248110757],[-118.48367136198452,34.449204288607106],[-118.48949395772907,34.45064335062368],[-118.49405596505743,34.44717062562996],[-118.49279549223456,34.442258981853925],[-118.48697338602398,34.44081989933586]]]},"properties":{"h3_index":"8829a1021dfffff","station_count":1,"program_id":"smc","program":"SMC","resolution":8,"stations":[{"station_id":"{593EE3E0-CA37-46C8-AD47-06C677E329E3}","station_name":"Plum Canyon Rd","lat":34.446055,"lon":-118.48921,"county":"LOS ANGELES","huc8":"Lower Bouquet Canyon"}]}},{"type":"Feature","geometry":{"type":"Polygon","coordinates":[[[-118.55980119031672,34.59669166948121],[-118.55523652806718,34.60016483840886],[-118.55650118823317,34.60507000592588],[-118.56233088475011,34.606501840616396],[-118.56689542947687,34.60302852931677],[-118.5656303952507,34.59812352571085],[-118.55980119031672,34.59669166948121]]]},"properties":{"h3_index":"8829a10515fffff","station_count":1,"program_id":"smc","program":"SMC","resolution":8,"stations":[{"station_id":"{8CC4C374-4CD8-471E-9B08-A8F8CF7558EE}","station_name":"Unnamed 640","lat":34.60115,"lon":-118.558,"county":"LOS ANGELES","huc8":"Elizabeth Lake Canyon"}]}},{"type":"Feature","geometry":{"type":"Polygon","coordinates":[[[-118.4652713582026,34.56882895826014],[-118.46070280714326,34.57229966877618],[-118.4619635310941,34.577207827976125],[-118.4677931812819,34.57864511365629],[-118.47236161701187,34.57517426044456],[-118.47110051792446,34.57026626426067],[-118.4652713582026,34.56882895826014]]]},"properties":{"h3_index":"8829a10e4dfffff","station_count":1,"program_id":"smc","program":"SMC","resolution":8,"stations":[{"station_id":"{6E1FDC3C-7D65-434B-B04B-402B054594D8}","station_name":"San Francisquito d/s of Power Plant","lat":34.572321,"lon":-118.46288,"county":"LOS ANGELES","huc8":"San Francisquito Canyon"}]}},{"type":"Feature","geometry":{"type":"Polygon","coordinates":[[[-118.45156454640119,34.579240589939545],[-118.44699483673678,34.582710800402474],[-118.44825515396423,34.58761892350968],[-118.4540855562874,34.58905667333429],[-118.45865515091056,34.58558632019335],[-118.45739445829291,34.580678359918124],[-118.45156454640119,34.579240589939545]]]},"properties":{"h3_index":"8829a10e69fffff","station_count":1,"program_id":"smc","program":"SMC","resolution":8,"stations":[{"station_id":"{B6D1E114-A309-4D92-8DFF-C894D54D6132}","station_name":"San Francisquito u/s of Power Plant","lat":34.587394,"lon":-118.45117,"county":"LOS ANGELES","huc8":"San Francisquito Canyon"}]}},{"type":"Feature","geometry":{"type":"Polygon","coordinates":[[[-118.45865515091056,34.58558632019335],[-118.4540855562874,34.58905667333429],[-118.45534621753536,34.59396443449379],[-118.46117684878615,34.5954016796412],[-118.46574632819457,34.591931183865164],[-118.46448529160804,34.587023585589144],[-118.45865515091056,34.58558632019335]]]},"properties":{"h3_index":"8829a10e6bfffff","station_count":1,"program_id":"smc","program":"SMC","resolution":8,"stations":[{"station_id":"{4A97B4AE-769B-4D8E-8680-D96C48960F41}","station_name":"Clearwater Canyon Creek","lat":34.59079,"lon":-118.4617,"county":"LOS ANGELES","waterbody":"Clearwater Creek"}]}},{"type":"Feature","geometry":{"type":"Polygon","coordinates":[[[-118.51540059444082,34.636320939309904],[-118.51083192639611,34.639792432327795],[-118.51209534026839,34.64469729157041],[-118.51792779715026,34.64613049451339],[-118.52249634859116,34.64265885920458],[-118.52123255979525,34.63775416325601],[-118.51540059444082,34.636320939309904]]]},"properties":{"h3_index":"8829a10e8dfffff","station_count":1,"program_id":"smc","program":"SMC","resolution":8,"stations":[{"station_id":"{3BEAE163-A130-4459-94E1-39D469649EB9}","station_name":"Elizabeth Lake Canyon","lat":34.64435,"lon":-118.51372,"county":"LOS ANGELES"}]}},{"type":"Feature","geometry":{"type":"Polygon","coordinates":[[[-118.52910427619973,34.625905459653175],[-118.5245367693515,34.629377452880384],[-118.52580058889956,34.63428234887462],[-118.53163229000648,34.6357150881762],[-118.53619967996322,34.63224295264104],[-118.53493548574573,34.62733822012452],[-118.52910427619973,34.625905459653175]]]},"properties":{"h3_index":"8829a10ec3fffff","station_count":1,"program_id":"smc","program":"SMC","resolution":8,"stations":[{"station_id":"{95E43C93-C87A-42AA-A350-4D7B9E40F115}","station_name":"Elizabeth Canyon Creek Lake Hughes Rd. ~10mi E I5","lat":34.63193,"lon":-118.52977,"county":"LOS ANGELES","huc8":"Elizabeth Lake Canyon "}]}},{"type":"Feature","geometry":{"type":"Polygon","coordinates":[[[-118.58039332724267,34.422486742453],[-118.57583693631761,34.42596218366699],[-118.57710039551006,34.43087251341689],[-118.58292061827883,34.43230723718254],[-118.587476891587,34.42883165286146],[-118.58621305978431,34.42392148789396],[-118.58039332724267,34.422486742453]]]},"properties":{"h3_index":"8829a11425fffff","station_count":1,"program_id":"smc","program":"SMC","resolution":8,"stations":[{"station_id":"{A7BEAB1C-AEFE-42F9-A8D2-4420821EEF88}","station_name":"Santa Clara River Site 14156","lat":34.42523,"lon":-118.582,"county":"LOS ANGELES","huc8":"Salt Canyon-Santa Clara River"}]}},{"type":"Feature","geometry":{"type":"Polygon","coordinates":[[[-118.6153115166966,34.431090291441265],[-118.61075663812271,34.4345666518997],[-118.61202152731093,34.43947593122683],[-118.61784166731455,34.44090868498832],[-118.62239642746823,34.43743218153645],[-118.62113116607958,34.43252306732867],[-118.6153115166966,34.431090291441265]]]},"properties":{"h3_index":"8829a11431fffff","station_count":1,"program_id":"smc","program":"SMC","resolution":8,"stations":[{"station_id":"{77E48272-716B-44A6-A777-67EDE0C9BA71}","station_name":"Santa Clara River (403S39062)","lat":34.4323,"lon":-118.61744,"county":"LOS ANGELES"}]}},{"type":"Feature","geometry":{"type":"Polygon","coordinates":[[[-118.56293404945984,34.41818053690119],[-118.55837690361285,34.42165551807382],[-118.55963964744038,34.42656637244038],[-118.56545990997078,34.42800208103275],[-118.57001693860275,34.4245269566964],[-118.56875382196037,34.419616266943564],[-118.56293404945984,34.41818053690119]]]},"properties":{"h3_index":"8829a11557fffff","station_count":2,"program_id":"smc","program":"SMC","resolution":8,"stations":[{"station_id":"{0B198CFC-3D59-4EA8-9D5F-A7B95517B4D6}","station_name":"Santa Clara River 11084","lat":34.42487,"lon":-118.56081,"county":"LOS ANGELES"},{"station_id":"{D1E8A956-F3EE-4514-9552-9E9EEDE8AF0D}","station_name":"Santa Clara River (34646)","lat":34.425565,"lon":-118.566167,"county":"LOS ANGELES"}]}},{"type":"Feature","geometry":{"type":"Polygon","coordinates":[[[-118.68738972632951,34.39365310776512],[-118.68284024371907,34.39713187777641],[-118.68410745125313,34.40204074903093],[-118.68992451242146,34.40347068426496],[-118.6944738750737,34.39999177124788],[-118.69320629655692,34.39508306601461],[-118.68738972632951,34.39365310776512]]]},"properties":{"h3_index":"8829a11681fffff","station_count":1,"program_id":"smc","program":"SMC","resolution":8,"stations":[{"station_id":"{A00419DB-3D10-4E0A-8B06-099C8A236B20}","station_name":"Santa Clara River Site 1272","lat":34.40303,"lon":-118.6905,"county":"LOS ANGELES","huc8":"Salt Canyon-Santa Clara River"}]}},{"type":"Feature","geometry":{"type":"Polygon","coordinates":[[[-118.70483938964006,34.39794199859701],[-118.70029066714386,34.401421225972115],[-118.70155858758142,34.406329570591026],[-118.70737560133333,34.407758521657875],[-118.71192420347066,34.404279151334656],[-118.7106559122561,34.39937097290473],[-118.70483938964006,34.39794199859701]]]},"properties":{"h3_index":"8829a1169dfffff","station_count":1,"program_id":"smc","program":"SMC","resolution":8,"stations":[{"station_id":"{7A9FBB7F-9EC0-4504-91AD-B704BDD5C7E4}","station_name":"Santa Clara River 15608","lat":34.4019,"lon":-118.70052,"county":"VENTURA"}]}},{"type":"Feature","geometry":{"type":"Polygon","coordinates":[[[-118.70811964284505,34.389554060957956],[-118.70357144029352,34.393033459502014],[-118.70483938964006,34.39794199859701],[-118.7106559122561,34.39937097290473],[-118.7152039943934,34.39589143138185],[-118.71393567437003,34.3909830585421],[-118.70811964284505,34.389554060957956]]]},"properties":{"h3_index":"8829a116d7fffff","station_count":1,"program_id":"smc","program":"SMC","resolution":8,"stations":[{"station_id":"{708CD867-1BFF-458C-9879-B5657D835B9C}","station_name":"Santa Clara River 4600","lat":34.39728,"lon":-118.7105,"county":"VENTURA"}]}},{"type":"Feature","geometry":{"type":"Polygon","coordinates":[[[-118.84341513282303,34.67973807793614],[-118.83886228809823,34.68321857629601],[-118.84013871754112,34.68811469510476],[-118.84596836254407,34.68953014899819],[-118.85052108317596,34.68604950926459],[-118.84924428293945,34.681153557023315],[-118.84341513282303,34.67973807793614]]]},"properties":{"h3_index":"8829a13089fffff","station_count":1,"program_id":"smc","program":"SMC","resolution":8,"stations":[{"station_id":"{40A0BB5C-A23A-4FC4-820B-33B5D5382CE8}","station_name":"Piru Creek (16493)","lat":34.686704,"lon":-118.845469,"county":"VENTURA"}]}},{"type":"Feature","geometry":{"type":"Polygon","coordinates":[[[-118.8647346695655,34.69866974498038],[-118.8601821976413,34.70215066732834],[-118.86145965651639,34.70704568436616],[-118.86728995798859,34.70845961235143],[-118.87184230529797,34.70497854876286],[-118.87056447579162,34.70008369844164],[-118.8647346695655,34.69866974498038]]]},"properties":{"h3_index":"8829a13091fffff","station_count":1,"program_id":"smc","program":"SMC","resolution":8,"stations":[{"station_id":"{3AC885E4-57FB-44FD-ADC6-762898F131BB}","station_name":"Piru Creek u/s of Hardluck Campground Site 1163","lat":34.69943,"lon":-118.86529,"county":"VENTURA","huc8":"Snowy Creek-Piru Creek"}]}},{"type":"Feature","geometry":{"type":"Polygon","coordinates":[[[-118.85762759547413,34.69236006504685],[-118.8530749991091,34.6958408461098],[-118.85435211482914,34.700736230578016],[-118.8601821976413,34.70215066732834],[-118.8647346695655,34.69866974498038],[-118.86345718316002,34.693774527179094],[-118.85762759547413,34.69236006504685]]]},"properties":{"h3_index":"8829a1309dfffff","station_count":2,"program_id":"smc","program":"SMC","resolution":8,"stations":[{"station_id":"{217C2B3A-0E2D-41E6-A385-BD3CD153C20E}","station_name":"Piru Creek (06283)","lat":34.693866,"lon":-118.860798,"county":"VENTURA"},{"station_id":"{E44CFB77-DEE2-4212-951E-92B6FF1948D6}","station_name":"Piru Creek (18093)","lat":34.69441,"lon":-118.856582,"county":"VENTURA"}]}},{"type":"Feature","geometry":{"type":"Polygon","coordinates":[[[-118.77566709668973,34.608196440035826],[-118.77111354255798,34.61167569705711],[-118.77238656965788,34.616575676294815],[-118.77821352216193,34.61799623238907],[-118.78276695388347,34.614516833521556],[-118.78149355555264,34.60961702041804],[-118.77566709668973,34.608196440035826]]]},"properties":{"h3_index":"8829a1331bfffff","station_count":2,"program_id":"smc","program":"SMC","resolution":8,"stations":[{"station_id":"{B5CD3E1C-614D-4C18-AEF3-B341818D1586}","station_name":"Piru Creek 1.3 miles upstream from Fish Creek","lat":34.61359,"lon":-118.7798,"county":"LOS ANGELES"},{"station_id":"{06D45BDC-8C1F-4B40-8025-BC8EE7BEAD5D}","station_name":"Piru Creek 403R4S216","lat":34.61029,"lon":-118.77807,"county":"LOS ANGELES"}]}},{"type":"Feature","geometry":{"type":"Polygon","coordinates":[[[-118.75818761552196,34.60393271975667],[-118.75363329523995,34.607411518178715],[-118.75490560795626,34.61231202842979],[-118.7607326124346,34.61373357430321],[-118.76528681070884,34.61025463397658],[-118.76401412655395,34.605354289693175],[-118.75818761552196,34.60393271975667]]]},"properties":{"h3_index":"8829a1331dfffff","station_count":1,"program_id":"smc","program":"SMC","resolution":8,"stations":[{"station_id":"{ED738906-863B-466E-A71F-6EBCBE745F44}","station_name":"Piru Creek (07024)","lat":34.6092,"lon":-118.757717,"county":"LOS ANGELES"}]}},{"type":"Feature","geometry":{"type":"Polygon","coordinates":[[[-118.74123991552447,34.62274740633645],[-118.73668390753589,34.62622553721643],[-118.73795579134084,34.63112581480763],[-118.74378405496985,34.63254779581215],[-118.74833994129047,34.6290695230734],[-118.74706768569148,34.624169411201],[-118.74123991552447,34.62274740633645]]]},"properties":{"h3_index":"8829a13331fffff","station_count":1,"program_id":"smc","program":"SMC","resolution":8,"stations":[{"station_id":"{2F3E76BC-216E-4204-BE7D-07E22863DAD8}","station_name":"Piru Creek 01136","lat":34.627623,"lon":-118.74403,"county":"LOS ANGELES","waterbody":"Piru Creek"}]}},{"type":"Feature","geometry":{"type":"Polygon","coordinates":[[[-119.02154185209922,34.713682433558425],[-119.01699727739287,34.71716767144047],[-119.01828086023569,34.72205863676034],[-119.02410938642149,34.7234641959277],[-119.02865383295844,34.71997881724061],[-119.02736988152081,34.71508802020308],[-119.02154185209922,34.713682433558425]]]},"properties":{"h3_index":"8829a136abfffff","station_count":1,"program_id":"smc","program":"SMC","resolution":8,"stations":[{"station_id":"{157FA4D4-B529-4F7B-9750-7F9A6481EE2D}","station_name":"Lockwood Creek","lat":34.71629,"lon":-119.0189,"county":"VENTURA"}]}},{"type":"Feature","geometry":{"type":"Polygon","coordinates":[[[-119.02865383295844,34.71997881724061],[-119.02410938642149,34.7234641959277],[-119.02539331189227,34.72835479206462],[-119.03122205248157,34.72975984119502],[-119.03576637067508,34.7262743217479],[-119.03448207666462,34.72138389394228],[-119.02865383295844,34.71997881724061]]]},"properties":{"h3_index":"8829a136bdfffff","station_count":1,"program_id":"smc","program":"SMC","resolution":8,"stations":[{"station_id":"{3E756FD8-18E4-4426-82C4-9C96087EAAED}","station_name":"Lockwood Creek Lockwood Valley Campground","lat":34.72654,"lon":-119.02842,"county":"VENTURA"}]}},{"type":"Feature","geometry":{"type":"Polygon","coordinates":[[[-118.58657241742077,34.06493505790069],[-118.58203098082375,34.068413916972865],[-118.5832906199172,34.07333536711968],[-118.58909206578825,34.07477779201924],[-118.59363338538432,34.07129878822137],[-118.59237337615097,34.066377504261666],[-118.58657241742077,34.06493505790069]]]},"properties":{"h3_index":"8829a18069fffff","station_count":1,"program_id":"smc","program":"SMC","resolution":8,"stations":[{"station_id":"{FCEFC3DD-FD3C-4F19-86BD-BD3BAC58788C}","station_name":"Topanga Canyon (34230)","lat":34.069093,"lon":-118.586781,"county":"LOS ANGELES"}]}},{"type":"Feature","geometry":{"type":"Polygon","coordinates":[[[-118.63448799433885,34.03998061851875],[-118.62995012832488,34.043461048312366],[-118.6312113059612,34.04838220691632],[-118.63701071898872,34.04982276894715],[-118.64154846698463,34.04634219441382],[-118.64028692001176,34.041421202601335],[-118.63448799433885,34.03998061851875]]]},"properties":{"h3_index":"8829a18239fffff","station_count":1,"program_id":"smc","program":"SMC","resolution":8,"stations":[{"station_id":"{E884B84F-C5E5-4DBF-872A-83518A6EC6A6}","station_name":"Las Flores Canyon Creek","lat":34.045876,"lon":-118.638734,"county":"LOS ANGELES","huc8":"Santa Monica Beach-Frontal Santa Monica Bay"}]}},{"type":"Feature","geometry":{"type":"Polygon","coordinates":[[[-118.70459594103814,34.080403647264944],[-118.70006017755165,34.08388570755018],[-118.70132447328629,34.088804052884186],[-118.70712490121679,34.09024017055969],[-118.71166054503539,34.08675796587275],[-118.71039588063223,34.081839787923926],[-118.70459594103814,34.080403647264944]]]},"properties":{"h3_index":"8829a18291fffff","station_count":1,"program_id":"smc","program":"SMC","resolution":8,"stations":[{"station_id":"{55E39E1A-DD01-42D5-A042-47FADA20DEDC}","station_name":"Malibu Creek (35418)","lat":34.08262,"lon":-118.708577,"county":"LOS ANGELES"}]}},{"type":"Feature","geometry":{"type":"Polygon","coordinates":[[[-118.69753189726929,34.07404847468285],[-118.69299601428607,34.07753039052163],[-118.6942599700464,34.082449090616414],[-118.70006017755165,34.08388570755018],[-118.70459594103814,34.080403647264944],[-118.70333161655692,34.07548511450431],[-118.69753189726929,34.07404847468285]]]},"properties":{"h3_index":"8829a1829dfffff","station_count":1,"program_id":"smc","program":"SMC","resolution":8,"stations":[{"station_id":"{7B0325B5-C6FB-4E2E-9A72-AA8E2237F0A7}","station_name":"Malibu Creek 13672","lat":34.075401,"lon":-118.70292,"county":"LOS ANGELES","waterbody":"Malibu Creek"}]}},{"type":"Feature","geometry":{"type":"Polygon","coordinates":[[[-118.68288810071165,34.03817429207462],[-118.6783528937127,34.04165610257574],[-118.6796158875879,34.04657623951766],[-118.68541445718195,34.04801439865687],[-118.6899495450874,34.044532443511365],[-118.68868618253305,34.039612473882954],[-118.68288810071165,34.03817429207462]]]},"properties":{"h3_index":"8829a182c9fffff","station_count":1,"program_id":"smc","program":"SMC","resolution":8,"stations":[{"station_id":"{3B8EFABB-F56A-43EA-9728-FD4E0BCAF310}","station_name":"Malibu Creek (25298)","lat":34.045532,"lon":-118.687325,"county":"LOS ANGELES"}]}},{"type":"Feature","geometry":{"type":"Polygon","coordinates":[[[-118.6899495450874,34.044532443511365],[-118.68541445718195,34.04801439865687],[-118.68667779086911,34.05293418163001],[-118.69247658112938,34.054371842104906],[-118.69701154977037,34.05088974235975],[-118.69574784745627,34.04597012675127],[-118.6899495450874,34.044532443511365]]]},"properties":{"h3_index":"8829a182cbfffff","station_count":2,"program_id":"smc","program":"SMC","resolution":8,"stations":[{"station_id":"{0882BD33-C33D-4FE4-91E7-2A865825438E}","station_name":"Malibu Creek Site 11406","lat":34.04939,"lon":-118.69,"county":"LOS ANGELES","huc8":"Cold Creek-Malibu Creek"},{"station_id":"{63619673-293B-4622-B478-F527196E708D}","station_name":"Malibu Creek near Palm Canyon Ln","lat":34.048658,"lon":-118.689862,"county":"LOS ANGELES"}]}},{"type":"Feature","geometry":{"type":"Polygon","coordinates":[[[-118.71113723946634,34.0636017810389],[-118.70660250986737,34.06708416984906],[-118.70786686305975,34.07200288984233],[-118.71366631436186,34.073439053519365],[-118.71820092418324,34.0699565202439],[-118.7169362025209,34.06503796776859],[-118.71113723946634,34.0636017810389]]]},"properties":{"h3_index":"8829a182d3fffff","station_count":1,"program_id":"smc","program":"SMC","resolution":8,"stations":[{"station_id":"{ED8BD26E-855B-42AD-9880-C8331665BE09}","station_name":"Malibu Creek 16168","lat":34.06765,"lon":-118.70704,"county":"LOS ANGELES"}]}},{"type":"Feature","geometry":{"type":"Polygon","coordinates":[[[-118.58279372096104,34.05016960503807],[-118.57825268438029,34.05364848509977],[-118.57951201306682,34.05857047589298],[-118.58531274846685,34.06001342043454],[-118.58985366816202,34.05653439557089],[-118.58859396938335,34.05161257097966],[-118.58279372096104,34.05016960503807]]]},"properties":{"h3_index":"8829a18311fffff","station_count":1,"program_id":"smc","program":"SMC","resolution":8,"stations":[{"station_id":"{AC1D959F-A9D1-4C9C-B098-F5FEDC8F941B}","station_name":"Topanga Creek 8846","lat":34.05442,"lon":-118.58176,"county":"LOS ANGELES"}]}},{"type":"Feature","geometry":{"type":"Polygon","coordinates":[[[-118.58985366816202,34.05653439557089],[-118.58531274846685,34.06001342043454],[-118.58657241742077,34.06493505790069],[-118.59237337615097,34.066377504261666],[-118.5969141787895,34.06289833464038],[-118.59565413979512,34.057976863427776],[-118.58985366816202,34.05653439557089]]]},"properties":{"h3_index":"8829a18313fffff","station_count":1,"program_id":"smc","program":"SMC","resolution":8,"stations":[{"station_id":"{2605496F-CDE7-4212-9DAB-E8C828EB7579}","station_name":"Topanga Creek Site 6456","lat":34.06463,"lon":-118.58685,"county":"LOS ANGELES","huc8":"Garapito Creek"}]}},{"type":"Feature","geometry":{"type":"Polygon","coordinates":[[[-118.57951201306682,34.05857047589298],[-118.57497045963989,34.062049190195154],[-118.57622975840225,34.06697099379688],[-118.58203098082375,34.068413916972865],[-118.58657241742077,34.06493505790069],[-118.58531274846685,34.06001342043454],[-118.57951201306682,34.05857047589298]]]},"properties":{"h3_index":"8829a18317fffff","station_count":1,"program_id":"smc","program":"SMC","resolution":8,"stations":[{"station_id":"{A2833E72-A5F2-4FAB-B6AC-5A41EA7E3925}","station_name":"Topanga Creek (45622)","lat":34.061494,"lon":-118.585344,"county":"LOS ANGELES"}]}},{"type":"Feature","geometry":{"type":"Polygon","coordinates":[[[-118.5757343373335,34.043803963356524],[-118.57119318403818,34.047282698571976],[-118.5724521724694,34.05220504251278],[-118.57825268438029,34.05364848509977],[-118.58279372096104,34.05016960503807],[-118.58153436238608,34.04524742724764],[-118.5757343373335,34.043803963356524]]]},"properties":{"h3_index":"8829a1831dfffff","station_count":1,"program_id":"smc","program":"SMC","resolution":8,"stations":[{"station_id":"{38C49DDF-7096-406F-B93D-4E04DCC3FEEC}","station_name":"Topanga Canyon (23297)","lat":34.050062,"lon":-118.581031,"county":"LOS ANGELES"}]}},{"type":"Feature","geometry":{"type":"Polygon","coordinates":[[[-118.78614218178063,34.16499688345103],[-118.78160734789233,34.16848050861383],[-118.78287569619394,34.17339439375954],[-118.78867924656055,34.17482448582554],[-118.79321395877948,34.171340716830784],[-118.79194524234215,34.16642699961386],[-118.78614218178063,34.16499688345103]]]},"properties":{"h3_index":"8829a18403fffff","station_count":1,"program_id":"smc","program":"SMC","resolution":8,"stations":[{"station_id":"{73DCE1FC-52FE-4EF6-B83B-552FB1762C46}","station_name":"Lindero Canyon Creek near Yerba Buena Elementary School","lat":34.167227,"lon":-118.787702,"county":"LOS ANGELES"}]}},{"type":"Feature","geometry":{"type":"Polygon","coordinates":[[[-118.78940812163336,34.15659901900964],[-118.78487380546488,34.1600828091573],[-118.78614218178063,34.16499688345103],[-118.79194524234215,34.16642699961386],[-118.79647943678681,34.16294306560282],[-118.79521069243472,34.15802915930419],[-118.78940812163336,34.15659901900964]]]},"properties":{"h3_index":"8829a1840bfffff","station_count":1,"program_id":"smc","program":"SMC","resolution":8,"stations":[{"station_id":"{257905E8-8A42-4D47-B1D1-4E076A47D1D0}","station_name":"Lindero Canyon (34120)","lat":34.165588,"lon":-118.789188,"county":"LOS ANGELES"}]}},{"type":"Feature","geometry":{"type":"Polygon","coordinates":[[[-118.80681578061538,34.16088846235312],[-118.80228222581445,34.16437270500213],[-118.80355131023511,34.16928625417334],[-118.80935431732857,34.170715392544835],[-118.81388775000835,34.16723100609097],[-118.8126182977568,34.162317625082345],[-118.80681578061538,34.16088846235312]]]},"properties":{"h3_index":"8829a18419fffff","station_count":1,"program_id":"smc","program":"SMC","resolution":8,"stations":[{"station_id":"{72A51F2E-8835-4CB0-9C43-025F27C3F16E}","station_name":"Creek next to Via Merida Road","lat":34.163293,"lon":-118.810699,"county":"VENTURA","huc8":"Potrero Valley Creek"}]}},{"type":"Feature","geometry":{"type":"Polygon","coordinates":[[[-118.75512495522415,34.17115362155123],[-118.75058820420708,34.17463631890794],[-118.75185544718744,34.17955070713803],[-118.75765980981856,34.18098223044554],[-118.7621964398446,34.177499389216585],[-118.76092882827155,34.17258516856427],[-118.75512495522415,34.17115362155123]]]},"properties":{"h3_index":"8829a18421fffff","station_count":1,"program_id":"smc","program":"SMC","resolution":8,"stations":[{"station_id":"{980C77C1-2F20-403C-80DD-21B625082C56}","station_name":"Medea Creek u/s of Thousand Oaks","lat":34.176012,"lon":-118.761699,"county":"VENTURA","huc8":"Medea Creek"}]}},{"type":"Feature","geometry":{"type":"Polygon","coordinates":[[[-118.7583939171517,34.162756181042205],[-118.75385768393134,34.166239043974095],[-118.75512495522415,34.17115362155123],[-118.76092882827155,34.17258516856427],[-118.76546494044622,34.16910216172868],[-118.76419730066014,34.164187751795644],[-118.7583939171517,34.162756181042205]]]},"properties":{"h3_index":"8829a18429fffff","station_count":2,"program_id":"smc","program":"SMC","resolution":8,"stations":[{"station_id":"{D9E3A412-30EC-4B24-972C-C595AA3813C2}","station_name":"Medea Creek (26670)","lat":34.163856,"lon":-118.76205,"county":"LOS ANGELES"},{"station_id":"{DA32C308-7812-46F2-B129-134871E192E0}","station_name":"Medea Creek (31468)","lat":34.16874,"lon":-118.76171,"county":"VENTURA"}]}},{"type":"Feature","geometry":{"type":"Polygon","coordinates":[[[-118.76546494044622,34.16910216172868],[-118.76092882827155,34.17258516856427],[-118.7621964398446,34.177499389216585],[-118.7680005320738,34.17893043535042],[-118.77253652303126,34.17544728465598],[-118.77126854301777,34.170533231698464],[-118.76546494044622,34.16910216172868]]]},"properties":{"h3_index":"8829a1842bfffff","station_count":3,"program_id":"smc","program":"SMC","resolution":8,"stations":[{"station_id":"{9FC9855B-17C1-4CF2-A252-50AA9E5E09F3}","station_name":"Medea Creek 18666","lat":34.172068,"lon":-118.763755,"county":"VENTURA","waterbody":"Medea Creek"},{"station_id":"{6D81D9DA-681B-463B-9755-2A77789F3B25}","station_name":"Medea Creek (27470)","lat":34.174456,"lon":-118.76389,"county":"VENTURA"},{"station_id":"{1551196D-5EEE-4728-BE7A-981AD5FFFF17}","station_name":"Medea Creek Site 2920","lat":34.17748,"lon":-118.767,"county":"VENTURA","huc8":"Medea Creek"}]}},{"type":"Feature","geometry":{"type":"Polygon","coordinates":[[[-118.78994793504785,34.17973801376742],[-118.78541270497436,34.18322161751765],[-118.78668136547631,34.188134955991245],[-118.79248562427492,34.189564522813434],[-118.7970207325619,34.18608077530762],[-118.7957517038778,34.18116760474707],[-118.78994793504785,34.17973801376742]]]},"properties":{"h3_index":"8829a1843bfffff","station_count":1,"program_id":"smc","program":"SMC","resolution":8,"stations":[{"station_id":"{E3815172-7087-414C-AEEA-E13675AE2D6C}","station_name":"Lindero Canyon Site 3048","lat":34.18426,"lon":-118.79089,"county":"VENTURA","huc8":"Medea Creek"}]}},{"type":"Feature","geometry":{"type":"Polygon","coordinates":[[[-118.75459233036425,34.14801133525768],[-118.75005649393168,34.15149421955646],[-118.75132345329664,34.15640934290722],[-118.75712661758179,34.15784141431138],[-118.76166233308557,34.15435838603258],[-118.76039500527398,34.14944343034151],[-118.75459233036425,34.14801133525768]]]},"properties":{"h3_index":"8829a18461fffff","station_count":1,"program_id":"smc","program":"SMC","resolution":8,"stations":[{"station_id":"{29F7626A-1428-4BD9-BDBA-DE247028456D}","station_name":"GTG Medea at E Thousand Oaks Blvd","lat":34.15459,"lon":-118.75848,"county":"LOS ANGELES"}]}},{"type":"Feature","geometry":{"type":"Polygon","coordinates":[[[-118.76166233308557,34.15435838603258],[-118.75712661758179,34.15784141431138],[-118.7583939171517,34.162756181042205],[-118.76419730066014,34.164187751795644],[-118.76873289506365,34.16070457958165],[-118.76746522709992,34.15578998056128],[-118.76166233308557,34.15435838603258]]]},"properties":{"h3_index":"8829a18463fffff","station_count":2,"program_id":"smc","program":"SMC","resolution":8,"stations":[{"station_id":"{D425BB7A-122A-45E1-AC4B-D45FEEDFE3CF}","station_name":"Medea Creek Site 5992","lat":34.15698,"lon":-118.7588,"county":"VENTURA","huc8":"Medea Creek"},{"station_id":"{38F55472-59C8-4A24-AF29-784E05029AC2}","station_name":"Medea Creek 13160","lat":34.1578,"lon":-118.75973,"county":"LOS ANGELES"}]}},{"type":"Feature","geometry":{"type":"Polygon","coordinates":[[[-118.75786066154436,34.13961297368792],[-118.75332534269353,34.1430960230738],[-118.75459233036425,34.14801133525768],[-118.76039500527398,34.14944343034151],[-118.76493020314136,34.14596023694406],[-118.7636628471234,34.14104509248623],[-118.75786066154436,34.13961297368792]]]},"properties":{"h3_index":"8829a18469fffff","station_count":2,"program_id":"smc","program":"SMC","resolution":8,"stations":[{"station_id":"{D8E8AC45-E885-463C-B478-B6D13F76332A}","station_name":"Santa Monica watershed unknown Site 8040","lat":34.14358,"lon":-118.75527,"county":"VENTURA","huc8":"Medea Creek"},{"station_id":"{334EA04C-036A-4F88-8A16-F8AD9D1C7495}","station_name":"Medea Creek (44210)","lat":34.143019,"lon":-118.757795,"county":"VENTURA"}]}},{"type":"Feature","geometry":{"type":"Polygon","coordinates":[[[-118.69961543780379,34.166652327264615],[-118.69507589377118,34.170133496620586],[-118.69634097978278,34.175049267153696],[-118.7021459791745,34.176483701335506],[-118.70668540346496,34.173002387964985],[-118.70541994814675,34.168086784439154],[-118.69961543780379,34.166652327264615]]]},"properties":{"h3_index":"8829a1850dfffff","station_count":1,"program_id":"smc","program":"SMC","resolution":8,"stations":[{"station_id":"{CFCE4700-515B-4729-9E43-E6A85461373B}","station_name":"Las Virgenes (44642)","lat":34.16873,"lon":-118.70306,"county":"VENTURA"}]}},{"type":"Feature","geometry":{"type":"Polygon","coordinates":[[[-118.69582040486587,34.151903902225826],[-118.69128125899532,34.15538509379042],[-118.69254603338902,34.160301409869426],[-118.69835032295363,34.16173636737315],[-118.70288934919846,34.15825503171789],[-118.70162420554526,34.153338882661515],[-118.69582040486587,34.151903902225826]]]},"properties":{"h3_index":"8829a18545fffff","station_count":1,"program_id":"smc","program":"SMC","resolution":8,"stations":[{"station_id":"{9CF3D4E5-A76F-4B0C-A5BD-0293B28E8D1F}","station_name":"Las Virgenes Creek (33670)","lat":34.158248,"lon":-118.700126,"county":"LOS ANGELES"}]}},{"type":"Feature","geometry":{"type":"Polygon","coordinates":[[[-118.70288934919846,34.15825503171789],[-118.69835032295363,34.16173636737315],[-118.69961543780379,34.166652327264615],[-118.70541994814675,34.168086784439154],[-118.70995885459443,34.16460530473781],[-118.7086933705372,34.15968951191997],[-118.70288934919846,34.15825503171789]]]},"properties":{"h3_index":"8829a18547fffff","station_count":1,"program_id":"smc","program":"SMC","resolution":8,"stations":[{"station_id":"{56D1A0C3-1492-4AA6-B922-D56729870CB3}","station_name":"Las Virgenes (24066)","lat":34.163219,"lon":-118.700774,"county":"VENTURA"}]}},{"type":"Feature","geometry":{"type":"Polygon","coordinates":[[[-118.69909422982292,34.143506039505084],[-118.69455560160515,34.14698739710907],[-118.69582040486587,34.151903902225826],[-118.70162420554526,34.153338882661515],[-118.70616271408232,34.149857380935295],[-118.70489754166157,34.14494104290755],[-118.69909422982292,34.143506039505084]]]},"properties":{"h3_index":"8829a1854dfffff","station_count":1,"program_id":"smc","program":"SMC","resolution":8,"stations":[{"station_id":"{EFB8A671-2459-4030-803E-93E184A1FF3D}","station_name":"Las Virgenes Creek Site 17664","lat":34.14994,"lon":-118.6976,"county":"LOS ANGELES","huc8":"Las Virgenes Creek"}]}},{"type":"Feature","geometry":{"type":"Polygon","coordinates":[[[-118.77799622689261,34.11236410823811],[-118.77346309876962,34.11584795982672],[-118.77473053919472,34.12076366942351],[-118.78053147568076,34.12219535940139],[-118.78506448243085,34.11871136371979],[-118.7837966741087,34.11379582216517],[-118.77799622689261,34.11236410823811]]]},"properties":{"h3_index":"8829a18621fffff","station_count":2,"program_id":"smc","program":"SMC","resolution":8,"stations":[{"station_id":"{C1EE6D75-EAFF-474B-9705-35E1423D77C5}","station_name":"Malibu Creek (17016)","lat":34.118309,"lon":-118.780574,"county":"VENTURA"},{"station_id":"{9CF63F32-D387-46E7-8E13-3A5598614BA7}","station_name":"Triunfo Canyon 808","lat":34.11411,"lon":-118.77907,"county":"LOS ANGELES"}]}},{"type":"Feature","geometry":{"type":"Polygon","coordinates":[[[-118.79213329616394,34.12505776277906],[-118.78760041095809,34.12854190250862],[-118.78886853118627,34.1334568996037],[-118.7946699044525,34.13488758883753],[-118.79920266794284,34.131403305105],[-118.79793417992339,34.12648847615345],[-118.79213329616394,34.12505776277906]]]},"properties":{"h3_index":"8829a18635fffff","station_count":1,"program_id":"smc","program":"SMC","resolution":8,"stations":[{"station_id":"{5903D59A-DAEF-4319-8783-40BF794262DA}","station_name":"Potero Valley Creek (44532)","lat":34.126825,"lon":-118.796174,"county":"VENTURA"}]}},{"type":"Feature","geometry":{"type":"Polygon","coordinates":[[[-118.79539751585995,34.11665827366736],[-118.79086514799869,34.120142577437],[-118.79213329616394,34.12505776277906],[-118.79793417992339,34.12648847615345],[-118.8024664260147,34.12300402834927],[-118.8011979101575,34.11808901121708],[-118.79539751585995,34.11665827366736]]]},"properties":{"h3_index":"8829a1863dfffff","station_count":1,"program_id":"smc","program":"SMC","resolution":8,"stations":[{"station_id":"{5761D70B-DBA5-43A5-9A4E-C01CE525F007}","station_name":"Malibu Creek Site 8616","lat":34.12188,"lon":-118.792402,"county":"VENTURA","huc8":"Cold Creek-Malibu Creek"}]}},{"type":"Feature","geometry":{"type":"Polygon","coordinates":[[[-118.8198682084572,34.127293763222575],[-118.81533672384694,34.130778662867066],[-118.81660591931762,34.135692966939224],[-118.82240696687322,34.13712220295081],[-118.82693832914534,34.13363715937548],[-118.825668766241,34.12872302373124],[-118.8198682084572,34.127293763222575]]]},"properties":{"h3_index":"8829a186edfffff","station_count":1,"program_id":"smc","program":"SMC","resolution":8,"stations":[{"station_id":"{0EDEC48F-800C-4F5D-94C5-3954DB3EEC0D}","station_name":"Potrero Valley Creek (18250)","lat":34.132222,"lon":-118.82051,"county":"VENTURA"}]}},{"type":"Feature","geometry":{"type":"Polygon","coordinates":[[[-118.75405992551062,34.12486592657193],[-118.74952500329479,34.12834899672855],[-118.75079167917035,34.13326485373968],[-118.75659364560325,34.134697472864445],[-118.76112844695238,34.1312142586198],[-118.75986140277621,34.126298569350304],[-118.75405992551062,34.12486592657193]]]},"properties":{"h3_index":"8829a18711fffff","station_count":1,"program_id":"smc","program":"SMC","resolution":8,"stations":[{"station_id":"{B9762CBC-0AA1-4D88-BA53-EC192A56D85E}","station_name":"Medea Creek Site 16516","lat":34.12998,"lon":-118.75648,"county":"VENTURA","huc8":"Medea Creek"}]}},{"type":"Feature","geometry":{"type":"Polygon","coordinates":[[[-118.76112844695238,34.1312142586198],[-118.75659364560325,34.134697472864445],[-118.75786066154436,34.13961297368792],[-118.7636628471234,34.14104509248623],[-118.7681975274345,34.13756173419847],[-118.7669301432455,34.13264640116739],[-118.76112844695238,34.1312142586198]]]},"properties":{"h3_index":"8829a18713fffff","station_count":1,"program_id":"smc","program":"SMC","resolution":8,"stations":[{"station_id":"{30BA2753-F38B-4205-A51A-C2295BEB41A7}","station_name":"Medea Creek (28270)","lat":34.136633,"lon":-118.757257,"county":"LOS ANGELES"}]}},{"type":"Feature","geometry":{"type":"Polygon","coordinates":[[[-118.75079167917035,34.13326485373968],[-118.74625623950749,34.136747759069124],[-118.74752288704863,34.141663427567885],[-118.75332534269353,34.1430960230738],[-118.75786066154436,34.13961297368792],[-118.75659364560325,34.134697472864445],[-118.75079167917035,34.13326485373968]]]},"properties":{"h3_index":"8829a18717fffff","station_count":1,"program_id":"smc","program":"SMC","resolution":8,"stations":[{"station_id":"{F6610966-B848-4D12-A199-688F6CE2EA50}","station_name":"404R4S015","lat":34.142552,"lon":-118.75225,"county":"LOS ANGELES","huc8":"Medea Creek"}]}},{"type":"Feature","geometry":{"type":"Polygon","coordinates":[[[-118.74699196325804,34.11851673836607],[-118.7424569203469,34.12199966438981],[-118.7437232561682,34.126915877410504],[-118.74952500329479,34.12834899672855],[-118.75405992551062,34.12486592657193],[-118.75279322133602,34.11994988124204],[-118.74699196325804,34.11851673836607]]]},"properties":{"h3_index":"8829a1871dfffff","station_count":1,"program_id":"smc","program":"SMC","resolution":8,"stations":[{"station_id":"{0E7D755D-E570-45CD-9253-DA2E6D7E2102}","station_name":"Medea Creek 16232","lat":34.125498,"lon":-118.753172,"county":"LOS ANGELES","waterbody":"Medea Creek"}]}},{"type":"Feature","geometry":{"type":"Polygon","coordinates":[[[-118.70564024063943,34.12670925051992],[-118.70110264748735,34.1301909395176],[-118.70236750837563,34.13510782212911],[-118.70817033141797,34.13654284853311],[-118.71270780477936,34.13306101534999],[-118.71144257492993,34.128144299960226],[-118.70564024063943,34.12670925051992]]]},"properties":{"h3_index":"8829a18721fffff","station_count":1,"program_id":"smc","program":"SMC","resolution":8,"stations":[{"station_id":"{C0352671-B38E-48CE-8C23-78603E57D99A}","station_name":"Las Virgenes Creek (35270)","lat":34.133251,"lon":-118.706562,"county":"LOS ANGELES"}]}},{"type":"Feature","geometry":{"type":"Polygon","coordinates":[[[-118.70236750837563,34.13510782212911],[-118.69782939773066,34.13858934554415],[-118.69909422982292,34.143506039505084],[-118.70489754166157,34.14494104290755],[-118.70943553257081,34.14145937533868],[-118.70817033141797,34.13654284853311],[-118.70236750837563,34.13510782212911]]]},"properties":{"h3_index":"8829a18727fffff","station_count":4,"program_id":"smc","program":"SMC","resolution":8,"stations":[{"station_id":"{12AAB05F-00CF-4655-A232-95549219F180}","station_name":"Las Virgenes Creek 14952","lat":34.14268,"lon":-118.700899,"county":"LOS ANGELES","waterbody":"Las Virgenes Creek"},{"station_id":"{74C109C4-8CE1-415B-A724-C6059F293B34}","station_name":"Las Virgenes Creek (28068)","lat":34.139362,"lon":-118.703664,"county":"LOS ANGELES"},{"station_id":"{085850CB-BFE3-4B0F-A72E-87D08BB456A3}","station_name":"Las Virgenes Creek downstream of Agoura Rd.","lat":34.141621,"lon":-118.701083,"county":"LOS ANGELES"},{"station_id":"{D51A8B95-0006-4C5F-86EA-2C8A83B1FED2}","station_name":"Las Virgenes Creek (37670)","lat":34.14074,"lon":-118.701178,"county":"LOS ANGELES"}]}},{"type":"Feature","geometry":{"type":"Polygon","coordinates":[[[-118.7089124267297,34.11831032509961],[-118.70437535099059,34.121792179451525],[-118.70564024063943,34.12670925051992],[-118.71144257492993,34.128144299960226],[-118.71597953082338,34.12466230139121],[-118.71471427231282,34.11974539761092],[-118.7089124267297,34.11831032509961]]]},"properties":{"h3_index":"8829a18729fffff","station_count":3,"program_id":"smc","program":"SMC","resolution":8,"stations":[{"station_id":"{D410517D-4039-4A47-9A2D-408DBEA0A822}","station_name":"Las Virgenes Creek 25668","lat":34.12139,"lon":-118.70914,"county":"LOS ANGELES"},{"station_id":"{39C519F0-F41E-4B20-8E39-63559C4849DC}","station_name":"Virgenes Creek","lat":34.125293,"lon":-118.708279,"county":"LOS ANGELES","waterbody":"Virgenes Creek"},{"station_id":"{9C9E1BE2-6CA4-47E8-A2A2-3158A59F7191}","station_name":"Las Virgenes Creek Site 22464","lat":34.12676,"lon":-118.70685,"county":"LOS ANGELES","huc8":"Las Virgenes Creek"}]}},{"type":"Feature","geometry":{"type":"Polygon","coordinates":[[[-118.7187257091129,34.09311143019373],[-118.71419018513329,34.096593779237615],[-118.71545516085109,34.101511414514235],[-118.72125602915294,34.10294653327167],[-118.72579143312231,34.0994640399156],[-118.72452608884086,34.0945465721262],[-118.7187257091129,34.09311143019373]]]},"properties":{"h3_index":"8829a18745fffff","station_count":3,"program_id":"smc","program":"SMC","resolution":8,"stations":[{"station_id":"{AFED93F3-B0A3-48A4-9F2D-282AAF8941F8}","station_name":"Malibu Creek (32468)","lat":34.0999,"lon":-118.723049,"county":"LOS ANGELES"},{"station_id":"{770259F3-6098-48AE-B975-BA8FD4D003A7}","station_name":"Las Virgenes Creek 13416","lat":34.098751,"lon":-118.715946,"county":"LOS ANGELES","waterbody":"Las Virgenes Creek"},{"station_id":"{9F7A5CD2-5BFD-418F-BD48-77AB9FE34268}","station_name":"Las Virgenes Creek (26868)","lat":34.096751,"lon":-118.717372,"county":"LOS ANGELES"}]}},{"type":"Feature","geometry":{"type":"Polygon","coordinates":[[[-118.71218406676178,34.1099110462903],[-118.70764750835576,34.11339306576801],[-118.7089124267297,34.11831032509961],[-118.71471427231282,34.11974539761092],[-118.7192507108183,34.11626323388444],[-118.71798542368204,34.111346141907326],[-118.71218406676178,34.1099110462903]]]},"properties":{"h3_index":"8829a18763fffff","station_count":1,"program_id":"smc","program":"SMC","resolution":8,"stations":[{"station_id":"{481CC4C7-4B4F-422C-8672-B5D2A41B1A10}","station_name":"Liberty Canyon Creek","lat":34.11117,"lon":-118.716392,"county":"LOS ANGELES"}]}},{"type":"Feature","geometry":{"type":"Polygon","coordinates":[[[-118.71545516085109,34.101511414514235],[-118.7109191196982,34.10499359888929],[-118.71218406676178,34.1099110462903],[-118.71798542368204,34.111346141907326],[-118.72252134487951,34.107863813251825],[-118.72125602915294,34.10294653327167],[-118.71545516085109,34.101511414514235]]]},"properties":{"h3_index":"8829a1876bfffff","station_count":1,"program_id":"smc","program":"SMC","resolution":8,"stations":[{"station_id":"{5EE0803D-6DE2-4321-AB68-097761FB59D5}","station_name":"Las Virgenes Creek 1128","lat":34.1039,"lon":-118.71271,"county":"LOS ANGELES"}]}},{"type":"Feature","geometry":{"type":"Polygon","coordinates":[[[-118.71388334959953,34.03204012881045],[-118.70935005046245,34.0355228640875],[-118.71061414992081,34.040442498736276],[-118.71641191678177,34.04187923045383],[-118.72094509614786,34.038396350570956],[-118.71968062846476,34.03347688358824],[-118.71388334959953,34.03204012881045]]]},"properties":{"h3_index":"8829a1953bfffff","station_count":1,"program_id":"smc","program":"SMC","resolution":8,"stations":[{"station_id":"{DF1CCBA7-C4AB-4107-88EA-C7452FA1AB43}","station_name":"Puerco Canyon 0.2miles down stream of HWY 1","lat":34.033249,"lon":-118.713863,"county":"LOS ANGELES","huc8":"Solstice Canyon-Frontal Santa Monica Bay"}]}},{"type":"Feature","geometry":{"type":"Polygon","coordinates":[[[-118.37113071893974,34.02959235538145],[-118.36657929955783,34.03306539348764],[-118.36783033094184,34.03799267702612],[-118.37363315450627,34.039446758462105],[-118.3781844617808,34.035973575025636],[-118.37693305763872,34.03104645549564],[-118.37113071893974,34.02959235538145]]]},"properties":{"h3_index":"8829a19903fffff","station_count":1,"program_id":"smc","program":"SMC","resolution":8,"stations":[{"station_id":"{6FBF9FF4-A20C-4FD7-BF59-9CDD53B7B27D}","station_name":"Ballona Creek downstream of S. Fairfax Ave.","lat":34.03767,"lon":-118.370384,"county":"LOS ANGELES"}]}},{"type":"Feature","geometry":{"type":"Polygon","coordinates":[[[-118.41161489053339,33.97514190520138],[-118.40706782748813,33.97861657382873],[-118.40831979383861,33.98354464733025],[-118.41411919513573,33.984997887571325],[-118.41866614527667,33.981523073442716],[-118.41741380706523,33.976595164586435],[-118.41161489053339,33.97514190520138]]]},"properties":{"h3_index":"8829a19b11fffff","station_count":1,"program_id":"smc","program":"SMC","resolution":8,"stations":[{"station_id":"{895405F2-197F-4559-8D23-DCAE3223BD0A}","station_name":"Centinela Creek","lat":33.98426,"lon":-118.41426,"county":"LOS ANGELES","huc8":"Ballona Creek"}]}},{"type":"Feature","geometry":{"type":"Polygon","coordinates":[[[-118.93053039556379,34.40723944509451],[-118.92599345978779,34.41072498238073],[-118.92727005000596,34.41562795070359],[-118.93308394383448,34.41704521323199],[-118.93762075418026,34.413559533549716],[-118.93634379616911,34.408656733746945],[-118.93053039556379,34.40723944509451]]]},"properties":{"h3_index":"8829a1a021fffff","station_count":1,"program_id":"smc","program":"SMC","resolution":8,"stations":[{"station_id":"{0C92B720-442C-4405-9304-D471005461BF}","station_name":"Sespe Creek Above Fillmore Site 772","lat":34.40976,"lon":-118.9322,"county":"VENTURA"}]}},{"type":"Feature","geometry":{"type":"Polygon","coordinates":[[[-118.93379019448395,34.3988505772189],[-118.92925377858847,34.402336282543246],[-118.93053039556379,34.40723944509451],[-118.93634379616911,34.408656733746945],[-118.9408800865806,34.40517088599599],[-118.93960310191214,34.40026789203103],[-118.93379019448395,34.3988505772189]]]},"properties":{"h3_index":"8829a1a029fffff","station_count":1,"program_id":"smc","program":"SMC","resolution":8,"stations":[{"station_id":"{78204113-7925-4C39-A26C-8C3E847E3415}","station_name":"Sespe Creek 04868","lat":34.404915,"lon":-118.939435,"county":"VENTURA","waterbody":"Sespe Creek"}]}},{"type":"Feature","geometry":{"type":"Polygon","coordinates":[[[-118.92400915769404,34.42401609362719],[-118.91947118191344,34.42750129415516],[-118.92074771851166,34.432403873446425],[-118.92656259892466,34.433821083833955],[-118.93110044938277,34.43033574097092],[-118.92982354479179,34.42543333006728],[-118.92400915769404,34.42401609362719]]]},"properties":{"h3_index":"8829a1a1cdfffff","station_count":1,"program_id":"smc","program":"SMC","resolution":8,"stations":[{"station_id":"{FA911FCE-7AE1-4B1B-9824-D94CEF9B375F}","station_name":"Sespe Creek (06660)","lat":34.429633,"lon":-118.923739,"county":"VENTURA"}]}},{"type":"Feature","geometry":{"type":"Polygon","coordinates":[[[-118.98494332777624,34.36540058093978],[-118.9804110532442,34.36888802645577],[-118.98168921893144,34.373791094706654],[-118.98750002596995,34.375206548204865],[-118.99203217395288,34.3717189602293],[-118.99075364148781,34.366816061226885],[-118.98494332777624,34.36540058093978]]]},"properties":{"h3_index":"8829a1a233fffff","station_count":1,"program_id":"smc","program":"SMC","resolution":8,"stations":[{"station_id":"{6F7B9058-0EE7-4BCB-AD1D-F42CE2120A9A}","station_name":"Santa Clara River","lat":34.369316,"lon":-118.98739,"county":"VENTURA"}]}},{"type":"Feature","geometry":{"type":"Polygon","coordinates":[[[-119.05791326438485,34.37397416832291],[-119.05338460561501,34.37746358289833],[-119.0546656247364,34.382364714772145],[-119.060475668512,34.383776262107645],[-119.06500419908753,34.380286705284206],[-119.06372281412328,34.37538574338498],[-119.05791326438485,34.37397416832291]]]},"properties":{"h3_index":"8829a1a2d3fffff","station_count":1,"program_id":"smc","program":"SMC","resolution":8,"stations":[{"station_id":"{2D777EA7-011C-451A-8872-6862EA35EADA}","station_name":"Santa Paula Creek ~2.5mi above Santa Clara River","lat":34.379167,"lon":-119.063333,"county":"VENTURA","waterbody":"Santa Paula Creek","huc8":"Santa Paula Creek"}]}},{"type":"Feature","geometry":{"type":"Polygon","coordinates":[[[-119.07329398882818,34.43277558426509],[-119.06876376435595,34.43626490300052],[-119.07004604364946,34.44116380356896],[-119.07585891347847,34.44257321550726],[-119.08038900927751,34.43908375482834],[-119.0791063639623,34.43418502416634],[-119.07329398882818,34.43277558426509]]]},"properties":{"h3_index":"8829a1a707fffff","station_count":1,"program_id":"smc","program":"SMC","resolution":8,"stations":[{"station_id":"{FA34CFF9-4B89-4239-B6D3-1514F1693E1E}","station_name":"Santa Paula Creek ~1.5mi N Hwy 150","lat":34.43952,"lon":-119.07616,"county":"VENTURA"}]}},{"type":"Feature","geometry":{"type":"Polygon","coordinates":[[[-119.07918772536661,34.392909172095834],[-119.07465945169713,34.396399013278135],[-119.07594149199387,34.401299054601644],[-119.08175217167975,34.40270908463244],[-119.0862803166374,34.39921910133933],[-119.08499791066254,34.39431923013793],[-119.07918772536661,34.392909172095834]]]},"properties":{"h3_index":"8829a1a749fffff","station_count":1,"program_id":"smc","program":"SMC","resolution":8,"stations":[{"station_id":"{F06BE008-61E9-4534-89C7-584D3EA10160}","station_name":"Santa Paula Creek 403R4S225","lat":34.397391,"lon":-119.07746,"county":"VENTURA","huc8":"Santa Paula Creek"}]}},{"type":"Feature","geometry":{"type":"Polygon","coordinates":[[[-118.77405088727781,34.538942777846025],[-118.76950009602659,34.54242265276522],[-118.77077226499287,34.54732491528703],[-118.77659559604001,34.54874713652071],[-118.78114626507055,34.54526711944213],[-118.77987372531601,34.54036502330127],[-118.77405088727781,34.538942777846025]]]},"properties":{"h3_index":"8829a1a98bfffff","station_count":1,"program_id":"smc","program":"SMC","resolution":8,"stations":[{"station_id":"{3ACC21E0-8C56-4A38-A245-B5A2B35033BB}","station_name":"Agua Blanca Creek ~1mi Above Piru Creek","lat":34.54172,"lon":-118.77286,"county":"VENTURA"}]}},{"type":"Feature","geometry":{"type":"Polygon","coordinates":[[[-118.75986182015382,34.52629148568361],[-118.75531078498096,34.529771076151235],[-118.7565822689142,34.534674066047046],[-118.76240515895672,34.536097299206816],[-118.7669560722554,34.532617566491275],[-118.7656842174271,34.52771474287589],[-118.75986182015382,34.52629148568361]]]},"properties":{"h3_index":"8829a1a9c7fffff","station_count":1,"program_id":"smc","program":"SMC","resolution":8,"stations":[{"station_id":"{61DFF4F4-AC59-42DB-8F2D-329491720F99}","station_name":"Piru Creek (16332)","lat":34.531705,"lon":-118.758128,"county":"VENTURA"}]}},{"type":"Feature","geometry":{"type":"Polygon","coordinates":[[[-118.82698282210914,34.42788156134017],[-118.82243944366945,34.431363982360644],[-118.82371234749446,34.43626862949879],[-118.82952899913171,34.43769068826997],[-118.83407225441009,34.434208124709606],[-118.83279898125382,34.42930364492991],[-118.82698282210914,34.42788156134017]]]},"properties":{"h3_index":"8829a1aa1dfffff","station_count":1,"program_id":"smc","program":"SMC","resolution":8,"stations":[{"station_id":"{59C475E8-DDD2-411A-A903-5A93DE2B9E12}","station_name":"Hopper Canyon Cr.","lat":34.43048,"lon":-118.8318,"county":"VENTURA"}]}},{"type":"Feature","geometry":{"type":"Polygon","coordinates":[[[-118.7849979244441,34.41301170932095],[-118.78045289279424,34.4164930765838],[-118.78172403232425,34.421399143858636],[-118.78754057334402,34.42282367690778],[-118.79208548280555,34.41934216694308],[-118.79081397347687,34.41443626664305],[-118.7849979244441,34.41301170932095]]]},"properties":{"h3_index":"8829a1aa61fffff","station_count":2,"program_id":"smc","program":"SMC","resolution":8,"stations":[{"station_id":"{995EF751-0CDD-4FCC-9B1F-51E96D709008}","station_name":"Piru Creek 403R4S193","lat":34.417227,"lon":-118.78928,"county":"VENTURA","huc8":"Hosler Canyon-Piru Creek"},{"station_id":"{4281D377-80CE-4294-B45C-BA8A76A086ED}","station_name":"Piru Creek 6904","lat":34.41964,"lon":-118.78769,"county":"VENTURA"}]}},{"type":"Feature","geometry":{"type":"Polygon","coordinates":[[[-118.75444491010687,34.44228390172665],[-118.74989703374939,34.44576412880843],[-118.75116734795611,34.4506699441941],[-118.75698590896752,34.45209536596726],[-118.76153366375702,34.448614996247585],[-118.7602629791444,34.443709347404656],[-118.75444491010687,34.44228390172665]]]},"properties":{"h3_index":"8829a1ab1dfffff","station_count":1,"program_id":"smc","program":"SMC","resolution":8,"stations":[{"station_id":"{8C213AA1-46D0-40E0-BA30-4AE36059E889}","station_name":"Piru Creek 02764","lat":34.447782,"lon":-118.754901,"county":"VENTURA","waterbody":"Piru Creek"}]}},{"type":"Feature","geometry":{"type":"Polygon","coordinates":[[[-118.7577219234688,34.433897492521076],[-118.75317456744256,34.43737789098635],[-118.75444491010687,34.44228390172665],[-118.7602629791444,34.443709347404656],[-118.76481021354759,34.440228806270916],[-118.76353950057754,34.43532296213963],[-118.7577219234688,34.433897492521076]]]},"properties":{"h3_index":"8829a1ab57fffff","station_count":1,"program_id":"smc","program":"SMC","resolution":8,"stations":[{"station_id":"{49410456-9A2E-4FC3-82AF-EDBD32BA8E08}","station_name":"Piru Creek 1.7 miles down stream from Lake Piru","lat":34.43957,"lon":-118.7591,"county":"VENTURA","huc8":"Hosler Canyon-Piru Creek"}]}},{"type":"Feature","geometry":{"type":"Polygon","coordinates":[[[-118.76427430429155,34.41712357557154],[-118.75972798868565,34.42060431612175],[-118.76099838815824,34.42551071699635],[-118.76681547338337,34.42693621059115],[-118.77136166725617,34.42345532731131],[-118.77009089767822,34.41854909317826],[-118.76427430429155,34.41712357557154]]]},"properties":{"h3_index":"8829a1ab59fffff","station_count":1,"program_id":"smc","program":"SMC","resolution":8,"stations":[{"station_id":"{24A3EB18-8BF0-46E0-8B95-6775190A7DC4}","station_name":"Piru Creek (16978)","lat":34.42319,"lon":-118.767716,"county":"VENTURA"}]}},{"type":"Feature","geometry":{"type":"Polygon","coordinates":[[[-119.03989227511478,34.346639780230234],[-119.03536375210093,34.35012893314497],[-119.03664377585606,34.35503134686197],[-119.04245268857413,34.35644443778295],[-119.04698108385789,34.35295514245253],[-119.04570069419516,34.348052898628524],[-119.03989227511478,34.346639780230234]]]},"properties":{"h3_index":"8829a1b535fffff","station_count":1,"program_id":"smc","program":"SMC","resolution":8,"stations":[{"station_id":"{5D19D13F-2CDD-468D-AB80-1144CEE92F8F}","station_name":"Santa Clara River 403RS230","lat":34.349221,"lon":-119.044,"county":"VENTURA","huc8":"Timber Canyon-Santa Clara River"}]}},{"type":"Feature","geometry":{"type":"Polygon","coordinates":[[[-119.04698108385789,34.35295514245253],[-119.04245268857413,34.35644443778295],[-119.0437330526166,34.36134648880782],[-119.04954217783722,34.362759074571684],[-119.05407044521856,34.35926963687127],[-119.0527897153232,34.354367755788715],[-119.04698108385789,34.35295514245253]]]},"properties":{"h3_index":"8829a1b537fffff","station_count":1,"program_id":"smc","program":"SMC","resolution":8,"stations":[{"station_id":"{AC29D9B9-AAD0-440A-B8DA-F2DABEEB7B79}","station_name":"Santa Paula Creek ~0.6mi above Santa Clara River","lat":34.356111,"lon":-119.048611,"county":"VENTURA","waterbody":"Santa Paula Creek","huc8":"Santa Paula Creek"}]}},{"type":"Feature","geometry":{"type":"Polygon","coordinates":[[[-119.07209568613234,34.38659837330969],[-119.06756728392361,34.39008807233542],[-119.06884898381871,34.39498847735028],[-119.07465945169713,34.396399013278135],[-119.07918772536661,34.392909172095834],[-119.07790565973842,34.388008937153955],[-119.07209568613234,34.38659837330969]]]},"properties":{"h3_index":"8829a1b5a7fffff","station_count":1,"program_id":"smc","program":"SMC","resolution":8,"stations":[{"station_id":"{FDC87767-D553-4BF1-96EC-0D0686149D03}","station_name":"Santa Paula Creek ~2mi above Santa Paula","lat":34.39548,"lon":-119.07511,"county":"VENTURA","waterbody":"Santa Paula Creek"}]}},{"type":"Feature","geometry":{"type":"Polygon","coordinates":[[[-119.22131456527501,34.27135035439132],[-119.2167990108228,34.27484521071469],[-119.21808499070625,34.279745848455406],[-119.22388688802383,34.28115145781703],[-119.22840231089388,34.277656459170366],[-119.22711596807007,34.272755993496915],[-119.22131456527501,34.27135035439132]]]},"properties":{"h3_index":"8829a1b6d9fffff","station_count":2,"program_id":"smc","program":"SMC","resolution":8,"stations":[{"station_id":"{157CA26B-10D2-45FC-9F8F-F0EDCF041EBA}","station_name":"Arundell Barranca ~0.25mi above Telegraph Rd.","lat":34.28,"lon":-119.220833,"county":"VENTURA"},{"station_id":"{CE2684DF-F68D-40BE-BBF3-E500378D9BDC}","station_name":"Arundell Barranca ~0.25mi above Telgraph Road","lat":34.279861,"lon":-119.220139,"county":"VENTURA"}]}},{"type":"Feature","geometry":{"type":"Polygon","coordinates":[[[-118.78118473488328,34.39829236764216],[-118.77664010120033,34.401773762435774],[-118.77791092724392,34.40668038580363],[-118.78372675676357,34.40810544739908],[-118.78827126837602,34.40462390982842],[-118.78700007258055,34.39971745345131],[-118.78118473488328,34.39829236764216]]]},"properties":{"h3_index":"8829a1b997fffff","station_count":1,"program_id":"smc","program":"SMC","resolution":8,"stations":[{"station_id":"{78C7C99F-7F96-4F6D-8CBC-65D1FFDB01B1}","station_name":"Piru Creek d/s of HWY 126 Site 3832","lat":34.40211,"lon":-118.78471,"county":"VENTURA"}]}},{"type":"Feature","geometry":{"type":"Polygon","coordinates":[[[-118.74301558697461,34.39812312725353],[-118.73846890720549,34.40160343934822],[-118.73973828128857,34.40651092410693],[-118.74555470544676,34.40793793019272],[-118.75010126400083,34.404457475235105],[-118.74883151965294,34.3995501570666],[-118.74301558697461,34.39812312725353]]]},"properties":{"h3_index":"8829a1b9a3fffff","station_count":1,"program_id":"smc","program":"SMC","resolution":8,"stations":[{"station_id":"{1F1B2BCA-CACE-48C6-B0AE-D55487831110}","station_name":"Santa Clara River u/s Site 1784","lat":34.40228,"lon":-118.7471,"county":"VENTURA"}]}},{"type":"Feature","geometry":{"type":"Polygon","coordinates":[[[-118.7255676887753,34.39384006990605],[-118.72102024719959,34.39731992536637],[-118.72228890903808,34.40222793749039],[-118.72810538296439,34.40365592774332],[-118.73265270372544,34.400175929362035],[-118.73138367141603,34.3952680836608],[-118.7255676887753,34.39384006990605]]]},"properties":{"h3_index":"8829a1b9a5fffff","station_count":1,"program_id":"smc","program":"SMC","resolution":8,"stations":[{"station_id":"{8F873253-9D24-47BC-BAE5-BD6B73EFF232}","station_name":"Tapo Canyon","lat":34.39996,"lon":-118.72346,"county":"VENTURA"}]}},{"type":"Feature","geometry":{"type":"Polygon","coordinates":[[[-117.10111406096993,32.93957056899173],[-117.0965418364169,32.9430159220471],[-117.09773211783029,32.948001600048585],[-117.10349500546518,32.9495417713717],[-117.10806714828027,32.946096265796726],[-117.10687648523609,32.94111074143115],[-117.10111406096993,32.93957056899173]]]},"properties":{"h3_index":"8829a408ebfffff","station_count":1,"program_id":"smc","program":"SMC","resolution":8,"stations":[{"station_id":"{8509685F-9FAB-429A-8E8A-B88869C1A0D3}","station_name":"Los Penasquitos ~0.8mi above I-15","lat":32.946365,"lon":-117.098493,"county":"SAN DIEGO"}]}},{"type":"Feature","geometry":{"type":"Polygon","coordinates":[[[-117.0597698776335,32.94718469150275],[-117.05519530241602,32.95062877752375],[-117.05638405591007,32.95561506880987],[-117.06214776684847,32.95715712095572],[-117.06672226124533,32.95371288240233],[-117.06553312556211,32.94872674424843],[-117.0597698776335,32.94718469150275]]]},"properties":{"h3_index":"8829a409ddfffff","station_count":1,"program_id":"smc","program":"SMC","resolution":8,"stations":[{"station_id":"{5DC36567-4FED-4DF4-A0E0-702297C91491}","station_name":"Poway Creek","lat":32.949075,"lon":-117.064432,"county":"SAN DIEGO","huc8":"Penasquitos"}]}},{"type":"Feature","geometry":{"type":"Polygon","coordinates":[[[-117.22277162112627,33.04197125160384],[-117.21820131613683,33.045419356363375],[-117.21939739743974,33.050399758005824],[-117.22516416458902,33.05193190020493],[-117.22973438496022,33.04848364357215],[-117.22853792283837,33.04350339662636],[-117.22277162112627,33.04197125160384]]]},"properties":{"h3_index":"8829a40d8bfffff","station_count":1,"program_id":"smc","program":"SMC","resolution":8,"stations":[{"station_id":"{E616587D-2D3A-4454-B670-749CD81BDFAC}","station_name":"Escondido Creek above El Camino Del Norte","lat":33.050316,"lon":-117.224287,"county":"SAN DIEGO"}]}},{"type":"Feature","geometry":{"type":"Polygon","coordinates":[[[-117.22255709562154,33.01859971997138],[-117.21798772082546,33.02204800069541],[-117.21918354760064,33.02702905745119],[-117.22494912987466,33.0285616787232],[-117.22951842009215,33.025113246012914],[-117.22832221265216,33.02013234402971],[-117.22255709562154,33.01859971997138]]]},"properties":{"h3_index":"8829a40dcbfffff","station_count":1,"program_id":"smc","program":"SMC","resolution":8,"stations":[{"station_id":"{D1476365-3FFA-42C0-A41E-147DC6E062A5}","station_name":"Rancho Santa Fe Golf Course","lat":33.02292,"lon":-117.2273,"county":"SAN DIEGO"}]}},{"type":"Feature","geometry":{"type":"Polygon","coordinates":[[[-117.11010907397471,32.77388041365135],[-117.10554394538966,32.77732727850742],[-117.10673284452034,32.78231730416344],[-117.11248725268477,32.78386031068663],[-117.11705229956829,32.780413292516016],[-117.11586302002647,32.775423421149625],[-117.11010907397471,32.77388041365135]]]},"properties":{"h3_index":"8829a418c7fffff","station_count":1,"program_id":"smc","program":"SMC","resolution":8,"stations":[{"station_id":"{763B7AB7-4581-4713-9A64-23E40EDB3A43}","station_name":"Murphy Canyon Creek","lat":32.7818,"lon":-117.1142,"county":"SAN DIEGO"}]}},{"type":"Feature","geometry":{"type":"Polygon","coordinates":[[[-117.34145825898521,33.17592280053542],[-117.33688848521956,33.17937330264633],[-117.3380905854813,33.184347542787],[-117.34386283979184,33.185871125225454],[-117.34843252607143,33.18242047204202],[-117.34723004556483,33.17744638750544],[-117.34145825898521,33.17592280053542]]]},"properties":{"h3_index":"8829a42b63fffff","station_count":1,"program_id":"smc","program":"SMC","resolution":8,"stations":[{"station_id":"{7DE483E0-E925-489F-B9A2-082BF469C6B9}","station_name":"Buena Vista Creek above Buena Vista Lagoon","lat":33.179798,"lon":-117.337354,"county":"SAN DIEGO"}]}},{"type":"Feature","geometry":{"type":"Polygon","coordinates":[[[-116.74222483556679,32.97393950139237],[-116.73763360962234,32.97737401830752],[-116.73881024618534,32.98236581107218],[-116.74457849496522,32.983922937586236],[-116.74916964720222,32.98048826791703],[-116.74799262440406,32.97549662450106],[-116.74222483556679,32.97393950139237]]]},"properties":{"h3_index":"8829a440a5fffff","station_count":1,"program_id":"smc","program":"SMC","resolution":8,"stations":[{"station_id":"{341C220A-05A5-4EB5-AC16-E3D90EF157BC}","station_name":"San Diego River ~0.4mi above Boulder Cr.","lat":32.97974,"lon":-116.742466,"county":"SAN DIEGO"}]}},{"type":"Feature","geometry":{"type":"Polygon","coordinates":[[[-116.74905235571995,32.95708587349003],[-116.744462142455,32.9605207298365],[-116.74563887204162,32.965512855386415],[-116.75140620096869,32.96706997511999],[-116.75599634039399,32.963634965945516],[-116.75481922476918,32.95864298987869],[-116.74905235571995,32.95708587349003]]]},"properties":{"h3_index":"8829a440e7fffff","station_count":1,"program_id":"smc","program":"SMC","resolution":8,"stations":[{"station_id":"{8D871DCF-2937-4059-9F76-138330E6A09A}","station_name":"San Diego River below El Capitan Truck Trail","lat":32.961986,"lon":-116.750772,"county":"SAN DIEGO"}]}},{"type":"Feature","geometry":{"type":"Polygon","coordinates":[[[-116.65228947566288,32.95897129354002],[-116.64769448596275,32.96240325913843],[-116.64886744242945,32.967397205831276],[-116.6546357758513,32.968959038595955],[-116.65923069389396,32.96552692008237],[-116.65805735020938,32.960533121732574],[-116.65228947566288,32.95897129354002]]]},"properties":{"h3_index":"8829a44137fffff","station_count":1,"program_id":"smc","program":"SMC","resolution":8,"stations":[{"station_id":"{99B05F9E-3832-4DC8-BA21-F4251648494A}","station_name":"Boulder Creek ~0.7mi above Boulder Cr. Rd.","lat":32.966755,"lon":-116.652751,"county":"SAN DIEGO"}]}},{"type":"Feature","geometry":{"type":"Polygon","coordinates":[[[-116.71808912321796,32.986118512149055],[-116.71349623119836,32.989552212768224],[-116.7146720481102,32.994544137017265],[-116.7204411436884,32.99610221163352],[-116.72503396252971,32.992668358294246],[-116.72385775900838,32.98767658307207],[-116.71808912321796,32.986118512149055]]]},"properties":{"h3_index":"8829a44195fffff","station_count":1,"program_id":"smc","program":"SMC","resolution":8,"stations":[{"station_id":"{4E49D190-85D4-4A7E-9CEB-395BB366506E}","station_name":"Cedar Creek ~1.5mi above San Diego R.","lat":32.992545,"lon":-116.717712,"county":"SAN DIEGO","huc8":"Cedar Creek"}]}},{"type":"Feature","geometry":{"type":"Polygon","coordinates":[[[-116.6519974519368,32.88873428662314],[-116.64740528281652,32.89216681424057],[-116.64857750430495,32.89716269689819],[-116.65434228169451,32.89872590338654],[-116.65893437925227,32.895293222516266],[-116.65776177102006,32.890297488423776],[-116.6519974519368,32.88873428662314]]]},"properties":{"h3_index":"8829a44327fffff","station_count":1,"program_id":"smc","program":"SMC","resolution":8,"stations":[{"station_id":"{138324E9-8E54-4C27-B8A7-BCE09C7E1E91}","station_name":"King Creek ~1.1mi below Grove Dr.","lat":32.894218,"lon":-116.658443,"county":"SAN DIEGO"}]}},{"type":"Feature","geometry":{"type":"Polygon","coordinates":[[[-116.6735220712787,33.07223291143711],[-116.6689235312615,33.07566456930676],[-116.67009849062369,33.080654962334165],[-116.67587237777457,33.08221354927776],[-116.68047084551074,33.07878173905489],[-116.67929549841435,33.07379149425497],[-116.6735220712787,33.07223291143711]]]},"properties":{"h3_index":"8829a44d5dfffff","station_count":1,"program_id":"smc","program":"SMC","resolution":8,"stations":[{"station_id":"{2BC80477-F23D-4FB5-B2BF-A5E954C3F8E2}","station_name":"San Diego River below Sentenac Cr.","lat":33.0767,"lon":-116.67455,"county":"SAN DIEGO","huc8":"Ritchie Creek-San Diego River"}]}},{"type":"Feature","geometry":{"type":"Polygon","coordinates":[[[-116.73197940826242,32.99921741971076],[-116.7273866627647,33.002651425731734],[-116.72856315950075,33.00764271779842],[-116.73433278830258,33.00919985471027],[-116.73892546029141,33.00576569604596],[-116.73774857702459,33.00077455312638],[-116.73197940826242,32.99921741971076]]]},"properties":{"h3_index":"8829a44e69fffff","station_count":1,"program_id":"smc","program":"SMC","resolution":8,"stations":[{"station_id":"{07C853B2-A7D2-4D83-A8B1-EFA0B7DD1463}","station_name":"San Diego River below Ritchie Cr.","lat":33.003129,"lon":-116.729186,"county":"SAN DIEGO"}]}},{"type":"Feature","geometry":{"type":"Polygon","coordinates":[[[-116.63081864211476,32.7753517755405],[-116.62623001506344,32.77878457548137],[-116.62740024131092,32.783783951143626],[-116.63315948087559,32.785350378199105],[-116.6377480369837,32.781917424437644],[-116.63657742450728,32.77691819745454],[-116.63081864211476,32.7753517755405]]]},"properties":{"h3_index":"8829a45121fffff","station_count":1,"program_id":"smc","program":"SMC","resolution":8,"stations":[{"station_id":"{01BE4790-E067-4701-9FAA-B01621538AFD}","station_name":"Pine Valley Creek ~2.3mi above Secret Cyn. Cr.","lat":32.781234,"lon":-116.632071,"county":"SAN DIEGO","huc8":"Middle Pine Valley Creek"}]}},{"type":"Feature","geometry":{"type":"Polygon","coordinates":[[[-116.64790236995808,32.733185965804154],[-116.64331626461465,32.73661959950633],[-116.64448672751521,32.74161978385524],[-116.65024368153502,32.743186185499624],[-116.65482971560316,32.739752397788386],[-116.65365886696372,32.73475236245504],[-116.64790236995808,32.733185965804154]]]},"properties":{"h3_index":"8829a4514dfffff","station_count":1,"program_id":"smc","program":"SMC","resolution":8,"stations":[{"station_id":"{88075F1B-1A82-4C6B-A64B-4EEB97A99AA7}","station_name":"Pine Valley Creek ~0.9mi below Espinosa Cr.","lat":32.735477,"lon":-116.652682,"county":"SAN DIEGO"}]}},{"type":"Feature","geometry":{"type":"Polygon","coordinates":[[[-116.63765378815934,32.75848643667716],[-116.63306617000246,32.761919570823466],[-116.63423649102778,32.766919270572494],[-116.63999481627974,32.76848568737473],[-116.64458236336043,32.7650523993325],[-116.64341165630232,32.760052848397194],[-116.63765378815934,32.75848643667716]]]},"properties":{"h3_index":"8829a45163fffff","station_count":1,"program_id":"smc","program":"SMC","resolution":8,"stations":[{"station_id":"{33E19C18-B05F-4B67-AF14-CFFA3AD6FE5C}","station_name":"Pine Valley Creek below Secret Cyn. Cr.","lat":32.76142,"lon":-116.642572,"county":"SAN DIEGO"}]}},{"type":"Feature","geometry":{"type":"Polygon","coordinates":[[[-116.73459477198524,32.826920830219336],[-116.73000910097029,32.83035629626002],[-116.73118392057106,32.83535226851371],[-116.7369447965546,32.83691262500567],[-116.74153039422401,32.83347700549485],[-116.74035518929252,32.82848118297541],[-116.73459477198524,32.826920830219336]]]},"properties":{"h3_index":"8829a45193fffff","station_count":1,"program_id":"smc","program":"SMC","resolution":8,"stations":[{"station_id":"{9AF14990-17BA-4425-A103-FB3BB90ED1C1}","station_name":"Viejas Creek (SMC Code SMC14218)","lat":32.829985,"lon":-116.736039,"county":"SAN DIEGO","waterbody":"Viejas Creek"}]}},{"type":"Feature","geometry":{"type":"Polygon","coordinates":[[[-116.86236918354241,32.842758670130856],[-116.85778910560882,32.84619777848412],[-116.85896908119382,32.8511908290021],[-116.86472951864262,32.852744620000756],[-116.8693095203353,32.84930535838655],[-116.8681291608574,32.844312459047714],[-116.86236918354241,32.842758670130856]]]},"properties":{"h3_index":"8829a45425fffff","station_count":1,"program_id":"smc","program":"SMC","resolution":8,"stations":[{"station_id":"{D6B7DD8E-F83A-4F01-BC9C-A833198629FB}","station_name":"Coches Creek, Los (SMC Code SMC11430)","lat":32.848374,"lon":-116.860048,"county":"SAN DIEGO","waterbody":"Los Coches Creek"}]}},{"type":"Feature","geometry":{"type":"Polygon","coordinates":[[[-116.97250799395134,32.80699825308954],[-116.96793475296376,32.8104408636976],[-116.96911864986266,32.815432721532616],[-116.97487617010033,32.816981816191635],[-116.97944933242238,32.813539052270244],[-116.97826505320973,32.80854734701612],[-116.97250799395134,32.80699825308954]]]},"properties":{"h3_index":"8829a45689fffff","station_count":1,"program_id":"smc","program":"SMC","resolution":8,"stations":[{"station_id":"{AEC8DD1F-8F5A-4F26-83F3-5D156FAE935E}","station_name":"Forester Creek above Veron Way","lat":32.811821,"lon":-116.973235,"county":"SAN DIEGO"}]}},{"type":"Feature","geometry":{"type":"Polygon","coordinates":[[[-116.62786145305125,32.90089926268516],[-116.62326762473737,32.90433097445856],[-116.62443902478631,32.90932698879656],[-116.63020464030254,32.9108911431321],[-116.63479839758344,32.9074592781413],[-116.63362661041812,32.90246341204567],[-116.62786145305125,32.90089926268516]]]},"properties":{"h3_index":"8829a45897fffff","station_count":1,"program_id":"smc","program":"SMC","resolution":8,"stations":[{"station_id":"{F474F1B1-6673-4BE5-ABCF-EDA4658684EB}","station_name":"King Creek ~0.8mi above WF","lat":32.90475,"lon":-116.62501,"county":"SAN DIEGO","huc8":"Conejos Creek"}]}},{"type":"Feature","geometry":{"type":"Polygon","coordinates":[[[-116.52059227835943,32.85769383356275],[-116.51599501693833,32.86112269910891],[-116.51716176148584,32.86612195078632],[-116.52292615559787,32.86769218981517],[-116.52752334846143,32.86426317074526],[-116.52635621580737,32.85926406618364],[-116.52059227835943,32.85769383356275]]]},"properties":{"h3_index":"8829a4591bfffff","station_count":1,"program_id":"smc","program":"SMC","resolution":8,"stations":[{"station_id":"{E4A02975-C4E4-44CC-9FBE-31E42DAB4AB1}","station_name":"Pine Valley Creek below Noble Cyn. Cr.","lat":32.862159,"lon":-116.520376,"county":"SAN DIEGO","huc8":"Upper Pine Valley Creek"}]}},{"type":"Feature","geometry":{"type":"Polygon","coordinates":[[[-116.61705168110562,32.78564968662237],[-116.6124619742322,32.789081997639876],[-116.61363176656884,32.7940813594367],[-116.6193916522794,32.79564826174544],[-116.62398128850695,32.792215796944326],[-116.62281110970672,32.78721658363139],[-116.61705168110562,32.78564968662237]]]},"properties":{"h3_index":"8829a45a1bfffff","station_count":1,"program_id":"smc","program":"SMC","resolution":8,"stations":[{"station_id":"{73A3B123-DAB4-40CA-A2F4-CE8843033616}","station_name":"Pine Valley Creek ~3.8mi above Secret Cyn. Cr.","lat":32.791121,"lon":-116.616771,"county":"SAN DIEGO","huc8":"Middle Pine Valley Creek"}]}},{"type":"Feature","geometry":{"type":"Polygon","coordinates":[[[-117.02763223327307,33.265146176977346],[-117.02304322726556,33.268586732782445],[-117.02423406283287,33.273564742099694],[-117.03001428917914,33.275102043917414],[-117.0346032146376,33.27166133706285],[-117.0334119943368,33.266683479453114],[-117.02763223327307,33.265146176977346]]]},"properties":{"h3_index":"8829a46113fffff","station_count":1,"program_id":"smc","program":"SMC","resolution":8,"stations":[{"station_id":"{39E3297C-EAA1-429F-9F16-909473822B57}","station_name":"Keys Creek East of Shady Creek Lane","lat":33.269344,"lon":-117.031468,"county":"SAN DIEGO","huc8":"San Luis Rey - Escondido"}]}},{"type":"Feature","geometry":{"type":"Polygon","coordinates":[[[-117.28481647971624,33.38908466407435],[-117.28023524410952,33.39253175308626],[-117.28143741131599,33.39750104597231],[-117.28722119655592,33.39902309562278],[-117.29180234562342,33.39557585647523],[-117.29059979602863,33.39060671782576],[-117.28481647971624,33.38908466407435]]]},"properties":{"h3_index":"8829a464b7fffff","station_count":1,"program_id":"smc","program":"SMC","resolution":8,"stations":[{"station_id":"{BF298ED5-6E81-4DFF-9351-7F81F53DE4FE}","station_name":"Santa Margarita River ~2.5mi below De Luz Rd.","lat":33.397108,"lon":-117.283647,"county":"SAN DIEGO"}]}},{"type":"Feature","geometry":{"type":"Polygon","coordinates":[[[-117.1265233155675,33.09097992422935],[-117.12194625093811,33.09442482879872],[-117.12313910876755,33.09940579141107],[-117.12890941360104,33.10094169604151],[-117.13348639570256,33.09749663971308],[-117.13229315553635,33.09251583052622],[-117.1265233155675,33.09097992422935]]]},"properties":{"h3_index":"8829a470cbfffff","station_count":1,"program_id":"smc","program":"SMC","resolution":8,"stations":[{"station_id":"{C3E2875A-454C-4AA3-9276-2BE0FA97C94E}","station_name":"Escondido Creek above Harmony Grove","lat":33.099184,"lon":-117.130139,"county":"SAN DIEGO"}]}},{"type":"Feature","geometry":{"type":"Polygon","coordinates":[[[-117.1402523131639,33.08064424077165],[-117.13567634669488,33.084089630124154],[-117.13686962978522,33.08907060756952],[-117.14263926148041,33.09060604205721],[-117.14721514512786,33.087160500913086],[-117.1460214799396,33.08217967708581],[-117.1402523131639,33.08064424077165]]]},"properties":{"h3_index":"8829a472b1fffff","station_count":1,"program_id":"smc","program":"SMC","resolution":8,"stations":[{"station_id":"{FCB3C38A-B936-4FD4-B1A0-D88750DD4372}","station_name":"Escondido Creek ~1.1mi below Country Club Dr.","lat":33.088998,"lon":-117.137485,"county":"SAN DIEGO"}]}},{"type":"Feature","geometry":{"type":"Polygon","coordinates":[[[-117.24388062505183,33.0848713632774],[-117.23930964396246,33.08831974611685],[-117.24050699675958,33.09329852370097],[-117.24627571152983,33.0948287636635],[-117.25084660746293,33.0913802291846],[-117.24964887382014,33.08640160639547],[-117.24388062505183,33.0848713632774]]]},"properties":{"h3_index":"8829a47663fffff","station_count":1,"program_id":"smc","program":"SMC","resolution":8,"stations":[{"station_id":"{579A30AA-ADD6-468E-83B3-40471B9F53B5}","station_name":"San Marcos Creek ~1.6mi above El Camino Real","lat":33.090865,"lon":-117.244701,"county":"SAN DIEGO"}]}},{"type":"Feature","geometry":{"type":"Polygon","coordinates":[[[-116.89840717720725,33.086027800375554],[-116.89381905692399,33.08946602812683],[-116.89500296843367,33.09445165178211],[-116.90077538536414,33.09599889689533],[-116.90536342826606,33.09256051709311],[-116.90417913165646,33.08757504424174],[-116.89840717720725,33.086027800375554]]]},"properties":{"h3_index":"8829a47a61fffff","station_count":1,"program_id":"smc","program":"SMC","resolution":8,"stations":[{"station_id":"{DF6A4B7F-6FE1-411D-BFE8-D13688A02B30}","station_name":"Santa Ysabel Creek below Clevenger Cyn. Cr.","lat":33.089585,"lon":-116.903207,"county":"SAN DIEGO","huc8":"San Pasqual Valley-Santa Ysabel Creek"}]}},{"type":"Feature","geometry":{"type":"Polygon","coordinates":[[[-116.85014464692121,33.110431059281176],[-116.84555317358638,33.11386765500075],[-116.84673545208273,33.1188535420133],[-116.85250958980525,33.120402683156044],[-116.85710098681537,33.11696593544883],[-116.85591832246524,33.111980198599696],[-116.85014464692121,33.110431059281176]]]},"properties":{"h3_index":"8829a47b01fffff","station_count":1,"program_id":"smc","program":"SMC","resolution":8,"stations":[{"station_id":"{6A94F6A3-6F54-43B7-9EAF-6185B695B210}","station_name":"Santa Ysabel Creek below Temescal Cr.","lat":33.117781,"lon":-116.854448,"county":"SAN DIEGO"}]}},{"type":"Feature","geometry":{"type":"Polygon","coordinates":[[[-116.68202848846111,32.648829862876084],[-116.67744742125225,32.6522651465705],[-116.67861835454936,32.657266932975645],[-116.68437073985274,32.65883328601116],[-116.68895173512496,32.65539784792917],[-116.6877804170673,32.650396211212396],[-116.68202848846111,32.648829862876084]]]},"properties":{"h3_index":"8829a4c9a9fffff","station_count":1,"program_id":"smc","program":"SMC","resolution":8,"stations":[{"station_id":"{ADD7EE59-F0B9-4EF3-A192-8A96B851DB2E}","station_name":"Cottonwood Creek ~0.6mi below Bob Owens Cyn. Cr.","lat":32.656651,"lon":-116.680563,"county":"SAN DIEGO"}]}},{"type":"Feature","geometry":{"type":"Polygon","coordinates":[[[-116.86803555678758,32.638499628427574],[-116.86346395066516,32.641940441685406],[-116.86464203588211,32.646938887541516],[-116.87039210971052,32.64849636824274],[-116.87496363973774,32.645055400734165],[-116.87378517206889,32.6400571067881],[-116.86803555678758,32.638499628427574]]]},"properties":{"h3_index":"8829a4cf17fffff","station_count":1,"program_id":"smc","program":"SMC","resolution":8,"stations":[{"station_id":"{80D6649B-08E8-44C1-B681-7D40624E8984}","station_name":"Jamul Creek below Dulzura Cr.","lat":32.647877,"lon":-116.869991,"county":"SAN DIEGO"}]}},{"type":"Feature","geometry":{"type":"Polygon","coordinates":[[[-116.881748208731,32.628176237524556],[-116.87717768583589,32.63161752625562],[-116.87835619849452,32.63661597855135],[-116.88410561630235,32.63817299002461],[-116.88867606280897,32.63473154700671],[-116.88749716793338,32.62973324681539],[-116.881748208731,32.628176237524556]]]},"properties":{"h3_index":"8829a4cf1bfffff","station_count":1,"program_id":"smc","program":"SMC","resolution":8,"stations":[{"station_id":"{B9722E42-B415-48BA-BDED-78C668F9C849}","station_name":"Jamul creek below Otay Lakes Rd.","lat":32.634814,"lon":-116.885413,"county":"SAN DIEGO"}]}},{"type":"Feature","geometry":{"type":"Polygon","coordinates":[[[-117.77464585176126,33.5539721695436],[-117.77008274566855,33.55743214650117],[-117.77130564503676,33.56238653659248],[-117.77709202785377,33.56388079055473],[-117.78165503611243,33.56042066496889],[-117.78043175942733,33.55546643406163],[-117.77464585176126,33.5539721695436]]]},"properties":{"h3_index":"8829a54811fffff","station_count":1,"program_id":"smc","program":"SMC","resolution":8,"stations":[{"station_id":"{5BCEDC5A-1D4F-4E3C-AAC1-19BE49D18392}","station_name":"Laguna Canyon ~1.5mi above Mouth","lat":33.559753,"lon":-117.772006,"county":"ORANGE","huc8":"Salt Creek-Frontal Gulf of Santa Catalina"}]}},{"type":"Feature","geometry":{"type":"Polygon","coordinates":[[[-117.71588332868905,33.557337962251964],[-117.71131707830031,33.56079620973525],[-117.71253774856183,33.565751730264886],[-117.71832504734022,33.56724884480688],[-117.72289120120918,33.56379044861638],[-117.72167015285865,33.558835086603686],[-117.71588332868905,33.557337962251964]]]},"properties":{"h3_index":"8829a54825fffff","station_count":1,"program_id":"smc","program":"SMC","resolution":8,"stations":[{"station_id":"{3D77E3E3-6830-4E3D-B6DB-CDF239ECF1D7}","station_name":"Aliso Creek ~0.7mi above Aliso Cr. Rd.","lat":33.56418,"lon":-117.717926,"county":"ORANGE","huc8":"Aliso Creek"}]}},{"type":"Feature","geometry":{"type":"Polygon","coordinates":[[[-117.74295051214354,33.513301721798605],[-117.73838743140838,33.51676112169536],[-117.73960866792957,33.521717369909034],[-117.74539336267362,33.52321405926525],[-117.74995634635671,33.51975451049702],[-117.74873473238692,33.514798421256614],[-117.74295051214354,33.513301721798605]]]},"properties":{"h3_index":"8829a5484dfffff","station_count":1,"program_id":"smc","program":"SMC","resolution":8,"stations":[{"station_id":"{6814FA0F-AE91-4FFA-9E82-245C689A75CC}","station_name":"Aliso Creek ~1mi above mouth (SMC)","lat":33.516368,"lon":-117.740624,"county":"ORANGE"}]}},{"type":"Feature","geometry":{"type":"Polygon","coordinates":[[[-117.736266274156,33.530132674468874],[-117.7317021693455,33.533591740720325],[-117.73292333071004,33.538547635048786],[-117.73870897457084,33.54004430429869],[-117.7432729824504,33.53658508924448],[-117.7420514434392,33.53162935375572],[-117.736266274156,33.530132674468874]]]},"properties":{"h3_index":"8829a5486bfffff","station_count":1,"program_id":"smc","program":"SMC","resolution":8,"stations":[{"station_id":"{C062A5B5-6685-4540-8C5C-8C5D56AD2955}","station_name":"Aliso Creek ~0.8mi below Wood Cyn. Cr.","lat":33.531543,"lon":-117.741447,"county":"ORANGE"}]}},{"type":"Feature","geometry":{"type":"Polygon","coordinates":[[[-117.67415665656003,33.54189228117875],[-117.66958890184749,33.54534944849941],[-117.67080779428753,33.55030629329392],[-117.67659481999544,33.55180581267583],[-117.68116247915259,33.548348496509085],[-117.67994320819628,33.543391809819155],[-117.67415665656003,33.54189228117875]]]},"properties":{"h3_index":"8829a54947fffff","station_count":1,"program_id":"smc","program":"SMC","resolution":8,"stations":[{"station_id":"{53AD1FA4-85E6-4019-9C6C-F46F341F5F91}","station_name":"Oso Creek ~0.5mi below Crown Valley Pkwy","lat":33.550524,"lon":-117.675428,"county":"ORANGE"}]}},{"type":"Feature","geometry":{"type":"Polygon","coordinates":[[[-117.66653787367909,33.48885698593587],[-117.66197188078237,33.4923143771401],[-117.66318990544282,33.49727293484423],[-117.66897430129575,33.4987739431526],[-117.67354019889818,33.49531640284023],[-117.67232179598096,33.49035800334026],[-117.66653787367909,33.48885698593587]]]},"properties":{"h3_index":"8829a54b65fffff","station_count":1,"program_id":"smc","program":"SMC","resolution":8,"stations":[{"station_id":"{7CBB3BED-FE44-43F0-93C6-D24D354DF07E}","station_name":"San Juan Creek above Arroyo Trabuco","lat":33.490389,"lon":-117.665322,"county":"ORANGE"}]}},{"type":"Feature","geometry":{"type":"Polygon","coordinates":[[[-118.12460964590456,33.805718191185356],[-118.12005441021694,33.80918611547303],[-118.1212935174434,33.8141255733436],[-118.1270882348885,33.81559694478915],[-118.13164336443226,33.81212887366047],[-118.1304038827147,33.80718957793958],[-118.12460964590456,33.805718191185356]]]},"properties":{"h3_index":"8829a56a03fffff","station_count":1,"program_id":"smc","program":"SMC","resolution":8,"stations":[{"station_id":"{3834710F-6281-4259-BFF5-E448FDBCDB1F}","station_name":"Cerritos Channel d/s of LB Airport","lat":33.81024,"lon":-118.1282,"county":"LOS ANGELES","huc8":"Colorado Lagoon-Frontal Alamitos Bay"}]}},{"type":"Feature","geometry":{"type":"Polygon","coordinates":[[[-118.32748791218171,33.92170289617159],[-118.32293858718482,33.925175628515916],[-118.3241867449872,33.930107175829434],[-118.32998460043945,33.93156582687699],[-118.33453381452205,33.928092948616666],[-118.33328528410695,33.92316156523698],[-118.32748791218171,33.92170289617159]]]},"properties":{"h3_index":"8829a56e85fffff","station_count":1,"program_id":"smc","program":"SMC","resolution":8,"stations":[{"station_id":"{81B918F7-923B-4200-BDB7-EED13DF4ACE6}","station_name":"Dominguez Channel at Jack Northrop Field Hawthorn Municipal Airport","lat":33.923857,"lon":-118.330647,"county":"LOS ANGELES","huc8":"Upper Dominguez Channel"}]}},{"type":"Feature","geometry":{"type":"Polygon","coordinates":[[[-116.49306796212376,32.901688333031295],[-116.48846760080693,32.905116016413665],[-116.48963371349849,32.91011459011995],[-116.49540057627875,32.911685333806254],[-116.50000086960745,32.90825749708721],[-116.49883436818088,32.90325907003194],[-116.49306796212376,32.901688333031295]]]},"properties":{"h3_index":"8829a696d3fffff","station_count":1,"program_id":"smc","program":"SMC","resolution":8,"stations":[{"station_id":"{FB36C197-BFB3-41B0-B452-2AEC652D42C2}","station_name":"Indian creek ~1.2mi above Deer Park Rd.","lat":32.902824,"lon":-116.493371,"county":"SAN DIEGO"}]}},{"type":"Feature","geometry":{"type":"Polygon","coordinates":[[[-116.63221557034987,33.126502337041714],[-116.62761282739748,33.129932298452985],[-116.62878672533289,33.13492196896591],[-116.6345637548614,33.136481530511524],[-116.63916642639954,33.13305141696441],[-116.63799213986071,33.12806189402086],[-116.63221557034987,33.126502337041714]]]},"properties":{"h3_index":"8829a6b2c1fffff","station_count":1,"program_id":"smc","program":"SMC","resolution":8,"stations":[{"station_id":"{CB0B1895-039F-4C6F-9861-14539145247F}","station_name":"Santa Ysabel Creek ~2mi below Dan Price Cr.","lat":33.129743,"lon":-116.635916,"county":"SAN DIEGO"}]}},{"type":"Feature","geometry":{"type":"Polygon","coordinates":[[[-116.80945767019708,33.25821317118371],[-116.80485821442947,33.261647299602295],[-116.80604044006195,33.26662980496104],[-116.81182250885685,33.26817803270607],[-116.81642188902231,33.26474375295655],[-116.81523927603267,33.25976139680619],[-116.80945767019708,33.25821317118371]]]},"properties":{"h3_index":"8829a6b6b3fffff","station_count":1,"program_id":"smc","program":"SMC","resolution":8,"stations":[{"station_id":"{2AF6FAB7-B706-4AE0-A7FF-58350BF4FCCF}","station_name":"San Luis Rey River ~0.5mi above Lusardi Cyn.","lat":33.2645,"lon":-116.8131,"county":"SAN DIEGO"}]}},{"type":"Feature","geometry":{"type":"Polygon","coordinates":[[[-119.30512778606827,34.54829127022298],[-119.30060553317148,34.55178601916474],[-119.30189788325801,34.55667585728386],[-119.30771284989075,34.55807077462968],[-119.31223496868165,34.55457588483907],[-119.31094225498765,34.54968621856302],[-119.30512778606827,34.54829127022298]]]},"properties":{"h3_index":"8829acd003fffff","station_count":1,"program_id":"smc","program":"SMC","resolution":8,"stations":[{"station_id":"{7E67CBC0-7879-4C97-9460-320CCCCD7B01}","station_name":"Tule Creek 875","lat":34.55668,"lon":-119.30629,"county":"VENTURA","waterbody":"Tule Creek"}]}},{"type":"Feature","geometry":{"type":"Polygon","coordinates":[[[-119.26377406134407,34.55668384758326],[-119.25924919032957,34.5601773687258],[-119.26054008442532,34.56506789307584],[-119.26635621380926,34.56646472490847],[-119.27088095161696,34.562971062850906],[-119.26958969328943,34.558080709887314],[-119.26377406134407,34.55668384758326]]]},"properties":{"h3_index":"8829acd025fffff","station_count":2,"program_id":"smc","program":"SMC","resolution":8,"stations":[{"station_id":"{395BB2D6-85E5-4725-AEF0-4506EE8D6B54}","station_name":"Sespe Creek 5291","lat":34.56397,"lon":-119.26305,"county":"VENTURA"},{"station_id":"{6C4B432B-D049-4A58-B242-B977D1F0A9F8}","station_name":"Sespe Creek Site 1195","lat":34.55903,"lon":-119.2678,"county":"VENTURA","huc8":"Tule Creek-Sespe Creek"}]}},{"type":"Feature","geometry":{"type":"Polygon","coordinates":[[[-119.34455202364,34.59436899973864],[-119.34003005673006,34.59786442713438],[-119.3413244266435,34.60275185374964],[-119.34714112687627,34.6041436809165],[-119.35166295869202,34.600648112980274],[-119.35036822541126,34.59576085842921],[-119.34455202364,34.59436899973864]]]},"properties":{"h3_index":"8829acd087fffff","station_count":1,"program_id":"smc","program":"SMC","resolution":8,"stations":[{"station_id":"{C9898636-4240-4DCE-ADDF-CA0EADC7BB35}","station_name":"Sespe","lat":34.59835,"lon":-119.34799,"county":"VENTURA"}]}},{"type":"Feature","geometry":{"type":"Polygon","coordinates":[[[-119.2392212819159,34.54620166534187],[-119.23469549141304,34.54969459700014],[-119.2359853397242,34.55458602875502],[-119.24180134308021,34.55598435768751],[-119.2463270009477,34.55249128500549],[-119.24503678813645,34.54760002442634],[-119.2392212819159,34.54620166534187]]]},"properties":{"h3_index":"8829acd155fffff","station_count":1,"program_id":"smc","program":"SMC","resolution":8,"stations":[{"station_id":"{95C5DEE5-3F5D-4D94-AF93-710A4AC4378A}","station_name":"Sespe Creek (06139)","lat":34.55464,"lon":-119.240503,"county":"VENTURA"}]}},{"type":"Feature","geometry":{"type":"Polygon","coordinates":[[[-119.2463270009477,34.55249128500549],[-119.24180134308021,34.55598435768751],[-119.24309153208524,34.56087542146227],[-119.24890774344362,34.56227324134265],[-119.25343326850258,34.55878002768303],[-119.25214271505357,34.55388913513224],[-119.2463270009477,34.55249128500549]]]},"properties":{"h3_index":"8829acd157fffff","station_count":1,"program_id":"smc","program":"SMC","resolution":8,"stations":[{"station_id":"{EA499F9E-1F98-419F-A81D-4071C8E5FF4D}","station_name":"Sespe Creek Jacinto Reyes Scenic Byway~0.4mi W Beaver Cmp.","lat":34.55734,"lon":-119.24876,"county":"VENTURA"}]}},{"type":"Feature","geometry":{"type":"Polygon","coordinates":[[[-119.2114321504021,34.544097270267294],[-119.20690492128246,34.547589445152745],[-119.20819369932906,34.55248158662685],[-119.21401007140497,34.55388138232852],[-119.2185371685128,34.55038906634072],[-119.21724802559838,34.54549709576521],[-119.2114321504021,34.544097270267294]]]},"properties":{"h3_index":"8829acd16bfffff","station_count":1,"program_id":"smc","program":"SMC","resolution":8,"stations":[{"station_id":"{58C0A6C6-588A-4F87-AF11-23FF4B7E1B89}","station_name":"Howard Creek ~1.6mi N Route 6n31","lat":34.5515,"lon":-119.20811,"county":"VENTURA"}]}},{"type":"Feature","geometry":{"type":"Polygon","coordinates":[[[-119.30965420447039,34.58601092670461],[-119.30513065658563,34.58950545914652],[-119.30642361799912,34.59439396828299],[-119.31224049113281,34.59578777324841],[-119.31676390471948,34.592293100139564],[-119.31547057951252,34.587404762743795],[-119.30965420447039,34.58601092670461]]]},"properties":{"h3_index":"8829acd1dbfffff","station_count":1,"program_id":"smc","program":"SMC","resolution":8,"stations":[{"station_id":"{B49CCC69-09A8-43BE-A259-4A7AC368256A}","station_name":"Sespe Creek (06315)","lat":34.59223,"lon":-119.310339,"county":"VENTURA"}]}},{"type":"Feature","geometry":{"type":"Polygon","coordinates":[[[-119.40133844662097,34.520975947102755],[-119.39682261635816,34.524473609872494],[-119.3981182556341,34.52936209330517],[-119.40393008731624,34.53075274104555],[-119.4084457814048,34.5272549375485],[-119.40714978002745,34.522366627049834],[-119.40133844662097,34.520975947102755]]]},"properties":{"h3_index":"8829acd2d3fffff","station_count":1,"program_id":"smc","program":"SMC","resolution":8,"stations":[{"station_id":"{99512830-BD5F-4028-8598-0260F642C64B}","station_name":"Matilija Creek","lat":34.52216,"lon":-119.40402,"county":"VENTURA","huc8":"Matilija Creek"}]}},{"type":"Feature","geometry":{"type":"Polygon","coordinates":[[[-119.40455809480649,34.512589441547206],[-119.40004278503254,34.5160872678571],[-119.40133844662097,34.520975947102755],[-119.40714978002745,34.522366627049834],[-119.41166495357649,34.518868659982765],[-119.410368929986,34.51398015373723],[-119.40455809480649,34.512589441547206]]]},"properties":{"h3_index":"8829acd2dbfffff","station_count":1,"program_id":"smc","program":"SMC","resolution":8,"stations":[{"station_id":"{89D6D155-7022-46AA-9BFF-EA598153429C}","station_name":"Matilija Creek 1.7 miles upstream from Upper North Fork Matilija Creek.","lat":34.5196,"lon":-119.4054,"county":"VENTURA"}]}},{"type":"Feature","geometry":{"type":"Polygon","coordinates":[[[-119.11363752417797,34.64883486526876],[-119.10910064380379,34.652323324910206],[-119.11038695498742,34.65721430888143],[-119.11621051348953,34.65861666373945],[-119.12074726378475,34.6551280632263],[-119.11946058569869,34.65023724873857],[-119.11363752417797,34.64883486526876]]]},"properties":{"h3_index":"8829acd823fffff","station_count":1,"program_id":"smc","program":"SMC","resolution":8,"stations":[{"station_id":"{93E72F27-4FD1-4537-AF2C-12A6261822E0}","station_name":"Piru Creek ~1.9 miles upstream from Cedar Creek.","lat":34.65136,"lon":-119.1185,"county":"VENTURA"}]}},{"type":"Feature","geometry":{"type":"Polygon","coordinates":[[[-119.14146506759822,34.65095319508162],[-119.13692962221694,34.654442418149564],[-119.13821700878725,34.65933269415827],[-119.14404020731574,34.66073357734926],[-119.14857552199126,34.657244213487104],[-119.14728776888592,34.652354107239894],[-119.14146506759822,34.65095319508162]]]},"properties":{"h3_index":"8829acd83bfffff","station_count":1,"program_id":"smc","program":"SMC","resolution":8,"stations":[{"station_id":"{22D6B724-2BE5-495A-A54A-660EA0FB4369}","station_name":"Piru Creek Above Mutau Flat Road","lat":34.65926,"lon":-119.14255,"county":"VENTURA"}]}},{"type":"Feature","geometry":{"type":"Polygon","coordinates":[[[-119.08195164766244,34.632033648088225],[-119.07741372683877,34.63552137318202],[-119.07869864530993,34.64041363169147],[-119.08452185187097,34.64181799589653],[-119.08905964336336,34.63833012977892],[-119.08777435766777,34.633438040491846],[-119.08195164766244,34.632033648088225]]]},"properties":{"h3_index":"8829acd951fffff","station_count":1,"program_id":"smc","program":"SMC","resolution":8,"stations":[{"station_id":"{9EA870CA-B1D3-4E40-8C93-9CE3601122FF}","station_name":"Piru Creek ~1.7mi Below Cedar Creek","lat":34.6408,"lon":-119.08094,"county":"VENTURA"}]}},{"type":"Feature","geometry":{"type":"Polygon","coordinates":[[[-119.14225370351164,34.55034010802247],[-119.1377224301294,34.55383028944552],[-119.1390086745783,34.558723821151574],[-119.14482655830848,34.5601270012841],[-119.14935770120523,34.55663667861668],[-119.14807109089911,34.551743317072784],[-119.14225370351164,34.55034010802247]]]},"properties":{"h3_index":"8829acda45fffff","station_count":1,"program_id":"smc","program":"SMC","resolution":8,"stations":[{"station_id":"{D6C20EA2-7806-43E2-9AAD-A6A537071888}","station_name":"Sespe Creek ~0.2 miles downstream from Trout Creek.","lat":34.55841,"lon":-119.1408,"county":"VENTURA"}]}},{"type":"Feature","geometry":{"type":"Polygon","coordinates":[[[-119.14935770120523,34.55663667861668],[-119.14482655830848,34.5601270012841],[-119.14611314387938,34.56502016574314],[-119.15193123819051,34.56642283733565],[-119.15646225042858,34.56293237346963],[-119.15517529905603,34.55803937922139],[-119.14935770120523,34.55663667861668]]]},"properties":{"h3_index":"8829acda47fffff","station_count":1,"program_id":"smc","program":"SMC","resolution":8,"stations":[{"station_id":"{5677FD05-02B4-45A1-98DA-2F179D4759CA}","station_name":"Sespe (upper) 02363","lat":34.558855,"lon":-119.154565,"county":"VENTURA","waterbody":"Sespe Creek"}]}},{"type":"Feature","geometry":{"type":"Polygon","coordinates":[[[-119.16681041878432,34.560843792416556],[-119.1622800585789,34.56433456550162],[-119.16356735102734,34.569227192281346],[-119.16938536931339,34.57062887561358],[-119.17391559846108,34.56713796139169],[-119.17262794042226,34.562245504986066],[-119.16681041878432,34.560843792416556]]]},"properties":{"h3_index":"8829acda55fffff","station_count":1,"program_id":"smc","program":"SMC","resolution":8,"stations":[{"station_id":"{FC4C790D-DF49-4A72-B4E4-774138EE00AD}","station_name":"Sespe Creek 07227","lat":34.56208,"lon":-119.16664,"county":"VENTURA"}]}},{"type":"Feature","geometry":{"type":"Polygon","coordinates":[[[-119.12865871081299,34.560810174613174],[-119.1241262648911,34.56429987817266],[-119.1254121183922,34.56919338270895],[-119.13123078396963,34.57059701371625],[-119.13576309968455,34.567107168926434],[-119.13447688007079,34.56221383437136],[-119.12865871081299,34.560810174613174]]]},"properties":{"h3_index":"8829acda61fffff","station_count":1,"program_id":"smc","program":"SMC","resolution":8,"stations":[{"station_id":"{10DFD836-86CC-4836-929A-D4215ABE9978}","station_name":"Sespe Creek 3643","lat":34.56213,"lon":-119.12891,"county":"VENTURA"}]}},{"type":"Feature","geometry":{"type":"Polygon","coordinates":[[[-116.57866225347685,32.66747912225897],[-116.57407544439823,32.67091121375896],[-116.5752425225939,32.67591449000476],[-116.58099679602772,32.67748552635659],[-116.58558353547008,32.674053280463895],[-116.58441607115171,32.66905015262531],[-116.57866225347685,32.66747912225897]]]},"properties":{"h3_index":"8848592457fffff","station_count":1,"program_id":"smc","program":"SMC","resolution":8,"stations":[{"station_id":"{67BCFDB2-D8BF-4099-9DAD-B0947983B638}","station_name":"Cottonwood Creek ~0.7mi below Hauser Cr.","lat":32.674548,"lon":-116.577779,"county":"SAN DIEGO"}]}}]}